name,pValue
None,0.12918708129187081
FirstBiopResponse,0.4026597340265973
SiteFirstBiopsy,0.3020697930206979
SiteFirstBiopsyResponse,0.41715828417158285
