name,pValue
None,9.999000099990002e-05
FirstBiopResponse,9.999000099990002e-05
SiteFirstBiopsy,9.999000099990002e-05
SiteFirstBiopsyResponse,9.999000099990002e-05
