name,pValue
None,9.999000099990002e-05
FirstBiopResponse,0.0007999200079992001
SiteFirstBiopsy,9.999000099990002e-05
SiteFirstBiopsyResponse,0.0012998700129987
