name,pValue
None,9.999000099990002e-05
FirstBiopResponse,0.00029997000299970003
SiteFirstBiopsy,9.999000099990002e-05
SiteFirstBiopsyResponse,0.0005999400059994001
