name,pValue
None,0.00019998000199980003
FirstBiopResponse,0.0064993500649935
SiteFirstBiopsy,9.999000099990002e-05
SiteFirstBiopsyResponse,0.0112988701129887
