"gene","cor","pval","FDR"
"CD83",0.43080956282941,0,0
"RASGEF1B",0.39130983415683,0,0
"PHLDA1",0.390533974859348,0,0
"GPR183",0.375179826487115,0,0
"RGCC",0.372537968926568,0,0
"FTH1",0.358328724072359,0,0
"CD74",0.357033729383112,0,0
"HLA-DRA",0.351773862479468,0,0
"HLA-DRB1",0.350398125791936,0,0
"B3GNT5",0.338294471473019,0,0
"MAFB",0.332751068734848,0,0
"RPS2",0.332111503349124,0,0
"YBX1",0.330815277757096,0,0
"ATP2B1",0.328399798177573,0,0
"EEF1A1",0.327003966259574,0,0
"SGK1",0.325334306829317,0,0
"PHACTR1",0.324541531544716,0,0
"GADD45B",0.324455564814299,0,0
"RPL15",0.324137689021585,0,0
"HLA-DPA1",0.321243532549108,0,0
"HLA-DPB1",0.319417325095461,0,0
"ID2",0.316513710473951,0,0
"TPM4",0.312958888740664,0,0
"RPL10",0.298621913309777,0,0
"ATP13A3",0.298573787058682,0,0
"EGR3",0.29668147784031,0,0
"PPP1R15A",0.296342623952716,0,0
"DUSP2",0.293694794399981,0,0
"JUND",0.293649204537717,0,0
"CCL3L1",0.293428390148292,0,0
"IRF2BP2",0.292575969589901,0,0
"EIF1",0.290908082636177,0,0
"RPLP0",0.289785778255294,0,0
"RPL3",0.287676185305498,0,0
"RPL27A",0.287326690081622,0,0
"BHLHE40",0.286751989105809,0,0
"PPIF",0.284923316531918,0,0
"CCL3",0.28310641256317,0,0
"RPS16",0.28243717985839,0,0
"METRNL",0.281234045714402,0,0
"IFI30",0.279549076858247,0,0
"NEAT1",0.279243494143714,0,0
"HLA-DMA",0.278773420557868,0,0
"INSIG1",0.278111241871991,0,0
"CTSL",0.277660248824717,0,0
"CXCL2",0.277463535374207,0,0
"NR4A1",0.275107821769797,0,0
"EMP1",0.27206836162531,0,0
"ZEB2",0.271589859138554,0,0
"RPL10A",0.271480369498761,0,0
"SLC25A6",0.271069610319442,0,0
"TPT1",0.270794561607516,0,0
"ATP2B1-AS1",0.270514992915459,0,0
"RPS6",0.270468866222617,0,0
"RPS4X",0.26952927796102,0,0
"MAP3K8",0.269363549291077,0,0
"CDKN1A",0.269190405514836,0,0
"MTSS1",0.267495239989159,0,0
"PPIA",0.266943332868323,0,0
"PLAUR",0.266552380625044,0,0
"RPL36A",0.266475720443518,0,0
"KDM6B",0.263752360424599,0,0
"RPS18",0.263728533819074,0,0
"RACK1",0.263084636959686,0,0
"LINC-PINT",0.261532277392319,0,0
"HLA-DQB1",0.26072803746376,0,0
"ARF6",0.260176201345641,0,0
"ITGAX",0.259153028639697,0,0
"HBEGF",0.255983456888239,0,0
"RPL7A",0.255400607462773,0,0
"PTMA",0.255147599802207,0,0
"THBD",0.252321345425628,0,0
"AHR",0.251222935743281,0,0
"LGALS3",0.250958512377824,0,0
"CD300E",0.250644782586575,0,0
"IER3",0.249527498380596,0,0
"CD63",0.249238775735008,0,0
"RPL4",0.249144480012342,0,0
"RPL23A",0.248977223998705,0,0
"IL1B",0.248411906240873,0,0
"SRGN",0.2481906671238,0,0
"RPL14",0.246436729208604,0,0
"MAPK6",0.245571464082444,0,0
"NFKBID",0.245059819530432,0,0
"MARCKS",0.244619257602755,0,0
"NFKBIA",0.243233154469346,0,0
"CSRNP1",0.243215159382006,0,0
"ARL4C",0.242929830031019,0,0
"KLF10",0.242003773378965,0,0
"LUCAT1",0.241855279257486,0,0
"LMNA",0.240121480063193,0,0
"CD44",0.239571294588163,0,0
"CXCL16",0.239523562710511,0,0
"BTF3",0.239492608128108,0,0
"BZW1",0.23949246726028,0,0
"EIF4A1",0.239279926214177,0,0
"NPC2",0.23883902541042,0,0
"HAVCR2",0.237990544336918,0,0
"ZBTB43",0.237696555588953,0,0
"SERTAD1",0.236530654486148,0,0
"RAP2B",0.235504223074812,0,0
"JARID2",0.235053259890726,0,0
"CEBPB",0.234822773496566,0,0
"RPL5",0.23405467914543,0,0
"RPS23",0.230998246987549,0,0
"PLEK",0.230972035828748,0,0
"RPS8",0.230837113816335,0,0
"MIR222HG",0.230753998573433,0,0
"RPL35",0.230229230533066,0,0
"RPL6",0.229920639992226,0,0
"HMGA1",0.229674968990795,0,0
"HNRNPA1",0.229192910398393,0,0
"FUS",0.229169999876067,0,0
"P2RX4",0.228211380750851,0,0
"RPL37A",0.22664988631016,0,0
"TRIB1",0.225578897571795,0,0
"RPS25",0.225081933345404,0,0
"RIPK2",0.22455423767349,0,0
"EEF1B2",0.224006024872503,0,0
"EIF5",0.223077946597719,0,0
"CTNNB1",0.221385651911578,0,0
"ZNF331",0.221287930028394,0,0
"RPS5",0.221281335180116,0,0
"CPVL",0.221067407908984,0,0
"YBX3",0.220861341358,0,0
"RPS3A",0.220511479362345,0,0
"ATP6V1F",0.219309336928164,0,0
"ZFP36",0.218823776268994,0,0
"PNP",0.218822611718513,0,0
"MIDN",0.218332825549295,0,0
"ETS2",0.217653601330383,0,0
"GRASP",0.217053434878544,0,0
"HSP90AB1",0.216028321486665,0,0
"CCR1",0.214692260711432,0,0
"PLK3",0.214561370519473,0,0
"TIMP1",0.214259079634173,0,0
"NME2",0.21412446894803,0,0
"CCL4",0.213732635463256,0,0
"RPL18A",0.213126173984955,0,0
"MAFF",0.212671941472469,0,0
"GNA13",0.212452427660799,0,0
"SFPQ",0.211342941064439,0,0
"OTUD1",0.211325866180939,0,0
"PABPC4",0.210326525932969,0,0
"FOSB",0.210315942221999,0,0
"CLEC7A",0.210087154500538,0,0
"EGR2",0.209710083346083,0,0
"RPL29",0.209556770184395,0,0
"REL",0.208682350472033,0,0
"FAM133B",0.208530717615344,0,0
"GABARAPL1",0.208431544872298,0,0
"RPSA",0.208381604754003,0,0
"NPM1",0.207842141728205,0,0
"BCL2A1",0.207377546765512,0,0
"ANKRD28",0.206685878681575,0,0
"EAF1",0.206497441935213,0,0
"LCP2",0.206289107291813,0,0
"SLC43A2",0.205556086390991,0,0
"TUBB6",0.2053562112683,0,0
"KLF3",0.204791522868985,0,0
"SPAG9",0.204199121672218,0,0
"NAP1L1",0.204140822073996,0,0
"PID1",0.203552313500046,0,0
"RPL38",0.203487614116339,0,0
"S100A10",0.203027793903432,0,0
"HLA-DQA1",0.202383654772675,0,0
"PRDM1",0.201115116667611,0,0
"NLRP3",0.2009224406734,0,0
"DDX21",0.200283572124054,0,0
"NINJ1",0.198847961823881,0,0
"ATF3",0.19842288455302,0,0
"EEF2",0.198281192583979,0,0
"GNAS",0.197985130839523,0,0
"ATF4",0.197864631674091,0,0
"TLE3",0.197415976664383,0,0
"FCER1G",0.196907037339134,0,0
"CSTB",0.196486845327214,0,0
"RPL9",0.196068744092374,0,0
"RPS19",0.195945204270913,0,0
"RPL26",0.195908958936187,0,0
"EMP3",0.195643986205403,0,0
"IER5",0.195599254573158,0,0
"DUSP6",0.194935761120353,0,0
"CXXC5",0.194000820933438,0,0
"RBM39",0.193771811868226,0,0
"ACTG1",0.193729879876291,0,0
"RPL13A",0.193305221112923,0,0
"SRSF5",0.19298786519119,0,0
"PRELID1",0.192855965060935,0,0
"ETF1",0.192600431400441,0,0
"RPL13",0.192452901091008,0,0
"SH3BGRL3",0.19243446696059,0,0
"DSE",0.191165379039504,0,0
"CD4",0.19116449040562,0,0
"FOSL2",0.190235962036945,0,0
"PFN1",0.18855912810972,0,0
"RPL18",0.187587296054091,0,0
"RPL37",0.187014346118671,0,0
"RPS11",0.186787384459854,0,0
"RPS20",0.186078134743517,0,0
"EEF1G",0.185912952703901,0,0
"STARD4",0.185483566352618,0,0
"ANXA2",0.185303799451017,0,0
"G0S2",0.185173765900486,0,0
"GAS5",0.184123427142979,0,0
"CCDC71L",0.183620628253378,0,0
"SLC25A5",0.182947454500545,0,0
"RPL22",0.182475859710498,0,0
"H3F3B",0.182300337364192,0,0
"ZBTB7A",0.182182995961025,0,0
"FABP5",0.181525486599685,0,0
"NACA",0.181017187858527,0,0
"RPL31",0.18101337277732,0,0
"HLA-DMB",0.180989262970617,0,0
"PTPRE",0.180494485218278,0,0
"ZMIZ1",0.179922912735802,0,0
"EHD4",0.179786907462653,0,0
"RPL19",0.1797574453534,0,0
"ANXA5",0.179143679512673,0,0
"PCBP2",0.179123958363779,0,0
"CCL2",0.178824179353831,0,0
"HMOX1",0.177951468890301,0,0
"HLA-DRB5",0.177788649566141,0,0
"RPL24",0.177178438654448,0,0
"RBM3",0.17621435415002,0,0
"CFL1",0.175920818004911,0,0
"NRROS",0.175912224893399,0,0
"RPL32",0.175420831683931,0,0
"RPS29",0.175124822164403,0,0
"ITGA4",0.175123426979431,0,0
"MALAT1",0.175071414641608,0,0
"BID",0.174868130644445,0,0
"CSF1R",0.174655974487632,0,0
"EIF5A",0.173911249098058,0,0
"GSTP1",0.173529317557094,0,0
"CLIC1",0.173445086519293,0,0
"SNX9",0.173308081885436,0,0
"PIM3",0.173163784640477,0,0
"RPL23",0.173054982920765,0,0
"FCGRT",0.172165418331817,0,0
"MIR22HG",0.172112787823972,0,0
"NR4A2",0.171889161331932,0,0
"RPS3",0.171829011410467,0,0
"EIF4G2",0.171549238954171,0,0
"RPL17",0.171513423224701,0,0
"TTYH3",0.171334960870512,0,0
"XIST",0.171009528641487,0,0
"ATP1B3",0.170863948315511,0,0
"ADGRE2",0.170805787791751,0,0
"RABGEF1",0.170791410863351,0,0
"ARL4A",0.170433728468861,0,0
"RPS14",0.170270018607905,0,0
"APOBEC3A",0.170080296520846,0,0
"SH3BP5",0.170012836597437,0,0
"LHFPL2",0.169827107769828,0,0
"JOSD1",0.169689622032971,0,0
"EGR1",0.16927575111681,0,0
"CXCL8",0.169138007367246,0,0
"RNH1",0.169096158611276,0,0
"PPIB",0.168805105638253,0,0
"MARCKSL1",0.168709033199847,0,0
"KLF4",0.168471765019346,0,0
"TREM1",0.167738444934743,0,0
"SPI1",0.167536608096948,0,0
"PDIA3",0.166945736764314,0,0
"CD99",0.166760216910992,0,0
"PNRC1",0.166704361128705,0,0
"RPS13",0.165934898190103,0,0
"SNHG29",0.165666945687706,0,0
"SEPTIN9",0.165649988402503,0,0
"LAPTM5",0.164330770036024,0,0
"AL133330.1",0.163878331621197,0,0
"CDC42",0.163825173277316,0,0
"RGS10",0.163756478957201,0,0
"CALR",0.163652312803245,0,0
"SUB1",0.163625073898324,0,0
"GPX4",0.162914657145767,9.88131291682493e-324,2.32210853545386e-322
"NABP1",0.162875120370033,1.97626258336499e-323,4.59481050632359e-322
"SLC3A2",0.162195700737565,7.03549479677935e-321,1.62898384090317e-319
"TPM3",0.162015825760651,3.65509764793354e-320,8.40548942613254e-319
"PI4K2A",0.161417483382574,8.67794686718816e-318,1.98886777900046e-316
"HSP90AA1",0.161390250473305,1.1125389975679e-317,2.54117437723912e-316
"SET",0.161150984373895,9.85101285889678e-317,2.23498986601282e-315
"PSME2",0.161081851530948,1.84874424017336e-316,4.180387896746e-315
"RPL36AL",0.160657211411155,8.7795452617909e-315,1.97861685048511e-313
"SAT1",0.160568630266754,1.96167873386842e-314,4.40628236532477e-313
"RPL36",0.160435815801207,6.54269417440408e-314,1.46474024215961e-312
"ICAM1",0.160151819365566,8.56708043505447e-313,1.91161817892432e-311
"TUBA1C",0.160010189431492,3.08421632275105e-312,6.85933768359215e-311
"MYADM",0.159879297703041,1.00650963010026e-311,2.23115134724846e-310
"BTG1",0.159707868628698,4.7305109478078e-311,1.04519557248786e-309
"PLEKHG2",0.1596632078572,7.07745015026796e-311,1.55865278390755e-309
"RPS17",0.159492548567646,3.2960960192933e-310,7.23535882676688e-309
"ABCA1",0.158964414867315,3.80944770894106e-308,8.33517021364093e-307
"RPL8",0.15867915214745,4.92145651634125e-307,1.07335379054785e-305
"PPDPF",0.158633368976063,7.41729057210299e-307,1.61248558064271e-305
"EZR",0.158442250321708,4.10528986628862e-306,8.89611050832607e-305
"UBC",0.158201140641801,3.54383314990188e-305,7.65490604680083e-304
"NOP53",0.157835574326182,9.246164774701e-304,1.990870065024e-302
"EIF3F",0.157711830711675,2.7839501057298e-303,5.97532909994895e-302
"UCP2",0.157536505007081,1.32504595806518e-302,2.83501130458187e-301
"SNRPB",0.157332936866538,8.09011746160219e-302,1.72546637722058e-300
"SKIL",0.157329866741496,8.31374325440482e-302,1.76758547619594e-300
"UBE2D3",0.157293821827867,1.14500486834912e-301,2.4267642366484e-300
"MAPKAPK2",0.157178411338531,3.18914546927451e-301,6.71707555070559e-300
"YWHAE",0.15711422533857,5.63560593609682e-301,1.18330222776244e-299
"ARPC2",0.157080149003525,7.62379453655213e-301,1.59580417528263e-299
"RPLP2",0.157039741323377,1.09080103067225e-300,2.27620548406638e-299
"NFKBIZ",0.156689079226364,2.43261283690614e-299,5.06058319702228e-298
"EIF4E",0.15594543136914,1.71793592679444e-296,3.56287263836111e-295
"RANBP2",0.155754878804811,9.17765422523415e-296,1.89755719317456e-294
"BACH1",0.155559546150054,5.10203767043193e-295,1.05167306981068e-293
"KLF11",0.155243183574148,8.17134224758412e-294,1.6792232503318e-292
"CHCHD2",0.155239488703212,8.44007743774328e-294,1.72919283504795e-292
"RPL12",0.155122702058769,2.34612327080393e-293,4.79218714015268e-292
"MEF2D",0.155039103749076,4.87487402296943e-293,9.9274166473784e-292
"TLNRD1",0.15489872186327,1.66306255845489e-292,3.37656635366771e-291
"ITGB1",0.154877393903957,2.00370462035264e-292,4.05600207730665e-291
"HNRNPC",0.154730278322718,7.23968035181214e-292,1.46111877189856e-290
"SRC",0.15467703241373,1.15212464600143e-291,2.318307955838e-290
"USP12",0.154303406686196,2.98772873499638e-290,5.9940753641871e-289
"B4GALT1",0.154207366719015,6.8895146998441e-290,1.37810677176467e-288
"ATP1A1",0.154125255200661,1.40677809149968e-289,2.80567158602636e-288
"TGIF1",0.15396397642773,5.71056694842899e-289,1.13556303348025e-287
"FBP1",0.153895014405575,1.03907638857889e-288,2.06017462263399e-287
"CSNK1A1",0.153792219709757,2.53471680944049e-288,5.01088314287344e-287
"PURB",0.153658803603713,8.05702068545572e-288,1.58814917942758e-286
"DOT1L",0.153564308213148,1.82652829094256e-287,3.58987144623915e-286
"MALT1",0.153487319995034,3.55675952617183e-287,6.97021772650659e-286
"PLIN2",0.153158238719442,6.11623641116981e-286,1.19514087791674e-284
"PNPLA8",0.153113682565139,8.98550950671887e-286,1.75075013760594e-284
"CTSB",0.152839343486802,9.57252482641613e-285,1.85976552733907e-283
"ZFP36L1",0.152734327718293,2.36500700784566e-284,4.58160813181791e-283
"SQLE",0.152503728316795,1.71943685144786e-283,3.31199787824472e-282
"PCBP1",0.152349565720339,6.46548697546719e-283,1.24185106366857e-281
"UQCRB",0.15224810873553,1.54464206436623e-282,2.95844900769974e-281
"AC020916.1",0.151950341500686,1.98320584273875e-281,3.78769906857533e-280
"HSPA5",0.151836431140628,5.25820801981029e-281,1.00142942033626e-279
"YWHAZ",0.151806457196793,6.79536631392558e-281,1.29054695641716e-279
"EIF3E",0.151783275761091,8.28577400528805e-281,1.56919098178578e-279
"CDV3",0.151775944764065,8.82196332281894e-281,1.66606966551896e-279
"WARS",0.151772372880258,9.09563627044568e-281,1.71296927087697e-279
"ZNF267",0.151740019234795,1.19948964916096e-280,2.25270819943813e-279
"RPL35A",0.151730371726696,1.3026350389693e-280,2.43964418240205e-279
"CORO1C",0.151652462463193,2.53544029598909e-280,4.73539001137632e-279
"PTGER2",0.151557643178883,5.6996910372646e-280,1.06158708272578e-278
"CCDC88A",0.151455241667561,1.36622561906099e-279,2.53765148639323e-278
"RPL27",0.151201757641036,1.18632572382835e-278,2.19746526542561e-277
"CAMK2D",0.151199759845209,1.20668939457901e-278,2.2290784144122e-277
"SNHG6",0.150879462193768,1.84216833060165e-277,3.39370574474053e-276
"SPHK1",0.150822238724032,2.99595741766427e-277,5.50425763609461e-276
"RPS9",0.150553375312083,2.93605332777808e-276,5.37958172062536e-275
"JUNB",0.150111991015606,1.23317520485433e-274,2.24730392453373e-273
"KLF6",0.149881753163396,8.6255233505767e-274,1.56766568207659e-272
"IGSF6",0.149771407689492,2.188626181808e-273,3.96710499067129e-272
"SRSF3",0.149709697136217,3.68288682340662e-273,6.65775342594978e-272
"EIF3H",0.149607891005078,8.68648040804148e-273,1.56611450770049e-271
"UBB",0.149377892837841,6.02232831516297e-272,1.08289791858555e-270
"FLNA",0.149239995523623,1.91998425444626e-271,3.44323966692604e-270
"CST3",0.149174139124876,3.33888597396973e-271,5.97201271693368e-270
"EREG",0.148928701948093,2.61941324980385e-270,4.64825537583302e-269
"GSTO1",0.148918119656314,2.8624717140474e-270,5.06627519860589e-269
"LIPA",0.148836373739964,5.67984265990475e-270,1.00264794317535e-268
"TRA2B",0.148730087559631,1.3836140073164e-269,2.42976994895226e-268
"AC016831.5",0.148558328128177,5.82481082552968e-269,1.02024730547684e-267
"RALGDS",0.148156077585071,1.67622760074812e-267,2.92841726321913e-266
"NXT1",0.147921735089771,1.18152313750003e-266,2.05883451872106e-265
"SNU13",0.147918936708384,1.20937613752778e-266,2.10195168787283e-265
"PIK3R1",0.147603037266462,1.67338103597401e-265,2.90095620108212e-264
"RPL41",0.147527477851539,3.13429255132806e-265,5.41968080294859e-264
"GPRIN3",0.147177198265401,5.72408084020693e-264,9.87257922465283e-263
"TUBB4B",0.147176880152788,5.73918271252351e-264,9.87343875810978e-263
"PTPN7",0.146970693738783,3.1621830961367e-263,5.42627408958889e-262
"SEC61B",0.146890166032368,6.15388936049957e-263,1.05332774598323e-261
"PDE4B",0.146841473641734,9.20272532728912e-263,1.57120267519701e-261
"ZNF385A",0.146734863675239,2.21998566938095e-262,3.7806859220868e-261
"PFKFB3",0.146695702614469,3.06730468734093e-262,5.21056457063116e-261
"FNIP2",0.1465762422821,8.21910723111837e-262,1.39271639071657e-260
"ASPH",0.146493459457463,1.62648837776036e-261,2.74917198050945e-260
"RCC2",0.146309687189759,7.39049622195829e-261,1.24606346525337e-259
"PLEKHO2",0.146285530996431,9.01623981266456e-261,1.51638799436381e-259
"RHOQ",0.146061959512043,5.66928070163432e-260,9.51116794633987e-259
"CD68",0.145720184203833,9.3701182931779e-259,1.56810321238059e-257
"TFRC",0.145613825953421,2.23995751101031e-258,3.73934635356561e-257
"AC007952.4",0.145504841624033,5.46740509339742e-258,9.10471079715762e-257
"CYTIP",0.145195325037874,6.86681088118351e-257,1.13790461685494e-255
"RPS27",0.144610528576205,8.0628814720481e-255,1.3328396487168e-253
"SNHG32",0.144487220503504,2.19683317068646e-254,3.62263147975882e-253
"AREG",0.144480362674104,2.32271272144561e-254,3.82089068362378e-253
"PRXL2C",0.144366544717001,5.85378876913754e-254,9.60618103595605e-253
"RPS15A",0.144150925379856,3.3653817714558e-253,5.50928478373187e-252
"PRNP",0.144140290685606,3.66832941386089e-253,5.9907186393994e-252
"CALM1",0.143835219205852,4.33603114266668e-252,7.06407386881191e-251
"LILRB4",0.143771105214138,7.28140111388774e-252,1.18340271468738e-250
"RPL30",0.143483207159327,7.44423608841357e-251,1.20696595188883e-249
"PTX3",0.143400577661556,1.44943137676747e-250,2.3444032388337e-249
"DDX3X",0.142928707788209,6.46271924085624e-249,1.04282684456871e-247
"IL10RA",0.142803147941086,1.77134572949658e-248,2.85144487550627e-247
"GBP2",0.142677386396318,4.85840433342683e-248,7.80229731551041e-247
"ZC3H12A",0.142548069220524,1.36979078463916e-247,2.19458661017663e-246
"AFF4",0.142517945843895,1.74363073265904e-247,2.78035079799711e-246
"YWHAQ",0.142282079511911,1.15145158033135e-246,1.83175626696947e-245
"DDIT3",0.141931481409003,1.89320286814981e-245,3.00468182900489e-244
"NAMPT",0.141877724240649,2.90645206556514e-245,4.60199588179998e-244
"F13A1",0.141750051398841,8.03918823814778e-245,1.2699287775261e-243
"ATF5",0.141717450564978,1.04224691227927e-244,1.64257141583221e-243
"DDX5",0.141709823498797,1.10750809341839e-244,1.74136330688412e-243
"LGALS2",0.141651865529013,1.75683827118002e-244,2.75591265694852e-243
"HLA-C",0.141475536867443,7.14249164686372e-244,1.11783300982513e-242
"RAC1",0.141451804256929,8.62526774864245e-244,1.34677679557902e-242
"PPP1R14B",0.141440043805352,9.47029088368135e-244,1.47531420886105e-242
"ZFYVE16",0.141438361315964,9.59776423706374e-244,1.49173526452386e-242
"RGL1",0.141338188246851,2.12699785826904e-243,3.29831021095343e-242
"MCL1",0.14085209446397,1.00271652221666e-241,1.55134242716403e-240
"SSR4",0.140363063386959,4.77154618915668e-240,7.36539355819368e-239
"PPP1CB",0.140271590452501,9.81201566047126e-240,1.51113981504433e-238
"GTPBP4",0.140194066807438,1.80694505788415e-239,2.77023935064734e-238
"POMP",0.14012933304523,3.00790722376347e-239,4.60100921716399e-238
"NCL",0.140126570224974,3.07402881424938e-239,4.69153697813546e-238
"CYCS",0.140025836857971,6.79030143343828e-239,1.03399162142964e-237
"UBE2J1",0.139751186956335,5.87482415567043e-238,8.90575921894344e-237
"PEA15",0.139455809770788,5.95238372872052e-237,9.00314684337347e-236
"RPS7",0.139225996725523,3.59441057524423e-236,5.42451113822015e-235
"SH2B3",0.139016535711941,1.8460405215899e-235,2.77975054932501e-234
"RPS24",0.138986377562635,2.3359513083804e-235,3.50963706576886e-234
"H2AFY",0.138759736649257,1.36753453431675e-234,2.05008891053559e-233
"MIF",0.138672861440924,2.69016847963639e-234,4.02394448911983e-233
"ZFAS1",0.138469184347393,1.31200514658699e-233,1.95816044063458e-232
"SELENOK",0.138346849333667,3.39437561924768e-233,5.05492809729815e-232
"HLA-A",0.138289162739456,5.31244324570656e-233,7.89394039213672e-232
"TMED5",0.138111025889708,2.11586350799559e-232,3.13713885472767e-231
"NFKB1",0.137755264521205,3.32466066990579e-231,4.91860629961335e-230
"RPS10",0.13701907666574,9.70614259449424e-229,1.42970000177289e-227
"EIF4H",0.136714512834507,1.00680935646352e-227,1.47979088240214e-226
"HNRNPA0",0.13651614799843,4.6062947304348e-227,6.75556587255307e-226
"AC253572.2",0.136486531906651,5.77917190093376e-227,8.45735524290328e-226
"PTP4A2",0.136423714616657,9.34857605763797e-227,1.3651344001229e-225
"HIF1A",0.136148104837773,7.6917461423164e-226,1.12077361353882e-224
"USP36",0.136118620102829,9.63447410973502e-226,1.40083181625631e-224
"SNHG5",0.13595769795953,3.29027465028231e-225,4.77372251299543e-224
"VEGFA",0.135928881032152,4.09903686803962e-225,5.93438720874001e-224
"SLC25A3",0.135597338554342,5.12077083034167e-224,7.39776315896154e-223
"VDAC1",0.135576596049854,5.99589192546236e-224,8.64354484180192e-223
"PARK7",0.135538168861108,8.03084361293494e-224,1.15524539717134e-222
"EMD",0.135351927692022,3.30599771597053e-223,4.74561582965536e-222
"MAP1LC3B",0.135283543059642,5.55561615422273e-223,7.95794932599573e-222
"TUBA1B",0.135169210623826,1.32240730189852e-222,1.89023166345368e-221
"SRRM1",0.135006613720254,4.53338819184836e-222,6.46629484495501e-221
"PABPC1",0.134917149558426,8.92356383466324e-222,1.26748351021341e-220
"MIR181A1HG",0.134746640729291,3.23989619825393e-221,4.59223022985216e-220
"DBI",0.134643418451922,7.06613904279387e-221,9.99459541178439e-220
"BCLAF1",0.134635033087256,7.52802480730645e-221,1.0625673428434e-219
"NFIL3",0.134431369504928,3.49968232861344e-220,4.92944837994905e-219
"RPS21",0.134140930021315,3.11822717951908e-219,4.38302161345707e-218
"CCNI",0.13406071486023,5.7000143231258e-219,7.99539353499037e-218
"TRAM1",0.133905690247581,1.8268330533435e-218,2.55718804837586e-217
"TNFAIP3",0.133673350426914,1.04389422238627e-217,1.45821670197387e-216
"NRIP1",0.133611437520297,1.66011369701498e-217,2.31423272278727e-216
"PLD3",0.133587204814647,1.99054188460471e-217,2.76914684810955e-216
"HCST",0.133528012894559,3.10078343223035e-217,4.30480426803068e-216
"GNG5",0.133518273455476,3.33531572914408e-217,4.62091591080802e-216
"HSPA9",0.133302647042797,1.67333966977465e-216,2.31358885630806e-215
"SYAP1",0.133288316890876,1.86248636571862e-216,2.56985108543338e-215
"DNTTIP2",0.133243763772961,2.59811716858711e-216,3.57757030077748e-215
"NFE2L2",0.133191273576711,3.8451599422238e-216,5.2732507848631e-215
"CD53",0.133126258691073,6.24739019966855e-216,8.55032492711722e-215
"ATP5MC3",0.133117114588375,6.68861371909807e-216,9.13570047572163e-215
"VAMP8",0.133105078610234,7.3171745540091e-216,9.97407604025312e-215
"SBDS",0.132979920726605,1.86101728511464e-215,2.53165751804026e-214
"SYNCRIP",0.132835750075358,5.44821398391646e-215,7.39666159543357e-214
"EPB41L3",0.132829924712173,5.68974394714612e-215,7.70908994522143e-214
"BANF1",0.132724214495188,1.24968118941366e-214,1.68981890432516e-213
"MOB1A",0.132551633010055,4.50880681300595e-214,6.08463929395873e-213
"C3AR1",0.132095846161562,1.32490751441957e-212,1.78440233167146e-211
"HNRNPA3",0.131965591144406,3.47365467647864e-212,4.66753266379172e-211
"TOMM20",0.131965366888453,3.47942088825769e-212,4.66753266379172e-211
"HNRNPDL",0.13193287916608,4.42431678023788e-212,5.92332787152244e-211
"RHOC",0.131733854473273,1.92515090222846e-211,2.57232119564557e-210
"OXSR1",0.131567303865934,6.57834798919005e-211,8.77242815678775e-210
"SLC15A3",0.131555849248085,7.15802892253781e-211,9.52666014670829e-210
"COX6C",0.131050349724158,2.95168718931157e-209,3.92069883829774e-208
"LDLR",0.131041727346762,3.14460877798606e-209,4.16876469567917e-208
"RAN",0.13095126614516,6.10843324020249e-209,8.08201900919942e-208
"RBM8A",0.130822503289095,1.57048045407387e-208,2.0697891520455e-207
"MNT",0.130737244114885,2.93325015549743e-208,3.85830822982843e-207
"RAB1A",0.130503103832863,1.62743638123336e-207,2.13652376184831e-206
"PLEKHO1",0.130482180162138,1.89643301170223e-207,2.48484178141836e-206
"NSA2",0.130423202378996,2.91833483767222e-207,3.81641428191525e-206
"AGO2",0.130366219118975,4.42505880082561e-207,5.77564141937876e-206
"ADA2",0.130285664991804,7.96790725629166e-207,1.03797728246219e-205
"WDR1",0.13018958461687,1.60615623627355e-206,2.08831198335489e-205
"PTPN1",0.129738394750066,4.28886734967323e-205,5.56564916528612e-204
"ELF1",0.129225765140814,1.7658459868633e-203,2.28714266612696e-202
"HSP90B1",0.129170881107701,2.62680658687992e-203,3.39576277894745e-202
"RPL11",0.129149129178972,3.07442205614764e-203,3.96682586290347e-202
"IL1RN",0.129121515923679,3.75401142993618e-203,4.83445167196162e-202
"ARL5B",0.12906181460249,5.78028946294016e-203,7.42975989713658e-202
"SNN",0.128924374103154,1.56010573978561e-202,2.00149428969459e-201
"PSMA6",0.128874119096933,2.24235953811223e-202,2.87132440098046e-201
"M6PR",0.128395973052576,7.0232924801246e-201,8.97627229832181e-200
"SMAD3",0.128232127155434,2.27928294527938e-200,2.90759094208187e-199
"CPEB2",0.128177550482137,3.37246462099156e-200,4.29401757109679e-199
"ADAM17",0.12791631986615,2.19447218092442e-199,2.78887714571992e-198
"CSF2RA",0.127713678541622,9.35637063424749e-199,1.18683718307969e-197
"CSDE1",0.127581412376939,2.4077679560344e-198,3.04848673234991e-197
"BRD2",0.127495544216923,4.44512696472457e-198,5.61747727261735e-197
"HNRNPA2B1",0.127486124853838,4.75424469928102e-198,5.99691201713413e-197
"MARCO",0.127427858770567,7.20510785197911e-198,9.07145888030367e-197
"COX5A",0.12742054117762,7.59120524616935e-198,9.53980272664516e-197
"CLEC2B",0.127390956658023,9.37456855272202e-198,1.17590831140916e-196
"ELL2",0.127338605431868,1.36163246979328e-197,1.7048142830134e-196
"UQCRH",0.127163627201921,4.73578253929926e-197,5.91841511057343e-196
"ARF1",0.126981068147016,1.73523680103368e-196,2.16456383981341e-195
"DOK2",0.126711860598383,1.17349033194283e-195,1.46113593632881e-194
"C5AR1",0.126689378754229,1.37632741771244e-195,1.71054221896209e-194
"MORF4L1",0.126603550655627,2.52900032851519e-195,3.13735251763141e-194
"SUMO2",0.126600292426814,2.58806935458231e-195,3.20475034914487e-194
"SNRPF",0.126461331282399,6.92426865810792e-195,8.55849733043284e-194
"EDF1",0.126251250457358,3.05910323762194e-194,3.77419653094196e-193
"TRMT6",0.126213511258682,3.99379033331938e-194,4.91840008079642e-193
"BRK1",0.126145808432652,6.44200710970072e-194,7.9189836488521e-193
"LINC01578",0.125785867771154,8.14679168566745e-193,9.99645346402861e-192
"NDUFA12",0.125726160897075,1.24012879557983e-192,1.51893311357161e-191
"KPNA4",0.125690621146092,1.59236791362867e-192,1.94683534611997e-191
"SREK1",0.125396512204755,1.25705799633815e-191,1.53410994823867e-190
"VAPA",0.125200031961818,4.98426239985571e-191,6.07181947485125e-190
"SASH1",0.125188823331813,5.3913801889791e-191,6.55595709670642e-190
"PSMB1",0.125140589182869,7.5579277737236e-191,9.17399455621997e-190
"TCOF1",0.12497889993607,2.34288724329686e-190,2.83875638923478e-189
"PRDX1",0.124954978030236,2.76943279591228e-190,3.34359555949338e-189
"HIGD2A",0.124807779085073,7.74549106702086e-190,9.33462836080714e-189
"CYP51A1",0.124549391268334,4.6966298536247e-189,5.65016271180722e-188
"DRAP1",0.124420610410543,1.15154353627787e-188,1.3828749287344e-187
"ARID5A",0.124411239047525,1.229157671578e-188,1.47346365559199e-187
"AKIRIN2",0.124396047874378,1.36622416758619e-188,1.63487461894695e-187
"ANKRD11",0.124326739865142,2.21272712402723e-188,2.64315337200496e-187
"EIF2S3",0.124159592155929,7.07050953075577e-188,8.43099028879008e-187
"TAGLN2",0.12391466340705,3.86801661699184e-187,4.60416555413413e-186
"LYN",0.123902214920276,4.2165669603861e-187,5.01023009124261e-186
"TACC1",0.123901654928693,4.2329634419346e-187,5.02088874226664e-186
"SLC16A6",0.123821467482043,7.37767391244885e-187,8.73563105465265e-186
"SRSF9",0.123677096152568,2.00406277710885e-186,2.36878818811765e-185
"RNASET2",0.123663851489791,2.19634097121364e-186,2.59152902380024e-185
"SMDT1",0.123489748616768,7.31672380676326e-186,8.61818286716488e-185
"HEXIM1",0.123170440471218,6.6197009047754e-185,7.78361701168461e-184
"CARD19",0.123153710990145,7.42819164106313e-185,8.71909786201872e-184
"HINT1",0.123125955624736,8.99280857949244e-185,1.05373273493845e-183
"FKBP1A",0.123058866093617,1.42715414372313e-184,1.66937528818549e-183
"VPS37B",0.122973066647874,2.5752480132103e-184,3.00712466620291e-183
"MAGOH",0.122971786633384,2.59801733982356e-184,3.02848193699087e-183
"NDUFA4",0.122848355316254,6.06874364850321e-184,7.06209566394668e-183
"HLA-B",0.122668010077867,2.09298502224657e-183,2.43138689611839e-182
"EFHD2",0.122644965184265,2.45138690795479e-183,2.8428519527757e-182
"CRIP1",0.122606649973387,3.18797727993381e-183,3.69073876534803e-182
"NFKB2",0.122407314286396,1.24896117072926e-182,1.44345751714539e-181
"CD300LB",0.122314708148421,2.35352812824779e-182,2.7153931186149e-181
"SFT2D2",0.121939096172297,3.05928719951776e-181,3.52365259896756e-180
"LY86",0.121917781977758,3.53771836257521e-181,4.06777446417874e-180
"TPD52L2",0.121863746259469,5.11270943994404e-181,5.86876545389842e-180
"JMJD1C",0.12177551621319,9.32451514332155e-181,1.06852621837283e-179
"MRPL54",0.121665039886266,1.97756000131448e-180,2.26231525700292e-179
"SARAF",0.121591719131798,3.25577826056924e-180,3.71829676008592e-179
"LITAF",0.121464472519404,7.72878549258382e-180,8.81185813075197e-179
"EML4",0.12131940224138,2.06854894105745e-179,2.35445444284334e-178
"PRRC2C",0.121173401718278,5.56457465156357e-179,6.32304020491115e-178
"HSPE1",0.120963849844329,2.29793824477301e-178,2.6067718914279e-177
"MAP4K3",0.120876652810137,4.14287376804388e-178,4.69178719359208e-177
"ARPC3",0.12081742569827,6.18090905665933e-178,6.98814818262102e-177
"RAB5C",0.120816816200233,6.20640258174941e-178,7.00525673709646e-177
"SEC11A",0.120749234915135,9.79469259930204e-178,1.10369861106469e-176
"CANX",0.120612019123499,2.47150984319204e-177,2.78034576536129e-176
"EMILIN2",0.120610066488577,2.5042585814474e-177,2.81250702145613e-176
"HM13",0.12060439985141,2.60177135250768e-177,2.91717680170886e-176
"HNRNPAB",0.120464678215273,6.66918276383921e-177,7.46528885203922e-176
"UBA52",0.120337853091988,1.56574705061311e-176,1.74975467920583e-175
"RRAS",0.120291906327396,2.13256861736708e-176,2.37925683531664e-175
"LAIR1",0.120263670135114,2.57832079621345e-176,2.87183309772638e-175
"RPS27A",0.120252302935572,2.78302575816208e-176,3.09474295245622e-175
"SERPINB9",0.120149668842679,5.54568361608026e-176,6.15671049726086e-175
"CMTM6",0.120119622987422,6.78523734132905e-176,7.52049010897143e-175
"COMT",0.120080604514808,8.81666720493594e-176,9.75605351433255e-175
"ATP6V1G1",0.120041908456067,1.14305345395939e-175,1.26277522912083e-174
"GNB1",0.119955336804751,2.04270280216851e-175,2.25297123090723e-174
"USP16",0.119791370446188,6.12693040181716e-175,6.74660854180551e-174
"EIF3I",0.119765900554172,7.26580963776866e-175,7.98766487169982e-174
"ARFGAP3",0.119499945554906,4.29982409287852e-174,4.71933615129085e-173
"FOXN3",0.119417555470257,7.45250699126159e-174,8.16635328491404e-173
"PABPN1",0.119281717268881,1.8438808210675e-173,2.01722948725523e-172
"HIVEP3",0.119106867372356,5.90849726509239e-173,6.45352988841512e-172
"BCL7B",0.118915682525517,2.10667660085683e-172,2.29729685457952e-171
"CD81",0.118903458458167,2.28490778715603e-172,2.48764276150755e-171
"USF2",0.118747246768936,6.44566476848448e-172,7.00629252407131e-171
"KMT2E",0.118670484751279,1.07243260458917e-171,1.16383897907342e-170
"LONRF1",0.118602384350187,1.68422817403681e-171,1.82485043023443e-170
"WDR74",0.118598426924661,1.72897636068461e-171,1.87033746793418e-170
"SRRM2",0.118583154550276,1.91308430934426e-171,2.06619217499625e-170
"PEBP1",0.118573085568631,2.04504860963077e-171,2.20519515944396e-170
"GUK1",0.118538517132642,2.57123326586068e-171,2.76817008128727e-170
"C1orf162",0.11840916525815,6.05291741511055e-171,6.5061644902325e-170
"FNIP1",0.118303365119515,1.21836858860069e-170,1.30752222659195e-169
"PDE4A",0.11829865194303,1.25691668758013e-170,1.34675336366549e-169
"SEPTIN2",0.118296029160476,1.27889292617302e-170,1.36813213193921e-169
"QKI",0.118246855379597,1.76985219215956e-170,1.89035871582793e-169
"CD48",0.118053602970563,6.33704110071027e-170,6.75784461859655e-169
"ATP5MF",0.117937165098005,1.36521769088678e-169,1.4535805996985e-168
"MAPK1IP1L",0.117748929194147,4.7133866852113e-169,5.01056719791095e-168
"CD14",0.117705481334116,6.27216017742159e-169,6.65715462473271e-168
"RNF19A",0.117433765979575,3.73552978840804e-168,3.95860766448695e-167
"TNF",0.11737073024912,5.64765738513902e-168,5.97555736790687e-167
"UBE2L3",0.117308498346401,8.49177266547515e-168,8.97076171738711e-167
"VDAC2",0.117270320529396,1.09047525060108e-167,1.15018770192104e-166
"TGFBI",0.117159751465734,2.24897602209572e-167,2.36843097903257e-166
"ATP5MC2",0.117122301506211,2.87338158223279e-167,3.02129593739905e-166
"PFDN1",0.116936195150886,9.69771695628338e-167,1.01810969474273e-165
"WASF2",0.116916080061725,1.1059004971398e-166,1.1592237614205e-165
"LRP1",0.116915306747339,1.11149874860046e-166,1.16328839617457e-165
"RHEB",0.11687181818154,1.4764123401004e-166,1.54281666637076e-165
"BRAF",0.116862400324648,1.57001195749715e-166,1.63809426614787e-165
"CCND2",0.116622038891395,7.5243817099243e-166,7.82651457550742e-165
"AC090559.1",0.116538567175136,1.29562587797e-165,1.3455801168902e-164
"APEX1",0.116505287683152,1.60888908456301e-165,1.66835875778075e-164
"EIF1AX",0.116445706121498,2.37045882908026e-165,2.45431426392215e-164
"EIF3L",0.116377414570189,3.69516836576751e-165,3.82003567598687e-164
"RAPGEF1",0.116136592605272,1.76441887418164e-164,1.82125740585375e-163
"EID1",0.116134229050864,1.7916711460618e-164,1.84656838697009e-163
"YPEL5",0.116090120808163,2.38482896732056e-164,2.454159611576e-163
"CAMK1",0.115974467801267,5.04522647926596e-164,5.184008545033e-163
"ELOC",0.115941862937997,6.23108815078712e-164,6.39277496016263e-163
"RPS15",0.115859789203567,1.05982502383649e-163,1.08567833123614e-162
"BTG2",0.115704738688757,2.88769155919179e-163,2.95365849193581e-162
"NDUFA6",0.115680396561129,3.37939549085642e-163,3.45137355191544e-162
"NFAT5",0.115585578497696,6.23299328468188e-163,6.35614895893427e-162
"LDHA",0.115544168840059,8.14205337834083e-163,8.29042513418107e-162
"COX7B",0.115510235427168,1.01342053875291e-162,1.03033628007646e-161
"TLE4",0.115333941016405,3.15626200283364e-162,3.20412723741115e-161
"GNA15",0.115193509067902,7.79180760606602e-162,7.89811262737816e-161
"RAB20",0.115172017110623,8.94661162759559e-162,9.05509599014578e-161
"EIF4B",0.115037295449437,2.12634178443974e-161,2.14570101561151e-160
"THUMPD3-AS1",0.115013525289259,2.47698216006943e-161,2.49580870107741e-160
"ANP32B",0.11500641207469,2.59273039684372e-161,2.60854913884827e-160
"SH3BP2",0.114850303365067,7.05885767114762e-161,7.09137246874131e-160
"RAB8A",0.114782701901959,1.0887033991181e-160,1.09209550169695e-159
"RAB7A",0.114753845597878,1.30978290819907e-160,1.31191736923466e-159
"PFDN5",0.114651215647706,2.52690699601325e-160,2.52728079882331e-159
"GLIPR1",0.114614451783654,3.19710853386644e-160,3.19285831572689e-159
"NIBAN2",0.114600073809514,3.50513839005979e-160,3.49531573085461e-159
"CREM",0.114587989547776,3.78683284953016e-160,3.77065933662348e-159
"ZNF706",0.114537856930956,5.21806538494137e-160,5.18051983371345e-159
"RNF168",0.114460452399953,8.55781134614559e-160,8.48377749432409e-159
"NFKBIE",0.114406888672816,1.20490688002814e-159,1.1927343215037e-158
"MYC",0.11417310072,5.35389048718364e-159,5.29205461752173e-158
"PSME1",0.114022888180197,1.39354764193143e-158,1.37544169446692e-157
"SNHG15",0.113746424153655,8.07779013820027e-158,7.96121561579767e-157
"AMD1",0.113686194996602,1.18386405523695e-157,1.16508076818879e-156
"SLC7A7",0.113646075912205,1.52697489727013e-157,1.50056355820398e-156
"MPDU1",0.11359732508077,2.08012348956629e-157,2.04117778127107e-156
"SSR2",0.113572086602956,2.44102033385327e-157,2.39184615611333e-156
"CHMP4B",0.113524103336271,3.3084698659843e-157,3.23712948826626e-156
"ELMSAN1",0.113487919714376,4.16074542674338e-157,4.06514448413469e-156
"ARL8B",0.113462323286794,4.8929333457318e-157,4.77361072878683e-156
"PDIA6",0.113444106783675,5.49111405757161e-157,5.34948445868036e-156
"MTHFD2L",0.113410041697635,6.81254646990947e-157,6.62728441482847e-156
"IRAK1",0.113349447095189,9.99586063559434e-157,9.71005944788122e-156
"TAB2",0.113295550263439,1.40555963950317e-156,1.36341301616657e-155
"GNA12",0.113248555067196,1.8917513276127e-156,1.83239695214749e-155
"EPC1",0.113153365097537,3.45158796480247e-156,3.33851019027604e-155
"PLEKHM2",0.112957921785158,1.1844478860492e-155,1.14400745108267e-154
"GPCPD1",0.112926213045028,1.44645773901968e-155,1.39323352399824e-154
"ACTR3",0.112926196842062,1.44660543388073e-155,1.39323352399824e-154
"BCL10",0.112825342277217,2.73044050282163e-155,2.62596134275633e-154
"GTF3C6",0.112797932004649,3.24465533394502e-155,3.11606743079577e-154
"HNRNPK",0.11270431224715,5.84751650801798e-155,5.60780980293753e-154
"ABCE1",0.112667811504079,7.35606847055938e-155,7.04452959340679e-154
"RTN4",0.112612522994338,1.04126630916019e-154,9.95756932988971e-154
"MECP2",0.112520242483538,1.85901472688198e-154,1.77525403509167e-153
"GSTK1",0.112325793344878,6.29515692343088e-154,6.00304033276674e-153
"MTCH1",0.112245639493431,1.04013849659016e-153,9.90475545837479e-153
"LAPTM4A",0.112055952985379,3.40848049345143e-153,3.24117251986289e-152
"TCF7L2",0.112010439768066,4.53011823055509e-153,4.30170356134592e-152
"CAPZA1",0.11198577562202,5.28494651639597e-153,5.01143385657127e-152
"HSPA8",0.111911684431672,8.39481483139649e-153,7.94920771359548e-152
"RLIM",0.111768966538694,2.04525093442028e-152,1.93397784162454e-151
"MGAT1",0.111615637504325,5.31708759168883e-152,5.01378371093559e-151
"TMA7",0.111497557044716,1.10870791629117e-151,1.0440075518168e-150
"PLEKHB2",0.111359113645401,2.62154228433368e-151,2.46512481006676e-150
"PITPNA",0.111329737729405,3.14628893965018e-151,2.95445271124651e-150
"MYD88",0.111278061279368,4.33654964717203e-151,4.06649267191818e-150
"MAML2",0.110970860493477,2.91170452520442e-150,2.72282632018078e-149
"EIF4A2",0.110961909973092,3.07756765388563e-150,2.87395509777911e-149
"TOMM6",0.110961397959636,3.08733613333114e-150,2.87910063413129e-149
"SRSF6",0.110839575432845,6.55936698199321e-150,6.10852343874051e-149
"UBE2D2",0.110764322690337,1.04434973284351e-149,9.71230886348689e-149
"RHOA",0.110756401944194,1.09672485308187e-149,1.0185380125943e-148
"TM9SF3",0.110618126294655,2.57541602892662e-149,2.38853055851479e-148
"VIM",0.110472846881246,6.30762734460183e-149,5.83390813636839e-148
"CCNH",0.110444984555194,7.48883110279937e-149,6.91693812650636e-148
"UFM1",0.110353583838834,1.31470855954352e-148,1.21265273820924e-147
"HNRNPL",0.110328248742322,1.53653231214681e-148,1.41532628915866e-147
"NONO",0.110319793296809,1.61858953961124e-148,1.48888216017845e-147
"OST4",0.110252870245018,2.44291963341402e-148,2.24410049477068e-147
"CHRAC1",0.110112232759986,5.79742078588073e-148,5.31836661239343e-147
"ITPRID2",0.110025831683223,9.85313904052772e-148,9.02670366571923e-147
"CCNL1",0.110020471071433,1.01826209371016e-147,9.31592694935642e-147
"PILRA",0.109939136325564,1.67692364270907e-147,1.53211902004811e-146
"PIK3R5",0.109468337030502,2.98799386539381e-146,2.72261812990938e-145
"HNRNPM",0.10946479700153,3.05326455157572e-146,2.77834746072725e-145
"CAMSAP1",0.109350288691462,6.13991846880682e-146,5.57956838274233e-145
"SPCS3",0.109330218916813,6.93913834808514e-146,6.29738447938304e-145
"RNF7",0.109125141850876,2.41969211993553e-145,2.19296761700859e-144
"GBP1",0.109114017860501,2.58913517517209e-145,2.34339262641747e-144
"CD86",0.109054256562517,3.72407772632374e-145,3.36610822295118e-144
"COX8A",0.108738290310646,2.53629660051865e-144,2.28943942805162e-143
"NCOR2",0.108683111724632,3.54363549406299e-144,3.1902156558402e-143
"LSM12",0.10859323117627,6.1077942223614e-144,5.49132935337572e-143
"GLUL",0.108556213278061,7.64194318847081e-144,6.86151100893109e-143
"PARVB",0.108532835117988,8.80333299489867e-144,7.89381092553182e-143
"FOXO3",0.108526561045509,9.1439654124983e-144,8.18839074886106e-143
"BLOC1S6",0.108512583900126,9.95087322295326e-144,8.89918701856971e-143
"LILRB2",0.108506998596397,1.02928559661362e-143,9.19286647120833e-143
"SRSF10",0.10847880585549,1.22066672145328e-143,1.08877674191895e-142
"CCDC59",0.108442564410742,1.51975325157336e-143,1.35376175677042e-142
"TWISTNB",0.108354209032438,2.59222534927769e-143,2.30605731400875e-142
"MAN2B1",0.108195830944538,6.74330605891429e-143,5.99099766942438e-142
"NDUFB8",0.108138863746562,9.50747316865668e-143,8.43569896237373e-142
"HECA",0.108132469495244,9.88111837453089e-143,8.75573280867672e-142
"NDUFB2",0.108111498695077,1.12125226671369e-142,9.92249551734455e-142
"ARL6IP1",0.10808385465922,1.32450352290521e-142,1.17058409390355e-141
"ADNP2",0.10806506741928,1.48324255843952e-142,1.30916487436157e-141
"FXYD5",0.108042947286577,1.69465373025177e-142,1.49381406391554e-141
"ARF3",0.107887562841714,4.31761281727114e-142,3.80096097103778e-141
"NDUFC2",0.107837736325171,5.82585915958386e-142,5.1220590088357e-141
"MAPRE1",0.107806196670992,7.04191056934032e-142,6.18316329341687e-141
"MED13L",0.107798552651375,7.372938504253e-142,6.46542635891758e-141
"SECTM1",0.107619758872765,2.15706030659217e-141,1.88910424000903e-140
"CHCHD10",0.10753600299306,3.56444619623621e-141,3.11762234576365e-140
"SNRPD2",0.107493221870131,4.6061948242003e-141,4.0235766416561e-140
"FAM49A",0.10735568269734,1.04959435057262e-140,9.15652568286639e-140
"GNL1",0.107294340891691,1.51493507152108e-140,1.31990670342191e-139
"GSN",0.107252426229106,1.94643242188619e-140,1.69367176375451e-139
"CCDC50",0.107144110918308,3.71804813347286e-140,3.23106984966709e-139
"SRP72",0.107132730256177,3.97952042955518e-140,3.45385592095283e-139
"RNMT",0.107096908836203,4.92847619844979e-140,4.27197789457936e-139
"FTL",0.107083466906835,5.34020929802424e-140,4.62293918872495e-139
"H3F3A",0.107031212082258,7.29417992510436e-140,6.30638752859726e-139
"COX7C",0.106981836578923,9.79199004065538e-140,8.45512703255058e-139
"ERH",0.106882326640202,1.77191491245059e-139,1.52610404115649e-138
"AIF1",0.10673047146624,4.37556533368794e-139,3.75898312847067e-138
"EIF3D",0.106715503050344,4.78300911277119e-139,4.1037975395236e-138
"RBBP6",0.106707026171675,5.03033121245481e-139,4.310528431864e-138
"ATG101",0.106673924475919,6.12462769079148e-139,5.24159592625838e-138
"PSMD8",0.106325854871815,4.83404620255349e-138,4.13185668463516e-137
"KRT10",0.106306110206288,5.43397560035991e-138,4.63877639318603e-137
"DDAH2",0.106291933041226,5.91006651748588e-138,5.03883476982623e-137
"GNAI3",0.106291477286851,5.92604358032929e-138,5.04609328042901e-137
"NDRG1",0.106273428491204,6.59466878249107e-138,5.60837177841788e-137
"RAB13",0.106226825325959,8.69033078655944e-138,7.38132241808146e-137
"EIF3A",0.106066988752103,2.23697006837998e-137,1.89525747272144e-136
"NUCKS1",0.106003661639344,3.25218042199366e-137,2.75193890276585e-136
"AZIN1",0.105822345614529,9.48272681565495e-137,8.01408950008039e-136
"EP300",0.105721666059125,1.71652467370289e-136,1.448866831324e-135
"GLS",0.105651106824454,2.60085799427106e-136,2.19256869068163e-135
"ATP5PO",0.105650236691717,2.614215458026e-136,2.2010847710727e-135
"SEH1L",0.105580485704559,3.94110981125389e-136,3.31415963108054e-135
"ZBTB21",0.105462588476401,7.88279502934552e-136,6.61235449049691e-135
"SAP18",0.105458603018311,8.06959031433751e-136,6.76065676768723e-135
"VSIG4",0.105441981928777,8.89745497142289e-136,7.44501151754829e-135
"PTBP1",0.105267990603855,2.47089515028288e-135,2.0649841917259e-134
"SRP14",0.105056874159201,8.51314992089696e-135,7.10585266854128e-134
"THAP9-AS1",0.105000200477729,1.18610410106565e-134,9.88810089680006e-134
"EIF3K",0.104934223345209,1.74461535420577e-134,1.45084187082229e-133
"PPA1",0.104916455027187,1.93558174486167e-134,1.60767422321987e-133
"ATP5PD",0.104767859723164,4.61077658659125e-134,3.82027702229699e-133
"SUMO3",0.104734162519489,5.612841535732e-134,4.6448496478683e-133
"MYDGF",0.10467520550057,7.91676042105019e-134,6.54342508639613e-133
"RBPJ",0.104552252323437,1.62094271586939e-133,1.33811888913223e-132
"STRAP",0.104435009345335,3.20765041119565e-133,2.64474688171875e-132
"DAZAP1",0.10442885684707,3.32454883606654e-133,2.73779228753299e-132
"ARHGDIA",0.104428141079429,3.33842178817867e-133,2.74587222747883e-132
"GABPB1-IT1",0.104407054132341,3.77411148460738e-133,3.10045780649216e-132
"HMGN1",0.104225145191984,1.08624978330746e-132,8.91278493318173e-132
"ENSA",0.104211063115374,1.17879166959238e-132,9.66037633710794e-132
"NENF",0.104196037027158,1.28623199568005e-132,1.05281047491438e-131
"MAPKAPK3",0.104193028615985,1.30888997518916e-132,1.07006107886988e-131
"ZFHX3",0.104147055841618,1.70909843661481e-132,1.39555731038076e-131
"ATP2A2",0.104062144826439,2.79659170580151e-132,2.280790895407e-131
"UBE2V1",0.104020160708272,3.56703315926325e-132,2.90562785419022e-131
"COPE",0.103807738891693,1.21990936456622e-131,9.92515910208449e-131
"RTRAF",0.103749707084354,1.70617659538452e-131,1.38647355305225e-130
"ACSL3",0.103658504747737,2.88955968108204e-131,2.34529567872697e-130
"SSBP1",0.103602782358358,3.98590279255553e-131,3.23125764753812e-130
"PRKAG2",0.103523920276105,6.2820559582682e-131,5.08658447111991e-130
"MYL12B",0.103308507076219,2.17270612023484e-130,1.75713709077844e-129
"SCARB2",0.103224866317418,3.51509461006842e-130,2.83937331644834e-129
"ALYREF",0.103157946219449,5.16393158974411e-130,4.1662698661408e-129
"SNHG16",0.103074809632911,8.32433058925513e-130,6.7080809432603e-129
"SRGAP2",0.103054072540321,9.37664853798939e-130,7.54708580539836e-129
"DAD1",0.103018406722246,1.15063885894951e-129,9.25026079115057e-129
"TAF9",0.102988621387895,1.36505534031192e-129,1.09609728691792e-128
"PSME4",0.102956554982742,1.6406669465637e-129,1.31584213828199e-128
"DOCK10",0.10281667657622,3.65704087678053e-129,2.92953238956317e-128
"ZC3H15",0.102813781837849,3.71816567760248e-129,2.9749725616888e-128
"C1QBP",0.10281096129487,3.77870462796498e-129,3.01983711461834e-128
"STX11",0.102719123730739,6.39175673367032e-129,5.1020858649758e-128
"OSM",0.102704730725002,6.94028948653734e-129,5.53340769085837e-128
"NR1D2",0.102534254350821,1.83871156120206e-128,1.46253280768084e-127
"APRT",0.102436571572124,3.21105436584714e-128,2.55110911486399e-127
"CD37",0.10242990270995,3.33556747767201e-128,2.64692156297423e-127
"SH3BGRL",0.102375498028181,4.54900231390868e-128,3.60560429593629e-127
"LGALS9",0.102356648152936,5.06507013694302e-128,4.00994604167116e-127
"RANBP1",0.102233379958075,1.0222623948855e-127,8.08364450505362e-127
"SNHG8",0.102055936638617,2.80489700083323e-127,2.21540988582166e-126
"RAP1A",0.101766612955999,1.44876539102595e-126,1.14029136306478e-125
"C19orf53",0.101631113699512,3.12067018683381e-126,2.45050535809331e-125
"NMD3",0.1016297695587,3.14449869052746e-126,2.46635216318517e-125
"SRSF7",0.10154650324127,5.03629965512569e-126,3.94558771359268e-125
"NHP2",0.101511324265673,6.14446964629487e-126,4.8081897313194e-125
"AHNAK",0.101433898340587,9.51648167400112e-126,7.43825810380596e-125
"PHB2",0.101381569748236,1.27879134832229e-125,9.98372783603581e-125
"EHD1",0.10136574426209,1.39828151895945e-125,1.09040153975603e-124
"GTF2A2",0.101290587134148,2.13674291045375e-125,1.66434548589606e-124
"KLF9",0.101169426460979,4.22999601516228e-125,3.29102451766538e-124
"SIRPA",0.101155758597546,4.56851111036124e-125,3.55031076059222e-124
"EWSR1",0.101150009828688,4.71884942100619e-125,3.66293236916451e-124
"PSMA7",0.101093281985357,6.49453852086072e-125,5.03550171324993e-124
"MCUB",0.10106522572222,7.60541365389252e-125,5.89005747009935e-124
"ODC1",0.100970861057493,1.29307870568468e-124,1.00028662804738e-123
"BIRC3",0.100950681262475,1.44840227488696e-124,1.11915974634409e-123
"PCGF5",0.100916333129364,1.75678689136524e-124,1.35589454024206e-123
"MAZ",0.100914344303656,1.77652822477829e-124,1.36956754021961e-123
"ZNF644",0.100847392066086,2.58754995175862e-124,1.99253134667882e-123
"SRSF2",0.100811736297749,3.16095922599274e-124,2.43131346154004e-123
"SNX5",0.100807042689451,3.24533672979452e-124,2.49337745797054e-123
"ARRDC4",0.10043778922299,2.56822633284418e-123,1.97091693942787e-122
"SOD2",0.100421295489549,2.81632929849608e-123,2.15886648380182e-122
"POLR2L",0.100379421537871,3.55903172582981e-123,2.72509779143095e-122
"ARHGDIB",0.100304872556228,5.39748913070148e-123,4.128102263877e-122
"SERP1",0.100297450758417,5.62587381688605e-123,4.29791331931826e-122
"SFXN3",0.100286128781208,5.99299215078825e-123,4.57320766720986e-122
"CLN8",0.100265077069146,6.74034117300167e-123,5.13770537437027e-122
"ENO1",0.100209162167391,9.20852634799999e-123,7.01113137824639e-122
"PHPT1",0.100089906195536,1.79038741753813e-122,1.36162084701635e-121
"PTGER4",0.0999039791229378,5.04009418985281e-122,3.82877267613426e-121
"S100A11",0.0998354353753533,7.3779140664359e-122,5.5984373740935e-121
"CORO1B",0.0997717220175221,1.05114418444872e-121,7.96724868952668e-121
"AC104695.4",0.0997680052811845,1.07306744322554e-121,8.12431017205812e-121
"WTAP",0.0997411889257636,1.24536802054586e-121,9.4182697840163e-121
"RASSF5",0.0997158006624691,1.43386448783379e-121,1.08316846952449e-120
"MAT2A",0.0994784754571096,5.34474000274899e-121,4.02851584822585e-120
"DDX18",0.0994568397085487,6.02491753795852e-121,4.53613223542735e-120
"SRM",0.0993697852097311,9.75355441467083e-121,7.33523708538259e-120
"RSL1D1",0.0993497839977103,1.08944191323057e-120,8.18412975039101e-120
"PGK1",0.099283653547207,1.57026767994155e-120,1.17831074185181e-119
"UBE2N",0.0992613775462414,1.77595086693595e-120,1.3311755888419e-119
"LDHB",0.0990905776992403,4.55938281865892e-120,3.41373059102469e-119
"EIF3M",0.0990648843587256,5.2534088239258e-120,3.92901516134539e-119
"C15orf39",0.0989801988181261,8.37812659281987e-120,6.25906230873538e-119
"MAFG",0.0989002182298593,1.30145449732006e-119,9.71206827415111e-119
"ATP5PF",0.0988838080668621,1.42447952388431e-119,1.06184190308509e-118
"NME1",0.0988623755447777,1.60279889103165e-119,1.19344970289262e-118
"PLXND1",0.0988153342512075,2.07618563978122e-119,1.54423444560625e-118
"ARRB2",0.0986596438946862,4.88473566864549e-119,3.62521381511659e-118
"TMEM107",0.0986499674189418,5.15128480915168e-119,3.8188417318722e-118
"RYBP",0.0985799149769378,7.56647894048326e-119,5.60317241145754e-118
"ENG",0.0985459789938966,9.11466940999128e-119,6.74226256903185e-118
"AL355075.4",0.0984382269225334,1.64534012763992e-118,1.21575350852169e-117
"PPP1R15B",0.098433652799934,1.68709114542438e-118,1.24524271115876e-117
"RUNX3",0.0983953968942093,2.08035643495267e-118,1.533837498006e-117
"HMGB1",0.0983321421217064,2.94118847416899e-118,2.1638057969376e-117
"FUNDC2",0.0982418285669095,4.82023958249792e-118,3.54235215405092e-117
"Z93241.1",0.0982380719213792,4.9202644380323e-118,3.61193353588886e-117
"SZRD1",0.0981448426549911,8.18921045090307e-118,5.99861883624655e-117
"SIVA1",0.0980461974671694,1.40318996444732e-117,1.0267280681416e-116
"FCGR3A",0.0980401863388878,1.44997436109707e-117,1.05981369247322e-116
"RILPL2",0.0979579963410871,2.27000688500989e-117,1.65739919541597e-116
"ILF3",0.0979548788039171,2.30891418117629e-117,1.68398800204239e-116
"HIVEP1",0.0979317172997488,2.61959437403034e-117,1.90852128909689e-116
"FBL",0.0979150015150004,2.86942104778693e-117,2.0882837141106e-116
"ARF4",0.0978959964958851,3.18246744882274e-117,2.31361961521404e-116
"AL021155.5",0.0978335244768755,4.47221673037272e-117,3.24776125822234e-116
"KRR1",0.0977458910824303,7.20496691932855e-117,5.2266932769936e-116
"SSU72",0.0976422254407171,1.26586600668571e-116,9.17311904737632e-116
"RREB1",0.0976105216920535,1.50379273441453e-116,1.08855917316667e-115
"CHD2",0.097564874836312,1.92682190390841e-116,1.3932880098743e-115
"GGA1",0.097544849244568,2.14809663388492e-116,1.55163262197606e-115
"DNAJB6",0.0975318435119811,2.30521160244775e-116,1.66334425231049e-115
"ATP5MC1",0.0974282487195261,4.04347902999517e-116,2.91449485307008e-115
"UFC1",0.0973738010661267,5.43144250425312e-116,3.91075428873859e-115
"JTB",0.0973648429892475,5.701562917824e-116,4.10087945610724e-115
"HLA-F",0.0973209191251061,7.23302787441949e-116,5.196865192237e-115
"ACTB",0.0973182583644425,7.33800113366101e-116,5.26669062257772e-115
"TCF25",0.0972421287589993,1.10801968747204e-115,7.94413691092096e-115
"BCL6",0.0971762815876483,1.58208559538736e-115,1.13310177017097e-114
"FEM1C",0.097146974102344,1.85371252745065e-115,1.32623813736443e-114
"ABCF1",0.0971102605389851,2.26055009533252e-115,1.61560033768955e-114
"CHD4",0.0970882580783067,2.54589841624208e-115,1.81761554300029e-114
"FBRS",0.0970771799785819,2.70290269203391e-115,1.92767142413937e-114
"RAB21",0.0969918355882972,4.2849752751844e-115,3.05276268024465e-114
"WBP11",0.0969862563327697,4.41595350606718e-115,3.14276438468633e-114
"NID1",0.0969779043745425,4.61952854904056e-115,3.28418848791412e-114
"FAM102B",0.0969204689076579,6.29729049334053e-115,4.47226691444069e-114
"LIMS1",0.0968318187597125,1.0154970936168e-114,7.19683003138697e-114
"CYTOR",0.09676067530765,1.48964243932717e-114,1.05460445364303e-113
"SUPT4H1",0.0966630946924257,2.51837013648954e-114,1.78103561640228e-113
"XRCC6",0.0966217362291043,3.14557664814553e-114,2.22228252017889e-113
"TOP1",0.0965966727413407,3.59921983271626e-114,2.54011746231677e-113
"CAMK1D",0.0965548085718024,4.50714528722011e-114,3.17756092668354e-113
"CAPN2",0.0965500281825194,4.62438752528938e-114,3.25682125609182e-113
"DYNC1H1",0.0964756574976358,6.89428261143545e-114,4.84534768564605e-113
"CHKA",0.0964695711247978,7.12322557195794e-114,5.00105172294991e-113
"AC093673.1",0.096444189762891,8.16266601846561e-114,5.72487395755664e-113
"CMTM3",0.0963824103045863,1.13698026809638e-113,7.96593118404109e-113
"CHST2",0.0963428094031782,1.40591034217911e-113,9.8399170015248e-113
"RELB",0.0963047252464375,1.72422738926958e-113,1.2055327175648e-112
"CHD1",0.096084501880417,5.60330303705336e-113,3.90959048849512e-112
"SRA1",0.0959048136842743,1.46284983726398e-112,1.01962141749915e-111
"SNRPA1",0.0958338314427131,2.13605611117999e-112,1.48731981129638e-111
"TAOK3",0.0958021670542182,2.52880644135276e-112,1.75897740226194e-111
"CXCR4",0.0957798559035369,2.84807258418773e-112,1.97901528691606e-111
"RNPS1",0.0957569089302946,3.21843909308033e-112,2.23407255732198e-111
"DNPH1",0.0957537629637244,3.27282935922562e-112,2.26949736386917e-111
"LINC00963",0.0957514939939528,3.31262581874432e-112,2.29474007792319e-111
"RPS12",0.0957281176465973,3.75183496463595e-112,2.59633123806588e-111
"UQCRFS1",0.0956965217232662,4.43921637318724e-112,3.06886931483834e-111
"GTF3A",0.0955789611255481,8.2973457493584e-112,5.73016901035875e-111
"TYROBP",0.0955173392026262,1.15129363192092e-111,7.94275127083402e-111
"ILF2",0.0955140149644616,1.17180964172243e-111,8.07604993647843e-111
"FAU",0.0955082470392264,1.20827671589645e-111,8.31889905924226e-111
"CIAO2B",0.0955001169167067,1.2616098492763e-111,8.67725756964095e-111
"CAPZB",0.0954773527557501,1.42377149127534e-111,9.78264131352906e-111
"SSR3",0.0954719845308323,1.46494910438145e-111,1.00553511621553e-110
"RELT",0.0954341925624748,1.79049360223229e-111,1.22774109986739e-110
"GGA2",0.095432606228569,1.80563588071098e-111,1.23686972537862e-110
"ANKRD12",0.0954135065994395,1.99830075692151e-111,1.36746066979214e-110
"ST13",0.095353773831729,2.74350682682742e-111,1.87551563763197e-110
"RNASE1",0.0953503992094917,2.79305665962665e-111,1.90746020967028e-110
"RIN2",0.0953479518603182,2.82954905392168e-111,1.93043200338693e-110
"NR1H2",0.0952505464385697,4.74211355381197e-111,3.23199896545592e-110
"SEPTIN7",0.0952472858731765,4.82474836645307e-111,3.28500742251653e-110
"PTS",0.0951910402855342,6.49916366433157e-111,4.41616538035635e-110
"AC015912.3",0.0950802184707145,1.16830486409074e-110,7.93063171296939e-110
"SMS",0.0950690664922177,1.23928103485106e-110,8.40399104977738e-110
"TMEM9B",0.0950263623800581,1.55318609134248e-110,1.05221354344354e-109
"TSC22D2",0.0949632915717806,2.16750344194035e-110,1.46691599308896e-109
"SOD1",0.0949444984327348,2.3936897777225e-110,1.61837365871818e-109
"TICAM1",0.0949089695280902,2.88762715877628e-110,1.95037434770094e-109
"ARHGAP21",0.0948904276163513,3.18455164900522e-110,2.1487778142639e-109
"FFAR2",0.0948866558928985,3.24858257719813e-110,2.18979728857792e-109
"BIN1",0.0947217358283182,7.75150323014547e-110,5.21471774517547e-109
"BCAT1",0.0946507809023032,1.12636332465952e-109,7.56992290061928e-109
"HNRNPUL1",0.0945468957357622,1.94566795480954e-109,1.30632185128771e-108
"SRSF4",0.0944427306100305,3.36382409934324e-109,2.25623162060115e-108
"COX4I1",0.0941345587226946,1.69317623351334e-108,1.13454554160394e-107
"SQSTM1",0.0940838026399752,2.20839773165251e-108,1.47831456076264e-107
"PMAIP1",0.0940420390784321,2.74766606768755e-108,1.83748469669986e-107
"PRDX6",0.0939305792881301,4.92029443184761e-108,3.28716508435985e-107
"SAMD4B",0.0938233287662691,8.61341786682533e-108,5.74879745287325e-107
"TMSB10",0.0937359170613301,1.35883979194481e-107,9.06027202498903e-107
"CFP",0.0937241146042226,1.44506437049536e-107,9.62569478711246e-107
"H1FX",0.093711092576505,1.54654689133113e-107,1.02915389097341e-106
"SLC38A2",0.0936274681857961,2.39084507672827e-107,1.58943004560077e-106
"SNX3",0.0936267222823091,2.40014879418534e-107,1.59404774042113e-106
"CCT6A",0.0935705168590838,3.21586457925134e-107,2.13370563496745e-106
"MSN",0.093489867383396,4.89194052374624e-107,3.24258920402435e-106
"OSTC",0.0934805436841438,5.13490843758429e-107,3.40030518574999e-106
"SUMO1",0.0934187711690594,7.07867816205449e-107,4.6828711402789e-106
"AKT1",0.0932783194171007,1.46757956339964e-106,9.6992232924193e-106
"CTDNEP1",0.0930230166399215,5.50740706272773e-106,3.63273942937582e-105
"RNF130",0.0929944504492085,6.38428533792554e-106,4.20703247268173e-105
"CEP170",0.0929663446362867,7.38284610412921e-106,4.86031377896958e-105
"VASP",0.0929555954031095,7.80469757605697e-106,5.13303115872774e-105
"ERP44",0.09288779068728,1.10793423260173e-105,7.27963396173015e-105
"GAPDH",0.0928130411443158,1.62976927221628e-105,1.06979320868488e-104
"COX6B1",0.0928077118750629,1.67521600377256e-105,1.09855823486967e-104
"ZFAND6",0.0927819131715577,1.91374723080466e-105,1.25376405304945e-104
"GLUD1",0.0927667196085609,2.06978418100195e-105,1.35467675196071e-104
"TMEM147",0.0927478805650927,2.28099976918858e-105,1.4914738336058e-104
"SERINC5",0.0927462980403855,2.29969246286023e-105,1.50224354989353e-104
"MICOS10",0.0927374750006853,2.40674667662832e-105,1.57065774910078e-104
"ERVK3-1",0.0927281401145135,2.52542972977185e-105,1.64652173606437e-104
"RPLP1",0.0925472817011888,6.41114901769579e-105,4.17589388329877e-104
"ATP5F1C",0.0925237396614961,7.23674375041627e-105,4.70910726627184e-104
"CNBP",0.092370340713723,1.59220254812291e-104,1.03409043495284e-103
"DEK",0.0923389199795407,1.87099415011011e-104,1.21399150181329e-103
"NBDY",0.0922480803820953,2.98212532629877e-104,1.93309197805427e-103
"PA2G4",0.0920687322878584,7.47557975490208e-104,4.84122554816983e-103
"AUP1",0.0920617737688135,7.74665875860902e-104,5.0119770207613e-103
"NUTF2",0.0919192670217875,1.60569109219569e-103,1.0378659153284e-102
"IFNGR2",0.0918531387055888,2.25103831154616e-103,1.45360745218372e-102
"KHDRBS1",0.0917936321237448,3.05014525283284e-103,1.96775115022928e-102
"CWC25",0.0917890483308079,3.12233924498279e-103,2.01240568496937e-102
"PAPOLA",0.0917120015973261,4.62562443661491e-103,2.97846160151937e-102
"PRCP",0.0916429994799346,6.5752958262616e-103,4.22983587834012e-102
"TTC3",0.0915868070371879,8.75423861086952e-103,5.62617939620616e-102
"CHMP1B",0.0915823081592492,8.95709111608507e-103,5.75108195971996e-102
"MYO9B",0.0915777469583743,9.16754218872002e-103,5.88062170189147e-102
"GATAD2A",0.0914956838457619,1.39196247268353e-102,8.92043438655294e-102
"DNAJB11",0.0914813476238071,1.49725690997526e-102,9.58613065183974e-102
"UBAC2",0.0914190124821763,2.0555904868214e-102,1.31483891025539e-101
"CD47",0.0912832619784514,4.09594702827112e-102,2.61745726447458e-101
"HNRNPR",0.0912286302293143,5.40412727682531e-102,3.45017039835844e-101
"ZNF511",0.0909979890862532,1.7381917952069e-101,1.10762627025389e-100
"KRAS",0.0909907193825052,1.80330296312143e-101,1.14803496550508e-100
"DNAJC2",0.0908925625573058,2.96200309446716e-101,1.88392313468415e-100
"NDUFB4",0.0908729806537046,3.27003270454609e-101,2.07788450333046e-100
"TPI1",0.0907859429027037,5.07477533649414e-101,3.22164845540252e-100
"DDOST",0.0907785515895382,5.26764709609696e-101,3.34095328486975e-100
"NPC1",0.0907087501355942,7.49096227177682e-101,4.74661629985784e-100
"STX4",0.0907069731386448,7.55838654080764e-101,4.78485500022476e-100
"COMMD6",0.090633001541775,1.09736933250791e-100,6.94042474937881e-100
"RSRC2",0.0906207064890606,1.16749146019872e-100,7.37701846953602e-100
"PTMS",0.0904255105053186,3.11771823311551e-100,1.96815060449056e-99
"FADS1",0.0903583679876841,4.36873360776102e-100,2.75531790317838e-99
"COQ10B",0.0903471696704292,4.62148836476925e-100,2.91201144773578e-99
"CHSY1",0.0903446899006603,4.67940291203468e-100,2.94575820188701e-99
"CIB1",0.0901971791475035,9.80963755755124e-100,6.16957763038176e-99
"AGAP3",0.0900954943244762,1.63282592121893e-99,1.02597918711535e-98
"GADD45GIP1",0.090093739636597,1.64723752840829e-99,1.03407362391536e-98
"MDFIC",0.0900393724803959,2.16254072319259e-99,1.35630221052923e-98
"PPP4C",0.0899800536429576,2.90975358082616e-99,1.82324781834714e-98
"ARRDC3",0.0898658950998093,5.14832097537056e-99,3.22294426985929e-98
"NAA50",0.0898466694253072,5.6671980060886e-99,3.54448896569519e-98
"RBM25",0.0898177885641276,6.54632310553262e-99,4.09054441002828e-98
"P4HB",0.0897885373932529,7.57545545603549e-99,4.72923862772446e-98
"COX6A1",0.0897763658468979,8.04986003907544e-99,5.0207660262167e-98
"CYC1",0.0897751007227514,8.10083982280395e-99,5.04790581032051e-98
"LPP",0.0897469037560664,9.32453095270443e-99,5.80507861613579e-98
"AC245014.3",0.0896085284270392,1.85855758007403e-98,1.15493637857358e-97
"SDF4",0.0895970682686538,1.96772097740701e-98,1.22164935980246e-97
"ITM2B",0.0895866223483863,2.07278612359196e-98,1.28569788822067e-97
"CALM3",0.0895810595555074,2.13100189769132e-98,1.32059613476545e-97
"RPL7",0.0895785650242547,2.15763474518303e-98,1.33587623737935e-97
"IPO7",0.0895524421826393,2.45728740500911e-98,1.52001099224763e-97
"TTC19",0.0893936861645456,5.41166354176147e-98,3.34444764221657e-97
"ETV3",0.0893555229192469,6.54127588157583e-98,4.03886449637755e-97
"TMBIM6",0.0893390101310457,7.10027866462694e-98,4.38001679302397e-97
"CALHM6",0.0892963158896461,8.77652670699625e-98,5.40912461859632e-97
"RPL21",0.0892760145710927,9.70679806422108e-98,5.9770183708742e-97
"SPINT2",0.089247075423317,1.12054196885059e-97,6.89352525150034e-97
"GNAI2",0.0892333713711507,1.19935477937802e-97,7.37167060306799e-97
"IQSEC1",0.089230817396836,1.21464289167933e-97,7.45885612229243e-97
"LSM4",0.089215886251237,1.30799250403548e-97,8.0248070052485e-97
"CCT2",0.0891291353446145,2.01061865356703e-97,1.23243814295255e-96
"GHITM",0.0890949496180567,2.38155878048499e-97,1.45848903214303e-96
"ETV6",0.0890689533099774,2.70868698091719e-97,1.65732422425168e-96
"ENY2",0.0889144522589882,5.81604929192797e-97,3.55536250115054e-96
"ZBTB10",0.0888522621833922,7.90766519450571e-97,4.82524588267627e-96
"TMEM230",0.0888365706708088,8.54470993157462e-97,5.20926815575979e-96
"CLINT1",0.0888110543006501,9.69174711170481e-97,5.9032344344357e-96
"SERTAD2",0.0888046588139125,1.00025542953533e-96,6.08706296947649e-96
"KBTBD2",0.0887725505176466,1.17198095588039e-96,7.12568636934112e-96
"GUSB",0.0887390447882119,1.38260501277284e-96,8.39873539205495e-96
"IFITM3",0.0886561467952593,2.08050322791432e-96,1.26268243482305e-95
"BRD4",0.088548664904607,3.53198467683486e-96,2.14168147085923e-95
"BLVRA",0.0885036420982287,4.40774494262746e-96,2.67031931515271e-95
"KDELR2",0.0884955914378561,4.58577376543081e-96,2.77568634092011e-95
"REST",0.0884549912028012,5.59899935657582e-96,3.38291641195792e-95
"TNFRSF1B",0.0884494488114941,5.75363789499191e-96,3.47324516143217e-95
"CASP4",0.0884440721234409,5.90772360645094e-96,3.56307933124128e-95
"ARF5",0.0883855664989553,7.8752945699154e-96,4.7455317813902e-95
"SERBP1",0.0883664821238821,8.64914885559304e-96,5.20720350958723e-95
"IGFBP7",0.0883256807996135,1.05674915708351e-95,6.35647780341782e-95
"CRTAP",0.0883229327569111,1.0710998491439e-95,6.43707207116615e-95
"CD52",0.0883221669445475,1.07513356428405e-95,6.455575513432e-95
"HSPD1",0.0882305347794352,1.68534566064714e-95,1.01105785373871e-94
"MTRNR2L12",0.0882272589119007,1.71263407680819e-95,1.02651764125002e-94
"PFDN2",0.088211175947683,1.85313755584014e-95,1.10974871700932e-94
"STAB1",0.0880267166487737,4.5729687680063e-95,2.73367301861102e-94
"PPP2CA",0.0879697777437087,6.04119455310797e-95,3.6081728245197e-94
"STK10",0.0879289826966913,7.37416897276327e-95,4.40041980801876e-94
"ABI3",0.087874801672544,9.60844747745418e-95,5.72358708326588e-94
"CNN2",0.0878505249186549,1.08176000474275e-94,6.4381860845649e-94
"ANKLE2",0.0878114224843795,1.30922876479408e-94,7.78513252310712e-94
"CD300A",0.0877840603280781,1.49620929862041e-94,8.88916614057344e-94
"TOMM5",0.0877779061584322,1.54180592265358e-94,9.15201917740198e-94
"SKI",0.0877737386617552,1.57346779549485e-94,9.33176821521114e-94
"NANS",0.0877132246636073,2.11348398129759e-94,1.25234576665671e-93
"UBL5",0.0876687191492531,2.62533283815621e-94,1.55427980024292e-93
"KRTCAP2",0.0876672618093367,2.64403786031948e-94,1.56398424966054e-93
"DPYSL2",0.0876350433616824,3.09327911482308e-94,1.8281171411992e-93
"LAMTOR2",0.0876112690266243,3.47290213250381e-94,2.05068046444177e-93
"SAMSN1",0.087546954739563,4.74922835071295e-94,2.80187895978798e-93
"MAFK",0.0875361767719069,5.00486991856431e-94,2.95012428242488e-93
"ERN1",0.087535940841387,5.01061684265474e-94,2.95093906560877e-93
"AC100810.1",0.0875273529362171,5.22434790707369e-94,3.0741354394887e-93
"COX5B",0.0874287533262239,8.43689765209952e-94,4.95585273899608e-93
"UXT",0.0874132375154574,9.09737614796405e-94,5.33918056739452e-93
"CTSZ",0.0874125675719032,9.12702804511359e-94,5.35193726045213e-93
"CLTA",0.0874031093731303,9.55608727845532e-94,5.59867470447456e-93
"ATP5PB",0.0873677536517495,1.13458919084259e-93,6.64152166172011e-93
"XYLT1",0.0873358244756577,1.32478389669589e-93,7.74815218474126e-93
"RNF19B",0.0873238019390356,1.4043714408975e-93,8.20653008807952e-93
"TXN",0.087315538744002,1.46182118816189e-93,8.53486446732518e-93
"ARIH1",0.0872985886614229,1.58710761459533e-93,9.25835598125889e-93
"SEPTIN6",0.0872982974299764,1.58935132934383e-93,9.26345201525314e-93
"CTSC",0.0872416340565297,2.09195666182618e-93,1.21718752070627e-92
"C17orf49",0.0871025053416012,4.10416562378221e-93,2.38387145896834e-92
"MRPS15",0.0870994421924805,4.16546251605234e-93,2.41739846103261e-92
"SWAP70",0.0870646883409039,4.92828039371524e-93,2.8569646226117e-92
"RAB34",0.0870645601279638,4.93133813723984e-93,2.8569646226117e-92
"CYLD",0.0870604928446861,5.02932712679236e-93,2.91123978632218e-92
"MORF4L2",0.0870405373648295,5.5389727229656e-93,3.20350680752527e-92
"ESYT2",0.0870274767182327,5.90010480788089e-93,3.40945372701562e-92
"TUBGCP2",0.0870072128155742,6.50744586009165e-93,3.75720251580526e-92
"IL13RA1",0.0869887819457382,7.11383258347247e-93,4.10380734614824e-92
"TRIR",0.0868283584039476,1.54362210444242e-92,8.89721146473589e-92
"AL360012.1",0.0867796788621933,1.95212105723409e-92,1.12421554241564e-91
"MRPS24",0.0867235387813808,2.55874999180591e-92,1.47231563358296e-91
"KHSRP",0.0867126570476116,2.69648676672e-92,1.55025059777159e-91
"GZF1",0.0866806658277321,3.14575148127837e-92,1.80700303865107e-91
"IL1RAP",0.0866588569557498,3.49409410388244e-92,2.00539645469857e-91
"MLEC",0.0866542693367552,3.57213185201579e-92,2.04844643354357e-91
"ZYX",0.0866503081639265,3.640910716687e-92,2.08611841995939e-91
"ZFAND5",0.0866425167901127,3.78007273249845e-92,2.16401962272837e-91
"BRI3",0.0865599607692803,5.62362749317495e-92,3.21669589520777e-91
"MPHOSPH6",0.086543207393995,6.09544764307142e-92,3.48362819229128e-91
"TPMT",0.0865354375847522,6.3274738684918e-92,3.61317996831698e-91
"MEX3C",0.0865185058282155,6.86407161883493e-92,3.91628592531164e-91
"NOL7",0.0864086744994918,1.16339327359328e-91,6.63212641042509e-91
"ZNF800",0.0863613472449157,1.46007886071749e-91,8.30942186642338e-91
"SKP1",0.0863548446055049,1.50635128870868e-91,8.56555177708949e-91
"DENND5A",0.0862992423832178,1.96673547412001e-91,1.11740323869961e-90
"TPP1",0.0862877807329548,2.07783594041406e-91,1.17953390370608e-90
"MZT2B",0.0862606526115309,2.36637912606005e-91,1.34220547577953e-90
"CTDSP1",0.0862290892082021,2.75275666281699e-91,1.55874269659176e-90
"ATRAID",0.0861947896949639,3.24427483291105e-91,1.83552653935662e-90
"CCNT1",0.0861009518347735,5.08361360038949e-91,2.87137105699527e-90
"PSMB6",0.0860731225127237,5.80735458481357e-91,3.27742273354963e-90
"IER5L",0.0860604536840618,6.17002907550145e-91,3.47919654540995e-90
"AC103591.3",0.0860581159841195,6.23937939244259e-91,3.51537033935869e-90
"FMNL1",0.0859986969551226,8.2885586166702e-91,4.66602371418045e-90
"CPED1",0.0859462096748189,1.06501726714557e-90,5.99050061827888e-90
"NOP10",0.0859171523175982,1.22349799947305e-90,6.87620114250811e-90
"B2M",0.0856675991423471,4.0194983423276e-90,2.25712859572067e-89
"LRRC59",0.0856233685781277,4.96100492031969e-90,2.78351487686983e-89
"TAPBP",0.0855776689953278,6.16528227964153e-90,3.45634108562657e-89
"NDUFAF3",0.085549989595724,7.03225258957996e-90,3.93911017051782e-89
"MPP1",0.0855178047029766,8.19433376338236e-90,4.58624921972087e-89
"APH1A",0.0855062525331214,8.65660156255501e-90,4.84096634941558e-89
"NEDD9",0.0854985256854093,8.98022476111349e-90,5.01779335618912e-89
"MRPS21",0.085359465536102,1.7374282634343e-89,9.70004334358323e-89
"PSMB7",0.0853503567919679,1.81411434716071e-89,1.01198243408858e-88
"TMSB4X",0.0853256366166257,2.03967562751539e-89,1.13687113912873e-88
"ACADVL",0.0853253845027564,2.04211458833619e-89,1.13729297625544e-88
"CIITA",0.0852206945328884,3.35321160079599e-89,1.86439668034389e-88
"MICOS13",0.0851525298004776,4.62971406537561e-89,2.57202110073989e-88
"ATP5F1B",0.0851492521785383,4.70205318007324e-89,2.61006416670568e-88
"METTL26",0.0850635489971434,7.05112778532752e-89,3.91080188323211e-88
"APLP2",0.0849605978216826,1.14658891453671e-88,6.35417020588748e-88
"POLR2E",0.0849429146306269,1.24637677528602e-88,6.90151791786143e-88
"TMEM258",0.0848681680318461,1.77320106551536e-88,9.81064844840372e-88
"TMEM50A",0.084838853735645,2.03595108524057e-88,1.12551637672212e-87
"UBAP1",0.0848139018805413,2.28997027499817e-88,1.26490923441688e-87
"UBALD2",0.0847954618837109,2.49779315757866e-88,1.37857792150117e-87
"LRRFIP1",0.0846994781819641,3.924614693062e-88,2.16430015822122e-87
"CFD",0.0846817613205234,4.26574574588701e-88,2.35050586698795e-87
"ADAP2",0.0846205928126985,5.68737332130386e-88,3.13129731476672e-87
"ICAM2",0.0846200001950067,5.70323831772825e-88,3.13747715753952e-87
"CYTH4",0.0845824932319836,6.80254903215281e-88,3.73918975661668e-87
"FCAR",0.0845612425993272,7.51671598371247e-88,4.12839291355646e-87
"ZNF593",0.0845526626859274,7.82582505677979e-88,4.29467558513702e-87
"SRXN1",0.0845498159991553,7.93115867601086e-88,4.34895083605105e-87
"TGFB1",0.0845341628671546,8.53613838747933e-88,4.67689073239447e-87
"IRF8",0.0844674522935216,1.16748635492166e-87,6.39139696002051e-87
"FAM89B",0.0844602379383142,1.20768000686505e-87,6.60608780454257e-87
"TMEM70",0.0844435285780006,1.30615349800803e-87,7.13896831045455e-87
"NRAS",0.0844048730939565,1.56574782247536e-87,8.55090551515015e-87
"NDUFV2",0.0843699533114839,1.84420769060581e-87,1.00635094400209e-86
"GRB2",0.0843472459423397,2.05125884808632e-87,1.118432344509e-86
"CDK2AP1",0.084265447259923,3.00871350029372e-87,1.63915487312537e-86
"TMEM176B",0.0842283840150686,3.5785378976394e-87,1.94645975269027e-86
"TMED2",0.0841810642974326,4.46505023315961e-87,2.42670455196078e-86
"HOTAIRM1",0.084106441821574,6.32843772512148e-87,3.43667208510412e-86
"EPS8",0.0840376464232094,8.72606933133877e-87,4.7349080858091e-86
"HNRNPD",0.0840262928720653,9.20096594660619e-87,4.98859107979186e-86
"SAR1A",0.0839297402774581,1.44353797272e-86,7.82032069996789e-86
"SSBP4",0.0838857645441125,1.77189659725086e-86,9.59150752122742e-86
"ITGA5",0.0838703339790637,1.90396881625148e-86,1.0298186533341e-85
"PSMA2",0.0837983348135018,2.66233584534267e-86,1.43885312952532e-85
"GPATCH2L",0.0837820963590702,2.87133737452536e-86,1.55056805025287e-85
"MTDH",0.0837611225059834,3.16568254735942e-86,1.70815480468452e-85
"SLA",0.0836582338320658,5.10770327565353e-86,2.75384225252739e-85
"H1F0",0.0836483538983602,5.34764033415398e-86,2.8809080716506e-85
"SNRPD1",0.0836463962978781,5.396499151424e-86,2.9049148696479e-85
"C12orf57",0.0835629374554374,7.95102932399686e-86,4.27660375970905e-85
"DNAJC8",0.083535608508548,9.02611228804523e-86,4.85099723207264e-85
"CCNK",0.0834314331668484,1.4631328041959e-85,7.84475883359912e-85
"DNASE2",0.0833968175299032,1.717641411869e-85,9.20203929132039e-85
"ZBTB1",0.0833748557500582,1.90154152114029e-85,1.01791941602767e-84
"COX7A2",0.0832723297770522,3.05610591333094e-85,1.63467817088849e-84
"VAMP3",0.0832061818869709,4.1493539397908e-85,2.21769027564629e-84
"RNASEK",0.083168591913036,4.93635502340436e-85,2.63623193627463e-84
"CIRBP",0.08315552284027,5.24350867191892e-85,2.79805541679904e-84
"SELENOS",0.0831098506886289,6.47447185512061e-85,3.45220064767117e-84
"WDR45B",0.0830101550664199,1.0255076916198e-84,5.46371749648657e-84
"PPTC7",0.0829002426704223,1.70161761409455e-84,9.05876904637266e-84
"BNIP2",0.0828743636954606,1.91690376721413e-84,1.0196842148021e-83
"HNRNPH3",0.0828342287520392,2.30572524920133e-84,1.22555097561715e-83
"AP1S2",0.0828035180244819,2.65555079513532e-84,1.41038326205105e-83
"EIF1B",0.0827966903485473,2.74025076181235e-84,1.45422569863526e-83
"H2AFV",0.0827650565378907,3.16921754989683e-84,1.68055528273353e-83
"C1orf43",0.0827270993932085,3.77317695463168e-84,1.99925151961323e-83
"KTN1",0.0827245830985848,3.81705108255407e-84,2.02091482922068e-83
"EIF4A3",0.0826188577306587,6.20217662719653e-84,3.28113585105444e-83
"AP3S1",0.082578563036881,7.46139622569428e-84,3.9442142206348e-83
"FNBP1",0.082546754149977,8.63301652252343e-84,4.55998630537351e-83
"DIPK2A",0.0825228695485424,9.6318315140118e-84,5.08359194896438e-83
"PHB",0.0825138757846982,1.00371144478599e-83,5.2933643355679e-83
"THAP12",0.0825017809017432,1.06090826104504e-83,5.59064750812589e-83
"TLE5",0.0824658239649948,1.25086814611655e-83,6.58654169462151e-83
"SMG1",0.0823855686455345,1.8061766138469e-83,9.49576989597112e-83
"LSM3",0.0823753906135787,1.89226993673592e-83,9.94066592251093e-83
"PSMB2",0.0823735543739441,1.9082324272461e-83,1.00167386961264e-82
"AHCTF1",0.0823584648390926,2.04459629912221e-83,1.0724216895551e-82
"MDH2",0.0823578094106033,2.0507347670918e-83,1.07480757831842e-82
"ZNF410",0.082353400768101,2.09250459810899e-83,1.09585000680208e-82
"MAPK7",0.0823483892984527,2.141017290891e-83,1.12038838264041e-82
"WAC",0.0823426029476035,2.19842793246024e-83,1.14954147342333e-82
"ITGB1BP1",0.0823335289860683,2.29156433889862e-83,1.19731580334572e-82
"OTUD4",0.0823023793229459,2.64226511718978e-83,1.37948683068109e-82
"IGF2BP2",0.0822970870144318,2.70695702209021e-83,1.41217102055185e-82
"DYRK1A",0.0822914046034104,2.77817696230416e-83,1.44820774418955e-82
"MIOS",0.0822862934021446,2.84383263100363e-83,1.4812906331445e-82
"RCN1",0.0822636752258551,3.15345309172978e-83,1.64130072002964e-82
"ATP6AP2",0.0822602728199757,3.20285189979335e-83,1.6657293611156e-82
"CDC37",0.0821798606223019,4.62375995917225e-83,2.40286249684578e-82
"MITF",0.0821526712676348,5.23451618226482e-83,2.7160831855942e-82
"TRMT112",0.0821155723662646,6.19964194700962e-83,3.21440024568497e-82
"VPS26A",0.0820928758302752,6.87559352043719e-83,3.56213699553071e-82
"MRPL11",0.0820560304229223,8.13288518631661e-83,4.21029377830678e-82
"SEC61G",0.0819871945053263,1.11279446768021e-82,5.75639127466406e-82
"EIF2A",0.0819142669306896,1.55079233120391e-82,8.01598390769851e-82
"CHML",0.0819011947652201,1.64579839628721e-82,8.50056757623972e-82
"RBIS",0.0818715656912673,1.88317663706501e-82,9.7192040024401e-82
"PDCD5",0.0818663076971689,1.92873620945355e-82,9.93916578667336e-82
"VCP",0.0817518270899987,3.24448113874809e-82,1.67067303724873e-81
"MAGT1",0.0817377172415597,3.45909267181349e-82,1.77982690670708e-81
"ARHGAP31",0.08172397177554,3.68176548853313e-82,1.89295942722224e-81
"RHOB",0.0816489586880549,5.17409953822751e-82,2.65821329619728e-81
"SF3B5",0.0816389713498343,5.41377122098132e-82,2.77923365414235e-81
"RAD23A",0.0816243842955733,5.78385671906599e-82,2.96696929268628e-81
"SEC31A",0.0815647983149269,7.57654320091811e-82,3.88362460814309e-81
"NDEL1",0.0815145036321803,9.51423881505549e-82,4.87316429004471e-81
"ADAM15",0.0815011563123371,1.01067335657256e-81,5.17271957894554e-81
"AP2S1",0.0813992196737497,1.60267104790603e-81,8.19641373289916e-81
"IER2",0.081287457138075,2.65514746394678e-81,1.3568746790434e-80
"CDK6",0.0812628697077061,2.9667503095463e-81,1.51496970112104e-80
"SPTY2D1",0.081253499775812,3.09487114603865e-81,1.57920179761263e-80
"PSENEN",0.0811903687925028,4.11433979099219e-81,2.09781684214918e-80
"GOLT1B",0.0811511405794153,4.9100902996086e-81,2.50166695671844e-80
"RAP2A",0.0810702518924117,7.06823877190782e-81,3.59852126030638e-80
"DDX39A",0.0810611123792725,7.36509735864837e-81,3.74683395348545e-80
"CTSH",0.0810033417496871,9.55146841847178e-81,4.85544947197652e-80
"PIP4K2A",0.0809931974118095,9.99735665082069e-81,5.07829664283987e-80
"IRGQ",0.0809283289954522,1.3382406502989e-80,6.7926764539571e-80
"AP2M1",0.0809106858928442,1.44864811447912e-80,7.3475693188247e-80
"UBXN1",0.0808395363487051,1.9940089904112e-80,1.01060680541005e-79
"RWDD1",0.0808004466056244,2.37635963983588e-80,1.20348820411464e-79
"PPP1R2",0.0807768559854439,2.64162889102057e-80,1.33683030929567e-79
"PCNP",0.080690087262866,3.89762212807453e-80,1.97096658249154e-79
"TSPAN4",0.0806182597366345,5.37651186313898e-80,2.7147570355999e-79
"PPP1R10",0.0805738004253093,6.56007634168969e-80,3.30990120493761e-79
"RAP2C",0.0805034750453587,8.98443473346985e-80,4.52973625898506e-79
"SSB",0.0804589064516859,1.09644558972539e-79,5.52389614913066e-79
"PSMB3",0.0804391214676367,1.1977584685165e-79,6.02981757679828e-79
"ST3GAL1",0.0803214762436041,2.02488519258911e-79,1.01861970142076e-78
"SNRPE",0.0802997507969225,2.23086839624796e-79,1.1205721565403e-78
"TCEA1",0.0802841042690454,2.39203730243564e-79,1.20063579820099e-78
"DNAJC21",0.080261798443314,2.64207444150184e-79,1.32515321209154e-78
"HGS",0.0802307243569105,3.03441247266564e-79,1.52080524297201e-78
"TNFRSF10B",0.0802049644240385,3.40332405992088e-79,1.70443510882408e-78
"SDHB",0.0802046202125328,3.40854490518048e-79,1.7057862401129e-78
"TAF10",0.0801067296385433,5.2695760882105e-79,2.63517780565024e-78
"PSMA4",0.0800970623842659,5.50108418838369e-79,2.74891575740297e-78
"C9orf16",0.0800888951896835,5.70455432994554e-79,2.84848536371948e-78
"FDX1",0.0800774006543586,6.00369401482895e-79,2.99564392872757e-78
"PLAAT4",0.0800123102963875,8.01774946089293e-79,3.99764042072987e-78
"ADRM1",0.0799818440586572,9.17955080542092e-79,4.573540382863e-78
"MAP2K3",0.079879817218024,1.44366232615617e-78,7.18219351518901e-78
"SNX8",0.0798663632074751,1.53241963210436e-78,7.61815377401292e-78
"POLR1D",0.0798296309702757,1.80343577573954e-78,8.95887529741002e-78
"BAG1",0.0798146503242307,1.92723417818021e-78,9.56683574058475e-78
"KCNMB1",0.0798029419103834,2.02986107366444e-78,1.00688853404588e-77
"CBFB",0.0797943561266132,2.10856403734263e-78,1.04516139710217e-77
"SPAG7",0.0797116660338236,3.04091775880707e-78,1.5062010965051e-77
"MS4A7",0.079692534404711,3.3095752603286e-78,1.63807015630173e-77
"MAP2K1",0.0796678413516503,3.69160117221961e-78,1.82581679044453e-77
"DNAJC7",0.0796487197576848,4.01737828738213e-78,1.98548937141744e-77
"DNAJC3",0.0796121790376571,4.72176000049303e-78,2.33190791551011e-77
"SLC66A2",0.0795736642233188,5.59783913198917e-78,2.76255404170648e-77
"CMC2",0.079549542585037,6.22724011118671e-78,3.07092417153416e-77
"IPO5",0.0794332627210817,1.04032701940769e-77,5.12656776837857e-77
"SRGAP2C",0.0794239780552257,1.08380635969599e-77,5.33693721624516e-77
"TMEM176A",0.0794204353635839,1.10087000698202e-77,5.41701755255127e-77
"CBX6",0.0794163054171717,1.12110065736274e-77,5.51255385049417e-77
"PER1",0.0794160052693621,1.12258530741154e-77,5.51584248794289e-77
"CD164",0.079414883225537,1.12815276459983e-77,5.53917272437142e-77
"WDR83OS",0.0793607477087237,1.43216678261214e-77,7.02676314748961e-77
"CDK9",0.0792977954615435,1.88976019708649e-77,9.26516946519346e-77
"ATXN1",0.0792184897745725,2.67894126134203e-77,1.31248709187924e-76
"TPPP3",0.0791560151996806,3.52571496520668e-77,1.72484507089453e-76
"TMEM14C",0.0791011692082917,4.48629353271796e-77,2.19319093092597e-76
"NECAP1",0.0790762218655679,5.00564994662273e-77,2.44531786771071e-76
"TUFM",0.0790653293157201,5.25081898228585e-77,2.5632337284646e-76
"ANAPC11",0.0790464042422693,5.70559208593181e-77,2.78322569213456e-76
"ZPR1",0.0789711833756297,7.93588928911151e-77,3.86838842708601e-76
"LATS2",0.0789118342190237,1.02933826945766e-76,5.01394527363346e-76
"POGZ",0.0788906714373672,1.12932184135645e-76,5.49305393482804e-76
"IAH1",0.0788449318921714,1.37973120645122e-76,6.706227668452e-76
"UBE2I",0.0788197892227315,1.54022192189819e-76,7.48091983761037e-76
"MAP3K2",0.0787998763490307,1.6804319210566e-76,8.15606620119431e-76
"NAGA",0.0787898292096974,1.75593497694144e-76,8.51030564810114e-76
"LSM7",0.0787639039276163,1.96675307515001e-76,9.52522746496365e-76
"RAP1B",0.0787267045721345,2.31406874488745e-76,1.11992976264739e-75
"UBAC1",0.078673895281446,2.91461970188817e-76,1.40956679574148e-75
"SEC63",0.0786633879873782,3.05148623469896e-76,1.47470324751963e-75
"VPS37C",0.0786048626851455,3.9397547599926e-76,1.90126209366952e-75
"TBCB",0.0786022565127573,3.98481608987187e-76,1.92163634690611e-75
"SSBP3",0.0785993692204094,4.03533829060927e-76,1.94461312778398e-75
"RBM7",0.0785786718934255,4.41669317786876e-76,2.12687055381557e-75
"TENT5A",0.0784994801183086,6.23812056990605e-76,3.00184577744732e-75
"ATXN2L",0.0784872079128091,6.58079914152388e-76,3.16449381193762e-75
"IDH2",0.0784635208507344,7.29617981114859e-76,3.50600367471042e-75
"TIAM1",0.0783478094777644,1.20734245099921e-75,5.79747323239038e-75
"RIOK3",0.0783429263274339,1.23325869689332e-75,5.91771614598703e-75
"CREBL2",0.0783211903837076,1.35551364265322e-75,6.49973598438185e-75
"HMGN2",0.0783206614451643,1.35863464224552e-75,6.51008420710273e-75
"CHP1",0.0782399344342957,1.92956476698606e-75,9.23922619659543e-75
"ADAMTSL4-AS1",0.0782215029064028,2.09036989930297e-75,1.00021166944001e-74
"COX16",0.0782058692701204,2.23719247088e-75,1.06970709304241e-74
"COTL1",0.0781364936447069,3.02310188911154e-75,1.44446585669845e-74
"DDX24",0.0781083969695607,3.41485467671095e-75,1.6304966433081e-74
"PET100",0.0780927296705014,3.65487817669816e-75,1.74386953794328e-74
"GMEB1",0.0780590486725427,4.2293365407217e-75,2.01654050435962e-74
"TIMP2",0.0779719997357577,6.16596549964649e-75,2.93785008760465e-74
"OLA1",0.0779584171155122,6.53930849028119e-75,3.11353976780219e-74
"LCOR",0.0779401222094076,7.07803964407917e-75,3.36767248653197e-74
"DHX9",0.0779219382777953,7.65733341845249e-75,3.64073356133314e-74
"DENR",0.0778854894065964,8.96467885660655e-75,4.25932492969198e-74
"VHL",0.0778767385909496,9.31033822607815e-75,4.42044920972713e-74
"CAPZA2",0.0778685991005337,9.64376624686528e-75,4.57554411193377e-74
"RPS27L",0.0778616401125757,9.93825926013021e-75,4.71196149072513e-74
"ZFP91",0.0778247596251463,1.16553147206142e-74,5.52218520154676e-74
"SNRPG",0.0777647141247674,1.51057021561347e-74,7.15193643400749e-74
"STK24",0.0777307157709309,1.74931064930505e-74,8.27647956609618e-74
"PSMA5",0.077727447472533,1.77415481366402e-74,8.3881543322954e-74
"WDR43",0.0777166626095379,1.85865931156006e-74,8.78154829172436e-74
"NEMF",0.077710033767765,1.91257850482474e-74,9.0299883178213e-74
"TXNDC11",0.0776679480163628,2.29321218409482e-74,1.08195447150489e-73
"PBDC1",0.0776523087741907,2.45315495254652e-74,1.15660952818459e-73
"EIF4G1",0.0776269689660926,2.73624585510635e-74,1.28918175793547e-73
"RNF139",0.0775973877924464,3.10816726565057e-74,1.46339267987907e-73
"HPRT1",0.0775323080940935,4.11339237124143e-74,1.93532677953816e-73
"RBMX",0.0775168308182561,4.39669908116337e-74,2.06574582958621e-73
"SAMD1",0.0773981663990464,7.32342507951708e-74,3.43844978907049e-73
"SLC31A2",0.0773919610299874,7.52129140836564e-74,3.52890015350174e-73
"CCT3",0.077375307048622,8.07906905713468e-74,3.78797405653867e-73
"C1orf122",0.077342288050264,9.3097959269843e-74,4.36199100917123e-73
"COX7A2L",0.0773380700982301,9.47991697596908e-74,4.4386231769063e-73
"BAX",0.0772967374309167,1.13200011509777e-73,5.29650711292457e-73
"EIF4E2",0.0772731000752956,1.25281414070155e-73,5.85772918760941e-73
"ODF3B",0.0772384123486647,1.45375391787851e-73,6.79255717952773e-73
"METAP2",0.0772353423925219,1.47301490306979e-73,6.87779955777267e-73
"EPB41L4A-AS1",0.0771933030054101,1.76384845521709e-73,8.23007550429453e-73
"SRF",0.0771623317467817,2.01411949751359e-73,9.39135305013063e-73
"AOAH",0.0770975559502687,2.65784378933584e-73,1.2384343114886e-72
"TMBIM1",0.0770731710741547,2.95015182762701e-73,1.37368984205139e-72
"TAF13",0.0769623899316221,4.73728680368183e-73,2.2043218224152e-72
"RUFY3",0.0769244031775012,5.57173520821085e-73,2.59081855176847e-72
"ERCC1",0.0768925790804284,6.38253708842053e-73,2.96579609998702e-72
"TOMM22",0.0767234728306198,1.31253145371625e-72,6.09479749902169e-72
"GCLC",0.0767222681302253,1.31928264748204e-72,6.12194233330546e-72
"SNF8",0.0766647865756744,1.68504251208222e-72,7.81383568188471e-72
"REXO1",0.0766525710142703,1.77494503165534e-72,8.22508797739669e-72
"ADO",0.0766312358787714,1.9435826636732e-72,9.00038519800992e-72
"TBC1D12",0.0766122592635435,2.10695046837937e-72,9.75023416612793e-72
"HSBP1",0.0766026634279333,2.19470053693903e-72,1.01493641109745e-71
"CHMP2B",0.0765936146925741,2.28078223034589e-72,1.0540238318092e-71
"ATP5MG",0.0765831496860288,2.38454240699791e-72,1.1012220774394e-71
"ATP6V0C",0.076542792706848,2.83067543600257e-72,1.30636154421934e-71
"KDSR",0.076482300810659,3.65984967243427e-72,1.68787473637982e-71
"PLXNB2",0.0763815648187175,5.61134589373596e-72,2.58611517297538e-71
"NAPG",0.0763613735267006,6.11278956850942e-72,2.81529770249947e-71
"LYRM2",0.0763193366022266,7.3046298040094e-72,3.36191981653557e-71
"ACOT9",0.0763164219832653,7.39537621866251e-72,3.40136997376716e-71
"PDLIM5",0.0762624373331556,9.2947837208504e-72,4.27206204871989e-71
"NAAA",0.0762499631915046,9.79872287567489e-72,4.50062264690475e-71
"POLR2J",0.0762449932924791,1.00070064647757e-71,4.59005228686218e-71
"SLC25A39",0.0761648203209946,1.40468798426755e-71,6.43870878754773e-71
"ST3GAL5",0.0760994148975534,1.85187877805774e-71,8.48275909108969e-71
"ADAM9",0.0760052280243033,2.75602457580969e-71,1.26157631395053e-70
"LIMD1",0.075896141975146,4.36515038231104e-71,1.99680525945906e-70
"LILRB1",0.0758857998617133,4.55951570297745e-71,2.08430599512039e-70
"ATP5MD",0.0758463717026598,5.38298850303236e-71,2.45908008574336e-70
"BTF3L4",0.0758146493771965,6.15189197491574e-71,2.80843630266072e-70
"POLR2J3",0.0757997573093664,6.54970145806098e-71,2.98802507138666e-70
"FAM49B",0.0757985124517555,6.58409417219022e-71,3.00168986501538e-70
"GLRX3",0.0757449219449626,8.24855328081883e-71,3.7579830681682e-70
"FBXW7",0.0757249422593542,8.97123805769421e-71,4.08448084229431e-70
"UBA2",0.075662642682565,1.16552983034203e-70,5.29935923533453e-70
"PLBD2",0.07558002644998,1.64861353483308e-70,7.49077695497744e-70
"ADGRE5",0.0755657352799224,1.75046115013759e-70,7.94819868104783e-70
"CALCOCO2",0.0755579873763252,1.80827481430554e-70,8.20519867081861e-70
"UQCRC2",0.0755070243603741,2.23898781915387e-70,1.01527811169009e-69
"CTNND1",0.0754689409788121,2.62632376515912e-70,1.19011896623598e-69
"UQCRQ",0.0754420556713254,2.93932505495797e-70,1.33106340901345e-69
"SREBF2",0.075441794207317,2.94254480789204e-70,1.33162954793562e-69
"ECHS1",0.0754193248277619,3.23278716279674e-70,1.46199826138253e-69
"CLIP1",0.0752438091026148,6.73411347934985e-70,3.04340516269281e-69
"LIMD2",0.075233149578625,7.04063885101929e-70,3.17981023859328e-69
"SH3GL1",0.0752116810247897,7.70084043077993e-70,3.47565968975321e-69
"RNF13",0.0751963812658665,8.20866092198268e-70,3.70238535647264e-69
"RLF",0.0751823076993771,8.70520006496796e-70,3.92372384261656e-69
"UFD1",0.075136592008082,1.05341420530232e-69,4.74492567758093e-69
"MACF1",0.0751299708940049,1.08290423949207e-69,4.87451102743399e-69
"UBE2A",0.0751221653107589,1.11872837956712e-69,5.03241688240404e-69
"PNRC2",0.0750990090389597,1.23210605929736e-69,5.53506250292989e-69
"SSH1",0.0749927260282973,1.91823717790743e-69,8.60597316511755e-69
"PUF60",0.074978389196509,2.03617500530531e-69,9.12903130694244e-69
"HSPB1",0.0749769609673937,2.04831266975385e-69,9.17736379072615e-69
"HDLBP",0.0749122333025193,2.68115953139834e-69,1.20048474117776e-68
"NDUFAF8",0.0748262059915682,3.83326149789783e-69,1.71520059479068e-68
"CTNNA1",0.074805381812567,4.17946827151072e-69,1.86887466823307e-68
"TOMM7",0.0747926995080316,4.40540758819483e-69,1.96860282245772e-68
"CAMTA1",0.0747544958028926,5.16226652064982e-69,2.30528956050947e-68
"PAIP2",0.0747079420221716,6.26175775287828e-69,2.79443855889175e-68
"ITPRIP",0.0746003486378865,9.77912398129995e-69,4.36125707371827e-68
"TRA2A",0.074512690952977,1.4054780505465e-68,6.26396644676659e-68
"ATP5F1A",0.0744414993235649,1.88634505808749e-68,8.4015671526545e-68
"RAB11FIP4",0.0744373898636159,1.9186437345213e-68,8.53979610868893e-68
"EIF3J",0.0744355334341603,1.93341469465798e-68,8.59987944117278e-68
"SURF4",0.0743699395293031,2.53486842497552e-68,1.12603452176475e-67
"AKIRIN1",0.0743336579059601,2.94425200165198e-68,1.30703137118641e-67
"FPGS",0.0743129537737686,3.20674294085161e-68,1.42262395164683e-67
"IMPDH2",0.0742444699450328,4.25276535724007e-68,1.88543912001968e-67
"DAB2",0.0741982970469404,5.14364661070314e-68,2.27891184370668e-67
"YRDC",0.0741773907664172,5.60600970574377e-68,2.48213697580443e-67
"CAPNS1",0.0741741615299621,5.68103062781915e-68,2.51370733473071e-67
"COPRS",0.074165497252056,5.88729815313391e-68,2.60327160322684e-67
"ASAH1",0.0741169478902152,7.18907162506725e-68,3.17681785993985e-67
"CPPED1",0.0739964797492864,1.17950716953526e-67,5.20538379453517e-67
"PHF10",0.0739688621514682,1.32113344836467e-67,5.8266035514635e-67
"GUCD1",0.0738425547036662,2.21786693368998e-67,9.77509670057233e-67
"RNF145",0.0738063089374651,2.57293011162493e-67,1.13326257229291e-66
"ARHGAP18",0.0737841019830462,2.81789862042887e-67,1.24035238103643e-66
"ING3",0.0737494314577358,3.24763061191534e-67,1.42857713514376e-66
"RSL24D1",0.0737018952240344,3.94488849367729e-67,1.73416067007491e-66
"ZNF503",0.0736509324097716,4.85882036645569e-67,2.1345344053026e-66
"ZEB2-AS1",0.0736007877581654,5.96365839365086e-67,2.61820093503074e-66
"FAM20C",0.073586050961429,6.33361558203749e-67,2.77881732317687e-66
"NUBP1",0.0735665988481592,6.85719092751638e-67,3.00658027632544e-66
"GPR132",0.0735520726542884,7.27611659055222e-67,3.18819340691663e-66
"CCT7",0.073525166074039,8.12061054834305e-67,3.55592279257431e-66
"CD300C",0.0735093305581358,8.66257980528719e-67,3.78833777901337e-66
"SLC35E1",0.0735042093073957,8.84545483868678e-67,3.86581255102529e-66
"EIF3G",0.0734968233685168,9.11599637762504e-67,3.98147619567977e-66
"BOLA2",0.073488038215955,9.44854781464309e-67,4.12405627984519e-66
"EIF4EBP1",0.07346066909943,1.05640712735225e-66,4.60797973421197e-66
"IDH3G",0.0734494960605485,1.10563492121053e-66,4.81959877646964e-66
"PYURF",0.0734385208155065,1.15621623136659e-66,5.03684145635921e-66
"NCKAP1L",0.0733405818549822,1.72294743950899e-66,7.49604095142874e-66
"SAMD8",0.0733012807287155,2.02172463859398e-66,8.78462743029171e-66
"CSNK1D",0.0732538513641492,2.45180433951079e-66,1.06465312391987e-65
"NTAN1",0.0732329968430803,2.66869672252659e-66,1.15809104884482e-65
"CMPK1",0.0731546638016646,3.6684490872003e-66,1.59091624621945e-65
"SCP2",0.0730768935604264,5.02951457383234e-66,2.17977872010772e-65
"LEPROT",0.0730498026677835,5.61345409220694e-66,2.43129808567656e-65
"MT2A",0.0729288298542212,9.16290920572634e-66,3.96609661587169e-65
"GPI",0.0729113811214994,9.83327574778394e-66,4.25353661745152e-65
"PEPD",0.0728758306640733,1.13540990141166e-65,4.90825213775207e-65
"NFIC",0.0727331599765651,2.02062903740735e-65,8.72937566895276e-65
"CLIC4",0.072714493249503,2.17872948064926e-65,9.4063793222667e-65
"UBE2Q2",0.0727047783881542,2.26582819485057e-65,9.77617385155373e-65
"LASP1",0.0726906450590353,2.3987732132447e-65,1.03431796522624e-64
"EMC4",0.0726546515304622,2.77350919072277e-65,1.19513675197429e-64
"PSMD7",0.0725853687757757,3.66678799729308e-65,1.57905437259226e-64
"NR3C1",0.0725229797010675,4.7138694852948e-65,2.02867419414883e-64
"GCH1",0.0725025253836129,5.11826646856774e-65,2.20131040674214e-64
"UBE2E1",0.0724946692197432,5.28262027204522e-65,2.2705528073298e-64
"PSMD12",0.0724544677179308,6.20965071556875e-65,2.66730930673191e-64
"DBNDD2",0.072397968746683,7.79264287874939e-65,3.34514657163331e-64
"TLN1",0.0723667129793936,8.83502520657678e-65,3.78779996332693e-64
"KYNU",0.0723100357476027,1.10921596225776e-64,4.75247726288003e-64
"NUP98",0.0723016758655324,1.14705368662242e-64,4.9114819349298e-64
"GABARAP",0.0722107959919542,1.6513484331335e-64,7.06630807368075e-64
"MMP24OS",0.0721553437133433,2.06206906485105e-64,8.81267316527051e-64
"GNPTG",0.072149716172047,2.10905881496353e-64,9.00779952493268e-64
"PSMG2",0.0721493200770791,2.11240610648916e-64,9.01640005427602e-64
"NAA20",0.0721291897481632,2.28967949192715e-64,9.76689151099019e-64
"BEX4",0.0720646605447531,2.96411401142049e-64,1.26357974976128e-63
"NAB1",0.0720612583723576,3.00471594686993e-64,1.28008093993621e-63
"RHOG",0.0720361865743437,3.32151884995934e-64,1.41237666318082e-63
"UBQLN1",0.0720312568646881,3.38761940039102e-64,1.43957855223404e-63
"SF3B6",0.0720122037028232,3.65565364723423e-64,1.55250466764765e-63
"RAB5A",0.0720017484197993,3.81161008998716e-64,1.6177210181044e-63
"GALNT1",0.0719627156592213,4.4547163180516e-64,1.88829699224745e-63
"MYO1G",0.0719345036686482,4.98583043851459e-64,2.11210523776924e-63
"RFX5",0.0718725505947465,6.38398548457472e-64,2.70270042963117e-63
"PTGIR",0.0718420919524158,7.20837918870359e-64,3.04980298465738e-63
"EDEM1",0.0718141508502401,8.05756767118695e-64,3.40695528610976e-63
"C16orf72",0.0717648587071091,9.8058024968547e-64,4.14356441757717e-63
"DNAJB1",0.0717556258121598,1.01730276097481e-63,4.29605494500358e-63
"NAA10",0.0717534697386862,1.02607373939729e-63,4.33038985771854e-63
"SOCS3",0.071749147164092,1.04388574022268e-63,4.40281440402094e-63
"PRKDC",0.0717319326930789,1.11793083361998e-63,4.71217603871862e-63
"DRAM2",0.071721316755164,1.16617889566822e-63,4.91248318605162e-63
"MDM4",0.0716820363975346,1.36345176627841e-63,5.73991120286945e-63
"USP9X",0.0716770546559787,1.39073801767359e-63,5.8511386045371e-63
"CWC15",0.0716597457205577,1.48984271437242e-63,6.26419564171139e-63
"RCOR1",0.0715657784071771,2.16426018652175e-63,9.09419709202833e-63
"IGBP1",0.0715634290849052,2.18454603730761e-63,9.17373649579923e-63
"RNF11",0.0715003954853023,2.80557277476815e-63,1.17743498014944e-62
"YTHDF3",0.0714985760879152,2.82589796308885e-63,1.18522928836499e-62
"MXD4",0.0714837883083613,2.99663464325297e-63,1.2560599394317e-62
"COPS2",0.0714488845212305,3.44149604778599e-63,1.44163288594059e-62
"AP1G1",0.0714112492230073,3.99514117426598e-63,1.67251699561686e-62
"RPL34",0.0713527126738024,5.03765059520721e-63,2.10764577191807e-62
"ANKRD10",0.0713446272647209,5.20151956443837e-63,2.17485923161211e-62
"AKR1A1",0.0713262253713562,5.59454643262648e-63,2.33774588572235e-62
"NUDC",0.0713070530196753,6.03552862267699e-63,2.52045762927234e-62
"NIPSNAP2",0.0712220235008486,8.44779983339781e-63,3.52565275762979e-62
"APOBEC3C",0.0711754631350731,1.0153869216723e-62,4.23505920877633e-62
"RGS19",0.0711609506845955,1.07527912206561e-62,4.48209749955955e-62
"LARP1",0.0711039876938925,1.34637690760052e-62,5.60865944071912e-62
"FAM204A",0.0710872584321804,1.43823184931429e-62,5.98761424458984e-62
"SS18L2",0.0710599965648226,1.60148239907232e-62,6.66315230777104e-62
"HDGF",0.0710227155673855,1.85501235400978e-62,7.71324632562125e-62
"PDCL3",0.0710150332703762,1.91202970474844e-62,7.94544120086307e-62
"CPEB4",0.0710108484222539,1.94382056377338e-62,8.07258650594091e-62
"SLCO3A1",0.0710051043255955,1.98831580440351e-62,8.25230396167717e-62
"NDUFA2",0.0710004303836729,2.02526911269612e-62,8.40051808033033e-62
"EIF3B",0.0709777485013845,2.21454853699161e-62,9.17436437414234e-62
"CDC73",0.0709093307305059,2.8990377384177e-62,1.20026908447288e-61
"ERGIC3",0.0708737954471,3.33396625576565e-62,1.37949485038137e-61
"EIF2AK4",0.0708532093628217,3.61506274428091e-62,1.49488924856778e-61
"NDUFS5",0.0708278407576399,3.99414154067516e-62,1.65063514404063e-61
"MYL12A",0.0708253148719769,4.03398821433667e-62,1.6660839533983e-61
"MGRN1",0.0707994780463308,4.46502593937115e-62,1.8429817079419e-61
"NEDD8",0.0707834377897176,4.75540853551975e-62,1.96164228850818e-61
"ITGB2",0.0707716262366149,4.98119742695487e-62,2.05352901241719e-61
"SNHG3",0.0707674146223792,5.06426377107297e-62,2.08650136235371e-61
"KLHL5",0.0707476682194443,5.47250883489815e-62,2.25332717617213e-61
"DNMT1",0.0706887064096472,6.89712109323507e-62,2.83818841822047e-61
"KDELR1",0.0706848257965461,7.0029037442532e-62,2.87996546319318e-61
"ADPGK",0.0706648810347111,7.57262899253221e-62,3.11237353304014e-61
"SERPING1",0.0706571548668664,7.80553660885227e-62,3.20615024376976e-61
"SNRPC",0.0705947530360421,9.96798675843683e-62,4.09189790369104e-61
"SPNS1",0.070550883294575,1.18362777686232e-61,4.85589041223673e-61
"CNDP2",0.0705095267536894,1.39157348630166e-61,5.70207778235488e-61
"HMGXB3",0.0704462423464528,1.782323295005e-61,7.29878122200414e-61
"NCOA7",0.0704295079049684,1.90279314062692e-61,7.78739977226309e-61
"AMZ2",0.0704092623736979,2.05943154201392e-61,8.42336155811015e-61
"PSMC4",0.0703844871670061,2.26869611836125e-61,9.27367258539325e-61
"IFNGR1",0.0703485965647382,2.60996861088618e-61,1.06622343070704e-60
"CCT5",0.0703409186592603,2.68936970990079e-61,1.09799689665696e-60
"QARS",0.0703364289697553,2.73691027477476e-61,1.11673206805988e-60
"ESCO1",0.0703021782561848,3.12823733860991e-61,1.27563405587102e-60
"EVA1B",0.0702741402986028,3.48971515979309e-61,1.42217987916583e-60
"ZNF703",0.0702320738814554,4.11155247224641e-61,1.67459073884687e-60
"AKAP8",0.0702273834961369,4.18739298886445e-61,1.70445297999473e-60
"BCL3",0.0701956988834692,4.73753029956826e-61,1.92722276506504e-60
"ZCCHC2",0.0701567259103932,5.5138943217509e-61,2.24169810639554e-60
"DYNLRB1",0.0701152580091729,6.47953295464465e-61,2.63269965783368e-60
"IFNAR2",0.07011198214419,6.56263878053715e-61,2.66486491262532e-60
"PTPN11",0.0700661528389651,7.84301516560318e-61,3.18096133981062e-60
"CSNK2B",0.070062542437937,7.95387526301108e-61,3.22398984731522e-60
"KAT6B",0.0700605887644184,8.01451384755295e-61,3.24662241601591e-60
"MBNL1",0.0700161520391899,9.52522574048887e-61,3.85629049290091e-60
"TXN2",0.0699861951127193,1.07006008761251e-60,4.32954892420598e-60
"PSMF1",0.0699033696979796,1.47573884839802e-60,5.9638196975607e-60
"MBP",0.0698524794784931,1.79763796335446e-60,7.26035261065682e-60
"IDS",0.0698118322027937,2.10427348513131e-60,8.49372718386435e-60
"UTRN",0.0698067786542854,2.14586968848103e-60,8.65645880896196e-60
"NOLC1",0.0697033591215272,3.20215157308146e-60,1.29098072663111e-59
"PTGES3",0.0696656720937177,3.70446944925683e-60,1.49171637560604e-59
"ZNF350",0.0696161343007882,4.4859847435914e-60,1.80534183639413e-59
"FAM126A",0.0696116547298358,4.56427975342437e-60,1.83575820421786e-59
"CLK1",0.0695869105352465,5.02194339655247e-60,2.01863016076642e-59
"AFG3L2",0.0695800659064424,5.15642404511711e-60,2.0714547218679e-59
"TCERG1",0.0695645709622011,5.47426445434671e-60,2.19783265889775e-59
"SERPINB6",0.069534106290654,6.15719120286744e-60,2.47055013190426e-59
"HMGN3",0.0694980653243102,7.07548277187491e-60,2.83732734404782e-59
"SF1",0.0694961527004434,7.12785902957052e-60,2.85663633070103e-59
"USE1",0.0694907134949636,7.27892965671718e-60,2.91545280859389e-59
"C12orf10",0.0693772301522205,1.12704752141659e-59,4.50885697769088e-59
"CDC42SE2",0.0693725492474094,1.14753887466556e-59,4.5881196520484e-59
"SIGLEC10",0.0693521009786816,1.24149522449704e-59,4.96084468843056e-59
"KMT2C",0.0693365256949146,1.31816907833979e-59,5.26411171804804e-59
"HSD17B10",0.0693324244403863,1.33913166752304e-59,5.34466895166661e-59
"PSMA3",0.0693135416580661,1.44001295741933e-59,5.74391009151156e-59
"PNKD",0.0692947883459636,1.54769265227531e-59,6.16978185261404e-59
"PPP2R2D",0.0692497263532679,1.84036608255772e-59,7.33218331418547e-59
"UBE2L6",0.0692410890557037,1.90246372554237e-59,7.57512205441224e-59
"TBXAS1",0.0692405391857056,1.90648694149489e-59,7.58667346171099e-59
"RAB4A",0.0692370907552277,1.93191193164484e-59,7.68332739402984e-59
"BFAR",0.0692168903611081,2.0877795830172e-59,8.29834083526119e-59
"CACYBP",0.0691771524384198,2.43189471622173e-59,9.66042313535553e-59
"IGFLR1",0.0691143548955382,3.0944067567524e-59,1.22849583572537e-58
"GAS2L1",0.0691053546858563,3.20306429923853e-59,1.27088719056055e-58
"MTHFD2",0.0690742429616169,3.60879040357107e-59,1.43102826501724e-58
"SPCS2",0.0689779665882971,5.21792958410827e-59,2.06790280880164e-58
"ATXN1L",0.0689306861973452,6.2525586308731e-59,2.47503213719748e-58
"TRAPPC10",0.0689170122559651,6.58821686101197e-59,2.60637414846705e-58
"PSMB8",0.068896512360721,7.12535163212666e-59,2.8172223616847e-58
"TOMM40",0.068844115253997,8.70485095863392e-59,3.43971346179567e-58
"MCRIP2",0.0688414838189795,8.79278715443937e-59,3.47243188967083e-58
"NEU1",0.0688314788320639,9.13528398786262e-59,3.60558406549557e-58
"AEBP2",0.0688163665235593,9.67797709015007e-59,3.81754977284158e-58
"GNL2",0.068814180315876,9.75910029131889e-59,3.84730478539983e-58
"FAM3C",0.0687747498253046,1.13442034028551e-58,4.46958969736035e-58
"TENT4B",0.0687642228154057,1.18091424242913e-58,4.65006476008347e-58
"TOX4",0.0687297152913515,1.34704521744545e-58,5.29806440671827e-58
"FAM91A1",0.0687188610330378,1.40396722706042e-58,5.51873396636947e-58
"TMEM167A",0.068702790300237,1.49267443090256e-58,5.86401616928076e-58
"NFKBIB",0.0686156066635479,2.08068027073652e-58,8.16926789224717e-58
"AHCY",0.0685296331798005,2.88578371730664e-58,1.13237282139931e-57
"NUFIP2",0.0685027658205379,3.19610847030205e-58,1.25341585659583e-57
"MRPL3",0.0684909029226442,3.34350121808953e-58,1.31045865133352e-57
"USP14",0.0684347617020566,4.13825960972163e-58,1.62007951484238e-57
"FBXO11",0.0683761052822744,5.17013678239401e-58,2.02287585565775e-57
"TAX1BP1",0.0682931308106612,7.08155000127204e-58,2.76913589118567e-57
"BNIP3L",0.0682837648202778,7.3373626945955e-58,2.86750920104972e-57
"SLC26A2",0.0682832309407326,7.35221871411924e-58,2.87165515460198e-57
"PFDN6",0.0682617734499531,7.97477220617393e-58,3.11301587101282e-57
"TMEM179B",0.0682025015701163,9.98088665989864e-58,3.89387043898296e-57
"WDFY1",0.0681986019607167,1.012925784251e-57,3.94947590964302e-57
"LDLRAD4",0.0681962385134305,1.02202487661234e-57,3.98265717047609e-57
"STARD7",0.0681700108876239,1.12863142220902e-57,4.39555129352256e-57
"EIF2AK2",0.0681590852285486,1.17624434104559e-57,4.57834656868694e-57
"NDFIP1",0.0681444526160992,1.24316026233297e-57,4.83602217125041e-57
"ING5",0.0681348787640685,1.2889807591784e-57,5.01138522875514e-57
"CYB5R3",0.0681324103427585,1.30106495426436e-57,5.05545985964443e-57
"MGST3",0.0681315432197476,1.30533669788206e-57,5.06914498241275e-57
"TMEM65",0.0680991151883261,1.47552682938777e-57,5.72677203989133e-57
"LACTB",0.068084618690661,1.55859112066136e-57,6.04568821961642e-57
"SYS1",0.0680768481863648,1.60501665147107e-57,6.22220044758941e-57
"MTHFR",0.0680019610349066,2.12939192144903e-57,8.24088081334681e-57
"SSR1",0.0679548359451705,2.5435888117454e-57,9.83821736625323e-57
"FBXO7",0.0679510617333999,2.58004202128336e-57,9.96780806051244e-57
"NDUFS6",0.0679452027395141,2.6376646706647e-57,1.01846092737659e-56
"ARPC5L",0.0679304216174923,2.78879576257358e-57,1.07620137846804e-56
"AC025164.1",0.0678915848857485,3.22825955320033e-57,1.24508059550413e-56
"PPHLN1",0.0678712807470863,3.48481145614965e-57,1.34326170211105e-56
"C7orf50",0.067822437388526,4.18822571294153e-57,1.61348114217651e-56
"NCBP2",0.0678154214939612,4.30026455443502e-57,1.65569980936989e-56
"MYLIP",0.0678014365806594,4.53257730039985e-57,1.7441522554356e-56
"OAF",0.0677984023964665,4.58460760631526e-57,1.76317019489747e-56
"OXA1L",0.0677560860059101,5.3754071499745e-57,2.06612437413176e-56
"NDUFS4",0.0676913574892779,6.85550446919198e-57,2.63352646114812e-56
"CERS2",0.0676755698335615,7.27423569022462e-57,2.79279429310668e-56
"UBE2G2",0.0676107463968732,9.27778493861552e-57,3.55999454994208e-56
"NUP62",0.0676005805273795,9.63839332132659e-57,3.69626643479802e-56
"TWF2",0.0675745477010149,1.06267659210187e-56,4.07299117868525e-56
"UBE2R2",0.0675064974469596,1.37135208646065e-56,5.25309430966599e-56
"CNOT7",0.0674922518780152,1.44650076884875e-56,5.53782089365029e-56
"DKC1",0.067490677434518,1.45505403305497e-56,5.56741387520354e-56
"VKORC1",0.0674875036512013,1.47244923766115e-56,5.63078580080714e-56
"PCSK7",0.0674719458729257,1.5607627620925e-56,5.96513116704771e-56
"HSF1",0.0674697492759325,1.57364960385137e-56,6.0109858596831e-56
"TRIM8",0.0673569907105387,2.39922047596901e-56,9.15930527274224e-56
"PHACTR4",0.0673560156862694,2.40797861630615e-56,9.187552722825e-56
"TMED10",0.0672605965999424,3.43880125789886e-56,1.31132178819257e-55
"LENG8",0.0672367721506149,3.75847999681726e-56,1.43241732009478e-55
"UBL3",0.0672289474199146,3.8697994543655e-56,1.47401206258959e-55
"TMED4",0.0672215178926337,3.97853397062045e-56,1.51457591077505e-55
"ZFAND3",0.0671477956618196,5.23683378035209e-56,1.99135169791679e-55
"EXOSC6",0.067127847352118,5.64078703656247e-56,2.14375273491843e-55
"FIS1",0.0671203614038075,5.80025978367488e-56,2.2031211459228e-55
"SYF2",0.0671146941934906,5.92396751928473e-56,2.24884583929725e-55
"CEBPD",0.0670974816050524,6.31603832987608e-56,2.39633755040921e-55
"ACP1",0.0670900244759324,6.49382269708412e-56,2.46240803449163e-55
"LSM14A",0.0670717900622174,6.94982214984465e-56,2.63384235174326e-55
"PIEZO1",0.0670702337354423,6.99018861012961e-56,2.64765631333817e-55
"EIF5B",0.0670003680104746,9.06441464326927e-56,3.43138339323312e-55
"MRPL47",0.066999710787349,9.08658695084407e-56,3.43785195157565e-55
"PRPF40A",0.0669963562787521,9.20060007638949e-56,3.47904122575332e-55
"DNAJB12",0.0669295955162959,1.17905822148866e-55,4.4559042121212e-55
"SYNGR1",0.0668583838508137,1.53573904196175e-55,5.79739344651224e-55
"GGNBP2",0.066836161716306,1.66767348459251e-55,6.29193104315287e-55
"EMC7",0.0667829230294808,2.03149192965454e-55,7.66029946257355e-55
"JAK1",0.0667009204657166,2.75226194892227e-55,1.03723762746173e-54
"ETNK1",0.0666622144106665,3.17599364597768e-55,1.19626145072173e-54
"HADHA",0.0666290293667894,3.59062447514017e-55,1.35168218688322e-54
"MPC1",0.0666145903127677,3.7874657927163e-55,1.42498921672537e-54
"SERINC1",0.0666035855601886,3.94467345622783e-55,1.48331130353483e-54
"EVI2B",0.0665332199069832,5.11536985988268e-55,1.92245778891978e-54
"JMJD6",0.0665256602511239,5.26011899118909e-55,1.97575913885719e-54
"MAF",0.0665004824015561,5.77227555307133e-55,2.16692698580318e-54
"DENND1B",0.0664683504605633,6.49862338438265e-55,2.43824598789185e-54
"ABR",0.0664481888199808,7.00014349121057e-55,2.62350167095758e-54
"RANBP9",0.0664289392234815,7.51489434382981e-55,2.81330014721115e-54
"HEXB",0.0664281822093847,7.53589035600792e-55,2.81959904244436e-54
"CD151",0.0664033598724794,8.25768000521169e-55,3.08795213026749e-54
"TRAPPC1",0.0663737689674165,9.2085936724029e-55,3.44164189160398e-54
"CD84",0.0663099754505138,1.16457952091618e-54,4.35012272978691e-54
"YTHDC1",0.0663043187808908,1.18906820725485e-54,4.43914420168418e-54
"PSMB4",0.0662920128874937,1.24412820432412e-54,4.64213619726015e-54
"TMEM134",0.0662744789484976,1.32699373625409e-54,4.94859605670927e-54
"SLC8A1",0.0662365712248645,1.52540994211782e-54,5.68538953619546e-54
"NRG1",0.0662350760811709,1.53381429545192e-54,5.71356388515176e-54
"TRIO",0.0662340133897689,1.53981581155054e-54,5.73276139972094e-54
"TMEM126A",0.0662252831218518,1.59001325262387e-54,5.91638943367639e-54
"FRG1",0.0662031999899886,1.72438139302605e-54,6.41283971300832e-54
"GMFB",0.0661699089331842,1.94861210950957e-54,7.24275232127223e-54
"FNBP4",0.0661675932555524,1.96524821468626e-54,7.30057317554606e-54
"SPPL2A",0.0661643745877121,1.98860669105967e-54,7.38328931260541e-54
"PSMA1",0.0661484463117379,2.10833438085174e-54,7.82351742532307e-54
"GPR65",0.0661304467310792,2.25229100818229e-54,8.35312095793773e-54
"BCCIP",0.0661185455591085,2.35280807913035e-54,8.72112687664491e-54
"SEM1",0.0660962989549609,2.55283415704021e-54,9.45737629356102e-54
"SEC11C",0.0660947348362137,2.56751861843348e-54,9.50656811567841e-54
"REEP5",0.066073976352367,2.7705613022104e-54,1.02527449174847e-53
"SLC6A6",0.066048605275542,3.04055276643515e-54,1.12457205983961e-53
"GET3",0.06595837426826,4.23110031674262e-54,1.56404971249299e-53
"TPP2",0.0658794719262649,5.64646258118451e-54,2.08610565636002e-53
"LSM5",0.065855754219765,6.15770265570801e-54,2.27374263545832e-53
"ACO2",0.0658116003218589,7.23534148598769e-54,2.67020435517264e-53
"TUT7",0.0657735185372971,8.31437389796391e-54,3.0667475135916e-53
"RBBP7",0.0657682471952832,8.47585231223357e-54,3.12460400670726e-53
"TMEM127",0.0657309856616467,9.70990527479568e-54,3.57758417236477e-53
"C9orf78",0.0657033385309649,1.07397297032686e-53,3.9548645165468e-53
"IRF2BPL",0.0656909871521845,1.12342844217283e-53,4.13473037426811e-53
"MAP3K20",0.065660630669945,1.25482651012511e-53,4.61582265231549e-53
"SLC43A3",0.0656381503313082,1.36189575598865e-53,5.00694790986366e-53
"DAP3",0.0656225639496555,1.44142415650214e-53,5.29357345035902e-53
"TMED7",0.065595557958313,1.59032014023052e-53,5.83721740939119e-53
"RRN3",0.0655877756338916,1.6360029486654e-53,6.00163642752402e-53
"MTPN",0.0655703310664982,1.74320687229331e-53,6.39144341842467e-53
"SPEN",0.0655293651582815,2.02326111407535e-53,7.41423761098289e-53
"NAA15",0.0654796109251535,2.42427082033947e-53,8.87892471089663e-53
"RAB2A",0.0654540058701945,2.66054994229387e-53,9.73902445037839e-53
"TAF1D",0.0654459849253097,2.73918065342548e-53,1.00214287866935e-52
"DERL1",0.0654151906957979,3.06315979947462e-53,1.1200661657246e-52
"EBNA1BP2",0.0653403406388947,4.0186486290697e-53,1.46865315573731e-52
"IFRD1",0.0653317579768501,4.14563983730749e-53,1.51424478336229e-52
"TIMM17A",0.0653238567132739,4.2660782739495e-53,1.55739498975014e-52
"NDUFB11",0.0652671199949072,5.23953775213896e-53,1.91173851819814e-52
"SRRT",0.0652076595537308,6.49769197679472e-53,2.36951971171031e-52
"ABHD16A",0.0652061023978985,6.53439938825129e-53,2.38162125412221e-52
"UBE2M",0.0651902822877587,6.91924066374636e-53,2.52052726980545e-52
"CCDC6",0.0651615405610052,7.67706306343303e-53,2.79507934151162e-52
"FCGR1A",0.0651589686650596,7.74877592823876e-53,2.81967029337041e-52
"RNPEP",0.0651453384242545,8.1401150639199e-53,2.96047971743746e-52
"DRAM1",0.0651439996932362,8.17959705812536e-53,2.9732395543003e-52
"ABRACL",0.0650605987673338,1.10549989022701e-52,4.01411641129153e-52
"CRYL1",0.0650175283720042,1.29138403289013e-52,4.68655257454115e-52
"MATR3.1",0.0649938397386684,1.40656373674972e-52,5.10181192283524e-52
"PKM",0.0648453024061225,2.40164244209358e-52,8.70643675656553e-52
"JMY",0.0647837572231687,2.99656973677983e-52,1.08573461899081e-51
"FYTTD1",0.0647695352443159,3.15371240463419e-52,1.14205943051589e-51
"STK38L",0.0647598705009015,3.2651569278154e-52,1.1817840465182e-51
"IDI1",0.0646755126236611,4.42028430897135e-52,1.59901242444919e-51
"NSMAF",0.0645511745519929,6.90284551911987e-52,2.49439543317849e-51
"TUBB",0.0645485486454261,6.96806716047758e-52,2.51661870042676e-51
"TMEM208",0.0645444397675515,7.07135581520642e-52,2.55255935219491e-51
"ITPA",0.0645187708137819,7.75202765441497e-52,2.7967694221718e-51
"SLC35F6",0.0644622466026692,9.48961896449491e-52,3.42000606710821e-51
"SREBF1",0.0644241039628353,1.08761568091359e-51,3.91761833705744e-51
"TNFSF8",0.0644223222490899,1.09456408146049e-51,3.94054726025258e-51
"LPIN1",0.0643808618823426,1.26934012424473e-51,4.56732761044099e-51
"DUS1L",0.0643453412069357,1.441002965888e-51,5.18224524062169e-51
"STOM",0.0643388136911153,1.47497513206137e-51,5.30159854751031e-51
"GTPBP6",0.0642500314170219,2.02453308313994e-51,7.26918118699371e-51
"SELENOT",0.0642371644437867,2.11954406290876e-51,7.60628312596927e-51
"DST",0.0642221310660684,2.23618885619683e-51,8.02062220517071e-51
"HERPUD1",0.0642175386893235,2.27307973381995e-51,8.1486172218222e-51
"SNRPD3",0.0641766802800326,2.62915468460861e-51,9.41510318995702e-51
"RBX1",0.0641739531006686,2.65480862547971e-51,9.50193812433475e-51
"UBASH3B",0.064167900504875,2.71263778658566e-51,9.70377993391832e-51
"NECTIN2",0.0641657782778578,2.73321004307976e-51,9.77220153424761e-51
"TIMM13",0.0641641035448062,2.74955401746143e-51,9.82544117973401e-51
"PLP2",0.0641609508893321,2.78058571540748e-51,9.93108294868989e-51
"PRKCB",0.0641224936278818,3.18839600837988e-51,1.13815973667668e-50
"MEF2A",0.0640564996985605,4.03165469544761e-51,1.43841780453411e-50
"RIT1",0.0640353115834067,4.34691164465401e-51,1.55007751210473e-50
"G3BP1",0.0639856957855271,5.18448441024528e-51,1.84777538733096e-50
"PCIF1",0.0639202021560698,6.54076686999035e-51,2.32870588773063e-50
"TRAPPC6A",0.0638932114593621,7.19764146500422e-51,2.5612238918365e-50
"PSMC5",0.0638894915528587,7.29317979467771e-51,2.59385526521915e-50
"TANK",0.0638737490737058,7.71166963393815e-51,2.74125123002397e-50
"TSPAN3",0.0638598065106553,8.10222726595058e-51,2.87856849947934e-50
"PDE4DIP",0.06385562030558,8.22328981281903e-51,2.92004529540281e-50
"LGALS1",0.0638358692222709,8.8192213470782e-51,3.13001341352208e-50
"MAP4",0.0638273983965918,9.08779877623221e-51,3.22364152812728e-50
"OSBP",0.0638251792910471,9.15949410057664e-51,3.24736967037224e-50
"NFX1",0.0638131026942927,9.55965302878925e-51,3.38746405281154e-50
"SEC13",0.0638089027301085,9.70285969174927e-51,3.43640829627642e-50
"ELK4",0.0637122063482195,1.36601992425957e-50,4.83542445440782e-50
"ARRDC2",0.0636998120625698,1.42719209723675e-50,5.04931751408566e-50
"TMEM189",0.0636832074829465,1.51343889854927e-50,5.35165292525712e-50
"SNAPC2",0.0636694089780409,1.5890439803128e-50,5.61606186664653e-50
"ARID1B",0.0636535748357459,1.68044602972266e-50,5.93599561491895e-50
"NDUFS8",0.063649234797674,1.70640014856133e-50,6.02452814852383e-50
"LYRM4",0.0634723601270566,3.183958956245e-50,1.12176896837793e-49
"ABL2",0.0634542732315662,3.39332453549604e-50,1.19490974919212e-49
"SRGAP2B",0.0633764804878614,4.46163387432859e-50,1.57028144842975e-49
"TBC1D9B",0.0633737083396228,4.5053353849623e-50,1.58483728083924e-49
"CLTB",0.0633471865449987,4.94558611697979e-50,1.73879915428499e-49
"ELK1",0.0633083724455813,5.66819080093514e-50,1.99182110213734e-49
"RPN2",0.0632987246700017,5.86354736295769e-50,2.05939967381594e-49
"ZNF787",0.0632494844969321,6.96999897942489e-50,2.44673744028514e-49
"NDUFAF2",0.0632381511416567,7.25276235312667e-50,2.54467702488269e-49
"STMP1",0.063231802491639,7.4161193471763e-50,2.60064226692214e-49
"DAP",0.0632108484214033,7.98172870595516e-50,2.79753591399496e-49
"ELF4",0.0631357115082303,1.03865042344993e-49,3.63662118743913e-49
"LRPAP1",0.0631057220067771,1.15366863783133e-49,4.03724309543356e-49
"KCNAB2",0.063065062693559,1.33010566759719e-49,4.65227336711049e-49
"CYB561A3",0.0630605058163195,1.35148254991563e-49,4.72459851084777e-49
"ATF6B",0.063053589610731,1.38458253584284e-49,4.83781009035321e-49
"KCTD20",0.0630266717366066,1.52127108336024e-49,5.31266208398686e-49
"KIF5B",0.0629761447977594,1.81513534307671e-49,6.33563761205039e-49
"RAD23B",0.0629632309322083,1.89890414294853e-49,6.62460831293861e-49
"PSMD9",0.0629583213479393,1.93175138755619e-49,6.7357251837377e-49
"PMF1",0.0629437092724951,2.03289695017852e-49,7.08475065987474e-49
"SON",0.0629419900811304,2.04513866207963e-49,7.12374162510066e-49
"SPN",0.0629275207120025,2.1511206281554e-49,7.48904560605492e-49
"BIRC2",0.0628941982323147,2.41644722258174e-49,8.40411505754894e-49
"COX14",0.0628921850842915,2.43348194769384e-49,8.45900845673935e-49
"AHCYL1",0.0628777450487137,2.5592242726879e-49,8.8915289350683e-49
"GSPT1",0.0628722984029839,2.60831509566356e-49,9.05743110517788e-49
"CCNY",0.0628545113730368,2.77525289164444e-49,9.63217905565097e-49
"COX20",0.0628480054495672,2.83893445015202e-49,9.84814562210252e-49
"COPZ1",0.0628067480666777,3.2780327817935e-49,1.13655280193363e-48
"RNASEH1",0.0628031541480689,3.31934233032839e-49,1.150285673775e-48
"PRKX",0.0627940852678092,3.42590083560352e-49,1.18660428020059e-48
"TCP1",0.0627791348128976,3.6090510331761e-49,1.24940061624698e-48
"CLPTM1L",0.0627445940329747,4.07031935496693e-49,1.40836382594327e-48
"VMA21",0.0627430037502292,4.09291525381943e-49,1.41545780210093e-48
"MTMR11",0.0626944141711994,4.84689393743664e-49,1.67535019994934e-48
"MRPL21",0.0626308146380184,6.04633402922732e-49,2.08780716913207e-48
"GRHPR",0.0626227635290658,6.21786836672943e-49,2.14594221681764e-48
"RAB31",0.0625977478489917,6.78236334412456e-49,2.33956931477684e-48
"SPCS1",0.0625730313552601,7.39016995155233e-49,2.54793161868666e-48
"AL022311.1",0.0625634189158806,7.64093252080238e-49,2.63170375818364e-48
"CD58",0.0625477090383589,8.06911966479689e-49,2.77776568501485e-48
"ELOF1",0.0625197352045762,8.89153891970305e-49,3.0593228822449e-48
"BBX",0.0624698445492947,1.05707324643928e-48,3.63523510639674e-48
"ZNF326",0.0624184928854889,1.2629051690145e-48,4.34087536741589e-48
"SLC35D2",0.0623680519471045,1.50384926745486e-48,5.16642525267395e-48
"SAP30BP",0.06236208735066,1.53520901880162e-48,5.27148205998869e-48
"YME1L1",0.06233660140851,1.67670427571673e-48,5.75441502950295e-48
"EPSTI1",0.0623224028819437,1.76108749931349e-48,6.04095006740666e-48
"DENND4C",0.0623086857180451,1.84662130317951e-48,6.33113926510987e-48
"OCIAD1",0.0622298789735649,2.4244978576844e-48,8.30817537547099e-48
"PSPC1",0.0621942140268876,2.74211348005e-48,9.39180812493314e-48
"FUBP1",0.0621933417010344,2.75038000659099e-48,9.4153515061072e-48
"KIF1B",0.0621693242406584,2.9879847821326e-48,1.02235653400802e-47
"ALCAM",0.0621192706993967,3.55082820815637e-48,1.214322180847e-47
"RTF2",0.0621080339236206,3.69102997819933e-48,1.26163062096085e-47
"TPRKB",0.0621066774389933,3.70832335969105e-48,1.26690117407131e-47
"FAM168B",0.0620942932020056,3.86998224401317e-48,1.32146211877642e-47
"CCT4",0.062067794189648,4.23983397040516e-48,1.44702258828416e-47
"CUX1",0.0620605760527876,4.34653853916869e-48,1.48269157736223e-47
"LY96",0.0620516837255738,4.48167375165965e-48,1.52801796444634e-47
"POM121",0.0620230377097844,4.94608655070089e-48,1.68381123712431e-47
"VPS29",0.0620209233397728,4.98220500430871e-48,1.69525354978013e-47
"STT3B",0.06198441035287,5.64901235118301e-48,1.92117567939378e-47
"COA4",0.0619778271236523,5.77835940835559e-48,1.96417737354913e-47
"TMEM59",0.0619611452469173,6.11947548264071e-48,2.07908410744391e-47
"RBM15B",0.0619505047899749,6.34744876884811e-48,2.15545460201818e-47
"GLO1",0.0619416572007792,6.5434318788614e-48,2.22089070948704e-47
"SCFD1",0.0619125796101144,7.23094528007325e-48,2.45300657494106e-47
"DCTN3",0.0619044339941621,7.43611830039058e-48,2.52134382291578e-47
"STOML2",0.061884189658582,7.97147789569312e-48,2.70151188234492e-47
"ZNF207",0.0618680360099417,8.42603867039544e-48,2.85413063379477e-47
"DDX6",0.0618392573560259,9.30070771933291e-48,3.14882748574911e-47
"MTMR14",0.0617996066534011,1.06556495385158e-47,3.60574807456984e-47
"TET3",0.0617922997901415,1.09259736747194e-47,3.69537308728253e-47
"FLVCR2",0.0617800649098053,1.1393981676042e-47,3.85173550558599e-47
"MRPL4",0.0617651743465943,1.19905698290005e-47,4.05138643747488e-47
"PDS5A",0.0617034192956214,1.48150816948192e-47,5.00323513180184e-47
"HNMT",0.0616686688898832,1.66861814764286e-47,5.63231517534369e-47
"ANXA1",0.0616653776702288,1.68751451459502e-47,5.6932563039805e-47
"C6orf62",0.0616153306543165,2.00254491125592e-47,6.7527212693273e-47
"HMGCS1",0.0615454182297312,2.54285855021135e-47,8.57042206280108e-47
"SMARCB1",0.0615416905576444,2.57543283310556e-47,8.67588509448266e-47
"UPP1",0.0614836184437376,3.13997551263808e-47,1.05671351124669e-46
"PPP1R7",0.0614760924067568,3.22162966884392e-47,1.08311477827219e-46
"CLDND1",0.0614558019852747,3.45245338790312e-47,1.16014102165074e-46
"TBK1",0.0614265834713267,3.814047177588e-47,1.27974059392916e-46
"FUCA2",0.0613706906562136,4.61401071493987e-47,1.5473872243903e-46
"MOB3A",0.0613564196681058,4.84373370636494e-47,1.62362338070071e-46
"DDHD1",0.0613462635706921,5.01411732756512e-47,1.67990323348205e-46
"ARPP19",0.0613086203311687,5.6993143698661e-47,1.90852226125135e-46
"ZC3H18",0.0612651219807876,6.60785962751826e-47,2.21167024463619e-46
"GAB2",0.0612564542924611,6.80543326996736e-47,2.27667166443589e-46
"WSB2",0.0612489205962483,6.98192725713188e-47,2.33456034547323e-46
"CSNK1G2",0.0612309041266497,7.42269516252621e-47,2.48071388995747e-46
"MTCH2",0.0612303529007022,7.43660865839296e-47,2.48413592585943e-46
"CCT8",0.0611820710807995,8.76160507623322e-47,2.92529441582285e-46
"CENPB",0.0611660088091651,9.25253610654966e-47,3.08767999093693e-46
"SND1",0.0611458594948851,9.9072647386151e-47,3.30453956081779e-46
"DDX54",0.0611261931679522,1.05907222778372e-46,3.53076298424345e-46
"TXNL4A",0.0611069655935731,1.13042575194154e-46,3.76678585947599e-46
"THUMPD3",0.0610846953645417,1.21906907098728e-46,4.06016058568721e-46
"LAGE3",0.0610553044897863,1.3467263383371e-46,4.48312002634028e-46
"ALG2",0.0610370473404425,1.43263567241862e-46,4.76675678209757e-46
"TMEM14B",0.0610339539045715,1.44772286847472e-46,4.81458647995947e-46
"KDM5C",0.0610161973389751,1.53743395818961e-46,5.11041838314649e-46
"MCOLN1",0.0610035498938727,1.60468545998318e-46,5.33134073461735e-46
"PDE12",0.0610004842256214,1.62142282985493e-46,5.3843024325389e-46
"EIF6",0.0609958386892392,1.64711734136437e-46,5.4669417501053e-46
"SFSWAP",0.0609952889520257,1.65018463177315e-46,5.4744348848961e-46
"CBX3",0.0609512658448864,1.91519806981111e-46,6.35049247179643e-46
"THBS1",0.0608774280024316,2.45807800669139e-46,8.14660068786298e-46
"MAPRE2",0.0608709388066804,2.51254865164819e-46,8.32304822821824e-46
"FBRSL1",0.0608350526722618,2.83619808707013e-46,9.39056575253729e-46
"RPF2",0.0607312945341397,4.02447657759493e-46,1.3318397523798e-45
"AKT2",0.0607029898443188,4.42712599116999e-46,1.46437371948632e-45
"SECISBP2",0.0606886839893512,4.64563828740414e-46,1.53590026704838e-45
"PMPCA",0.0606574780807106,5.16023610499604e-46,1.70519825541927e-45
"TMEM256",0.0606309229537341,5.64255371366699e-46,1.86366905999524e-45
"ACAA1",0.0606270958577029,5.71566809064042e-46,1.88689609183691e-45
"DNPEP",0.0606262060973941,5.73280104837022e-46,1.89162849624358e-45
"SFT2D1",0.0605392739799742,7.67849300055509e-46,2.53240444764649e-45
"ABHD12",0.0605097467117648,8.47891870230134e-46,2.79502532161186e-45
"STRN4",0.0604656710576699,9.83069589854396e-46,3.23747369557018e-45
"KDM2B",0.0604364847255229,1.08417645924025e-45,3.56870352527913e-45
"NOP14",0.0603982081592723,1.2326119800228e-45,4.05532340483414e-45
"UBE3A",0.0603753558807833,1.3306994039598e-45,4.37590402245731e-45
"PITPNB",0.0603180206423992,1.61233873383125e-45,5.29947602305935e-45
"SYNGR2",0.0602872454496164,1.78721446436606e-45,5.87140767423661e-45
"KPNA3",0.0602709740775636,1.88717382089263e-45,6.19678591697673e-45
"FUOM",0.0602575682593126,1.9736945866048e-45,6.4777422815704e-45
"SELENOH",0.0602511495788685,2.01650677056735e-45,6.61504234633957e-45
"PIK3AP1",0.0602433853234221,2.06953049774105e-45,6.78569141378624e-45
"AGPAT3",0.0601130746760895,3.19772114830132e-45,1.04797831719172e-44
"SDE2",0.0601079244484072,3.2531250574571e-45,1.06561911402459e-44
"CAST",0.0600561668216182,3.86577823186484e-45,1.26569136201638e-44
"CALML4",0.0600548826095386,3.88235671869715e-45,1.27050405494247e-44
"REC8",0.0600355603767461,4.14050790642411e-45,1.3543286867602e-44
"NUS1",0.0599915369692226,4.79423694726931e-45,1.56740019344719e-44
"CTNNBL1",0.0599821698322335,4.94606788743868e-45,1.61625737008086e-44
"MFSD12",0.0599252872419077,5.97641698638364e-45,1.95200749975555e-44
"SMIM15",0.0599245882861681,5.9903227250751e-45,1.95560463274905e-44
"TET2",0.0599016541926571,6.46489904287574e-45,2.10951652649049e-44
"THEMIS2",0.0599006926798976,6.48559273012606e-45,2.11524806793933e-44
"SARNP",0.0598887953368745,6.74716654557638e-45,2.19949821671369e-44
"TCEAL4",0.0598781372273244,6.99039440066853e-45,2.27768947194795e-44
"ITPKB",0.0598571351681069,7.49550395250875e-45,2.44109355601694e-44
"MARCH6",0.0598501234992982,7.67209621458021e-45,2.49740214283952e-44
"SENP5",0.0598220144681462,8.42257581533472e-45,2.74037704944553e-44
"THOC1",0.0598058808825107,8.88586360109096e-45,2.88972216483771e-44
"PPP4R3A",0.0598013549126562,9.02032500255509e-45,2.93203929530168e-44
"RBM4",0.0597604859942006,1.03299354325443e-44,3.35611213164019e-44
"PRKCSH",0.0597525798293462,1.06043127618207e-44,3.4436003161705e-44
"ARL6IP4",0.0597449872653392,1.08746289802906e-44,3.52968634353071e-44
"NDUFB5",0.0597396630084873,1.10682660606783e-44,3.59081318791966e-44
"ZNF655",0.059726603489318,1.15578758923766e-44,3.74785606275098e-44
"DESI1",0.0596722432943447,1.38382893088161e-44,4.48517133350459e-44
"NIP7",0.0596022251050702,1.74464977463146e-44,5.65192962447692e-44
"KCNQ1OT1",0.0595915791872345,1.80716414787232e-44,5.85164597881452e-44
"MRTO4",0.0595585632932025,2.0155645230388e-44,6.52332778375554e-44
"PCID2",0.0595569362567339,2.02643125431649e-44,6.55535967006401e-44
"JUN",0.0595168439323289,2.31341441826108e-44,7.48015058912633e-44
"PNO1",0.0595038756889606,2.41463264132933e-44,7.79996717058175e-44
"LMAN1",0.0594971707261621,2.46868116227174e-44,7.9707513553578e-44
"MLF2",0.0594504329186675,2.88038257024148e-44,9.29559262883182e-44
"FRMD4B",0.0594458366354136,2.92438660819652e-44,9.43310012309954e-44
"LUZP1",0.0594089962687853,3.30212698650754e-44,1.06464857204471e-43
"ARL5A",0.0593888408760185,3.52894142844836e-44,1.1372341752974e-43
"NQO2",0.0593869654640765,3.55081823770673e-44,1.1437390235891e-43
"LPCAT1",0.0593636156313177,3.8347621043872e-44,1.23461078989342e-43
"SLIRP",0.0593577344628043,3.90977171773978e-44,1.25816118913083e-43
"SLC8B1",0.0593354638493472,4.20728409342799e-44,1.35325631568348e-43
"GBP4",0.0593266714558379,4.33084904468799e-44,1.39233810704401e-43
"PNN",0.0593160008921638,4.48566807114278e-44,1.44142594244279e-43
"MAPKAP1",0.0593141450235944,4.51315145804499e-44,1.4495685039355e-43
"TP53BP2",0.0593071338532521,4.6184996383815e-44,1.48270066738354e-43
"ZDHHC2",0.0592985144978926,4.75137016321159e-44,1.52463282740738e-43
"MIR4435-2HG",0.059263393901422,5.33324316123053e-44,1.71053401390321e-43
"ELK3",0.0592285832159749,5.97987256770213e-44,1.91701841774462e-43
"PRDX4",0.0592185323539482,6.18068360343289e-44,1.98045506364027e-43
"DNAJC15",0.0592054259376851,6.45265334177966e-44,2.06662194428102e-43
"MS4A4A",0.0591967609276938,6.63896460782376e-44,2.12528597128298e-43
"SELENOF",0.0591459348884096,7.84468461893282e-44,2.51007632317107e-43
"PI4KB",0.059116562203113,8.63835455225423e-44,2.76272067775737e-43
"NAPA",0.059073462592112,9.94969254032e-44,3.18060857045407e-43
"MARCH2",0.0590443442172798,1.0945918336743e-43,3.49741747990166e-43
"LRRK1",0.05898867022281,1.31350933461862e-43,4.19491573517075e-43
"SF3B4",0.0589383667650712,1.54850274761249e-43,4.94307227413033e-43
"SPG21",0.0589369199588361,1.55584713242112e-43,4.96417294115112e-43
"AKR1B1",0.0589014579500437,1.74710492203362e-43,5.57178131031572e-43
"AURKAIP1",0.0588986239457796,1.76336270398714e-43,5.62097842605235e-43
"CCDC12",0.0588794132793424,1.87760708014071e-43,5.98232868465191e-43
"PRDX2",0.0588586553643048,2.00934083706526e-43,6.39602325772046e-43
"BCAP31",0.0588324395541801,2.18892428357864e-43,6.96438450883537e-43
"GLRX5",0.0588321730635095,2.19082944822494e-43,6.96716740331554e-43
"PMVK",0.0588256659252345,2.23786490157579e-43,7.11340131619837e-43
"CD180",0.0588199445913421,2.28004946871743e-43,7.24408574154067e-43
"MPEG1",0.0588143697607406,2.3219145829976e-43,7.37363292421174e-43
"LAP3",0.0588113178304047,2.34515655998171e-43,7.44394530612034e-43
"CNOT9",0.0587919906137635,2.49781201438223e-43,7.92478039851631e-43
"GTPBP1",0.0587871972361149,2.537177703112e-43,8.0458998361821e-43
"UBXN6",0.0587735731657771,2.65246773699457e-43,8.40756416775448e-43
"TRAK1",0.0587336074228539,3.02160715554979e-43,9.57314244548835e-43
"AIMP1",0.058704198246743,3.32547924198723e-43,1.0530943866546e-42
"CSNK2A2",0.0586797508480949,3.60108501700245e-43,1.13983781834989e-42
"FCGR2A",0.0586596352270157,3.84480879620108e-43,1.21641330234513e-42
"PSMB10",0.0586527442274974,3.93201947951875e-43,1.24342299817709e-42
"SCAMP4",0.0586359839877814,4.15243345054147e-43,1.31251063857461e-42
"TM2D3",0.0586324109457692,4.20098896193099e-43,1.32723768091661e-42
"ANXA7",0.058630885761511,4.22188692055334e-43,1.33321707005423e-42
"TPGS1",0.0586126335437077,4.48014737675462e-43,1.4141118774154e-42
"RUFY1",0.0585747161871973,5.0679722385203e-43,1.5989062204683e-42
"MPG",0.058547869156561,5.52997553437427e-43,1.74385096025674e-42
"ERAP2",0.0585368576465249,5.73137273142224e-43,1.80651799706973e-42
"MCUR1",0.0584933002590374,6.60210573255632e-43,2.08000171751227e-42
"COMMD7",0.0584929626899918,6.60934361270396e-43,2.08131216420547e-42
"DPP7",0.0584141594572348,8.53431700892688e-43,2.68624382203699e-42
"CUTA",0.0583907938310569,9.2056691125407e-43,2.89620888180027e-42
"SMIM30",0.058388442964567,9.27605737201182e-43,2.91699646010102e-42
"ESD",0.0583779989839131,9.59529349006525e-43,3.01598230061977e-42
"MVD",0.0583668487622127,9.94818609046656e-43,3.12545010026229e-42
"PSMB9",0.0583592564823024,1.0195832093086e-42,3.20176594432674e-42
"CXorf21",0.0583390575469292,1.0884947933754e-42,3.4165799897916e-42
"TSR1",0.0583244915107586,1.14104557599183e-42,3.57880665489061e-42
"CRCP",0.0583244395293011,1.14123756070761e-42,3.57880665489061e-42
"ITGB7",0.0583215966093352,1.15178648368382e-42,3.61021252488935e-42
"THOC7",0.0582694138668033,1.36359048151476e-42,4.27212013230828e-42
"SHC1",0.0582652717780826,1.38197572932701e-42,4.32771556553029e-42
"SLC35B1",0.0582309991664287,1.54387209738571e-42,4.83246261593739e-42
"NDUFA13",0.0581785304586579,1.82898748084023e-42,5.72225097545618e-42
"TNIP2",0.0581289084008549,2.14662531377656e-42,6.71292032675454e-42
"RER1",0.0581018306216972,2.34250717140662e-42,7.32209476924651e-42
"TBC1D23",0.0580771312702887,2.53664138016672e-42,7.921585390904e-42
"CDK12",0.0580432861831154,2.82889682393558e-42,8.83018071404821e-42
"CCDC9",0.0579872201935794,3.388499455288e-42,1.05720557532082e-41
"FAM174C",0.0579865287210277,3.39604746624076e-42,1.05907181361872e-41
"TRAF3",0.0579712122061862,3.56759550505964e-42,1.11205685614146e-41
"MGAT4B",0.057962166702967,3.67292700703733e-42,1.14436218869029e-41
"EFCAB14",0.0579554438690659,3.75321042804436e-42,1.16883720423804e-41
"UBE2Z",0.0579398989379734,3.94559308797953e-42,1.22818392577484e-41
"PTRHD1",0.05790579294216,4.402738870254e-42,1.36985354357052e-41
"RAB35",0.0578854949568759,4.69942652723418e-42,1.46149138687352e-41
"CREG1",0.0578619022657646,5.06934091624701e-42,1.5758075372297e-41
"ATXN10",0.0578314145245582,5.59056145628698e-42,1.73703060689137e-41
"MAP1S",0.0578228919868945,5.74556808368023e-42,1.78437233871208e-41
"CNIH1",0.0577895708474855,6.39373590423364e-42,1.98475888193405e-41
"PDIA4",0.0577891620977018,6.40212253902609e-42,1.98645022883687e-41
"DPH3",0.0577834067869787,6.5213769182813e-42,2.02252428185779e-41
"DOCK5",0.0577637470033438,6.94565388548978e-42,2.15312085831254e-41
"CARD16",0.0577562015758739,7.11568567604087e-42,2.20481901263576e-41
"BAG5",0.0577390299450822,7.51822713409411e-42,2.32848069874532e-41
"CNOT2",0.0577068240925001,8.33525671247125e-42,2.58034206195138e-41
"ADK",0.0577011143419123,8.48905927160294e-42,2.62675193296602e-41
"BLVRB",0.0576915081409647,8.75421490607488e-42,2.70755933119727e-41
"ZNFX1",0.0576888904783799,8.82788644990287e-42,2.72909649235452e-41
"MOAP1",0.0576704352585708,9.36508578646175e-42,2.89384574964661e-41
"SNX30",0.0576562932779194,9.79862904474918e-42,3.02642900738005e-41
"NUTM2A-AS1",0.0576451172908671,1.01553183455029e-41,3.13516471844498e-41
"XPNPEP1",0.0576184550674005,1.10592751767381e-41,3.41267729210069e-41
"ERGIC1",0.0575938429342682,1.19645706608363e-41,3.69034955464936e-41
"AAK1",0.0575407854889048,1.41745863456278e-41,4.36802088800316e-41
"U2SURP",0.0574898891917021,1.66748423372175e-41,5.13615530942722e-41
"BUD23",0.0574836223946668,1.70115675903694e-41,5.2374867248856e-41
"SGPL1",0.0574595138791417,1.83712077296135e-41,5.65351549658246e-41
"RPRD1B",0.0573917621875371,2.27985781180287e-41,7.01279284149191e-41
"BIN3",0.0573595805625234,2.52586043339975e-41,7.7659583402527e-41
"RNF181",0.0573567502721497,2.5487190195273e-41,7.8326769504655e-41
"RALY",0.0573413689247961,2.67659007090679e-41,8.2219107084965e-41
"NDUFB10",0.0573189790657587,2.87421129912512e-41,8.82495122315392e-41
"WDR82",0.0572692716141298,3.3663414356991e-41,1.03312911696603e-40
"MRPL23",0.0572530372372977,3.54456431824371e-41,1.0873320941763e-40
"NDUFA11",0.0572420669190162,3.67027976730483e-41,1.12538600937632e-40
"SYNE3",0.0572116720791692,4.04223348297285e-41,1.23887309965455e-40
"VAMP5",0.0572087909255549,4.07937931415959e-41,1.24969114377132e-40
"TMEM123",0.0571987641850307,4.21131727209631e-41,1.28952518463058e-40
"CISD3",0.0571941757577348,4.27310164750888e-41,1.30785152733398e-40
"YAF2",0.0571745257902832,4.54805263862392e-41,1.39137483663965e-40
"LSP1",0.0571733308529181,4.56532907230505e-41,1.39602848746515e-40
"NUCB2",0.057118600974239,5.43065565019371e-41,1.6598853006763e-40
"UBE2B",0.0571024083435296,5.71663952757484e-41,1.74650699710499e-40
"PAK2",0.0571010654734085,5.74101835199165e-41,1.75316283097631e-40
"SDF2L1",0.0570969437179537,5.81649337466887e-41,1.77540910637184e-40
"PCBD1",0.0570353770372464,7.06870605850516e-41,2.15665711469104e-40
"CSK",0.0570166539208169,7.5002134078427e-41,2.2872775304657e-40
"FAM50A",0.0570071950272016,7.72807009626453e-41,2.35570252122834e-40
"HIST2H2AC",0.0570038969391024,7.80912615535958e-41,2.37933762669609e-40
"MAP2K2",0.0569972066951586,7.97615625409444e-41,2.42913479432128e-40
"ARL6IP5",0.0569927963839972,8.08820322875912e-41,2.4621495735993e-40
"ACSL5",0.0569869835187915,8.2382775376983e-41,2.50670541999902e-40
"BZW2",0.0569814868136842,8.3827356185285e-41,2.54951306868516e-40
"KARS",0.0569338852429124,9.74390323460501e-41,2.96083279861413e-40
"TIMM9",0.0569288834254689,9.89911284455039e-41,3.00664429209368e-40
"TWF1",0.0568787050058098,1.15988802252926e-40,3.52133045366875e-40
"CALU",0.056840034342153,1.31042365326687e-40,3.97655938946918e-40
"DERA",0.0568027159012502,1.47407719386308e-40,4.4711690927359e-40
"GNAQ",0.0567983865773195,1.49433227750764e-40,4.53057422790546e-40
"SETD1A",0.0567705250604025,1.63147158685415e-40,4.94414137100893e-40
"RTN1",0.0567503753528013,1.73838341127794e-40,5.26577519876799e-40
"PTPMT1",0.0567313147769904,1.84591907347779e-40,5.58900978763249e-40
"PPM1G",0.0567248418975138,1.88392206109427e-40,5.70152061551404e-40
"PSMD14",0.0567236583890933,1.89095423030495e-40,5.72024230473906e-40
"CERS6",0.0567229475108948,1.89519066742252e-40,5.7304937846349e-40
"ACBD6",0.0566858414212875,2.12993545812644e-40,6.43741333589309e-40
"FKBP3",0.0566704995352996,2.23524335038603e-40,6.75267215905271e-40
"KLF13",0.0566465491911695,2.4100819090934e-40,7.27760776569026e-40
"ZNF124",0.0566458936090219,2.41505420746315e-40,7.28936673957961e-40
"MRPS36",0.0566138798770569,2.6706893591192e-40,8.0573541976818e-40
"CENPC",0.0566024750824054,2.76811531804944e-40,8.34755917276194e-40
"OTULIN",0.0565210699921867,3.57407262715468e-40,1.07732077718202e-39
"VTI1A",0.0565053570808212,3.75462363754498e-40,1.13123932323715e-39
"CSNK1E",0.0564898787789159,3.94134168621581e-40,1.18696708866392e-39
"TSPYL1",0.0564783578582198,4.08628866681057e-40,1.23003838296599e-39
"PSMC1",0.0564782243402779,4.08799918137048e-40,1.23003838296599e-39
"PLAA",0.0564627757726119,4.29079668010908e-40,1.29048382358619e-39
"SGTA",0.0564511556662737,4.44990108883622e-40,1.33774038513213e-39
"SLC25A36",0.0564482595427751,4.49046011981152e-40,1.34933337200203e-39
"FLOT1",0.056303768199378,7.05718244799353e-40,2.11966284011036e-39
"NOP58",0.0562969612583724,7.20889219672241e-40,2.16426821234637e-39
"NSMF",0.056295118899719,7.25050849555514e-40,2.1757961801353e-39
"NAT9",0.0562924150651685,7.31201725475394e-40,2.19230814454064e-39
"PDAP1",0.0562222305599216,9.10346732896257e-40,2.72821554127287e-39
"NOL10",0.0562216712806581,9.11936800393605e-40,2.73176991912325e-39
"DYNLL2",0.0561901076074661,1.00629633332812e-39,3.01309544270656e-39
"ETFB",0.0561741328782933,1.05769068501653e-39,3.16558066462894e-39
"TRIM44",0.0561623401673404,1.09729727864025e-39,3.28266677030386e-39
"CYFIP1",0.0560760423815846,1.43567945407134e-39,4.29306890268745e-39
"SUSD6",0.0560644387604824,1.48846913502965e-39,4.44895659678845e-39
"KLF16",0.056023166038301,1.69236462737339e-39,5.05615432862195e-39
"AGFG1",0.0560223707979835,1.69655445913046e-39,5.06643317057467e-39
"TMED9",0.0559819611625557,1.92360385469663e-39,5.7419362744388e-39
"HUS1",0.0559474813297243,2.14105603207898e-39,6.38820822280934e-39
"ZFC3H1",0.0559053613536169,2.44010262299857e-39,7.27725356598735e-39
"PPP1CA",0.055877792270341,2.65796772492013e-39,7.9235096067835e-39
"XPO4",0.0558396170614182,2.99192016010544e-39,8.91510454053455e-39
"FOXP1",0.0558153243010301,3.22582153678651e-39,9.60783233930115e-39
"PSMD2",0.0557572222804492,3.86162229289369e-39,1.14964457605699e-38
"PRKRA",0.0557365022743529,4.11729783855983e-39,1.22468326821395e-38
"BSG",0.055712173549633,4.43905828366313e-39,1.31980972101348e-38
"RILP",0.0556910525543198,4.73859126154443e-39,1.40824683601327e-38
"RNASE6",0.055689704573172,4.75837617052365e-39,1.41350532903824e-38
"SIRT2",0.0556605185208108,5.20747613777742e-39,1.54623391161674e-38
"NUMB",0.0556550303034929,5.29651676665215e-39,1.571981995581e-38
"YTHDF1",0.0556524032372505,5.33967226052677e-39,1.58409496065913e-38
"MTRNR2L8",0.0556471483818439,5.42704690677431e-39,1.60860430235428e-38
"SHLD2",0.0555792717842487,6.69198804742266e-39,1.98267007837969e-38
"CIZ1",0.055546317655836,7.40784327001871e-39,2.19379887641684e-38
"TAP2",0.0555426893299698,7.49117148634935e-39,2.2175048344662e-38
"WAC-AS1",0.0555237555166288,7.941362824079e-39,2.34973978352727e-38
"CALHM2",0.0555089138398595,8.31297523462561e-39,2.45861879095817e-38
"MYOF",0.055499994633536,8.54456224668262e-39,2.52600722998781e-38
"RARA",0.0554592872555351,9.68566588432623e-39,2.86209733583609e-38
"FXR1",0.055438718104124,1.03186374314021e-38,3.04780723782042e-38
"ARIH2",0.0554350983626807,1.04342076287273e-38,3.08059728287448e-38
"BCAP29",0.0554265859653851,1.07110857615042e-38,3.16096249818987e-38
"INTS6",0.055423336381654,1.08186990368489e-38,3.19132740785931e-38
"G3BP2",0.0554107727617822,1.1244963141986e-38,3.31562127357033e-38
"UQCC2",0.0554073820632878,1.13628381670408e-38,3.34745746611602e-38
"SHTN1",0.0553495962324938,1.35714441535534e-38,3.99636471786476e-38
"NPIPB5",0.0553385386916469,1.40403465974144e-38,4.13264185220368e-38
"LSM1",0.055304068579362,1.56079289760564e-38,4.5920455964803e-38
"CHMP2A",0.0553004728548825,1.57811519070416e-38,4.64099034552016e-38
"RBM17",0.0552783457304833,1.68899864037894e-38,4.96492165547914e-38
"PARP1",0.0552515196936236,1.83386252791129e-38,5.3884157110857e-38
"PNISR",0.055246303218168,1.86343448527077e-38,5.47292812985044e-38
"RPS26",0.0552155446558261,2.04769566977546e-38,6.00888473235759e-38
"TMEM248",0.0552082380743204,2.0940637666512e-38,6.14108555772835e-38
"SMIM4",0.0552081602188012,2.09456342199698e-38,6.14108555772835e-38
"PVT1",0.055196097997746,2.17342454813071e-38,6.36953765492491e-38
"TSG101",0.0551943795730394,2.18489701458487e-38,6.40038505875578e-38
"VTI1B",0.0551270115366791,2.6854056145245e-38,7.86315606747515e-38
"C20orf194",0.0551180988239088,2.75964317122948e-38,8.07703354142099e-38
"FAF2",0.0550961913209129,2.95090410903238e-38,8.63308640465941e-38
"PANK3",0.0550891400236956,3.01522461602698e-38,8.81744534124498e-38
"ETFA",0.0550769438864996,3.12978211979715e-38,9.14848980196652e-38
"CACNA2D4",0.055075645851997,3.14222636602574e-38,9.18089561828005e-38
"SLC39A1",0.0550695217136258,3.20160512825954e-38,9.35034655385e-38
"CPSF6",0.0550661247358419,3.23502132096444e-38,9.44385973706416e-38
"SLC66A3",0.0550470684578586,3.42900899225679e-38,1.00058393597964e-37
"DDT",0.0550178330566661,3.7493234044673e-38,1.09357961767055e-37
"ADAMTSL4",0.0549615130035803,4.4525671738863e-38,1.29813741537927e-37
"YY1",0.0549055464905614,5.28109630690196e-38,1.53902983323121e-37
"MAPK8",0.0549023019435132,5.33357459648224e-38,1.5536535048176e-37
"ALG5",0.0548845403553144,5.63017722397813e-38,1.63934660686116e-37
"ZBTB20",0.054864356116314,5.98718175535913e-38,1.74179586264987e-37
"INO80",0.0548629097474224,6.01361155753989e-38,1.74873237593665e-37
"FAM162A",0.054847118828157,6.30981701428944e-38,1.83407879766169e-37
"FIBP",0.0548315070398909,6.61691270723106e-38,1.92251597823761e-37
"NORAD",0.0548247092144871,6.75523158580298e-38,1.96186085702809e-37
"SMC5",0.0548238986743309,6.77191467332727e-38,1.96586153312004e-37
"MFF",0.0548060284254839,7.15031792603443e-38,2.07481972094072e-37
"ARFGEF2",0.0548046875422438,7.17954457758833e-38,2.08240673054803e-37
"COPA",0.0547916842286366,7.46920430988162e-38,2.16549272466165e-37
"MIEN1",0.0547903836118732,7.49880805935712e-38,2.17314364720589e-37
"NIFK",0.0547879576867984,7.55433730715391e-38,2.18829796630967e-37
"PKNOX1",0.0547794521422523,7.75227709379508e-38,2.24467432253313e-37
"DNM1L",0.05477549953831,7.84600779445245e-38,2.27084155386528e-37
"SAR1B",0.0547742800975573,7.87515194122031e-38,2.27830133823665e-37
"COA1",0.0547595899031499,8.23481333436436e-38,2.38133331709313e-37
"HCFC1",0.0547439272231224,8.63628188606468e-38,2.49636177134174e-37
"EMC3",0.0547300919030799,9.00705988264989e-38,2.60242443874342e-37
"ARL8A",0.0547259560519455,9.12093950501197e-38,2.63420213555685e-37
"DECR1",0.0547196169444217,9.2982691311064e-38,2.68426975215245e-37
"ACAA2",0.0547021696979073,9.80423041437612e-38,2.82912513152356e-37
"PLAC8",0.0546739194328886,1.06821254815151e-37,3.08113696162644e-37
"RPN1",0.0546399810277825,1.1840651393814e-37,3.41384409695423e-37
"MRPL43",0.0546369875685028,1.19486409745401e-37,3.4435107258681e-37
"TFDP1",0.054634137594381,1.20523638404706e-37,3.47192296231026e-37
"SLK",0.0546255696804901,1.23696076356796e-37,3.56179374892801e-37
"PFKL",0.0546143321669542,1.27983131199114e-37,3.68366943396001e-37
"MRPS25",0.0546062435446725,1.31160002312886e-37,3.77350117292521e-37
"RC3H1",0.0545994998066312,1.33868488284298e-37,3.84978668349697e-37
"SAT2",0.0545914502354847,1.37174307045139e-37,3.94317810345318e-37
"DDA1",0.0545868506529309,1.39099574922752e-37,3.99682204017309e-37
"YIF1B",0.0545852159172901,1.39790283195106e-37,4.01496221190363e-37
"DYNLL1",0.054580146424693,1.41953997128666e-37,4.07537568826713e-37
"EFTUD2",0.0545719224865756,1.45535084575432e-37,4.17641216814303e-37
"EIF2D",0.054566972998057,1.47733459493209e-37,4.23770012572586e-37
"PQBP1",0.0545472337563474,1.56834084042697e-37,4.4968415700283e-37
"TOMM40L",0.0545159702908774,1.72401047296662e-37,4.94109148271611e-37
"ZCRB1",0.0544778905697648,1.93449880155595e-37,5.54201118530498e-37
"PSMD4",0.0544439461760899,2.14355585733544e-37,6.13832323229349e-37
"SNRPB2",0.0544262855118488,2.26105412574091e-37,6.47205205086127e-37
"MSI2",0.0543899065384026,2.52364151110777e-37,7.22062643106206e-37
"AP2B1",0.0543761040102619,2.63101627331292e-37,7.52466202363311e-37
"JUP",0.0543657636711533,2.71442155381207e-37,7.75991717772659e-37
"SSRP1",0.054340646966548,2.92811909994477e-37,8.36375717563438e-37
"RPIA",0.0543263536573073,3.05711020222907e-37,8.72851439073934e-37
"B4GALT5",0.0542512599361151,3.83348333455952e-37,1.09405575453596e-36
"TJP2",0.0542418373359382,3.9438130099038e-37,1.12506834430209e-36
"ZFAND2A",0.0542186555643272,4.22886707838789e-37,1.20587812387096e-36
"FOXK1",0.0542025222153253,4.43924471508326e-37,1.26533446537428e-36
"ALDOA",0.0541819713361942,4.72235334621267e-37,1.34546274647045e-36
"OPA3",0.0541801982547551,4.74760422750553e-37,1.35208728652759e-36
"THRA",0.0541684147999891,4.91885858495046e-37,1.39968025643308e-36
"KCMF1",0.0541496813714147,5.20384507654331e-37,1.48015130679467e-36
"SIN3A",0.0541490935721523,5.21304777911961e-37,1.48214533366811e-36
"MGST2",0.0541437269539894,5.29782016225964e-37,1.50561421256988e-36
"SIGLEC14",0.0541434379437514,5.30242411720642e-37,1.50628947295935e-36
"COPS9",0.0541350904584212,5.43713004451286e-37,1.54390744355109e-36
"ZNF428",0.0541314126261892,5.49755458880032e-37,1.56041001573799e-36
"TMEM109",0.0541247104068798,5.60938934134578e-37,1.59148473927146e-36
"ATP6AP1",0.054109239675629,5.87624567863087e-37,1.66649735877615e-36
"ESYT1",0.0541027344999058,5.99218768204128e-37,1.6986658665946e-36
"USP22",0.0540913137461552,6.20126630286537e-37,1.75719872060657e-36
"HIP1",0.0540706081313443,6.59897867912577e-37,1.86911164011602e-36
"SLC50A1",0.0540646260336583,6.71853178988206e-37,1.90217727937155e-36
"CFAP97",0.0540347559588644,7.34847337078169e-37,2.07965795143805e-36
"PPP1CC",0.054018296088233,7.72033819740523e-37,2.18398353776807e-36
"SNIP1",0.0539866917448753,8.48756682847788e-37,2.40001837420907e-36
"GOLGB1",0.0539614943030804,9.15317060681594e-37,2.58606713216392e-36
"PPCDC",0.0539612619459392,9.15954378206642e-37,2.58678677988935e-36
"EFR3A",0.0539391375190046,9.78702609458474e-37,2.76284273175313e-36
"LRPPRC",0.0539260163071,1.01791559004552e-36,2.87234027725281e-36
"UBE2K",0.0539093711877859,1.06991396269793e-36,3.01780905373412e-36
"CAPN15",0.0538990318245652,1.10353398574936e-36,3.11133998234003e-36
"MRPL40",0.0538957328868334,1.114480351553e-36,3.14089272899118e-36
"OAZ2",0.0538913781915225,1.12909528085828e-36,3.18075549745118e-36
"PSAP",0.0538756662922523,1.18342767384717e-36,3.33242586542304e-36
"IVNS1ABP",0.0538704216927752,1.20213598272706e-36,3.38369749342951e-36
"C4orf3",0.0538565190697454,1.25316321760606e-36,3.52585789189954e-36
"INO80D",0.0537595383537081,1.67424365295421e-36,4.70863616373687e-36
"NDUFA10",0.0537366417490345,1.79262341017012e-36,5.03947063457805e-36
"AKR7A2",0.0537146732189966,1.91401361171566e-36,5.37848962128412e-36
"PPP1R18",0.0536842676976628,2.09560964430739e-36,5.88633851481605e-36
"NBPF14",0.0536809773150387,2.11626011684997e-36,5.94187485466057e-36
"TOB1",0.0536779632059382,2.13535410722519e-36,5.99299672849709e-36
"ELMO1",0.0536636410151424,2.22844899247029e-36,6.25167785812931e-36
"ZNRD2",0.0536223763137107,2.51983090752105e-36,7.06618696215255e-36
"CHMP3",0.0536090416362601,2.62185554770636e-36,7.34923936900609e-36
"NSRP1",0.0535916072636114,2.76146318639882e-36,7.73736121145562e-36
"STK17A",0.0535857451133234,2.81004515424765e-36,7.87022174311035e-36
"NDUFA1",0.0535790977737089,2.86616261548445e-36,8.02406850653845e-36
"TASOR2",0.0535740527162081,2.90949557899359e-36,8.14201142780451e-36
"RFX2",0.0535386451917558,3.23249354934974e-36,9.04215510432502e-36
"PSMD3",0.0535283276581503,3.33314749444066e-36,9.31985533908739e-36
"PPT1",0.053526315800187,3.3531342734701e-36,9.37186474697452e-36
"ADD1",0.0535028214227183,3.5955435023249e-36,1.00452353798424e-35
"U2AF2",0.0534797896288112,3.85006861343502e-36,1.07518851282256e-35
"TENT4A",0.053445140955838,4.26707870663163e-36,1.1911527306167e-35
"STAU1",0.0534345151025102,4.40373960450832e-36,1.22879420000333e-35
"URM1",0.0534277965197603,4.49238382212893e-36,1.2530118408174e-35
"TMEM170A",0.0534258717717325,4.51810390850114e-36,1.25966600104644e-35
"TP53",0.0534173591703017,4.63362240655097e-36,1.29134052311175e-35
"MBD2",0.053407600726907,4.76966199576925e-36,1.32870559346501e-35
"CAMLG",0.053403682255707,4.82539850290919e-36,1.34367871821125e-35
"ALG13",0.0533956779350581,4.94127162752527e-36,1.37537824099211e-35
"MIER1",0.0533926972458561,4.98512400794419e-36,1.38701330937081e-35
"BUD31",0.0533911435544719,5.0081352759262e-36,1.39284255863994e-35
"RAB22A",0.0533717607403864,5.30423692673902e-36,1.47458658970734e-35
"RPL22L1",0.0533379184426469,5.86352046206976e-36,1.62939834952954e-35
"ZDHHC1",0.0533347955091989,5.91799342014343e-36,1.64386004575143e-35
"GAA",0.053332059216712,5.96613540851094e-36,1.65655201219476e-35
"SMARCC1",0.0532978437549745,6.60200725401881e-36,1.83235513318642e-35
"MVP",0.0532919945145989,6.71726070309863e-36,1.86357815402749e-35
"SNHG17",0.0532906555346709,6.74392392535854e-36,1.87020794336953e-35
"RUNX1",0.0532457638766724,7.70139170746635e-36,2.13485483124969e-35
"FAM53C",0.0531171554756381,1.12584884005351e-35,3.1196163965581e-35
"GOLGA4",0.0530942710387453,1.20443296278297e-35,3.33599805873644e-35
"ATL2",0.0530716871525321,1.28732452654013e-35,3.56412822438077e-35
"BRPF1",0.0530327605113522,1.44371707146953e-35,3.99548551789009e-35
"RAC2",0.0530151171442696,1.52068451693931e-35,4.20677087521551e-35
"PLEKHA2",0.05299857633259,1.59653987648854e-35,4.41480822287895e-35
"TAGAP",0.0529888066866913,1.64309691275925e-35,4.54169183449113e-35
"GLB1",0.0529472861325946,1.85648570436865e-35,5.12942372179668e-35
"TRIM28",0.0529430029315696,1.88000756813604e-35,5.19229214385937e-35
"A1BG",0.0529233102055171,1.99202106308851e-35,5.49940972133173e-35
"POM121C",0.0529006679879023,2.12902759389733e-35,5.87524716830197e-35
"LYAR",0.0528860444946946,2.22244842731546e-35,6.13054827298238e-35
"CCDC124",0.0528457210589251,2.50168467870255e-35,6.89799759898367e-35
"HNRNPU",0.05284536908081,2.50426952814049e-35,6.90230993875168e-35
"PPP2R5C",0.0528096229736279,2.78108526205118e-35,7.6621505528639e-35
"CHD6",0.0528006684117951,2.85506364074183e-35,7.86276385949307e-35
"DNASE1L1",0.0527880034941475,2.96304505078965e-35,8.15681905064692e-35
"UCHL3",0.0527741646273465,3.0856791384556e-35,8.49095508958009e-35
"YIF1A",0.0527468921617039,3.34230888537863e-35,9.19338908626724e-35
"TCF12",0.0527335574188295,3.47539728717351e-35,9.5555758676617e-35
"PRDX3",0.0527197119802101,3.61915582286017e-35,9.94679370664944e-35
"RABGGTB",0.052711845383234,3.70345163614683e-35,1.01743342186057e-34
"MRPS33",0.0526858861336337,3.9957058510152e-35,1.09727730539049e-34
"NUCB1",0.0526395084924839,4.57600150164888e-35,1.25561469775358e-34
"UBE2E2",0.0526260922530335,4.75897219733626e-35,1.30529050816188e-34
"RELA",0.0525623924725262,5.7318912497496e-35,1.5715051394792e-34
"NDUFAB1",0.0525415777144302,6.09080077611008e-35,1.669229997863e-34
"LMAN2",0.0525270731059469,6.35401880787346e-35,1.74066131118446e-34
"PSMD11",0.0525209511724649,6.46847803716255e-35,1.77129931183702e-34
"POLE3",0.052517444648241,6.53495831424881e-35,1.78877948026867e-34
"PRMT1",0.0525076562121566,6.72415139370036e-35,1.83982143151793e-34
"RSU1",0.0524831822980615,7.22133804196932e-35,1.97505932450463e-34
"GNS",0.0524682056856813,7.54342679437501e-35,2.06231736986532e-34
"PARVG",0.0524655309129397,7.60243474017064e-35,2.07760959087687e-34
"FAM120A",0.0524394552578795,8.20226232836258e-35,2.24062608493169e-34
"TMEM219",0.0524336138917718,8.34295089944881e-35,2.27813776377922e-34
"HAUS2",0.0524332479354948,8.35184428719379e-35,2.27964550769952e-34
"EMC10",0.0524241124523735,8.57693074547037e-35,2.34013836844734e-34
"MANF",0.0524029769328662,9.12104882301144e-35,2.48759221832918e-34
"SBF2",0.0523728393895968,9.95672908386914e-35,2.71331903813137e-34
"KMT5A",0.0523723963792865,9.96956411587223e-35,2.7157221187515e-34
"LFNG",0.0523579893026851,1.03960507604501e-34,2.83075711604524e-34
"ABHD17A",0.0522945279864109,1.25009678000068e-34,3.40253797487302e-34
"STX5",0.052287147013886,1.27717574254552e-34,3.47484313696188e-34
"DOCK2",0.0521177442744519,2.08689385022789e-34,5.67557897079274e-34
"ZNF598",0.0521050298960762,2.16509981921251e-34,5.88590264483144e-34
"GPR35",0.0521014111735109,2.18788603283771e-34,5.94545718167836e-34
"STK40",0.0521003471811343,2.19463094033413e-34,5.96139003117679e-34
"FLYWCH2",0.0520346166774743,2.65395086200942e-34,7.20616938877337e-34
"CPM",0.0519990297862007,2.94125527628566e-34,7.98306982054087e-34
"MEF2C",0.0519921684531598,3.00010200969948e-34,8.13952234654019e-34
"SF3A2",0.0519800138564966,3.10723204586002e-34,8.42679336624934e-34
"UVRAG",0.051968879083142,3.20870464887398e-34,8.69849724580472e-34
"MDH1",0.051950813424391,3.38038753797233e-34,9.16024053876991e-34
"OPA1",0.0519154342404147,3.74347485779715e-34,1.01400775294738e-33
"RESF1",0.0519037693293958,3.87148282381417e-34,1.04826172894704e-33
"HIST1H1C",0.0519035422246442,3.87401769158092e-34,1.04852816704478e-33
"ATG2A",0.0518952590418104,3.96760715785918e-34,1.07342905139199e-33
"DUSP23",0.0518609723566751,4.3794919038917e-34,1.18438979048847e-33
"PHF19",0.0518592044753164,4.40184463119489e-34,1.18995887850894e-33
"HMGXB4",0.0518577762797249,4.41998517036995e-34,1.19438528124985e-33
"GANAB",0.0518437165298017,4.60257996966507e-34,1.24322985117481e-33
"PAK1IP1",0.0518280215052513,4.81527460651936e-34,1.29912496467188e-33
"CYTH1",0.0517872688330552,5.41423129081788e-34,1.46013632856879e-33
"ABHD2",0.0517822023060679,5.4936889441444e-34,1.48097412086763e-33
"RHBDF2",0.051775427898129,5.60174365025686e-34,1.50950134792294e-33
"DYNLT3",0.0517636747542059,5.79424306098092e-34,1.56061617851639e-33
"APOL6",0.0517635664717954,5.79604677452247e-34,1.56061617851639e-33
"DEGS1",0.0517518953607712,5.99376406171402e-34,1.61321014415798e-33
"SUCO",0.0517047531544476,6.8629193077459e-34,1.84640658335336e-33
"NDUFA7",0.0516758746409214,7.45603902603997e-34,2.00518217402769e-33
"PCF11",0.0516705332873682,7.57119430998136e-34,2.03534173875881e-33
"UPK3BL1",0.0516630137439906,7.73630963925455e-34,2.07890260218601e-33
"SMURF1",0.0516605099371017,7.79207852050346e-34,2.09305692797473e-33
"TMEM106A",0.0516594810146321,7.8151119669492e-34,2.09841032599458e-33
"CS",0.0516592217601906,7.82092629318168e-34,2.09913785899966e-33
"KLF7",0.0516426095910591,8.20258754540684e-34,2.20070215851173e-33
"CIC",0.051639806768497,8.26878146380269e-34,2.21758157385046e-33
"HEXA",0.0516249783131879,8.62791323065228e-34,2.31297864204758e-33
"RIC8A",0.0515296408347125,1.13368776734339e-33,3.03799563813264e-33
"CDC123",0.0515193268371955,1.16764204529232e-33,3.12650608642432e-33
"KDM2A",0.0515163654012137,1.1775765840266e-33,3.15185878250349e-33
"CUL4A",0.0515089623575779,1.20277988102408e-33,3.21804304535171e-33
"SH3BP1",0.0514763368086682,1.32038961838779e-33,3.53131100075943e-33
"FOXO1",0.0514436756072885,1.44956206051727e-33,3.87524281975376e-33
"SERPINB8",0.0514237038732467,1.53465402577878e-33,4.10110508628076e-33
"NFATC1",0.0514111944019539,1.59046028223015e-33,4.2485586598807e-33
"TOR1AIP2",0.0513676533334271,1.8008877786068e-33,4.80876866949471e-33
"APPL1",0.0513664626550263,1.80701481754267e-33,4.82322431164862e-33
"PSMC3",0.0513624051083529,1.82805021054437e-33,4.87744572750215e-33
"MAN1A2",0.0513554114974024,1.86487934538543e-33,4.9737472402962e-33
"RRP7A",0.0513521279648095,1.88242410163691e-33,5.01856046970314e-33
"ARHGEF6",0.0513480532872943,1.90442425582807e-33,5.07521182248859e-33
"RING1",0.0513432813547523,1.93051390889975e-33,5.14271258395241e-33
"RNF187",0.0513195631153234,2.06555078251272e-33,5.50027130388676e-33
"SRPRA",0.0512640713540026,2.41925441641709e-33,6.43959807456534e-33
"MAML3",0.0512328842995044,2.64380195540181e-33,7.03453168849729e-33
"SLC39A10",0.0512151589846724,2.78052714670613e-33,7.39541464944145e-33
"HYOU1",0.0512093679278431,2.82670119077139e-33,7.5152680891881e-33
"COX19",0.0511035935484669,3.81755110473727e-33,1.01456222559468e-32
"MRPL14",0.0510692967774227,4.20768219531413e-33,1.11780508143493e-32
"GID8",0.0510441954798819,4.51807205754269e-33,1.19979124827361e-32
"CDC42BPB",0.0510348129432847,4.63984123727882e-33,1.2316437614936e-32
"S1PR3",0.05100616039109,5.03224267663603e-33,1.33528228951084e-32
"TMBIM4",0.0509865290009593,5.31995167433162e-33,1.41107074421954e-32
"DAPK1",0.0509832141614867,5.37011944800459e-33,1.42381872893957e-32
"H2AFZ",0.0509673574069173,5.61667589175869e-33,1.48860626045396e-32
"SLC31A1",0.0509407528939205,6.05585304754665e-33,1.60437392062942e-32
"TRPV2",0.0509317735910762,6.21164658710043e-33,1.64500362614125e-32
"UBA1",0.0509093912166302,6.61753018541052e-33,1.75180585683479e-32
"GNPTAB",0.0508758011317642,7.27658369668313e-33,1.92551790110664e-32
"MED6",0.0508719628754645,7.35592418193626e-33,1.9457513064973e-32
"LSM10",0.0508375813059363,8.10605005872734e-33,2.14333220363925e-32
"ACBD3",0.0508088025177449,8.79199181552992e-33,2.32379424021883e-32
"MPC2",0.0508027879787805,8.94247210699754e-33,2.36264376379095e-32
"CCDC88C",0.0507931756996181,9.18829329186226e-33,2.42664261508909e-32
"TIMM10B",0.0507771400189244,9.61340707393239e-33,2.53792445243486e-32
"MLLT6",0.0507505242693295,1.03625351558323e-32,2.7346253001008e-32
"ATP5IF1",0.0507335292968304,1.0870913219144e-32,2.86766462249834e-32
"DELE1",0.050714777565744,1.14606198805723e-32,3.02204567131626e-32
"NCOA1",0.0506768771290004,1.27512358134346e-32,3.36105673819226e-32
"MRPS22",0.050642041622017,1.40643087728283e-32,3.70572063963727e-32
"UBE2E3",0.0506326212050726,1.44419015362711e-32,3.80372794260729e-32
"FAM120AOS",0.0506070173091232,1.55197941512087e-32,4.08603303178825e-32
"STARD3NL",0.0505823076341921,1.66356912695472e-32,4.37812022862627e-32
"OAS3",0.0505735115389504,1.70518616704557e-32,4.48590026279964e-32
"PSEN1",0.0505477218152822,1.83325870841818e-32,4.81907547729989e-32
"MSRA",0.0505388132072359,1.87968288769946e-32,4.9391900519767e-32
"REV3L",0.0505121220587889,2.02587873357123e-32,5.32127665799343e-32
"VPS51",0.0504998627940061,2.09675779166548e-32,5.50531239978654e-32
"BRD1",0.0504836185622523,2.19448302739389e-32,5.75966605132379e-32
"NLN",0.0504325773198271,2.53194719201069e-32,6.64279975366095e-32
"HIGD1A",0.0504249362593797,2.58671889500463e-32,6.78386596164713e-32
"VARS",0.0503995016970538,2.77765177917197e-32,7.28177730863968e-32
"CNPY2",0.0503916693465609,2.83921881584952e-32,7.44029395889869e-32
"LY6G5B",0.0503726760228063,2.99420273384986e-32,7.84339584794999e-32
"GARS",0.0503436846130101,3.24711337547702e-32,8.502607874361e-32
"ARHGEF2",0.0503411128549568,3.27054727259817e-32,8.56065432057151e-32
"KCNQ1",0.0503350158212731,3.32677666085473e-32,8.70446478484475e-32
"ERAP1",0.0503155877932095,3.51243144604263e-32,9.18667272986236e-32
"SEC62",0.0502943627630336,3.72703251517812e-32,9.74418671118301e-32
"SRI",0.0502906671104565,3.76570710289129e-32,9.8414942878423e-32
"HCLS1",0.0502762890798844,3.91999976881798e-32,1.02407721935774e-31
"PTPN12",0.0502756708608235,3.92677290138862e-32,1.02545042820736e-31
"SLC25A13",0.0502173915939783,4.62032802736158e-32,1.20610184528925e-31
"NGRN",0.0502081401408744,4.74109336765687e-32,1.23714906440479e-31
"NSUN4",0.0502079347964836,4.74380911787487e-32,1.23738014837778e-31
"SH2B2",0.0501796426071946,5.13313755699361e-32,1.33841662255433e-31
"FMN1",0.050176150723673,5.18333750856881e-32,1.35098476852096e-31
"UBALD1",0.0501267286963943,5.94838120590377e-32,1.54978825946495e-31
"TCN2",0.0501056599024014,6.30767694980327e-32,1.64276594212712e-31
"PIP4P1",0.0501046173921623,6.32600435683144e-32,1.64690471530756e-31
"MRPL24",0.0500984843588762,6.43489898636586e-32,1.67460939364201e-31
"NIPA2",0.050097334029604,6.45552988497055e-32,1.67933195660969e-31
"KXD1",0.0500899894050678,6.58881115257122e-32,1.71334431548208e-31
"MRPL57",0.050068197290092,7.00056067566109e-32,1.81971513756804e-31
"PHTF2",0.0500608370059265,7.14532163966084e-32,1.8566302692447e-31
"MICAL2",0.0500567716461665,7.22654866319173e-32,1.87701481028964e-31
"SATB1",0.0500038748500935,8.37087289170257e-32,2.17340520817209e-31
"SDHC",0.049959278845471,9.47415703063014e-32,2.45797297329587e-31
"KIAA1143",0.0499263041235984,1.03816873360751e-31,2.69238926272358e-31
"TTL",0.0499179132633524,1.06260769813516e-31,2.75365682142269e-31
"ARPC1A",0.0499029365927084,1.10765624523572e-31,2.86929650346311e-31
"ELP5",0.0498920715524585,1.14151927301321e-31,2.95588349476916e-31
"RNASEH2B",0.0498896493718794,1.14920747509469e-31,2.97465227378071e-31
"RNF5",0.0498806414426845,1.17825319095192e-31,3.04866813012857e-31
"MPV17",0.0498721644619969,1.20625212008222e-31,3.1199198867161e-31
"CPNE1",0.0498536561810505,1.26970023749358e-31,3.28276990657517e-31
"MMGT1",0.049853293941652,1.27097452888852e-31,3.28480840589268e-31
"HLA-E",0.0498497185435875,1.2836204345748e-31,3.31622382810861e-31
"ISG20",0.0498184892474755,1.39952285622492e-31,3.61427579485741e-31
"LCP1",0.0497957920388796,1.49022415242575e-31,3.8470429532457e-31
"KLHL15",0.0497870134673619,1.52684903776238e-31,3.94008639095858e-31
"NDUFV3",0.0497784629950481,1.56338106007077e-31,4.03281928544008e-31
"SGMS1",0.0497613862563819,1.63895880957858e-31,4.22616342927565e-31
"TSN",0.049747346091591,1.70380601414457e-31,4.39170128159796e-31
"IKZF1",0.0497390807429825,1.74316566801385e-31,4.49144172311039e-31
"SHMT2",0.049731908316478,1.77805150835603e-31,4.57958333256957e-31
"MAP4K5",0.0497211624893443,1.83161914774979e-31,4.71575668619053e-31
"RSRC1",0.0496191866499698,2.42677425053311e-31,6.24093598625118e-31
"NUP93",0.0496180351230808,2.43448887804506e-31,6.25839517279949e-31
"PGLS",0.0496165923021894,2.4441893953489e-31,6.28094431849255e-31
"GPATCH8",0.0496048866641494,2.52432168431895e-31,6.48439928103358e-31
"PLSCR1",0.0495976782346805,2.57495975970344e-31,6.61196465452144e-31
"C2orf69",0.0495944430300636,2.59801319342122e-31,6.66862839814765e-31
"NDUFA9",0.0495891706516365,2.63602296768249e-31,6.76362477590183e-31
"ECH1",0.0495694775964011,2.7829407007106e-31,7.13517712457503e-31
"KLC1",0.0495667805760947,2.80368438588794e-31,7.18563689650811e-31
"TMEM138",0.0495650958245926,2.81672018924407e-31,7.21631117827934e-31
"PIGP",0.0495531103690249,2.91121081832691e-31,7.4555667964804e-31
"CAPN1",0.0495294522622159,3.10705890607417e-31,7.95411785837466e-31
"NIPSNAP3A",0.0495020079256803,3.35068658184643e-31,8.57456168806348e-31
"CORO7",0.0494814976695994,3.54505594890718e-31,9.06509957282959e-31
"NOB1",0.0494741797618727,3.61708118838473e-31,9.24577917378796e-31
"KPNA2",0.0494675403956672,3.68368392270332e-31,9.41246674278048e-31
"SPATS2L",0.0494605832719384,3.75478067920801e-31,9.58688526137665e-31
"SNX29",0.0494592224193147,3.76884606483393e-31,9.61916506015184e-31
"DIAPH1",0.0494403803062762,3.96905420673649e-31,1.01263303742435e-30
"WDR18",0.0494292272315118,4.09249959565677e-31,1.0437340537999e-30
"TOR2A",0.0494272131227856,4.11519516889988e-31,1.04912649083454e-30
"UBXN4",0.0494195794476866,4.202353579005e-31,1.07094280239928e-30
"OGFRL1",0.049386231771456,4.60509907545575e-31,1.17313771097047e-30
"IER3IP1",0.0493781546945979,4.70827560450438e-31,1.19896991947473e-30
"PBX2",0.0493439639645016,5.17105184735708e-31,1.31582542491461e-30
"ECD",0.0493295362618027,5.37962689744173e-31,1.36838440382256e-30
"PLEC",0.0493267066992126,5.4215016625746e-31,1.37851721476746e-30
"ASXL1",0.0493233112044334,5.47217897211887e-31,1.39087977558254e-30
"ANXA4",0.0493117634783806,5.64807201142263e-31,1.43504753360497e-30
"NDUFV1",0.0492957267944924,5.901684767277e-31,1.49835864482012e-30
"OSBPL1A",0.0492929926029139,5.94603883319534e-31,1.50905287354481e-30
"CCDC91",0.0492402621730467,6.86917062754253e-31,1.74268152393302e-30
"LPXN",0.049238736718097,6.89789382249857e-31,1.74931208304249e-30
"MED10",0.0492277870059687,7.10759784268448e-31,1.80181736086951e-30
"URI1",0.0492190149484267,7.28015203842122e-31,1.84486911288478e-30
"ATP9B",0.0492056246921502,7.55160090455864e-31,1.91294019167182e-30
"RBM42",0.0491971617819457,7.72831902986035e-31,1.95697247044516e-30
"TXLNA",0.0491965732400403,7.74076021765022e-31,1.9593889865793e-30
"TES",0.0491943806801147,7.7872839831193e-31,1.970427657555e-30
"ELAVL1",0.0491907349316469,7.86525808716663e-31,1.98941301636115e-30
"OGDH",0.0491846356920216,7.99744321329251e-31,2.022091008417e-30
"DCAF13",0.049173189785808,8.2514834787647e-31,2.08554317009077e-30
"PDCD2",0.0491686190688835,8.35515355487671e-31,2.11095639702995e-30
"IFITM1",0.0491183127782057,9.5852086018043e-31,2.42082911306682e-30
"DHRSX",0.0490971648944267,1.01544902396721e-30,2.56364856274917e-30
"BTBD1",0.0490839812218733,1.05262353112419e-30,2.65650903095582e-30
"LRRC41",0.0490707172294823,1.09138747004584e-30,2.75330995708206e-30
"POP5",0.0490382586637844,1.19232709020933e-30,3.00683456057638e-30
"OS9",0.0490331077874395,1.20917576658541e-30,3.04818693433407e-30
"OTUD5",0.048992358087392,1.35107118403997e-30,3.40461881300569e-30
"TMEM35B",0.0489876794301592,1.36838550727064e-30,3.44696513213741e-30
"ELOVL1",0.0489606075532376,1.47298225005695e-30,3.70906256708939e-30
"PRPF38B",0.0489581316687691,1.48293538638242e-30,3.73273497666849e-30
"ZNF580",0.048954490825966,1.49769307181976e-30,3.76847892019852e-30
"RB1",0.0489330895594111,1.58743431263737e-30,3.99279887936802e-30
"SNW1",0.048912017258166,1.68100705765293e-30,4.22658561427723e-30
"DUSP7",0.0489015848682035,1.7293385321249e-30,4.34648989431096e-30
"WDR26",0.0488894633613005,1.78722995323199e-30,4.48865591151616e-30
"ZFX",0.048864134983292,1.91447809201053e-30,4.80645613816681e-30
"MCRIP1",0.0488576312670568,1.94857808823981e-30,4.89025109672954e-30
"SNAP29",0.0488272241420987,2.11617812968756e-30,5.30889808342026e-30
"SCNM1",0.048810394658424,2.21501186553094e-30,5.55272347899692e-30
"RB1CC1",0.0487285091928254,2.76524921707657e-30,6.9295218519847e-30
"TIGAR",0.0487270588008165,2.77612856166279e-30,6.95420718984888e-30
"ANAPC16",0.0487217503733665,2.81631041652879e-30,7.05224989857449e-30
"HMG20B",0.0487194770352856,2.83369436127584e-30,7.09315349003553e-30
"OPN3",0.0486990727645598,2.99456866322554e-30,7.49307132941076e-30
"PLAGL1",0.0486944376559443,3.03235862397601e-30,7.58482303244611e-30
"WASHC2A",0.0486867762591666,3.09586229043836e-30,7.74080064558201e-30
"PCM1",0.048679078150524,3.16099948773986e-30,7.90074585456901e-30
"MRPL12",0.0486711713036215,3.22931896469847e-30,8.06852384343176e-30
"FERMT3",0.0486564388881968,3.36054753912021e-30,8.39329956113473e-30
"C5AR2",0.0486396928658921,3.51614896366108e-30,8.77868653741233e-30
"KDM3A",0.0486382308418536,3.53006853016384e-30,8.81018580008774e-30
"PRKACA",0.0486373594300997,3.53839102232595e-30,8.82769804499843e-30
"SLC1A5",0.0485481421580356,4.50209992011902e-30,1.12237085397952e-29
"XIAP",0.0485244145990045,4.79959103255238e-30,1.19609417512299e-29
"R3HDM1",0.048522082187875,4.82986694661668e-30,1.20319566787308e-29
"DHRS4L2",0.0484300399259932,6.18871243832981e-30,1.54057013238394e-29
"SCAMP2",0.0484294368891028,6.19876297226328e-30,1.54250410215208e-29
"DTD1",0.0484236281068443,6.29640854701581e-30,1.56622583467159e-29
"CMTM7",0.0484160566047045,6.42598031916034e-30,1.59786880977724e-29
"ZNF394",0.0484115096625451,6.50506063739037e-30,1.61693805034545e-29
"NKTR",0.0483491583620072,7.69207214609353e-30,1.91058412122477e-29
"GNL3",0.0483305705431981,8.08585082403948e-30,2.0076546978087e-29
"VDAC3",0.0482941247545297,8.91692613923292e-30,2.2131915428544e-29
"ZNF562",0.0482828360363138,9.19114071099287e-30,2.28041476502836e-29
"PSME3",0.0482492471787746,1.0057522910737e-29,2.49445753483099e-29
"ZNF318",0.0482414875093669,1.02689264172768e-29,2.54595568416605e-29
"CIAO2A",0.0482095436152939,1.11866440719271e-29,2.77145110187977e-29
"ZDHHC5",0.048189259809296,1.18111584501293e-29,2.92510044986536e-29
"SLC12A7",0.0481596697743125,1.27847397499275e-29,3.1650540259707e-29
"ZNRF2",0.0481470464302518,1.32239313219186e-29,3.27138674231582e-29
"AP2A2",0.0481315955602569,1.37819213329754e-29,3.40817740059425e-29
"PYM1",0.0481134656329957,1.44665150649318e-29,3.57616483926889e-29
"PYCARD",0.0481090024379264,1.46401591109302e-29,3.61776738848681e-29
"PRDM2",0.0480846135776538,1.56262017860408e-29,3.86002010505744e-29
"ALDH16A1",0.0480746876972378,1.60461231104286e-29,3.96230235024134e-29
"RAB10",0.0480563975719033,1.68494381783831e-29,4.15762961766598e-29
"FDPS",0.0480509946686652,1.70942833081796e-29,4.21650672917191e-29
"ZMYM2",0.048020174793089,1.85599933159848e-29,4.5763718019465e-29
"TMEM173",0.0480073278559925,1.92071754484411e-29,4.734222136599e-29
"EVL",0.0479808039729023,2.06150380029891e-29,5.07938308812715e-29
"TAB3",0.0479133975691105,2.46706369857428e-29,6.07643630821883e-29
"TULP4",0.04787069266089,2.76400133536494e-29,6.80284420400522e-29
"RBBP8",0.0478624994013057,2.82489918772609e-29,6.95019774680354e-29
"RTL8C",0.047852674944585,2.89967867889844e-29,7.13158513933517e-29
"HDAC1",0.0478521075507378,2.90405693043189e-29,7.13975596605454e-29
"RP2",0.0478196768575822,3.16551737797644e-29,7.77691242459983e-29
"TIMM8B",0.0477836250812565,3.48365517860091e-29,8.55539145024364e-29
"NUDCD2",0.0477825635817521,3.49348811140688e-29,8.57642451750977e-29
"HTATSF1",0.0477790367591149,3.52635610652582e-29,8.65397228174993e-29
"MICU2",0.0477763984591992,3.55114401297426e-29,8.71164175316363e-29
"CNOT1",0.0477512964948485,3.79580629915266e-29,9.30846804083103e-29
"COMMD4",0.0477475851259591,3.83337201003393e-29,9.39718207390841e-29
"SPG7",0.0477311088414643,4.00464494899377e-29,9.81348477714638e-29
"MRPL15",0.0477230936405101,4.09068783318634e-29,1.00207030580336e-28
"PAFAH1B2",0.0477011809491001,4.33539505430459e-29,1.06124569015762e-28
"MBNL3",0.0476595720415166,4.84071537464999e-29,1.1845123651107e-28
"GAR1",0.0476490236557586,4.97784521581924e-29,1.21762704428921e-28
"LINC01003",0.047637816471355,5.12776379649108e-29,1.25384488347473e-28
"TFG",0.0476329525853712,5.19421397673188e-29,1.26963415389314e-28
"CCNYL1",0.0476224264180244,5.34096137393671e-29,1.30503215934897e-28
"THOC6",0.047600345881952,5.66228780271694e-29,1.38304652580091e-28
"ECI1",0.0475847597434337,5.90058123865839e-29,1.44073057979665e-28
"THRAP3",0.0475836841884967,5.91738743280533e-29,1.4443125066136e-28
"GTF2F1",0.0475686651073626,6.15709199604726e-29,1.50173517262899e-28
"DNM2",0.0475393722028919,6.65266544581946e-29,1.62202203675389e-28
"UROS",0.0475389717920555,6.6597066769947e-29,1.62315345505267e-28
"TENT2",0.0475353140032691,6.72437219636433e-29,1.63832361872502e-28
"CYB5A",0.0475248039169525,6.9136655225924e-29,1.68383618869767e-28
"FH",0.0475222452328682,6.96054353792718e-29,1.69464295498472e-28
"IDH3B",0.047515710061887,7.08171152738314e-29,1.72352237712878e-28
"TYW3",0.0474909520303831,7.5600306163197e-29,1.83927193223956e-28
"EPC2",0.0474785306905521,7.81194592873737e-29,1.8998764900789e-28
"CARM1",0.0474418074104741,8.60646860449107e-29,2.09235290309112e-28
"DCTD",0.0474375264128395,8.70415644631989e-29,2.11534154326272e-28
"ATP11B",0.0474300584964089,8.87720667059269e-29,2.15662214516267e-28
"AMPD2",0.0474165582624814,9.19874738102977e-29,2.23393430471057e-28
"DDX49",0.0473976017737628,9.66983219174711e-29,2.34749498917063e-28
"GPBP1",0.0473839209667105,1.00246069757066e-28,2.43274830447782e-28
"XBP1",0.047383286471076,1.00413706177787e-28,2.43594211506286e-28
"BTAF1",0.0473439986747336,1.11354004120471e-28,2.69940631716925e-28
"TIMM50",0.0473386266968622,1.12939038976959e-28,2.73684889793269e-28
"TPR",0.0473157969070107,1.19928579638042e-28,2.90518497647008e-28
"PAFAH1B1",0.0472930465698909,1.2732044801341e-28,3.08314308387774e-28
"ANXA11",0.0472830189311417,1.30720413050656e-28,3.16434197148402e-28
"SLC44A1",0.047271684572948,1.34671974222028e-28,3.2588304141558e-28
"PLA2G7",0.0472535474658718,1.41243147637859e-28,3.41661868042777e-28
"CTBP1",0.0472490685496705,1.42914260152975e-28,3.45580584010824e-28
"RABL6",0.0472414017180507,1.4582044902817e-28,3.52481964919362e-28
"DMAC2L",0.0472242388176039,1.5254045830832e-28,3.68330728079483e-28
"WASL",0.0472126193290341,1.57263482442473e-28,3.79599573292952e-28
"CCDC47",0.0472039091187915,1.60898829519875e-28,3.88235898067049e-28
"KLF2",0.0472023742474131,1.61548017314561e-28,3.89663269733767e-28
"SNRNP25",0.0471817499037282,1.70527495732551e-28,4.111756057945e-28
"RDH11",0.0471808336864386,1.70937687267873e-28,4.12017719649943e-28
"NDUFA5",0.0471755797269939,1.73308860887108e-28,4.17584179778239e-28
"SASH3",0.0471634320428134,1.78916920782546e-28,4.30943107022014e-28
"SERF2",0.0471579022695778,1.81529046839432e-28,4.37079019117308e-28
"MED21",0.0471529191328408,1.83915342810446e-28,4.42667010587906e-28
"TPGS2",0.0471433975132249,1.88561868437636e-28,4.53689250002441e-28
"SNHG9",0.0471215035715281,1.99692466507465e-28,4.80128295183844e-28
"TXNDC12",0.0471179708743271,2.01548517979466e-28,4.84246457021738e-28
"ADSL",0.0471109082685021,2.05310613263951e-28,4.93110144325959e-28
"TAX1BP3",0.0470974740266029,2.12660047687311e-28,5.10399212784491e-28
"MRPS35",0.0470866847931236,2.18750958710835e-28,5.24831523010629e-28
"CHFR",0.0470824805456891,2.21170987079859e-28,5.30449465642755e-28
"KMT2E-AS1",0.0470543003581703,2.38091821978364e-28,5.70829364679332e-28
"SRSF1",0.0470418001954378,2.46002887971222e-28,5.8958721218484e-28
"CALM2",0.0470380386216202,2.48434143120278e-28,5.95203133109921e-28
"ITSN2",0.0470377993262486,2.48589613132253e-28,5.95364638465165e-28
"YKT6",0.0469927677756765,2.79632438125186e-28,6.69474119746594e-28
"WIPI2",0.0469897943420372,2.81812518677576e-28,6.74454668594368e-28
"MRPS17",0.0469771308580113,2.91287578527295e-28,6.96884401423582e-28
"ATP5ME",0.0469453450717894,3.16485221251708e-28,7.56900099357198e-28
"FGD5-AS1",0.0469445956273651,3.17104710143712e-28,7.58113488430565e-28
"GLA",0.0469397461104702,3.21142483664824e-28,7.67495345372171e-28
"LTV1",0.0468895028330896,3.66097055680209e-28,8.74005011812815e-28
"CD55",0.0468524695741587,4.03177546820164e-28,9.62189690805199e-28
"DLST",0.0468478881117835,4.0801639384258e-28,9.73394085663261e-28
"DCP1A",0.0468410665250889,4.15328147836467e-28,9.90488044981429e-28
"VRK2",0.0468039131073222,4.5749296919563e-28,1.09027492588356e-27
"ABL1",0.0468008364631644,4.61169267878489e-28,1.09864884430108e-27
"CLCN6",0.0467688479550624,5.011722158264e-28,1.19352777428753e-27
"NUDT5",0.0467462777530016,5.31449790585644e-28,1.26518733596815e-27
"NAA25",0.0467366482363178,5.4491340339951e-28,1.29678265413027e-27
"HSPA4",0.0467350740258535,5.47146348675954e-28,1.30163844595289e-27
"C12orf45",0.046722304504032,5.65597939329773e-28,1.34506073436813e-27
"BIRC6",0.0467148284641213,5.76685666494049e-28,1.3709464807195e-27
"ADIPOR1",0.0466998224328116,5.99595901156949e-28,1.42490962661586e-27
"TMED3",0.0466849165709511,6.23246563084998e-28,1.48059382045596e-27
"C11orf58",0.046683320333281,6.25833472379817e-28,1.48621710809973e-27
"MRPS12",0.0466709822460371,6.46191529863859e-28,1.53402420414661e-27
"PLAGL2",0.0466504482560717,6.81539090788783e-28,1.61674896786589e-27
"C20orf27",0.0466503256235578,6.81755850818762e-28,1.61674896786589e-27
"MKNK1",0.046648045632448,6.85798342479744e-28,1.62576528524037e-27
"FUT4",0.0466387787665341,7.02474904271503e-28,1.66471532694695e-27
"PRKACB",0.0466189057025997,7.39606541021886e-28,1.75209524311457e-27
"CUL3",0.0466058389439554,7.65075129218016e-28,1.81179437780841e-27
"RPGR",0.04659538228968,7.86081321593635e-28,1.86080131618619e-27
"FAM13B",0.0465721723309453,8.34773391033162e-28,1.97477358179678e-27
"ECI2",0.046560917972402,8.59449245035665e-28,2.03172599499515e-27
"PTDSS1",0.0465560019208293,8.70453723586581e-28,2.05702119020233e-27
"NAXE",0.0464873582614176,1.03953302604174e-27,2.45572424495745e-27
"ZDHHC7",0.0464785820362357,1.0633754413017e-27,2.51117057584379e-27
"NUDT1",0.0464498680118545,1.1452374313036e-27,2.70354408974987e-27
"NGDN",0.0464411971014506,1.17116462152774e-27,2.76378499342025e-27
"MTRF1L",0.0464151326624089,1.25265753785879e-27,2.95506546178062e-27
"FGD2",0.0464002825839839,1.30157700694252e-27,3.06939732959134e-27
"SMU1",0.0463819574480629,1.36456259510796e-27,3.21568759342104e-27
"UBE2S",0.0463350706318587,1.5398159055185e-27,3.62741997812215e-27
"PTAFR",0.0463311225777215,1.55555380446653e-27,3.66321813723378e-27
"CSGALNACT2",0.0463006485366308,1.68252042891463e-27,3.96083587043587e-27
"SELENON",0.0462342082372867,1.99606844136216e-27,4.69732639472661e-27
"CRELD2",0.0462266523407629,2.03520818656166e-27,4.78776706657738e-27
"SCIMP",0.046193441986867,2.21646044848116e-27,5.21234403206299e-27
"DDX19B",0.0461928499560495,2.21983271070844e-27,5.21845930358127e-27
"AP3D1",0.0461918036140449,2.22580521883424e-27,5.23068094700671e-27
"VOPP1",0.0461740306362899,2.32972191804406e-27,5.4729846726532e-27
"RBM47",0.0461274503445699,2.62546067363336e-27,6.16559208559749e-27
"MED13",0.0461111160233633,2.73774849412428e-27,6.42705471137996e-27
"MTPAP",0.0461103245617914,2.74330862025743e-27,6.43787212133305e-27
"SS18",0.0460883407621903,2.90230367544108e-27,6.80863121084565e-27
"SF3A1",0.046080553303341,2.96078999708747e-27,6.94342739171293e-27
"RBM23",0.0460650906595277,3.08040558207545e-27,7.22143624840918e-27
"SF3A3",0.0460570206739036,3.1447237992869e-27,7.36966294869281e-27
"CHMP4A",0.0460467389449497,3.22860218172762e-27,7.56361030861415e-27
"TXNDC5",0.0460422728167929,3.2657244686229e-27,7.64792626683736e-27
"PRPF38A",0.046026432703764,3.40083211012533e-27,7.96157406390491e-27
"CASC4",0.0459765968894401,3.86310647769577e-27,9.04065866933233e-27
"AP3B1",0.0459709638469098,3.91912795418937e-27,9.16858965338212e-27
"UBR4",0.045954004032042,4.09270583108577e-27,9.57135389967861e-27
"SMIM20",0.0459522070625067,4.11153799702829e-27,9.6120706770084e-27
"MRPL18",0.04594458447502,4.19238234549541e-27,9.79768304109729e-27
"KCTD5",0.0459228437803564,4.43172309742847e-27,1.03534484663835e-26
"MAP3K13",0.0458996030005546,4.70257325696379e-27,1.09824171987331e-26
"LONP1",0.0458963459808586,4.7418195607391e-27,1.10702493267117e-26
"TBC1D5",0.0458931558203636,4.78057503140762e-27,1.11568753149282e-26
"PLEKHA3",0.0458918859032165,4.79608979489674e-27,1.11892212226697e-26
"PRPF19",0.0458625953093587,5.16812349831649e-27,1.20530124084573e-26
"RPL28",0.0458475095602968,5.3707580043199e-27,1.25126446820148e-26
"PSMC2",0.0458469724050789,5.37811660408865e-27,1.25254723941589e-26
"GPBP1L1",0.0458431655278681,5.43055506308025e-27,1.26432447594647e-26
"YARS",0.0458238153155011,5.70503770912327e-27,1.32777142689784e-26
"UBE2J2",0.0458236212618391,5.70785888429664e-27,1.32797088495284e-26
"QDPR",0.0458148889245692,5.83625256935708e-27,1.35737542557355e-26
"NCEH1",0.0458025930209301,6.02191093517336e-27,1.40007358434343e-26
"MOV10",0.0457835761546691,6.32064499716206e-27,1.46902306035795e-26
"MARVELD1",0.0457518670532222,6.85177633169268e-27,1.59191958001973e-26
"ERBIN",0.0457164972429003,7.49656178447622e-27,1.74112862331995e-26
"TMEM259",0.0456928288679956,7.96127261497745e-27,1.84842596668484e-26
"TXNDC17",0.0456924219006221,7.96950793032757e-27,1.84970281898197e-26
"PPP2R1A",0.0456736669185447,8.35833550465679e-27,1.9392829906309e-26
"ARRB1",0.0456644507548358,8.55623916367304e-27,1.98451914187284e-26
"POLR3GL",0.0456451210730999,8.98653200005917e-27,2.08360572196159e-26
"DSTN",0.0456350952239667,9.2180954311241e-27,2.13656301713507e-26
"ADAM10",0.0456328423396513,9.2709380908699e-27,2.1480744493616e-26
"SLC25A28",0.0456097026989991,9.83138112491407e-27,2.27714860519164e-26
"USP3",0.0456032567265693,9.99339846382161e-27,2.3138824319828e-26
"ACTR2",0.0455554084912613,1.12817230821951e-26,2.61128824918592e-26
"UPF3A",0.0455502976457892,1.14287111071073e-26,2.64440505801344e-26
"ATP6V1B2",0.0455441341152465,1.16085018951054e-26,2.68508659982235e-26
"SIRT1",0.0455382342596894,1.17832271169497e-26,2.72456903343696e-26
"WBP2",0.0455357731761462,1.18568808932496e-26,2.74066228100037e-26
"TAPBPL",0.045532213712576,1.19642144707309e-26,2.76452679550962e-26
"HNRNPH1",0.0455221920422384,1.22716138606702e-26,2.83361958032758e-26
"DPM1",0.0455093466361154,1.26771022363784e-26,2.92625087812068e-26
"PPIH",0.0455016677219891,1.29258158408938e-26,2.98264303413936e-26
"SINHCAF",0.0454958730007154,1.3116699231134e-26,3.02565689190368e-26
"ZBTB4",0.0454429914595938,1.49929791163214e-26,3.45728280373291e-26
"HNRNPH2",0.0454368984723341,1.52255744993015e-26,3.5097207360988e-26
"RAB4B",0.0454350976478208,1.52950020521384e-26,3.52452313819045e-26
"ISCU",0.0454049446122373,1.65052358941431e-26,3.8021090248825e-26
"CYBRD1",0.0454007813852787,1.66796259805316e-26,3.84097245416806e-26
"NUDT21",0.0453682446205596,1.81069566948192e-26,4.16823746045873e-26
"PNPO",0.0453661076507206,1.82048298351068e-26,4.18934154238111e-26
"HAX1",0.0453640633091695,1.82989514032281e-26,4.20956823535981e-26
"RBM27",0.0453622856031706,1.83811891017404e-26,4.22704828288662e-26
"CUL2",0.0453301076606075,1.99347185797793e-26,4.582748463716e-26
"CLEC4A",0.0453240569109993,2.02410591836711e-26,4.65159079336507e-26
"NRBP1",0.0453011571252633,2.14432862991824e-26,4.92619975089269e-26
"NTMT1",0.0452970697488395,2.16651970967678e-26,4.97548904793638e-26
"CYTH2",0.0452662357509973,2.34142375161143e-26,5.37533649733273e-26
"IL27RA",0.0452628146018865,2.36167261398585e-26,5.41998253331918e-26
"FASTKD5",0.0452298555931632,2.5658605389462e-26,5.8865908055023e-26
"IRF1",0.0452236582876018,2.60616418187691e-26,5.97702714846329e-26
"ZNF121",0.0452097983136502,2.69858674076143e-26,6.18689215133537e-26
"MZT2A",0.0452017272538372,2.75389634517589e-26,6.30941822762934e-26
"CCDC186",0.0452015164732653,2.75535574571178e-26,6.31062337288528e-26
"EPN1",0.045160837697547,3.05184883121994e-26,6.98495258899054e-26
"USP8",0.0451550546268739,3.09649103576664e-26,7.08472957455779e-26
"VEZT",0.0451236003429087,3.35087927514286e-26,7.66417279405983e-26
"CLN6",0.0450986671138009,3.56715717718681e-26,8.15608714066961e-26
"LY6E",0.0450948204993622,3.60173382132361e-26,8.23236050235596e-26
"PGS1",0.0450644431142007,3.88672126087122e-26,8.88074432063209e-26
"DHRS4",0.0450639312738237,3.89170979006576e-26,8.88913847656575e-26
"R3HDM2",0.0450613842396367,3.91662837609523e-26,8.94303426233699e-26
"CTNNBIP1",0.0450606612350098,3.92373057504856e-26,8.95622633960274e-26
"JDP2",0.0450456413767078,4.07419470788282e-26,9.29653406007282e-26
"RASA3",0.0450192410613945,4.35265296235021e-26,9.92522316305219e-26
"THG1L",0.0450157698266596,4.39064199099649e-26,1.00084728594495e-25
"MAF1",0.045000956329842,4.55648851485163e-26,1.03830194974425e-25
"HSPB11",0.0449996397295336,4.57152574420015e-26,1.04137754570543e-25
"MXD1",0.0449808979441653,4.79099133798704e-26,1.09100345018964e-25
"NOC2L",0.0449788721670559,4.81532969867063e-26,1.09617656877819e-25
"GAS7",0.0449777127626682,4.82931426995369e-26,1.09899002959128e-25
"NT5C",0.0449715009201242,4.90492912181498e-26,1.11582186381531e-25
"SRFBP1",0.0449612826850224,5.03187360777494e-26,1.14431542085995e-25
"PHF5A",0.0449597610742069,5.0510536101144e-26,1.14829097034242e-25
"PFDN4",0.0449249397206527,5.51033449967202e-26,1.25228139671538e-25
"SAFB2",0.0449123453035456,5.68644899979519e-26,1.29187102444944e-25
"TMX1",0.0448863892263898,6.06719491152033e-26,1.37790745034561e-25
"TM9SF4",0.0448834526046885,6.11183205430798e-26,1.38757879513688e-25
"TRMT10C",0.0448755389613318,6.23374779605005e-26,1.41478243870743e-25
"ANAPC15",0.0448480704582098,6.67592598699259e-26,1.51462871134419e-25
"MFNG",0.0448470187982591,6.69345943261942e-26,1.51809725675746e-25
"ORMDL2",0.0447925904715333,7.6660133478057e-26,1.73809242939351e-25
"ERI3",0.044772244389455,8.0644764659316e-26,1.82782183661292e-25
"BEST1",0.0447330198661025,8.89148156435381e-26,2.01458803138727e-25
"SLC39A6",0.0447270624121926,9.02423429647253e-26,2.04398151016585e-25
"BCL7C",0.0446972900091737,9.71768409426598e-26,2.2003101862469e-25
"COPS6",0.044685173932773,1.0014778944256e-25,2.26682023575877e-25
"PLXDC2",0.0446778987052166,1.0197480096674e-25,2.30740170460551e-25
"SNX2",0.0446330872531559,1.1397931094741e-25,2.57816701677965e-25
"SMARCD1",0.0446220315341851,1.171502583076e-25,2.64900634253405e-25
"PRKAR2A",0.0445893685438311,1.27038235946764e-25,2.87163327728543e-25
"NDUFB3",0.0445892003451885,1.2709123690173e-25,2.87187116541642e-25
"IMPAD1",0.0445465944534693,1.41247557094926e-25,3.19069406454659e-25
"SMAP1",0.0445451648241607,1.4174873587762e-25,3.2009459027007e-25
"AL133243.3",0.0445329009956301,1.46121055006586e-25,3.29857914156771e-25
"IMP4",0.0445310771434493,1.4678261471083e-25,3.31240740340428e-25
"BAG6",0.0445183253420054,1.51491699707128e-25,3.41753547454084e-25
"ZNF277",0.0445043683407209,1.56817590223831e-25,3.53650342729593e-25
"ARPC1B",0.0445035203010211,1.57147110624277e-25,3.54275296742493e-25
"TRPS1",0.0444965250992423,1.59891522527432e-25,3.60342194602655e-25
"KDM5B",0.0444621317516105,1.74091422773123e-25,3.92213298690132e-25
"ZNF710",0.044460761166633,1.74682474812107e-25,3.93413794871637e-25
"SLC5A3",0.0444340715443181,1.86596786121046e-25,4.20106850137992e-25
"MRPL42",0.0444310259856816,1.88006510457321e-25,4.23139819308238e-25
"DPP9",0.0444198671866795,1.93262452983142e-25,4.34824440805e-25
"ARHGEF1",0.0444141772044195,1.95998303463527e-25,4.40833176885199e-25
"COG3",0.0444125481910858,1.96788606664866e-25,4.42463508367529e-25
"CTSO",0.0443933389777098,2.06349403015868e-25,4.63805955382408e-25
"YWHAB",0.0443872521055839,2.09473935300525e-25,4.70672408297392e-25
"VENTX",0.044371247542806,2.17914939235368e-25,4.89476047897117e-25
"NME4",0.0443703238003381,2.1841229240803e-25,4.90430258708299e-25
"DENND1A",0.0443638301310948,2.21940447124945e-25,4.98187039512535e-25
"PDXDC1",0.0443379498850607,2.36571700111639e-25,5.3085339012771e-25
"LILRA1",0.0443332388931614,2.39336045143751e-25,5.36878235307531e-25
"STK19",0.0443261755171077,2.43540821243697e-25,5.4612918488512e-25
"HAUS1",0.0443039385751532,2.57262170492092e-25,5.76707405403526e-25
"IL18",0.0442822692508444,2.7136956430529e-25,6.08130468766345e-25
"SNRPA",0.0442178499615543,3.17995400786889e-25,7.12381346825763e-25
"PPP4R2",0.0442082284038233,3.25609542250327e-25,7.29197123270772e-25
"SLC35A4",0.0442065486439522,3.26957242327751e-25,7.31972819661564e-25
"AL627171.2",0.0441837060941561,3.45842334025737e-25,7.73995372508444e-25
"QRICH1",0.0441143668984407,4.10043586158712e-25,9.16767422625347e-25
"IK",0.0441025704390924,4.22084906857507e-25,9.43377208351605e-25
"ATP6V1H",0.0440902398549077,4.35046039626589e-25,9.72024545246321e-25
"PDHA1",0.0440845103490502,4.41201982917692e-25,9.85453124052368e-25
"ARHGAP5",0.0440250161685993,5.10453031176753e-25,1.13975328394519e-24
"IDH3A",0.0440230873528896,5.12869853206114e-25,1.14477156735772e-24
"AIDA",0.0440199500237219,5.16825194783983e-25,1.15321951879027e-24
"MRPS28",0.0440161175088737,5.21698014982047e-25,1.16370843922587e-24
"PIN4",0.0439896390018622,5.56630431979554e-25,1.24121977262987e-24
"LARP7",0.0439869249334823,5.60339413346126e-25,1.24907839552692e-24
"PYROXD1",0.043979271847504,5.7093033196175e-25,1.27226762504726e-24
"BLOC1S2",0.0439505288954641,6.12508441642488e-25,1.36402159879607e-24
"SCAF11",0.043949993785056,6.13310292065031e-25,1.36535755174569e-24
"SPPL3",0.0439473606919483,6.17271096489069e-25,1.37372280558348e-24
"CD2AP",0.0439369434803878,6.33191107086244e-25,1.40868873807506e-24
"SSNA1",0.0439362530646967,6.34260488371711e-25,1.41060367167143e-24
"SUMF2",0.0439057357321282,6.83359666995451e-25,1.5193011208669e-24
"JAGN1",0.0439033351037864,6.87378094634173e-25,1.52773283952059e-24
"ZNF92",0.0438996191002414,6.93644553677106e-25,1.5411537388797e-24
"ATAD2B",0.0438758270170983,7.35129255604059e-25,1.6327887309918e-24
"SIAH1",0.04387283577104,7.40515866318853e-25,1.64421273306462e-24
"N4BP2",0.0438259916734928,8.30157289083883e-25,1.84264393680109e-24
"NDUFS7",0.0437866267787105,9.13739971788338e-25,2.02750113201869e-24
"SLC20A1",0.0437526711533804,9.92499417620746e-25,2.20081618974545e-24
"VPS26C",0.0437510170450254,9.96503337382644e-25,2.20897018493248e-24
"ARAP1",0.0437477942608381,1.00435039955558e-24,2.22563521841863e-24
"FHL3",0.0437429637612691,1.01622682788665e-24,2.2512154598105e-24
"RNF114",0.0436267833532608,1.34776877875257e-24,2.98371470633469e-24
"HNRNPF",0.0436242868876368,1.35595976909835e-24,3.00086546607985e-24
"MRPL52",0.0436168496773793,1.38065495281946e-24,3.05451836911399e-24
"ABHD14B",0.0436166325920758,1.38138243564168e-24,3.0551281149406e-24
"RWDD4",0.0436163893415749,1.38219805282397e-24,3.05593232019059e-24
"ARHGEF7",0.0436043624807356,1.42312455153895e-24,3.14538904640564e-24
"RBCK1",0.043569883646182,1.54722676791179e-24,3.4185621496247e-24
"YIPF3",0.0435622002863457,1.57631051052826e-24,3.48168420832458e-24
"BMI1",0.0435528941204529,1.61226311436595e-24,3.55993171659966e-24
"DCAF16",0.04354978103646,1.62447031854638e-24,3.58571460127066e-24
"PIAS2",0.043545087071723,1.64304988417431e-24,3.6255418625661e-24
"PAN3",0.0435396247710144,1.66493581960191e-24,3.67263656650197e-24
"POLR2K",0.043535494910802,1.68167452850525e-24,3.70835012629615e-24
"ALKBH7",0.0435299733099341,1.70431480673716e-24,3.75705001902509e-24
"SNHG7",0.0435264865678073,1.71876680343118e-24,3.78767351955614e-24
"HTT",0.0435017281657023,1.82493747458702e-24,4.02033309406414e-24
"TMEM243",0.0435003090759007,1.83121602801815e-24,4.03285067277873e-24
"ATL3",0.0434985887270443,1.83885615857443e-24,4.04835769720668e-24
"DPM3",0.0434821673583985,1.91339193655627e-24,4.21108166766177e-24
"MED29",0.0434801557974125,1.9227256524854e-24,4.23024670890133e-24
"ERP29",0.0434654285989531,1.9924481943398e-24,4.38221933699785e-24
"HP1BP3",0.0434076567460673,2.29098255434732e-24,5.03718147965602e-24
"COMMD1",0.0434014363116791,2.32565736917994e-24,5.11175860631521e-24
"UBAP2",0.0434004455499856,2.33122800284043e-24,5.12233751290352e-24
"LRRC75A",0.043384680789446,2.42166591275225e-24,5.31932528788757e-24
"MRPL51",0.0433844679289665,2.42291051186595e-24,5.32033061731915e-24
"PRPF31",0.0433731112700202,2.49023995895467e-24,5.46640011769238e-24
"SIPA1L2",0.0433716164195333,2.49923929984818e-24,5.4843741987256e-24
"MAP3K14",0.043352867836715,2.61488350634213e-24,5.73628403192056e-24
"STX8",0.0433165999156816,2.8538399698177e-24,6.25845346608415e-24
"CCDC84",0.0432862813394649,3.07010416399654e-24,6.7283547010634e-24
"ATP5F1D",0.0432662020349807,3.2221875452965e-24,7.05936811203812e-24
"GNPDA1",0.0432645814615188,3.23478255470127e-24,7.08466629489319e-24
"GPS2",0.0432601321504697,3.26961365055909e-24,7.15863273686205e-24
"CYSTM1",0.0432193906183546,3.60633484279083e-24,7.8933084726801e-24
"RNF141",0.0432189263049799,3.61036381074261e-24,7.89956949010706e-24
"GDI1",0.0431872765870861,3.89576893601345e-24,8.51852968188452e-24
"U2AF1L4",0.0431528546945395,4.23157931641419e-24,9.24982468744791e-24
"VPS28",0.0431422344150139,4.34086204416588e-24,9.48563939256804e-24
"ISY1",0.0431259582508185,4.51379176719875e-24,9.86033800905679e-24
"ADPRH",0.0431179444513994,4.60142581564061e-24,1.00485271122565e-23
"MRPL9",0.0431038808494048,4.75930924606879e-24,1.03899547344756e-23
"TIMM10",0.0430990716172174,4.81452134268908e-24,1.05070945119176e-23
"RYK",0.0430845155959805,4.98552611542153e-24,1.08732716343113e-23
"SART1",0.0430765193300678,5.08201265681826e-24,1.10801314326824e-23
"ZFR",0.0430750049987278,5.10049246017605e-24,1.11168373704869e-23
"UHRF1BP1",0.0430671042485031,5.19799236940319e-24,1.13256933321092e-23
"CERS5",0.0430657469113177,5.21492753450903e-24,1.13589320427885e-23
"PHACTR2",0.0430577264546641,5.31611813917338e-24,1.15756118321904e-23
"TATDN1",0.043022170184487,5.78864855906542e-24,1.26004677745787e-23
"POLR2G",0.0429730238927429,6.51096507223158e-24,1.41682120545084e-23
"ATP6V0B",0.0429657718795759,6.62485084416401e-24,1.44113952887364e-23
"TRAF7",0.0429238517935401,7.32289535533903e-24,1.59247653578151e-23
"DHX36",0.0429131106935319,7.51317902560856e-24,1.63333129878262e-23
"LEPROTL1",0.0429039015846112,7.68021618551233e-24,1.66910773481996e-23
"RPP30",0.0428740844979947,8.24668616222286e-24,1.79164026808447e-23
"CDK11B",0.0428606807426549,8.51463117780088e-24,1.84866478462144e-23
"FAM207A",0.0428405974863154,8.93231880576996e-24,1.93872897097306e-23
"ST3GAL6",0.0427976491891004,9.89485847960879e-24,2.1462668649546e-23
"MOCS2",0.0427824502825754,1.02595372907737e-23,2.22465463832332e-23
"ISCA1",0.0427775005406285,1.03811493890189e-23,2.25030301440067e-23
"GOLIM4",0.0426754750224628,1.32312962954987e-23,2.86628626253979e-23
"ST6GAL1",0.0426218106447114,1.50286392156398e-23,3.25460056812751e-23
"CEBPG",0.0426140006864297,1.53096215256025e-23,3.3143884449119e-23
"SMARCE1",0.0426010228837159,1.57880784833183e-23,3.41687575626489e-23
"EIF2B5",0.0425597833921174,1.7408926626714e-23,3.76404710339665e-23
"SNHG1",0.0425461430691768,1.79804844606211e-23,3.88638284649166e-23
"DGCR6L",0.0425379222558957,1.83338870469618e-23,3.96150240730292e-23
"POU2F2",0.0425002125565486,2.00451565489678e-23,4.32988189864445e-23
"TECR",0.0424986156790358,2.01210131008494e-23,4.34487925821918e-23
"SPATA13",0.0424905237334731,2.05097967847464e-23,4.4274181373458e-23
"SMARCA5",0.0424789344673741,2.10796004296181e-23,4.54896835316463e-23
"HDAC9",0.0424464607009764,2.27610692961791e-23,4.91026131178899e-23
"USP6NL",0.0424394339326255,2.31420306022037e-23,4.99085387245612e-23
"POLR2C",0.0424293400900763,2.37003489001633e-23,5.10963198067614e-23
"SIDT2",0.0423934101127024,2.57981474892057e-23,5.55835803615422e-23
"CHCHD3",0.042362760728677,2.77322178039229e-23,5.97316102492267e-23
"SLC4A7",0.0423579563836951,2.804813358421e-23,6.03928124722432e-23
"PRELID3B",0.0423477738640394,2.87295252140194e-23,6.18402801566333e-23
"ARSB",0.0423472295848774,2.87664050961984e-23,6.18999569877139e-23
"UBAP2L",0.0423281968220877,3.00859520812084e-23,6.47187788803851e-23
"SDHD",0.0423080626780039,3.15471188307505e-23,6.78403531853384e-23
"UBE2V2",0.0422741722737804,3.41669048728916e-23,7.34506975661749e-23
"SPIN1",0.0422590544648156,3.54039453416682e-23,7.60858469342081e-23
"PWWP2B",0.0422495929342406,3.62006059145891e-23,7.77732114993762e-23
"BCAS2",0.0422429455135998,3.67709086000548e-23,7.89733523014518e-23
"TCEAL8",0.0422071164756446,4.00014577710491e-23,8.58843620165332e-23
"IFI6",0.0422000670493502,4.06693959207287e-23,8.72907256571576e-23
"PDPK1",0.0421944232720346,4.12120970588387e-23,8.84274795984794e-23
"SETDB2",0.0421836266370957,4.22703476372574e-23,9.06693592561856e-23
"HCK",0.0421802134843954,4.26104574054577e-23,9.13699024796383e-23
"GGCT",0.0421556697803943,4.51372546196216e-23,9.67574440340081e-23
"MRPL33",0.0421532580581731,4.53934078109031e-23,9.72756989570573e-23
"USP47",0.0421516207023643,4.55681339031654e-23,9.76191867298167e-23
"ITPK1",0.0421156177474171,4.95829005034658e-23,1.06186249700327e-22
"C18orf32",0.0420860468623093,5.31408121104817e-23,1.13733786223161e-22
"CD302",0.0420756514204294,5.44506889143916e-23,1.16500350553861e-22
"CDK16",0.0420623724899819,5.61704856903729e-23,1.20141934119776e-22
"TOB2",0.0420393406842759,5.92818571830295e-23,1.26756684508053e-22
"FAM107B",0.0420384194998241,5.94097868156027e-23,1.26990062807553e-22
"COMMD9",0.0420099900075295,6.34951802448195e-23,1.35679808355001e-22
"RNASE2",0.0420013571580852,6.47899201794215e-23,1.38402733122612e-22
"DEDD2",0.0419874066274342,6.69376565206641e-23,1.42945513498487e-22
"DDX39B",0.0419762334763556,6.87085103187565e-23,1.46680845678911e-22
"ALKBH5",0.0419741606689118,6.90420967688564e-23,1.47346469777222e-22
"PATL1",0.0419485864523678,7.32921931678421e-23,1.5631814448195e-22
"ABT1",0.041936668249586,7.53603341495841e-23,1.60678404031958e-22
"E2F4",0.0419239445569298,7.76320320295896e-23,1.6546978832032e-22
"POLG",0.0419223890881272,7.79143558750018e-23,1.66019212124452e-22
"MRPS7",0.041900531182129,8.19908278635018e-23,1.74650279516426e-22
"WDR55",0.0418810892270672,8.579372370471e-23,1.82693343611825e-22
"COPS8",0.0418802207010833,8.59676244439235e-23,1.83006016645267e-22
"DUT",0.0418643334500752,8.92109303320213e-23,1.89850519349952e-22
"C1orf52",0.0418462585264847,9.30483245467044e-23,1.9795460108882e-22
"HAGH",0.0418376466553859,9.49336989021057e-23,2.01902088165189e-22
"ZNF430",0.0418371670984962,9.50397914775246e-23,2.02064160433819e-22
"KCTD12",0.0418052742448501,1.02365318570134e-22,2.17570549780785e-22
"ZDHHC12",0.0417638163205019,1.12728944792889e-22,2.39447186850368e-22
"WASHC2C",0.0417588744575312,1.14031595292564e-22,2.42138070280473e-22
"ITGAL",0.0417504546552812,1.1628542039829e-22,2.46846382201832e-22
"DNAJA1",0.0417470311932068,1.17214376749162e-22,2.48740238920616e-22
"ATXN3",0.0417225626803079,1.24071230535205e-22,2.63208531424073e-22
"ZADH2",0.0417221605716737,1.2418716774937e-22,2.63371844778384e-22
"SH3GLB1",0.0417135404934412,1.26698486770083e-22,2.68613505504085e-22
"SEC61A1",0.041699292637013,1.3096002788548e-22,2.77561363176717e-22
"AL139246.5",0.0416492065804589,1.47097907434098e-22,3.11666860596032e-22
"TMEM192",0.0416344022439628,1.52234198295194e-22,3.22448438181016e-22
"MED11",0.0416313424146121,1.53317722866206e-22,3.24641755182717e-22
"SCLT1",0.0416262167722651,1.5514990716262e-22,3.28418447816678e-22
"SH3KBP1",0.0416186468520578,1.57895516582833e-22,3.34125692524736e-22
"TBC1D1",0.0416091224865906,1.61418412441027e-22,3.41473681637605e-22
"MRPL27",0.0415967942725132,1.66094148295606e-22,3.51255094346761e-22
"MED30",0.041586908788056,1.69940064299931e-22,3.59276039628465e-22
"YWHAG",0.0415773476057192,1.73743623945919e-22,3.67202451234248e-22
"TMEM141",0.0415630868001308,1.79573842351133e-22,3.79405858792503e-22
"SMG6",0.0415546674484085,1.83106384485149e-22,3.86627815585288e-22
"FLII",0.0415323222106944,1.92818867217428e-22,4.07008542384337e-22
"TMEM87A",0.0415096729082957,2.03183710388554e-22,4.28753141678219e-22
"PTGS2",0.0414996383668932,2.0795024095234e-22,4.38674439650162e-22
"KHNYN",0.0414604225329194,2.27663280439859e-22,4.80109619168398e-22
"HINT2",0.0414511392278638,2.32594162321908e-22,4.90355201577305e-22
"YTHDF2",0.0414341994981855,2.41865734466151e-22,5.09742590625202e-22
"DCTN6",0.0414285143080775,2.45058642319105e-22,5.16310838491576e-22
"PDCD6",0.0414282230508263,2.45223336388247e-22,5.16496877670073e-22
"WDR11",0.0414243740248818,2.47410120195107e-22,5.20940461737501e-22
"EXOSC7",0.0414196689108759,2.50109512344964e-22,5.26460278008812e-22
"RHOU",0.0414049505073919,2.58743291386142e-22,5.4446417462238e-22
"SCAF8",0.0413531408341646,2.91547891816078e-22,6.13112067361899e-22
"DHX15",0.0413322566885808,3.05906392957478e-22,6.43107314298976e-22
"FAM53B",0.0413269924332985,3.09634814909652e-22,6.50743233945962e-22
"NDUFB6",0.0413244731484875,3.11434980870288e-22,6.54323152785587e-22
"UTP11",0.0413204949099512,3.14298762367802e-22,6.6013480346962e-22
"PITPNM1",0.0413035843074493,3.26765723932828e-22,6.85893529807468e-22
"FAM32A",0.0412958996371871,3.3259161334115e-22,6.97905616945846e-22
"CLEC11A",0.0412943663519667,3.33766267018728e-22,7.00153189982508e-22
"ADM",0.041284081665486,3.41752220333188e-22,7.16683238732222e-22
"EBPL",0.0412817372577621,3.43598930068772e-22,7.20332516649602e-22
"SMIM25",0.0412750159103226,3.48948312272381e-22,7.31320377952129e-22
"LONP2",0.0412068368391891,4.08091227124726e-22,8.55006131574302e-22
"FKBP8",0.0411859506278953,4.28119809141998e-22,8.96690839408008e-22
"CUEDC2",0.0411736413972585,4.40375998823896e-22,9.22075604846194e-22
"MED15",0.041168447539501,4.45651051888531e-22,9.32831814804445e-22
"EBAG9",0.0411645868209689,4.49612593651152e-22,9.40832790366895e-22
"SCAF4",0.041117538356682,5.00782347329979e-22,1.04758336952289e-21
"ZNF131",0.0411057645840339,5.14464027685088e-22,1.07587110769529e-21
"KDM1B",0.0410979772263002,5.23715871971857e-22,1.09488033716813e-21
"HSPA13",0.041097774140209,5.23959340267356e-22,1.09505072628983e-21
"TNFRSF14",0.041092263713879,5.30608393725362e-22,1.10860424906587e-21
"RNF138",0.0410845932864287,5.40002981055662e-22,1.12788389092287e-21
"BET1L",0.0410669555336957,5.62234308649959e-22,1.17395496009338e-21
"TATDN2",0.0410489473073905,5.85866850531071e-22,1.2228195069395e-21
"PTPN2",0.0410488490885792,5.85998402970565e-22,1.2228195069395e-21
"TMEM18",0.0410307030620813,6.10811219495832e-22,1.2742038429532e-21
"BORCS7",0.0410097463263837,6.40763209075768e-22,1.33627392244333e-21
"PTGES2",0.0409896837527768,6.70797255625997e-22,1.39847679472321e-21
"SH3TC1",0.0409415057930993,7.48729001745926e-22,1.5599866812956e-21
"MRFAP1",0.0409342826432002,7.61160767418244e-22,1.58539986091027e-21
"GCC2",0.0409312300464399,7.6647578761564e-22,1.59597868804107e-21
"SLU7",0.040915622693891,7.94229706286181e-22,1.65325955794362e-21
"MEAF6",0.040910846074545,8.02920827115695e-22,1.67083647649406e-21
"RNF115",0.0409075621250219,8.0895053638931e-22,1.68286602354711e-21
"DYM",0.0408996960024077,8.23576444455863e-22,1.71276540786407e-21
"BCKDK",0.0408723016225532,8.7658427851911e-22,1.82244351385846e-21
"TCF4",0.0408094436095561,1.01131234059818e-21,2.10190062551009e-21
"TRIOBP",0.0407988291328975,1.0360032100531e-21,2.15255614725537e-21
"FGD4",0.0407934279513318,1.04879518806058e-21,2.1784652124355e-21
"CHN2",0.0407800478102713,1.08116126481748e-21,2.24500347402671e-21
"FAM136A",0.0407414049736352,1.18028955330234e-21,2.45008832357296e-21
"SLC9A3R1",0.0407157525844124,1.25100697264223e-21,2.59608905525908e-21
"MRPL55",0.0407007496574116,1.29429254578033e-21,2.68509110218497e-21
"USP4",0.0406888406922655,1.32970368957477e-21,2.75770755988191e-21
"SLC12A6",0.0406731221730567,1.37791370306042e-21,2.85681525494987e-21
"ZNF480",0.0406522412213601,1.44464107079121e-21,2.99424226843023e-21
"PUM3",0.0406312471367341,1.51495148390207e-21,3.13900918867972e-21
"LUC7L",0.0406287898130626,1.52339937988981e-21,3.15554632580729e-21
"TP53I13",0.0406126198484854,1.58016334679732e-21,3.27212385534355e-21
"CCDC115",0.040581270462426,1.69624046412845e-21,3.51141511879132e-21
"MED28",0.0405807689698184,1.6981642763266e-21,3.51432160154397e-21
"ZDHHC4",0.0405411652902433,1.85710766728634e-21,3.84207617457863e-21
"WDR33",0.0405322713823725,1.89477771504279e-21,3.91881068565442e-21
"PGP",0.0404644728165449,2.20789485814912e-21,4.5650082984545e-21
"STX2",0.0404642842252812,2.20883356261875e-21,4.56555295532417e-21
"MAP7D1",0.0404590116826615,2.23523781368922e-21,4.61871725499781e-21
"WIPI1",0.0404468901370795,2.29713093402924e-21,4.74515803390518e-21
"ARHGAP17",0.0404321257794047,2.37481222734469e-21,4.90412506691431e-21
"CAPRIN1",0.0404307410018516,2.38223003999704e-21,4.91794116043357e-21
"SF3B1",0.0404298234452379,2.3871577187808e-21,4.92660968763035e-21
"EI24",0.0404266717829646,2.40416044007461e-21,4.96018575994643e-21
"TEN1",0.0404246958128674,2.41488152865684e-21,4.98078523955123e-21
"ATG3",0.0404198810828467,2.44120339358257e-21,5.03353953766752e-21
"ARHGEF10L",0.0403937734620708,2.58895195707026e-21,5.33655615297317e-21
"NUP54",0.0403851349735589,2.63976028657967e-21,5.43962794805399e-21
"MFSD1",0.0403690309298572,2.73712547137115e-21,5.6385451895004e-21
"RRP1B",0.0403681225828304,2.74272196055128e-21,5.64835308415693e-21
"REEP3",0.0403560909927169,2.81792739858437e-21,5.80146380689067e-21
"CEBPZ",0.0403527247103889,2.83933166536611e-21,5.84375080351303e-21
"ZSWIM6",0.0403336881892695,2.96343512562555e-21,6.09546239256293e-21
"NME3",0.0403200005596544,3.05596925736732e-21,6.28388325701352e-21
"SNAP23",0.040317899130791,3.07042664572837e-21,6.31169186736683e-21
"HGSNAT",0.0403067882929704,3.14799877737198e-21,6.46918532942613e-21
"IL6R",0.0402949655996537,3.23267019444761e-21,6.64116778628389e-21
"ZNHIT1",0.0402830060443587,3.32061328845989e-21,6.81976501922154e-21
"CDC26",0.0402793560479764,3.34792139710509e-21,6.87376148370103e-21
"EPRS",0.0402377801087235,3.67509874437543e-21,7.54321269299401e-21
"ZFAND1",0.0402260533911398,3.77296755522187e-21,7.74174010344615e-21
"ARL1",0.0401968113876005,4.02838703584994e-21,8.26332668367155e-21
"SERTAD3",0.0401944023321526,4.05017637926567e-21,8.30550272981959e-21
"CENPX",0.040183906302349,4.14647887499157e-21,8.50040742080595e-21
"MCTP1",0.040141841444956,4.55568599111208e-21,9.33646346950857e-21
"ATG5",0.0401210096552453,4.77287896631986e-21,9.77735805441864e-21
"THUMPD1",0.0401209316841934,4.77371083236739e-21,9.77735805441864e-21
"RRAGC",0.0401130063518312,4.85901783284822e-21,9.94906710111653e-21
"MRPL45",0.0400892157928777,5.12425601641398e-21,1.04889781795262e-20
"MTA1",0.0400751392388918,5.28788487451313e-21,1.08206385098618e-20
"ITPR1",0.0400343044522967,5.79236808111122e-21,1.18493799081371e-20
"DGLUCY",0.0400265624615761,5.89324735458473e-21,1.20521008361607e-20
"NAA38",0.0400199406739825,5.9809074750565e-21,1.22239768557609e-20
"NELFE",0.0400194965774722,5.98683241332748e-21,1.22323886208846e-20
"MRPL34",0.0400029797663308,6.2113636485702e-21,1.26873201293e-20
"CCDC82",0.0399858503187405,6.45302067880606e-21,1.31729688434202e-20
"VPS53",0.0399721346279648,6.65320114939503e-21,1.35734136907242e-20
"CFDP1",0.0399546707555296,6.9169958053634e-21,1.41073329230956e-20
"CNOT6L",0.0399327498552979,7.2627966313561e-21,1.48081326974061e-20
"TADA3",0.039875699783283,8.24496487675072e-21,1.68005447654345e-20
"PRKAG1",0.0398704281376786,8.34209184526684e-21,1.69933362355677e-20
"NUTM2B-AS1",0.0398587772411603,8.560784664971e-21,1.74335738312858e-20
"FOPNL",0.0398539238278548,8.65354960157611e-21,1.76171782162771e-20
"PJA2",0.0398490355145575,8.74798630142572e-21,1.78040744683743e-20
"GSE1",0.039843961499457,8.84708853657294e-21,1.80003507661058e-20
"GALNT6",0.0398261257691911,9.20433526729365e-21,1.87215736288124e-20
"OSTF1",0.0398157128369323,9.41946151504856e-21,1.91533772340581e-20
"SETD7",0.0397976357162609,9.80479756614577e-21,1.99309189250486e-20
"YWHAH",0.0397792849445,1.02119067412593e-20,2.07460040497759e-20
"HMGCR",0.0397183013372377,1.16886591182144e-20,2.37389679478065e-20
"MFSD10",0.0396716631351432,1.29587956014001e-20,2.63106357540738e-20
"LSM2",0.0396621792756017,1.32333064929194e-20,2.68599175018397e-20
"PNPT1",0.039643546845663,1.37894760124287e-20,2.79803863505493e-20
"NUDT14",0.0396187502266395,1.45656352787123e-20,2.95464326790802e-20
"ATXN7L3",0.0396130990264325,1.47484805172035e-20,2.99083613607716e-20
"CYP20A1",0.039591634589262,1.54638804837746e-20,3.13497139282759e-20
"ANAPC13",0.0395666119333924,1.63412782488566e-20,3.31185198562708e-20
"MACO1",0.039563325456009,1.6460113245239e-20,3.3349363395583e-20
"HPS1",0.0395583376949153,1.66420988633944e-20,3.37079779554852e-20
"BST2",0.03955763638227,1.66678462790722e-20,3.37500175779596e-20
"UTP23",0.0395421190248877,1.72477225370016e-20,3.49137281654693e-20
"ACER3",0.0395265990928302,1.78476390125786e-20,3.611729642743e-20
"HDAC5",0.0395093695564018,1.85378255122143e-20,3.75027642992462e-20
"ZXDC",0.0395080909228078,1.85900848113486e-20,3.75972370354555e-20
"VDR",0.0395030838042864,1.87961375609136e-20,3.80025975027922e-20
"ILF3-DT",0.0394778371394444,1.98699863614519e-20,4.01617272914129e-20
"EIF4EBP2",0.039422264873163,2.24520625489153e-20,4.53671233990484e-20
"SRSF8",0.0394143040556781,2.28481468118577e-20,4.61536661472872e-20
"HPSE",0.0394054885451634,2.32948196286719e-20,4.70418983003139e-20
"PPP6C",0.0393822354379496,2.4514874613121e-20,4.94761394803913e-20
"GNL3L",0.0393636642467526,2.55344717713297e-20,5.1518520932844e-20
"ULK2",0.039340816987265,2.68465001424145e-20,5.41495189328354e-20
"ERO1A",0.039332658392826,2.73309860761423e-20,5.51102883569335e-20
"RNF103",0.0393309721855686,2.74321916298969e-20,5.52978675043926e-20
"FOXJ3",0.039320591693658,2.80634365122617e-20,5.65534707181524e-20
"MYSM1",0.0392965766935908,2.95793735059597e-20,5.95906270184129e-20
"TRIM25",0.0392857777167117,3.02871750242023e-20,6.09983885429347e-20
"G6PC3",0.0392692779035816,3.14010879738987e-20,6.32229767098062e-20
"WDFY2",0.0392594341418568,3.20848354986689e-20,6.45804027408457e-20
"EXT1",0.0392579403567531,3.21898720301486e-20,6.47725371416174e-20
"DESI2",0.0392485398793664,3.28587176845918e-20,6.60987177225603e-20
"PDZD8",0.0392347514022365,3.38646974608028e-20,6.81020879037739e-20
"DGUOK",0.0392137625048967,3.54547345082959e-20,7.12784597117422e-20
"UBN1",0.0391990809603252,3.66105965094146e-20,7.35803338288205e-20
"LILRA2",0.0391986829914807,3.66424412612252e-20,7.36224503319891e-20
"MDN1",0.0391932047610194,3.70835922345066e-20,7.44866806587935e-20
"CCNC",0.0391719776155627,3.88431135491735e-20,7.7997710337381e-20
"ROCK1",0.0391707383320493,3.89483500430434e-20,7.81858060098031e-20
"SETD5",0.0391169821307744,4.37948526257146e-20,8.78886905914088e-20
"EIF2S2",0.0391077707745223,4.4683166917277e-20,8.96447749340384e-20
"DUSP3",0.039104346564619,4.50179083625249e-20,9.02895515986446e-20
"BOD1L1",0.0390309356628282,5.28213305008535e-20,1.05908960710638e-19
"CCDC25",0.0390060528063359,5.57585924207958e-20,1.11765147748888e-19
"PSMD13",0.0389907116460876,5.76493718008462e-20,1.15520866255341e-19
"XPR1",0.038980492956306,5.89438370799152e-20,1.18079787406609e-19
"MAD2L2",0.0389303313177774,6.5726755513447e-20,1.31628730458061e-19
"STX10",0.0389264895576571,6.62769656666029e-20,1.32691313257892e-19
"NDUFS3",0.0388965474478485,7.07241359335437e-20,1.41552955312815e-19
"GFER",0.0388756921936063,7.39946680539772e-20,1.48055031285274e-19
"IKZF5",0.0388692328775656,7.50376148714628e-20,1.50097430220698e-19
"GDI2",0.0388630792987342,7.60447048409761e-20,1.5206691790294e-19
"PRKD3",0.0388278894753249,8.20657863125111e-20,1.64058776244497e-19
"SIL1",0.0388277364598265,8.20929702622807e-20,1.64064608910222e-19
"B3GNT2",0.0388124707917251,8.4850203737847e-20,1.69524889914771e-19
"CACUL1",0.0387926260681616,8.85717064549065e-20,1.76907919450997e-19
"LINC00667",0.0387497907573352,9.71633819699099e-20,1.93953830970936e-19
"CHID1",0.0387492381474597,9.72794370854721e-20,1.94128180087036e-19
"PNKP",0.0387376734052164,9.97398577632458e-20,1.98979397561908e-19
"VAMP7",0.038718847913522,1.03877195246133e-19,2.0717218792304e-19
"AIMP2",0.0387089502201951,1.0612000982992e-19,2.11520455913942e-19
"ZNF467",0.0387017688517863,1.07777199096749e-19,2.14760283847073e-19
"SMIM19",0.038689679656571,1.10624884834469e-19,2.20369724916278e-19
"WIPF2",0.0386778603323378,1.13480851271536e-19,2.2599235211984e-19
"LUC7L2",0.0386764057943793,1.13837316202606e-19,2.26635481403363e-19
"RAB30-DT",0.0386727889832,1.14728495237263e-19,2.28342465793093e-19
"GABPB1-AS1",0.0386390078815135,1.23392195461944e-19,2.45513429522721e-19
"ZNF91",0.0386340311027665,1.24722057797833e-19,2.48086446828816e-19
"SIPA1L1",0.0386308026398697,1.25592310602423e-19,2.49744003524407e-19
"UHRF1BP1L",0.0386127591783896,1.30567675519817e-19,2.59561321431779e-19
"ADAP1",0.038598389338725,1.34668966781055e-19,2.67635768491096e-19
"SDCBP",0.0384795018879033,1.73862819516752e-19,3.45426542096021e-19
"ANKRD40",0.0384455671439414,1.86986918453148e-19,3.71392055129769e-19
"TSR2",0.0384401821172369,1.89157671580606e-19,3.75593250383695e-19
"GOLGA3",0.0384338563466305,1.91739469593033e-19,3.80607913657809e-19
"CELF2",0.0384142025786644,1.99985149614011e-19,3.96859288682222e-19
"FOXK2",0.0384123098887391,2.00797479430648e-19,3.9835438921086e-19
"PPP6R3",0.0384062463349142,2.03421932819385e-19,4.03442560220552e-19
"FBXO33",0.0383459041336057,2.31458225434238e-19,4.58911748434276e-19
"PPIG",0.0383367540915906,2.36030450051865e-19,4.67839892348478e-19
"HBP1",0.0383223244238201,2.43422835345246e-19,4.82351052101174e-19
"PLEKHF2",0.0382906439810475,2.60464800917672e-19,5.15817961044049e-19
"ZNF518B",0.0382354503751537,2.93016049289046e-19,5.79941893806568e-19
"C1D",0.0382216581162026,3.01758855656064e-19,5.97071004708999e-19
"NBPF10",0.0382214197872448,3.01912173666395e-19,5.97199592205529e-19
"PSMD6",0.0382203388817984,3.02608491245224e-19,5.9840187461508e-19
"NRDE2",0.0381693704114773,3.3730752247905e-19,6.66823438444695e-19
"ZCCHC3",0.0381582918970357,3.45354644411676e-19,6.82532227672418e-19
"THUMPD2",0.0381544234620464,3.48209007459628e-19,6.87972267514478e-19
"MPRIP",0.0381405496642224,3.58638927256351e-19,7.08372125965582e-19
"EXOSC1",0.038098493743055,3.92178021520409e-19,7.74391239339803e-19
"NUP153",0.0380948279902626,3.95244166706495e-19,7.79990020753828e-19
"RETREG2",0.0380791137109773,4.08658639095375e-19,8.06227329712235e-19
"SUPT6H",0.0380145624366631,4.68643755763199e-19,9.2376105910058e-19
"REPS1",0.0379915551832197,4.92061597482011e-19,9.6963814065167e-19
"SURF1",0.0379875019174962,4.9630532115408e-19,9.77715698229236e-19
"LRRC25",0.0379842386176572,4.99748213703503e-19,9.84211381546572e-19
"NUBP2",0.0379593977093338,5.26741141279282e-19,1.03706955625778e-18
"ARPIN",0.0379557759745763,5.30795093007623e-19,1.04474690649914e-18
"HRAS",0.037952697341112,5.34265352698766e-19,1.05127126006879e-18
"GALNT4",0.0379464058238421,5.41427048254084e-19,1.0650533236095e-18
"RNF126",0.0379266562974872,5.64529845367162e-19,1.10996698270746e-18
"SLC25A11",0.0379266079714891,5.64587554138581e-19,1.10996698270746e-18
"METTL23",0.0379233899731053,5.6844348767978e-19,1.11722279657064e-18
"C8orf82",0.0379052419989832,5.90681132409759e-19,1.16059143743748e-18
"POLR2I",0.0379047545191664,5.91290168208676e-19,1.16145055992413e-18
"FURIN",0.0379032061897882,5.9322869951799e-19,1.16491990631459e-18
"APP",0.0378677640559137,6.39359977579432e-19,1.25514309187414e-18
"WNK1",0.0378044710237721,7.30721493993917e-19,1.43324862805131e-18
"ATF7",0.0377858396806594,7.5999184509627e-19,1.49022762897212e-18
"TRAPPC3",0.0377817011388109,7.66649156837912e-19,1.5028457377156e-18
"UBE2H",0.0377757917610615,7.76255009843454e-19,1.52123481784104e-18
"FRMD8",0.0377677896104859,7.89452447467695e-19,1.5466496659893e-18
"UBE2F",0.0377584453975693,8.05143946104897e-19,1.57693459432654e-18
"TMC6",0.0377380024226549,8.40555486690652e-19,1.64581397205778e-18
"GMPR2",0.0377159559777242,8.80469537587646e-19,1.7234668626607e-18
"TGIF2",0.0377021973812961,9.06321515071011e-19,1.77355709504924e-18
"NBN",0.0376760463426766,9.57542142917481e-19,1.87324723040078e-18
"CIAO1",0.0376671108800869,9.75690684070151e-19,1.90819922331452e-18
"TMX2",0.0376436228364808,1.02503261283931e-18,2.00411957646228e-18
"CLNS1A",0.0376381360879474,1.03690924834969e-18,2.02675438800007e-18
"WDR45",0.0376305125543197,1.05363707735193e-18,2.05885557224752e-18
"KIF1C",0.0376103395985097,1.09919785859065e-18,2.14726284944565e-18
"SMIM26",0.0375859132862135,1.15697540928026e-18,2.25947739518886e-18
"PDLIM2",0.0375802668898554,1.17075233143853e-18,2.28572235427546e-18
"IQGAP1",0.0375274872876595,1.30762431791306e-18,2.55147128814147e-18
"ABI1",0.0375152772888333,1.34147327713777e-18,2.61676307753274e-18
"CEBPZOS",0.0375123514449548,1.34971205993329e-18,2.63207477277443e-18
"CLASP2",0.0375016674724498,1.38022328169759e-18,2.69079861809614e-18
"STAT3",0.0374930700586093,1.40526946045054e-18,2.73883736584206e-18
"IFI27L2",0.0374809623414797,1.44130471111555e-18,2.80825969794013e-18
"ACP5",0.0374676409487944,1.48200696987494e-18,2.8867326774199e-18
"TTC17",0.03746661407118,1.48519120801577e-18,2.89210188865053e-18
"TTBK2",0.037425400497606,1.61872236884282e-18,3.15121852454544e-18
"XPA",0.0374207043370836,1.63467073899865e-18,3.18134970246685e-18
"EIF2AK1",0.0373648181383257,1.83679685870467e-18,3.57369311128124e-18
"ACTR1B",0.0373566996561155,1.86814256454045e-18,3.63363402728941e-18
"TRIM11",0.0373326737484847,1.96403501338628e-18,3.81905111461163e-18
"MAN2A1",0.0373215469899567,2.01007538324111e-18,3.9074524629365e-18
"DDX19A",0.0372571186448747,2.29839203039087e-18,4.46535302226226e-18
"SNRK",0.0372516557891792,2.32463801913457e-18,4.51504672432314e-18
"CCDC57",0.0371928434423092,2.62663345147393e-18,5.10013462533465e-18
"CHPF2",0.0371921612244323,2.63035458241137e-18,5.10589357785911e-18
"TMEM126B",0.0371817226474202,2.68794477553934e-18,5.21618674725071e-18
"QTRT2",0.0371467651777813,2.89002225588641e-18,5.60672610388752e-18
"MAP2K7",0.0371452326220991,2.89921660278999e-18,5.62294992870429e-18
"SESTD1",0.0371289766578001,2.99853738648175e-18,5.8139120361351e-18
"PMM2",0.037123001418156,3.03588303534056e-18,5.8846345189041e-18
"PTEN",0.0371128585530508,3.10033076434406e-18,6.0078349950502e-18
"FASTKD2",0.0371067488592041,3.13980165468757e-18,6.08257850640192e-18
"TXNL1",0.0371002012323416,3.18265255871955e-18,6.16382525050212e-18
"ISG20L2",0.0370886114881677,3.25992162386197e-18,6.31166383130893e-18
"MPHOSPH10",0.0370850468621852,3.28405734819098e-18,6.35657364188927e-18
"HMGN4",0.0370723862074451,3.37121605272588e-18,6.52340919647387e-18
"MRPS18C",0.0370619437931737,3.44481931640433e-18,6.6639265803175e-18
"HERC1",0.0370598100658551,3.46005293262289e-18,6.69148108623094e-18
"TMEM242",0.0370579358106773,3.4734889173511e-18,6.71554434378348e-18
"NELFCD",0.0370516870238399,3.51865785149279e-18,6.80092788277379e-18
"PELI2",0.0370504529098926,3.52764688919631e-18,6.81635342036475e-18
"GPAT3",0.0370411422249172,3.596198717846e-18,6.94484419633156e-18
"ACAT1",0.0370398889440154,3.60552611494436e-18,6.96086866451709e-18
"SDHA",0.0370333477565645,3.65459713140386e-18,7.05359155164759e-18
"MBNL2",0.0370303821233863,3.67706153445054e-18,7.09492381119295e-18
"TBC1D9",0.0369748894624024,4.1234632532359e-18,7.9539900299937e-18
"CLASRP",0.0369741607589963,4.12966748448775e-18,7.96368564250476e-18
"OSGEP",0.0369587372063913,4.26316779050436e-18,8.21644168517674e-18
"DDX10",0.03694637022213,4.37328156169461e-18,8.42626293491514e-18
"FAM177A1",0.0369460696555276,4.37599241533159e-18,8.42908396582817e-18
"DCAF1",0.036898505112876,4.82656272225944e-18,9.29168296275515e-18
"CCDC107",0.0368945860459967,4.86566716551869e-18,9.36429709822712e-18
"TBCA",0.0368904212660372,4.90756612457305e-18,9.44224660450722e-18
"TGOLN2",0.0368796470052065,5.01761810377319e-18,9.65124210515236e-18
"JMJD8",0.0368552276868545,5.27614355476057e-18,1.01427371548866e-17
"TMEM41B",0.036833488754991,5.51732737149894e-18,1.06033684930939e-17
"TAF15",0.0368296438129202,5.56110371782424e-18,1.06844621302102e-17
"TIMMDC1",0.0368223806026698,5.64473613507542e-18,1.08420627867173e-17
"AATF",0.036806988676449,5.8260915885312e-18,1.11840446422656e-17
"STK4",0.0367391349627419,6.69659176809435e-18,1.28478027650641e-17
"SEC22C",0.0367314833234844,6.80247130111916e-18,1.30472364445012e-17
"WDR37",0.036711958353113,7.08019379219028e-18,1.3576060756948e-17
"ORAI1",0.0367051432793548,7.17974226175398e-18,1.37591375940246e-17
"IRF9",0.0367044417480741,7.19006768908115e-18,1.37750205854003e-17
"UBA6",0.036687036154007,7.45099577108291e-18,1.42668316081256e-17
"KIAA2026",0.0366676247998788,7.75302537403018e-18,1.48409412666529e-17
"PRR13",0.0366624436609424,7.83566356303139e-18,1.49948829181022e-17
"CLPP",0.0366542409630428,7.96827605673806e-18,1.52443447706865e-17
"POLR2F",0.0366515259606729,8.01265536540803e-18,1.53249117186771e-17
"GORASP2",0.0366442963602158,8.13202326539002e-18,1.5548814846522e-17
"SLAIN2",0.0366146991053646,8.63927567193732e-18,1.65140352892192e-17
"LSM8",0.0366023141965317,8.86068808541191e-18,1.69324794079904e-17
"DNAJC1",0.0365876079516336,9.13088247854319e-18,1.74438814460103e-17
"GLOD4",0.0365831634813713,9.21412822414354e-18,1.7597943763682e-17
"RPS6KC1",0.0365824197347391,9.22813170586963e-18,1.76197115118284e-17
"MED27",0.0365383344500433,1.00968036497587e-17,1.92728654647145e-17
"SUCLG1",0.0365316642447261,1.02350814117621e-17,1.95312970434444e-17
"ADIPOR2",0.0365205084933311,1.04705358827757e-17,1.99749698373157e-17
"CRTC3",0.0365153819646869,1.05805218857283e-17,2.01790997092832e-17
"HADHB",0.0365068779836077,1.07654883463198e-17,2.05260763422076e-17
"ZSWIM7",0.0365034154791703,1.08417106942987e-17,2.06614364724942e-17
"E2F3",0.0364920866551788,1.10948404725623e-17,2.1136155659339e-17
"GRPEL1",0.0364730738453275,1.15328311277472e-17,2.19581726991548e-17
"ERVK13-1",0.0364722662508772,1.15518084077874e-17,2.19881127942148e-17
"FMR1",0.0364517293717758,1.20448866830561e-17,2.29202023259618e-17
"CITED2",0.0364440002975388,1.22357876995297e-17,2.32769163299158e-17
"PIGT",0.0364361404660263,1.24329798656357e-17,2.36453943379924e-17
"CDC42SE1",0.0364109917666608,1.3085234556981e-17,2.48788725646086e-17
"UBE2Q1",0.0364056036087548,1.32293133296168e-17,2.51457372565474e-17
"CBX5",0.0363697630375019,1.42283336281737e-17,2.70370330691632e-17
"CHST11",0.0363442353246964,1.49849309158973e-17,2.84667372639454e-17
"TRIAP1",0.0363136334404025,1.59443786949328e-17,3.02723797687281e-17
"MRPS16",0.0363092434441636,1.60868979310133e-17,3.05343955394669e-17
"CETN2",0.0363071013848466,1.61568944955462e-17,3.06586482414784e-17
"WBP4",0.0362736428019988,1.72900500302541e-17,3.27996712274265e-17
"ZMAT2",0.0362665721899277,1.75393663034178e-17,3.32632974971691e-17
"PAPSS1",0.0362602307452768,1.77659868080619e-17,3.36836334294186e-17
"SMARCA4",0.0362525529880403,1.80442315752071e-17,3.42015838743973e-17
"CDYL",0.0362485665080729,1.81903944836245e-17,3.44689621927648e-17
"RAPGEF2",0.0362372732750272,1.86108290451424e-17,3.52557621670518e-17
"ERGIC2",0.0362296307925189,1.89007752159468e-17,3.57949975448225e-17
"CDK11A",0.0362294071955138,1.8909324971418e-17,3.58011610562187e-17
"MED4",0.0362186993754537,1.93232614191943e-17,3.65746277870024e-17
"MGAT2",0.0361676824930906,2.14215043082952e-17,4.05347860700766e-17
"RRBP1",0.0361670278506485,2.14498392742424e-17,4.05770462599756e-17
"KANSL2",0.0361612796894248,2.17002307460469e-17,4.10392335871394e-17
"SLC23A2",0.0361280646870447,2.32045848862924e-17,4.38719794228811e-17
"BRIX1",0.0361131149648409,2.39148210848004e-17,4.52021541387576e-17
"PPA2",0.0361057562084469,2.42722575398992e-17,4.58649338253936e-17
"CLPTM1",0.036092838378013,2.49125056925491e-17,4.70615956935805e-17
"PCYT1A",0.0360923468639285,2.49371929246039e-17,4.70950730064935e-17
"RAB1B",0.0360779856218717,2.56692658040645e-17,4.84370377061904e-17
"CHD3",0.0360609914675829,2.65629791552612e-17,5.01094592825673e-17
"AKAP17A",0.0360284576965134,2.83603910834671e-17,5.34852452204522e-17
"MARK3",0.0359630468778744,3.23450090011024e-17,6.09828794914818e-17
"PES1",0.0359430735688678,3.36682983187622e-17,6.34424094016587e-17
"FAF1",0.0359261410621528,3.48318476278772e-17,6.55983626217486e-17
"MAN1A1",0.0359003727824074,3.66790866552805e-17,6.90387819811669e-17
"TOM1",0.0358824455240562,3.80208982152685e-17,7.15444733741804e-17
"SCYL1",0.0358819032031867,3.80622352601327e-17,7.160232960316e-17
"DYRK2",0.0358596643041469,3.97960654588629e-17,7.48015564546489e-17
"PRDX5",0.0358365118979525,4.1683887426272e-17,7.83281720091787e-17
"AC083799.1",0.0358359534565871,4.17304964630303e-17,7.83939668203801e-17
"GRAMD1B",0.0358222385208973,4.28914551929156e-17,8.05525357109172e-17
"HUWE1",0.03578019391408,4.66526780679335e-17,8.75919901186611e-17
"SRSF11",0.0357423797219565,5.03122248539965e-17,9.44104780010741e-17
"HSPH1",0.0357418185464138,5.03686122796784e-17,9.44900631584089e-17
"TM9SF1",0.0357339259516535,5.11683018250659e-17,9.59636306905051e-17
"ATF6",0.035704592373953,5.42517028293363e-17,1.01689981377639e-16
"WASHC3",0.0356948035080959,5.53208911469486e-17,1.03636615418265e-16
"MRPS6",0.0356739829095508,5.76646102732873e-17,1.07997349046453e-16
"LAMTOR1",0.0356633541612241,5.88985454460377e-17,1.10277780603894e-16
"BAZ2A",0.0356382711536712,6.19147232097709e-17,1.15892979961589e-16
"DGKA",0.0356293964819311,6.30179584906472e-17,1.17925385373724e-16
"DDX27",0.0356206831828887,6.4119988481214e-17,1.19954411212365e-16
"SEMA4A",0.0356160964196412,6.47077213299174e-17,1.21020443682316e-16
"RAB11A",0.0356120234803182,6.52340660273332e-17,1.21971106308296e-16
"UQCR10",0.0355885510853197,6.83507122438585e-17,1.2776310906296e-16
"CNEP1R1",0.0355867483800257,6.8596057439715e-17,1.2818627538693e-16
"TNIP1",0.035573156603352,7.04740481966412e-17,1.31659309162059e-16
"C8orf33",0.0355724020368265,7.0579780266031e-17,1.31820412811778e-16
"REX1BD",0.0355715592131253,7.06980641523404e-17,1.32004863776298e-16
"LAMP2",0.0355692337624566,7.10254382023241e-17,1.32579510680815e-16
"WDR61",0.0355625741283881,7.19712670596727e-17,1.34307959312848e-16
"BMPR2",0.0355458413476453,7.44028869735034e-17,1.38807372744993e-16
"PARP6",0.0355442906765053,7.46322916793721e-17,1.39196944563927e-16
"CBR1",0.0355341033248182,7.61568384019616e-17,1.4200120916593e-16
"EIF2S1",0.0355275110217325,7.71597073021776e-17,1.43831480857464e-16
"XPOT",0.0354817765211428,8.44849108789756e-17,1.57442801117077e-16
"TGFBRAP1",0.0354759134031654,8.54722522048154e-17,1.59238880451022e-16
"PRPF8",0.0354737968728162,8.58314611050581e-17,1.59864051936997e-16
"SRP19",0.03547245400745,8.60601381963776e-17,1.60245826038477e-16
"WAPL",0.0354704163667894,8.64082768003193e-17,1.60849768570198e-16
"EEF1AKMT2",0.0354694792353833,8.65688551156702e-17,1.61104329600068e-16
"ING2",0.0354497794745443,9.00133647870753e-17,1.6746845330914e-16
"ACTR1A",0.0354467894639256,9.05478490715041e-17,1.68416508273023e-16
"ANAPC1",0.0354146569192231,9.64930207412695e-17,1.79425003639088e-16
"TEX261",0.0354140333441228,9.66121218398393e-17,1.79597073345932e-16
"PI4KA",0.0353975636955511,9.98107890129311e-17,1.8546850247607e-16
"SYPL1",0.0353974894023526,9.9825451931729e-17,1.8546850247607e-16
"NCSTN",0.0353873718160909,1.01842284579103e-16,1.89163650010801e-16
"PPARGC1B",0.0353087664576236,1.18942022418832e-16,2.2086432671621e-16
"GSS",0.0353027668869047,1.20357783572427e-16,2.23431898608781e-16
"SLC30A9",0.0352893465480346,1.23585105884487e-16,2.29360115532533e-16
"CDC5L",0.0352860605284461,1.2438824249575e-16,2.30787296244172e-16
"TBL1XR1",0.0352573509266636,1.31627633076084e-16,2.44152106235227e-16
"PRRC2A",0.035252798700246,1.32813055728175e-16,2.4628334332918e-16
"ZNF276",0.0352326640200479,1.38183715964664e-16,2.56172224742828e-16
"IL2RG",0.0352175898813281,1.42344170665279e-16,2.63812757090996e-16
"NASP",0.0352122065643535,1.43859693518737e-16,2.66548475713944e-16
"PLEKHM1",0.0351979391040207,1.47953679003301e-16,2.74058855819539e-16
"ZCCHC10",0.0351974292488807,1.48102085985032e-16,2.74258614994469e-16
"MED14",0.0351807424673351,1.53041065346122e-16,2.83327120154746e-16
"DCUN1D1",0.0351619583450325,1.58795271704096e-16,2.93899488637118e-16
"LAMP1",0.0351530391130437,1.61601707220817e-16,2.99011806929377e-16
"FAM193A",0.0351525803006812,1.61747387429448e-16,2.99199476446101e-16
"C22orf39",0.0351413654934271,1.6534880317982e-16,3.05777696471216e-16
"NUDT3",0.0351185499092463,1.72921335978915e-16,3.19694053200286e-16
"CZIB",0.0350963260350142,1.80625851799244e-16,3.33755502600352e-16
"CWC27",0.0350901684961574,1.82819753094476e-16,3.37717035702665e-16
"ORAI3",0.0350801926096576,1.86429995055372e-16,3.44292050415014e-16
"TP53I3",0.0350790086703389,1.86863097168575e-16,3.44997651544712e-16
"MPLKIP",0.035067523132707,1.91116494809969e-16,3.52754196399182e-16
"CREBBP",0.03506425669857,1.92343476405478e-16,3.54922009819169e-16
"UHMK1",0.0350600063302374,1.93951689301033e-16,3.57791915788346e-16
"ETHE1",0.0350493273047241,1.98051038781275e-16,3.6517156083293e-16
"GINM1",0.0350493040268239,1.98060067086874e-16,3.6517156083293e-16
"GK5",0.0350340960954217,2.04046003798669e-16,3.76105515725954e-16
"C8orf76",0.035033369617822,2.04336370162382e-16,3.76538075406886e-16
"LETM1",0.0350314504461579,2.05105406110311e-16,3.77852220902401e-16
"OTUB1",0.0350224767408371,2.08739309766716e-16,3.84441970398465e-16
"PPP6R1",0.035006540991721,2.1534957665007e-16,3.9650830275902e-16
"ARL2BP",0.0349965281802205,2.19608080495734e-16,4.0423910488202e-16
"RAB3GAP1",0.0349941576611639,2.20628365901397e-16,4.06006636325352e-16
"ZNF32",0.0349751317798795,2.28988257817682e-16,4.21276084654516e-16
"CHST12",0.0349698058763799,2.31383859472447e-16,4.25567539143965e-16
"NECAP2",0.03496842962465,2.32006906238186e-16,4.26597414489088e-16
"ADI1",0.0349439687600534,2.4336062042752e-16,4.47352135592839e-16
"LIMK1",0.0349171560946092,2.56435647037946e-16,4.71258877310018e-16
"NCOA3",0.034901890053464,2.64186882979505e-16,4.85371607560987e-16
"KANSL3",0.0348925397231398,2.6904802035204e-16,4.9416834164633e-16
"C6orf226",0.0348665800404311,2.83011144079127e-16,5.19532540081177e-16
"DENND4A",0.0348274019240922,3.05447040445496e-16,5.60566623358306e-16
"YPEL2",0.0348093823064514,3.16346236539934e-16,5.80411643214788e-16
"AP1B1",0.0348088126138923,3.16696995071253e-16,5.80897553900364e-16
"HDDC2",0.0348072824656471,3.17641002736569e-16,5.82471065772156e-16
"UXS1",0.0347647538320568,3.45017483692031e-16,6.32329413727791e-16
"EXT2",0.0347602391321461,3.48056782008865e-16,6.37726803024916e-16
"RNFT1",0.0347558553148896,3.51033215573755e-16,6.430061150079e-16
"SP3",0.034754728747436,3.5180215189837e-16,6.44240072856144e-16
"SMIM10L1",0.0347183496979665,3.77544997707397e-16,6.91194619415032e-16
"RECQL",0.0347149780402409,3.80022834168278e-16,6.95542604713516e-16
"TCEA2",0.0346990989220912,3.91909585615479e-16,7.17104386561909e-16
"ASRGL1",0.0346804200332668,4.06361830314502e-16,7.43347493170007e-16
"BMS1",0.0346607888052569,4.22117032771812e-16,7.71959226013044e-16
"TIPRL",0.0346276169799653,4.5011838280469e-16,8.22944939465253e-16
"RXRA",0.0346074366102815,4.68040572916207e-16,8.55433245652247e-16
"HDAC4",0.0346073254098564,4.6814125261253e-16,8.55433245652247e-16
"OSBPL11",0.0345948056402401,4.79614051534148e-16,8.76160659935794e-16
"PSMA3-AS1",0.0345694626877857,5.03692348181865e-16,9.1989842411064e-16
"OTUD6B-AS1",0.0345679019894305,5.05213495266192e-16,9.22427340398251e-16
"NAGPA",0.0345306011635592,5.42946591041069e-16,9.90785938469275e-16
"SLC25A16",0.0345277284069744,5.4596521143851e-16,9.96025578665883e-16
"AGPAT5",0.0344853468381026,5.92468520670197e-16,1.08057180152447e-15
"IPO9",0.0344533502621019,6.30142277369008e-16,1.14897301437213e-15
"PDE8A",0.0344260906174085,6.64093462652869e-16,1.21055160447453e-15
"GPSM3",0.0344082094265111,6.87336392649325e-16,1.25258257431323e-15
"RIPOR1",0.0343928093839969,7.07995276836701e-16,1.28988306836242e-15
"NRGN",0.0343694464464918,7.40509648282764e-16,1.34875693212278e-15
"NOM1",0.0343675753034159,7.43176471591601e-16,1.35324969685721e-15
"TNFAIP2",0.0343516200867512,7.66304161720786e-16,1.39498719369796e-15
"ALG3",0.0343501031225985,7.68539625599176e-16,1.39868005617121e-15
"TLR7",0.0343094125647959,8.30959910469139e-16,1.51187296950534e-15
"RIC1",0.0343013454774387,8.43915549281352e-16,1.53503175375066e-15
"FAM192A",0.034271822189531,8.93048887123562e-16,1.62396544535837e-15
"POGK",0.0342633077684008,9.07735072467337e-16,1.64978409272894e-15
"PRMT2",0.0342520698294536,9.2748373901857e-16,1.68522374617161e-15
"ACYP2",0.0342514057914367,9.28663820386075e-16,1.68691458614461e-15
"ATP2C1",0.0342298806458004,9.67728332811208e-16,1.75740297022202e-15
"MARCH5",0.0342202943915822,9.85642596850066e-16,1.78945477908252e-15
"CDK17",0.0342168880360727,9.92086551565636e-16,1.80067038258665e-15
"MCPH1",0.0341998074856113,1.0250296788858e-15,1.85996394496697e-15
"ELP2",0.0341952575334637,1.03398540066798e-15,1.87571110649752e-15
"SMNDC1",0.0341877193290051,1.04899286737737e-15,1.90242510094914e-15
"RASA2",0.0341575274635873,1.11128129418682e-15,2.01484924376431e-15
"PLOD3",0.0341147442070472,1.20583028969537e-15,2.18568862965962e-15
"CNPPD1",0.0340965948625217,1.24829361525881e-15,2.26205122829397e-15
"KLHDC3",0.0340891822087235,1.26605733359336e-15,2.29362637524779e-15
"LGALS3BP",0.0340799953063147,1.28841870439948e-15,2.33351161544197e-15
"PTBP3",0.0340660800851975,1.32303190925327e-15,2.3955593836265e-15
"FCHO2",0.0340423126530497,1.38428222599328e-15,2.50579173492384e-15
"SETD3",0.0340261355063612,1.42756073415266e-15,2.58344168190742e-15
"PGPEP1",0.0339983804090953,1.50493930377844e-15,2.72274408157506e-15
"PREX1",0.0339644774931214,1.60507925887198e-15,2.90314094950065e-15
"DNAJC4",0.0339525657132701,1.64179875083311e-15,2.96876206322082e-15
"CLSTN1",0.0339319271415016,1.70738812233602e-15,3.08653772596626e-15
"LSG1",0.0338660241736595,1.93458833251308e-15,3.49632497089573e-15
"TMCO1",0.0338368017801707,2.04462566988248e-15,3.69321778094456e-15
"NSMCE1",0.0338110266176667,2.14678306212338e-15,3.87670947730133e-15
"CLOCK",0.0338095517354859,2.15277828557843e-15,3.8864977273153e-15
"COA8",0.033809257948832,2.15397446167306e-15,3.88761914985893e-15
"PILRB",0.0338050871130841,2.17102712986336e-15,3.91735106085033e-15
"PLPBP",0.0337961294735337,2.20810152799472e-15,3.98318421311961e-15
"TRAPPC2L",0.0337944075895268,2.21529926966415e-15,3.9951022571884e-15
"ARGLU1",0.0337920727486737,2.22509618437392e-15,4.01170008068056e-15
"FHOD1",0.0337824917235416,2.26574656141255e-15,4.08390096020002e-15
"ZBED1",0.033781602916816,2.26955445236421e-15,4.0896742144015e-15
"SNX15",0.0337762887127574,2.29245379499416e-15,4.12983749212776e-15
"ACIN1",0.0337745889314047,2.29982620631077e-15,4.14201517870727e-15
"MLX",0.0337570375777044,2.3773296156339e-15,4.28045952897491e-15
"RPF1",0.0337266980506065,2.51741361888862e-15,4.53147856158305e-15
"AGPAT1",0.0337237481566114,2.5314598493873e-15,4.55554965177203e-15
"CCSER2",0.0337197521105337,2.5506105923381e-15,4.58879143555026e-15
"POP4",0.0337003092255213,2.64584390758107e-15,4.75759326041372e-15
"NOL12",0.0336920005374472,2.68760070365709e-15,4.83139280973825e-15
"TMEM167B",0.0336631921439515,2.83747027445798e-15,5.09945149537757e-15
"SLC52A2",0.0336594017853333,2.85779154241093e-15,5.13460765831526e-15
"RO60",0.033655648588308,2.87805475892896e-15,5.1696408674598e-15
"KAT7",0.0336421850568168,2.95191407415124e-15,5.30090067870824e-15
"AKT1S1",0.0336153182133167,3.10492425702069e-15,5.57418823731198e-15
"PPIL4",0.033605559491417,3.16241314641432e-15,5.67588937693316e-15
"C3orf62",0.0336031445316388,3.17680073985541e-15,5.70019899208132e-15
"CCNQ",0.0335930704671229,3.23751732848393e-15,5.80760272164495e-15
"GIT1",0.0335912935289437,3.24834488011992e-15,5.82548003567394e-15
"PRRC2B",0.0335804360025244,3.31528260873401e-15,5.94394741915954e-15
"ENOPH1",0.0335572934116343,3.46252410894724e-15,6.20628989941471e-15
"SLC37A2",0.0335540920970718,3.48339246750099e-15,6.2420398814668e-15
"TMEM205",0.033553485300276,3.48736192114998e-15,6.24749707177928e-15
"RRAGA",0.0335522346785642,3.49555710697286e-15,6.26051962920358e-15
"RALA",0.0335313486563006,3.63525697552632e-15,6.50899693102052e-15
"HIKESHI",0.0334732654939571,4.05330504521633e-15,7.25559846722468e-15
"RBM22",0.0334416300881622,4.30054983543796e-15,7.69614013694972e-15
"SUPT5H",0.0334401304431929,4.31263176594034e-15,7.71571933567681e-15
"PITPNC1",0.0334376788669112,4.33245495949752e-15,7.74913438655099e-15
"ENDOG",0.033435460515089,4.3504696152292e-15,7.77929782294753e-15
"SMC1A",0.033413710906303,4.53104452654377e-15,8.10005077841418e-15
"CCDC90B",0.0333833064308231,4.79590031442987e-15,8.57126143956129e-15
"TNKS2",0.0333750654672103,4.87027568584392e-15,8.70188528329564e-15
"NCBP2AS2",0.0333597195502083,5.01181194108389e-15,8.95004240191975e-15
"LARS",0.0333542557295528,5.06317624720431e-15,9.03938067265602e-15
"RAB8B",0.0333427765663261,5.17278347492615e-15,9.23262647148249e-15
"RAP1GDS1",0.033336870670059,5.2300817238515e-15,9.33164826882749e-15
"ODR4",0.0333367741760639,5.23102306446623e-15,9.33164826882749e-15
"NDUFA8",0.0332983171778294,5.61977815388387e-15,1.0022505961068e-14
"COMMD10",0.0332819942062351,5.79325623187999e-15,1.03291680864295e-14
"OASL",0.0332721597531784,5.90030874541167e-15,1.0517265338183e-14
"ANKHD1",0.0332538117151084,6.10526609722042e-15,1.08797322307083e-14
"SUCLG2",0.0332397904462539,6.26659999236149e-15,1.1164290526576e-14
"MCRS1",0.0332237283096952,6.45657802051596e-15,1.14997165428631e-14
"MYO5A",0.0332112750469633,6.60776239017794e-15,1.17658892599402e-14
"NOTCH2",0.0332095044179672,6.62953908287611e-15,1.18015570666997e-14
"WDR13",0.0331968852842484,6.78679879966818e-15,1.2075143864357e-14
"CUL5",0.0331832121720788,6.96133867083321e-15,1.23824285065781e-14
"TAGLN",0.0331785641065971,7.02167244673848e-15,1.24864617076273e-14
"HDAC3",0.0331374266693817,7.57858368525147e-15,1.34732590838773e-14
"DHPS",0.033124844224362,7.75744455911344e-15,1.37876137392655e-14
"BOP1",0.033119618381709,7.83294571678897e-15,1.39181461212116e-14
"DDX50",0.033116480980368,7.87862073831785e-15,1.39956265926871e-14
"PGRMC1",0.0331141214546321,7.91314386259909e-15,1.40532612700374e-14
"GOSR1",0.0331118816471532,7.94605306538126e-15,1.41080002035301e-14
"TRRAP",0.0330981598652511,8.15062582881668e-15,1.44674143419873e-14
"RAB5IF",0.0330857945534204,8.33941011351565e-15,1.47986225137741e-14
"HPCAL1",0.0330697052127199,8.59150456445617e-15,1.52419738547069e-14
"GLMP",0.033039751659034,9.08096490288274e-15,1.61018630234435e-14
"DEPDC5",0.0330330856952543,9.19356869248414e-15,1.6297251685864e-14
"RPP21",0.0330328581487509,9.19743664262594e-15,1.62998346371675e-14
"ZNF622",0.0330284512986546,9.2726631262729e-15,1.64288457538604e-14
"SYMPK",0.0330141338994212,9.52126965661702e-15,1.68648949825485e-14
"CCS",0.0330116534913693,9.56500093800463e-15,1.69379181094419e-14
"ERC1",0.0329944707415638,9.87341935014031e-15,1.74794941676613e-14
"APOOL",0.032956646341856,1.05872361024269e-14,1.87284937960513e-14
"TPCN1",0.0329184259289709,1.13600619828146e-14,2.00903424184697e-14
"TTYH2",0.0329015178209754,1.17194118846154e-14,2.07204350815597e-14
"LIN7C",0.0328685875066447,1.2451682357168e-14,2.20093658606046e-14
"AIP",0.03286648189715,1.25000065685007e-14,2.2089007948153e-14
"PHRF1",0.0328558203701528,1.27475379518696e-14,2.25205393500367e-14
"POLDIP2",0.0328510340613034,1.28602255339065e-14,2.27136846485741e-14
"AC018755.4",0.0328409697167134,1.31003847068315e-14,2.31318101339483e-14
"MGMT",0.0328391158589586,1.31451009451034e-14,2.32047069164085e-14
"AC010642.2",0.0328384442142952,1.31613384774385e-14,2.32273060417545e-14
"CASP7",0.0328337220330252,1.32760593514468e-14,2.34236527335939e-14
"HOOK3",0.0328293045763987,1.33842676336321e-14,2.36084094628194e-14
"MESD",0.0328234550920133,1.35288905961235e-14,2.38572846427728e-14
"INAFM1",0.0328229386074116,1.35417338158334e-14,2.38737059527639e-14
"CDK13",0.0328088762085535,1.38960648311701e-14,2.44919953919554e-14
"RFTN1",0.0327646499425289,1.50709507438858e-14,2.65558243365682e-14
"ASCC2",0.0327628494620241,1.51207967319284e-14,2.66367135759687e-14
"CMIP",0.0327369724831196,1.58553708708363e-14,2.79234598743747e-14
"ZNF672",0.0327255683790182,1.61901422885356e-14,2.85056125033306e-14
"AK2",0.0326960034234178,1.70907549495163e-14,3.00756361826339e-14
"ICE1",0.0326887682556335,1.73185544911805e-14,3.0468578432181e-14
"VAMP2",0.0326868245787198,1.73802585425065e-14,3.0569180022343e-14
"RNF10",0.0326307772464003,1.92556115861986e-14,3.38588270310244e-14
"TNFSF12",0.0326138490358527,1.98601987530339e-14,3.49128454938279e-14
"ZC3H7B",0.0325990456769942,2.0404174917545e-14,3.58597937659271e-14
"NACC1",0.0325548230832578,2.21180052152841e-14,3.88617030302847e-14
"AC118549.1",0.0325303305990027,2.31273355431665e-14,4.06245558865546e-14
"USF3",0.0325174835337786,2.36747371150679e-14,4.15752980870062e-14
"ARID2",0.0325113902187411,2.39388038911723e-14,4.20281103890459e-14
"CCDC43",0.0324996194808545,2.44571435001811e-14,4.29158440707823e-14
"MEPCE",0.0324776777402833,2.54530122189338e-14,4.46517425044658e-14
"BLMH",0.0324733696469223,2.56531761590275e-14,4.49912124542633e-14
"RNF135",0.0324708011776161,2.57732489969086e-14,4.51900768848805e-14
"PTTG1IP",0.0324623351197431,2.61729541219611e-14,4.58790103237177e-14
"TMOD3",0.0324530482456354,2.66184259970095e-14,4.66477911264336e-14
"SAMD4A",0.0324276764747012,2.7873824684525e-14,4.88351719855075e-14
"IFI27",0.0324101405206513,2.87753555728174e-14,5.04016007844089e-14
"POLR2M",0.0323797080874907,3.04084516700951e-14,5.32482625593143e-14
"TBC1D22A",0.0323698365563549,3.09575128673188e-14,5.41956873371162e-14
"AP1M1",0.0323578158306713,3.1639291625472e-14,5.5374903101169e-14
"CHAMP1",0.0323559184055268,3.17482486701015e-14,5.55512187522143e-14
"KIF22",0.0323538767890225,3.18658978556425e-14,5.57426482282015e-14
"C16orf87",0.0323431015498042,3.24939653880913e-14,5.68266166551696e-14
"SVBP",0.0323385866856491,3.27607326773019e-14,5.72783329793737e-14
"PLEKHJ1",0.0323377361542895,3.28112280976775e-14,5.73517872720781e-14
"ALDH3A2",0.0323254641067692,3.35483870019121e-14,5.86251342775724e-14
"GPBAR1",0.0323211015662778,3.38143410416976e-14,5.90746149309864e-14
"SOCS4",0.0323164278930714,3.41015632813574e-14,5.95610099057755e-14
"PAF1",0.0322789962908605,3.64901592854832e-14,6.36999656414026e-14
"TAF1B",0.0322651786224227,3.74128503778828e-14,6.52769758464169e-14
"MRPL20",0.0322610320629617,3.76941902393351e-14,6.5750882406642e-14
"METTL16",0.0322441427869202,3.88617624236217e-14,6.77700221166124e-14
"BSDC1",0.0322394705093022,3.91909935672795e-14,6.83265362321755e-14
"SGMS2",0.0322381974190818,3.92811760983908e-14,6.84661076569271e-14
"LRRC8C",0.0322297383010339,3.98856030397156e-14,6.95016912761642e-14
"SIGLEC9",0.0322218650355806,4.04563815561133e-14,7.04781230870605e-14
"RAB18",0.0322203542072261,4.05668251254037e-14,7.06523195963047e-14
"SKA2",0.0322097292090057,4.13519447192338e-14,7.20011584462374e-14
"CBL",0.0321799438347683,4.36334182127872e-14,7.59345020686368e-14
"PLCB1",0.0321652821458863,4.48014756270385e-14,7.79471890670117e-14
"ATMIN",0.0321424588540583,4.66811921700571e-14,8.11966916032303e-14
"AC004951.1",0.0321289627951658,4.78289827879254e-14,8.31717470754022e-14
"PLAAT3",0.0321275875717275,4.79474867619384e-14,8.33563790170906e-14
"GABBR1",0.0321213912554108,4.8485018306907e-14,8.42692053401024e-14
"SNRNP200",0.0321128768892414,4.92333168409878e-14,8.55477910978974e-14
"ZNF26",0.032112604475071,4.92574449106939e-14,8.556772483073e-14
"MAGED2",0.0321029911363082,5.01163953022497e-14,8.70374900175983e-14
"SLC39A11",0.0320997028330759,5.04135715573916e-14,8.75311138416859e-14
"TTC39C",0.0320987585936949,5.04992257177656e-14,8.76573209442395e-14
"COLGALT1",0.0320811337656318,5.21245307752033e-14,9.04553266353054e-14
"INIP",0.0320678207576804,5.33862058813602e-14,9.26210259081026e-14
"ECSIT",0.0320433083471184,5.57882671698348e-14,9.6763590132184e-14
"TRAF6",0.0320386329127661,5.62583490270899e-14,9.75539106879085e-14
"FCGR1B",0.0320113226139113,5.90830331898875e-14,1.02425740358161e-13
"SORT1",0.0319975205231682,6.05631513891072e-14,1.04964744050693e-13
"KHDC4",0.0319878882786593,6.1617636141488e-14,1.06764950782317e-13
"PITHD1",0.0319589106936013,6.48999662197008e-14,1.12423436231462e-13
"DERL2",0.0319525717035083,6.56405852822877e-14,1.1367725335388e-13
"DDB1",0.0319440549833264,6.66487347613295e-14,1.15364079805773e-13
"SELENOW",0.0318962700285429,7.25939070265563e-14,1.25590431270867e-13
"COPS3",0.0318901984297442,7.33856802966346e-14,1.26927752490547e-13
"NRDC",0.0318863745902487,7.38886823017261e-14,1.27765059090018e-13
"SMPD4",0.0318763310002428,7.52260503995119e-14,1.30044317757888e-13
"RABEP1",0.0318760771145712,7.5260163406122e-14,1.30070031898975e-13
"DVL3",0.0318707593821045,7.59781782843677e-14,1.31277399279481e-13
"PDHB",0.031818032210375,8.34720180270839e-14,1.44188634103504e-13
"TAF2",0.0318166260037649,8.36815120062013e-14,1.4451358944417e-13
"GNB4",0.0318102452796892,8.46386111139602e-14,1.46129124040216e-13
"PLIN3",0.031806368232451,8.52254089482821e-14,1.4710466936414e-13
"PRPF4",0.0317783290779344,8.95898699316884e-14,1.54598547883651e-13
"EVI2A",0.0317774722379121,8.9726644467066e-14,1.54795060791486e-13
"ZHX1",0.0317708939349915,9.07835758001451e-14,1.56578509179791e-13
"TRAPPC5",0.0317615852615713,9.2300131705305e-14,1.59153580836411e-13
"ATP6V0E1",0.0317577689774301,9.29290473037667e-14,1.6019716696093e-13
"TMEM183A",0.031753502476924,9.36371447839129e-14,1.61376685160345e-13
"SUPT16H",0.0317533241031335,9.36668641161705e-14,1.61386765619121e-13
"ZNF639",0.0317415862008823,9.56430603817811e-14,1.64749740443623e-13
"CREB3",0.0317365870155174,9.64971149465392e-14,1.66178551745683e-13
"MOB4",0.0317264043311673,9.82599597445456e-14,1.69171272684714e-13
"CBWD1",0.0317064424112562,1.01808135540038e-13,1.75235438998522e-13
"TBC1D15",0.0317020820438836,1.02599775631964e-13,1.76553088075263e-13
"CASC3",0.0316979684395246,1.033521593801e-13,1.77802531696909e-13
"NOA1",0.0316939324912422,1.04095608683823e-13,1.79035973114049e-13
"TRIM69",0.0316888079813897,1.05047155674758e-13,1.80626607201689e-13
"AKAP7",0.0316585105575914,1.10850136891258e-13,1.90556261256494e-13
"PLA2G15",0.0316371740692736,1.15124693340491e-13,1.97854105662191e-13
"GRK6",0.0316143867250147,1.1986882901296e-13,2.05955057930527e-13
"BDP1",0.0316088967332737,1.21040214354922e-13,2.07914860074601e-13
"SLC25A1",0.0315956281552811,1.23917943406734e-13,2.12803966312657e-13
"ZNF37A",0.0315870664567114,1.25810407983654e-13,2.15999027013074e-13
"STUB1",0.0315842219023779,1.26445427228238e-13,2.17034154224452e-13
"WBP1",0.0315769927251452,1.28073479214949e-13,2.19772790094485e-13
"TMEM50B",0.0315730978416243,1.28959149759023e-13,2.2123644037573e-13
"HEATR1",0.0315410382228708,1.36481635196414e-13,2.34082276905873e-13
"MRPL36",0.031525773780719,1.40213207427856e-13,2.40421378498537e-13
"ATP6V0D1",0.0314911984351898,1.49040222762983e-13,2.55492126293237e-13
"PPP2R5E",0.0314762360759294,1.53027274266427e-13,2.62260431258634e-13
"WAS",0.031475544617416,1.53214040471431e-13,2.62513970508704e-13
"ATG4B",0.0314614819361822,1.57061403353458e-13,2.69037787705277e-13
"MRPL41",0.0314524650038214,1.59578097283589e-13,2.73279512597351e-13
"MIEF1",0.0314392490865804,1.6333850622208e-13,2.79648427593691e-13
"RALGAPA1",0.0314365583977795,1.6411470431561e-13,2.80906206551351e-13
"COMMD2",0.0314060506399557,1.73172966932504e-13,2.96335719926768e-13
"ARMH3",0.0313693909650113,1.84709285898306e-13,3.15996832479364e-13
"RPL39",0.0313659114984854,1.85842678819598e-13,3.17855388691956e-13
"COG5",0.0313647761244067,1.86213989176741e-13,3.18409909161341e-13
"VPS25",0.0313555020073588,1.89274393687318e-13,3.23561106376727e-13
"KAT5",0.0313502134311415,1.9104166020838e-13,3.26499662454211e-13
"STAC3",0.0313197035117378,2.01558103208056e-13,3.44298720512801e-13
"USB1",0.0313090335433708,2.05368514942609e-13,3.50719002153821e-13
"TAF7",0.0312861259490222,2.13789813815603e-13,3.64916165414615e-13
"NDUFC1",0.0312692562379285,2.20207459438457e-13,3.75680704835581e-13
"BCOR",0.0312594833140862,2.24011495917551e-13,3.82074097855339e-13
"EP400",0.0312407027498263,2.31503778067134e-13,3.94753352714223e-13
"ZCCHC17",0.0312340479372549,2.34217262936603e-13,3.99279605323847e-13
"RPS6KB2",0.0312283636759604,2.3655972891699e-13,4.03171244569641e-13
"EIF2B1",0.031214940838555,2.42182954899905e-13,4.12650947096334e-13
"INAFM2",0.0312084537320983,2.44947455006589e-13,4.17256171151309e-13
"HEBP1",0.0312063625734044,2.45845197555603e-13,4.18679944754013e-13
"STK11IP",0.0311992092589424,2.48940648437719e-13,4.23844805864371e-13
"COMMD5",0.031194727877825,2.50899345624136e-13,4.27072123807851e-13
"PPP1R11",0.0311842157150831,2.55553540241119e-13,4.34884844090159e-13
"KDM7A",0.0311751071496351,2.59654798602918e-13,4.41752917301039e-13
"PIK3IP1",0.0311546824001594,2.69087787315871e-13,4.57686171079901e-13
"RIOK1",0.031140687739509,2.75744593699659e-13,4.68890643361014e-13
"ARL3",0.0311165763025243,2.87595033367987e-13,4.88918788182287e-13
"ATOX1",0.0311041074184499,2.93918106222373e-13,4.99542563139634e-13
"SRGAP1",0.0311036847218725,2.94134834837833e-13,4.99785277290422e-13
"PKN1",0.0310857229492303,3.03490827608999e-13,5.15553137051367e-13
"PIP5K1C",0.0310677668615966,3.13135840139227e-13,5.31803922426856e-13
"CHCHD1",0.0310535806971722,3.20968157305131e-13,5.44968787428426e-13
"GABARAPL2",0.0310433468217458,3.26737522575567e-13,5.54625254866534e-13
"PSMD1",0.0310365731134065,3.30612101340606e-13,5.61061349689718e-13
"PPP2R2A",0.030971231695818,3.70382015535848e-13,6.28394681816277e-13
"GSK3B",0.0309583211245207,3.78778354686097e-13,6.42478789772379e-13
"ANTKMT",0.0309568646931708,3.79737191546173e-13,6.43943604726279e-13
"AAMP",0.030882499284056,4.31995932635268e-13,7.32194660453007e-13
"ENTR1",0.0308774055853551,4.35823258928637e-13,7.38496504665794e-13
"H2AFJ",0.0308250134672135,4.77173965888985e-13,8.08159615074006e-13
"HBS1L",0.0308201039943931,4.81240648497387e-13,8.14842981340054e-13
"VIM-AS1",0.0308074655329492,4.91866720623272e-13,8.3262666453028e-13
"LDLRAD3",0.0308067061245221,4.92512496094159e-13,8.33511135442456e-13
"STAG1",0.0307983808371454,4.99646856153946e-13,8.45373472086294e-13
"RPS19BP1",0.0307838810828225,5.12315453785374e-13,8.66591139115065e-13
"SRP9",0.0307665951094944,5.27830946716645e-13,8.92389355026566e-13
"AKAP8L",0.0307325084476769,5.59790152040166e-13,9.4618530448589e-13
"PCBP1-AS1",0.0307269089521888,5.65218771668511e-13,9.55122248250638e-13
"DIDO1",0.0307089903536069,5.82940203932638e-13,9.8482226856286e-13
"SCYL2",0.0306967407264343,5.95367786105863e-13,1.00556622579609e-12
"PEX26",0.0306919213636156,6.00328135072163e-13,1.01369093936636e-12
"PMPCB",0.0306850040090136,6.07518830766563e-13,1.0255767327872e-12
"GK",0.030682929748126,6.09691487578326e-13,1.02898755554595e-12
"TMCO3",0.0306779457879609,6.14943100752274e-13,1.03759179041331e-12
"ANKIB1",0.0306718822847131,6.21392134491839e-13,1.04821163206071e-12
"TRMT2A",0.0306542138173347,6.40564971356571e-13,1.08028430315335e-12
"RAPGEF6",0.0306055176234751,6.96464027800674e-13,1.17426266632428e-12
"BABAM2",0.0305972825094704,7.06379266700263e-13,1.19068317680391e-12
"DCPS",0.03059019811356,7.15019790545909e-13,1.20494735889354e-12
"EIF4EBP3",0.0305779462272469,7.30208375573031e-13,1.23023643838756e-12
"ZNF451",0.0305728510530163,7.3661766355665e-13,1.2407254666932e-12
"AL158152.1",0.0305690981523438,7.41373771054325e-13,1.24842542119509e-12
"CLMN",0.0305669771038252,7.44075126268385e-13,1.25266233284376e-12
"SMARCC2",0.0305213547292711,8.04575241024694e-13,1.35417804445306e-12
"SGSH",0.0304998401744364,8.34756315011667e-13,1.40462604424935e-12
"GFM1",0.0304966471578094,8.39329222540469e-13,1.41196936392041e-12
"SF3B2",0.0304609672765572,8.92130986459578e-13,1.5004222884212e-12
"ZMYND11",0.0304459616422505,9.1529907863233e-13,1.53862184749706e-12
"FBXO25",0.0304199430267312,9.56878195641045e-13,1.60811669916209e-12
"CNP",0.0304152903923793,9.64506271321223e-13,1.62053352395696e-12
"ALAS1",0.030411589423257,9.70616662964569e-13,1.63039484678347e-12
"EPHB2",0.0303849710156228,1.01569758229631e-12,1.70527225078355e-12
"HAUS4",0.0303843810054551,1.01671974939248e-12,1.70656460418136e-12
"TAP1",0.0303573188269403,1.06470470343947e-12,1.78622047145267e-12
"NAE1",0.0303365426095658,1.10304527116295e-12,1.85008411767123e-12
"SUCLA2",0.030313018863859,1.14809296651426e-12,1.92420836554361e-12
"PDK1",0.0302715333431751,1.23197683594562e-12,2.06326365811949e-12
"ANAPC5",0.0302516866828186,1.27420540446635e-12,2.13345783546236e-12
"PNPLA6",0.0302417838622911,1.29580395444631e-12,2.16908406437521e-12
"WDFY4",0.0302212282095488,1.34178990946039e-12,2.24550534105487e-12
"TRIM26",0.0302195022008166,1.34572331532094e-12,2.25153064461392e-12
"PARP14",0.0302103628989785,1.36674019910118e-12,2.28612827464698e-12
"MRPL37",0.0301940109912169,1.4051498005633e-12,2.34979416314828e-12
"RNF41",0.0301719040699118,1.45876573382178e-12,2.43885141601609e-12
"CGGBP1",0.0301706242635449,1.46193037264919e-12,2.44353800976048e-12
"FAM20B",0.0301366617770529,1.54841625318533e-12,2.58745484127187e-12
"RNF4",0.0301360617280414,1.54998854541441e-12,2.58944219311758e-12
"SLC11A2",0.0301301239164791,1.56563191322865e-12,2.61493017918452e-12
"MTR",0.030126267759553,1.57587393863556e-12,2.63138644087801e-12
"ESRRA",0.0301225012141096,1.58594140126094e-12,2.64754316393215e-12
"NFYC",0.0301175914065884,1.59915942613374e-12,2.6689501061689e-12
"CISD2",0.0301080406619503,1.62518196028252e-12,2.71171155811208e-12
"ZDHHC24",0.0300465196657704,1.80304624962247e-12,3.0077462851462e-12
"MTAP",0.0300446750709139,1.80866393730075e-12,3.01637318206471e-12
"ORAI2",0.0300259170359029,1.86677525482751e-12,3.11251972820931e-12
"CAND1",0.0300208652627943,1.88273588512722e-12,3.13835732725472e-12
"ASCC3",0.0300057621556883,1.93125535467764e-12,3.21844157085914e-12
"CBFA2T3",0.0299954521152607,1.96507910058286e-12,3.27400192189273e-12
"TRPC4AP",0.0299936187123344,1.97115442707759e-12,3.28331487594767e-12
"STIP1",0.0299917021691361,1.9775249502643e-12,3.29311482481206e-12
"APOBEC3G",0.0299580955219073,2.09257077418608e-12,3.48298153724079e-12
"STK32C",0.029955904383157,2.10029556730561e-12,3.49497866860773e-12
"MROH1",0.029916900086496,2.24257838490086e-12,3.73082491641602e-12
"SLC39A9",0.0299156230609939,2.2473931958656e-12,3.7379152268751e-12
"SP140L",0.02991282861917,2.25796456629898e-12,3.75457413496001e-12
"SEC24D",0.0298861456643767,2.36139402576833e-12,3.92559257640022e-12
"RPA3",0.0298811411334196,2.38130375975244e-12,3.9577174827154e-12
"ZDHHC6",0.029879673001354,2.38717565933002e-12,3.96650150718365e-12
"RNPEPL1",0.0298617371541271,2.46006797613448e-12,4.08561031359499e-12
"ELL",0.0298363354591482,2.5670497798323e-12,4.26223564868521e-12
"NCOA2",0.0298260615540858,2.61160360449643e-12,4.33514656764064e-12
"ARID4B",0.029824456696084,2.61863137311063e-12,4.34574538870912e-12
"PBX3",0.0298160182378266,2.65589012622242e-12,4.40649647690547e-12
"LAMTOR5",0.0298006567483781,2.72505573488295e-12,4.52014274375456e-12
"SMIM29",0.0297977258154747,2.73845158139018e-12,4.54124874706377e-12
"P4HA1",0.0297911235548846,2.76886427261727e-12,4.58943156341392e-12
"SAMD9",0.0297845642739754,2.79940689667475e-12,4.63891912461226e-12
"TLR2",0.0297831503014226,2.80603407403814e-12,4.64876166982894e-12
"SMCO4",0.0297766436998434,2.83672882174601e-12,4.69846241152003e-12
"ARMCX6",0.0297724195764584,2.85683204166453e-12,4.73060040012096e-12
"APMAP",0.029768775585078,2.87428652154261e-12,4.75833770130989e-12
"TNNI2",0.0297204484822312,3.11590002716406e-12,5.15580031415962e-12
"TBRG4",0.0297127428129966,3.15622276939233e-12,5.22124349005665e-12
"METTL5",0.0296262859761801,3.64523348939391e-12,6.02724960180783e-12
"SLC16A7",0.029615190298746,3.71313844146258e-12,6.13802665103386e-12
"PHF11",0.0296134266815265,3.72404530442519e-12,6.15455152853061e-12
"SP2",0.0296127835870794,3.72803024895619e-12,6.15963160146451e-12
"PACS2",0.0295854939446639,3.9010388681516e-12,6.44391003849815e-12
"EVI5",0.0295645260328979,4.03929404170246e-12,6.66902735432243e-12
"GTF2B",0.0295433359984335,4.18389124487096e-12,6.90607634437807e-12
"DENND4B",0.0295409466348161,4.20051081050889e-12,6.93181683911413e-12
"ZZEF1",0.0295183986902931,4.36056756546901e-12,7.19419163253683e-12
"PSMD10",0.029508511543176,4.43262304327682e-12,7.3112867517918e-12
"TRIM13",0.0295026539308635,4.4758613436401e-12,7.38080452301238e-12
"C5orf15",0.0294882422882161,4.58400938086358e-12,7.55730003024107e-12
"ATP8B4",0.0294876451336509,4.58854539414824e-12,7.56293403457733e-12
"TFE3",0.0294743456257856,4.69071697728402e-12,7.72945100741342e-12
"DHDDS",0.0294668552198555,4.74923920078758e-12,7.82397812780819e-12
"SYNJ2BP",0.0294358443940038,4.99923477437782e-12,8.23381883302521e-12
"EHMT1",0.0294099734667903,5.21762670918997e-12,8.58932899460273e-12
"CRK",0.0294071546755019,5.2419793829579e-12,8.62731806430827e-12
"BRD9",0.0293930227067832,5.36576049742562e-12,8.82888944343992e-12
"PIN1",0.0293868682136884,5.42055866050033e-12,8.91688494005906e-12
"WHAMM",0.0293480014190414,5.77950884578651e-12,9.50504969748544e-12
"SH3GLB2",0.0293451565716962,5.80667855884431e-12,9.54741092809979e-12
"NSMCE4A",0.0293424861471342,5.83229633100045e-12,9.58720046046536e-12
"MRPS11",0.0293322216295119,5.93180056757779e-12,9.74839660607522e-12
"UROD",0.0293265283729828,5.98770636528829e-12,9.8378815882659e-12
"FAM76B",0.029315115144815,6.10133995196558e-12,1.00221475741592e-11
"ABCF2",0.0293145222067045,6.10730082604744e-12,1.00295022795498e-11
"KIAA2013",0.0292941699299354,6.31540090783531e-12,1.03687288824368e-11
"TINF2",0.0292917754013645,6.3403369980198e-12,1.04071421324622e-11
"MTLN",0.0292751991939036,6.51562360635995e-12,1.06922648549999e-11
"CINP",0.0292694418430624,6.5776094829457e-12,1.07913656185867e-11
"GALNT11",0.0292555331551421,6.72975003518152e-12,1.10382920882732e-11
"CD2BP2",0.0292489030417676,6.80348224155733e-12,1.11565227832086e-11
"SLC11A1",0.029167314444225,7.77824310880517e-12,1.27456862963237e-11
"NOTCH2NLC",0.0291444867206133,8.0746443562833e-12,1.32281731264433e-11
"ACSL1",0.0291371730988054,8.17192634988864e-12,1.33843008845923e-11
"SULF2",0.0291361408552803,8.18574886931186e-12,1.34036929293818e-11
"ZBTB8OS",0.0291359617234491,8.18814991118998e-12,1.3404378099166e-11
"BTBD7",0.029134958870171,8.20160467692963e-12,1.34228895547554e-11
"MFSD6",0.0291302505868485,8.26506343588407e-12,1.35204679143509e-11
"MRPS2",0.0291287765493723,8.28502937673578e-12,1.3549850898914e-11
"SLC30A1",0.0291247263385854,8.34013340166032e-12,1.36366727759675e-11
"AFF1",0.0291170714726305,8.44526199156112e-12,1.38052263841743e-11
"PDCD4",0.0290795849664429,8.97912479639439e-12,1.46708223171635e-11
"NSMCE3",0.0290520295343238,9.39250259845938e-12,1.53388188570492e-11
"PIK3C2A",0.0290424532525428,9.54048349843534e-12,1.55767227560786e-11
"SERPINA1",0.0289957771091275,1.02950954650241e-11,1.68006614624736e-11
"KMT5B",0.0289230219728889,1.15893653690836e-11,1.89082285859977e-11
"SCAMP1",0.0289099384076841,1.18384541607679e-11,1.93099610569245e-11
"DPY30",0.0288926210348863,1.21762256636057e-11,1.98561171518665e-11
"SAE1",0.0288866920525453,1.22940242149744e-11,2.0043380206762e-11
"SNX17",0.0288858404174913,1.231103614529e-11,2.00662766100062e-11
"RALB",0.0288748558261528,1.25325375800457e-11,2.0422387702745e-11
"MRPS18A",0.0288719041784099,1.25927191410006e-11,2.05155118342904e-11
"RAVER1",0.0288527385241658,1.29904340779136e-11,2.11583533608224e-11
"PICALM",0.0288256744415159,1.35730784476839e-11,2.2102019119651e-11
"MAPK9",0.0288180003454736,1.37428953866407e-11,2.23731557209433e-11
"LGALS8",0.0288039210310922,1.40598782604077e-11,2.2883687269768e-11
"ZDHHC3",0.0287909823346204,1.4357488261216e-11,2.33624496110906e-11
"RBBP4",0.0287849769196013,1.44977099773649e-11,2.35849415680857e-11
"COQ4",0.0287757248922175,1.47163662016411e-11,2.39348934061332e-11
"DDRGK1",0.0287643968156304,1.4988487758159e-11,2.43716127303783e-11
"UBR5",0.0287634602251947,1.50112056955332e-11,2.44026837478962e-11
"SERINC3",0.0287583295709413,1.51362544510189e-11,2.46000520056104e-11
"FBXW5",0.0287312814593288,1.58125496676893e-11,2.56868448590215e-11
"NNT",0.0287272365681079,1.59161966997497e-11,2.58490045368742e-11
"DCTN4",0.0287091291931404,1.63883971922674e-11,2.66031100640863e-11
"GPAT4",0.0287025585667089,1.65631145846101e-11,2.68802730932666e-11
"VEZF1",0.028691463707967,1.68622833980416e-11,2.73527586279145e-11
"HACD2",0.0286914615335035,1.68623425471303e-11,2.73527586279145e-11
"GSK3A",0.0286735320225148,1.7357027216297e-11,2.8141693287622e-11
"PACS1",0.0286639286977479,1.76278034085271e-11,2.8573862106222e-11
"MRPL13",0.0286635013576873,1.76399483675985e-11,2.85866948497923e-11
"MRGBP",0.0286532420926731,1.79339874830513e-11,2.9056239964752e-11
"DTNBP1",0.0286494602470617,1.80435845210986e-11,2.92268028143621e-11
"MEA1",0.0286362527259881,1.84315043482571e-11,2.98480002152255e-11
"MRPL48",0.0286276256965428,1.86892865942101e-11,3.02582056186433e-11
"PSTPIP2",0.0286077330663862,1.92972227485395e-11,3.12349827634368e-11
"EID2",0.0286005729859945,1.95207456087391e-11,3.15892199762291e-11
"UBP1",0.028590146717949,1.98507718966111e-11,3.21079111944946e-11
"CD163",0.0285844314706991,2.00339901657833e-11,3.23933541971926e-11
"LTBR",0.0285843432909612,2.00368299441886e-11,3.23933541971926e-11
"SUPV3L1",0.0285665842712342,2.06168546381748e-11,3.33231064328712e-11
"CD101",0.0285541887456498,2.10314116150686e-11,3.39850320099137e-11
"IMPACT",0.028550243650216,2.11650555947017e-11,3.41928174135671e-11
"ATXN7",0.0285178870850765,2.22929979264882e-11,3.59892452199109e-11
"FAM168A",0.0285166381150521,2.23376962637763e-11,3.60527964763407e-11
"CLASP1",0.0284939327060609,2.31657454239237e-11,3.73803352771236e-11
"VPS4A",0.0284753815851696,2.3864531153285e-11,3.8498710362052e-11
"FNDC3A",0.0284701295330369,2.40660860477897e-11,3.88146010899585e-11
"UBL7",0.0284681572169116,2.41422060535123e-11,3.89280837414254e-11
"RNASEH2C",0.0284235804825367,2.592685674464e-11,4.17957745470936e-11
"NCKAP5L",0.0283894035804008,2.73819993814464e-11,4.41205190223926e-11
"MRPL19",0.0283776629201705,2.79000930233801e-11,4.49446101813374e-11
"CD82",0.0283752825959563,2.8006296125868e-11,4.50942053124539e-11
"MPZL1",0.0283570763014013,2.88318003974438e-11,4.64019913262156e-11
"ILRUN",0.0283570667718648,2.88322386572152e-11,4.64019913262156e-11
"CERK",0.028322778411348,3.04521118970741e-11,4.89856598943893e-11
"AC005280.2",0.0283049048433212,3.13314852953674e-11,5.03882426455707e-11
"DPM2",0.0283009770487472,3.15280366192743e-11,5.06922843241174e-11
"BCL11A",0.0282954642790258,3.18059386858829e-11,5.11269499418103e-11
"SHARPIN",0.0282362313156628,3.4947356486655e-11,5.61633176149928e-11
"TMEM165",0.0282103910872607,3.64110935284777e-11,5.84878601439862e-11
"CDC27",0.028205817506673,3.66763430386044e-11,5.88999418726852e-11
"SESN1",0.0281759669682242,3.84545925892074e-11,6.1726377135715e-11
"C18orf25",0.0281637761062733,3.92048441324949e-11,6.29007952491215e-11
"PHF2",0.0281604963503876,3.94091201892601e-11,6.32135377460469e-11
"PGGT1B",0.0281408539705019,4.06544998614967e-11,6.51957005606213e-11
"HSPA14.1",0.0281357492436247,4.09844068090701e-11,6.57091710780467e-11
"CCNT2",0.0281345560569982,4.10618966433476e-11,6.58178006651666e-11
"ATP11A",0.0281184590195803,4.21214137663971e-11,6.74681067222485e-11
"SEC14L1",0.0281165208592467,4.22507750387959e-11,6.76592823394835e-11
"STT3A",0.0281159051962677,4.22919483603327e-11,6.77091789874992e-11
"HMOX2",0.0281156263221568,4.23106113719584e-11,6.77230216585727e-11
"GHDC",0.0281110430311512,4.2618494618788e-11,6.81996786077221e-11
"DCXR",0.02810506926675,4.30230753143293e-11,6.88308121628444e-11
"ACLY",0.028100546049982,4.33319133574979e-11,6.93085086846566e-11
"TPK1",0.028095597579284,4.36722717551519e-11,6.98363834760128e-11
"RCAN3",0.0280899553074699,4.40635421479263e-11,7.04454028049491e-11
"LZIC",0.0280718655965808,4.53412622158607e-11,7.24709867237433e-11
"LLPH",0.0280578957969598,4.63527208669017e-11,7.40701360862969e-11
"MLST8",0.0280463677256945,4.72039860980964e-11,7.54126063348842e-11
"IFNAR1",0.0280408976307968,4.76132452557281e-11,7.60484647233588e-11
"SPATA6",0.0280356986620842,4.80054358558233e-11,7.66567670810631e-11
"PPP1R9B",0.0280326231322614,4.82389281442142e-11,7.70114269617549e-11
"PRPF3",0.0279581601988577,5.42436620163727e-11,8.65772896347251e-11
"RNF144B",0.0279502723239143,5.49210295887908e-11,8.76377344937018e-11
"PURA",0.0279427343827225,5.55760748531292e-11,8.86620675040129e-11
"SEC22B",0.0279228969203714,5.73366821951001e-11,9.14492352727228e-11
"HEATR3",0.0278580641337812,6.34797083876292e-11,1.01223185945463e-10
"TTF2",0.0278568898130733,6.3596710767908e-11,1.01385843315686e-10
"CDS2",0.0278478680626038,6.45026465117253e-11,1.02805844664256e-10
"RAMAC",0.0278382254523941,6.54848812201181e-11,1.04346755109408e-10
"BORCS8",0.0278314373247028,6.61851052238686e-11,1.05437675876196e-10
"FRS2",0.0278160366344652,6.7801015121726e-11,1.07986493106711e-10
"ST14",0.0277946443346172,7.01097697813741e-11,1.11611055684453e-10
"LRMDA",0.0277852181595497,7.11513240851861e-11,1.13242491087557e-10
"LEMD2",0.0277835237494451,7.1340147354486e-11,1.13516294719623e-10
"C19orf38",0.0277533170949537,7.47897589112392e-11,1.18949320159701e-10
"ILKAP",0.0277506836593007,7.50981141719296e-11,1.19411653319947e-10
"INTS11",0.0277120054771124,7.97728463284461e-11,1.26785193706306e-10
"UQCRC1",0.0276939340416707,8.20533937238978e-11,1.30379082248478e-10
"BTBD2",0.0276833651167464,8.34165670472475e-11,1.32513959071062e-10
"TEX264",0.0276812161559947,8.36964352722394e-11,1.32896101192017e-10
"CHTOP",0.0276604287900048,8.64514941721879e-11,1.37238448485129e-10
"LCMT1",0.0276480011021896,8.81407461354356e-11,1.39854396766412e-10
"CELF1",0.0276134078779596,9.30146395720639e-11,1.47553256252164e-10
"RAB11B",0.0276008516370215,9.48480919835388e-11,1.50391170239378e-10
"HS2ST1",0.0275929535333121,9.60194193304128e-11,1.52212730150743e-10
"QSER1",0.0275829970912697,9.75161737525169e-11,1.54549191453532e-10
"NSMCE2",0.0275610202354335,1.00901154434085e-10,1.59876424918877e-10
"MAP3K7CL",0.0275567903086147,1.01565724179625e-10,1.60891720051182e-10
"RNF6",0.0275321500447216,1.05522905259367e-10,1.67082052098028e-10
"LYPLA1",0.0275207510257403,1.07404178403603e-10,1.70020990444102e-10
"ERV3-1",0.0275121672418129,1.08842431579511e-10,1.72217102716844e-10
"TBCD",0.0275067499662151,1.09759793505777e-10,1.73627974705793e-10
"STIM2",0.0274994896793405,1.11001111939351e-10,1.75550530484667e-10
"GRSF1",0.0274520996188777,1.19447376224014e-10,1.88820133423091e-10
"MRPL22",0.027443178775003,1.21106130996013e-10,1.9135278141249e-10
"ZDHHC20",0.0274189168750147,1.25732137756109e-10,1.98615650319871e-10
"MIF4GD",0.0274142304816347,1.2664538360345e-10,2.00011548363215e-10
"OGFOD3",0.0274067029497466,1.28125874154267e-10,2.02302436982017e-10
"WASHC5",0.02737892720854,1.33736505756257e-10,2.11111957837509e-10
"NFATC2IP",0.0273776239985744,1.34005565932246e-10,2.11487308886068e-10
"IFI35",0.0273722169183887,1.35127571558191e-10,2.13208287352376e-10
"CIAPIN1",0.027364607308422,1.36722183459345e-10,2.1567398095395e-10
"TOR1AIP1",0.0273556726239779,1.38617949519793e-10,2.18613472522351e-10
"KIAA1191",0.0273394735910454,1.42120792241684e-10,2.24085512207562e-10
"WDR48",0.0273384304289012,1.42349304192396e-10,2.24393482314011e-10
"GALK1",0.0273232469276096,1.45716284939603e-10,2.29647506404815e-10
"ERLEC1",0.0273197997033109,1.46491488173088e-10,2.30815416345432e-10
"CCDC130",0.0273151720021695,1.47538493511517e-10,2.32410940035267e-10
"EGLN2",0.0273128485116599,1.48066931124267e-10,2.33189033620119e-10
"CHCHD5",0.0272924322029696,1.52790496883511e-10,2.40572088828462e-10
"CYSLTR1",0.0272553607474363,1.61746697111061e-10,2.54555265169434e-10
"GLRX2",0.0272385499159974,1.65975224107619e-10,2.61149287919854e-10
"IMPA2",0.0272219743500703,1.70250254763785e-10,2.67813395174023e-10
"RDX",0.0272105335100587,1.73263542632342e-10,2.72426700404015e-10
"DDX46",0.0271943438968614,1.77616773711102e-10,2.79206465254769e-10
"NOC4L",0.0271831279855656,1.80695095993756e-10,2.83979438403948e-10
"EAF2",0.0271494538088845,1.90253834315884e-10,2.98932413155866e-10
"POLR2D",0.027137391965427,1.93796457418594e-10,3.04427938802768e-10
"AGO1",0.0271050659681089,2.03611578519276e-10,3.19771865823188e-10
"CRTC2",0.0270977849574964,2.05888420277192e-10,3.23272552135182e-10
"NUDT4",0.0270631478182174,2.17064859377975e-10,3.40583781446852e-10
"TGFBR2",0.027061315899482,2.17672186606465e-10,3.41457460242763e-10
"ESF1",0.0270604721355556,2.17952473624459e-10,3.41817832098113e-10
"PHYKPL",0.0270516542087553,2.20902845361657e-10,3.46364595892896e-10
"TOR3A",0.0270405851442281,2.24661685671226e-10,3.52094959857013e-10
"MYO9A",0.0270258208018224,2.29772747517424e-10,3.59938263662025e-10
"TMEM268",0.0270155331753788,2.33401035633123e-10,3.65537271696906e-10
"ARAF",0.0270054466635689,2.37012698852752e-10,3.71107655614511e-10
"MED8",0.0269876135894333,2.43532186688474e-10,3.81227393887652e-10
"CTDSP2",0.0269561645947008,2.55458802882071e-10,3.9971232730518e-10
"GRN",0.0269458323601002,2.59500246992652e-10,4.05941964349218e-10
"DEDD",0.0269281294336094,2.66570343195317e-10,4.16905410673961e-10
"PACSIN2",0.0269259974028219,2.67434410564464e-10,4.1816004852598e-10
"SUDS3",0.0269120111036606,2.73170975375854e-10,4.27030974454601e-10
"FZR1",0.0269033632011375,2.76777901153762e-10,4.32569438210953e-10
"MARK4",0.0269012220956485,2.7767808619758e-10,4.33876020518104e-10
"MRPS10",0.0268938937143949,2.80780850186615e-10,4.38622765275348e-10
"GTF2H3",0.0268934352773105,2.80976069117089e-10,4.38826334788783e-10
"TUG1",0.0268694254952254,2.91387661892934e-10,4.54981981999568e-10
"CTCF",0.0268690130462432,2.91569767400436e-10,4.55161209280615e-10
"ATG13",0.0268633425148652,2.94084730200514e-10,4.58981269825871e-10
"CCAR2",0.0268545042563106,2.98046920356899e-10,4.65057749488344e-10
"MRPL1",0.0268488423906953,3.00612475680055e-10,4.68952687603334e-10
"PLOD1",0.026815832303658,3.16005286920287e-10,4.92851613579715e-10
"AQR",0.0268154057276419,3.16209154164703e-10,4.93055832866134e-10
"FAM3A",0.0267772356879409,3.3498058867619e-10,5.22205155646696e-10
"CSNK2A1",0.0267741839866325,3.3652748279739e-10,5.2449569183798e-10
"MOB1B",0.0267737784438513,3.36733574944096e-10,5.24695943811255e-10
"ZNF791",0.0267695742749659,3.38877358337062e-10,5.27914705003888e-10
"SMIM3",0.0267284439055316,3.60565864325491e-10,5.61572404677412e-10
"SUN1",0.0267273175195752,3.61178491468173e-10,5.62397001569857e-10
"COPS4",0.026719211539971,3.6561730102595e-10,5.69177658815668e-10
"ANP32A",0.0266976918450936,3.77661379378048e-10,5.87792031762197e-10
"TARDBP",0.0266621354152511,3.98415253265395e-10,6.19807990641357e-10
"ANKRD44",0.0266449488748324,4.08841924669246e-10,6.35882275750811e-10
"STIM1",0.0266313624471349,4.17272558246215e-10,6.48845392433914e-10
"PAIP1",0.0266303564738982,4.17903487179494e-10,6.49677046866075e-10
"PSIP1",0.0266236493678161,4.22133932591585e-10,6.56102877759013e-10
"FBXO34",0.0266093832934574,4.31271609789041e-10,6.70151081081064e-10
"RPL26L1",0.0266021495286957,4.35978447918573e-10,6.77309348891882e-10
"CASP1",0.0265974136955531,4.39087060298674e-10,6.8198199280481e-10
"JPX",0.0265919554524981,4.42696704961771e-10,6.87272657232269e-10
"NCOR1",0.0265686940154284,4.58407395108845e-10,7.11499632307369e-10
"RPAIN",0.0265502217337712,4.71269940884238e-10,7.31295861904597e-10
"CPT1A",0.026548953415847,4.72165899586368e-10,7.32518046604735e-10
"B3GALNT2",0.0265482870792351,4.7263727560861e-10,7.33081124200461e-10
"ZNF317",0.02652168543949,4.91835468717024e-10,7.62683395411881e-10
"COIL",0.0265120375077919,4.98984667260228e-10,7.73592142936574e-10
"RPL7L1",0.0265076579659569,5.02263315892155e-10,7.78496625113907e-10
"RABGGTA",0.0264976072649087,5.09867241897447e-10,7.90101403270373e-10
"KANSL1",0.0264294130152776,5.64509651682127e-10,8.74175390522872e-10
"NSUN2",0.0264270887512206,5.6646933923861e-10,8.77009205997765e-10
"C1orf56",0.0264263975081295,5.67053435756692e-10,8.77712518120649e-10
"EEF1E1",0.0264217381783419,5.71005902475599e-10,8.83628039971968e-10
"GFPT1",0.0264146864002152,5.77039039910119e-10,8.92759942524557e-10
"ASPSCR1",0.0263985019561944,5.91121762381269e-10,9.14129514057584e-10
"LST1",0.0263856387928831,6.02553168515457e-10,9.31594322509262e-10
"USP7",0.0263626436107156,6.23528612709404e-10,9.63803600943823e-10
"BSCL2",0.0263517877929686,6.33676845091791e-10,9.79266091352137e-10
"XRCC5",0.0263233525846044,6.61028562659527e-10,1.0213012139262e-09
"RFK",0.0263157955669562,6.68489243623177e-10,1.0325921352836e-09
"PPP3R1",0.0262859813379847,6.98733006422048e-10,1.07906209603003e-09
"HPS4",0.0262529503603987,7.33799100773501e-10,1.1326976530433e-09
"YY1AP1",0.0262400654612329,7.47938306589447e-10,1.1542595048736e-09
"CHORDC1",0.0262345061118289,7.54120587523455e-10,1.16353475404977e-09
"PARL",0.0262084736644249,7.83739475556325e-10,1.20813100643783e-09
"AHSA1",0.0261767961664697,8.2131416194639e-10,1.26547517067446e-09
"GLIPR2",0.0261734442453512,8.25391398730041e-10,1.27146758870217e-09
"HTATIP2",0.0261540638874584,8.49355347478304e-10,1.30808462512547e-09
"P2RX1",0.0261487109701263,8.56092990848331e-10,1.31816094537134e-09
"CDK2AP2",0.0261337897663131,8.7515044919444e-10,1.34719767463652e-09
"TM2D2",0.0261232992310265,8.88796075434943e-10,1.36789216162432e-09
"PDE3B",0.0261139347165009,9.01152147972743e-10,1.38659300692847e-09
"CNST",0.0260930716510339,9.29285445250776e-10,1.42923086791185e-09
"GAB3",0.0260371342942212,1.00900935359166e-09,1.55149243566823e-09
"ARHGAP1",0.0260274912813941,1.02341091048607e-09,1.57327902814832e-09
"EMC1",0.0259962487393042,1.07146083256214e-09,1.64639697476197e-09
"STK17B",0.0259581958163245,1.1329619838815e-09,1.74050351579705e-09
"LAMTOR3",0.0259521545019589,1.14303738079771e-09,1.75558285587763e-09
"LAS1L",0.025950797673905,1.14531221345074e-09,1.75867723714295e-09
"ADAR",0.0259488310390721,1.1486172737216e-09,1.76335181372201e-09
"TSR3",0.0259347654774438,1.17252795715886e-09,1.79924228741513e-09
"BECN1",0.0258833550080781,1.26412154212527e-09,1.93847261200022e-09
"NOP56",0.0258786699983688,1.27280701987882e-09,1.95134881210901e-09
"IFT57",0.0258491648130964,1.32885832311997e-09,2.03681956985131e-09
"GPN1",0.0258448896329609,1.33717694969832e-09,2.04910547527433e-09
"TIMM17B",0.0258400227509285,1.3467086969992e-09,2.06324439166362e-09
"SLC18B1",0.0258337846978627,1.35902275884948e-09,2.08163862088385e-09
"HNRNPUL2",0.0258281289745005,1.3702821014616e-09,2.09840935175127e-09
"SRCAP",0.0258196737873778,1.38728433295448e-09,2.12396498530463e-09
"SPART",0.0258148214032163,1.39713449758159e-09,2.13856154361539e-09
"IQSEC2",0.0257934845869921,1.44126240499999e-09,2.2056077682673e-09
"RBM18",0.0257843500422248,1.46056667955839e-09,2.23464388334335e-09
"DDX41",0.0257824969320246,1.46451353978942e-09,2.24017557522993e-09
"CLTC",0.0257815492469177,1.46653598911693e-09,2.2427617784256e-09
"CHURC1",0.0257753188897811,1.47990009416239e-09,2.26268759308727e-09
"MAP3K11",0.0257426787574341,1.55187618111352e-09,2.37219870235327e-09
"FAM210B",0.0257399051311798,1.55814733219117e-09,2.38124640889342e-09
"SENP2",0.025738959791107,1.56029037783894e-09,2.3839826541399e-09
"SAMM50",0.0257116567630814,1.62343979436605e-09,2.47990882279911e-09
"SUPT7L",0.0256955736619127,1.66179699801704e-09,2.5379285077012e-09
"DHX30",0.0256887215514221,1.6784058341839e-09,2.5627149604601e-09
"MR1",0.025680784222845,1.69784739220667e-09,2.59181445443876e-09
"POLR2A",0.0256751532558626,1.7117726667321e-09,2.61189234930618e-09
"ARMC10",0.0256652741678208,1.73647283227279e-09,2.64898303677715e-09
"CHD9",0.0256610445514406,1.74715377981005e-09,2.66467554822823e-09
"VPS35L",0.025651081210219,1.77256759720247e-09,2.70282578364589e-09
"NDUFA3",0.0256485871620691,1.77898540028025e-09,2.7120000656809e-09
"SSBP2",0.0256392076193352,1.80332459050096e-09,2.74848457086947e-09
"ZBED4",0.0256299475885209,1.82767180975046e-09,2.78496486493642e-09
"BTN3A2",0.0256199914396339,1.85420661340391e-09,2.82476135944656e-09
"BAD",0.0256020026116853,1.90310477453141e-09,2.89860134728698e-09
"HAT1",0.0255982950465461,1.91333789921721e-09,2.91353097671342e-09
"DNAJC10",0.0255967482095947,1.91762310238574e-09,2.91939873794866e-09
"LRRFIP2",0.0255914400744422,1.93239944878112e-09,2.94123202908806e-09
"ECPAS",0.0255830037701858,1.95611226613654e-09,2.97665429469934e-09
"FUBP3",0.025579952301536,1.96475897506036e-09,2.98913938577477e-09
"WIPF1",0.0255795715313104,1.96584054367106e-09,2.99011201704388e-09
"USP34",0.0255730495566734,1.98445636221461e-09,3.01774841766374e-09
"FLCN",0.0255439622082287,2.06959327208243e-09,3.14650778334818e-09
"RALBP1",0.025522257836805,2.13542836415565e-09,3.24587031700907e-09
"AAGAB",0.0255111894157325,2.1697828122098e-09,3.29660709962932e-09
"TLK2",0.0254779827164443,2.27611270402059e-09,3.45737991280234e-09
"MTA2",0.0254739288915874,2.28943587972516e-09,3.47683647412889e-09
"MRPL32",0.0254489684923115,2.37315953117678e-09,3.60317349882915e-09
"UFL1",0.0254479579138068,2.37661134499515e-09,3.6076042441653e-09
"GTF2E2",0.025432780303612,2.42904524155763e-09,3.68636922068938e-09
"LIX1L",0.0253940680833982,2.56793792025934e-09,3.89540683842796e-09
"SNRNP40",0.0253799373892801,2.62053890689429e-09,3.97430766027642e-09
"PDP1",0.0253636761537418,2.68236986665029e-09,4.06716812478641e-09
"FGD6",0.0253577908643932,2.70509609560889e-09,4.10070733237931e-09
"SEC23A",0.0253530623519445,2.72349113906399e-09,4.12766724752559e-09
"LINC02785",0.0253493586008047,2.73798463663936e-09,4.14870330083341e-09
"TBC1D8",0.0253416088814178,2.76855420375451e-09,4.19408356970294e-09
"ATG14",0.0252960282491042,2.95519257681949e-09,4.47581922309063e-09
"DFFA",0.0252705338154401,3.06486871783697e-09,4.64089079536299e-09
"TNNT1",0.025251840135595,3.14779644740892e-09,4.76539448744552e-09
"OAT",0.0252386902835439,3.20743566660694e-09,4.85459425608451e-09
"PSMB5",0.0252300654776105,3.24714808670208e-09,4.91360076414341e-09
"HEIH",0.0252057720797975,3.36159618841877e-09,5.08450823935108e-09
"RABIF",0.0252034447536948,3.37276430614936e-09,5.10025933211269e-09
"LPCAT2",0.0251908034179195,3.43405999207911e-09,5.19062812574264e-09
"TMEM164",0.025187287720618,3.4512988653401e-09,5.21551891563801e-09
"NBPF9",0.0251738120643941,3.5181591222846e-09,5.31536845268518e-09
"ARHGEF11",0.0251734900961522,3.51977191046061e-09,5.31661704348172e-09
"TAF11",0.0251501093156345,3.63883365891601e-09,5.49400499507171e-09
"OSGIN2",0.0251435931864773,3.67270832823527e-09,5.54267433196399e-09
"COX17",0.0251291104052455,3.74910132416308e-09,5.65543820898407e-09
"RAB6A",0.0251116049124957,3.84350461900321e-09,5.79655024070504e-09
"TSTA3",0.0251033164093556,3.88900593472824e-09,5.86386465760428e-09
"GALNT10",0.0250764176555173,4.04031268330683e-09,6.09064750319676e-09
"SBNO1",0.0250644583889,4.10940984413397e-09,6.19342843428216e-09
"GLG1",0.0250574305055488,4.15054998807836e-09,6.25264448961627e-09
"MFSD14C",0.0250557151181424,4.16065229999617e-09,6.26646696375008e-09
"CPSF1",0.0250456987868069,4.22012035602117e-09,6.35461775658333e-09
"FCHSD2",0.0250422899269615,4.24054716923547e-09,6.38395444471188e-09
"STAG2",0.0250191483290888,4.38178403520447e-09,6.59511172351233e-09
"GOSR2",0.0250182308744819,4.38747673149423e-09,6.60221014503282e-09
"YDJC",0.0250087511885672,4.44672003381119e-09,6.68838134562791e-09
"HIST1H1D",0.0249818753305414,4.61894436232796e-09,6.94588141318935e-09
"IST1",0.0249754193306868,4.66127240622149e-09,7.00797481397899e-09
"HARS",0.0249565061629039,4.78745863227527e-09,7.19608888679705e-09
"DLGAP4",0.0249551341273696,4.79674088610167e-09,7.20843857100097e-09
"MTIF3",0.0249401717936123,4.89910940941145e-09,7.36063971489574e-09
"UVSSA",0.0249323393138973,4.95354172301206e-09,7.44076773812143e-09
"SMC4",0.0249265178843744,4.99437886975075e-09,7.50044325597175e-09
"TMEM181",0.0249008878399222,5.17810232960671e-09,7.77290183180972e-09
"RCN2",0.0248776240411877,5.35054511570335e-09,8.02997458984913e-09
"MILR1",0.0248610885600054,5.47649793217378e-09,8.21717765633087e-09
"AC005261.1",0.0248424787990459,5.62170167709254e-09,8.43317617901546e-09
"YLPM1",0.0248243339595818,5.76688057366578e-09,8.64904160571303e-09
"ANTXR2",0.0248057580734083,5.91928451198405e-09,8.8756448404356e-09
"ZNHIT3",0.0247974425814809,5.98877088643149e-09,8.97784478118921e-09
"NOL9",0.0247910214279928,6.04296996020593e-09,9.05507976528197e-09
"MRPL2",0.024772996326082,6.19767659796174e-09,9.28484189648113e-09
"SNHG25",0.0247298437561644,6.58386436095396e-09,9.86121110864194e-09
"CLPB",0.0247241710508485,6.63634029784487e-09,9.93760725442506e-09
"ZFPL1",0.0247125143348041,6.74545179007261e-09,1.00987598655184e-08
"VGLL4",0.0247004203209176,6.86050019831082e-09,1.0268727438738e-08
"KLHDC7B",0.0246849520541391,7.01043138861836e-09,1.04908204113432e-08
"AC025159.1",0.0246745059084455,7.11348155994674e-09,1.06426751110422e-08
"MBTPS1",0.0246679320706975,7.17908541498153e-09,1.07384505510376e-08
"UBXN7",0.0246674231085414,7.18418908951918e-09,1.07437076828664e-08
"ABCC1",0.0246476134266144,7.38559736760466e-09,1.10424643525818e-08
"CPNE2",0.0246460582309293,7.40163970508416e-09,1.10640031054773e-08
"APH1B",0.0246422732513482,7.44082468673105e-09,1.11201184144537e-08
"DCTN2",0.0246344527170671,7.52242883255374e-09,1.12395892457228e-08
"KMT2B",0.0246095278156439,7.788358932058e-09,1.16343558859134e-08
"IMPDH1",0.0245779838593665,8.13803944672699e-09,1.21540279874798e-08
"SDR39U1",0.0245745984902873,8.17646268006498e-09,1.2208715587438e-08
"CCAR1",0.0245661539613272,8.27307664092173e-09,1.2350247553383e-08
"AP5Z1",0.0245521028837957,8.43630032667838e-09,1.25911316796187e-08
"DDIT4",0.0245485435804902,8.47814124260194e-09,1.26507863476565e-08
"INO80B",0.0245340906845303,8.65012281587661e-09,1.29045631858212e-08
"PECAM1",0.0245205738028098,8.81403259831733e-09,1.31461889250438e-08
"SEC16A",0.0245201409128609,8.81933153901356e-09,1.31511911193804e-08
"ATE1",0.0245074007614207,8.97667605588598e-09,1.337991772792e-08
"DUSP12",0.024505007362079,9.00653818081913e-09,1.34214689531669e-08
"PEF1",0.0244892957337316,9.20498158790473e-09,1.37141649439894e-08
"MCTS1",0.0244669831540443,9.49411790142707e-09,1.41418222365165e-08
"VPS13C",0.0244556143010238,9.64481636768117e-09,1.43631285158353e-08
"TTLL3",0.0244480526895528,9.74633318808182e-09,1.45111118001808e-08
"TRADD",0.0244459881960375,9.77422961456824e-09,1.4549442189365e-08
"DUSP22",0.024444002670859,9.80113218833962e-09,1.45862766289598e-08
"CLK3",0.0244401069566934,9.85412587848833e-09,1.46619157272138e-08
"MDP1",0.0244355976702052,9.91581383043532e-09,1.47504548531514e-08
"JOSD2",0.0244258331615959,1.00506834124758e-08,1.49477937861305e-08
"EMC6",0.0244250172473619,1.00620333740333e-08,1.49613828110488e-08
"SPTLC1",0.0244191950533162,1.01433867274316e-08,1.50790320281805e-08
"CLIP4",0.0244129435970361,1.02314498549503e-08,1.52066019936952e-08
"MAN2C1",0.0243895598965075,1.05674876962919e-08,1.57025899592593e-08
"EMC8",0.0243822972629246,1.06740218586583e-08,1.58574075557874e-08
"MPND",0.0243594865951814,1.10154587405855e-08,1.63610537225612e-08
"POLDIP3",0.0243258396167436,1.15385458686874e-08,1.71304586337716e-08
"POLR2H",0.0243189012836824,1.16493746703494e-08,1.72890928711896e-08
"OCEL1",0.0243188304568173,1.16505113328117e-08,1.72890928711896e-08
"NFU1",0.0242892328440295,1.21350616111728e-08,1.80042026669167e-08
"IBTK",0.0242864610070775,1.21814300655706e-08,1.80690321793161e-08
"SGTB",0.0242697567917945,1.24645316543575e-08,1.84808549375243e-08
"AP1S1",0.0242613235873481,1.26098749327336e-08,1.8692252668321e-08
"SMIM12",0.0242592036481846,1.26466695321172e-08,1.87426858190803e-08
"KCNK6",0.0242584011621669,1.26606250329936e-08,1.87592561578062e-08
"INSR",0.0242540420480151,1.27366932639132e-08,1.88678315419187e-08
"RC3H2",0.0242531100208703,1.27530150246832e-08,1.88878717594486e-08
"HERPUD2",0.0242398602527192,1.29872559416081e-08,1.92305820020176e-08
"PRKAA1",0.0242361644805188,1.3053335127779e-08,1.93241950512183e-08
"PI4K2B",0.0242046510394207,1.36302110609469e-08,2.01693711934914e-08
"RAD54L2",0.0242006499314763,1.37052028818509e-08,2.02759029943532e-08
"DMAC1",0.0241750299457337,1.41949801637758e-08,2.09867178848214e-08
"QSOX1",0.0241619813125682,1.44509238754004e-08,2.13604495674643e-08
"MED1",0.0241495100627463,1.46997288290301e-08,2.1723468112147e-08
"NUMA1",0.0241334459914244,1.50263498519013e-08,2.22013005569722e-08
"SH2D3C",0.0241307048473401,1.50827834581981e-08,2.22798118769669e-08
"RNF220",0.024128192834167,1.51346805401703e-08,2.23515891507408e-08
"LPCAT3",0.0241279807656396,1.51390697129063e-08,2.23531885409389e-08
"TMEM30A",0.0241127227674968,1.54581293691882e-08,2.28143227821615e-08
"SLC2A4RG",0.0240959704491839,1.58159588622263e-08,2.33373413067464e-08
"CLN3",0.0240870693701148,1.6009345550141e-08,2.3617539878792e-08
"VBP1",0.0240742737380707,1.62913750021795e-08,2.40283565422635e-08
"HDHD5",0.0240627705005641,1.65490331171097e-08,2.44030562496791e-08
"FBXO21",0.0240434020910553,1.6991828780414e-08,2.50505351906626e-08
"CTBP2",0.0240267797636545,1.7381000579526e-08,2.56186930277251e-08
"UCKL1",0.0240215800402244,1.75045070390982e-08,2.57951116153755e-08
"KPNA1",0.0240177037817415,1.75971319231222e-08,2.59259553131901e-08
"TOMM70",0.0240090547958533,1.78055221721288e-08,2.62272626156346e-08
"TMEM170B",0.0239930583712127,1.81972753249265e-08,2.67984705885053e-08
"WDR81",0.0239924970925778,1.8211171950349e-08,2.68130952866528e-08
"UNC50",0.0239623256044808,1.89735419027554e-08,2.79294833016611e-08
"SPPL2B",0.0239618552724865,1.8985668096754e-08,2.79412498916313e-08
"SEC24A",0.0239540239589959,1.91886857825808e-08,2.82338856531075e-08
"ATRN",0.0239525627185334,1.92267993716841e-08,2.82838099547337e-08
"ABRAXAS1",0.0239508033367252,1.92727869257206e-08,2.83452931052419e-08
"PWP1",0.0239404704103684,1.95450370190177e-08,2.87394509103042e-08
"APIP",0.0239369818721397,1.96377927025287e-08,2.88695621791252e-08
"HCFC1R1",0.0239343734632342,1.97074259940428e-08,2.89656319882007e-08
"CNOT11",0.0239315751007672,1.97823967636924e-08,2.90695032643608e-08
"INTS10",0.023926096958684,1.99299637805337e-08,2.92799837288545e-08
"EPS15",0.0239109913506996,2.03424277604366e-08,2.98794599366309e-08
"SNRNP27",0.023903373151738,2.05535771099482e-08,3.01830440574196e-08
"PPP4R3B",0.023873808277154,2.13933444491167e-08,3.14094249338714e-08
"MAN2B2",0.0238551791898948,2.19394946590443e-08,3.22042821080761e-08
"FUCA1",0.0238514020831923,2.20518669569289e-08,3.23622037108305e-08
"EMG1",0.02384074759621,2.23718665237084e-08,3.28175720474708e-08
"UBE4A",0.0238269481231543,2.27930289533734e-08,3.34281277123118e-08
"STX12",0.0238037694291225,2.35178258825673e-08,3.44761536843099e-08
"OLIG1",0.0237931586090666,2.38570433683723e-08,3.49658509025722e-08
"UACA",0.0237911694274475,2.39211619624294e-08,3.50522271408724e-08
"GLYR1",0.0237683260931804,2.46695802012762e-08,3.61410686328989e-08
"PPIE",0.0237669279077108,2.47161197593249e-08,3.62014050460995e-08
"RHBDD2",0.0237665024917475,2.47302969190232e-08,3.62143247713917e-08
"BLCAP",0.0237657355992183,2.47558738633331e-08,3.624392879818e-08
"RTCA",0.0237603859508348,2.49350076766336e-08,3.649828683735e-08
"ZNF652",0.0237541063306313,2.51468870084386e-08,3.68004552086696e-08
"MPST",0.0237379184646574,2.57011675795793e-08,3.76034611567919e-08
"SYNJ1",0.0237329287619167,2.58743950890966e-08,3.78487202936785e-08
"GPS1",0.0237227494750046,2.62313098522377e-08,3.83625104717671e-08
"SMIM14",0.0236762128076912,2.79247852833503e-08,4.08303359214385e-08
"RPS28",0.023647994852758,2.9002804812424e-08,4.23882324549932e-08
"LPIN2",0.0236422681867071,2.92264588969072e-08,4.27058760756407e-08
"ATP10D",0.0236248137286435,2.99185113648172e-08,4.37076610495958e-08
"CHST15",0.0235999597708128,3.09314497636916e-08,4.51679334454253e-08
"NKG7",0.0235976813732527,3.10259545776998e-08,4.52961517814357e-08
"SENP6",0.0235829797471628,3.16425275542252e-08,4.61664067315746e-08
"PPP5C",0.0235811274133269,3.1721050890972e-08,4.62709870709518e-08
"SNAPIN",0.0235807381928664,3.17375745731041e-08,4.62851039018026e-08
"MTMR6",0.0235240377692297,3.42360354980102e-08,4.99072522643482e-08
"ARSG",0.0234946092966713,3.56069424196028e-08,5.18944896958256e-08
"ELP4",0.0234711461407079,3.67379637904375e-08,5.35313304282647e-08
"MYCBP2",0.0234623182180286,3.71724630864183e-08,5.41527737399858e-08
"ASCL2",0.023456548796901,3.74591151418474e-08,5.45586121227984e-08
"SCO2",0.0234510750532792,3.77330575392667e-08,5.49457682582343e-08
"CREB3L2",0.0234157377930616,3.95489008144288e-08,5.75775448764757e-08
"GMPS",0.0233800281731697,4.14698456085371e-08,6.03481760997243e-08
"RBSN",0.0233574485674637,4.27308433634373e-08,6.21698368797503e-08
"ARMC8",0.0233076318916832,4.56458154019065e-08,6.63965916377561e-08
"BAZ1A",0.0232900882792713,4.67175497574322e-08,6.79409236201331e-08
"TLR1",0.0232869059095747,4.69145561974062e-08,6.82127557958416e-08
"VAV3",0.0232561434942019,4.88609107048177e-08,7.10274386745372e-08
"PTBP2",0.0232274094901912,5.07494755489607e-08,7.37410711769876e-08
"GGCX",0.0232189396710396,5.13195332469364e-08,7.45533657676272e-08
"DHX38",0.0232170295516566,5.14489480620111e-08,7.47253142529016e-08
"BUB3",0.023177879872993,5.4172177962564e-08,7.86467887491723e-08
"SHISA5",0.0231665114573678,5.49887880730486e-08,7.98151988325208e-08
"SLC30A5",0.0231261757682132,5.79835225910373e-08,8.41439356595843e-08
"MTMR9",0.0230873384847665,6.10160032388424e-08,8.85255789480286e-08
"CSRP1",0.0230469941091574,6.43287189048276e-08,9.32718139643018e-08
"SNHG30",0.0230445884721599,6.45316581658102e-08,9.35259465935784e-08
"TXNRD1",0.0230130617382969,6.72492584116984e-08,9.74436854096642e-08
"BRD7",0.0230033505154148,6.81084704568178e-08,9.86675313388783e-08
"ZNF609",0.0229786981336667,7.03376537996456e-08,1.01853261370615e-07
"PXK",0.0229655921220964,7.15513678851942e-08,1.0358860776698e-07
"SDF2",0.0229628133783719,7.18112942273246e-08,1.0392761680311e-07
"WWP1",0.0229627602416862,7.18162735844004e-08,1.0392761680311e-07
"ATP6V1C1",0.0229576095396619,7.23005285335885e-08,1.0460600757877e-07
"DENND6B",0.0229505983046686,7.29647910931627e-08,1.05544491352348e-07
"RPRD2",0.0229445724134833,7.35404196175982e-08,1.06354390809536e-07
"ZC3H14",0.0229436507413598,7.36288500627454e-08,1.06459507115958e-07
"UTP3",0.0229200283044196,7.59307917578503e-08,1.09764396637765e-07
"NKAPD1",0.0229039623742272,7.75360320768746e-08,1.12060947599775e-07
"GTF2F2",0.0228933578541704,7.86135448450982e-08,1.13569695875579e-07
"ATG12",0.0228817916513956,7.98053053572218e-08,1.15266752728087e-07
"KIF2A",0.0228567221603454,8.24487787426648e-08,1.19008580930648e-07
"ZNF362",0.0228442599572671,8.37942219589745e-08,1.20924809960433e-07
"CCDC14",0.0228357106142451,8.47294941274833e-08,1.22248422918462e-07
"DARS",0.0228329114119356,8.50379089650776e-08,1.22667229040514e-07
"STX17",0.0228127127349151,8.72958348338696e-08,1.25897427327601e-07
"BANP",0.0228118761530497,8.73905938355551e-08,1.26007209409722e-07
"ELF2",0.022806726965847,8.79760350730376e-08,1.26824301306782e-07
"DIP2B",0.022799740525394,8.87764387168745e-08,1.27950863816838e-07
"DENND6A",0.0227574158462891,9.3778240133269e-08,1.35131006296043e-07
"RBM28",0.0227534223670239,9.42640192373023e-08,1.35802052858172e-07
"ATXN7L3B",0.0227248526396555,9.78110770751197e-08,1.4088212443649e-07
"YTHDC2",0.0227241251931381,9.79030585732883e-08,1.40984574869862e-07
"PIK3CA",0.0227148040842533,9.90890954356926e-08,1.42631759472156e-07
"RMDN1",0.0227115258791191,9.95095173412922e-08,1.43206438217215e-07
"PSMG3",0.0227060424643928,1.00216614398099e-07,1.44193345381048e-07
"ILK",0.0227030642539712,1.00602695967731e-07,1.44718048391028e-07
"RBM33",0.0226928350748659,1.01939754675153e-07,1.46610227900172e-07
"STIMATE",0.0226768800074227,1.04059645861531e-07,1.49595421150289e-07
"CXXC1",0.0226418415932308,1.08865863193977e-07,1.56438278651324e-07
"IL16",0.0225970673277827,1.15320976035201e-07,1.65643747391968e-07
"NBEAL1",0.0225515187725866,1.22267139317901e-07,1.75583714725643e-07
"TAF3",0.0225137339770179,1.28334954159788e-07,1.84258361663692e-07
"KLHL36",0.0225042618691285,1.2990114821781e-07,1.86467444395035e-07
"IVD",0.0225011486124737,1.30419944582497e-07,1.87132692131211e-07
"ARHGAP35",0.0224999291768387,1.30623698444015e-07,1.87385280114574e-07
"ANP32E",0.0224973237731313,1.31060064189784e-07,1.87971381838593e-07
"ST3GAL2",0.0224889111912056,1.3247869353716e-07,1.89965736374282e-07
"CASP8",0.0224725384080449,1.35282374252841e-07,1.93944896591064e-07
"LHPP",0.0224606445078849,1.37354992040766e-07,1.96874517953703e-07
"PTPA",0.0224557916465579,1.38209439771774e-07,1.98057232364765e-07
"WBP1L",0.0224549596185996,1.38356451070167e-07,1.98225888045221e-07
"DIS3",0.0224425799681264,1.40561764947341e-07,2.01342816273088e-07
"FAM98B",0.0223948127648503,1.49394083581592e-07,2.13903727042598e-07
"PRKCE",0.022390611358995,1.50196122907434e-07,2.15006560867491e-07
"ZBTB24",0.0223526516406556,1.57633841344962e-07,2.25558180176357e-07
"TCF20",0.0223408031015769,1.60027472184003e-07,2.2893477347356e-07
"ACVR1B",0.0223360051600927,1.61006712447827e-07,2.30286943697855e-07
"NUP88",0.0223314934897612,1.61932810114017e-07,2.31562548473111e-07
"POGLUT1",0.0223250546206246,1.63263424308624e-07,2.33415946659041e-07
"C18orf21",0.0223224266428646,1.6380953743832e-07,2.34147205628009e-07
"CDK5RAP1",0.0223152089400575,1.65318531961758e-07,2.36254194587496e-07
"STN1",0.0223098574378854,1.66446030581515e-07,2.37815218250554e-07
"BRCC3",0.0223038772854564,1.67714775003775e-07,2.39577349207801e-07
"PHF20",0.0223028639039411,1.67930697693065e-07,2.39835117681203e-07
"CHERP",0.0223001935475262,1.68500962512465e-07,2.40598734434377e-07
"PTPRJ",0.0222985338262637,1.68856345352636e-07,2.41055268354977e-07
"ERICH1",0.0222925622898219,1.70140986633827e-07,2.42837916536057e-07
"MVB12A",0.022288115679136,1.71103707111143e-07,2.44160439801274e-07
"IP6K2",0.0222774127359172,1.73442608883729e-07,2.47445764647161e-07
"TRMT1",0.0222730053363665,1.74414711368181e-07,2.48780139991619e-07
"SUN2",0.022255104108592,1.78417455675189e-07,2.54435861172738e-07
"CCDC93",0.0222384920258538,1.8221128610351e-07,2.5979133389832e-07
"DBNL",0.0222273314991048,1.84803772273486e-07,2.63432069226447e-07
"GALNT2",0.022225528445442,1.85225936421257e-07,2.63978194802724e-07
"SNRNP70",0.0222214627548362,1.86181294585533e-07,2.65283821431568e-07
"FBXO6",0.0221985792309182,1.91647973759341e-07,2.73015581666015e-07
"API5",0.0221942940262696,1.9268877682505e-07,2.74440450835088e-07
"ACADM",0.0221908704216634,1.93524235982875e-07,2.7557231665548e-07
"SLC22A18",0.0221890924436393,1.93959494554398e-07,2.76133952975845e-07
"RPS6KA5",0.0221862349463349,1.94661008275842e-07,2.77074331990099e-07
"VPS37A",0.0221659696543484,1.99706965858126e-07,2.84136952055301e-07
"ZNF316",0.0221086192411586,2.14681541566887e-07,3.05313820474068e-07
"PGAM1",0.0220880186375359,2.20320892842291e-07,3.13268045532435e-07
"BCL2L13",0.0220873478762689,2.205068970443e-07,3.13466596071597e-07
"NEXN",0.0220839890087767,2.21440606183026e-07,3.14727756654076e-07
"USP38",0.0220487278661954,2.31476040522928e-07,3.28921712899435e-07
"PIH1D1",0.0220444186456732,2.32732180183303e-07,3.3063716541696e-07
"CYB561D2",0.022031120057489,2.36650386223392e-07,3.36133038079066e-07
"SIK3",0.0219983125761881,2.46591033411308e-07,3.50161635075789e-07
"REPIN1",0.0219981844586656,2.46630632484973e-07,3.50161635075789e-07
"TNPO1",0.0219973212187565,2.46897606292703e-07,3.50467082961362e-07
"TLK1",0.0219868774990634,2.50149732159554e-07,3.55008887307042e-07
"SNX4",0.0219805396090639,2.5214345600638e-07,3.57704128628726e-07
"MAD1L1",0.0219805040260164,2.52154692655599e-07,3.57704128628726e-07
"COPG1",0.0219717246796622,2.5494192539197e-07,3.61582202134488e-07
"CCDC69",0.0219616704512485,2.58170462923958e-07,3.6608441691042e-07
"CDC34",0.0219475566508295,2.62769285248157e-07,3.72527393072508e-07
"DCAF5",0.021936489873776,2.66430514939056e-07,3.77638723585526e-07
"C3orf38",0.0219349360851635,2.66948483941448e-07,3.78293586235199e-07
"PPP3CA",0.0218825788094103,2.84982098313036e-07,4.03679858934514e-07
"LENG1",0.0218437983848092,2.9909203757101e-07,4.23577977800083e-07
"ANKRD17",0.0218371633266103,3.01572776304948e-07,4.2700178860686e-07
"NAA60",0.0218305511442736,3.04064720828238e-07,4.3044002879391e-07
"RNF2",0.0217858537012147,3.21438972258141e-07,4.54861908892258e-07
"AGPS",0.0217858235778025,3.21450998474665e-07,4.54861908892258e-07
"ATR",0.0217584232830821,3.32571862895369e-07,4.70499762510062e-07
"TADA2B",0.0217547712286163,3.34081870485437e-07,4.72537139404192e-07
"KATNBL1",0.0217524179210443,3.35058391886785e-07,4.73819240231448e-07
"ELOA",0.0217422380615851,3.39314427051817e-07,4.79737524319811e-07
"UPF1",0.0217162526239791,3.50416480705171e-07,4.95226970327689e-07
"PRKRIP1",0.0216701001350419,3.71004866401442e-07,5.2388552667923e-07
"GALC",0.0216635346895614,3.74026896789877e-07,5.28042566129956e-07
"GYPC",0.0216545254120244,3.78212497171886e-07,5.33840228262865e-07
"ADAM8",0.0216162740304721,3.96492476308605e-07,5.59408520935409e-07
"TOR4A",0.0216129687501488,3.98111454685854e-07,5.61575536225967e-07
"SUZ12",0.0216082359124143,4.00440783738949e-07,5.6474345825178e-07
"MCM5",0.0216080182226557,4.00548238379275e-07,5.6477719284302e-07
"BRI3BP",0.0216016385489191,4.03709716785465e-07,5.69116220847901e-07
"DDI2",0.0215756158276174,4.1685661397066e-07,5.87527114249663e-07
"MTIF2",0.0215661659049576,4.21732267076465e-07,5.94275084973735e-07
"CHMP1A",0.0215533320420144,4.2844202641029e-07,6.03604196824332e-07
"PDHX",0.0215495989449673,4.3041300987737e-07,6.06254658287688e-07
"IMP3",0.0215286172865624,4.41654598606187e-07,6.21700341698195e-07
"CDIPT",0.0215236808501514,4.44340319961297e-07,6.25350729237787e-07
"AC245297.3",0.021517869145516,4.47522435066957e-07,6.29698061079645e-07
"TFPT",0.0215156220741591,4.48758669963751e-07,6.31306152231569e-07
"ARAP2",0.0215151172794388,4.49036837493348e-07,6.31566061637721e-07
"UBE3C",0.0215132871218311,4.50046742599293e-07,6.328548308473e-07
"ETFRF1",0.021503337234767,4.55575671283135e-07,6.40363225269287e-07
"THAP11",0.0214832430043762,4.66942037642016e-07,6.56203516212361e-07
"CHPT1",0.0214819645875621,4.6767435868814e-07,6.57096080442751e-07
"PXN",0.0214764162420336,4.70865498287631e-07,6.61442267592493e-07
"PIK3CG",0.0214632141840816,4.78543347118768e-07,6.7208798709389e-07
"MLH1",0.0214298259773983,4.985033997029e-07,6.99830042647696e-07
"CLCN7",0.0214249381248622,5.0149198949594e-07,7.03879456296876e-07
"PITRM1",0.0214227110215311,5.02859434776367e-07,7.05652270345167e-07
"IQGAP2",0.0214133924911729,5.08620127153157e-07,7.13588022345403e-07
"DLG1",0.021383050037409,5.27822072461914e-07,7.40220915145198e-07
"TCAIM",0.0213810904041211,5.29085949170958e-07,7.41839506915149e-07
"HSD17B4",0.0213599842601849,5.42884769494611e-07,7.61029219687553e-07
"EIF1AD",0.0213525946298757,5.47797486170785e-07,7.67756800165977e-07
"NSD1",0.0213250974721975,5.66457160128561e-07,7.93744426866156e-07
"PTPN6",0.021320219128393,5.69830999004599e-07,7.98306544606318e-07
"ATP6V1D",0.0213087883003412,5.77812551523434e-07,8.0932062582348e-07
"AC015871.7",0.0212927404938687,5.8919998104178e-07,8.25099642051259e-07
"C12orf49",0.0212497182319899,6.20805856233056e-07,8.68999667493104e-07
"MZT1",0.0212486094603611,6.21641623569836e-07,8.69989446689228e-07
"MED24",0.0212483134270574,6.21864950231087e-07,8.7012188090074e-07
"MRPL10",0.021240389419472,6.27871617150329e-07,8.78344714163744e-07
"MTREX",0.0212324346886357,6.33957797890908e-07,8.86675356131657e-07
"MTMR12",0.0211920873272366,6.65713616319257e-07,9.3089757185822e-07
"CD93",0.021170421448092,6.83392962326972e-07,9.55421798654396e-07
"C1orf174",0.021144589125695,7.05063746420076e-07,9.85514986468087e-07
"GPR108",0.0211291575013087,7.18323675340831e-07,1.00384174637854e-06
"RABAC1",0.021121568138295,7.24932804272164e-07,1.01286850375782e-06
"SNAPC5",0.0211168330054742,7.29085989420132e-07,1.01825043884931e-06
"UGGT1",0.0211022039754137,7.42062423943432e-07,1.03615944822006e-06
"RABGAP1L",0.0210474147846302,7.92667948895205e-07,1.10613581062549e-06
"GALT",0.0210346754349316,8.04902221506626e-07,1.12297645885396e-06
"SLC2A6",0.0210260864276498,8.13253127692222e-07,1.13439331469509e-06
"GPN3",0.0210191698430977,8.20038567638459e-07,1.14362226811131e-06
"MT-ATP8",0.0209973425355557,8.41811427293948e-07,1.17374449575879e-06
"ZNF506",0.0209914935411922,8.47739759081532e-07,1.18176670332995e-06
"CSNK1G1",0.0209901842017191,8.49072355597432e-07,1.18338037439584e-06
"PRPF6",0.020977317172626,8.62275705023846e-07,1.20153463348438e-06
"SIAH2",0.0209516054880226,8.89254204726062e-07,1.23887238371171e-06
"ENTPD4",0.020947999308963,8.93102446365806e-07,1.24397726408719e-06
"FAM214B",0.0209311011588659,9.11349502468683e-07,1.26913161404547e-06
"FDFT1",0.0209222898728347,9.21006003204348e-07,1.28231498922253e-06
"TRERF1",0.0209089472818923,9.35816237538547e-07,1.30239884355663e-06
"GLTP",0.0209068491426609,9.38165929182162e-07,1.30540025667845e-06
"CBWD2",0.0209021380314731,9.43462582893299e-07,1.31250010760115e-06
"TMEM199",0.0208987535071504,9.47285526600358e-07,1.31754730412364e-06
"PYGB",0.0208726024396914,9.77331047472958e-07,1.35905701603551e-06
"ITPRIPL2",0.0208467250798407,1.00796394207733e-06,1.40136627850809e-06
"C6orf89",0.0208290518551751,1.02941390896511e-06,1.43059967903661e-06
"BABAM1",0.0208076933614215,1.05592332127218e-06,1.46713883582434e-06
"RIPK1",0.0208024937272946,1.06247568314629e-06,1.47593961244136e-06
"GNB2",0.0207854554192965,1.08422197301385e-06,1.50583910426185e-06
"UTP18",0.0207678453933315,1.1071478373639e-06,1.53704856846351e-06
"MFSD11",0.0207470896606072,1.13476811939929e-06,1.57507026385929e-06
"CTDSPL2",0.0207402842028844,1.14396781325777e-06,1.58751362591046e-06
"HPS5",0.0207335496296106,1.15314230728216e-06,1.59991691761435e-06
"SNX14",0.0207327812061971,1.15419361738086e-06,1.60104699366269e-06
"SNX19",0.0207255936740964,1.1640719191232e-06,1.61441851183425e-06
"HMBOX1",0.0206892264689594,1.21531379423396e-06,1.68444783985563e-06
"ADH5",0.0206883871186253,1.21652169660253e-06,1.68577642769618e-06
"NDRG3",0.0206427106143761,1.28402459850155e-06,1.77895293247315e-06
"TMEM218",0.0206345443621253,1.29646675752609e-06,1.79582293538904e-06
"BMF",0.0206269033056602,1.30821368269805e-06,1.81172320948822e-06
"GOLGA2",0.020613874221292,1.32848033875482e-06,1.83941338732774e-06
"RFXANK",0.0205940726080441,1.35986090773766e-06,1.88247739500703e-06
"LINC00877",0.0205719809413179,1.39571187931753e-06,1.93171095518235e-06
"ZRANB1",0.020565429355758,1.40651756029221e-06,1.94626795438715e-06
"PSMG4",0.020539780808374,1.4495993804589e-06,2.00506166351936e-06
"AL096870.8",0.0205344181764769,1.45876600075972e-06,2.01732806936724e-06
"POC1B",0.0205257042935266,1.47378006308687e-06,2.03767423446427e-06
"ZNF654",0.0205170630250016,1.48881567345159e-06,2.05762117093341e-06
"MXI1",0.0204881053846493,1.54028401092786e-06,2.12831804575583e-06
"APOL3",0.0204860032147401,1.54408619970986e-06,2.13313583903522e-06
"EXOSC9",0.0204743335440347,1.56535772148557e-06,2.161638797991e-06
"SYT11",0.0204650060768691,1.58256215189574e-06,2.18495052255811e-06
"RUFY2",0.0204519902303925,1.6068738325177e-06,2.21806328739326e-06
"HK1",0.0204464080307238,1.61741019931912e-06,2.23215153247532e-06
"CD33",0.0204271157665053,1.65433797073694e-06,2.28218302798459e-06
"POU2F1",0.0204033171696612,1.70100863290559e-06,2.34560868184269e-06
"R3HCC1",0.0203979204524519,1.71176661475484e-06,2.35948095460907e-06
"KSR1",0.0203726306813431,1.76305721597041e-06,2.42968402714553e-06
"METAP1",0.0203665579245982,1.77559160114458e-06,2.44645910237182e-06
"BCKDHA",0.0203634837495239,1.78196941001102e-06,2.45474636941412e-06
"DNAJC19",0.0203594551111335,1.79036072077978e-06,2.46580338830558e-06
"PCNT",0.0203582768390409,1.79282212928143e-06,2.46869051243824e-06
"ERO1B",0.0203552662086803,1.79912610896791e-06,2.47686654912075e-06
"LARP4",0.0203424996631648,1.82609552309047e-06,2.51348367907465e-06
"FAM118A",0.0203286932569876,1.85569875995286e-06,2.55319074400514e-06
"USP5",0.0203212001796145,1.87195764202242e-06,2.57503674826319e-06
"ZSWIM8",0.0203199560777481,1.87467037585608e-06,2.57824377769792e-06
"KAT8",0.0203053679297361,1.90676260733007e-06,2.62184705880793e-06
"MTMR10",0.0202865212869923,1.94900510575679e-06,2.67884194348885e-06
"DRG2",0.0202815256556446,1.9603520775336e-06,2.69389032443185e-06
"ALDH3B1",0.020268542256342,1.99013986795919e-06,2.73426857290634e-06
"PSMD5",0.0202242704087628,2.09501652004372e-06,2.87777462251434e-06
"PIGC",0.0202076491019861,2.13574538651148e-06,2.93312503721392e-06
"HPS3",0.0201926318947708,2.17319658640417e-06,2.98395250216868e-06
"TNRC6A",0.0201893108861759,2.18156354849587e-06,2.9948327210925e-06
"MSH6",0.0201373711070974,2.31651569385682e-06,3.17880304570041e-06
"MRPS34",0.0201323744972637,2.32991270379362e-06,3.19653810680777e-06
"FAM234A",0.0201249269348093,2.35001941663103e-06,3.22346952238636e-06
"NCK1",0.0201080948775857,2.39607767368963e-06,3.28597994965833e-06
"HDAC8",0.0200997348762468,2.41927438233754e-06,3.31711906286435e-06
"RWDD3",0.0200855090347307,2.45924358329219e-06,3.37123801026734e-06
"PHF8",0.0200812248281403,2.47140425311083e-06,3.38722160050321e-06
"PPP2R3C",0.0200796541535802,2.47587703838218e-06,3.39266409738588e-06
"VCPKMT",0.0200737852010404,2.49265882574562e-06,3.41427599693399e-06
"TTC37",0.0200351367942452,2.60592878079264e-06,3.56797984749677e-06
"YIPF5",0.020021100008446,2.64827762531896e-06,3.62449494428775e-06
"RNF216",0.0200190707462429,2.65445426848984e-06,3.63221317734463e-06
"SAMHD1",0.0200165081301864,2.6622740832242e-06,3.64143942477823e-06
"COMMD8",0.0200153148061374,2.665923047847e-06,3.64569290584416e-06
"TBC1D20",0.0200125317511835,2.67445177575802e-06,3.65661647237613e-06
"PAG1",0.0200027879008353,2.70451880519288e-06,3.69697768740579e-06
"RBMS1",0.0199714635588195,2.80339110301223e-06,3.83058351808118e-06
"MRPL17",0.0199490807430709,2.87615513044516e-06,3.92921495997974e-06
"MARCH8",0.0199418631374739,2.9000026808101e-06,3.96099356059739e-06
"PAXBP1",0.0199399269634503,2.90643215701726e-06,3.96897350304862e-06
"NREP",0.0199269196436942,2.9499816198424e-06,4.02681722829688e-06
"NFYB",0.0199261694053927,2.95251247519089e-06,4.02945838610529e-06
"KPNA6",0.019914297367015,2.99283999588019e-06,4.08367128398506e-06
"TSEN15",0.0199114333156834,3.00264756935549e-06,4.09622683946983e-06
"STK25",0.0198850100755859,3.09459674965176e-06,4.21996140064452e-06
"DCAF7",0.0198776233728221,3.12078070622945e-06,4.25395128121317e-06
"ABCB7",0.0198696880956471,3.14914594912653e-06,4.29175080871689e-06
"PPP1R12C",0.0198272300319765,3.30516619272527e-06,4.50347211386851e-06
"DHX29",0.0198238988305601,3.31771606732574e-06,4.51966115881309e-06
"FAM117B",0.0198095849701161,3.37216367116626e-06,4.59290865849216e-06
"ZNF431",0.0198052495118415,3.38882342412296e-06,4.61466972215415e-06
"TMA16",0.0198002684028619,3.40806163604671e-06,4.63993248516145e-06
"BX284668.5",0.0197695856751501,3.52889511839228e-06,4.80154153661707e-06
"MCFD2",0.0197117085740056,3.76809671064194e-06,5.12391429216616e-06
"SDAD1",0.019699311799713,3.82131537874836e-06,5.19523693459032e-06
"RMND5B",0.0196973799550203,3.82967329494415e-06,5.20555310557245e-06
"TGFBR1",0.0196886269781713,3.86776214841325e-06,5.25626932370291e-06
"STRN3",0.0196757957395756,3.92425462083792e-06,5.33089923477701e-06
"FBXO28",0.0196371739402802,4.09910853264452e-06,5.56731072503206e-06
"CTDP1",0.0196330393166729,4.11826374485018e-06,5.59220349044628e-06
"RENBP",0.0196222615991465,4.16859968265772e-06,5.65941816354394e-06
"GPALPP1",0.0196213999683809,4.17264916838842e-06,5.66377856403817e-06
"GTF3C2",0.0195998644390534,4.27509487640256e-06,5.80166930135642e-06
"SPTAN1",0.0195874631122765,4.33517761955353e-06,5.88084588398905e-06
"AP2A1",0.0195807016093936,4.3682761314869e-06,5.92455665496147e-06
"SF3B3",0.0195740166439396,4.40123791702524e-06,5.96806449197907e-06
"HSDL2",0.0195697575326447,4.42236259203742e-06,5.99550701519251e-06
"ACTR10",0.0195571802643712,4.48531279056048e-06,6.07963106996379e-06
"DDX52",0.0195552764955483,4.49491578591887e-06,6.09142626349919e-06
"NUP210",0.0195528327893882,4.50727120494965e-06,6.10694601536365e-06
"AKAP9",0.0195368781824216,4.58874120582593e-06,6.21608481117794e-06
"SECISBP2L",0.0195326712326141,4.61045731306562e-06,6.24425118061632e-06
"EEA1",0.0195233535439665,4.65890587397617e-06,6.30734133238944e-06
"CEP95",0.0194886434368387,4.84371328870513e-06,6.55622533432139e-06
"DDX56",0.0194838113541788,4.86999095776547e-06,6.5904741524124e-06
"LYSMD2",0.0194744128686165,4.92149303977214e-06,6.65883819129466e-06
"DDX28",0.0194628822326568,4.98539166763048e-06,6.7439441906462e-06
"ZNF330",0.0194620181679364,4.9902118681607e-06,6.74911431098909e-06
"DOP1B",0.0194583735418413,5.01059263946702e-06,6.77532336708731e-06
"TM2D1",0.019452164749362,5.04549593195467e-06,6.82115536811548e-06
"PREP",0.0194477792610334,5.07028953056028e-06,6.85330418155099e-06
"KIAA0100",0.0194277228481165,5.18517407238633e-06,7.00578775048041e-06
"ZNF721",0.0194220042567464,5.21838455417744e-06,7.04925034381492e-06
"ORMDL1",0.0194122814148898,5.2753175726942e-06,7.12473474010896e-06
"ASH1L",0.0193886011276476,5.4164784835844e-06,7.31392271370365e-06
"BTK",0.0193668249747631,5.54947465406127e-06,7.49201240736985e-06
"SMC3",0.0193622901406396,5.57756137811348e-06,7.52842732629772e-06
"SLC25A46",0.0193555892030528,5.61931319465032e-06,7.5832687642776e-06
"AGO3",0.0193449621329417,5.68614180280626e-06,7.67192271577991e-06
"MBD5",0.0193400989661392,5.71697705188275e-06,7.71044920163161e-06
"USPL1",0.0193354210295321,5.746788815858e-06,7.74756514137905e-06
"PIGX",0.019325558724542,5.81012802612405e-06,7.83139465403204e-06
"STAT1",0.0193180019598166,5.85911179569212e-06,7.89584509680575e-06
"RNF217",0.0193175863655524,5.86181715729245e-06,7.89791666011444e-06
"GPR107",0.0193135554711071,5.88811886289997e-06,7.93019355220452e-06
"KDM1A",0.0192973025104031,5.99532026802662e-06,8.07296561085999e-06
"RTF1",0.0192852539009809,6.07599347918565e-06,8.17833802762775e-06
"MRPL58",0.0192778709336786,6.12593940021065e-06,8.24392441975004e-06
"NOL11",0.0192703012928922,6.17755595534792e-06,8.31173250031986e-06
"VPS26B",0.0192384046119591,6.39966342636417e-06,8.60885881926943e-06
"AP1AR",0.0192312627849258,6.45043095951427e-06,8.67542544604655e-06
"CEP164",0.0192267863974351,6.48244746326903e-06,8.71675165058909e-06
"STAU2",0.0192192347975323,6.53680369409143e-06,8.7880950041265e-06
"TTC7A",0.019217979486047,6.54588155716474e-06,8.79854974313933e-06
"CCDC18-AS1",0.0192071454829161,6.62473112359589e-06,8.90276428674852e-06
"DCTN1",0.0191982036652533,6.69049305599026e-06,8.98935285205687e-06
"HACD4",0.019193087936153,6.72839665551906e-06,9.03687361510264e-06
"ARL14EP",0.0191930693816013,6.72853450353893e-06,9.03687361510264e-06
"BBIP1",0.0191636179351955,6.9507783856843e-06,9.33350797728133e-06
"SHOC2",0.019162296630924,6.96091187642832e-06,9.34525917325891e-06
"DDX1",0.0191611956159188,6.96936669212648e-06,9.35475247279474e-06
"NPTN",0.0191490952160704,7.06293650239666e-06,9.47846639394676e-06
"GBGT1",0.0191272491448732,7.23491835839031e-06,9.70541329783272e-06
"ZNRD1",0.0191131668949106,7.34789506307002e-06,9.85501260095545e-06
"NF1",0.0190982979974406,7.46901298417787e-06,1.00154694141267e-05
"HELZ2",0.0190975504527133,7.47515240358312e-06,1.00217143368284e-05
"UTP6",0.019083759909435,7.58928042920361e-06,1.0172705190691e-05
"PTOV1",0.0190706639918515,7.69920074268407e-06,1.03179972688379e-05
"TAF8",0.0190467466747556,7.9038903761294e-06,1.05881123108799e-05
"CDK5",0.019040916529535,7.95456900671744e-06,1.06538908586404e-05
"FAM172A",0.0189986471545249,8.33139723742485e-06,1.11563827930738e-05
"HECTD1",0.0189963710836434,8.35216493382283e-06,1.11819776470448e-05
"NADSYN1",0.0189027848446242,9.25024052031371e-06,1.23794291682187e-05
"FAM98C",0.0188877402006558,9.40295733616141e-06,1.25813169502844e-05
"XPO7",0.0188563489176381,9.72939973030501e-06,1.30155266277389e-05
"IQCE",0.0188503393974033,9.79311595093619e-06,1.30981715023303e-05
"RNF38",0.0188483227643129,9.81458656876079e-06,1.31242918891202e-05
"RPS6KA4",0.0188354874446988,9.9522986261321e-06,1.33058119460706e-05
"CCNG1",0.0188321347055754,9.98857352892603e-06,1.33516697566368e-05
"THADA",0.0188248932043506,1.00673542324796e-05,1.34543154706058e-05
"CAMTA2",0.0188220771762834,1.00981499269236e-05,1.3492804675085e-05
"AMDHD2",0.0187885193651172,1.04721270293345e-05,1.39869717197413e-05
"HIRA",0.0187721618450623,1.06591790792877e-05,1.42311828110316e-05
"CDH23",0.0187691156821541,1.06943632111689e-05,1.42753385332108e-05
"SUGT1",0.0187611532895895,1.07868558531194e-05,1.43959598150297e-05
"NCOA6",0.0187285831243004,1.11732101826717e-05,1.48998173658863e-05
"IMMT",0.0187232577551917,1.12376242631274e-05,1.4982760331888e-05
"RPS6KA3",0.0186907414388001,1.16386891552957e-05,1.55144277166708e-05
"MLXIP",0.0186636296918175,1.19835021936671e-05,1.59709162884651e-05
"BAP1",0.0186578357040618,1.20584453358785e-05,1.60676288758129e-05
"CCDC32",0.0186366323171903,1.23365351090027e-05,1.64349386939837e-05
"FAM122B",0.0186209390295015,1.25462878138812e-05,1.67110819364954e-05
"MAPK3",0.0186087122601676,1.2712061837534e-05,1.69285503414551e-05
"DCTN5",0.0185855271270916,1.30321684151243e-05,1.73514160406962e-05
"GATAD2B",0.018572804318206,1.32110794677748e-05,1.75861603232182e-05
"SLC39A3",0.0185699840881151,1.32510542400611e-05,1.76359011254041e-05
"KLHL6",0.0185684176889037,1.32733066596777e-05,1.76620402137533e-05
"STX18",0.0185303100418501,1.38257803010266e-05,1.83935656464464e-05
"KAT6A",0.0185283256862008,1.38551415795369e-05,1.84290010268048e-05
"ARL2",0.0185056002039958,1.41956650476942e-05,1.88782241124037e-05
"FBXW11",0.0184978601465932,1.43134550235967e-05,1.90311247619543e-05
"RNF40",0.0184652717426776,1.48196948032071e-05,1.96964726881232e-05
"STRN",0.0184616471340949,1.48770442602506e-05,1.9768808223969e-05
"SIGIRR",0.0184556046120165,1.49731212609322e-05,1.98925668785936e-05
"ARL16",0.0184529787168445,1.50150575349456e-05,1.99443622777539e-05
"MRPL16",0.0184404848860169,1.52161261278468e-05,2.02035013256819e-05
"TERF1",0.018416497045803,1.56093907037396e-05,2.07175285724349e-05
"TRAPPC9",0.0184098277252153,1.57204395854804e-05,2.0860822774766e-05
"HSD17B11",0.018382109230161,1.61900932519114e-05,2.14798313336289e-05
"WDR70",0.0183810950548465,1.62075282249697e-05,2.14987440315911e-05
"CDK5RAP2",0.0183530726077581,1.66964095335608e-05,2.21428844363289e-05
"ZBTB33",0.0183510475248139,1.6732278477968e-05,2.2186102135623e-05
"ST8SIA4",0.0183401618991699,1.69263500692564e-05,2.24390299643613e-05
"HIPK2",0.0183309214999003,1.70927716203191e-05,2.26552105322441e-05
"ACTN4",0.0183087285886684,1.74988634839372e-05,2.31889094501959e-05
"PPP3CB",0.0183036508245316,1.759306157256e-05,2.33091689774796e-05
"MIR29B2CHG",0.018287961318238,1.78871813377415e-05,2.36849261700882e-05
"MARCH7",0.0182815809216238,1.80081248652576e-05,2.38404018433535e-05
"SETD1B",0.0182785484472829,1.80658796448595e-05,2.3910235273697e-05
"TICAM2",0.0182784400517725,1.80679473470372e-05,2.3910235273697e-05
"PPP2CB",0.0182716797337359,1.81973504593751e-05,2.40767683866605e-05
"WDTC1",0.0182591005907369,1.84404884237201e-05,2.43936885605109e-05
"ZNF581",0.0182256947913067,1.91012891763684e-05,2.52579339177443e-05
"SLC49A4",0.0182108791981917,1.94015211329937e-05,2.56449040821447e-05
"OSBPL2",0.0182052100924099,1.95175877826576e-05,2.5793278146706e-05
"GM2A",0.0181949372468581,1.97295960187407e-05,2.6068360109968e-05
"ZSCAN16-AS1",0.0181805218609411,2.00307976992284e-05,2.64611612435489e-05
"TRAPPC4",0.0181788400777815,2.00662215100206e-05,2.65027785952822e-05
"ZYG11B",0.018143324473314,2.08283750879613e-05,2.75040320253333e-05
"MMADHC",0.0181401967416731,2.0896799818285e-05,2.75889989399385e-05
"NR2C1",0.0181084805152824,2.16028442366379e-05,2.85155856860423e-05
"ATP6V0A1",0.0181055114193019,2.1670090194031e-05,2.85987663091633e-05
"TNKS",0.0181019601130683,2.1750784113434e-05,2.86996587413988e-05
"ZNF621",0.0180671769517456,2.25564045196848e-05,2.97568489673345e-05
"POLR3C",0.0180580567860954,2.27722916696437e-05,3.00299325099397e-05
"EXOC4",0.0180513963858999,2.29311935453372e-05,3.02276856229332e-05
"ITFG1",0.0180478451993688,2.30163474197864e-05,3.0334020449352e-05
"C1GALT1C1",0.0180395759450483,2.32158034872535e-05,3.05849663634686e-05
"RAD50",0.0180338690313851,2.33544134462741e-05,3.07615798383517e-05
"TPCN2",0.0180035297247442,2.41046163905231e-05,3.17435355310336e-05
"THOC2",0.0179977385677266,2.42503967369795e-05,3.19292954895264e-05
"ARHGAP27",0.0179806039824416,2.46866525752182e-05,3.24973633296438e-05
"NIBAN1",0.0179730563060251,2.4881179991366e-05,3.27470620832442e-05
"ADCY7",0.0179628709141573,2.51460021937983e-05,3.30827244273731e-05
"HDAC10",0.0179505960575543,2.54687138754986e-05,3.35007732514097e-05
"ARSA",0.0179359445939099,2.58590653061313e-05,3.4007613408822e-05
"PDCD7",0.0179035911237691,2.67412939696504e-05,3.51541684870321e-05
"STAT6",0.0178921660764148,2.70596196058372e-05,3.55657247579832e-05
"SLC30A7",0.017868687078104,2.77251399158738e-05,3.64192094368026e-05
"SCAP",0.0178410855752734,2.85274161245199e-05,3.74657848519578e-05
"SLFN11",0.0178231944331055,2.90591836123873e-05,3.81493476511361e-05
"DRG1",0.0178152713262459,2.92976754621939e-05,3.84549764705675e-05
"CCZ1",0.0178121232752387,2.93929497924094e-05,3.85725414492391e-05
"ZNF292",0.0177999819241445,2.97631675359787e-05,3.90508006424902e-05
"CC2D1B",0.0177919845842688,3.00094412627016e-05,3.936628490049e-05
"TEP1",0.0177593979147648,3.10330972079638e-05,4.07012163381268e-05
"MARS",0.0177550105454358,3.11734272495917e-05,4.08773354605294e-05
"LRRC40",0.0177306778927909,3.19627174815786e-05,4.18879497757226e-05
"SQOR",0.0177220416136356,3.22473943269937e-05,4.22528358613962e-05
"NEPRO",0.0177000976885384,3.29816054680235e-05,4.31897413459824e-05
"UCHL5",0.0176857252374542,3.34710628306821e-05,4.38222029043845e-05
"CCSAP",0.017609610534819,3.6180308246207e-05,4.73509609083635e-05
"P2RX7",0.0175642866503715,3.78911543871663e-05,4.95612487544266e-05
"UBTF",0.0175636727635788,3.79148455761899e-05,4.95826442825183e-05
"SURF2",0.0175623873228554,3.79644990060495e-05,4.96379767510927e-05
"HCG18",0.0175529083997775,3.83325570402734e-05,5.0109516270164e-05
"ZGPAT",0.0175512778999626,3.83962083071038e-05,5.01830203681285e-05
"ACSS1",0.0175488000468574,3.84931305634638e-05,5.02999721182023e-05
"ZBED5",0.0175479780314373,3.85253353047503e-05,5.0332326955636e-05
"COPB1",0.0175398474645798,3.88452533436582e-05,5.07306853112755e-05
"C1GALT1",0.0175316875729232,3.91688593406118e-05,5.11434256473303e-05
"SRP68",0.0175214665814468,3.9577815046492e-05,5.16674275978629e-05
"COP1",0.0175207922674977,3.96049372623339e-05,5.16928534422083e-05
"GUF1",0.0175193281790237,3.96638864819971e-05,5.17598024521873e-05
"RBMS2",0.0175083165546993,4.01099280487699e-05,5.23317683399717e-05
"BAK1",0.0174980662332001,4.0529406276683e-05,5.28688627892444e-05
"CIR1",0.0174943148054683,4.06839655046873e-05,5.30602412764642e-05
"LYSMD3",0.0174503889335514,4.2535832168932e-05,5.54540611828286e-05
"PTPN9",0.0174453848737782,4.27518005939654e-05,5.57248744584153e-05
"TOR1A",0.017432876281045,4.32962136438851e-05,5.64236122679851e-05
"CCDC85B",0.0174289601749744,4.34680021564026e-05,5.66365701636998e-05
"DAGLB",0.01741091661578,4.42679084944457e-05,5.76676935127066e-05
"RPS6KB1",0.017407999427116,4.43985370773708e-05,5.78155834322235e-05
"SNX20",0.0173679209487198,4.62306344660775e-05,6.01897399624783e-05
"MRPL30",0.0173419405130236,4.74563262245256e-05,6.17617365936511e-05
"ANGEL2",0.0173289347990054,4.80814145921026e-05,6.25632109424954e-05
"LMF2",0.017328576551864,4.80987428557183e-05,6.25737156912664e-05
"DCAF15",0.0173269795277107,4.81760622933526e-05,6.26622464727505e-05
"PEX16",0.0173231538370173,4.83617614509002e-05,6.28795902249108e-05
"TANGO2",0.0173197200221853,4.85290166403588e-05,6.30849224198165e-05
"ARHGAP26",0.0173018304228764,4.94092952590666e-05,6.41922070035645e-05
"ZNF407",0.017291602633282,4.99193439668652e-05,6.48423985706005e-05
"MTERF4",0.0172458767387896,5.22612942416142e-05,6.78583849371142e-05
"MAP3K7",0.0172391957907918,5.26120685973077e-05,6.83005221907594e-05
"BPTF",0.0172390070303054,5.26220115503129e-05,6.83005221907594e-05
"MYL6",0.0172374729322182,5.2702886187777e-05,6.83923634386872e-05
"MAD2L1BP",0.0172228451707661,5.34799712567203e-05,6.93874660653782e-05
"GMFG",0.0171951377774403,5.49817486200422e-05,7.13222567958759e-05
"SZT2",0.0171860232577869,5.54844393792641e-05,7.196053992772e-05
"AC008105.3",0.0171784555160358,5.5905126200515e-05,7.24922436213428e-05
"EAPP",0.0171626359161028,5.67943090221209e-05,7.36170098348464e-05
"MSL2",0.0171328179644961,5.85068473344851e-05,7.58222723458795e-05
"VPS18",0.0171305620007279,5.8638384979201e-05,7.59781757080065e-05
"BISPR",0.0171265839333756,5.88710152706411e-05,7.62649806945401e-05
"CPNE3",0.0170982450975214,6.05536859932659e-05,7.84297837165653e-05
"GTF3C3",0.017097381960001,6.06056441347051e-05,7.84820455841297e-05
"SEL1L",0.0170646575157057,6.26069826485366e-05,8.10581787986894e-05
"GTF2H5",0.0170576613884739,6.30428887313326e-05,8.16069252752326e-05
"AGPAT2",0.0170358576320871,6.44199132481783e-05,8.33734750135784e-05
"EIF4G3",0.0170330279853077,6.46006936682533e-05,8.35914430413514e-05
"PHKB",0.017025514695969,6.50830354913257e-05,8.41994647831712e-05
"EPM2AIP1",0.0169960207268557,6.70096566608172e-05,8.66422430070348e-05
"RFX7",0.0169951049550408,6.70703325023552e-05,8.6704114349603e-05
"BRWD3",0.0169850071211157,6.77428359679616e-05,8.75567413457061e-05
"ZCCHC7",0.0169824555616754,6.79137737609474e-05,8.77608991585942e-05
"SARS",0.0169633779169534,6.92048456432293e-05,8.93951015272972e-05
"WWC3",0.0169586206203687,6.95303921717272e-05,8.97902536756088e-05
"PTRH2",0.0169585197240955,6.95373122682277e-05,8.97902536756088e-05
"CPSF7",0.0169023743320627,7.34908475133698e-05,9.48590339896703e-05
"APTX",0.0168976307188603,7.38344383064015e-05,9.52843362072114e-05
"PARN",0.0168941876594948,7.4084777927543e-05,9.55891571694883e-05
"ARPC4",0.0168901707994731,7.43778522288198e-05,9.59489904443905e-05
"RASSF2",0.0168733028069164,7.56205700317401e-05,9.75335127784423e-05
"COPS7A",0.0168725230373869,7.56784902474353e-05,9.75895999547797e-05
"NAGLU",0.0168532176816582,7.71259128587136e-05,9.9437127543433e-05
"NAA35",0.0168493640425196,7.74179567521705e-05,9.97946245188608e-05
"ITGAV",0.016848561240772,7.74789276676974e-05,9.98541803204922e-05
"SEC24B",0.0168089351849787,8.05454953126442e-05,0.000103786562570762
"UNC93B1",0.0167555995562092,8.48544776304074e-05,0.000109318049401521
"CDK10",0.0167522411447272,8.51329675501861e-05,0.000109655933245725
"ZNF688",0.0167411461914977,8.6059147660325e-05,0.000110806683932862
"NOTCH2NLA",0.0167374096908658,8.63731989886954e-05,0.000111189870213741
"FAAP20",0.0167313330378633,8.68862526960937e-05,0.000111829041400779
"ZMAT5",0.0166750080323673,9.17807760067306e-05,0.000118083696780496
"HDGFL2",0.0166293755879783,9.59359100806458e-05,0.000123406143085092
"PPM1F",0.0165925885322604,9.94142730415943e-05,0.000127831856225603
"CES2",0.0165917332885525,9.94965385341643e-05,0.000127913309950463
"CORO1A",0.0165675230148441,0.000101852147830619,0.000130916800662132
"DISC1",0.0165657586216731,0.000102025861683921,0.000131115158875688
"RMND5A",0.0165620059568835,0.000102396261726324,0.000131566158405868
"RASGRP4",0.0165469234838306,0.000103897790144697,0.000133444711088202
"FAM76A",0.0165448007198177,0.000104110781507219,0.00013369287630965
"DEAF1",0.0165431092410528,0.000104280794003493,0.000133885766854846
"TERF2IP",0.0165238256111819,0.000106237624816979,0.000136320474736686
"NAP1L4",0.016517559397923,0.000106880920359975,0.00013711990560793
"PAXX",0.0165132298695431,0.000107327539114521,0.000137666759998724
"TOP2B",0.0164826740297094,0.000110530000505953,0.000141747597386333
"ITGAE",0.0164690226442922,0.000111989704228866,0.00014359233648613
"ZC3H13",0.0164554912543727,0.000113454508130062,0.000145442914195553
"IFT20",0.0164491874818736,0.000114143059082661,0.000146297862077321
"TAOK1",0.0164199004726815,0.000117394041882133,0.000150407640167728
"COA6",0.0164094888591467,0.000118570667543212,0.000151886374243967
"LPAR6",0.0164040901540222,0.000119185149297158,0.000152644590717577
"L3MBTL3",0.0163938982204528,0.00012035339086571,0.000154111605235429
"B3GAT3",0.0163916367656891,0.000120614067650327,0.000154416154399519
"TSHZ1",0.0163905464991955,0.00012073993223225,0.000154548027607391
"TMEM106B",0.0163821934976227,0.000121708351884881,0.000155728646308418
"LETMD1",0.0163705875076113,0.000123066073732746,0.000157436087891598
"MFSD14A",0.0163687323999055,0.000123284411780883,0.000157685567168094
"SETD2",0.016362667146599,0.000124000816926807,0.00015857187880502
"CCDC112",0.0163587852083906,0.000124461394660317,0.000159130765752345
"ATF2",0.0163414040155372,0.000126543454354542,0.000161762203609578
"SPOPL",0.0163297510683631,0.000127957673630914,0.000163539098566845
"C16orf54",0.0163128769695877,0.000130031962817487,0.000166158779173886
"POR",0.0162945782278606,0.000132317173544179,0.000169046940727928
"PLSCR3",0.0162526702860305,0.000137694153829775,0.000175850051764849
"NPL",0.0162510696883739,0.000137903543413761,0.000176084203403293
"SLC35A3",0.0162469660798159,0.000138441747023729,0.000176738038449288
"CRYBG1",0.0162243168528212,0.000141448050074292,0.000180541866443702
"NDST2",0.0162228109088862,0.000141650103174615,0.000180765637516717
"TBC1D2B",0.01622193921311,0.000141767183123307,0.000180846778320128
"SYVN1",0.0162115135901451,0.000143174560225186,0.000182607659249667
"VPS36",0.0161844589624033,0.000146888344090834,0.000187273636507284
"BRMS1",0.0161779768970928,0.000147791508227966,0.000188389590333574
"HERC3",0.0161708800435169,0.000148786327241952,0.000189621933738518
"AC027644.3",0.0161664960276149,0.000149404014097141,0.000190373264099278
"SDCCAG8",0.016163687611609,0.000149800974239305,0.000190843110388533
"ZNF44",0.0161531766324646,0.000151295495571763,0.000192690865482773
"TSPAN14",0.0161530865995826,0.000151308357469019,0.000192690865482773
"RBMXL1",0.0161400065896328,0.000153187915019438,0.000195011013640825
"NCK2",0.0161280669400535,0.00015492277284943,0.000197145278982683
"WDR46",0.0161190664513744,0.000156242770300135,0.000198787611968237
"ACBD5",0.0161146676885655,0.000156891729826294,0.000199575726313372
"CEP104",0.0160875398887146,0.000160950358548281,0.00020470003275864
"ENOX2",0.0160808579364177,0.000161965110926152,0.000205951874171848
"COA5",0.0160557427848527,0.000165833303324435,0.000210830944674033
"GXYLT1",0.0160526209933117,0.00016632014406674,0.00021141013236233
"UBE2W",0.0160491739685022,0.00016685926647616,0.000212055545234083
"RFFL",0.0160424013131673,0.000167923316550501,0.00021336770216086
"DENND1C",0.0160217455682691,0.000171208089625848,0.000217418838084215
"CEP57",0.0160201476406231,0.000171464701949062,0.000217703821573259
"ZCCHC9",0.0160029895696078,0.000174243020401235,0.000221189834947944
"TM9SF2",0.0159912497777568,0.000176168318633307,0.000223591890797782
"RAB11FIP2",0.0159814809673992,0.000177785611090117,0.00022560219905786
"TNRC18",0.0159000890980693,0.000191813760904664,0.000243357635105354
"UBXN2A",0.0158911950704177,0.000193408191156429,0.000245334480376851
"MRPL44",0.0158809194007331,0.000195265813006435,0.000247644374739543
"CFAP298",0.0158738908587254,0.000196546064807896,0.000249174562941343
"ZNF264",0.0158663765141323,0.000197923526924153,0.000250826797663392
"NTPCR",0.0158577000890153,0.000199525292655349,0.00025276194559543
"C15orf61",0.0158528908886904,0.000200418363123325,0.000253845738680554
"ACTL6A",0.0158526595247371,0.000200461422040602,0.00025385272043763
"DIS3L",0.0158439712813716,0.000202084687823306,0.000255860407186025
"USO1",0.0158407171242781,0.000202695849860906,0.000256586152576219
"KDM4C",0.0158360707281888,0.000203571497840726,0.000257646367821256
"PPFIA1",0.0158043771531102,0.000209639842702418,0.000265276993545021
"ACSF3",0.0158022807407288,0.000210047173125933,0.000265742690401279
"UNC119",0.0157896454845647,0.000212517971002202,0.000268818335256481
"ZNF160",0.0157817070526416,0.000214084247494988,0.000270698395124069
"NT5DC1",0.0157817065136972,0.000214084354197367,0.000270698395124069
"CSNK1G3",0.01578109510834,0.000214205434852136,0.00027080084985701
"BMP2K",0.0157796591655181,0.000214490057026449,0.000271109978604566
"OARD1",0.0157723014514605,0.000215954029708793,0.000272909382217038
"CLCN5",0.0157689420882634,0.000216625561066192,0.000273706861963843
"MRPS18B",0.0157565829523342,0.000219113045670092,0.000276798075817543
"ZNF100",0.0157466962949697,0.000221122181916607,0.000279231802752742
"LCORL",0.015746276563553,0.000221207859967438,0.000279287832164304
"HECTD4",0.0157454521397046,0.000221376236953531,0.000279448233391117
"RPAP3",0.0157348813191053,0.000223545867478708,0.00028213433078655
"DNAJA2",0.0157215009211134,0.000226320782952312,0.00028552991482377
"ANPEP",0.0156944534969004,0.000232029074717583,0.000292622379064648
"ZBTB11",0.0156881338272222,0.000233382159992599,0.000294273924600888
"TAZ",0.0156727053829442,0.000236716665628973,0.000298367146964483
"ABRAXAS2",0.015663158611845,0.00023880231546139,0.000300939879745472
"MRPL38",0.01565645653753,0.000240276781103564,0.000302741579769138
"MED7",0.0156265201377594,0.000246967718379994,0.000311056025329199
"MLH3",0.0156219340222025,0.000248008045465412,0.000312308138459983
"ZDHHC17",0.0156112592770791,0.000250445473749759,0.000315318779892387
"TNRC6B",0.0156046057981656,0.000251976049008326,0.000317186756161849
"APEH",0.0155945994822902,0.000254294440919222,0.000320045553807681
"CHROMR",0.015590075544532,0.000255349157925393,0.000321313168943529
"KDM3B",0.0155805724361863,0.00025757809888811,0.000324057597056664
"GON4L",0.0155384837712574,0.000267671048265505,0.000336567594815526
"TXNDC15",0.0155250477178145,0.000270970323846104,0.000340652725831817
"CRIPT",0.0155185605118442,0.000272576891512988,0.000342608730901527
"SLTM",0.015513805003967,0.000273760267359717,0.000344032187289786
"NXF1",0.0154831560322952,0.000281503331378237,0.00035363136816207
"SLC35C2",0.0154573033456144,0.000288193742579057,0.000361968770866989
"IL10RB",0.0154477223441262,0.000290710822398979,0.00036506238303111
"KMT2D",0.0154402062071051,0.000292699828634687,0.000367491836842919
"CEP85L",0.0153953859826088,0.000304827806298392,0.000382576721437429
"TSC2",0.0153942145820174,0.000305150999165834,0.000382911266770639
"DR1",0.0153898753958299,0.000306350991193886,0.000384345713761712
"TSPAN32",0.0153729612182045,0.000311070877051011,0.000390194842252669
"PLPPR2",0.0153631037617443,0.000313852903256678,0.000393611478189279
"DENND3",0.0153568606089948,0.000315626909997352,0.000395762896604617
"MKLN1",0.0153542889928134,0.000316360366855076,0.000396609019155788
"EXOSC10",0.0152906358708115,0.000335031620667312,0.000419627415215208
"SART3",0.0152600702034645,0.000344359295070351,0.000431070763556868
"RBMX2",0.0152394748755965,0.00035078072808634,0.000438946604218349
"AREL1",0.0152256581293022,0.000355151246075998,0.000444333378001448
"NDE1",0.0151973059500847,0.000364279553748995,0.000455669576854201
"GBF1",0.0151958139852907,0.000364765932469183,0.000456193575550156
"STK16",0.0151832282938065,0.000368893083955425,0.000461269861406072
"CCDC149",0.0151598793801067,0.000376665612752986,0.000470901665647733
"PPCS",0.0151565087419813,0.000377800213321695,0.000472214548544732
"CA5B",0.0151563448836438,0.000377855451505251,0.000472214548544732
"SMARCA2",0.0151509628401029,0.000379673990492851,0.00047439952868641
"STARD3",0.0151133551231567,0.00039261137698231,0.000490474042826571
"RERE",0.0151025760732208,0.000396394726958296,0.000495108950483103
"ATXN7L1",0.0150941122658484,0.00039938929215954,0.000498757111985713
"LMO2",0.0150859225584114,0.000402306986360783,0.000502307947328764
"MOB2",0.0150748299150534,0.00040629064894146,0.000507188160541583
"MRPS23",0.0150628122466629,0.000410648079284819,0.000512533074403666
"MALSU1",0.0150583914532701,0.000412261946823582,0.000514452385100449
"SMAD5",0.0150529382299881,0.000414260876764072,0.000516851409448586
"SUSD1",0.0150185052030304,0.000427093131245797,0.000532664943802404
"BAZ1B",0.0150118161527014,0.000429628620310125,0.000535728347826771
"PRCC",0.0149972399919846,0.000435202480057777,0.000542578640544096
"ZNF22",0.0149696370681047,0.000445943130741776,0.000555866797003162
"INPP5K",0.0149277803799786,0.000462703053909893,0.000576545401305711
"MED23",0.0149244158478517,0.000464075461443957,0.000578148921102376
"TERF2",0.014917740038276,0.000466809804568939,0.000581448247732239
"JADE2",0.0149018816111225,0.000473365629773079,0.00058939687346147
"YIPF6",0.0148905531279168,0.000478101269228598,0.000595183701206877
"KIF13B",0.0148809282929559,0.000482159416084657,0.000600014690253703
"NDUFB7",0.0148660004269334,0.000488517096702952,0.000607814517999385
"SLC35F5",0.014812052326427,0.000512150847124992,0.000637102461345367
"IL4R",0.014809304182858,0.000513382834698589,0.000638517539624201
"SLC27A3",0.0147868474057786,0.00052355417433022,0.000651048330448155
"MBD1",0.0147660814740974,0.000533126509756372,0.000662829777944618
"BTN3A1",0.0147611200433175,0.000535437558834745,0.000665580683081764
"SRD5A1",0.0147450050229874,0.00054300853972731,0.000674867782554475
"VPS16",0.0147248110768605,0.000552636634710983,0.000686581456685219
"GABPB2",0.014707793313083,0.000560873604908276,0.000696686834977926
"C6orf120",0.0146845558157109,0.000572305819304294,0.000710756731138194
"RRAGD",0.0146813772996153,0.000573886324783071,0.000712588694556169
"RANBP3",0.0146734368751217,0.000577852447455104,0.000717381637393309
"ZNF333",0.0146703069558705,0.000579422795730869,0.000719199104449496
"VPS11",0.0146694637213658,0.000579846543639857,0.000719592966510476
"PRPSAP1",0.0146641091128592,0.000582544118132396,0.000722807998292004
"CPQ",0.0146309422787201,0.000599515113479142,0.000743455921172502
"MRPS30",0.0146117267806063,0.000609556790868092,0.000755769936376154
"VPS4B",0.014608901963631,0.000611046117552009,0.000757477594567132
"ASL",0.0146057674234158,0.00061270270249125,0.00075939192878888
"UBE3B",0.0146000842964266,0.000615716861568,0.000762987848434979
"NDUFB9",0.0145804075877361,0.0006262597064509,0.000775910184224763
"DHX8",0.0145545652540409,0.000640361324969409,0.000793236152092007
"CAP1",0.0145383940550193,0.000649335249609082,0.00080420509664902
"LINC00623",0.0145182314868925,0.00066068793203251,0.000818115587632197
"PIKFYVE",0.0145114860204659,0.000664527032362611,0.000822718781505881
"CLN5",0.0144733779652358,0.000686608182621644,0.000849745180798999
"FRYL",0.0144674468534995,0.000690105587792476,0.000853917254587286
"ITPR2",0.0144592270649487,0.000694979938910581,0.000859633985908239
"TFIP11",0.0144457445030052,0.000703044462328847,0.000869450084105603
"PIP5K1A",0.0144422356402736,0.000705157484600337,0.000871903758848368
"UBE2G1",0.0144352805351617,0.000709363271629157,0.000876943697108197
"TMEM19",0.0144031668402129,0.000729086564538326,0.000900996940750068
"PROSER1",0.0144029177697047,0.000729241507936894,0.000901023727185917
"FTSJ3",0.0143963832565663,0.000733317484493195,0.000905894301600309
"JADE1",0.0143781238892259,0.000744819422897348,0.000919934986885088
"AIFM1",0.0143506061616229,0.000762470246704363,0.000941563714697387
"PLD1",0.0143247874112115,0.000779383689870502,0.000962274128417542
"NKIRAS2",0.0142702618296,0.000816252980390181,0.00100705956212008
"CABIN1",0.0142668415387955,0.000818618823330863,0.00100979417342455
"DHRS7B",0.0142349892931153,0.000840958795069658,0.00103697290050446
"TYW5",0.0142292419414127,0.00084504950046121,0.00104182707378159
"CLK4",0.0142161484471819,0.000854437868313694,0.00105320955837172
"TUSC2",0.0142077798562668,0.000860488929672255,0.00106047496418413
"SIKE1",0.0142017302252309,0.000864887944310324,0.00106550790661117
"FEM1B",0.0141979115054661,0.000867675468353859,0.00106874728393887
"MARK2",0.014186540072701,0.000876025605595647,0.00107863943169408
"H6PD",0.0141801289093964,0.000880766156114444,0.0010840815549772
"EXOC7",0.0141438634906883,0.000908032313351456,0.00111743838197474
"TATDN3",0.0141419444550541,0.000909496707050245,0.00111903680370641
"SLC9A9",0.0141412306163392,0.00091004198728425,0.00111950398035459
"CEBPA",0.0140969699293303,0.00094444925479877,0.00116161932175632
"CHMP6",0.0140893996504823,0.000950453529256044,0.00116857907097656
"ZNF24",0.0140846192088807,0.000954263270992651,0.00117304981366933
"PRKCI",0.0140676103516618,0.000967933355822216,0.00118963777835194
"PAK1",0.0140468889606587,0.000984832221101589,0.00121018732222244
"GAPVD1",0.0140354972375038,0.000994238450205873,0.00122152392546646
"GANC",0.0140089943902635,0.00101644480295157,0.00124857981699774
"MRPS26",0.0140037359685854,0.00102090497528537,0.00125383079707619
"XPO6",0.0139735525134168,0.00104685878185113,0.00128518585896381
"EXOC5",0.0139288157142642,0.00108645123809046,0.00133312102009611
"LYPLA2",0.0138886263816151,0.00112319545118746,0.00137770762798956
"ZC3HAV1",0.0138746798837294,0.00113621263782791,0.00139342166594495
"TBC1D2",0.0138356569469006,0.00117337997266228,0.00143848086947773
"PPIL2",0.0138229870878936,0.00118568689442814,0.00145330476672021
"CATSPER1",0.0138222019362738,0.00118645346527303,0.00145398076467481
"MINK1",0.0138158341894622,0.00119268745488169,0.00146135554230792
"NLRP1",0.013810771156015,0.0011976657180004,0.00146692353612331
"PDK4",0.0137823958185717,0.00122592302053968,0.00150071800504595
"CKAP2",0.0137706707672182,0.00123777807062112,0.00151468190687229
"ELAC2",0.0137688079663233,0.00123967124146657,0.00151672407954315
"EDRF1",0.0137418860282086,0.00126733234901318,0.0015502865952014
"DCAF6",0.0137311212455135,0.00127855129864909,0.00156372744756992
"GPATCH2",0.0137133423759558,0.00129728118288623,0.00158634799737635
"TDRD3",0.0136729116119551,0.00134082118405269,0.00163929331381198
"ZNF414",0.0136683113563234,0.00134585972255418,0.00164515595447275
"RNF125",0.0136678517403998,0.00134636408629184,0.0016451775867376
"REV1",0.0136670174230283,0.00134728007764921,0.00164599938651722
"SBF1",0.0136591468364344,0.0013559494767132,0.00165629167336187
"TIPARP",0.0136506367320908,0.00136538117934145,0.00166721006926631
"CAMKK2",0.0136283710703418,0.00139034509962726,0.00169738591884795
"HCCS",0.0136218391726234,0.00139774801499754,0.00170580764068562
"PPM1L",0.0136170470088593,0.0014032023012318,0.00171184604089286
"TBL1X",0.0136138011963511,0.0014069077204109,0.00171605684605775
"AL121933.2",0.0135695659262688,0.00145831415819626,0.00177811758765824
"EXOC2",0.0135414286393766,0.0014919078126053,0.00181875022016307
"SNRNP35",0.0135052386441363,0.0015361640071926,0.00187139707539696
"MAPKAPK5",0.013505208939813,0.00153620082361383,0.00187139707539696
"HS1BP3",0.0134985138466239,0.00154451968499257,0.00188085331236218
"MRM2",0.0134709499067651,0.00157920758246033,0.00192240231635115
"NUB1",0.0134657758682999,0.00158579827435513,0.00193007779170388
"EPHB6",0.01345950211734,0.00159382374438295,0.0019394964607223
"METTL21A",0.0134553731866076,0.00159912591276721,0.00194559839773602
"R3HCC1L",0.0134415135041705,0.00161704278042883,0.00196704322390775
"TMEM101",0.0134148499823209,0.00165203223499487,0.00200852183794288
"KPNB1",0.0133897521872454,0.00168560219404584,0.00204896735597698
"PCMTD1",0.0133646278065245,0.00171983519129623,0.00209020415753259
"PRR14",0.0133537763625325,0.00173481749373195,0.00210803398186946
"WDR20",0.0133179840353161,0.00178508987728198,0.00216834219552704
"PHF14",0.0132652754187994,0.00186156350520075,0.00226042220881148
"MAX",0.0132428847587607,0.00189495119117159,0.0023001373435388
"FMC1",0.0132321823758389,0.00191110346698221,0.00231891072151234
"UAP1L1",0.0131952803218881,0.00196777130432239,0.00238724238085836
"USP1",0.0131944650396089,0.00196904051202882,0.00238835358841529
"TTC28-AS1",0.0131642066194683,0.00201668081555919,0.00244526165602505
"KIF13A",0.0131403306138762,0.0020550164167435,0.00249040437239699
"NCBP1",0.0131400886501818,0.00205540831567318,0.00249043290721619
"PTPN18",0.0131334007946755,0.00206626754292027,0.00250314188455186
"C4orf33",0.0131330630063795,0.00206681741136949,0.00250335946224814
"TNK2",0.0130828624795863,0.00215004475194421,0.00260323290972328
"TARS",0.0130745684148098,0.00216408759442967,0.0026192975699855
"CNOT10",0.0130457660842619,0.00221350888595538,0.00267863497009921
"SSH2",0.0130314567849253,0.00223844455636622,0.0027078410530671
"EDEM2",0.0130308315562481,0.00223953993859313,0.0027086814892358
"KIAA0930",0.0129949817654593,0.00230317535317781,0.0027851490901154
"HVCN1",0.0129813509099081,0.00232780236900488,0.00281442629056545
"ZNF641",0.0129661264947583,0.00235559341086501,0.00284751779918797
"MIA3",0.0129658383835432,0.00235612225324234,0.00284764793603351
"TMEM160",0.0129227394751485,0.0024364680305474,0.00294422883905826
"FBXL3",0.0128918487360272,0.00249558932251957,0.00301513213180036
"IPMK",0.0128863168547854,0.00250631423380529,0.0030275487823401
"HDDC3",0.0128594110809326,0.00255908142099572,0.00309073767190997
"GIMAP6",0.0128091610142539,0.00266036012925868,0.00321190979177106
"GRAMD4",0.0128040308226465,0.00267090345732812,0.00322348773205916
"TRNT1",0.0127822598654049,0.00271607231471008,0.00327741654823395
"TRIM41",0.0127545220271478,0.00277463168326031,0.00334748122957226
"FOXJ2",0.012742708719368,0.00279991995360457,0.00337738783342025
"DDX59",0.0127247270810651,0.00283881674888303,0.00342369604694937
"TFEB",0.0127090408061301,0.00287315059500666,0.00346386789815265
"MRPS14",0.0127071659979288,0.00287727940383241,0.00346822714375307
"COQ2",0.0127044136240181,0.00288335065039611,0.00347492580166276
"GBA2",0.01268356131696,0.00292972837665448,0.00353018954813062
"NUP160",0.0126796523398638,0.00293849775188517,0.00354012532082959
"ASB8",0.0126778726650344,0.00294249819312132,0.00354431325203871
"KAT2B",0.0126576786745997,0.00298824066491855,0.00359877006332639
"TRNAU1AP",0.0126271983800813,0.00305851267922817,0.00368274340592372
"ZFAND2B",0.0126214126389288,0.00307202061973039,0.00369834961004223
"SNRNP48",0.0126189676100302,0.00307774535155823,0.00370458186253965
"TRIM24",0.0125978586585223,0.00312757536167825,0.0037632206834502
"TAF12",0.0125762819918463,0.00317926856200777,0.00382405884144005
"FARSA",0.0125655701836024,0.003205220014283,0.00385390227931129
"FNDC3B",0.0125640419507801,0.00320893815153663,0.00385768684966913
"FAM199X",0.0125589129395441,0.00322144560678543,0.00387134620467051
"PBRM1",0.0125462848518406,0.00325242963623841,0.00390788639961043
"ZNF281",0.012488439729908,0.00339785671580373,0.00407972105408436
"MED17",0.0124752140826644,0.00343192771814906,0.00411843509094885
"GOLPH3",0.0124644094058386,0.00345999246355066,0.0041506403559379
"TNS3",0.0124616669045571,0.00346714916777031,0.00415848776357905
"HDAC2",0.0124579641819115,0.0034768329949204,0.00416936287312111
"CRKL",0.0124390058602283,0.00352680193662726,0.00422853482772423
"RFC2",0.0124103159913969,0.00360366399801836,0.00431915835678109
"POLR2B",0.0124019357796422,0.00362640090962731,0.00434563923253992
"ICE2",0.0123804155666958,0.00368538774914481,0.00441552381595996
"SEC24C",0.0123801847182399,0.00368602520592782,0.00441552381595996
"NMRAL1",0.0123708887975832,0.00371177807772632,0.00444558575438576
"L3MBTL2",0.0123424530172346,0.00379157355447299,0.00453954822061127
"SLMAP",0.0123376399885769,0.00380523293387831,0.00455428923100571
"ACTN1",0.0122832250953108,0.00396280283896644,0.00474119801703275
"PGRMC2",0.0122661665423669,0.00401340568633577,0.00480089098466315
"SEC23B",0.0122349791118418,0.00410743982784213,0.00491250675323556
"SNX13",0.012218019043319,0.00415941172899265,0.00497202664422194
"MTG1",0.0122008221239287,0.00421271791949527,0.00503485696547773
"RIN3",0.0121785844747355,0.00428256768009742,0.00511743373721079
"ASAP1",0.0121667875719918,0.00432004725164115,0.0051613075575801
"GOLGA7",0.0121541466325456,0.00436053823554368,0.00520876307606198
"COPS5",0.0121436194155953,0.00439452083257369,0.00524842878449579
"ELOVL5",0.0121322379190345,0.00443153099722394,0.00529076127003904
"VPS13D",0.0121219156167075,0.00446534090777404,0.0053301853597211
"RARS",0.0121068617527285,0.00451506776174729,0.00538669016008001
"ZNF335",0.0120497030044601,0.00470847956270411,0.00561347739789146
"RIF1",0.0120469757871629,0.00471789256469719,0.00562370797424501
"DBP",0.0120431968508426,0.00473096373356793,0.00563829469463296
"KLHDC10",0.0120321348022442,0.00476941549175599,0.00568211773387881
"DDB2",0.0120055154331172,0.0048631063942964,0.00579067670514934
"TRIP12",0.0120043439627611,0.00486726755314968,0.00579461101018576
"DUSP11",0.0119382666311444,0.00510725972765127,0.00607604839321665
"RAD21",0.0119369085266052,0.00511230261354098,0.00608097782726084
"TAPT1",0.0119366594541903,0.00511322795233192,0.006081008651841
"MRPS5",0.0119325254636286,0.00512860842737536,0.00609822750219571
"PCGF3",0.0119155808197799,0.00519208868981764,0.00617262381428821
"SIRPB1",0.0118979350123636,0.00525894957213731,0.00625101231667025
"PDCD6IP",0.0118897503908852,0.00529022476189194,0.00628708202059262
"RNF166",0.0118847723216344,0.0053093290947066,0.00630867733028319
"MBD3",0.0118758085842811,0.00534388639935683,0.00634639310487467
"ZBTB44",0.0118733456891436,0.00535341694178214,0.00635643826585346
"ROMO1",0.011827854286691,0.0055322349002953,0.00656431031254766
"CDC16",0.0117859859208116,0.00570155608059797,0.00676403240233776
"TDG",0.0117759820456715,0.00574269866529209,0.00681164660983154
"TBRG1",0.0117705913153885,0.00576497975935365,0.006836875662689
"ADNP",0.011747636205085,0.00586073360210785,0.00694921429039832
"CDK19",0.0117461223037968,0.00586709872426791,0.00695546955061826
"PDPR",0.011733390199677,0.0059208772773938,0.00701683633171946
"CUL1",0.0117312511551759,0.00592995575095437,0.00702636362288863
"RICTOR",0.0117150812388524,0.0059989905054877,0.00710691691039116
"G2E3",0.0117082162192121,0.00602851789421842,0.00714064637049943
"IREB2",0.0116927939674647,0.00609532909053018,0.0072172539371409
"KIAA0232",0.0116675141146063,0.00620628828240074,0.0073473498647017
"TMCC1",0.0116662685000808,0.00621180229368022,0.00735259021491106
"OGFR",0.0116596498004208,0.0062411756058698,0.00738606481205772
"TMEM33",0.0116536038365496,0.00626811637223415,0.0074166494211892
"PPIP5K2",0.0116503217579429,0.00628278508488936,0.00743140482136756
"NPEPL1",0.0116362309981088,0.00634611314236532,0.00750499754338498
"MDM2",0.0115655393422023,0.00667257507420981,0.00788693707635184
"THOC5",0.0115446260395855,0.006772007722294,0.00799887215416312
"CNOT6",0.0115188401102027,0.00689643937861591,0.00814442386704317
"FNTA",0.0115071452966333,0.00695354746595306,0.00820899850136348
"UBQLN2",0.0114883094419167,0.00704642006637302,0.00831718681367807
"AC004687.1",0.0114649056525341,0.00716336637722353,0.0084507974308861
"RANBP6",0.0114609307197256,0.00718340087836867,0.00847295417631727
"DDX55",0.011447617567709,0.00725086879654561,0.00855104202571863
"NFATC3",0.0114370247006634,0.00730495658738327,0.00861332603545488
"FCHO1",0.0114283335357838,0.00734960423052929,0.00866294878009215
"LY75",0.0114270482536645,0.00735622762945111,0.00866924437906902
"RIN1",0.011417637632313,0.00740488640999956,0.00872202735505349
"MTOR",0.0114105761167579,0.00744158823277205,0.00876220446565166
"SLC27A1",0.0114023536680821,0.00748452946380212,0.00881123170899636
"TRPM7",0.0113760510464868,0.00762338955929686,0.00897158169023605
"TNFRSF1A",0.0113748627679676,0.00762971703962244,0.00897746552469323
"MIER2",0.0113480948539606,0.00777350695360282,0.00914188215573294
"EXOSC8",0.0113448801979964,0.00779093750526966,0.00916078756054403
"AL138756.1",0.0113263009877666,0.0078923657221613,0.00927682278295073
"MFN1",0.0113113991660011,0.00797457125137197,0.00937181926482285
"PUDP",0.0112941815982688,0.00807050561907721,0.00948126646230774
"SCOC",0.0112742002111471,0.00818313395581384,0.00961191255650754
"MKRN1",0.0112381012820997,0.00839018271646354,0.00985340026854438
"ATP6V0A2",0.0111972591330707,0.00863007602346397,0.0101333699191803
"DEF8",0.011193164066077,0.00865446407814462,0.0101602416447883
"NSD3",0.0111806574367183,0.00872932874281917,0.0102463527135765
"OSTM1",0.0111260636042328,0.00906294801029613,0.0106268802458571
"SMC6",0.0111163615331866,0.00912341386609863,0.010695925290219
"TTF1",0.0111059139324883,0.0091889285081422,0.0107708643626126
"N4BP2L1",0.0111033397220239,0.00920513516108479,0.0107861211133612
"DUSP18",0.0110850242391658,0.00932118367999636,0.0109183165038904
"TTC21B",0.0110541821906823,0.00951955375581257,0.0111487446636149
"VPS41",0.0110512594190017,0.00953854635355431,0.011169052978244
"LMBRD1",0.0110472670930052,0.00956454366805816,0.0111956162984317
"PPM1A",0.0109986110965173,0.00988649759640994,0.0115684683712924
"KIF3B",0.0109949588003044,0.0099110497929175,0.01159457177818
"PYCR2",0.0109947826083477,0.00991223559797077,0.01159457177818
"GPAA1",0.0109537371995319,0.0101919474218232,0.0119176334346155
"KATNA1",0.0109462249148262,0.0102438953758232,0.0119763058336401
"YOD1",0.0109384959126073,0.0102975877993566,0.0120369970801262
"NRM",0.0109085473560671,0.0105080099030866,0.0122787167222206
"CBFA2T2",0.0108933160785062,0.0106164870070792,0.01240332964487
"GIMAP2",0.0108667924780982,0.0108077669520878,0.012620261202602
"WDR41",0.010865676482025,0.0108158819080577,0.0126275561354478
"ATPAF2",0.0108397546241802,0.0110059026876111,0.0128427525148323
"RAB14",0.0107857515940364,0.0114113261540832,0.0133060000820735
"ZNF146",0.0107855670565666,0.0114127339854968,0.0133060000820735
"SEPTIN1",0.0107766355863401,0.0114810565040791,0.0133810417210962
"ZMPSTE24",0.0107763737488801,0.0114830649313697,0.0133810758360894
"DYNLT1",0.010772145717546,0.0115155392926221,0.0134166054036563
"RSF1",0.0107694362377084,0.0115363928970523,0.0134385858678447
"MKNK2",0.0107671604487411,0.0115539344726817,0.0134567012867874
"SHROOM1",0.0107175691061539,0.0119421027907241,0.013904004988477
"CMC1",0.0107144844677923,0.0119666248788438,0.0139299176849032
"FAM241A",0.0107142513667227,0.0119684797857718,0.0139299176849032
"CYBA",0.0106936095773304,0.0121337513724327,0.014117414047327
"SMURF2",0.0106774687593759,0.0122643910709086,0.0142669559584331
"AC096667.1",0.010667360176551,0.0123468405605217,0.01436039721825
"TST",0.0106058700688706,0.0128590360171947,0.0149535504837037
"CPD",0.0105974945101969,0.0129302374072824,0.0150337635615884
"RAB3D",0.0105747038515532,0.0131257516385157,0.0152532153365426
"ATG7",0.0105725969571581,0.0131439573881709,0.0152691230071174
"GGPS1",0.0105680372022624,0.0131834348651839,0.0153123523661756
"ADGRE1",0.010547274509654,0.0133645227964328,0.0155173516446303
"BROX",0.0105469891351378,0.0133670270153768,0.0155175943768824
"C1orf50",0.0105409724282086,0.0134199214674988,0.0155763242990145
"CAB39",0.0105378599342942,0.0134473567458107,0.0156054890076255
"IDE",0.0105334223161594,0.0134865581226317,0.0156482957726296
"EPS15L1",0.0105311117090365,0.0135070096935597,0.015669336399821
"INO80E",0.0105237891406339,0.0135720041152201,0.0157393344464843
"TMEM250",0.0105181553135018,0.0136221973366071,0.0157948338523067
"STAMBP",0.0105114429509542,0.013682213521905,0.0158617019241426
"GRINA",0.0104875607097303,0.0138976459895893,0.0161086892740637
"IKBKE",0.010466432825666,0.0140907233082034,0.0163296846566272
"TSFM",0.0104649513972478,0.014104349738526,0.0163426749926606
"ZNF592",0.0104590283138619,0.0141589475296675,0.0164003159582117
"TGS1",0.0104495421749599,0.0142467773968973,0.0164963969824324
"RFC1",0.0104440824900631,0.0142975449250606,0.0165523461024546
"EYA3",0.0103579942067473,0.0151194081729381,0.0174948346153063
"SLC2A3",0.0103533718829725,0.0151646902632314,0.0175442284171299
"RPA1",0.0103378253353121,0.0153178678256568,0.0177184096440146
"STK11",0.01031433272517,0.0155519209855414,0.0179860653067474
"ZNF587",0.0103053820423028,0.0156419196954082,0.0180870564495733
"MTF2",0.0102889690497112,0.015808142613768,0.018276137519098
"ERLIN2",0.0102850299211594,0.0158482666392831,0.0183193931865606
"ANO6",0.0102603585139389,0.0161016130668122,0.0186090608452509
"KLHDC2",0.0102527654111498,0.0161802984503501,0.0186968035930297
"GALNS",0.0102481716682284,0.0162280661294985,0.0187487961554237
"NCOA4",0.0101916414172913,0.0168261160421648,0.0194264635520963
"ADAMTS2",0.0101904809415253,0.0168385930738863,0.0194375495599361
"TXNDC9",0.0101815659108013,0.0169347155173199,0.0195451709820075
"TRAPPC12",0.0101807878285327,0.0169431276551015,0.0195515422556991
"DOCK11",0.010165654928986,0.017107465882855,0.0197344440938377
"NUP107",0.0101390019904048,0.0174003103860678,0.0200688329103044
"OAS2",0.0101179686740066,0.0176345041924689,0.0203354737924752
"CTBS",0.0101116966947029,0.0177048717009267,0.0204131373755057
"ARFGAP2",0.0100657572453639,0.0182278261432474,0.0210125034193513
"MBOAT1",0.010058771099427,0.0183085267648615,0.0211019347864351
"CBLL1",0.0100563717841901,0.0183363145743889,0.0211303601222845
"TFAM",0.0100551431811411,0.0183505579997156,0.0211431701833805
"PPP1R8",0.0100427935997728,0.0184942678090545,0.0213014897201052
"FBXO38",0.0100017649013007,0.0189788065044003,0.0218521305817865
"PRPF18",0.00998884821392606,0.0191336294717366,0.0220266420668161
"RNGTT",0.00997510649535677,0.0192995524600916,0.0222138703068913
"PHC3",0.00996065987619685,0.0194753411572606,0.0224123883513599
"ATP11C",0.00995726708472169,0.0195168274316468,0.0224563087585711
"YIPF4",0.00993280019108757,0.0198182952965598,0.0227954226777885
"SCAMP3",0.00992654112051602,0.019896066227472,0.0228809838006359
"HIF1AN",0.00992262873011621,0.0199448141176138,0.0229331442600658
"NSUN6",0.00992217016304062,0.0199505346260586,0.022935821222034
"FBXO22",0.00991579817795901,0.0200301718734092,0.0230234600537436
"GORASP1",0.00989766910064833,0.0202582690996767,0.0232816857696608
"LRRC57",0.00984378107959044,0.0209497108589688,0.0240640494593082
"GNG2",0.00981699547358011,0.0213009873507685,0.0244633897534476
"FIP1L1",0.00980300673040643,0.0214864718572286,0.0246722208265494
"RNF14",0.00979739254194358,0.0215613080137406,0.0247539486298014
"C15orf40",0.00979677520334822,0.0215695508609794,0.0247592077030699
"RARS2",0.00977091656611241,0.0219172943486209,0.0251498348762774
"EMC2",0.00976728015546741,0.021966585437081,0.0252021184693882
"PML",0.00972400043653234,0.0225606814593175,0.0258793293767299
"TRAK2",0.00971780671317005,0.0226468341914704,0.0259737482559002
"RBM14",0.00970338389378928,0.0228485598263478,0.0262006636678999
"MRPL35",0.00969539888569836,0.0229609125715056,0.0263250347457944
"UQCR11",0.0096895936127605,0.0230428964054875,0.0264145511355546
"USP39",0.00965089490597926,0.0235959349255429,0.0270439254164428
"C2orf49",0.00964807527711348,0.0236366763353306,0.0270860285937576
"HK2",0.00961681259866106,0.0240925030119889,0.027599019461887
"TTC32",0.00961317034421892,0.0241461015493964,0.0276557331145976
"SMARCAD1",0.00954548456318604,0.0251611260057457,0.0288085305545887
"DIAPH2",0.00953732856931866,0.0252858930601759,0.0289464820487384
"FAM219B",0.00951198762009433,0.0256769707712342,0.0293792518842976
"SUMF1",0.00949612050946072,0.0259244965002763,0.0296574485344109
"PIGS",0.00948493584328496,0.0261002137176218,0.0298534165022569
"MCM3AP",0.0094648169215376,0.0264188852987378,0.0302128016753664
"ERCC6L2",0.00944920702143829,0.0266684473409294,0.0304930445580964
"PDXK",0.00943360857386305,0.0269198574573691,0.0307701024969185
"GRK3",0.0094211386644321,0.0271223121592517,0.0309910347319082
"SLC36A4",0.00941043475861105,0.0272971417836887,0.0311802628145834
"TMEM87B",0.00938823297742024,0.0276628714708593,0.0315926814213648
"KLHL9",0.00934078826795924,0.0284586146899524,0.0324850065707865
"TRIM38",0.0093243708043678,0.0287385231099731,0.0327989795318245
"HOMER3",0.00931208113016708,0.0289496035415609,0.0330287326264754
"RBM41",0.00929242455519052,0.0292899878651975,0.0334114405190822
"SGK3",0.00927440597720148,0.0296050270411534,0.0337651126560793
"GAK",0.009262321214046,0.0298179475095589,0.0340018445545342
"CCDC174",0.00926205513946081,0.0298226502304966,0.0340018445545342
"ATP13A2",0.00925128960763168,0.0300134606230468,0.0342078569238738
"CCDC144A",0.0092223573635763,0.0305314687503031,0.0347923917446147
"REEP4",0.00921240122641954,0.030711492306972,0.0349916413022308
"CWF19L2",0.00916015077193226,0.0316712827550574,0.0360669601999231
"AKAP11",0.00915691926331778,0.0317314778928782,0.0361294243909986
"STYX",0.00912089562706158,0.032409179701151,0.0368886302962091
"PLRG1",0.0091187400629667,0.0324501219201272,0.0369290143581855
"PPID",0.00911370198407538,0.0325459866966507,0.037031877491763
"GTF2H1",0.00909795918481512,0.0328471060953081,0.0373682120663601
"CYB5R4",0.00907387185970082,0.0333124506151115,0.037884857629734
"STK26",0.0090692359684553,0.0334026560251883,0.0379746691418023
"GATC",0.009067604407424,0.0334344527002958,0.0380044274893578
"SLC4A2",0.00906065441144607,0.0335701879251673,0.0381523013215761
"PTPRA",0.00905200987279963,0.0337396754912669,0.038338478318732
"RUBCN",0.00903956268357168,0.033985004104286,0.0386107566373849
"NKAP",0.00903370338325267,0.0341010152035533,0.0387360490240632
"APOL2",0.00897400286948134,0.0353024735876615,0.0400873402630466
"RBM12",0.0089684262662224,0.0354165240341111,0.0402086728216908
"RASA1",0.00896338378917281,0.0355199212646036,0.0403139479049832
"SMAD2",0.00896159298540092,0.0355567040555507,0.0403489218059043
"MAP3K4",0.00895282533517018,0.0357372593818129,0.0405470063232819
"WDR73",0.00894734617688008,0.0358504902077543,0.0406686517272863
"PHAX",0.00891575226311489,0.0365093869073541,0.0414022081316036
"KYAT3",0.00888619303846622,0.037135165033265,0.0420977281673213
"MLLT10",0.00886688996172813,0.0375487272247089,0.0425594207487438
"SCO1",0.00886264277617822,0.0376402459644832,0.0426560011675948
"GCNT1",0.00885020607650326,0.0379093253480635,0.0429537369998755
"SPECC1L",0.00882785584675578,0.0383970057816639,0.0434917333037074
"RAD17",0.00882158456302182,0.0385347990856339,0.0436404985959751
"ARMCX3",0.0088119941325844,0.0387463336717051,0.0438653653640989
"CPSF3",0.00878027265156672,0.0394530513394586,0.0446430259591765
"SPIDR",0.00877671062359321,0.0395330882928153,0.0447186230462981
"ATP13A1",0.00877352830305395,0.0396047099375612,0.044792145180303
"C1orf35",0.00874198437719509,0.0403206160296074,0.0455941938411399
"DHRS1",0.00872643675655074,0.0406774959370721,0.0459900585335359
"UQCC3",0.00871467529981204,0.0409492438470382,0.046281818396828
"NGLY1",0.00868472102048234,0.0416482919706408,0.0470640317589006
"SAFB",0.0086756026405388,0.0418630847010884,0.0472988495427905
"SLC39A7",0.00866187899638206,0.0421881261546359,0.0476422116137453
"SDHAF2",0.00864398545472411,0.0426151354326188,0.0481003223138457
"RNF169",0.00862276717000142,0.0431262169070831,0.0486690623449822
"TM7SF3",0.00861339065974699,0.0433537123264289,0.0489176316820737
"MRE11",0.0085629910558201,0.0445939632902386,0.0503002645654494
"ITSN1",0.00855914531741944,0.0446898174928016,0.0503999759914648
"LAMTOR4",0.00853328172912153,0.0453389868436538,0.0511235640510245
"RNF44",0.00852994386539761,0.0454233425880871,0.0512101416104813
"ZBTB18",0.00851164471221938,0.0458881594785361,0.051716927193596
"METTL7A",0.00849604326034352,0.0462876100435928,0.0521497302957392
"MAEA",0.00848915026153041,0.0464650246385505,0.0523408916329957
"SHFL",0.00847170773830281,0.0469165253193373,0.0528406842718707
"COA3",0.00846965924474687,0.0469697920842584,0.0528918661361877
"MPHOSPH9",0.00845041840061815,0.0474725974502715,0.0534491642566671
"DCUN1D5",0.00843973246684243,0.0477537936393838,0.0537568096563227
"SBNO2",0.0084224298650485,0.0482120729597052,0.0542636632729427
"NUDT22",0.00841513462421826,0.0484064001034267,0.0544733140977477
"MADD",0.00840983955767254,0.0485478592267896,0.0546234109223373
"MTX1",0.0083472390957712,0.0502467199740173,0.0565254698409869
"VIRMA",0.00832848572546204,0.0507652483858982,0.0570803000726855
"CSTA",0.00831040143921454,0.0512695144615774,0.0576281275602202
"NR2C2",0.00828945826936067,0.0518587315833503,0.05828073208694
"IKBKG",0.00826692754223565,0.0524989280574422,0.0589904026252895
"CEMIP2",0.00826176822807209,0.0526464527781585,0.0591463388556215
"AVL9",0.0082584756500585,0.0527407813124105,0.0592424692562232
"OFD1",0.00821787571871264,0.0539155767033664,0.0605218685192529
"TMEM43",0.00821660822259409,0.0539526016352173,0.0605533764368699
"SETDB1",0.00819152310028184,0.0546897423294464,0.0613603298853945
"SUGP2",0.00817105960401538,0.055297277416802,0.0620213823183474
"PRR34-AS1",0.00816124078338754,0.0555907766207949,0.0623402290152918
"ARNTL",0.00815038958171165,0.0559166438463481,0.062695261864869
"FBXL20",0.00814231942515489,0.0561600251079016,0.0629577068072496
"ATRX",0.00812159292629766,0.0567891430268034,0.0636524197619725
"ZNF384",0.00811793653825462,0.0569007327586643,0.0637669242800148
"NEK6",0.00806893478983683,0.0584139083419251,0.0654409998839694
"TAF1",0.00801911000481838,0.0599866206656434,0.0671695167804596
"CASP3",0.00801453541417997,0.0601327604770116,0.0673220058925444
"FBXL17",0.00797957096685707,0.0612595116246753,0.0685721122672897
"UBR3",0.00796420101533753,0.0617603210347365,0.0691098196815382
"WDR36",0.00795585359681783,0.0620337274994804,0.0694042746357748
"MTFR1L",0.00795396032798651,0.0620958776537504,0.0694623144965266
"MON2",0.00795124274460092,0.0621851775440619,0.0695507006410922
"NDUFS1",0.00793775136130355,0.0626300792638799,0.0700367128519834
"GART",0.00787286237016212,0.0648068309164819,0.0724349452515018
"PAGR1",0.00783704968001315,0.0660346870502437,0.0737829316058003
"NUP58",0.00782943611651329,0.0662981775447188,0.074065098873074
"RAF1",0.00781955095668604,0.0666415752128376,0.0744241311552684
"MED25",0.00779661496949079,0.0674439860084234,0.0753078099757144
"TUBGCP3",0.00776223011597869,0.0686618110981601,0.0766423154754269
"FKBP4",0.00775771553957192,0.0688230399032912,0.0768096026388497
"ZNF195",0.00775418494926892,0.0689493443222266,0.0769378638327404
"GNG10",0.00774519504646595,0.0692718118453879,0.0772849372750277
"SMIM27",0.00773797220195648,0.0695317915022142,0.0775621914447236
"FGFR1OP2",0.00772169870175411,0.0701204777767377,0.07820596341942
"PELI1",0.0077207062016913,0.0701565129295537,0.0782241502782244
"SIGLEC7",0.00772061226920718,0.0701599241661223,0.0782241502782244
"CPNE8",0.00770154185839371,0.0708553060636244,0.0789603962907804
"PIK3CB",0.00770109920883929,0.0708715136710702,0.0789654423088506
"TMX4",0.00767520389372496,0.0718249740279914,0.0800146069209507
"DDX42",0.00761978174442691,0.0739009334639943,0.0822865960392071
"APC",0.00759866187410836,0.0747048226589397,0.0831680069153781
"ZRANB2",0.00758847048114748,0.0750952867017179,0.0835889419476975
"USP24",0.00757976410202515,0.0754301736637808,0.0839478854552793
"CEP63",0.00757253121344566,0.0757093095968984,0.0842446744872663
"PPP4R1",0.00756385317796046,0.0760453292814224,0.0846046521756947
"SCAPER",0.00753693321464729,0.0770954368880005,0.0857588431720585
"LIPE-AS1",0.00751097535500325,0.0781191758541705,0.0868833275127565
"CCDC66",0.00748809982974808,0.0790305007613327,0.087882436784107
"DAZAP2",0.00747148001121052,0.0796980167587206,0.0886101449277603
"SCAF1",0.00744961614570127,0.080583126322597,0.0895500521149044
"KRIT1",0.00744237308811227,0.0808780996652359,0.0898630783626392
"MFSD5",0.00743337725314822,0.0812456747328349,0.0902566557457603
"BTN3A3",0.00743183102736217,0.0813089907648673,0.090312154848245
"HIST1H1E",0.00742809000810946,0.0814623465350566,0.0904676289296186
"GCN1",0.0074270505430697,0.0815049990146621,0.0905001311115339
"RSPRY1",0.0074045129116154,0.0824342521746842,0.0915169095160985
"C2orf68",0.00738975687823349,0.0830473002112551,0.0921823668902144
"NEK3",0.00737947938344945,0.0834764631274939,0.0926435271183497
"PARP11",0.00736412413490379,0.0841210052847117,0.0933282108188276
"WDR7",0.00735811440907227,0.0843743599320267,0.0935939372437133
"PTCD3",0.00729665127085077,0.0870010932328705,0.0964443993027443
"GBP5",0.00727032931478515,0.0881460116341733,0.0976815578853706
"OSER1",0.0072532608487237,0.0888949047703877,0.0984791825581831
"DMTF1",0.00723931606645621,0.0895105413880249,0.0991124746682667
"IMPA1",0.00721308455114083,0.0906779154562481,0.100372198166289
"WDR75",0.00720128904187584,0.0912068241388823,0.100941125880338
"APOBR",0.00719509851065825,0.0914853973334456,0.101232859471592
"ENC1",0.00717779023042785,0.0922678981971463,0.102082025807708
"ALAD",0.00717330809697843,0.0924714075939543,0.102290442857121
"APOL1",0.00717239957388981,0.0925127026078981,0.102319382027155
"CCM2",0.00714280100031464,0.0938661622674582,0.10376538964851
"SP1",0.00713988669513557,0.0940002795857432,0.103896663442735
"XRCC1",0.00710188447453608,0.0957632580275441,0.105810653296981
"AP3M1",0.00708392925907052,0.0966053846710926,0.106723693751839
"ZBTB38",0.00698560915735161,0.101322288578783,0.111843264176515
"PMS2",0.00697408269710242,0.101887081895412,0.11244834487347
"PIM1",0.00696931723105987,0.10212131940553,0.112688467520939
"RNF167",0.00696042843059509,0.102559376728659,0.113153385454058
"MICAL1",0.0069358166969261,0.103780093324665,0.114481515902767
"NUP42",0.00693455885702428,0.103842789674891,0.114518154681316
"RPE",0.00692453003393648,0.104343748144202,0.115046979974389
"NAGK",0.00691909699072783,0.10461593931059,0.11532828398482
"IP6K1",0.0068993381545779,0.105610597796115,0.116367870224827
"AQP9",0.00684192811673373,0.108543223546047,0.119560236949303
"PDCL",0.00683723551546119,0.108785752131881,0.11978835018952
"VMP1",0.00683438373002737,0.108933350772063,0.119917109181741
"HCP5",0.00681224170264997,0.110084741674987,0.121159521156534
"ERCC3",0.00680492749303419,0.110467188065595,0.121560654054604
"ABCB10",0.00680216016891817,0.110612159623305,0.121700376112801
"MAP3K3",0.00678179293411163,0.111683763172144,0.122859408201572
"FGR",0.00675726373685348,0.112985198032122,0.12427085145521
"MFAP1",0.0067285131456187,0.114525785673256,0.125924351428994
"ABCF3",0.00669674868788582,0.116247039504238,0.127775359142929
"CRYZL1",0.00668505595490926,0.116885740185134,0.128456516481094
"CNTLN",0.00667771080966093,0.117288366562243,0.12887805076017
"SNTB2",0.00667515558032033,0.117428687205472,0.129011269775137
"NBAS",0.00660352259295201,0.121416296409103,0.133305550506974
"CHUK",0.00659518890661369,0.121887005778374,0.133800624462995
"TMEM131",0.00658595249707519,0.122410368913166,0.134344275751104
"TIAL1",0.00658574773434058,0.122421991259067,0.134344275751104
"TMLHE",0.00658027652152013,0.12273285708664,0.134641708058214
"PDS5B",0.00657058120916081,0.123285243881659,0.135225751765719
"TMEM11",0.00655842956694965,0.123980318105884,0.135921992981008
"TMED8",0.00655292168596297,0.124296374454378,0.136246398781786
"FBXO3",0.00649856363021059,0.127449385095791,0.139634628525789
"LYL1",0.00648965368269699,0.127972085719751,0.140139175826245
"IRF5",0.00644037240397693,0.130893325161083,0.14326853997314
"CAPG",0.00639726374637393,0.133490844305865,0.146067629347157
"NSUN3",0.00637908732600125,0.134597949140718,0.147204259809187
"ATAD1",0.00637190033930204,0.135037653245789,0.147661260487592
"IRF7",0.00635740497976213,0.135927863965725,0.148586627044829
"ZNF746",0.00635518077864643,0.136064860006807,0.148712337294863
"CNOT4",0.00635436412956538,0.136115186921398,0.148743297038237
"USP25",0.00633261652908355,0.137460700747083,0.150165099006468
"NRBF2",0.0063114480974765,0.138780208974068,0.151582066700109
"RSBN1",0.00625416836869061,0.142399586679544,0.155359626519348
"HEBP2",0.00623982275612715,0.143317303977924,0.156285208418507
"GRIPAP1",0.00623680493156038,0.143510936567818,0.156471124356558
"DCAF8",0.00622497364504746,0.144272002917161,0.157275558162355
"ABCD1",0.00620942010906038,0.145277210877037,0.158345836327527
"TMUB1",0.00616716468153065,0.148035212295155,0.161325930097927
"ARSD",0.00615714389036791,0.148695097658209,0.162018945248534
"ATF1",0.00612790858574929,0.150633125711969,0.164077744955474
"RRP36",0.0061150140568668,0.1514940070382,0.164988882342988
"PEX19",0.00610206310054511,0.152362422692735,0.165881214142605
"GSDMD",0.00605560427241483,0.15550887258427,0.169197857666922
"ZMIZ2",0.00605436877243348,0.155593215718254,0.169262386399214
"ASXL2",0.00603734486118276,0.15675891459836,0.170448218333791
"CLCN3",0.00603257321114852,0.157086834728097,0.170777309792034
"RTCB",0.00601801363566784,0.158090620247013,0.171840945898722
"TFCP2",0.00600452411932578,0.159024960629475,0.172828766888905
"ARHGAP4",0.00599762139040755,0.159504685853767,0.173322272751095
"AC027097.1",0.00595760662443074,0.162307216510985,0.176310907909828
"CNOT3",0.00594949341316416,0.162879948191117,0.176889835453942
"FCF1",0.00594931600872549,0.162892488616513,0.176889835453942
"DGKD",0.00589498288191339,0.166767566746615,0.181068816247609
"DSTYK",0.00588281111396152,0.167645089809888,0.181963148531812
"POLB",0.00582583014381012,0.171799294858037,0.186352483962006
"MRPL28",0.00580675672049904,0.173206916009018,0.187849207432943
"BRAT1",0.00577897483382612,0.175272620519676,0.190028573979077
"ADPRHL2",0.0057655846980277,0.176274775806123,0.191084457146897
"TRG-AS1",0.00573129233723223,0.178860780976262,0.193825571434606
"SLC35E3",0.00571261068953064,0.180281394209728,0.195302436508888
"ABCD3",0.00570217621246226,0.181078505275945,0.19613453607348
"ARFGEF1",0.00568781603747044,0.182179782393468,0.197295772667346
"UBLCP1",0.0056859643816443,0.182322146046864,0.197418326300905
"TMC8",0.00568020839204463,0.182765219299676,0.197866396747015
"ZNF524",0.00565309733993265,0.184862857282169,0.200073279667799
"TMEM8A",0.00564601692176162,0.185413606116315,0.200637226464854
"ABHD13",0.00562636793637983,0.186948353355763,0.202265613224246
"CCDC22",0.00559333874711973,0.189549313175692,0.205046865020937
"CKAP5",0.00558209961789152,0.190440417309996,0.205977869370162
"IFITM2",0.0055487216503673,0.193104996443855,0.208826436493426
"PDE7A",0.00554395198108858,0.193487987015339,0.209140252631608
"AL445524.1",0.00553905980422519,0.193881393794872,0.209531985845129
"TOLLIP",0.00552490724339098,0.195022784893421,0.210731828138792
"LRRC47",0.00550702076732569,0.196472352666423,0.212230320558825
"FBXO42",0.00545260930229698,0.200930497504736,0.216942046251919
"TOPORS",0.0054335763477895,0.202507236856327,0.218609520738564
"NAA16",0.00539292261177161,0.205905251662549,0.222171306493855
"MID1IP1",0.00538886136461501,0.206246970394213,0.222504510425287
"NISCH",0.00536666696002642,0.208121714146949,0.224491210808475
"MORC3",0.00535040712982891,0.209502989430321,0.225945080800511
"TRIM33",0.00532629274220899,0.211563715291233,0.228131144989478
"AGPAT4",0.00530810556690952,0.213127587851766,0.229780835826151
"EZH1",0.0052754465075231,0.215956777866963,0.232756858785037
"SEC23IP",0.00519560578500475,0.222986843543173,0.240142409875023
"DICER1",0.00516293622755484,0.225910149958824,0.243251875118906
"CHKB",0.00513302802703345,0.228610258984809,0.246080872631157
"PEX2",0.0051261369277861,0.229235630548035,0.246714756150154
"POLL",0.00507370763491181,0.234033509058769,0.25179830597491
"CTR9",0.00507235043082655,0.234158646537867,0.251892857476932
"CARD9",0.00506722658343297,0.234631504901733,0.252361375221224
"CX3CR1",0.00505203760555338,0.236037204392576,0.253792547534702
"LARP4B",0.00504515812919866,0.236675837806146,0.254438756464836
"FLAD1",0.00502848148194379,0.238229026029346,0.256027093464379
"RBM38",0.00501637774597629,0.239360811050017,0.257202549826631
"MAPK8IP3",0.00498043617382016,0.242743933131818,0.260796397887211
"SLC25A24",0.00493474504616922,0.247093110346476,0.265384673399924
"TMEM60",0.00491178604566958,0.249298976671856,0.26766879169103
"SLC7A6OS",0.00487988563661219,0.252386711731531,0.270855009209029
"MT-ND6",0.00487164943163249,0.253188229550943,0.271672055228365
"MT1X",0.00486652377397016,0.253687934148405,0.272165046457849
"PUS7L",0.00486480511605213,0.25385564113065,0.272301759429529
"KDM6A",0.00484469874932116,0.255823357762758,0.274325411868994
"KIDINS220",0.00480582526810772,0.259657716720278,0.278304664354122
"TBCC",0.00479369303621623,0.260862508305416,0.279463067446192
"KRCC1",0.00477890302794653,0.262336452792505,0.280997585128347
"TMEM39A",0.00477752633305076,0.262473943682323,0.281100322071311
"DHX40",0.0047683223414927,0.26339442728799,0.28204145120274
"C5orf56",0.00474117897461596,0.266121973786613,0.284871859526803
"STXBP5",0.0047176551637793,0.268501476781964,0.287191660263068
"WDR6",0.00469685947638141,0.270617156162167,0.289408825183867
"THAP5",0.00469377783657347,0.270931640714039,0.289699323559642
"ANKRD49",0.00468481309876454,0.271847925098885,0.290633115369001
"ARID1A",0.00462968828632574,0.277528839326083,0.296519039614989
"B4GALT3",0.00462494741755775,0.278021160307377,0.296998114210487
"ZC3H6",0.00461407590107287,0.279152369250453,0.298112331148683
"CBX1",0.00456603659108515,0.284188422889388,0.303394588213351
"LRRC58",0.00455964046382411,0.284863551100747,0.30403684630334
"RPUSD3",0.00453749963167462,0.287208947086839,0.30637735740835
"CD244",0.00450171665846287,0.291026948453686,0.310352239510311
"GIGYF1",0.00450033860519263,0.291174664510269,0.310460795892435
"RANGAP1",0.00447427782609168,0.29397765904476,0.31325184441318
"LATS1",0.00444871636632134,0.296744471390898,0.316100420840375
"RABGAP1",0.00444574164618367,0.297067587441891,0.316394763499468
"FEZ2",0.00443942013871684,0.297755014597568,0.317076965458208
"FAR2",0.00441410477250005,0.300518557837976,0.319868697975843
"HERC2",0.0044089062511276,0.301088161346858,0.320424533112877
"SRBD1",0.00440245470490814,0.301796058511784,0.321127345231063
"ISG15",0.0043694160415963,0.305438583688625,0.324952047886513
"PCNX4",0.0043427533658477,0.308399329263883,0.327947131983818
"FAM120B",0.0043358134984336,0.30917306684191,0.328718211183858
"ANAPC7",0.00432825089823965,0.310017693485942,0.329460802524121
"LNPK",0.00428456663338914,0.314926352279952,0.334624715977487
"PIGF",0.00427697574785467,0.31578449617851,0.335483811857779
"MGA",0.00425907964945141,0.317813708166358,0.337533534544886
"XPO1",0.0042446484829561,0.319456246701349,0.339171432780751
"AASDHPPT",0.00420760681292227,0.323697665295804,0.343512779008779
"EBLN3P",0.00416749156100225,0.328332214349347,0.348212408033872
"CUTC",0.00414795286885366,0.330605044282366,0.350512890762596
"BICRAL",0.00413548727071741,0.332060406433397,0.351945509938265
"ROCK2",0.00410272731193605,0.335904842973639,0.355908579116874
"NELFB",0.0040270167084453,0.344898738260201,0.365266348586657
"XAB2",0.00399221990438832,0.349083400102235,0.369524482243809
"TMEM175",0.00398801720435842,0.34959099001434,0.370003864039911
"COPB2",0.00396123848187116,0.35283624036186,0.373321724739677
"BLOC1S4",0.00392794237283838,0.356897804554525,0.377500947527087
"NEK4",0.0038351158472994,0.368375801735892,0.389397872973165
"VRK1",0.00383314252176418,0.368622271137165,0.38959749494425
"STRADA",0.0037987169238265,0.37293854200099,0.394036174788044
"RBM12B",0.00377444425506386,0.376000577623447,0.397147305938467
"PCNX3",0.00376652185450623,0.377003351027039,0.398144276209592
"STYXL1",0.00375432470480031,0.37855041879777,0.399590848008076
"POP7",0.00373617416213011,0.380859828821266,0.401965860546453
"CMPK2",0.0037242600697489,0.382380428215712,0.403507737656692
"HLX",0.00371171391499161,0.383985715052911,0.405138486184883
"IARS2",0.00368662833123147,0.387207772187808,0.408474293612384
"IKBIP",0.00368196440122254,0.387808631999668,0.409044330881398
"SMG5",0.00364565389106808,0.392505966316737,0.413611726662634
"THYN1",0.00363300836848454,0.394149927964831,0.41527936153502
"SNX1",0.00361544947727885,0.396439542286956,0.417626635307278
"NDST1",0.00360829859033376,0.397374287356815,0.418546121953486
"CSE1L",0.00356457875916249,0.403118074707727,0.424397586904227
"GOLGA5",0.00348083530470023,0.414257977200344,0.43585405911166
"SP110",0.00347549002628212,0.414975157402461,0.43654069382263
"MGME1",0.00347198124607067,0.4154463318971,0.436968364958975
"VPS13B",0.00345665638198134,0.417507923447592,0.439068450836704
"CSPP1",0.00343728609932716,0.420122335956137,0.441680471683943
"LILRB3",0.00342556270199752,0.421709307551784,0.443211041249435
"ARCN1",0.0034185648937576,0.422658259196191,0.444139336404328
"SESN3",0.00339088662915807,0.426423862486597,0.44795707493348
"RELL1",0.00338993278429353,0.42655398001181,0.448024150824894
"CDC14A",0.00338873425183603,0.426717509096866,0.448126293725367
"TSSC4",0.00335731034059079,0.43101804629986,0.452572295547966
"UBN2",0.00335548854209214,0.431268138092451,0.452764577894885
"OGA",0.00334061427665571,0.433313184312424,0.454840931398277
"PRRG4",0.00333635646065804,0.433899617652923,0.455315119502004
"ABCD4",0.00332710227690569,0.435175786601849,0.456541612398798
"PIP4K2B",0.00332321496654875,0.435712499222256,0.457004686199453
"HAUS6",0.00331638651652809,0.436656212386784,0.457923476337374
"MTHFS",0.00330840396041631,0.437760917991753,0.459010788855807
"NT5C2",0.00325293785236216,0.445481136619991,0.466960924757792
"ZMYM4",0.00321240399689829,0.451171697245238,0.472706004195732
"DNAJC5",0.00321134303021403,0.451321197058382,0.472789372995309
"POLD4",0.00320822121972459,0.451761250950599,0.473177043791945
"UBE4B",0.0031818316133555,0.455490839245186,0.476935661164117
"DTWD1",0.00314448271163336,0.460798779688081,0.48226943490265
"ENTPD6",0.00313667916681311,0.461912152894044,0.483359861587468
"CISD1",0.00313154537373863,0.462645436661037,0.48405227441431
"UPF2",0.0031061006114958,0.466289398789009,0.487638457109434
"C19orf25",0.00305580797761859,0.473538488812401,0.495066293932371
"DPP8",0.00304845962430791,0.474602832297567,0.496102311249822
"PIAS1",0.00304505219832072,0.475096813058095,0.496465155036442
"IFI44L",0.00303087579329929,0.477155018246514,0.49853887781868
"RASGRP2",0.00300821525434627,0.48045510537054,0.501909296571418
"TMEM94",0.002998694273053,0.481845361425485,0.503283869704573
"AMFR",0.00299437096885251,0.482477373023213,0.503866159871787
"CCDC159",0.0029881174624144,0.483392351989731,0.504743736185726
"FAM78A",0.00298433144563416,0.483946758714479,0.50524460093709
"YEATS2",0.00293971667330196,0.490505842608903,0.511697269229871
"SLC7A6",0.00291915133846469,0.493545290351325,0.514550456139601
"MS4A6A",0.00289702315422817,0.496826947467697,0.517652487568053
"CMAS",0.00289219626957547,0.497544326715331,0.518320060542735
"VAV1",0.00287346122111346,0.500333975918016,0.521065620946043
"ITCH",0.00286120240257466,0.502163794219928,0.522890715034796
"IRF3",0.00285834944366604,0.502590149720752,0.52325408103819
"FBH1",0.00284422309465601,0.504704054212414,0.52537399700233
"GARS-DT",0.00280138764414327,0.511142607542793,0.531994330295077
"DCAF11",0.00278897410872633,0.513016459459641,0.533780283534416
"LRP10",0.00276137514509136,0.517195373546625,0.53779728092106
"RCHY1",0.00275736891139176,0.517803441532571,0.538346773520177
"GTF3C1",0.00273907215790533,0.520585225389364,0.541155705543894
"HNRNPLL",0.0027347164566685,0.521248586090532,0.541761981638446
"ISCA2",0.00272680113660718,0.522455179218252,0.542849157322053
"CC2D1A",0.0026894091836771,0.528174461557849,0.548454543786303
"CRLS1",0.00268201725112539,0.52930885823202,0.549548094365277
"MED31",0.00266914405935171,0.531287385536046,0.551432915813511
"TSC1",0.0026405055922085,0.535702345808881,0.555759330982637
"PPP1R12A",0.00263307893720181,0.536850263132957,0.556864778926346
"METTL14",0.00263104609763869,0.537164688939625,0.557105455119007
"DYNC1LI1",0.00262394835451271,0.538263244834217,0.558159171522108
"HPF1",0.00255077218961755,0.549654419160958,0.569621938679834
"KDM4B",0.00252951006615278,0.552986386852301,0.572987120537687
"GBP3",0.0025209901226958,0.55432431300386,0.574285424489595
"BRAP",0.00250277704777424,0.55718969690863,0.577077135539101
"NME6",0.00248822676700934,0.55948400047712,0.57936457761155
"DNAJB14",0.00247862682287987,0.561000235314832,0.580845726028113
"MAML1",0.00247227180608628,0.562005052514635,0.581796992811429
"SNX10",0.00246909468091429,0.562507726376606,0.582228220764274
"FAM13A-AS1",0.00244579041081644,0.566201468722247,0.585961752645203
"MANBA",0.00244154068586523,0.566876305680837,0.586480597200939
"SMAD4",0.00243583582199538,0.56778281777091,0.587328584906536
"HIST1H4C",0.00238112630194815,0.576511290789552,0.596083932868659
"CAPN7",0.00235285633957205,0.581046203038504,0.60058911156449
"TTC1",0.00230384751607623,0.588947238867292,0.608197996331413
"IKBKB",0.00228466973878227,0.592052456634513,0.611217996534729
"ANKRA2",0.00227807260426932,0.593122382699618,0.612229073195743
"BRWD1",0.00227143407256011,0.594199915850446,0.61315409509537
"VPS33A",0.0022650918804737,0.595230183883089,0.6141234966021
"EPG5",0.00222671218800617,0.601482156804134,0.6201953427105
"TNFSF13",0.0022123954418184,0.603821889850917,0.622323139829581
"ECE1",0.00219005080021659,0.607481738947948,0.625999700811931
"MFSD4B",0.00218595401915079,0.608153826849883,0.626596772833291
"GABPA",0.0021745504278553,0.610026359058606,0.628430323570812
"OIP5-AS1",0.00216348656894889,0.611845548506476,0.630208371945808
"SREK1IP1",0.00214033811220348,0.615659507192317,0.633943638155232
"TMEM214",0.00213481253297003,0.61657144822976,0.634785984693377
"RPRD1A",0.00212921065130847,0.617496586490795,0.635641659753999
"SNX6",0.00212783076971314,0.617724564114536,0.635779536912525
"TEPSIN",0.00209800748690919,0.622660797159939,0.640664990046926
"THAP1",0.0020599578533721,0.628983308371651,0.646973398433095
"NMI",0.00203276679806412,0.633518266047769,0.651241751064157
"CYB5B",0.00199107422413282,0.640498577275316,0.657917180334003
"ZC3H4",0.00198434322363283,0.641628513145061,0.658877639333802
"NUP133",0.00192336470908976,0.651902574244543,0.669123015707812
"GPD2",0.00189075471638378,0.657424318203304,0.674688192983081
"PPM1B",0.00185046513160331,0.664272302241825,0.681405710128506
"NIT1",0.00184914197369387,0.66449767821318,0.681533495509604
"PPWD1",0.00176831338629258,0.678322219623429,0.695395985879303
"CALCOCO1",0.00176263553260607,0.679297483134785,0.696290218840855
"C1orf131",0.00175565279913971,0.680497617183821,0.697347696368859
"LRRC8D",0.00175543281938896,0.68053543863951,0.697347696368859
"ARHGAP15",0.00174478448634187,0.682367182025566,0.699118732789036
"TMEM120A",0.00174011949962211,0.683170251157484,0.699835464859962
"DAAM1",0.00173322392904474,0.684357968056742,0.70094595092132
"CARD6",0.0016930125877195,0.691299584366591,0.707627023452312
"PDLIM7",0.00167914859225306,0.693698966998318,0.709975585206725
"MGAT4A",0.00166066322375587,0.69690293017404,0.713146770229557
"TNFAIP8",0.0015949843964392,0.708330112512017,0.724511329908283
"KCNE1",0.001594083189758,0.70848737431889,0.724562568109214
"AC037198.1",0.0015837537732914,0.710290757830363,0.726077383382383
"PPP1R12B",0.00156334167036091,0.713859214726377,0.729394310225938
"TMX3",0.00154696969859871,0.716725907838899,0.731991520075347
"MYH9",0.00153310152787265,0.719157319552906,0.734363787569431
"ECHDC1",0.00149805015758608,0.725315270519861,0.74042828687676
"RAB9A",0.0014792618886614,0.72862341773301,0.74358081921402
"UHRF2",0.00147159951069109,0.729974028364553,0.744846725893864
"SPECC1",0.00144953614750436,0.733867698905743,0.748463095871611
"RAB32",0.00141404409249795,0.740145567750853,0.754542247220072
"VPS9D1",0.00141273869381509,0.740376801219465,0.754664187101584
"CERT1",0.00138234578414979,0.745767079256638,0.759929347830313
"UBXN11",0.00137892965115051,0.746373725448144,0.760432905026356
"RASSF4",0.00137695042243436,0.746725274224664,0.76067644704429
"PHIP",0.00137523224435884,0.747030498169108,0.760872732467813
"TRIM14",0.00136073890338615,0.749606727106124,0.763151796712016
"TSC22D4",0.00134502725290112,0.752402671849813,0.765767644795512
"PCMTD2",0.00132872437166719,0.755307265903933,0.768474566437693
"NOL8",0.00132818547182473,0.755403338048351,0.768474566437693
"POLK",0.00130396635386641,0.759724875475385,0.772638369899079
"WASHC1",0.00129234973298738,0.761800361072802,0.774516126498227
"PRPSAP2",0.00126805528830078,0.76614645891474,0.778700572568033
"GSR",0.00126628961781696,0.766462613301358,0.778904814148577
"COMMD3",0.00125508836500726,0.768469171780824,0.780826581065547
"RHOT2",0.00125075882097248,0.769245169861206,0.781497609831948
"ANKS1A",0.0012434567178796,0.770554472668397,0.782710154704182
"HSPBAP1",0.00117374570874269,0.783086423603571,0.795081440153738
"AC012368.1",0.00114773646891645,0.787776753448161,0.799603457448283
"YIPF1",0.00114367969495853,0.788509023594349,0.800226584887631
"USP18",0.00114226526464212,0.788764380071719,0.800365597128155
"ZFPM1",0.00113320193571882,0.790401180457707,0.801906119609028
"SGSM3",0.00112355713559921,0.792144007989543,0.803553734136129
"TBPL1",0.00110706706012925,0.795126188250404,0.806336906968799
"FASTK",0.00110096189301035,0.796231051512297,0.807336253640468
"TRIP4",0.00108458978293992,0.79919595348597,0.810220998878189
"MTM1",0.00105936555330675,0.803769583950847,0.814613424837607
"MAP4K2",0.0010553463435297,0.804498968115745,0.815230444159255
"NDUFS2",0.00103015667042821,0.809074103902899,0.819498129810861
"PPP1R35",0.000940562950063098,0.82539870113831,0.835532357897307
"ZNF33A",0.000895346395521195,0.833666702113652,0.843144438742019
"UBR1",0.000882187026703291,0.836076440122219,0.845455101954281
"PICK1",0.000857748496903386,0.840555680668116,0.849730406249571
"OSBPL8",0.000854759466850918,0.841103885600813,0.850157478030662
"FAM110A",0.000838835172062672,0.844025783367032,0.852983306628476
"APPBP2",0.000835273076712472,0.844679676170291,0.85351655815085
"ATP2B4",0.000829684788783515,0.84570573206237,0.854425650698398
"IL15",0.000760749118282151,0.858383891832731,0.866328331494416
"RAE1",0.000727268189043498,0.864554880668637,0.872426201223978
"NPLOC4",0.000723259543145766,0.865294290144605,0.873042037855197
"CBWD5",0.000705282785335646,0.868611610531132,0.876258295852131
"IL6ST",0.000689123309741731,0.871595557868635,0.879137336528397
"DLD",0.000683318029872287,0.872667987399615,0.880087748032338
"RNF113A",0.000618536351583578,0.884650764728337,0.891906325727451
"PRPF4B",0.000617250698693048,0.88488885068751,0.892013347174334
"TMEM80",0.000613903992219693,0.885508665278333,0.892505081387419
"TTLL4",0.000610549084598684,0.886130069047688,0.892998270506993
"VPS39",0.000608297357825582,0.886547178396728,0.893285465445645
"DMXL1",0.000587702574570147,0.890363595292799,0.896863567904441
"RAB24",0.00052947062244544,0.901168017942734,0.907071158152572
"FAM200B",0.000527860487568549,0.901467033920374,0.907237067034184
"CMTR1",0.000526990671914927,0.901628572031997,0.907264589300242
"PRORP",0.000522287204946921,0.902502148407751,0.908008485920358
"SLF2",0.00043993044339712,0.9178164916413,0.922866939319874
"VPS35",0.000421891707967339,0.921175092775803,0.926106290298469
"IWS1",0.000420513690863417,0.921431721986952,0.926226564429644
"BCL2L11",0.000406115311608803,0.924113627804222,0.928370317620259
"MITD1",0.000397272305678335,0.92576119483351,0.929887303263908
"DPF2",0.000358432426698814,0.933001246148552,0.936881245389924
"FAM104A",0.00035693993121621,0.933279573237204,0.937021561428087
"PTAR1",0.000240869378116305,0.954947242786171,0.957638431990107
"WDR44",0.000207460572776688,0.961190774619413,0.963613705101105
"SLBP",0.000196743955832861,0.963194048960548,0.965399991620776
"MFN2",0.000196211563789426,0.963293576019468,0.965399991620776
"TRIM4",0.000166445688338757,0.968858968073726,0.97058163922751
"TRIM56",0.000153681299455629,0.971246034860594,0.972828806176663
"PRR12",0.000140429672527278,0.973724492231378,0.975166833354517
"ZNF280D",0.000130680912638949,0.975547970241836,0.976848315581317
"ARMC1",8.38339496933807e-05,0.984312176452111,0.985040649051616
"NHLRC2",5.99305818429099e-05,0.988784853651396,0.989084125975274
"MTO1",9.24166835262552e-06,0.998270499103272,0.998418172254027
"PARP4",-1.09690310623921e-06,0.999794723604213,0.999794723604213
"VPS45",-5.98948451602998e-05,0.988791540817465,0.989084125975274
"IDH1",-6.7423473887106e-05,0.987382777069123,0.987967286630803
"BLZF1",-0.000109647865179137,0.979482565166574,0.980352571886189
"CIDEB",-0.000121034882715959,0.977352358721066,0.978365309048435
"NIPBL",-0.000126941212326212,0.976247505060667,0.977404025131819
"NUDT16L1",-0.000193995940671609,0.963707777764936,0.965564357656895
"SOAT1",-0.000195637263160255,0.963400938243659,0.965399991620776
"MTF1",-0.0002248466602711,0.957941292202348,0.960498454186575
"ZBTB7B",-0.000258727768081413,0.951610925483902,0.954434277881125
"ACAP3",-0.000273389692485928,0.948872405421359,0.9518288327973
"CANT1",-0.000302683191986499,0.943402874249843,0.946482687758301
"PRKD2",-0.00031583542651694,0.940948009083842,0.944159912350231
"TUT4",-0.000327162844402065,0.938834194733044,0.942178713164629
"C2CD2L",-0.000344414773715821,0.93561563758411,0.939088082794859
"TASOR",-0.000352813269426758,0.934049173537439,0.937655005536247
"GALNT7",-0.000396437267533731,0.9259167898657,0.92990543913874
"C14orf119",-0.000411517768712192,0.923107239479571,0.927497108949529
"NEK9",-0.000413080487632889,0.922816153692866,0.927342451711871
"CHMP7",-0.000417203695377237,0.92204817842917,0.926708448693269
"HDHD2",-0.000469668815485605,0.912282783676987,0.917439223626374
"GNPAT",-0.000480726349098459,0.910226270688117,0.915507262142571
"C5orf24",-0.000511626183676272,0.904482658627863,0.909865682931555
"ATG4C",-0.000565096307505643,0.894555683204345,0.900549579235345
"UBA7",-0.000565789864529756,0.894427026138002,0.900549579235345
"PRRC1",-0.000567109892685767,0.894182164330785,0.900441705844569
"TK2",-0.000581801811413873,0.891457537350036,0.897831730973275
"OAS1",-0.000594431704653112,0.889116337139556,0.895740657934814
"SYK",-0.000620688493877282,0.884252239679949,0.891637493285032
"AP4E1",-0.000761735274171986,0.858202259133985,0.866274331741545
"ZCCHC8",-0.000797513945917257,0.851617603128407,0.859756101948807
"SNX27",-0.00079874107183896,0.85139194524326,0.859656651999654
"SRPK1",-0.000808942807860613,0.849516406614223,0.857891026903474
"NUDT16",-0.000813045861834144,0.848762319923678,0.857257550792349
"CCDC28A",-0.000821774120013946,0.847158643387449,0.855765663819295
"SLC25A29",-0.000867919230933037,0.83869089147206,0.847972052825273
"RFNG",-0.000900592207934526,0.832706525223824,0.842299344260663
"FYN",-0.000901928136249049,0.832462040942652,0.842178042617578
"HIPK3",-0.000910499704675225,0.830893770135506,0.840717267268206
"ANKFY1",-0.000914788818540642,0.830109277850415,0.840049218312626
"TMEM168",-0.000932230945058263,0.826920810763937,0.836947844547152
"RAB3GAP2",-0.00094260735855957,0.825025323968035,0.8352794572249
"UIMC1",-0.00096901717721481,0.820205597586244,0.830524194290939
"KIN",-0.0010252929537826,0.809958245751429,0.820270775842632
"DNTTIP1",-0.00103771441548014,0.807700716900855,0.818229629452604
"BTN2A1",-0.00104987389677644,0.805492351301289,0.816114759051104
"RCOR3",-0.00108260426139779,0.799555718694392,0.810464200013911
"ACSL4",-0.00111989466122911,0.792806094422771,0.804104711129966
"PTK2B",-0.00115691139773831,0.786121320679233,0.798042980347191
"RBM26",-0.00118523444206556,0.781017119854886,0.793099541504789
"MARF1",-0.00119106557330758,0.779967432232088,0.792152592657526
"MIB2",-0.00127021933415879,0.765759026027727,0.7784238122047
"MYCBP",-0.00129944188580549,0.760533035582881,0.77334393947599
"DYNC1LI2",-0.00130707581344286,0.759169616062862,0.772189826117197
"C16orf70",-0.00133605559497118,0.754000671627183,0.767278528126337
"SMIM7",-0.00135972611673193,0.749786857406399,0.763220256387333
"CYBB",-0.00136857147772492,0.748214117727461,0.761848742463157
"SNUPN",-0.00136880550687474,0.748172520622328,0.761848742463157
"DMAP1",-0.00139011205114663,0.7443885112974,0.758638939535984
"PPM1M",-0.00144034929982255,0.735490990985768,0.749910208121667
"TRAPPC8",-0.0014490079341548,0.733961000684629,0.748463095871611
"RAB12",-0.00145682684703203,0.732580296967476,0.747280535274155
"STK3",-0.00146478665587493,0.731175601568772,0.745960199518103
"GIGYF2",-0.00148444670293707,0.727709992713226,0.742760757961069
"ARNT",-0.0015229627373663,0.720936686321289,0.736069606798284
"AL390728.6",-0.00154940358089571,0.716299487055435,0.73166654056229
"ZMAT3",-0.00155753417436127,0.714875633660564,0.730322477966013
"IFIT5",-0.00157599747030912,0.71164597660714,0.727242812551523
"ADSS",-0.00158116232500184,0.710743446562792,0.72643030116569
"EML3",-0.001589322595707,0.709318310628603,0.725192968117342
"ALDH2",-0.00158972689864909,0.709247728251456,0.725192968117342
"RFLNB",-0.00163371240948084,0.701583849523889,0.717719534972161
"TLR5",-0.00165104137645308,0.698572776072289,0.714747357600597
"GTF3C5",-0.001694604658988,0.691024249157356,0.707452293845076
"MIGA1",-0.0017012129135092,0.689881844795961,0.706389694482128
"ATP6V1A",-0.00170192344284953,0.689759053794738,0.706370942548656
"RPP25L",-0.00176971417609566,0.678081694004609,0.695254827595566
"NCBP3",-0.00183232587768669,0.667364632202344,0.684370131703329
"PISD",-0.00185637642998249,0.663265790666873,0.680476481137895
"GRAMD1A",-0.00188421809341984,0.658533408810263,0.675723839272453
"JAZF1",-0.00192420449866181,0.651760625508022,0.669078892963823
"FBXL15",-0.0019380061485858,0.649429558266569,0.666787128844385
"HSD17B12",-0.00198659566204053,0.641250302796018,0.658589290172244
"AC087741.1",-0.00199764199435066,0.639396845622148,0.656885286924683
"FAM214A",-0.00201142292162607,0.637087706034219,0.654612459042152
"WWP2",-0.00201909358691272,0.635803928287951,0.653392667450195
"CNOT8",-0.00202349258121823,0.635068196960183,0.652735798061386
"SIRT7",-0.0020454393223517,0.631402999871915,0.649166010056876
"RRM2B",-0.00204890818979686,0.63082451000205,0.648669887775492
"NLRC5",-0.00205333180789202,0.630087128089754,0.648010202770738
"LPGAT1",-0.00208526484924409,0.624775108985533,0.642742622010223
"DHX16",-0.00212354961597073,0.618432110727121,0.636410882895901
"DUSP1",-0.0021503651177046,0.614006166708281,0.632337500855246
"GTF2A1",-0.00221672631963343,0.603113679099964,0.621687998840503
"KIAA1109",-0.00222471533209558,0.601808250015158,0.620436959187631
"PUM2",-0.00223254039442474,0.600530847593445,0.619308886604527
"PARG",-0.00223372832924009,0.6003370303577,0.619203457246134
"TIMM29",-0.00224456849735587,0.598569713480953,0.617474799030321
"NFE2L1",-0.00227402437667784,0.593779364198645,0.612813659188984
"SUGP1",-0.00230320576638359,0.58905102771559,0.608212278311714
"ATP5MPL",-0.00230645814858354,0.588525113712027,0.607854918088453
"KRI1",-0.00231774242936332,0.586702116100044,0.606064630550405
"CLPX",-0.00232348554831019,0.585775309874331,0.605199705082572
"TMEM63A",-0.00234873869902041,0.581708122660957,0.601089502874939
"CSTF2T",-0.00235081676101258,0.58137402564737,0.600836103240885
"ZMYM6",-0.00236655951374635,0.578845930398236,0.59840632040099
"RRP12",-0.00241559360792952,0.571004924639091,0.590480926198363
"ATP8A1",-0.00242352050541207,0.569742103612921,0.589265161775579
"SAP30L",-0.00244177163304408,0.566839622416621,0.586480597200939
"PPP6R2",-0.00251768770826763,0.554843331999988,0.574735064754393
"ACSS2",-0.00257453005018733,0.545943091543191,0.565862523673695
"CMTR2",-0.00259702858185416,0.542439981542438,0.562317803619814
"LYPLAL1",-0.00261599314961244,0.539495852977101,0.559351550679064
"ATG2B",-0.00266495362046021,0.531932237337005,0.551932758845225
"USP32",-0.00266756437364772,0.531530431215304,0.551600498149911
"ASGR2",-0.00268037972097002,0.529560327970322,0.549724762384055
"CBX4",-0.00269368751687208,0.527518457148484,0.54785749443639
"CCDC117",-0.00270476974035347,0.52582113445775,0.546178628064041
"CD1D",-0.0027125469019867,0.524631675354007,0.545026852653418
"CNPY3",-0.00272719635234231,0.522394899422596,0.542849157322053
"UNC45A",-0.00277047508835154,0.515815554986412,0.53644500342457
"TTC31",-0.00277894932233587,0.514532331876011,0.53519278397134
"NPAT",-0.00278074489274402,0.514260648236293,0.534992497726662
"WDFY3",-0.00279748459406191,0.511731396424536,0.532525161032212
"STAM2",-0.00287856920718543,0.499572575036853,0.52035282388294
"ATP6V1E1",-0.00289887006858408,0.496552602020189,0.517446384441815
"LMBR1L",-0.00290026644285008,0.496345234596702,0.517310024835564
"PSMB8-AS1",-0.00291563158423812,0.494066500120913,0.515014432210529
"ANKRD13A",-0.00292203166276403,0.493118987306952,0.514185298146562
"TMF1",-0.00292345929395879,0.492907763567987,0.514044329705871
"RNF20",-0.00293392591862885,0.491360666390988,0.512509945305379
"CEP135",-0.00294296974321886,0.49002597954891,0.511275562921325
"GIMAP5",-0.00295262555238097,0.488603131615742,0.509869697924684
"PDK3",-0.00295512552841481,0.488235106702558,0.50956430324421
"TPST2",-0.00296019850474535,0.487488766543627,0.508863910854016
"KMT2A",-0.00304706081876807,0.474805585552538,0.496237527271712
"EIF2B4",-0.00307372815971192,0.470948422516545,0.492434624904788
"TLR4",-0.00310786254400422,0.466036558847044,0.487449439103475
"EED",-0.00312921075745081,0.462979115506404,0.484326442818938
"ALDH9A1",-0.00315587964541051,0.459175417592008,0.480644836404949
"TOPBP1",-0.00316799807934971,0.4574528061989,0.478915828849607
"FXYD6",-0.00318972812060206,0.454373028984433,0.475838917125736
"ACOT8",-0.00322865791622513,0.4488848789327,0.470382930326098
"SLC46A2",-0.0032448784910263,0.446609324016213,0.468070940888795
"DCAF10",-0.00329442635354991,0.439699145883771,0.460971611927458
"GDE1",-0.00332690167005329,0.435203474620656,0.456541612398798
"LSM14B",-0.00333841464561899,0.433616084480493,0.455088225267404
"KLHL18",-0.00340349486245427,0.424706102799325,0.446221905365383
"JKAMP",-0.00342991182328377,0.421120166422301,0.442660672447322
"CAT",-0.00343928230147162,0.419852464285065,0.44146539829414
"SMG7",-0.00348805262280029,0.413290788157618,0.434904127429363
"NDUFB1",-0.00353455165428989,0.407091608081277,0.42844744119513
"RPP38",-0.00353763772926177,0.406682149167338,0.428083140358146
"CRTC1",-0.00356788300914439,0.402682241874275,0.424004771423762
"RAP1GAP2",-0.00358976324790518,0.399803357706015,0.421039018917503
"CRNKL1",-0.0036540035508328,0.391422763851984,0.412534576212512
"TYK2",-0.00367002829852008,0.389348960727815,0.410412897330957
"LRMP",-0.00367038358528903,0.389303058044113,0.410412897330957
"N4BP2L2",-0.00367450909095752,0.388770288101197,0.409930742023112
"XRN1",-0.0036755396352566,0.388637272395628,0.409854406280899
"NSL1",-0.00375473684077095,0.378498080389015,0.399590848008076
"CHM",-0.00376164549277269,0.377621392916486,0.398734692723468
"OTOF",-0.00378360262882003,0.374843415620956,0.395986927033325
"SLC25A44",-0.00381587162151367,0.370783792319116,0.391820759591989
"RBM5",-0.00385778041284805,0.365552343810907,0.386473713292501
"MEMO1",-0.00389061220568684,0.361486326127198,0.382234759297152
"CASP10",-0.00389429645085109,0.361031830789975,0.381813891439233
"HERC6",-0.00394790881806959,0.354458712103558,0.37497971405604
"COX15",-0.00396132756504674,0.352825413085539,0.373321724739677
"EGLN1",-0.00399394574957039,0.348875093162636,0.369361807840993
"DNAJC16",-0.0040205192061799,0.345677688517039,0.366033962735114
"ING4",-0.0040412285870867,0.343198859107461,0.363523027796576
"NT5C3A",-0.00404976922698306,0.342179894770165,0.362500512149966
"CRBN",-0.00412805696944788,0.332929862343937,0.352811724029367
"MPHOSPH8",-0.00414124293992048,0.331387916743145,0.351287818297335
"C2CD5",-0.00416692446265777,0.328398038689394,0.348227594036855
"ZMYM5",-0.004167943880675,0.328279718754513,0.3482113552713
"SLC33A1",-0.00416837749729029,0.328229398921701,0.3482113552713
"NBPF19",-0.00418441281934956,0.326372064418846,0.34629653602257
"NUDT19",-0.0042165926903044,0.322665391015676,0.342471068862949
"RNASE4",-0.00423987817275222,0.320000417111515,0.339695842375718
"TRIM52",-0.00424471075100484,0.31944914751479,0.339171432780751
"UBE2D1",-0.00426088110888549,0.317609057411176,0.337369181014448
"POLE4",-0.00433110111083218,0.309699189637168,0.329174064005171
"DTX2",-0.00433427541283334,0.309344724138282,0.328849006273416
"FAAP100",-0.0043502359345909,0.307566521026632,0.327112985474447
"ARID4A",-0.00435331151066826,0.307224642175085,0.326800787562264
"FCN1",-0.00442299693846077,0.299545906400015,0.318883620401591
"ARMH1",-0.00443650062468641,0.298072853284193,0.317365442685737
"MAN1B1",-0.00445668933241612,0.295879602286055,0.315228804137412
"NARF",-0.00448023292329311,0.293335562722735,0.312616919856307
"COMTD1",-0.00448640065493835,0.292671532294943,0.311958415551965
"CHCHD7",-0.00448838005190641,0.292458640522228,0.311780647835191
"SHKBP1",-0.00451623275124595,0.289474003336887,0.308744870888262
"CWC22",-0.00454333635476298,0.286589397072974,0.30576470153233
"OXR1",-0.00455905946328362,0.2849249309537,0.30403684630334
"STX6",-0.00455941371942059,0.284887504468875,0.30403684630334
"PGM2",-0.00457234438725946,0.283523679720024,0.30273272245532
"ASNSD1",-0.0046195573310991,0.278581621882547,0.297549817622101
"PBXIP1",-0.00464194431575485,0.276258850695285,0.295208801888861
"CUL4B",-0.00464991041336474,0.275435519523492,0.294375521261197
"MOGS",-0.0046574896746556,0.274653725513321,0.293586377580326
"RAB5B",-0.0047186178615306,0.268403811207087,0.287132621451126
"MX2",-0.00472590971598776,0.267664845792466,0.286387406615424
"ZNF143",-0.00473122775189315,0.267126792157905,0.285856955014181
"TMEM131L",-0.00473662385813046,0.266581600439001,0.285318695673276
"NUDCD3",-0.00475234651792965,0.264997439780816,0.283713015100253
"GCNT2",-0.00479911097162721,0.260324003161268,0.278930362182778
"CFLAR",-0.00480075048510802,0.260161198625302,0.278800105231521
"MON1B",-0.00481302477447126,0.258944593821869,0.277584334680459
"MAT2B",-0.00481791509696753,0.258460973958497,0.27710983903162
"RSRP1",-0.00485898512428938,0.254424130159499,0.272868265229754
"PCNA",-0.0048877756506991,0.251620544157889,0.270075646777502
"SNX11",-0.00490486497047427,0.249966634997571,0.268343032584722
"BBC3",-0.00491305580309157,0.249176621878819,0.267579914314278
"BAIAP2-DT",-0.00497751240830162,0.243020613786934,0.261052171880118
"CHMP5",-0.00503782266564895,0.237358145884353,0.255131704979986
"KDM4A",-0.00505336694623571,0.235913940107348,0.253700357732747
"NSF",-0.00511123736204149,0.230591934913213,0.248134978823529
"TSEN34",-0.00516110096765738,0.226075178642784,0.243390809363672
"TRIM5",-0.00522696437446928,0.220206401263301,0.237185833828449
"ARFGAP1",-0.005243765752478,0.218726962834099,0.235629859101552
"GMPPA",-0.0052638112023148,0.216971226152842,0.23377569083974
"RNPC3",-0.00527196310043693,0.21626012712593,0.233046655960857
"LRCH3",-0.00528769543413977,0.214892524684649,0.231646740974636
"FAM8A1",-0.00540743442013287,0.20468756960729,0.220892682859519
"ZNF266",-0.00541544844644742,0.204017363472452,0.220204564884618
"ME2",-0.00547799182158654,0.198841707799341,0.214721096698825
"SLC12A9",-0.00550133618675442,0.196934694805671,0.21269576223341
"LNPEP",-0.0055172102796084,0.195645603073835,0.211371032659348
"STRIP1",-0.00554409403547005,0.19347657240802,0.209140252631608
"TRIP11",-0.00554738427733453,0.193212327380306,0.208909090903286
"TCIRG1",-0.00565704771310619,0.18455610489088,0.199773266917586
"NCAPD2",-0.00571735830888224,0.179919577873205,0.19494170929499
"VTA1",-0.00574527981976249,0.177802590447168,0.192709732929353
"C9orf72",-0.00578337837148434,0.17494397802827,0.189702684113734
"HEATR5A",-0.00583009083448256,0.171486028364124,0.186042528525327
"DCK",-0.0058489403278608,0.170105251865097,0.184574162712233
"NEK7",-0.00586161372967153,0.169181586218347,0.18360139717853
"MYO15B",-0.00588898233178714,0.167199743690821,0.1815089060844
"JPT1",-0.0059677245096259,0.161595100738427,0.175565559391372
"ENGASE",-0.00603913266101678,0.156636186120909,0.170342167341719
"STX16",-0.00605199119941153,0.155755621752968,0.16941180158813
"MBOAT7",-0.00607273385129578,0.154343071172761,0.167956462932406
"TMPO",-0.00608800648584867,0.15330925964367,0.166858323317909
"RIOK2",-0.00609328348091807,0.152953284240131,0.166497690347372
"TMEM245",-0.00611426947001998,0.151543832326397,0.165016564721979
"CARS",-0.00613630019799909,0.150074880277747,0.163496014430848
"ZBTB37",-0.00624400166716229,0.143049503636933,0.156018340714519
"B3GALT4",-0.0062524604124262,0.142508610841142,0.155453487882698
"COASY",-0.00626724010703006,0.141567296391306,0.154476515639383
"ARHGAP30",-0.00626778783642073,0.141532503687896,0.154463479811762
"RASAL3",-0.00626949413707858,0.141424158678118,0.154370154475744
"CYHR1",-0.00628834596082231,0.140231362112319,0.15309288539341
"ALOX5",-0.00629220471254132,0.139988167225023,0.152852066958718
"GSAP",-0.0063081456924512,0.138986937092613,0.151783343835109
"NOD2",-0.00633623671766607,0.137236012603886,0.14994387220667
"SRPK2",-0.00636225585431304,0.135629451710932,0.148284398935577
"SRP54",-0.00638132867849606,0.134461048511919,0.147078328585841
"MRTFA",-0.0063878564384033,0.134062949676585,0.146666602388899
"CCL5",-0.00639721433421754,0.133493844362681,0.146067629347157
"PLCB2",-0.00645192356109909,0.130204010699442,0.142537130236225
"PHF6",-0.00647384862047139,0.128903386217512,0.141136161006737
"IPO8",-0.00649147705960262,0.127864982176488,0.14004457224935
"KLHL24",-0.00649337977517528,0.127753292685108,0.139944914427092
"MBTD1",-0.00652175755491842,0.126096505726607,0.138174793390209
"FLT3",-0.00654691245278284,0.124641916254376,0.136603014393878
"OXLD1",-0.00655966286783028,0.12390963414012,0.135866532017734
"FBXW2",-0.00656685982538705,0.123497783148068,0.135436903789796
"COG2",-0.00658061686195569,0.122713501501648,0.134641708058214
"AC020656.1",-0.00663298311314144,0.119763674841765,0.131512458275974
"PGGHG",-0.00664759827807314,0.118950385071664,0.130640603227668
"BLOC1S1",-0.00667022505728418,0.117699819700984,0.129288136636613
"INTS1",-0.00671637063678663,0.115181381251147,0.126624604656748
"METTL22",-0.00673312421851544,0.114277596330109,0.12567189798111
"CCNDBP1",-0.00683429090462951,0.108938157756878,0.119917109181741
"NCLN",-0.00683900996388809,0.108693992632124,0.119706806350511
"TBC1D10B",-0.00687965493573362,0.106608894324572,0.117448710205057
"OTULINL",-0.00689968749183136,0.105592947264273,0.116367386545028
"AFTPH",-0.00691196792926118,0.10497395456391,0.115704093056178
"GDAP2",-0.00693447073276542,0.103847183308852,0.114518154681316
"FAM117A",-0.00700262567196974,0.100493045084985,0.110946028383341
"RALGAPB",-0.00701448977132479,0.0999180945838588,0.110329289152616
"ATXN2",-0.00701789125817026,0.099753738624633,0.110165799876044
"IFFO1",-0.00705400650746607,0.0980219587104978,0.108270946388119
"TLR6",-0.00711856542367935,0.0949861720367543,0.104969190771575
"LAT2",-0.00715952534038636,0.0930994670318566,0.102934668291477
"LTA4H",-0.00716036620819949,0.0930610521493727,0.102909024138356
"UGP2",-0.00723822223162554,0.0895589770492657,0.0991498679924817
"PNPLA2",-0.00724339314968803,0.0893301915090083,0.0989289803099763
"EDC4",-0.00724406993264397,0.0893002823394514,0.0989120591246774
"NOTCH1",-0.00725741016714585,0.0887123799862706,0.0982930844128443
"NPHP3",-0.00727301731229485,0.0880285384778696,0.0975673686309633
"RXRB",-0.00732406390494109,0.0858215245568904,0.0951523987420689
"EIF4E3",-0.00732904015208006,0.0856087883893681,0.0949321007545543
"ZBTB34",-0.00734177182914077,0.0850664448527154,0.0943461669372062
"ZNF106",-0.00736835271226066,0.0839431086135644,0.093146127906829
"CTSA",-0.00744982985879872,0.0805744361498383,0.0895500521149044
"RPA2",-0.00746512394256351,0.0799545094054158,0.0888807034018442
"DENND2D",-0.00764965383178043,0.0727759956591747,0.0810473573796211
"CCNL2",-0.00765714679011674,0.0724960315582354,0.0807488746894942
"SPSB3",-0.00770993302760635,0.070548637995101,0.0786316092128054
"GIT2",-0.00771752115739627,0.0702722564274249,0.0783364757965078
"EMSY",-0.00778748010099266,0.0677657733747701,0.0756546224879162
"USP10",-0.00782268917824187,0.0665323991165751,0.0743144804935015
"PHKG2",-0.00785069849002463,0.0655644887673666,0.0732696708357299
"GPANK1",-0.00790066800216412,0.0638665442643295,0.0713957846843802
"ARHGEF18",-0.00791381158021311,0.0634260131988911,0.070915044689549
"SNAPC3",-0.00796730973522381,0.0616587550579371,0.0690075886354433
"ARFRP1",-0.00802347583013779,0.0598474248485335,0.0670247539176636
"RBL2",-0.00803857243499485,0.0593681622480089,0.0664990299799185
"CCP110",-0.00807532048960625,0.0582148432577016,0.0652287960333644
"UNC13D",-0.00817525726129814,0.0551721978398745,0.0618913604770851
"ARMT1",-0.008215105415563,0.0539965277483034,0.0605926181089261
"PPP1R21",-0.00822048604397852,0.0538393930917431,0.0604463860334233
"AP5M1",-0.00822661890575387,0.0536607560659699,0.060255833210766
"CEPT1",-0.00822957259763282,0.0535748981198865,0.0601694163103908
"MBD6",-0.0083169842231958,0.0510854754504995,0.0574308113602971
"BRD3",-0.00833273025208125,0.050647496979866,0.0569573731006111
"DGAT1",-0.00833428799703426,0.0506043395467561,0.0569183063842319
"MSRB2",-0.00849875895943071,0.0462178691453153,0.0520798355485794
"SLC19A1",-0.00852783215843109,0.0454767787225702,0.0512618374363616
"RBBP5",-0.00857039256955103,0.0444099702418734,0.0501010860679636
"N4BP1",-0.00865202574529117,0.0424228128839995,0.0478912402585942
"CWF19L1",-0.00865482991465585,0.0423559104670049,0.0478236991762558
"GEMIN7",-0.00866675336577807,0.0420724341288846,0.0475195000242881
"FKBP15",-0.00867197266237825,0.0419488530723678,0.0473878355258611
"DHX58",-0.00871969343382078,0.0408331125246115,0.0461582801837315
"SPTBN1",-0.0087791511498578,0.0394782360617568,0.0446640485297084
"CSF2RB",-0.00879739564129025,0.0390702237922593,0.0442172385435998
"APBB1IP",-0.00880028764173846,0.0390058782672638,0.0441518069588097
"EPB41",-0.00881789653657057,0.0386160288621699,0.0437251668291962
"USP19",-0.00884213993058521,0.0380847170545739,0.0431452365961753
"CPT2",-0.00889052836955578,0.0370428171318543,0.0420000816079938
"ORC4",-0.00891989019194471,0.0364225066860394,0.0413106136058233
"MAPK1",-0.00896819707577085,0.0354212180633028,0.0402086728216908
"VPS50",-0.00898474358543313,0.0350836917977136,0.0398455972189387
"SPAST",-0.00907324914302586,0.0333245553365356,0.0378922500219168
"TECPR1",-0.00908938582052242,0.0330120935204533,0.0375495902240553
"FBXL4",-0.00912974355899124,0.0322415877019872,0.0367040536206661
"CASP8AP2",-0.00919282585280202,0.0310681066693372,0.0353860291764469
"WRNIP1",-0.00920778730037817,0.0307952283752874,0.035081135475201
"SHPRH",-0.00925274965755359,0.0299875210628793,0.0341840549496084
"ARHGAP45",-0.00931500247226871,0.0288993076964553,0.0329769146558201
"HEXD",-0.00936936417923588,0.0279770111963518,0.0319406573283578
"FAM160B1",-0.00938269958579988,0.0277546781121622,0.0316921767803291
"MSH3",-0.00941102210700282,0.0272875233189981,0.0311745429468987
"TKT",-0.009426747648976,0.0270310856831477,0.0308920166165926
"LTB",-0.00944767177096619,0.0266931016515862,0.0305160737684096
"ZC3H7A",-0.00952504991776914,0.0254747365771986,0.0291527918074542
"MUS81",-0.00953416340612896,0.0253344564502093,0.0289971660842839
"CYB5R1",-0.00955942751631297,0.0249490664450957,0.0285705688067906
"GATAD1",-0.00964569542159702,0.0236711108522857,0.0271208914543812
"MGST1",-0.0097768190043462,0.0218374923990845,0.0250625167391292
"EHMT2",-0.00986439549061336,0.0206828137191305,0.0237615129235414
"CITED4",-0.00987675495611003,0.0205242198252368,0.0235833192111533
"PHF3",-0.0099462512046439,0.0196520597911592,0.0226080612979458
"SCAND1",-0.0100098914628293,0.0188819616605292,0.0217443268245339
"NIN",-0.010048852466398,0.018423639283714,0.0212237562101193
"CXorf38",-0.0101683986980781,0.0170775660851798,0.0197033147272867
"TMEM260",-0.0102043044513881,0.0166904940415699,0.0192731733928359
"GOPC",-0.0102147321368466,0.0165795343449787,0.0191483142648447
"ASH2L",-0.0102193711629428,0.0165303796085264,0.0190948054900473
"TMTC2",-0.0103715054296246,0.014987728984715,0.0173454357524235
"SNX18",-0.0104172299709039,0.0145495658143401,0.0168412282949415
"PAM16",-0.0104577524362543,0.0141707326954915,0.0164111551480332
"GOLM1",-0.0104627456210816,0.0141246603901748,0.0163634045404338
"DCLRE1C",-0.0105272890867962,0.0135409045350874,0.0157059625256006
"FKBP5",-0.0105547456046795,0.013299109788173,0.015444053809316
"ZMYND8",-0.0105729916845678,0.0131405448357128,0.0152677820302894
"DIP2A",-0.0105926355513169,0.0129717035258302,0.01507679001859
"CNIH4",-0.0105946548596704,0.012954456583389,0.0150593330399404
"NFKBIL1",-0.0107063691453252,0.0120313529624269,0.0140006845746933
"NOSIP",-0.0107235101198568,0.0118949987513864,0.013851547805395
"FTX",-0.0107822595132319,0.0114379933038753,0.0133331504702588
"C21orf91",-0.0107955535289432,0.0113367686575928,0.0132219929090883
"METTL17",-0.0108164656815876,0.0111791463161199,0.0130404085996008
"AP5B1",-0.010828173348271,0.0110917539638483,0.012940698628055
"PAPOLG",-0.0108490642028147,0.010937319942731,0.0127649266585197
"TBC1D14",-0.0108574694696564,0.0108757256833208,0.0126952315857962
"COQ8A",-0.0108701109205577,0.0107836688900216,0.012594297005603
"WRAP73",-0.0108727869395129,0.0107642708193395,0.0125738139270136
"ACTR6",-0.0109142450505879,0.0104676850427118,0.012233711075847
"TDRD7",-0.0109737013886983,0.0100550317032504,0.0117595691654862
"LILRA6",-0.0110293772004842,0.00968181695018944,0.0113309268478849
"CARD8",-0.0110482676163124,0.00955802251306731,0.0111899203828308
"XAF1",-0.0110992745721959,0.00923078039021247,0.0108142966935066
"TTC9C",-0.0111040104752878,0.00920090979293882,0.0107830388472975
"SP100",-0.0111294659419701,0.00904182863479784,0.0106039554900032
"MED16",-0.0111544094646094,0.00888833364812913,0.0104257501379252
"TNPO3",-0.0111752990293145,0.00876158086463364,0.010278856190489
"FAS",-0.0111788928575066,0.00873993796636677,0.0102552448091992
"ARFIP1",-0.0111803124288743,0.00873140213656025,0.0102470074371262
"TRAPPC6B",-0.0113096920707887,0.00798403718011942,0.00938131306478753
"PRKCD",-0.0113350883332576,0.00784424707421465,0.00922186653951752
"LEMD3",-0.011363749194119,0.00768912415236789,0.00904421857935965
"BICD2",-0.0113672270495174,0.00767048901792491,0.00902386919265535
"INPP4A",-0.0113878819028466,0.0075606473599037,0.00889929261843818
"PCSK5",-0.0114110821427187,0.00743895277527266,0.00876062701857141
"HDAC7",-0.0114209447763404,0.00738775361012492,0.00870336333125189
"MAU2",-0.0114238448835815,0.0073727587532524,0.00868721190845931
"AP1G2",-0.0114356106573891,0.00731220409499023,0.00862036824520121
"CASP2",-0.0114818418137096,0.00707856549660704,0.00835221314529846
"PIGM",-0.0114829677086138,0.007072960121679,0.00834705592296592
"CBR4",-0.0115125361394605,0.00692717035186834,0.00817928724222526
"XPC",-0.0115469426423193,0.00676092818939543,0.0079871807598292
"CEP350",-0.011552920548378,0.0067324130940779,0.0079548837694968
"NARS",-0.011559745323213,0.00669999055424084,0.00791795772368857
"LINC02035",-0.0116039943633482,0.00649315965059745,0.00767621129527703
"ABHD18",-0.0116082445928847,0.00647359852752817,0.00765442456184295
"EXOC3",-0.0116509538405858,0.00627995769501385,0.00742936027576354
"FOXN2",-0.0117032666246207,0.00604988793881454,0.00716470351275619
"IFIH1",-0.0117458922295799,0.00586806660504756,0.00695546955061826
"ACPP",-0.011840232535486,0.00548305211746107,0.00650709414887735
"SPINT1",-0.011854151875494,0.00542821776688908,0.00644314963517154
"LIMK2",-0.0118731370251222,0.00535422510339232,0.00635643826585346
"ARL6IP6",-0.0118790489462342,0.0053313706733477,0.00633264179945605
"ENTPD1",-0.0118808003149858,0.00532461713049253,0.00632573122812511
"LRCH4",-0.0119564508258249,0.00504017031645651,0.00599728819246084
"SNTB1",-0.0119776152329959,0.00496308961021086,0.00590660955019109
"DOP1A",-0.0119857667920905,0.00493368714789436,0.00587265119840031
"PIK3C3",-0.0120125939149108,0.0048380314491357,0.0057618338255428
"IRAK4",-0.0120211452469568,0.00480789510338406,0.00572695186645166
"CGAS",-0.0120416717887514,0.00473624813113686,0.00564359774667189
"CHD8",-0.0120664862496948,0.00465092540468796,0.00554583891730076
"MFSD14B",-0.0120991582915907,0.00454070787349246,0.0054153688362467
"TMEM161B-AS1",-0.0121000305747776,0.00453779796896971,0.00541285322304238
"NBR1",-0.0121102455170411,0.00450384679606399,0.0053742513568988
"VRK3",-0.0121116363826689,0.00449924185101637,0.00536970417559076
"XRN2",-0.0121360180090796,0.00441920775118066,0.00527698050260198
"TMUB2",-0.0122290479126504,0.00412554782043019,0.00493241888840469
"KLHL2",-0.0122311291189474,0.00411918565000637,0.00492568344175682
"RBM10",-0.012325783343634,0.0038390730606477,0.00459397751558214
"HK3",-0.0123418379803634,0.00379331654305352,0.0045408309397282
"EEF1D",-0.0123695099186225,0.00371561194217801,0.00444938936256917
"TRIM34",-0.0124233905886133,0.00356844928584524,0.00427771021659569
"MIB1",-0.012467498507297,0.00345194739055814,0.00414172427818342
"ARRDC1",-0.0124789778939415,0.00342220012655008,0.0041074906897932
"FPR1",-0.0124840872698955,0.00340903507710815,0.00409241586582532
"DOK1",-0.0124920083982695,0.00338871626420922,0.0040694690341596
"AC009950.1",-0.0125178958416005,0.00332307795017195,0.00399135370778337
"RNF213",-0.012537563350817,0.00327398678669852,0.00393308895964262
"MHENCR",-0.0125607056396826,0.00321706894031656,0.00386677388541872
"CEP192",-0.0125704345750974,0.00319341124008259,0.00384038658737076
"CRLF3",-0.0125839700480742,0.00316076094416999,0.00380247415365361
"STAT5A",-0.012604747925065,0.0031112322162683,0.00374422232363652
"PCED1A",-0.0127199588237116,0.00284921358962605,0.0034356220937153
"TOP3A",-0.0128070765829838,0.00266463935789349,0.00321650182087446
"SETX",-0.0128146556567095,0.00264910999769595,0.0031988984987359
"MYCL",-0.0130331598271877,0.00223546336576959,0.00270471864995851
"NUP85",-0.0130798790290261,0.00215508644072383,0.00260887008518062
"SUPT20H",-0.0130968050808167,0.00212662640041971,0.0025753396190646
"TMEM203",-0.0131569856193736,0.00202820514360232,0.00245835334813469
"C1RL",-0.01316317231123,0.00201832782057048,0.00244681986639358
"EHBP1L1",-0.0131703028414543,0.00200699838439743,0.00243395804070153
"UEVLD",-0.0132346872149287,0.00190731181532927,0.00231472539641738
"ANAPC4",-0.0132468246353538,0.00188903668357001,0.00229336990799369
"ARHGAP19",-0.0132952322471142,0.00181773859143506,0.00220760384707966
"MAPKAPK5-AS1",-0.0133274254456436,0.00177170043607227,0.00215246480652015
"FRA10AC1",-0.0134196349730703,0.00164570224089901,0.00200118576451767
"DEF6",-0.0134391450293113,0.00162012300678498,0.00197043562670863
"BMT2",-0.0134908156255874,0.00155413622883229,0.0018922231304043
"SIN3B",-0.0135023696299338,0.00153972370224531,0.00187535073876428
"PIAS4",-0.0135185351562,0.00151976526881563,0.00185204271493555
"TTC13",-0.013527619855164,0.00150865389447974,0.00183883341997071
"XRCC4",-0.0135724570909677,0.0014549021299767,0.00177427729090412
"DPEP2",-0.0136198753174243,0.00139998084322021,0.0017082242340754
"TRIQK",-0.0136219663846046,0.0013976034931442,0.00170580764068562
"GTPBP2",-0.0136542358196114,0.00136138497020492,0.00166263074124918
"AZI2",-0.0136679396542139,0.00134626759977972,0.0016451775867376
"SLC36A1",-0.0137781053746502,0.00123024881478589,0.00150574081042132
"CAMK2G",-0.0137846184062617,0.00122368764777907,0.00149825284075232
"STXBP3",-0.0138000348863349,0.00120828580439835,0.00147966316311125
"RAB29",-0.0138153820456591,0.00119313124983251,0.00146163442292401
"PIBF1",-0.0138510640516484,0.00115857328463115,0.00142058650297265
"RNF111",-0.0138890242556968,0.00112282611993728,0.00137750451767301
"TPRG1L",-0.0139483426188233,0.00106900244012228,0.00131194871985238
"PWWP2A",-0.0139733839424524,0.00104700542984362,0.00128518585896381
"TRANK1",-0.0139815554418215,0.00103991847851601,0.00127695038744038
"CHIC2",-0.0140912372472929,0.000948992820796366,0.00116699535492983
"RGS14",-0.0141841593020073,0.000877783230144908,0.00108060677695006
"PHF12",-0.014187211461857,0.000875530536873598,0.00107822622218623
"FLI1",-0.0142040824963866,0.000863175008638619,0.00106359144038741
"RETREG3",-0.0142558497850784,0.000826265052508238,0.00101904013498873
"YPEL3",-0.0142993353250907,0.000796397246860026,0.000982741702139193
"FIG4",-0.0143096098832767,0.000789488106611991,0.00097439377305653
"ING1",-0.0143098448256367,0.000789330771879898,0.00097437746004747
"SCCPDH",-0.0144238224798636,0.000716342877027242,0.000885410272683946
"CSAD",-0.014459787370126,0.000694646663295502,0.000859378973566494
"SMCR8",-0.0144950139309157,0.000673989260378777,0.000834280737718951
"PRKAR1A",-0.0146320422304878,0.000598944983276247,0.00074288516454425
"PHKA2",-0.0146505776907699,0.000589413210274419,0.000731196828378963
"MAP2K4",-0.0147390191675406,0.000545846062471853,0.000678269661527696
"AP3S2",-0.0148810974428253,0.00048208782044166,0.000600014690253703
"KIAA0513",-0.0149136632959654,0.000468486980536127,0.000583429816799549
"CKLF",-0.0149434939526136,0.000456343413889343,0.000568725865678497
"DAXX",-0.0150497653167186,0.00041542809962592,0.000518212063020451
"G6PD",-0.0152418664899654,0.000350029338167697,0.000438087440827805
"P2RY8",-0.0152656037607766,0.000342652819416413,0.000429014020754513
"RNF34",-0.0152717074906232,0.000340779687200895,0.000426747817218976
"ERCC5",-0.0152945814477189,0.00033384493189993,0.000418218563011937
"CLU",-0.0153089274680846,0.000329563226673811,0.000412931240834255
"CLEC2D",-0.0153115115141396,0.00032879747661308,0.000412048144463583
"PINK1",-0.0153499783133973,0.000317593406006253,0.000398081019282217
"VPS54",-0.0154302642253033,0.000295350375941096,0.000370750815398765
"ARID3A",-0.0154960603093647,0.000278218551555654,0.000349569899101985
"NSFL1C",-0.0155439763871924,0.000266333189014239,0.000334947673163183
"ZNF438",-0.0155644315960994,0.000261405769414731,0.000328811982700092
"BATF",-0.0156490875745687,0.000241907819355662,0.000304739848456052
"PKN2",-0.0156842207384822,0.000234223687598177,0.000295279946270982
"RGL2",-0.0157112233517056,0.000228474132478035,0.000288192837627611
"NAPRT",-0.0157297442618715,0.000224607425808332,0.000283421203040338
"ATM",-0.0157480153061758,0.000220853140303131,0.000278944158712772
"R3HDM4",-0.0158640828842283,0.000198345778019821,0.000251314806070466
"C11orf54",-0.0158719926362993,0.000196893177051318,0.000249567823405317
"SCPEP1",-0.0158777664164882,0.000195839158184426,0.000248324934074438
"COG4",-0.0160221747909062,0.000171139222030089,0.000217372211186442
"GMIP",-0.0160366085392892,0.000168838478868982,0.000214490220900637
"PDCD10",-0.0161359514003199,0.000153775082000909,0.000195721635807257
"NCF4",-0.0161491546162149,0.000151871077002937,0.000193371064334624
"VPS8",-0.0161948429498916,0.000145452337172757,0.000185477791705962
"ITGB2-AS1",-0.016222210970362,0.000141730672856802,0.000180834323303422
"ARHGAP25",-0.0162869573434738,0.000133280013222954,0.000170244883695521
"TRIM21",-0.0163837747008199,0.000121524472287405,0.000155522800896299
"MINDY2",-0.0164428268580919,0.000114841813254785,0.000147165560920318
"RASSF1",-0.0165367533236432,0.000104921979481958,0.000134657840409551
"NPEPPS",-0.0165369100425916,0.000104906125023254,0.000134657840409551
"HEATR5B",-0.0165586488289062,0.000102728696248619,0.000131968214960462
"CTU1",-0.0166127130462418,9.74969369851187e-05,0.000125390296929121
"TTN-AS1",-0.0167219726148985,8.76821932249179e-05,0.000112831996268304
"RNF31",-0.0167447329035847,8.57587011503053e-05,0.000110440872090898
"DSC2",-0.0169468522010771,7.03419529733873e-05,9.08119045356257e-05
"OSBPL9",-0.0169811848917157,6.79990524906624e-05,8.78543080239573e-05
"HIPK1",-0.0170003856553971,6.67211648686592e-05,8.6285729854056e-05
"RCBTB2",-0.0170191216132887,6.5496143878854e-05,8.47177020786171e-05
"TOR1B",-0.0171639150071797,5.67219194637473e-05,7.35372766048696e-05
"KDM5A",-0.0172678195453439,5.11247436776107e-05,6.63953883988333e-05
"HINT3",-0.0173097370146328,4.9018391770462e-05,6.36965878839311e-05
"SMARCD2",-0.0173104082479933,4.89853412124347e-05,6.36658769583374e-05
"MLLT1",-0.0173243813764827,4.83021028334056e-05,6.28141021843922e-05
"PLCL2",-0.0173420446049129,4.74513545191988e-05,6.17617365936511e-05
"ZRSR2",-0.0174100361969567,4.43072942499188e-05,5.77078821852632e-05
"PSMC6",-0.0174932249023588,4.07289743761831e-05,5.31086973495418e-05
"SLC38A10",-0.017544116420953,3.86769672053454e-05,5.05206675570595e-05
"C11orf68",-0.0175910061944899,3.68735003882675e-05,4.82395000242021e-05
"CREB1",-0.0175982861574701,3.66007627458448e-05,4.78919599234868e-05
"CARHSP1",-0.017669181829683,3.40429934485502e-05,4.45623772905417e-05
"SVIL",-0.0177060904627602,3.2779535208579e-05,4.29334439258433e-05
"ALDH1A1",-0.0177165216520624,3.24306083615066e-05,4.24846624941186e-05
"VCPIP1",-0.0177415964928535,3.1606225334631e-05,4.14287881906631e-05
"KIAA0040",-0.0177417023996663,3.16027860497854e-05,4.14287881906631e-05
"SPOP",-0.0178236202175032,2.9046419552522e-05,3.81399966196545e-05
"ARL11",-0.017874988037038,2.75450251570232e-05,3.61896453724512e-05
"PRR14L",-0.0178761305180595,2.75124863777743e-05,3.61539203887526e-05
"LMO4",-0.0179166844297492,2.63808662930287e-05,3.46870939337159e-05
"SKAP2",-0.0179654112854345,2.50797022023272e-05,3.30019203172313e-05
"CLEC4E",-0.0180415004280009,2.31692382558989e-05,3.05295692551418e-05
"CDC40",-0.018051796083937,2.2921627981966e-05,3.02209685620266e-05
"PPP2R5A",-0.0180597522437049,2.27320095783043e-05,2.99826603119227e-05
"INPPL1",-0.0182231447082359,1.91526483357818e-05,2.53208946809192e-05
"AC005632.3",-0.018237220691726,1.88707871903933e-05,2.49580188173414e-05
"SLC16A3",-0.0182881216616817,1.78841519405391e-05,2.36849261700882e-05
"DYNC1I2",-0.0183005723287914,1.76504060791827e-05,2.33805633819268e-05
"TRAPPC11",-0.0184207042546301,1.55397228084151e-05,2.06291117038473e-05
"TRPM2",-0.0184428695137075,1.51775521333955e-05,2.01562423833995e-05
"TCHP",-0.0184830689663711,1.45411480147451e-05,1.93300632575092e-05
"RSAD2",-0.0187292569758751,1.11650846415892e-05,1.48919189705632e-05
"MAN2A2",-0.0187382337314022,1.10573764402832e-05,1.47511685305357e-05
"NSUN5",-0.0187591770199765,1.08099306044902e-05,1.44239077988865e-05
"SLC4A1AP",-0.0187824677734544,1.05409601128253e-05,1.40761270635615e-05
"AKAP10",-0.0188098815719261,1.02325609586508e-05,1.36696986053029e-05
"SIRPB2",-0.0189950799350102,8.36396782754868e-06,1.11955625583165e-05
"MLKL",-0.0190476406827002,7.8961465445864e-06,1.05798348767239e-05
"ZBTB48",-0.0191448928440913,7.09571273198734e-06,9.52056236970955e-06
"RHOT1",-0.0192945742366545,6.01349754474504e-06,8.09582972919578e-06
"RPS4Y1",-0.0193137990176283,5.88652651391541e-06,7.92962856357483e-06
"ZKSCAN1",-0.0193392318277836,5.72249199025126e-06,7.71634789511144e-06
"USP33",-0.019342361689533,5.70261023841395e-06,7.69260730684691e-06
"NUP214",-0.0194319153464719,5.16095498415769e-06,6.9744586543854e-06
"DTX3L",-0.0195308935747951,4.61966306935947e-06,6.25546605486468e-06
"NMT1",-0.0195925165600516,4.31059732258625e-06,5.84867519526503e-06
"F11R",-0.0196861885712814,3.87843745119101e-06,5.26971776678103e-06
"LILRA5",-0.0197227212206147,3.72141656645438e-06,5.06145592552767e-06
"RBM6",-0.0197376557149842,3.65899749306035e-06,4.97756178080101e-06
"MIIP",-0.0197719169421716,3.51957187502957e-06,4.78981993701186e-06
"LTN1",-0.0197773393727383,3.49797766138815e-06,4.76139057150097e-06
"MPPE1",-0.019882172043628,3.10463181504514e-06,4.23279203499097e-06
"TRMT1L",-0.0199031109256946,3.03132179435876e-06,4.13451011734105e-06
"STAT5B",-0.0199382781033686,2.91191832696224e-06,3.97566231999025e-06
"SIPA1",-0.0199717727704843,2.80239836839313e-06,3.83000108524479e-06
"ATG9A",-0.0200171710989448,2.66024891886757e-06,3.6394056941448e-06
"RFX1",-0.020033482985239,2.61088432035032e-06,3.57404107914325e-06
"OGT",-0.0200562418341495,2.54347615453434e-06,3.4831764798069e-06
"SFXN5",-0.0200757483261021,2.48703331458817e-06,3.40726083889171e-06
"GBA",-0.0201492129016397,2.28505995188181e-06,3.1362749359872e-06
"DDX23",-0.020303462130498,1.91099392263133e-06,2.62713092942464e-06
"TM6SF1",-0.0203361866687498,1.8395748896215e-06,2.53152164232261e-06
"SENP7",-0.0204007325402085,1.70615277958597e-06,2.35222245978401e-06
"MAVS",-0.0204105710206404,1.68665090753928e-06,2.32628453404184e-06
"INPP5D",-0.0204345674120529,1.63997955391376e-06,2.26283709469611e-06
"PSD4",-0.0204849890737101,1.54592369857384e-06,2.13523802370945e-06
"BAZ2B",-0.0205213247618823,1.48138200938681e-06,2.04776605304932e-06
"SLC15A4",-0.0205444139439196,1.4417243444438e-06,1.99457710104042e-06
"LINC00937",-0.0206901610341471,1.21397022648711e-06,1.68293063384855e-06
"ZNF518A",-0.0206939474912152,1.20854127513545e-06,1.67574806423108e-06
"CNTRL",-0.0207797412021969,1.09161057181974e-06,1.51578950011774e-06
"MT1F",-0.0208337736525857,1.02364044692053e-06,1.42286863931532e-06
"CREBZF",-0.0209204113526022,9.23077421045762e-07,1.2849344129484e-06
"ARHGEF40",-0.0210612036027244,7.79627702541372e-07,1.08816327350995e-06
"HGF",-0.0210955688687274,7.48021059877558e-07,1.04426396568907e-06
"P2RY13",-0.0211212756850324,7.25188653269491e-07,1.01301662908162e-06
"GLE1",-0.0212544844126627,6.17225532678167e-07,8.64166872320789e-07
"CPSF2",-0.0214115096981566,5.09791768300637e-07,7.15083432672325e-07
"TXNRD2",-0.0214343173937408,4.95772351592209e-07,6.96140575101749e-07
"CDK5RAP3",-0.0215056189481611,4.5430201411949e-07,6.38705742870008e-07
"MICU1",-0.0215386246178018,4.36257971173154e-07,6.14231599979528e-07
"UNKL",-0.0215486840735022,4.30897372408582e-07,6.06810484243787e-07
"SYNRG",-0.0216408970675353,3.84630082824118e-07,5.42785220199094e-07
"LYZ",-0.0216721898632373,3.70047932241484e-07,5.22643423832186e-07
"SLC16A5",-0.0216817680034458,3.65692279039274e-07,5.16599560924474e-07
"CARD8-AS1",-0.0216969746810279,3.58878513016019e-07,5.07079963741129e-07
"NACC2",-0.0217181705623587,3.49585215582687e-07,4.94155476176991e-07
"FGL2",-0.0218979745041309,2.79560648611883e-07,3.96083307892905e-07
"PIGBOS1",-0.0221590861762173,2.01449504410337e-07,2.86555880353101e-07
"SEPHS2",-0.0221695121965505,1.9881586533409e-07,2.82928660392293e-07
"RNF146",-0.0223677430202855,1.54635186718177e-07,2.21314245851311e-07
"SOS1",-0.0224399812457983,1.41029000607026e-07,2.01969301653062e-07
"CD36",-0.022503186417267,1.30080136534091e-07,1.86684738507109e-07
"SACM1L",-0.022628156758885,1.10800761716593e-07,1.59184859746257e-07
"Z83843.1",-0.0226438244589083,1.08588232330678e-07,1.56072499742286e-07
"PANK2",-0.0226873514579503,1.02663584649711e-07,1.47619841730475e-07
"RELCH",-0.0227202743967908,9.83913664370752e-08,1.41657586984895e-07
"MAP4K4",-0.0228636031659895,8.17148807874401e-08,1.17974441384557e-07
"AKNA",-0.0228658810922015,8.14733237976298e-08,1.17650820631306e-07
"TTC14",-0.0228945230471668,7.84944455281768e-08,1.13421873523403e-07
"WSB1",-0.0230005665996881,6.83567355508798e-08,9.90059745200296e-08
"S100PBP",-0.0230445997523941,6.45307051207821e-08,9.35259465935784e-08
"GPR155",-0.023071062340913,6.23320674250045e-08,9.03962050322727e-08
"GCHFR",-0.0230834289054042,6.13296471811772e-08,8.89615414271485e-08
"ABHD3",-0.0231890287041718,5.33827612768329e-08,7.75173644743702e-08
"PHF23",-0.0232406236438799,4.98723395704086e-08,7.24821341005014e-08
"TIA1",-0.0233960515787761,4.05969565275121e-08,5.90906400608201e-08
"EXOC1",-0.0235589655208594,3.26753126542174e-08,4.7642395698763e-08
"SIGLEC1",-0.0235875080159866,3.14513602310346e-08,4.58973983427639e-08
"TACC3",-0.0235931025830346,3.12167243715729e-08,4.55648258800095e-08
"AGO4",-0.0236239917547515,2.99514908028282e-08,4.37463878414174e-08
"DHRS7",-0.0236559994561419,2.86929669012394e-08,4.19444646960604e-08
"CRYBG3",-0.0238202076608768,2.30015367761801e-08,3.3726608142215e-08
"SEMA4D",-0.0238441236046604,2.22699858969944e-08,3.26752115124954e-08
"ELMOD2",-0.0241143919936954,1.54229085485329e-08,2.27673110691334e-08
"STX3",-0.0241993246271043,1.37301310042091e-08,2.03038967015436e-08
"MCMBP",-0.0241996452007257,1.37240971851239e-08,2.0299413928817e-08
"S1PR4",-0.0242134595288434,1.34665177586817e-08,1.99315075670856e-08
"PARP12",-0.0242841514966098,1.22201959633296e-08,1.81225586549839e-08
"HERC4",-0.0243350041654207,1.13937261873667e-08,1.69191703827776e-08
"SLFN5",-0.0245095519884779,8.94991763325555e-09,1.33429753293144e-08
"AC127502.2",-0.0247938144690778,6.01933634081206e-09,9.0216654844226e-09
"INTS8",-0.0249014527838781,5.17398267109059e-09,7.76844255812647e-09
"RASSF3",-0.0250167347033371,4.39677573735613e-09,6.61473092128722e-09
"HELZ",-0.0250587166917663,4.14299100516895e-09,6.24264813593654e-09
"DOK3",-0.025138580617369,3.69897530469386e-09,5.58106941196946e-09
"CYBC1",-0.0251455178834606,3.6626708069968e-09,5.52876028714118e-09
"ACAP1",-0.0251622124567769,3.57671968139951e-09,5.4014299231499e-09
"ZNF148",-0.0251953796500545,3.41174641632585e-09,5.15805400732984e-09
"DENND10",-0.0252283049088675,3.25531315456845e-09,4.92485393556439e-09
"ACOX1",-0.0253970789962394,2.55686353989785e-09,3.87947809543298e-09
"MRPS31",-0.0255159425357476,2.15496450087172e-09,3.27482917293633e-09
"SELENOO",-0.0256806077721083,1.69828207140612e-09,2.59189279566068e-09
"JAK2",-0.025899467355532,1.23468985260343e-09,1.89376998490286e-09
"SPTSSA",-0.0259320854259668,1.17713861731208e-09,1.80590746350056e-09
"KIAA1958",-0.0259420907333158,1.1600155018225e-09,1.78044604036819e-09
"MAP3K5",-0.0260028888898275,1.061067890006e-09,1.63079790960003e-09
"SLC25A40",-0.0260987471580698,9.21548476705145e-10,1.41765398202582e-09
"SAP25",-0.0261887826025209,8.06894098962078e-10,1.2435402332078e-09
"BRD8",-0.0262166602530504,7.74304798800093e-10,1.19385969092074e-09
"ZFP36L2",-0.0262249260662007,7.64891242339288e-10,1.17961443646349e-09
"AGGF1",-0.0262283109821897,7.61068616462737e-10,1.17398697602203e-09
"BAG4",-0.0262851836143878,6.99560287887374e-10,1.08009296789371e-09
"MT-ND5",-0.0264071754559401,5.83533418809145e-10,9.02601108343314e-10
"ELOB",-0.0264299044273036,5.64096168921223e-10,8.73735211472254e-10
"TMOD2",-0.0264586735154065,5.40397627097836e-10,8.37220063429989e-10
"TNFAIP8L2",-0.0265938473771495,4.41442269966559e-10,6.85482587791434e-10
"GYG1",-0.026677770794562,3.8915542537038e-10,6.05541963389906e-10
"AKAP13",-0.0269805240685884,2.46172375095235e-10,3.85271163893261e-10
"UBXN2B",-0.0270299364477025,2.28336702436148e-10,3.57771597953834e-10
"UBA3",-0.0270507010469149,2.21224088537715e-10,3.46787865199047e-10
"ALPK1",-0.027063243264233,2.17033262025813e-10,3.40583781446852e-10
"CLK2",-0.0270796445389495,2.11669824833279e-10,3.32272970907313e-10
"PUM1",-0.0272182117996434,1.71235540255565e-10,2.69300648445656e-10
"FAR1",-0.0272626387095974,1.59948850435951e-10,2.51784441862041e-10
"S100Z",-0.0274488132783289,1.20055843373076e-10,1.89737624367781e-10
"SPTLC2",-0.0274838200544202,1.13727158710638e-10,1.79819766146545e-10
"SULT1A1",-0.0275160637928946,1.08187227864529e-10,1.71220469941967e-10
"CDKN1B",-0.027546477623389,1.03203949251353e-10,1.63448559589693e-10
"DDX60L",-0.0276028712734117,9.45508199814691e-11,1.49954983320364e-10
"FYB1",-0.0276484222367518,8.80829781062712e-11,1.39795543421714e-10
"ANKRD50",-0.0276818266811487,8.36168307742435e-11,1.32800890971261e-10
"DHX57",-0.0277265428823208,7.79833695951266e-11,1.23970270828274e-10
"VCL",-0.027782803416481,7.14205688642869e-11,1.13617521433281e-10
"ATG16L2",-0.0278046868863323,6.90165136002317e-11,1.09896525777477e-10
"LSM6",-0.0281251134717941,4.16802091586891e-11,6.67772260952363e-11
"PHF20L1",-0.028132896172354,4.11699339969065e-11,6.59753315366401e-11
"DGKZ",-0.0281713239191447,3.87386645097165e-11,6.21676028365045e-11
"PARP9",-0.0281783721804324,3.83082389078926e-11,6.15060563420236e-11
"TMEM71",-0.0282195690529732,3.58844588948051e-11,5.76556146834071e-11
"INTS3",-0.0283443593822506,2.94224857197158e-11,4.73406534866726e-11
"MIA2",-0.0283762234895789,2.79642689971863e-11,4.50372612410616e-11
"IGHA1",-0.0284196859197519,2.60887746867543e-11,4.2046771312788e-11
"ANKRD13D",-0.0285260563926837,2.20027853638736e-11,3.55292170635656e-11
"RALGAPA2",-0.028538942181379,2.15525231767774e-11,3.48104656469642e-11
"ZNF638",-0.0285958220597069,1.96704566622167e-11,3.18238711398055e-11
"ERLIN1",-0.0286899580213575,1.69032892973758e-11,2.74126022882125e-11
"ROGDI",-0.0287231502994591,1.60215794560344e-11,2.60139045874756e-11
"MAST3",-0.0287419417523881,1.55425445082909e-11,2.52543002692994e-11
"DPYD",-0.0290223599733843,9.85844503052197e-12,1.60919717168902e-11
"GLT1D1",-0.0290552348997731,9.34347469103455e-12,1.52624383633932e-11
"PLXNC1",-0.0291102733811948,8.53971177826133e-12,1.39562463942047e-11
"EXOC6",-0.0291348230602208,8.20342843370054e-12,1.34228895547554e-11
"ARHGEF3",-0.0291789993580793,7.63067534632023e-12,1.25069081252051e-11
"DDX60",-0.0291803763172018,7.61346757661253e-12,1.24817299431322e-11
"PCMT1",-0.0294311655815203,5.0380564192381e-12,8.29573781063536e-12
"ARHGAP9",-0.0295676604240297,4.01832569754225e-12,6.6360283441825e-12
"DOCK8",-0.0296294321779144,3.62620148370718e-12,5.99724761040711e-12
"PHF21A",-0.0297319898279375,3.05644888326545e-12,5.05866607093212e-12
"DCP2",-0.0297966129518966,2.7435548279125e-12,4.54859592729681e-12
"TSNAX",-0.0298695608323208,2.42800753550769e-12,4.03335600677333e-12
"ZNF516",-0.0299594471644385,2.08781950409182e-12,3.47592899954808e-12
"USF1",-0.0302779905729426,1.21853593285781e-12,2.04125902924966e-12
"DDX17",-0.0302868194400516,1.20039101362706e-12,2.01136149767845e-12
"KBTBD11",-0.0303139705013005,1.14623604768934e-12,1.92157250642887e-12
"TDP2",-0.0303165187936048,1.14127809524044e-12,1.91373541714301e-12
"FRY",-0.0303618676117793,1.0564865133837e-12,1.77287299999682e-12
"CYFIP2",-0.0303887347801425,1.00920071839787e-12,1.69478540911277e-12
"JAK3",-0.0304582570414972,8.96272456888464e-13,1.50701270356203e-12
"VSIR",-0.0307751141237167,5.20127672959672e-13,8.79585592016093e-13
"TESC",-0.0308602703131242,4.48944443751317e-13,7.60539560060801e-13
"DCAF12",-0.0308854369658065,4.29803630087636e-13,7.28661570467028e-13
"IRF2",-0.031272768098666,2.1885605220189e-13,3.73469401548959e-13
"LINC01410",-0.0313022401872241,2.07831305642052e-13,3.54835216526746e-13
"ANKZF1",-0.0313429255160412,1.93503627566682e-13,3.30623711392049e-13
"TUBA1A",-0.0319339139877093,6.78690205088103e-14,1.17446236923488e-13
"ZNF445",-0.0319452836734572,6.65023570045794e-14,1.15140188401527e-13
"IFIT2",-0.0322041322433358,4.17715136609956e-14,7.27129773074127e-14
"GASK1B",-0.0322651996074513,3.74114318297381e-14,6.52769758464169e-14
"TRABD",-0.0322939118091722,3.55192674226736e-14,6.20211175218741e-14
"SYTL1",-0.0325039167712392,2.42666398225923e-14,4.25926147041917e-14
"SLC22A15",-0.0327099410788632,1.66602051269706e-14,2.93256044945193e-14
"AGTRAP",-0.032958569895126,1.05497398051369e-14,1.86670481084875e-14
"SMAP2",-0.0329836678980048,1.00723116067487e-14,1.78269368516303e-14
"NXPE3",-0.0330401553186991,9.07418989697088e-15,1.60940708010021e-14
"POLD3",-0.0332089861391374,6.63592666767693e-15,1.18098184259447e-14
"SMARCD3",-0.0333625262645798,4.98562634346444e-15,8.90563268379473e-15
"OAZ1",-0.0337159164045771,2.56912707892059e-15,4.6208747487582e-15
"RCSD1",-0.0338485767785136,1.9995644153594e-15,3.6127886189858e-15
"FAM193B",-0.0342656791675617,9.03621001860305e-16,1.64274847904746e-15
"TRIM22",-0.0345561457214745,5.16818241079898e-16,9.43360725686067e-16
"SOS2",-0.0347802212177881,3.34801815700813e-16,6.13773068317027e-16
"CREB5",-0.0348878865984558,2.7149987865263e-16,4.98536306238575e-16
"PIP4P2",-0.0350991780200585,1.79618517927268e-16,3.31984909706467e-16
"TCP11L2",-0.0356953490083413,5.5260765910199e-17,1.03552671374406e-16
"NHLRC3",-0.0357292376718942,5.16492403797211e-17,9.68387449271476e-17
"EXTL3",-0.0357675537081801,4.78457567469986e-17,8.98070964371064e-17
"DGCR2",-0.0358747751660208,3.86096902165925e-17,7.25918007659572e-17
"C11orf21",-0.0358797296641359,3.8228353164168e-17,7.18948249632657e-17
"USP48",-0.0359148544106305,3.56293721359654e-17,6.70816443918859e-17
"HRH2",-0.0359362810499725,3.41303802501567e-17,6.4295207821485e-17
"SELPLG",-0.0359445903261002,3.35659621845289e-17,6.32672066712015e-17
"ADD3",-0.0360784195981635,2.56468360528376e-17,4.84082240517127e-17
"GNLY",-0.0360845462280947,2.53322412939997e-17,4.78277808960435e-17
"TFEC",-0.0363412857041175,1.50748712944507e-17,2.86295519162306e-17
"SLC25A37",-0.0364788927015237,1.13970030222898e-17,2.17056725165355e-17
"DLEU2",-0.036503375504342,1.08425937885534e-17,2.06614364724942e-17
"ZBTB16",-0.0366892565214635,7.4171970870043e-18,1.42061386700385e-17
"SAMD9L",-0.0367077543349532,7.14144011137731e-18,1.36896162724758e-17
"GMCL1",-0.0367426206537995,6.64889941406763e-18,1.27599230594695e-17
"CYP27A1",-0.036819831557796,5.67438049964503e-18,1.08959064351321e-17
"BST1",-0.0368572303803585,5.25445528810613e-18,1.01039170087843e-17
"PIK3CD",-0.0369277484424247,4.54440444885041e-18,8.75098788911354e-18
"TRAFD1",-0.0369587539725877,4.2630203805745e-18,8.21644168517674e-18
"ANO10",-0.0370432069053284,3.58088449565032e-18,6.91724573574052e-18
"MAP3K1",-0.0372615491367205,2.27732102706372e-18,4.42568768726008e-18
"MX1",-0.0375589769331751,1.22417133954658e-18,2.38932518091063e-18
"KCNE3",-0.0378574333479617,6.53461133802772e-19,1.28208088381908e-18
"VAMP4",-0.0378600311763387,6.49886515710372e-19,1.27543765826352e-18
"ARHGAP24",-0.0380503638936038,4.34375201221761e-19,8.56462740000095e-19
"ASGR1",-0.0380571968199353,4.2812200652854e-19,8.4437948837207e-19
"SAP30",-0.0380962255997243,3.94072381129354e-19,7.77904633230822e-19
"CD46",-0.0382596964467857,2.78249190934648e-19,5.50876363077351e-19
"DNAJC13",-0.0383168455050163,2.46289234011926e-19,4.87887931776921e-19
"HSPA1A",-0.0387124990515743,1.05310395553107e-19,2.09968618205413e-19
"FAM13A",-0.0387543281263386,9.62156364945344e-20,1.92118700041213e-19
"SLC35A1",-0.0393868922486081,2.4265583468177e-20,4.89876410356359e-20
"TRIM27",-0.0397864273369976,1.00515042781848e-20,2.04262760519408e-20
"IFIT3",-0.0398804280298945,8.15880155885427e-21,1.66299841240319e-20
"ATF7IP",-0.0399782251449644,6.56356312666955e-21,1.33945820402695e-20
"ZNF217",-0.0399927396182194,6.35473062904463e-21,1.29762409492512e-20
"ARPC5",-0.0400223572953232,5.94876748279774e-21,1.2161964605744e-20
"TP53INP1",-0.0403355525984021,2.95104733174526e-21,6.07182927873698e-21
"ACAP2",-0.0409657514345671,7.08450720834107e-22,1.47652136977787e-21
"CCR2",-0.0413061653261861,3.24831753646938e-22,6.82045803231972e-22
"NFAM1",-0.0414031003676204,2.59849238700749e-22,5.46621251666386e-22
"PFKFB4",-0.0415629391499611,1.79635207567747e-22,3.79416944194171e-22
"FAM126B",-0.0417912817293047,1.05753137393711e-22,2.24700490860743e-22
"HHEX",-0.041971711089906,6.94383862877304e-23,1.48145449571267e-22
"STX7",-0.0421025847554812,5.11209641150146e-23,1.09445483971379e-22
"PPM1K",-0.0423986429525467,2.54815570726483e-23,5.49189695148789e-23
"HSPA6",-0.0425693542063154,1.70186671089402e-23,3.6808447960187e-23
"GRK2",-0.0425887056181639,1.62558677063811e-23,3.51698949001097e-23
"SLC44A2",-0.0426790079696674,1.31207369002615e-23,2.84324686482909e-23
"IGF2R",-0.0428203413948472,9.37414906641024e-24,2.03397374319639e-23
"GAPT",-0.0428658214336435,8.41086299000967e-24,1.82672164071492e-23
"ABHD5",-0.0430952026965862,4.85939832889483e-24,1.06016108750106e-23
"RTN3",-0.043209047340881,3.69715058773047e-24,8.08684410341174e-24
"DAPP1",-0.043288987569002,3.05015821994474e-24,6.68680924936654e-24
"FBXL5",-0.043734704523017,1.03685644866947e-24,2.29616326546161e-24
"CCNG2",-0.0437689231133358,9.53997964401166e-25,2.11613524846335e-24
"SOX4",-0.0439686830284634,5.85911720480978e-25,1.30522212262665e-24
"MPP7",-0.0441158230218964,4.08581041154737e-25,9.1379967556969e-25
"CEACAM4",-0.0441397070961452,3.85316308203538e-25,8.62052799392496e-25
"ABCA7",-0.0450231480079746,4.31028513901497e-26,9.83192909071531e-26
"GTF2I",-0.0451924280046161,2.81901697586853e-26,6.45424103415073e-26
"MTMR3",-0.0452021121326194,2.75123350184696e-26,6.30545413762282e-26
"PARP10",-0.045526437254084,1.2140454024387e-26,2.80429141301266e-26
"LUC7L3",-0.0458518595021529,5.31153386518663e-27,1.23789315624015e-26
"NUP50",-0.0458596502719585,5.2070770966137e-27,1.21396718104156e-26
"NCF2",-0.0463928197220226,1.32687194946494e-27,3.1279572002554e-27
"GLRX",-0.0465613585579012,8.58469767050903e-28,2.03012035503013e-27
"RSBN1L",-0.0465952650890548,7.86319976385732e-28,1.86080131618619e-27
"NTNG2",-0.0466685062640248,6.50355389183047e-28,1.54336707134664e-27
"MSL1",-0.0468230899850032,4.35224825838497e-28,1.03757230165517e-27
"METTL9",-0.0469303648561446,3.29098744547833e-28,7.85954295968881e-28
"TMEM144",-0.0469304312844692,3.29041724895096e-28,7.85954295968881e-28
"MBD4",-0.0471066131333402,2.07632515214033e-28,4.98509742671192e-28
"LINC01001",-0.0471180777019335,2.01492141473308e-28,4.84246457021738e-28
"TBC1D10C",-0.0471225972891652,1.99121280539557e-28,4.78925285566682e-28
"PHC2",-0.0472323439111823,1.49329526131123e-28,3.60706297310656e-28
"FOLR3",-0.0472333218772984,1.48946654682195e-28,3.59910054433996e-28
"MT-ATP6",-0.0473530716963821,1.08726912320503e-28,2.63666662194734e-28
"IFIT1",-0.0475733852367013,6.08073869925231e-29,1.48364757652995e-28
"FPR2",-0.0477211017792675,4.11235340312807e-29,1.00701272577142e-28
"FAM111A",-0.0478239008236172,3.13018331121226e-29,7.69290053329918e-29
"ULK1",-0.0479028570197415,2.53727223361189e-29,6.24708578712673e-29
"RPS6KA1",-0.0480679956883199,1.63355335119344e-29,4.03229434370896e-29
"CARS2",-0.0481574340030505,1.28614578979172e-29,3.18288129018369e-29
"FBN2",-0.0482303533329011,1.05799893686241e-29,2.62211540033971e-29
"FAM160A2",-0.0484053407979169,6.61389546353175e-30,1.6433865207254e-29
"DMXL2",-0.0484388933764723,6.04300425601708e-30,1.50485273572492e-29
"BIN2",-0.0485801979434693,4.12905689264523e-30,1.02975114906582e-29
"TRAF3IP3",-0.0488257113814673,2.12488002514811e-30,5.32875142805133e-30
"LPAR2",-0.0488916076802044,1.77685061794674e-30,4.46424638719357e-30
"CREBRF",-0.0492984476623463,5.85787289254158e-31,1.48779408814702e-30
"KLHL8",-0.0493777221330266,4.71386542432118e-31,1.19994142070164e-30
"SLFN12",-0.0494654028850818,3.70538431810133e-31,9.46433826017496e-31
"NHSL2",-0.0494931948908237,3.4328736548465e-31,8.78155837321877e-31
"GIMAP4",-0.0495724919878749,2.75993627745263e-31,7.07888056595495e-31
"WASHC4",-0.049631312162713,2.346998464686e-31,6.03807329518343e-31
"NLRC4",-0.049709397460464,1.89210614002348e-31,4.86963441671061e-31
"PCNX1",-0.0499239732519228,1.04490102421557e-31,2.7088097487429e-31
"PARP8",-0.0499696097844883,9.20637577253364e-32,2.38941676000384e-31
"SPG11",-0.0505482996901643,1.83028694226911e-32,4.81313497342726e-32
"NUAK2",-0.0515280787492183,1.13876650698953e-33,3.05039633667046e-33
"CD300LF",-0.0518306190585883,4.77941090093688e-34,1.2899639561371e-33
"PTPN22",-0.0518417108419683,4.62923151370001e-34,1.24992948339161e-33
"FRAT2",-0.052386213044645,9.57689689384796e-35,2.61086289916557e-34
"HSH2D",-0.0526724287573937,4.15611601683502e-35,1.14086481485268e-34
"SORL1",-0.0539795036138614,8.67238129710352e-37,2.45125292431927e-36
"UBR2",-0.0541732017744741,4.84855906662599e-37,1.38025717260877e-36
"EDEM3",-0.0543541245285517,2.8114503470614e-37,8.03390354880901e-37
"IPCEF1",-0.0548816703381363,5.67961914532436e-38,1.65303078095299e-37
"GIMAP1",-0.0552372357241822,1.91597020484179e-38,5.62478269862585e-38
"SULT1B1",-0.055410210784172,1.12644154738392e-38,3.31990902435165e-38
"TNFSF13B",-0.0556515370281103,5.35397819829255e-39,1.58764239467789e-38
"IGLC2",-0.0557427197310752,4.03885873205679e-39,1.20188045279208e-38
"CKAP4",-0.0562936373262661,7.28414838946342e-40,2.18492135142689e-39
"LBR",-0.0569734003895044,8.59984462550288e-41,2.61436823349932e-40
"IFI44",-0.057570861401385,1.28762852438088e-41,3.96974758474197e-41
"BASP1",-0.0580908387930998,2.4270061452342e-42,7.58271189830336e-42
"IL1R2",-0.0588681815801097,1.94778141441406e-43,6.20299111768885e-43
"MT-ND4L",-0.0595074884314347,2.38600019647584e-44,7.71116029080934e-44
"CES1",-0.0604802352467962,9.36183446916658e-46,3.0845693394754e-45
"CDA",-0.0614429590164516,3.60698609545048e-47,1.210865590434e-46
"PYGL",-0.0614554469151495,3.45663586025343e-47,1.16096945112635e-46
"CDKN2D",-0.061476313384922,3.21920230631466e-47,1.08283715388027e-46
"RAB11FIP1",-0.0615123909408247,2.84635482977106e-47,9.58376743231183e-47
"TUBA4A",-0.0620358107754569,4.73336880155988e-48,1.61220687492929e-47
"FRAT1",-0.0620482152141966,4.53551064265723e-48,1.54559412575633e-47
"FBXO9",-0.0625721065494457,7.41393512607143e-49,2.554822394871e-48
"IFI16",-0.06264324578689,5.790686593484e-49,2.00055350324708e-48
"SLC24A4",-0.0629248018844157,2.1716366160367e-49,7.55658011375407e-49
"FES",-0.063199034192558,8.31935073438744e-50,2.91435908368878e-49
"ZNF770",-0.0635145989959381,2.74376161936853e-50,9.67183123490648e-50
"IRAK3",-0.063584540061138,2.14412129410328e-50,7.56202611863968e-50
"ZBP1",-0.0635860187550803,2.13296551154089e-50,7.5266074235532e-50
"QPCT",-0.0639443605940944,6.00362414683487e-51,2.13859340657274e-50
"CDC42EP3",-0.0641847955620625,2.55426696356977e-51,9.15177474334669e-51
"TMEM91",-0.0642673706828802,1.90317210924165e-51,6.83705984621829e-51
"C4orf48",-0.0644752258769715,9.05914008767262e-52,3.26660512708025e-51
"GIMAP8",-0.0646528786992317,4.79419796393702e-52,1.73334611947477e-51
"TALDO1",-0.0651016899049517,9.53064015519484e-53,3.46247491076154e-52
"MEFV",-0.065626617602628,1.42030628887561e-53,5.2188537060261e-53
"MARCH1",-0.0664475518359408,7.01660144480287e-55,2.6282128735907e-54
"FLOT2",-0.0664536709822198,6.86007913489934e-55,2.57243455524428e-54
"DDX58",-0.0668993694358388,1.31907640257385e-55,4.98227684793398e-55
"NBEAL2",-0.0671665133861765,4.88404769644162e-56,1.85824684725052e-55
"VSTM1",-0.0679544767198238,2.54703618212712e-57,9.84591859769094e-57
"FAM217B",-0.0680221502130678,1.97319113055259e-57,7.64074755650977e-57
"TYMP",-0.0680732488172343,1.62698570057176e-57,6.30375376594023e-57
"PADI2",-0.0684445759979216,3.9868744816159e-58,1.56171832967585e-57
"ITGAM",-0.0687582776845311,1.20800541611038e-58,4.75397242044371e-58
"PSTPIP1",-0.0689690630655486,5.39878637113515e-59,2.13832423287901e-58
"LTB4R",-0.0694894258238783,7.31515839790369e-60,2.92822888858655e-59
"TLR8",-0.0696798276772041,3.50719534928498e-60,1.41311965175898e-59
"HERC5",-0.069948580537765,1.23830511936674e-60,5.00728523447282e-60
"WLS",-0.0700927553490658,7.07226062954456e-61,2.87008127949285e-60
"MIS18BP1",-0.0705312402963139,1.27822178912264e-61,5.24078685036882e-61
"MYO1F",-0.0709905639415905,2.10553777316985e-62,8.72810599901984e-62
"MSL3",-0.0719715046213794,4.30107213917165e-64,1.82431296944414e-63
"NFIA",-0.0720524406836987,3.11254549187546e-64,1.32434991004216e-63
"STAT2",-0.0720577180531741,3.04755505777198e-64,1.2975138378839e-63
"STEAP4",-0.0721877663446722,1.81096476408776e-64,7.74442300442592e-64
"IGKC",-0.0723691454749341,8.74913987904843e-65,3.75335880217299e-64
"ATP2A3",-0.0733318710035789,1.78512408909116e-66,7.76155882080086e-66
"STXBP2",-0.0733825839663569,1.45213754569e-66,6.32189436343212e-66
"NADK",-0.0735143579870666,8.48672104045365e-67,3.71383307148914e-66
"IRS2",-0.074046278988966,9.61290814098192e-68,4.24512553502147e-67
"FOS",-0.0743797234029054,2.43453759013953e-68,1.08217676837169e-67
"CCPG1",-0.0750694270110452,1.39375420724969e-69,6.25708645100607e-69
"OSCAR",-0.075112894532069,1.16281483058218e-69,5.22725470050937e-69
"LIN7A",-0.0757147473822902,9.36397530470358e-71,4.26041971972415e-70
"PROK2",-0.0762452022526461,9.99816091781841e-72,4.58910834795453e-71
"STK38",-0.0775198133497126,4.34063157296219e-74,2.04082128406101e-73
"PTPRC",-0.0786261655807028,3.58996965864512e-76,1.73369891872141e-75
"GGA3",-0.0787977798481944,1.69591486633555e-76,8.22530875989573e-76
"ABTB1",-0.0788964676566243,1.10101239756691e-76,5.35921153344121e-76
"RNF24",-0.0791880087731453,3.06318368638439e-77,1.49965133263178e-76
"APAF1",-0.0799678307228403,9.76889383738655e-79,4.86358551064584e-78
"CCND3",-0.0803170035661785,2.06568044622142e-79,1.03836918192587e-78
"SLC40A1",-0.0806742236542445,4.18470095161169e-80,2.11455628803039e-79
"F5",-0.0818698045587202,1.89831571983025e-82,9.78986466954412e-82
"TSPO",-0.082156047537176,5.1545025132055e-83,2.67661993024442e-82
"TMEM154",-0.0824615435030961,1.27563111876473e-83,6.71170583188196e-83
"MOSPD2",-0.0835031451007025,1.04930615954161e-85,5.63044360687368e-85
"FGD3",-0.0835073375837662,1.02909956955223e-85,5.52640364554617e-85
"LMNB1",-0.0842364303342974,3.44632061619274e-87,1.87605263172939e-86
"NLRP12",-0.0852664689830033,2.69973464573418e-89,1.50229678516945e-88
"CRISPLD2",-0.0861443687841792,4.13001007483547e-91,2.33469883912731e-90
"SYNE1",-0.0862599892902353,2.37391381751314e-91,1.34535048786306e-90
"ICAM3",-0.086369492419969,1.40411363378574e-91,7.99765145579226e-91
"CLEC4D",-0.0871584800068551,3.12991766363633e-93,1.81955058674507e-92
"AGTPBP1",-0.0872835690677279,1.70704628360452e-93,9.94086126050833e-93
"VNN1",-0.0875248895615009,5.28731683100255e-94,3.10848252994854e-93
"CCDC88B",-0.0878900635968452,8.91833283109749e-95,5.31718238721782e-94
"RETN",-0.0880511173288932,4.05838109565047e-95,2.42820483076928e-94
"KIAA0319L",-0.0884619156366501,5.41161408538098e-96,3.27262279349381e-95
"TNFSF10",-0.0888980392392452,6.30738164753694e-97,3.85223191680192e-96
"SERPINB1",-0.089654259023852,1.47989909900239e-98,9.20478179241505e-98
"ANXA6",-0.0910828878044553,1.13106058777527e-101,7.21424588108356e-101
"S100A6",-0.0923823934829987,1.49662148578597e-104,9.72947871672977e-104
"CTSS",-0.0931307695107843,3.15307244732174e-106,2.08182840003343e-105
"MAPK14",-0.0948167833434607,4.69671297853115e-110,3.16279645894911e-109
"IL17RA",-0.0952323930404078,5.22084118880722e-111,3.55111743234664e-110
"JAML",-0.0962380647834074,2.46407673830468e-113,1.72103541608243e-112
"GIMAP7",-0.0964792555399945,6.7624092877378e-114,4.75761177881324e-113
"USP15",-0.096907770133268,6.74361341581791e-115,4.78421514211384e-114
"NAIP",-0.0982026290865961,5.97210231757994e-118,4.37932578841193e-117
"LYST",-0.0983582995465453,2.54886467921266e-118,1.87721940045281e-117
"EMB",-0.098719321726585,3.51951377818654e-119,2.61488270926585e-118
"RGS18",-0.0995198663276549,4.24979101540099e-121,3.20678984990246e-120
"PRAM1",-0.101673045081063,2.46132628665796e-126,1.93500314233657e-125
"TSC22D3",-0.10197341984569,4.48230875206683e-127,3.53203840008437e-126
"MT-CYB",-0.102041481251125,3.04504177067085e-127,2.40227857777195e-126
"MAP2K6",-0.102541817632167,1.7609868120945e-128,1.40235946249363e-127
"MCEMP1",-0.104869662834334,2.54433659263102e-134,2.11070671199734e-133
"CSF3R",-0.10499035987361,1.25638864239986e-134,1.04611374522974e-133
"AL034397.3",-0.105474275545953,7.35955419702394e-136,6.18111129516508e-135
"CR1",-0.106081478302758,2.05334613786975e-137,1.74186615284032e-136
"MT-ND4",-0.106868008054211,1.92967879728115e-139,1.65986747435342e-138
"S100A4",-0.106895583534989,1.63735474361542e-139,1.41200962009998e-138
"PGD",-0.108731016715944,2.65064122060572e-144,2.3894647056687e-143
"MSRB1",-0.109636145229299,1.07191172703581e-146,9.78029040012022e-146
"VCAN",-0.110553044695843,3.8475365297801e-149,3.56345129833469e-148
"RNF149",-0.111273972875464,4.44801143018938e-151,4.16523618829784e-150
"CLEC12A",-0.111695596366672,3.2312306771804e-152,3.05116628609172e-151
"PLCG2",-0.11454074905377,5.12246401142076e-160,5.0930851737082e-159
"DYSF",-0.115127140649256,1.19384413765921e-161,1.20651423239371e-160
"RAB27A",-0.116818497990052,2.09082070321029e-166,2.1781261593844e-165
"MT-ND1",-0.12496945921373,2.5027650306691e-190,3.02704729380211e-189
"MT-CO1",-0.130923828798505,7.47052672680147e-209,9.86488890623139e-208
"CTSD",-0.133217409673507,3.16336128985177e-216,4.34704993509915e-215
"RBP7",-0.134953421601147,6.78137108331205e-222,9.65238945142585e-221
"MARC1",-0.137102516088875,5.10878930503168e-229,7.54159923391249e-228
"MT-ND2",-0.139818719368892,3.45741301765031e-238,5.25293694659185e-237
"TXNIP",-0.140228940029506,1.37300538371272e-239,2.10974759074584e-238
"HMGB2",-0.14254152229593,1.44355447396458e-247,2.30729829751171e-246
"SELL",-0.145204242484927,6.38449826338634e-257,1.06057967466229e-255
"MT-CO3",-0.148747999593236,1.19088428730136e-269,2.09676267355325e-268
"SMCHD1",-0.148976557868027,1.75344844662822e-270,3.11975393359299e-269
"CYP1B1",-0.148996634507166,1.48165874180507e-270,2.64313845734672e-269
"PLBD1",-0.150268200456338,3.28934146539499e-275,6.01060476960419e-274
"ATP5F1E",-0.152507730540563,1.66128803446845e-283,3.20913382886891e-282
"ALOX5AP",-0.157194895776251,2.75520279926443e-301,5.82122691432088e-300
"VNN2",-0.161226213172042,4.96406331244984e-317,1.1300347514053e-315
"NFE2",-0.162126176819171,1.33002471860464e-320,3.06903697883666e-319
"PADI4",-0.164819327057256,0,0
"RGS2",-0.171858778803694,0,0
"MT-ND3",-0.189464906302656,0,0
"GCA",-0.19825366518764,0,0
"MEGF9",-0.200068030021481,0,0
"S100A12",-0.202871235455906,0,0
"MT-CO2",-0.209860485433345,0,0
"RIPOR2",-0.213268259350275,0,0
"LRRK2",-0.228618586484397,0,0
"NCF1",-0.250517509812903,0,0
"MNDA",-0.251200124959081,0,0
"S100A9",-0.261252029940014,0,0
"S100A8",-0.325310445500634,0,0
