"gene","cor","pval","FDR"
"TMSB4X",0.539607119091944,0,0
"CIB1",0.425773377970961,0,0
"CD52",0.416023859910632,0,0
"RPL12",0.410153878495466,0,0
"B2M",0.403591086225634,0,0
"RPL41",0.401150459584824,0,0
"ITGAX",0.394624703611079,0,0
"CRIP1",0.393015741951616,0,0
"IFI30",0.370263555499834,0,0
"ARPC3",0.366884247828446,0,0
"RPL23A",0.366544426166419,0,0
"ATP5F1E",0.366206178304814,0,0
"SERF2",0.36189872868423,0,0
"OAZ1",0.357721132102907,0,0
"GABARAPL2",0.355501534879268,0,0
"RPL28",0.352836960607569,0,0
"FAU",0.351912984438162,0,0
"RPS14",0.350607191830827,0,0
"HLA-DPB1",0.350144813417886,0,0
"UBA52",0.348966742051052,0,0
"SH3BGRL3",0.343954854893288,0,0
"RPL19",0.341514598201558,0,0
"RPS15A",0.338543729884691,0,0
"FTH1",0.333155406606798,0,0
"S100A11",0.332834377374582,0,0
"RPL26",0.331223245656017,0,0
"HLA-DPA1",0.331049981320853,0,0
"HLA-DRA",0.329298239656476,0,0
"FGR",0.326054907408823,0,0
"RPL11",0.324410955855467,0,0
"EMP3",0.323211644094748,0,0
"RPLP1",0.3189393251272,0,0
"UBC",0.318222635671626,0,0
"RPS29",0.318184216508244,0,0
"ANXA2",0.317443645779863,0,0
"NACA",0.313742955744261,0,0
"TNFRSF1B",0.313204067761969,0,0
"CFL1",0.310858658862014,0,0
"RPS15",0.308913416651821,0,0
"RPL37",0.307800520765631,0,0
"RPS28",0.307146225127103,0,0
"LGALS1",0.306639918900584,0,0
"RPS12",0.305563376582492,0,0
"RPS7",0.305091258499293,0,0
"CLIC1",0.303077504119791,0,0
"PLEK",0.30050336391846,0,0
"CLECL1",0.300151405986553,0,0
"RPS27",0.299583032584624,0,0
"RPL39",0.29663661143657,0,0
"PFN1",0.295810385652204,0,0
"ACTB",0.293817735387223,0,0
"RPL17",0.29342924159939,0,0
"COTL1",0.292961810530521,0,0
"HCST",0.291561612646641,0,0
"SEC61B",0.28734626831407,0,0
"RPS18",0.287214514545661,0,0
"RPS3",0.286776255561559,0,0
"PTMA",0.286485233231588,0,0
"SUB1",0.286389220737893,0,0
"RPL30",0.286307769856934,0,0
"RPL36",0.285679479261295,0,0
"SOX5",0.285390727643601,0,0
"RPS25",0.285059842696779,0,0
"RPL6",0.284373272341253,0,0
"RPL18",0.283255185088854,0,0
"MYL6",0.281278937160335,0,0
"IGHG1",0.280594458746354,0,0
"LITAF",0.280319506786975,0,0
"CD86",0.280135914406187,0,0
"RPS24",0.2795290014759,0,0
"RPS4X",0.279034581660402,0,0
"RPL7A",0.277964474633656,0,0
"RPL14",0.277619882065957,0,0
"IGHG3",0.273566858861692,0,0
"RPL36AL",0.271929234208637,0,0
"GAPDH",0.271905322700749,0,0
"ARPC2",0.271631549412412,0,0
"DAPP1",0.270866074488233,0,0
"RPS8",0.270269941151669,0,0
"ACTG1",0.269881948191301,0,0
"ATP6V0E1",0.269744816282928,0,0
"RHOA",0.268857697280218,0,0
"PLEKHO1",0.268385055359525,0,0
"PPIA",0.267207761180686,0,0
"IGHG2",0.266832296339865,0,0
"RPS16",0.266385880624336,0,0
"RPL29",0.265818023340047,0,0
"H3F3A",0.265647672482532,0,0
"RPL10A",0.263371405216716,0,0
"CD63",0.263238408239013,0,0
"RPL10",0.261767777849958,0,0
"METRNL",0.261052738637892,0,0
"CD99",0.26067678393044,0,0
"RPL27",0.255898573949361,0,0
"OST4",0.255215991334297,0,0
"CALM2",0.254682311966274,0,0
"MPP6",0.254210357004696,0,0
"SELENOW",0.253966437781657,0,0
"FCRL5",0.253961391763089,0,0
"MYL12B",0.253727493534412,0,0
"ARPC1B",0.253181647732999,0,0
"RPL18A",0.25258112939688,0,0
"RPS27A",0.25218740615512,0,0
"FTL",0.251766023165306,0,0
"RPL32",0.25136994690167,0,0
"SRP14",0.251120258608857,0,0
"S100A10",0.25073990158415,0,0
"PFDN5",0.250412256255903,0,0
"CALM1",0.250092850487862,0,0
"ITGB7",0.249067273545281,0,0
"PTP4A2",0.247972795705534,0,0
"GRN",0.247534204129253,0,0
"ISG15",0.247433944623232,0,0
"ARPC5L",0.24723788297114,0,0
"LY6E",0.246440629770837,0,0
"CHCHD2",0.246350885689949,0,0
"RPL27A",0.245585292000949,0,0
"TFEC",0.245510684443618,0,0
"CD74",0.244869105670311,0,0
"SERPINB1",0.244693235337982,0,0
"DYNLL1",0.244671117112949,0,0
"RAC2",0.244353808700298,0,0
"PRDX1",0.244314354344895,0,0
"HSPB1",0.243543676560349,0,0
"CYBA",0.243058231881638,0,0
"MYL12A",0.242432311293306,0,0
"RPL34",0.242350449862222,0,0
"RPL24",0.241558721063705,0,0
"HOPX",0.24102300136276,0,0
"LSP1",0.240510872682025,0,0
"RPL15",0.239869496876217,0,0
"RPS6",0.238476374758173,0,0
"YWHAH",0.238389283821078,0,0
"JPT1",0.238335232439953,0,0
"TUBB6",0.238294946402733,0,0
"ANXA4",0.237913380958591,0,0
"YBX1",0.237660931914817,0,0
"RPL35",0.237318583921147,0,0
"TMSB10",0.237052510470876,0,0
"PPDPF",0.236466964656814,0,0
"RPS13",0.23600616791298,0,0
"UQCRH",0.23565210630245,0,0
"TMA7",0.235455412378894,0,0
"CD48",0.235260517736048,0,0
"RPL13A",0.234795449474445,0,0
"RPL37A",0.234728605141685,0,0
"RPS10",0.23450593520489,0,0
"ISCU",0.234123098218629,0,0
"RPS11",0.233994206974407,0,0
"RPS23",0.233384566877652,0,0
"RPL35A",0.232612124205167,0,0
"RPLP2",0.232505248772748,0,0
"TPM3",0.232311519411344,0,0
"ACP5",0.232226421409698,0,0
"HCK",0.231311621733802,0,0
"SUMO2",0.231141837639394,0,0
"RPS9",0.230672369860765,0,0
"GDI2",0.228748719269757,0,0
"S100A6",0.228191775421395,0,0
"SRGN",0.227890386681689,0,0
"RHOC",0.227887061954693,0,0
"VIM",0.227630468113639,0,0
"GABARAP",0.226708159133188,0,0
"EEF1A1",0.226408945045887,0,0
"RGS2",0.226157591756811,0,0
"ATP5MC2",0.225273440745918,0,0
"HLA-DRB1",0.225078657502923,0,0
"ATP5MG",0.224379184712273,0,0
"NDUFA13",0.223767183189814,0,0
"HLA-C",0.223297346053303,0,0
"RPS2",0.22225161145798,0,0
"TNFRSF13B",0.222089283920812,0,0
"TRIR",0.22199773479027,0,0
"FCRL3",0.221965034622569,0,0
"COX8A",0.221909063711892,0,0
"LBH",0.220391670688177,0,0
"TOMM7",0.21972241263823,0,0
"VOPP1",0.21960445782454,0,0
"EFHD2",0.219567219566601,0,0
"ADGRE5",0.218413513286812,0,0
"RHOB",0.218257661980607,0,0
"SCIMP",0.217653233668634,0,0
"TNIP2",0.217121979203322,0,0
"ITGB2-AS1",0.216343000344249,0,0
"C4orf48",0.216307513705227,0,0
"GNAI2",0.215929618178464,0,0
"RPS3A",0.215386592037588,0,0
"THEMIS2",0.215090834796111,0,0
"ZEB2",0.214533448135088,0,0
"UBL5",0.214152615009014,0,0
"DYNLRB1",0.213463578993141,0,0
"CAPNS1",0.213387747034239,0,0
"CAPG",0.213177126125175,0,0
"RACK1",0.213112072178232,0,0
"IFITM2",0.212828065416596,0,0
"COX4I1",0.212556354285181,0,0
"MX1",0.21215452458538,0,0
"LAPTM5",0.211899522786093,0,0
"NDUFA4",0.211794459637953,0,0
"PSMB9",0.211703393569564,0,0
"NME2",0.211366660168374,0,0
"GNG5",0.210655790331397,0,0
"LY96",0.21055145709533,0,0
"EEA1",0.210394650437385,0,0
"COX5B",0.20955392493469,0,0
"HLA-DQA1",0.209485666053857,0,0
"UQCRB",0.208477896132241,0,0
"RPL36A",0.208186528456989,0,0
"CD79A",0.207473953955128,0,0
"TSPAN3",0.206871102239343,0,0
"UQCR11",0.206605392637816,0,0
"PSMA7",0.206254388604288,0,0
"MRPS6",0.205993719338564,0,0
"IGFLR1",0.205578170805297,0,0
"CTSZ",0.205540301563337,0,0
"RPL22",0.205326424723856,0,0
"COX6B1",0.20488203521753,0,0
"RPL3",0.203426637920869,0,0
"SSR4",0.203390339166342,0,0
"SEPTIN7",0.202913549936116,0,0
"AP2S1",0.202772682417632,0,0
"ARPC5",0.201720959012822,0,0
"CAPZB",0.201595338263212,0,0
"SERPINB6",0.201517169621144,0,0
"FAM89B",0.201093504381465,0,0
"SLC11A1",0.20095847551042,0,0
"UBB",0.20069165107043,0,0
"POLR2L",0.200686954379096,0,0
"ARL6IP5",0.20028906616477,0,0
"PTPN6",0.200021362314777,0,0
"PRR13",0.199899331187914,0,0
"PPP1R14A",0.19887474071074,0,0
"ITGB2",0.198605476781648,0,0
"IGHA1",0.198554948690291,0,0
"MRPL40",0.197923646242917,0,0
"NDUFV2",0.197899323735366,0,0
"TPT1",0.197617231387729,0,0
"TALDO1",0.196344553236021,1.39128885868895e-320,3.00871156347944e-319
"EIF3K",0.196068797551054,1.13506641475568e-319,2.44519510980229e-318
"NDUFB2",0.195980008259346,2.22942182029404e-319,4.78428962216017e-318
"BRK1",0.195257709241666,5.34431006732735e-317,1.14249926184813e-315
"COX6C",0.194441248028694,2.54923865504892e-314,5.4290059722389e-313
"ITGB1",0.194231168156367,1.24065807913083e-313,2.63216890197416e-312
"SNX3",0.193920592577795,1.282871507689e-312,2.71145785455333e-311
"CDV3",0.193846323459462,2.24146942588219e-312,4.7197256595364e-311
"RPS5",0.193000422891614,1.26988627637762e-309,2.66390750336743e-308
"ATP6V1F",0.192957828868962,1.74605110533779e-309,3.6491165078347e-308
"FAM49A",0.192745181805364,8.55022399040748e-309,1.78029013272388e-307
"CORO1B",0.192723171758556,1.0077226532927e-308,2.09046465966385e-307
"LRMP",0.192464395724564,6.94572111419752e-308,1.43553446349152e-306
"RPL9",0.19233730431982,1.79069400501154e-307,3.68738129487855e-306
"ATP6V1G1",0.192006704051861,2.09686165398603e-306,4.30202275603508e-305
"TRAPPC1",0.191985355060913,2.45756436426783e-306,5.0236562059358e-305
"NEAT1",0.191868748789102,5.8462439597377e-306,1.19072045158149e-304
"TWF2",0.191685811477179,2.27431952224503e-305,4.61538537829509e-304
"RPL23",0.191531383155827,7.15176827098195e-305,1.44610303558736e-303
"CTSC",0.191267518587733,5.05332729867707e-304,1.01811820862915e-302
"IFI27L2",0.19065376964311,4.71919683818754e-302,9.47391451279154e-301
"ELOB",0.190367514238329,3.89489028183719e-301,7.79117159591789e-300
"GRB2",0.189714878692678,4.72923767888126e-299,9.42649830584127e-298
"CD19",0.1894142922139,4.28724525900665e-298,8.51519882826108e-297
"PARK7",0.189279366500039,1.15184940747241e-297,2.27968499337561e-296
"GUK1",0.18922039088478,1.77379016578491e-297,3.4982389854089e-296
"H2AFZ",0.188967070280543,1.13134394644412e-296,2.22338857685387e-295
"FCRLA",0.188876747086832,2.18893873609233e-296,4.28679925204655e-295
"CSK",0.188648739440738,1.15653241994381e-295,2.25705159724922e-294
"TOMM6",0.188344684566631,1.0610641043587e-294,2.0564083212848e-293
"RPL8",0.187630728727416,1.90308151319063e-292,3.6755722604761e-291
"COX7C",0.187430685725737,8.11484463667747e-292,1.55654947979556e-290
"PTPN2",0.186507532454641,6.4039592456159e-289,1.22418347217388e-287
"PRDX6",0.186046807313447,1.76454167991251e-287,3.3616319555068e-286
"PYCARD",0.186022632976096,2.09939112837737e-287,3.98599651187852e-286
"C4orf3",0.186015481292363,2.21011918512144e-287,4.18205322833284e-286
"RPS19",0.185768918078901,1.29850761808234e-286,2.44880174036337e-285
"COPE",0.185539789498559,6.71609028182764e-286,1.26230945196365e-284
"BTF3",0.185443555762298,1.3383723909639e-285,2.49874125392959e-284
"RPL38",0.184655919613929,3.72649942402729e-283,6.93426022391257e-282
"NDUFB11",0.184249892578624,6.717581729198e-282,1.24586673063702e-280
"ATP5MC3",0.184228419973283,7.8261682859122e-282,1.44667883067308e-280
"OAS1",0.184123265025604,1.65306330434184e-281,3.04566038408508e-280
"HIGD2A",0.184018149317617,3.48907731028803e-281,6.40731869341747e-280
"PLXNC1",0.183978713392812,4.61712421876718e-281,8.45114795729248e-280
"TPI1",0.183662967152671,4.33963675560768e-280,7.91736334467707e-279
"PPP1CA",0.183467222924723,1.73704362977362e-279,3.15882512024742e-278
"RPS26",0.183296780255588,5.80429745583759e-279,1.05209935437367e-277
"ATP6V0B",0.182871698130097,1.16998949732545e-277,2.11390683049027e-276
"FCGR2B",0.182811190752624,1.79306324789653e-277,3.22924348921816e-276
"PEA15",0.182211396560686,1.22464887694746e-275,2.19848024352011e-274
"NEDD8",0.181546810365094,1.29740713022925e-273,2.32165410109074e-272
"GNAS",0.181357047310472,4.8961637628046e-273,8.73357109409827e-272
"PEBP1",0.181121713070468,2.53661474034135e-272,4.51034259068314e-271
"EEF1G",0.18014254157485,2.32320142324039e-269,4.11780100366121e-268
"COX6A1",0.179565606259827,1.26827225240126e-267,2.24088103649824e-266
"PSAP",0.179263504428294,1.02437712229122e-266,1.80425668614878e-265
"CDKN2D",0.178657202523916,6.7042283280819e-265,1.17712798951682e-263
"CYTH4",0.178433584011587,3.12204289825553e-264,5.46455071035289e-263
"MTPN",0.177908851348759,1.14459556969109e-262,1.9971588117881e-261
"EDF1",0.177765506621152,3.05567000926894e-262,5.31515767761346e-261
"ARL4C",0.177680770650864,5.45790902101936e-262,9.46431839836824e-261
"TFEB",0.177666569839157,6.01496042085913e-262,1.03980843571704e-260
"DBI",0.177662315772297,6.19263755893289e-262,1.06722962977179e-260
"PKM",0.177634011279547,7.51600566981423e-262,1.29132355081686e-260
"HLA-A",0.177120010679038,2.51735900441572e-260,4.31184335893959e-259
"CORO1A",0.176888405687786,1.22052041196516e-259,2.0841874473832e-258
"ODC1",0.176607849000923,8.23711842737224e-259,1.40231307938334e-257
"KPNA2",0.176562741435144,1.11935391673544e-258,1.89984887504096e-257
"RABAC1",0.176139488492589,1.98140664222836e-257,3.35282737254413e-256
"ARHGDIB",0.176096418430115,2.65333374130195e-257,4.476301893082e-256
"ATP5F1D",0.176011818272028,4.70758448499213e-257,7.9180722824147e-256
"KRTCAP2",0.175760335689743,2.58371211337609e-256,4.31981240209537e-255
"NDUFS5",0.175705276586976,3.74961903766806e-256,6.25048102082703e-255
"H2AFV",0.175282186126578,6.5324042272167e-255,1.0856972129567e-253
"CNPY3",0.174947389483455,6.2360300300628e-254,1.03337290527757e-252
"RAB11FIP1",0.174722147516552,2.83788965595511e-253,4.68879644926388e-252
"GSTP1",0.174699345245933,3.30800782026493e-253,5.4494564121482e-252
"BLOC1S1",0.174665553701112,4.15148698036067e-253,6.81890867360707e-252
"SMIM14",0.174597374833363,6.56380115192058e-253,1.07496638163471e-251
"RASGRP1",0.174591677843681,6.819868251697e-253,1.11364670780626e-251
"VAMP8",0.174217409715193,8.4026541036797e-252,1.36811818705552e-250
"UCP2",0.174153015299628,1.29364597921911e-251,2.10020612452355e-250
"PGLS",0.173891029715773,7.47276680043211e-251,1.20968112280983e-249
"MOB1A",0.173266825924468,4.82300923885036e-249,7.78492067631149e-248
"PSMB8",0.173019697520766,2.50002058454796e-248,4.02374002702676e-247
"SLC25A6",0.172789481208364,1.15529115652041e-247,1.84879593362023e-246
"RPL5",0.17197589238566,2.5375236144156e-245,4.03769027396073e-244
"ATP5MF",0.171716770680913,1.40530728449377e-244,2.22978076499989e-243
"HLA-B",0.170846347293309,4.32643146361058e-242,6.84529452759402e-241
"RPL13",0.170791267232883,6.21071968390699e-242,9.79894111255298e-241
"RBX1",0.170683699908689,1.25782602741099e-241,1.97895606166543e-240
"LAMTOR2",0.170438907523038,6.25628594875494e-241,9.81553434144997e-240
"TLN1",0.169974248199509,1.30574845863051e-239,2.042876289606e-238
"VASP",0.169711930091919,7.22952614407341e-239,1.12792690621045e-237
"SH3BGRL",0.16949349371465,2.9998511326732e-238,4.66726838725071e-237
"CREM",0.168973359596011,8.81559025283716e-237,1.36398124326356e-235
"HSPA8",0.168713749524268,4.74518438654572e-236,7.30158729369302e-235
"OGDH",0.168522017756861,1.64196068146991e-235,2.51962240463369e-234
"PSMB3",0.168147126586463,1.85185604680641e-234,2.8339469175308e-233
"PRDX5",0.168107178908537,2.3965495567999e-234,3.65751336992812e-233
"RIN3",0.167906761857054,8.7289215244566e-234,1.32855134398047e-232
"PABPC4",0.167870932612948,1.09962563093753e-233,1.66910654712226e-232
"NDUFA11",0.167400614702584,2.26749262651663e-232,3.43249356787018e-231
"PTPN1",0.16736703904546,2.8133515140962e-232,4.24732663893607e-231
"DRAP1",0.167312878068575,3.98377306224237e-232,5.99814863484396e-231
"IDS",0.167122711419825,1.34994312170837e-231,2.02708617283876e-230
"RPL21",0.166924133526751,4.82059448920693e-231,7.21929137274011e-230
"YWHAB",0.16634965304192,1.89840008616329e-229,2.8354503686935e-228
"ATP5MD",0.165817138323004,5.64882067767195e-228,8.41463952543633e-227
"PRELID1",0.165618034424329,2.00279513838391e-227,2.97550545625683e-226
"ERP29",0.165396823538872,8.15700633653495e-227,1.20866117700879e-225
"SYK",0.165171242747086,3.40869537862861e-226,5.03749414662238e-225
"NDUFA1",0.164817197798415,3.20276416330369e-225,4.72070581017473e-224
"GPX4",0.164718487926514,5.97576307381073e-225,8.78484225102727e-224
"MZT2B",0.164016409529281,4.98912767174357e-223,7.31521049461668e-222
"IFI27",0.163397282880464,2.42906321686719e-221,3.54301642647737e-220
"PDLIM1",0.16274580611897,1.42484767990499e-219,2.07287580653191e-218
"ARHGAP25",0.162541668988453,5.08552983492823e-219,7.37928823974948e-218
"SEPTIN6",0.162491401804181,6.95488179345094e-219,1.00657087661805e-217
"C19orf53",0.162399401148354,1.23310998349771e-218,1.77548817932408e-217
"TMEM258",0.162285886081071,2.49845257160577e-218,3.58816227014459e-217
"WDR83OS",0.16215969296658,5.47427093091192e-218,7.84178810333445e-217
"SPCS2",0.162023833259202,1.27281293576666e-217,1.81400133669951e-216
"AC092821.3",0.161864025388602,3.4306934696181e-217,4.87698328003325e-216
"MAP3K8",0.161676768236514,1.09495244873972e-216,1.55261485199776e-215
"DDAH2",0.161605591975106,1.70141130381978e-216,2.40646583653904e-215
"CPEB4",0.161447714043893,4.51932436235823e-216,6.37600396815325e-215
"HLA-DQB1",0.161318822250324,1.00258265705083e-215,1.41092097038736e-214
"TBCA",0.161235456223419,1.67797406551971e-215,2.35547186490624e-214
"C9orf16",0.160670577826112,5.45898369607595e-214,7.64394192043035e-213
"RNASEK",0.160324234158621,4.58781148889265e-213,6.40806288012163e-212
"PSMD8",0.159982541329459,3.72933062448192e-212,5.19601513127444e-211
"PMVK",0.158766164033072,6.23221630896677e-209,8.66169815050196e-208
"DUSP2",0.158692425605061,9.75428956680423e-209,1.35232118474432e-207
"AIM2",0.158580562534335,1.92378522026692e-208,2.66052370832469e-207
"ANP32B",0.158547708562495,2.34825136593669e-208,3.23954578832794e-207
"UQCR10",0.158546393585914,2.36706327198701e-208,3.25747454211283e-207
"EZR",0.158352400755128,7.67534224158282e-208,1.05366646801729e-206
"NDUFB8",0.157498718537412,1.33507846032968e-205,1.82830671303338e-204
"HSPA4",0.157495891709711,1.35801458057509e-205,1.85518040629295e-204
"SRI",0.157434381904467,1.96715026895478e-205,2.68078069499166e-204
"CDK2AP2",0.157125047668332,1.26524466477531e-204,1.7158923407764e-203
"HSPE1",0.157051156437976,1.9724989882644e-204,2.66859102252873e-203
"MIF",0.156972236233106,3.16868243807332e-204,4.27657598449365e-203
"KIF3B",0.156966399944053,3.28169536440136e-204,4.41845570577212e-203
"MS4A1",0.156222007421703,2.83413933823337e-202,3.80671808955518e-201
"GPSM3",0.156186493282868,3.50396638577927e-202,4.69514730305017e-201
"EEF1D",0.155822948797962,3.06539319989536e-201,4.09767716291501e-200
"SPI1",0.155760082376092,4.45796706851177e-201,5.94501751207962e-200
"MICOS10",0.155487814376462,2.25302766616589e-200,2.99743656964256e-199
"TSPO",0.155318789664466,6.15082102563904e-200,8.16368449398206e-199
"PPIB",0.154643539270258,3.36088801783141e-198,4.43970136506456e-197
"ANP32E",0.154209675569249,4.35180315883456e-197,5.72170175883389e-196
"RPS21",0.153586189450461,1.70317231555128e-195,2.2340674799538e-194
"FLNA",0.153493193491073,2.93915513543323e-195,3.83734450199569e-194
"PSMA2",0.152150183094975,7.47529345538612e-192,9.71441267833356e-191
"OSTF1",0.151789425372634,6.06812143747104e-191,7.86748800261002e-190
"ENO1",0.151759762248338,7.20660964462345e-191,9.3219909052046e-190
"CCDC85B",0.151578412372871,2.06037668484171e-190,2.65902530225771e-189
"EIF1",0.151537341510252,2.61329255939957e-190,3.36483945406828e-189
"ARF6",0.151419711458462,5.16080542769169e-190,6.62974110103238e-189
"PLD4",0.151314544236998,9.47835140628699e-190,1.21483400976232e-188
"RPL4",0.151236461395924,1.48809497657722e-189,1.90292693237648e-188
"BSG",0.151220296112977,1.63370509941843e-189,2.08436953572725e-188
"COPS9",0.150933383947146,8.55076381204933e-189,1.08847336616564e-187
"LAMTOR4",0.150356962832921,2.35431660399945e-187,2.99014224467141e-186
"PSMB6",0.150246792624477,4.43004056489493e-187,5.61372334931595e-186
"SELENOT",0.150072883491803,1.20049314325251e-186,1.51782440075786e-185
"SEC11A",0.150023696531643,1.59117207269038e-186,2.00724206737361e-185
"CCNI",0.149891023647832,3.40052076294936e-186,4.27047461732721e-185
"IL10RA",0.149813216978946,5.30680577593894e-186,6.64953448568993e-185
"HLA-DRB5",0.149803060579847,5.62413904235207e-186,7.03142919111919e-185
"SRSF9",0.149721080045946,8.98638127736209e-186,1.12099602526737e-184
"SEM1",0.14951868205784,2.85476239258251e-185,3.54534903788351e-184
"ATP5MPL",0.149177829834554,1.99226235785279e-184,2.46873041290564e-183
"TBCB",0.148881086293558,1.07720124761035e-183,1.33187730416458e-182
"COX7A2",0.148744701927243,2.33696834863885e-183,2.88311888121723e-182
"UBXN1",0.148634458299477,4.36822141953999e-183,5.37723256502054e-182
"PSMB1",0.148587187340627,5.71111477605226e-183,7.01490216242735e-182
"MCL1",0.148555387777148,6.83932639869377e-183,8.38229040680171e-182
"RPL7",0.14840199571227,1.6309040933732e-182,1.99447463471251e-181
"NAA38",0.148372248795944,1.93006736768984e-182,2.35518678135747e-181
"TRMT112",0.147907000443558,2.67653194781585e-181,3.25189922770425e-180
"EIF3G",0.147856681579452,3.55517701405901e-181,4.31007499042089e-180
"GTF3C6",0.147762934853149,6.03167903226331e-181,7.29663806905114e-180
"VDAC1",0.147753823252343,6.34955943220541e-181,7.66462982322899e-180
"LDHB",0.147712296855338,8.02385064718298e-181,9.66485752147782e-180
"DAD1",0.147661955793537,1.06550812532263e-180,1.28066759869786e-179
"NDUFB7",0.147631959400638,1.26162646569155e-180,1.51314129214955e-179
"MAP1LC3B",0.14741597461695,4.25394116151786e-180,5.0802397538724e-179
"COX5A",0.147282511812208,9.00675310017381e-180,1.07333668327816e-178
"DPYSL2",0.147204423000392,1.39648738282386e-179,1.66066365842812e-178
"GPR183",0.147113577735629,2.32534819282793e-179,2.75938034492144e-178
"FIBP",0.147081096829244,2.79017363919845e-179,3.30396671313964e-178
"SLC25A3",0.147011959999246,4.11178098117232e-179,4.85866777965109e-178
"TP53I11",0.146775291274173,1.54834242728144e-178,1.82574019688492e-177
"NDUFB10",0.145925884036301,1.77254784647405e-176,2.08135020714909e-175
"HMGN3",0.14584109005571,2.84074650066132e-176,3.32866551259499e-175
"SEC11C",0.145755360822072,4.57509659156129e-176,5.34971106666697e-175
"IER5",0.145542166844634,1.49466774866365e-175,1.7440904292219e-174
"ZFP36",0.14534448474766,4.47280902974829e-175,5.20835829014972e-174
"COX14",0.145228967496401,8.48094537452547e-175,9.85514005035625e-174
"UBE2D2",0.14511946735624,1.55461354100491e-174,1.80277234848209e-173
"EHBP1L1",0.144800522354828,9.05762067253705e-174,1.04817630964628e-172
"NCF4",0.144350454032049,1.08165903049352e-172,1.24914891335963e-171
"MT2A",0.144315907415778,1.30804033494319e-172,1.50747611440675e-171
"MS4A7",0.14420099645672,2.460321788014e-172,2.829622655989e-171
"TAF10",0.143758855035593,2.78333480414832e-171,3.19456111435138e-170
"CDC42",0.143426711675474,1.71322152089532e-170,1.96232182792121e-169
"PCED1B-AS1",0.143220766769604,5.27512007640617e-170,6.02978521386754e-169
"COX17",0.143202144465534,5.83930333604362e-170,6.6610871660245e-169
"YPEL3",0.143165241882449,7.14151422187582e-170,8.13000430014766e-169
"PLIN2",0.14285661265941,3.83773580786826e-169,4.36007266934485e-168
"COMMD6",0.142726606676065,7.78408725534739e-169,8.82564225044549e-168
"ATP5IF1",0.142672285766454,1.0458082523098e-168,1.18334788306812e-167
"PSME2",0.142628030070552,1.33013684389448e-168,1.50203557714777e-167
"RAC1",0.142245145582831,1.06195333268229e-167,1.19678080811941e-166
"REEP5",0.1421156427594,2.14135688467169e-167,2.4083815082422e-166
"SAP18",0.141944519800191,5.40404655443742e-167,6.06574443915912e-166
"SNU13",0.141857669954426,8.64108947558257e-167,9.6797484305476e-166
"NDUFS6",0.141829114030805,1.00824289805684e-166,1.12717933573181e-165
"ABHD17A",0.141780765709349,1.30907935953827e-166,1.46058834517407e-165
"RPL31",0.141734718337317,1.67854343584151e-166,1.86908981792212e-165
"NDUFA2",0.14133420222736,1.45372154863994e-165,1.6155346019707e-164
"SPCS1",0.141220467749265,2.68049261634413e-165,2.97295824636504e-164
"SCP2",0.141088989209914,5.43411906343848e-165,6.0151187498654e-164
"GET3",0.140988660424927,9.31387108945246e-165,1.02893475289987e-163
"UFC1",0.140970409785486,1.02725529754164e-164,1.13260963022259e-163
"JUND",0.140898765466552,1.50886121102924e-164,1.66034020490664e-163
"SH3BP5",0.140839721697487,2.07103640225533e-164,2.27448527235924e-163
"IFI6",0.140778745501806,2.87187036713395e-164,3.14781720671571e-163
"JTB",0.14072669522604,3.79584373630541e-164,4.15244546231379e-163
"TMEM160",0.140639101458066,6.06836851571991e-164,6.62552281804039e-163
"DEK",0.14013593860094,8.93299011973722e-163,9.71527721565984e-162
"CMTM6",0.140046369140396,1.44028087089325e-162,1.56337464299866e-161
"ATP5PF",0.13986591116255,3.76690877381998e-162,4.08093927314617e-161
"TOMM5",0.139700931805839,9.0619254516343e-162,9.79842557038682e-161
"FKBP8",0.139635355510085,1.28417738513947e-161,1.38587235725745e-160
"PTGES3",0.139470279828768,3.08624491274883e-161,3.32424187621273e-160
"CHMP2A",0.138995491488968,3.82026943181785e-160,4.09910518919766e-159
"POMP",0.138968625142968,4.40360057558222e-160,4.71597836019809e-159
"SAT1",0.138853994965848,8.0720292257132e-160,8.62813658267551e-159
"ATP5ME",0.138701491265063,1.80617935887164e-159,1.92693535029335e-158
"PTPN18",0.138686486100335,1.95503603108405e-159,2.08177886123607e-158
"ISG20",0.138519963617084,4.70530961688183e-159,5.00084234613949e-158
"CD164",0.13834588954895,1.17709486768095e-158,1.24865688520473e-157
"CKLF",0.138295468828629,1.53483005930987e-158,1.6250629796209e-157
"RPS27L",0.13828634614847,1.61030355496879e-158,1.70175664365664e-157
"B4GALT1",0.138119910347533,3.86369015564274e-158,4.07542910767514e-157
"NDUFB1",0.137795041605996,2.12592894686399e-157,2.23821955477165e-156
"PDIA6",0.137783752866057,2.25553324642256e-157,2.37021420510559e-156
"PIH1D1",0.137658768422243,4.34159259649586e-157,4.55379403239201e-156
"MIDN",0.137267879362551,3.35262252529161e-156,3.50336544107431e-155
"RAB8A",0.137092248542773,8.38306822867691e-156,8.7274284663233e-155
"NKG7",0.1370580290226,1.00205277119641e-155,1.04127969786106e-154
"AIP",0.136817387352475,3.50946032334879e-155,3.64009023538455e-154
"EIF3F",0.136635789555781,9.02345134885383e-155,9.32478800828973e-154
"MNDA",0.136597345471173,1.10185638025405e-154,1.13655572482558e-153
"CTSH",0.136575264105004,1.23578245300298e-154,1.27235616163046e-153
"RHOG",0.135821705531586,6.12385006125128e-153,6.29352003542539e-152
"RNF141",0.135734856015101,9.5887799554312e-153,9.83640229493959e-152
"YWHAZ",0.135689265620047,1.21321307466159e-152,1.24226808613886e-151
"DDT",0.135565102720167,2.30155569186151e-152,2.35237471352487e-151
"BCL2A1",0.135506926286581,3.10618355443332e-152,3.168986172747e-151
"DUS2",0.135399927274239,5.38954870212707e-152,5.48852041465704e-151
"UXT",0.135286928002699,9.64020305343827e-152,9.79941511838617e-151
"PLP2",0.134950911738,5.41671390083431e-151,5.49619828959655e-150
"SUMO3",0.134821872189557,1.04980775724248e-150,1.06328630168447e-149
"NOP10",0.134732746231235,1.65740726034452e-150,1.67565669046744e-149
"KLF2",0.134686309073606,2.1023527004143e-150,2.12167161712081e-149
"PTPN22",0.134575955337663,3.69815273636859e-150,3.72542328712239e-149
"GADD45GIP1",0.134470657872786,6.33624433648707e-150,6.37150889204023e-149
"TNFSF12",0.134299562186176,1.51845405168809e-149,1.52416866371057e-148
"SET",0.134295993046535,1.54637331034172e-149,1.54941626318855e-148
"SAMSN1",0.134149792838759,3.26024029769294e-149,3.26082248346038e-148
"GEN1",0.134019378946446,6.33722924886632e-149,6.32706257092697e-148
"RPSA",0.133965033357605,8.35793186118789e-149,8.32967550792053e-148
"DIAPH1",0.133851322525352,1.49086013656115e-148,1.48318075042256e-147
"RAN",0.133817874219541,1.76736641012496e-148,1.75514525941665e-147
"DUSP5",0.13375897887495,2.38442808061237e-148,2.36374896982476e-147
"MYO1F",0.133511355629012,8.38608555088091e-148,8.28403265793368e-147
"CSTB",0.133391740975303,1.53820813391693e-147,1.51681404191351e-146
"SS18L2",0.133338238781504,2.01732904974843e-147,1.98577504527961e-146
"UBE2E3",0.133308019571039,2.35109145809521e-147,2.31025671171777e-146
"CDC42EP3",0.133229950127115,3.49122144867611e-147,3.42457641576793e-146
"DBNL",0.133138760400603,5.538737234338e-147,5.42350826040684e-146
"MORF4L1",0.133035188329886,9.35165203774194e-147,9.14111746307026e-146
"CALM3",0.132823056925858,2.73040012416944e-146,2.66428067865384e-145
"TIMP1",0.132487114477855,1.48453643907044e-145,1.4435570477836e-144
"NPM1",0.132162002125737,7.61057875470978e-145,7.38766925565502e-144
"NDUFC2",0.132012134633946,1.61443730400811e-144,1.56173805522443e-143
"LSM14A",0.131790865509162,4.8924858598364e-144,4.72462298292133e-143
"TXNL4A",0.131608658966427,1.21732646489513e-143,1.17353623577928e-142
"SLC25A5",0.131539465037947,1.7202659428425e-143,1.65553428623038e-142
"ATP5PD",0.131488419670648,2.21993163404383e-143,2.1327336333241e-142
"SUPT4H1",0.131255697033884,7.09045552482068e-143,6.80028106070558e-142
"RNF181",0.13108522400054,1.65776198064684e-142,1.58720082967572e-141
"CIAO2B",0.13094678488586,3.30137847116267e-142,3.15546430323927e-141
"NFATC2",0.130910737376302,3.94949963097113e-142,3.76850893237978e-141
"CAP1",0.130908340110422,3.99685444858096e-142,3.8072077834187e-141
"SMDT1",0.130863496694919,4.99491023712763e-142,4.74982890291203e-141
"RNASEH2C",0.130726868725871,9.84630810538615e-142,9.34731723699455e-141
"CLTA",0.130664290477344,1.34328015956494e-141,1.27304774513083e-140
"RTRAF",0.130382481599523,5.43007711005624e-141,5.13747667118666e-140
"CD81",0.130361005735955,6.03922041652742e-141,5.70416080151266e-140
"SUMO1",0.130297873865946,8.25418494143433e-141,7.78311277053429e-140
"MEAF6",0.130241756432684,1.08951703372538e-140,1.02561090855393e-139
"RAB5IF",0.130239724285695,1.10052213082975e-140,1.03423229107003e-139
"ATP6V0D1",0.130138628345285,1.81405094752423e-140,1.69908016004736e-139
"ARPC4",0.129823545252378,8.59034741718592e-140,8.03247677523512e-139
"COX7B",0.12971187450698,1.48924084492582e-139,1.39020632873826e-138
"SNRPD2",0.129253078243635,1.42061772042931e-138,1.32174083922335e-137
"RGS19",0.12914088017671,2.46303916794115e-138,2.28780802315728e-137
"MRPL41",0.129071175311483,3.4661114927021e-138,3.21418716401068e-137
"EEF1B2",0.128969532060323,5.70228128178173e-138,5.27908718334867e-137
"LILRB1",0.128312525586196,1.41038606261495e-136,1.30141224657435e-135
"PSMC5",0.128254976378032,1.86651401957517e-136,1.71946464204614e-135
"HSP90AA1",0.127936388838391,8.78410187006158e-136,8.07877743418964e-135
"KRAS",0.127796130553194,1.73497228974927e-135,1.59304586801404e-134
"NDUFB3",0.127697666342999,2.79644927830928e-135,2.56348811911789e-134
"IRF7",0.127650457326155,3.51516900373775e-135,3.2170688872443e-134
"RNASET2",0.127582135231676,4.89379237905053e-135,4.47147326509984e-134
"SEC61G",0.127553298539837,5.62694809944053e-135,5.13298636888704e-134
"ALOX5AP",0.1274822503116,7.93573602377031e-135,7.22732641774594e-134
"CCDC107",0.127333785325935,1.6267593903905e-134,1.47913625739889e-133
"SNX8",0.1271979261811,3.13518266276584e-134,2.84605479645891e-133
"AURKAIP1",0.126952537335144,1.02359247777908e-133,9.27692794181334e-133
"KLF3",0.126883037696691,1.43047198396221e-133,1.29435760616678e-132
"PACSIN2",0.126633178398452,4.75730454515268e-133,4.29768754151616e-132
"UBE2N",0.126544198197829,7.29387626195451e-133,6.57858308264206e-132
"POU2F2",0.126120042374811,5.56966838525146e-132,5.01538788196036e-131
"GRHPR",0.126030746970372,8.53703524346222e-132,7.67510985531812e-131
"TXN2",0.125440948866686,1.42231965885639e-130,1.27666865532927e-129
"SOD1",0.125395250779253,1.76770094939168e-130,1.58414288280685e-129
"UBE2V1",0.124973144888118,1.31159799682056e-129,1.17352402239488e-128
"MTDH",0.124873408146284,2.10387223252188e-129,1.87939208522409e-128
"PPP1R15A",0.124796950863974,3.02150985671582e-129,2.69482113176199e-128
"PSMB2",0.12451274141966,1.15803644826581e-128,1.02954954710108e-127
"PNOC",0.124332363346079,2.71230950592129e-128,2.39994400358059e-127
"ASAH1",0.124165020361637,5.96696107901723e-128,5.27144306050087e-127
"RPS20",0.124034929897333,1.10056145478464e-127,9.70747198149411e-127
"SSR2",0.123900764600459,2.06777339325e-127,1.82100609679139e-126
"PSMA5",0.123809456690706,3.17487883961674e-127,2.79160068770696e-126
"ATP5F1B",0.123731223061959,4.58325369933462e-127,4.02363698588922e-126
"SSNA1",0.123644857839126,6.87184319665586e-127,6.02334800382934e-126
"BAG1",0.123417756421626,1.99070359375862e-126,1.74217669197531e-125
"SELENOK",0.123139116771136,7.32114179071109e-126,6.39714745238266e-125
"ARL2",0.122910919166232,2.12220612329195e-125,1.85147608980658e-124
"CACNA1A",0.122876031214492,2.49674769227362e-125,2.17484973941284e-124
"ECHS1",0.122813166057635,3.34591350141665e-125,2.91000955301781e-124
"BORCS5",0.122754906335674,4.38814483797872e-125,3.81054251744478e-124
"ARL6IP4",0.122668605810869,6.55576572843926e-125,5.68403155495175e-124
"DNAJC8",0.122546228233889,1.15779614769702e-124,1.00074324432886e-123
"BST2",0.122482512162181,1.5564576677904e-124,1.34325414442127e-123
"C12orf57",0.12232814388166,3.18558433208092e-124,2.74499351445926e-123
"RAB29",0.122107723652942,8.8437666356038e-124,7.6088996814158e-123
"ERH",0.121993016698085,1.50343063999351e-123,1.2915207077613e-122
"CLTB",0.121807583812003,3.54117652385076e-123,3.03738586678225e-122
"TENT5A",0.121796210536392,3.73206088063935e-123,3.1962191119971e-122
"PIP4K2A",0.121781448316736,3.99522054886695e-123,3.41637103728302e-122
"ZDHHC12",0.121521959572327,1.32161617208001e-122,1.12841039326526e-121
"VAMP5",0.121452813756022,1.81702741274762e-122,1.54903661168941e-121
"SF3B6",0.121400202934605,2.31473890555069e-122,1.97034234194368e-121
"NDUFA3",0.121370014234202,2.65957204221211e-122,2.26043444740972e-121
"SPIB",0.12136309015578,2.74563137286587e-122,2.33004262415481e-121
"DCTN3",0.121340570558577,3.04521737041656e-122,2.58037254034843e-121
"AP2M1",0.121304436305232,3.59556892668541e-122,3.0421120178799e-121
"SNRNP25",0.121183903000151,6.25571838441716e-122,5.28480824602119e-121
"SNRPB",0.121111625381255,8.71727449703579e-122,7.35323109305685e-121
"SBDS",0.121004316640339,1.42614882685636e-121,1.2011818916124e-120
"ARHGDIA",0.120728262860962,5.04934581620871e-121,4.24645434182958e-120
"IFT57",0.120625972370095,8.06053640545616e-121,6.7686753233823e-120
"PPM1G",0.120405179461037,2.20908903010373e-120,1.85226162539087e-119
"PLEKHJ1",0.120377456489109,2.50687023432472e-120,2.09880122308711e-119
"VSIR",0.120204843240354,5.50532951784161e-120,4.60229113872102e-119
"TKT",0.120098356034172,8.93925789187088e-120,7.45071182326917e-119
"EIF3H",0.119897013031928,2.23264829709379e-119,1.85810744606573e-118
"RILPL2",0.119748730492802,4.37665788392366e-119,3.63704166288671e-118
"PFDN2",0.119621902306978,7.77813964596149e-119,6.45412743067116e-118
"PTPN12",0.119427947539508,1.87180599666955e-118,1.55088541232931e-117
"CBFA2T3",0.119004450489133,1.26707971677308e-117,1.04674240319263e-116
"ZBTB8OS",0.118988681301234,1.36041480563315e-117,1.12219194791624e-116
"PPP4C",0.118969411199312,1.48383611068018e-117,1.22220089057642e-116
"HLA-DMA",0.118650009401808,6.24587218396736e-117,5.13702350989739e-116
"ORAI1",0.11862369690109,7.02973508595898e-117,5.7732472458147e-116
"TMEM9B",0.118603851156568,7.68524934439673e-117,6.30235455021466e-116
"MSN",0.117894634309308,1.8406937023328e-115,1.5072697992348e-114
"RAP1A",0.117614183424326,6.42805415272602e-115,5.24832817921552e-114
"ST3GAL5",0.11756080421848,8.15265768482734e-115,6.64673008627626e-114
"YPEL5",0.117513749368249,1.00519344310864e-114,8.1832681320516e-114
"PLAC8",0.117106921289227,6.12401971029754e-114,4.96391235852048e-113
"PGAM1",0.116916007418594,1.42677670158473e-113,1.15482316554568e-112
"SCAND1",0.116820468663888,2.17742288481929e-113,1.7598478467349e-112
"UBE2L3",0.116653191265129,4.56049672642828e-113,3.68059685370674e-112
"TYMP",0.116336575851826,1.84259144078512e-112,1.48494311652338e-111
"CHMP4B",0.116252004179306,2.6737734106656e-112,2.15169610246236e-111
"SSU72",0.116242372335722,2.78953892793399e-112,2.24163666217479e-111
"AC004687.1",0.116219335829701,3.08711026738575e-112,2.47720696384349e-111
"CCDC50",0.116098732714186,5.24641941970295e-112,4.2038905822255e-111
"SCAMP2",0.116046888274483,6.58859807953234e-112,5.27181969192295e-111
"MAP4K1",0.115924545637888,1.12737665172863e-111,9.0077555297176e-111
"NENF",0.115628405544713,4.12752663610331e-111,3.29320180752345e-110
"GALNT1",0.115615860262026,4.36047495790159e-111,3.47411383203511e-110
"SF3B5",0.115350644055231,1.38992585871937e-110,1.10582027481353e-109
"PSMD9",0.115062635004445,4.87952280333452e-110,3.87662513779811e-109
"FAM43A",0.114933606171122,8.55577384747861e-110,6.78766137673197e-109
"MRPL51",0.114851670467543,1.22175344101218e-109,9.67898305956043e-109
"ATP6V0C",0.114680040000136,2.57465049471633e-109,2.03681037018449e-108
"RTN3",0.114651176373243,2.91818700171201e-109,2.30532657215642e-108
"CNFN",0.114645571148439,2.99002486407438e-109,2.35875060051839e-108
"POLE4",0.11451983024624,5.15779561379239e-109,4.0631242240297e-108
"SERBP1",0.114300899333686,1.33079283695995e-108,1.0454096325123e-107
"RPA2",0.114104373179436,3.11131614626674e-108,2.44068371642017e-107
"ARL8A",0.11401632276061,4.54971014671695e-108,3.56404566877785e-107
"RTF2",0.113790242245816,1.20544420009848e-107,9.429738777586e-107
"IFIT3",0.113675372342948,1.9761709106298e-107,1.54372848960076e-106
"VTI1B",0.113604611127725,2.67890925737512e-107,2.08977308503594e-106
"ICAM3",0.11349473512024,4.29501314148204e-107,3.34580926362182e-106
"FERMT3",0.113477967402328,4.6156391724377e-107,3.59058263955883e-106
"MRPL54",0.113474113228622,4.69265035441695e-107,3.64542782733556e-106
"PDIA3",0.113384209444526,6.90205806282008e-107,5.35435279914893e-106
"OPTN",0.113371255979201,7.29641899439539e-107,5.65245405084489e-106
"BAX",0.113100141915974,2.33090556731266e-106,1.80323233183953e-105
"SIGLEC10",0.113025683740463,3.20508906352918e-106,2.4760970820451e-105
"NDUFB4",0.113005825875211,3.48909555467756e-106,2.69179396718306e-105
"TERF2IP",0.112847377317809,6.86575693786617e-106,5.27504864320829e-105
"SSBP4",0.112755504937277,1.01613099081348e-105,7.79636942403604e-105
"SHKBP1",0.112621900998987,1.79595987981068e-105,1.37608362336794e-104
"EIF3D",0.112221991771115,9.83730810690518e-105,7.52715337524261e-104
"S100A4",0.112158028197429,1.29050487096947e-104,9.84757191049046e-104
"PPP1R18",0.112134121207578,1.42824282612935e-104,1.08785754622134e-103
"MDH1",0.112133913709599,1.42950036425443e-104,1.08785754622134e-103
"NUDT4",0.11212831179289,1.46387143723597e-104,1.11099511110551e-103
"ACAA2",0.111978724641393,2.75959943704277e-104,2.0887184387671e-103
"ATP5PO",0.111788180057193,6.18066780446946e-104,4.67178412588846e-103
"CCT3",0.111636712645802,1.17212239163745e-103,8.84778640911237e-103
"ADRM1",0.111632817603469,1.19155792296094e-103,8.98239021063828e-103
"MICOS13",0.111600780306455,1.36411543123453e-103,1.02693689923986e-102
"NDUFAB1",0.111590252959986,1.42609284719843e-103,1.07215383049106e-102
"POLR2F",0.111562247125867,1.6049946534512e-103,1.20503687050672e-102
"ATP5MC1",0.111278442746218,5.30707021454145e-103,3.97923698415618e-102
"RNPEPL1",0.111255002035715,5.85723358410898e-103,4.38587771451796e-102
"RBM3",0.111211826922163,7.02377526486512e-103,5.25235851248459e-102
"SKP1",0.111070534984154,1.2719882911106e-102,9.4865598115985e-102
"MAP2K2",0.110994190981209,1.75267430329497e-102,1.3054160602068e-101
"CYP51A1",0.110985879795037,1.81489412432465e-102,1.34996307972675e-101
"MIF4GD",0.110844401431545,3.28524697473902e-102,2.43717461000176e-101
"PARP1",0.110790153841685,4.12378821479001e-102,3.05520341151307e-101
"UBE2A",0.110762133798334,4.63737626336441e-102,3.43116835549591e-101
"SRGAP2",0.110587280685973,9.64006229722629e-102,7.12321753651246e-101
"ROMO1",0.110468432349595,1.58417208031548e-101,1.16903133357668e-100
"ECH1",0.11021796062626,4.50464409689556e-101,3.31980415614632e-100
"IDI1",0.110105720596496,7.18951996616733e-101,5.29152448495443e-100
"PPP1R7",0.110064399658183,8.53876950321828e-101,6.27633175689312e-100
"TUFM",0.109964964407045,1.29129672732266e-100,9.46669236876203e-100
"GNB2",0.109940358491414,1.43037962895685e-100,1.04726226167155e-99
"NDUFA12",0.109664061367729,4.50403233699345e-100,3.29335314875984e-99
"FCRL2",0.109552151531894,7.1615274865264e-100,5.22968910717528e-99
"APRT",0.109541831742341,7.47425016623646e-100,5.45094728920448e-99
"UBE2G1",0.109540149604117,7.52650030963595e-100,5.48191524502873e-99
"ECI1",0.109273424672217,2.26839599588767e-99,1.65003713934634e-98
"AGTPBP1",0.109248184593452,2.51765762751095e-99,1.8289754048883e-98
"ANAPC11",0.109173851081804,3.42200377182558e-99,2.48272579352268e-98
"ATP5F1A",0.109113192974152,4.39516367289067e-99,3.18464576091341e-98
"NDUFC1",0.109061337509122,5.44311037315895e-99,3.93887095608052e-98
"SRGAP2C",0.108746779226129,1.98723860919725e-98,1.43434580542704e-97
"GLRX",0.108647986770179,2.9822263821445e-98,2.1469730033922e-97
"FIS1",0.108637467460049,3.11388242912341e-98,2.23887746925805e-97
"CD84",0.108544287094618,4.56469961511732e-98,3.27360852039336e-97
"TSTD1",0.108343053610382,1.04147711869607e-97,7.45947997674768e-97
"EMC7",0.108120739067619,2.58599820616804e-97,1.849830900734e-96
"IER2",0.108090970326945,2.92048197651902e-97,2.08643106511263e-96
"BCL9L",0.107826459184049,8.59396235693905e-97,6.11623674221291e-96
"CLIP1",0.107787911293456,1.00555603463958e-96,7.14735958123892e-96
"ACTR3",0.107777608494122,1.04865708623004e-96,7.44426912544292e-96
"GTF3A",0.107754431278088,1.15247371138628e-96,8.17089273098045e-96
"SPAG7",0.10771145274122,1.37287434033393e-96,9.7211999749815e-96
"GOLPH3",0.107311037807013,6.98566260491907e-96,4.9402394255242e-95
"BCL7C",0.107305468578529,7.14523024378061e-96,5.04671306373458e-95
"MIEN1",0.107025500008007,2.2204115376838e-95,1.56631297513438e-94
"PGK1",0.106990966550299,2.55317857382013e-95,1.79878656502724e-94
"POLR3GL",0.106907252388566,3.58110790456731e-95,2.51982228310069e-94
"LIMD2",0.106806396347906,5.38128142846205e-95,3.78175122720401e-94
"CAPN2",0.106788908608937,5.77478936273918e-95,4.05320742114062e-94
"TBC1D9B",0.106667571473067,9.42021424442515e-95,6.60358197534734e-94
"ELOF1",0.10662705290053,1.10911132462708e-94,7.76516566154536e-94
"NDUFAF3",0.106534350996527,1.61107578399061e-94,1.12654625045336e-93
"SKAP2",0.106422813743751,2.52354205415264e-94,1.76238890839263e-93
"GLUL",0.106084529892193,9.81385119825658e-94,6.84525287190972e-93
"CPNE5",0.105942586990296,1.73284832214511e-93,1.2071745587481e-92
"APBB1IP",0.105737325523206,3.9376231519953e-93,2.73970525146903e-92
"ENSA",0.105415730102846,1.4201289989055e-92,9.86866317973912e-92
"DPP7",0.105415357935728,1.42223542986778e-92,9.87105408016036e-92
"AHNAK",0.105413194621061,1.43454144841117e-92,9.94414189672148e-92
"LRRK2",0.105260451182682,2.63448830556797e-92,1.82395166866331e-91
"TMEM59",0.105228174447377,2.99522603914886e-92,2.07114333892256e-91
"CUTA",0.105145303490456,4.16337971170326e-92,2.87535015601109e-91
"UQCRQ",0.104796993661015,1.65689877079115e-91,1.14289285901493e-90
"LAPTM4A",0.104677019876283,2.66343905042261e-91,1.834922770162e-90
"EEF2",0.104651391547495,2.94745980150256e-91,2.02809856857688e-90
"C11orf24",0.104603421612793,3.56274892441428e-91,2.44846094793182e-90
"PIN1",0.104542154885863,4.5382643932138e-91,3.1150513316655e-90
"RNH1",0.104533059041162,4.70423055698238e-91,3.22501779065585e-90
"NCR3",0.104519950180032,4.95412598938781e-91,3.39218333332043e-90
"STUB1",0.104215641820028,1.64427545213045e-90,1.1244916736731e-89
"PARP9",0.104042052863036,3.25450419834419e-90,2.22298512377144e-89
"LSM3",0.104027465208585,3.44650854926868e-90,2.35126606387989e-89
"MRPL44",0.103919035632204,5.27604288026163e-90,3.59502629833885e-89
"VPS29",0.103904531190709,5.58510161341103e-90,3.80099078210391e-89
"IRF2BP2",0.103753429862421,1.01012237174735e-89,6.85781261109931e-89
"CIAO2A",0.103599515112978,1.8455124010443e-89,1.25141827581709e-88
"NDUFS7",0.103562249781464,2.13515744357547e-89,1.44607216946387e-88
"MPG",0.103518290138312,2.53563389814562e-89,1.71522771298473e-88
"NR4A2",0.103507273420538,2.6472270158361e-89,1.78855470635682e-88
"NUDT1",0.103491083323043,2.82017285374765e-89,1.90310700648682e-88
"LDHA",0.10345196639385,3.28596662986591e-89,2.21476523392045e-88
"TMEM50A",0.103434577928217,3.51694718262213e-89,2.36759869830127e-88
"LMO4",0.103426039362014,3.63622905178273e-89,2.44496025438596e-88
"CD2BP2",0.103354560204674,4.8069045172804e-89,3.22436792829791e-88
"TOLLIP",0.1031609953889,1.02255044564609e-88,6.85084335653561e-88
"TCIRG1",0.103060096314157,1.51467209127725e-88,1.01358164674359e-87
"MRPS36",0.103054838185279,1.54598819090102e-88,1.03330308558909e-87
"GHITM",0.103038002272892,1.65066887141015e-88,1.10195427279717e-87
"NDUFA6",0.103026350474846,1.72722729553651e-88,1.1516904859881e-87
"SMC6",0.102960691008163,2.22977153282796e-88,1.485011932862e-87
"RASSF2",0.102917286890126,2.63960182808436e-88,1.75586815191218e-87
"RER1",0.102883302331955,3.01225513392274e-88,2.00138090214724e-87
"ZBTB38",0.102861691677573,3.27606500718649e-88,2.17408058119094e-87
"MVP",0.102846441176251,3.47598545381276e-88,2.3040230209237e-87
"HSD17B10",0.10281267513213,3.96298746157786e-88,2.62372254991697e-87
"ATP5F1C",0.10261191072899,8.63394810213731e-88,5.7094147957581e-87
"PXK",0.102587312273176,9.49727961975344e-88,6.26551980568186e-87
"LRRK1",0.102582079858926,9.69174715733378e-88,6.386291273909e-87
"HINT1",0.102518156271077,1.24139014142859e-87,8.17041854540723e-87
"TRIM69",0.102503974100295,1.31144635865983e-87,8.62137447752782e-87
"BUD31",0.102381647195911,2.1050395423086e-87,1.38221881318528e-86
"CLN8",0.10218132224311,4.56318963572549e-87,2.99278983017547e-86
"ARF5",0.102111443628935,5.97474998327295e-87,3.91398533991951e-86
"PET100",0.102070958221461,6.98390307178169e-87,4.56972442815996e-86
"ZNHIT1",0.101923129179111,1.23410937118343e-86,8.0656319579911e-86
"AKT2",0.101642271754093,3.63167082630551e-86,2.37074455689244e-85
"SFT2D1",0.101626444809362,3.85906987410018e-86,2.51625731837428e-85
"CD72",0.101612483329525,4.07142538601873e-86,2.65163413803383e-85
"EIF6",0.101488480834488,6.54979656404334e-86,4.26079100525049e-85
"LAMTOR1",0.101471543911451,6.98892301107197e-86,4.54117839733342e-85
"LAMTOR5",0.101462479815742,7.23586792180702e-86,4.69618728042191e-85
"GCHFR",0.10143735189927,7.96691176376751e-86,5.16466120241456e-85
"MRPL34",0.101404645036215,9.02985829764563e-86,5.8469637370073e-85
"IQGAP2",0.101289707637676,1.40177553109748e-85,9.06621795574712e-85
"ZMAT2",0.101061873977704,3.34681338683823e-85,2.15962002070057e-84
"EIF5A",0.100998872362099,4.2559084180167e-85,2.73992448842661e-84
"MRPS21",0.10098988841042,4.40421596368466e-85,2.8321485203901e-84
"MDH2",0.100984920535552,4.48842763052404e-85,2.88299118790885e-84
"NAAA",0.10098243352086,4.53118692296165e-85,2.90712233167334e-84
"ZFAND6",0.100844317267678,7.66883616437901e-85,4.91454821014723e-84
"UQCRFS1",0.100754512826546,1.07930262031068e-84,6.90877025869729e-84
"GEMIN7",0.100692458324691,1.36652666115781e-84,8.73734683692341e-84
"PSENEN",0.100525581696247,2.57558003198972e-84,1.64116311253406e-83
"RABGAP1L",0.100516537929531,2.66550299083869e-84,1.6965320740554e-83
"IVD",0.100418370491288,3.86786672532574e-84,2.45901492946078e-83
"TIMM10",0.100383468371054,4.41489520418226e-84,2.80360862115928e-83
"KRT10",0.100344934930995,5.10884709463329e-84,3.24061750589366e-83
"MAP4K3-DT",0.0999329215756254,2.42493870311931e-83,1.53643457875241e-82
"MPC1",0.0998988832281761,2.75710426772485e-83,1.74491988740417e-82
"CTSS",0.0998826072644296,2.93160372870954e-83,1.85326326010182e-82
"EPRS",0.0998221830833977,3.68139141593601e-83,2.3246305885747e-82
"BLK",0.0997977352342666,4.03657260220079e-83,2.54604089469895e-82
"RNF7",0.0995981486233416,8.5545655817672e-83,5.38360919364922e-82
"MYO9B",0.0995153235454498,1.16779006633886e-82,7.34095641028503e-82
"HADHA",0.0994632188838822,1.42016492707528e-82,8.91742573604108e-82
"TMEM230",0.0993101588110183,2.52169803390029e-82,1.58163837490207e-81
"ITPA",0.0992552765875806,3.09747846164274e-82,1.94060143888825e-81
"FUOM",0.0991864327534421,4.0084251953668e-82,2.50851279544687e-81
"UBE2K",0.0991517026327581,4.56486430117195e-82,2.85036844491239e-81
"LSM2",0.0991004003055398,5.53074351167492e-82,3.44963189408589e-81
"TLE5",0.0990776156197884,6.02268119929842e-82,3.75228447133153e-81
"IFIT1",0.0989936104407325,8.24431451315007e-82,5.11933543105915e-81
"NAXE",0.0989893996424963,8.37503836852927e-82,5.18902932172771e-81
"PSMD4",0.09898939830061,8.37508035501134e-82,5.18902932172771e-81
"TUBB4B",0.0989795537247819,8.68882805651599e-82,5.37747248006034e-81
"DYNLT1",0.0989666100163131,9.11925004494468e-82,5.63762908407672e-81
"WARS",0.0989313133857265,1.04041091644701e-81,6.42485285889713e-81
"ZDHHC3",0.0989248198483094,1.06594347718108e-81,6.57527468688461e-81
"EID1",0.0988365743902725,1.48168115696109e-81,9.12969874602754e-81
"NRROS",0.0988296247256244,1.52059189694386e-81,9.35915957668413e-81
"SNRPN",0.0987693764056117,1.90360392686443e-81,1.17037163494706e-80
"LSM1",0.0987635357558891,1.94550126466614e-81,1.19481936221437e-80
"UBE2M",0.0987557404495559,2.0028562720365e-81,1.22869638331615e-80
"PDCD5",0.098551748776017,4.28047679482462e-81,2.62307992645653e-80
"EIF4A3",0.0985287416000661,4.6628341745846e-81,2.85426603408178e-80
"POLR2K",0.0984530309140814,6.17823860622983e-81,3.7777635844425e-80
"FKBP3",0.0984254572774276,6.84465070240052e-81,4.17613165404633e-80
"EIF4E2",0.0983282657572316,9.81876528285003e-81,5.98421157227889e-80
"TXNDC5",0.0983110091014346,1.04680076044257e-80,6.3729685426509e-80
"C18orf32",0.0982819159843855,1.1660927502238e-80,7.09151519435779e-80
"FLOT1",0.0982078357891881,1.53466263007051e-80,9.31272523404651e-80
"ARF1",0.0980833972307506,2.43316590991487e-80,1.47331483907386e-79
"POLR2J",0.0980548469695566,2.70432190421437e-80,1.63573509562685e-79
"PHPT1",0.097867876964217,5.39791786079074e-80,3.25794589852252e-79
"COX16",0.0978160859303831,6.53537627377428e-80,3.93598306552793e-79
"PSME1",0.0977861886607506,7.29775168024544e-80,4.39040893244411e-79
"RPS19BP1",0.0977776424211965,7.53154403255405e-80,4.52619936977846e-79
"CMC2",0.097737576457217,8.73115345019537e-80,5.24149951495651e-79
"TLE3",0.0974737431738438,2.30716815997117e-79,1.38355983554588e-78
"DECR1",0.0972598072904065,5.06320948704716e-79,3.03305201464718e-78
"ANXA7",0.0972096561659378,6.08604039459241e-79,3.64187096689232e-78
"ACTR2",0.0971595267220096,7.31421086140625e-79,4.36747281820217e-78
"PREX1",0.0971295079153191,8.16494662780476e-79,4.87027327607396e-78
"AKR1B1",0.097035994601445,1.15005327673748e-78,6.85260468404962e-78
"SIVA1",0.0969435723857631,1.61288768707406e-78,9.60019546790838e-78
"TOR3A",0.0969357924111739,1.65944295965419e-78,9.86681530469546e-78
"UBE2L6",0.0969308647994658,1.68962037625478e-78,1.00355924998971e-77
"WDR1",0.0967133692337753,3.73979893936069e-78,2.21892095967788e-77
"U2AF1L4",0.0967089990794194,3.7999116851217e-78,2.25220162416578e-77
"COMT",0.0966843741642431,4.15709472982953e-78,2.46129889870774e-77
"GPR18",0.0963822302169109,1.24938385317753e-77,7.37386613450722e-77
"CSNK2B",0.0963032048976462,1.66510455071635e-77,9.81710588269712e-77
"TFRC",0.0962143660171989,2.29908266649858e-77,1.35406540642046e-76
"SLBP",0.0961995980754374,2.42567877782427e-77,1.42712466749934e-76
"MX2",0.0961378476922366,3.03480776064678e-77,1.78362626100552e-76
"PHB",0.0960817059209355,3.71994800104043e-77,2.18172028835889e-76
"KYNU",0.0960449264882545,4.25034891008426e-77,2.48758665051013e-76
"COMMD4",0.0960398464933576,4.32930616742418e-77,2.53115280206084e-76
"HMGN1",0.0960131883740714,4.76825687246592e-77,2.78488078651529e-76
"RAB5C",0.0960089224726756,4.84250537392553e-77,2.82529922909967e-76
"NBDY",0.0960015950164256,4.97274108395826e-77,2.89826460054633e-76
"TUBA4A",0.0959667045023659,5.64241109474816e-77,3.28515016025826e-76
"GTF2A2",0.0958961615143651,7.28348161250605e-77,4.23182370452763e-76
"NUCB1",0.0957557233782027,1.21010645587813e-76,7.02363342940251e-76
"SNF8",0.0957466056464714,1.25062437215029e-76,7.25129100249874e-76
"CALR",0.095721888369657,1.36739762478855e-76,7.920159355161e-76
"PDLIM2",0.0956817095160751,1.5808545323062e-76,9.14707255727996e-76
"COPZ1",0.0956550555164611,1.74047735363324e-76,1.00602824124869e-75
"TRIM8",0.0955578587331315,2.47121805927158e-76,1.42693735566805e-75
"GYPC",0.095527946272851,2.75253248664417e-76,1.58773784322286e-75
"PSMB10",0.0953282625390579,5.64824057195065e-76,3.25136643818043e-75
"MAP7D3",0.0952526393601679,7.41255554872348e-76,4.26259996184807e-75
"TPGS1",0.0952193463138609,8.35432586492682e-76,4.79923888917489e-75
"GSTK1",0.0950624758116038,1.46693773067191e-75,8.40974230244972e-75
"MRPS15",0.0948964871531583,2.65876049148343e-75,1.52267050233115e-74
"C7orf50",0.0946833879621325,5.69610333228607e-75,3.25882275425274e-74
"ZNF706",0.0945677137709994,8.60756832466793e-75,4.91447402512386e-74
"PHB2",0.0944944693460122,1.11763361301047e-74,6.37460882532752e-74
"HERPUD1",0.0943907419560742,1.61722009101942e-74,9.19598957340081e-74
"NDUFV1",0.0943481486928831,1.88196110356431e-74,1.06905315832289e-73
"DDA1",0.0942840344048017,2.36408496381324e-74,1.34156432444964e-73
"SRA1",0.0942825397916185,2.37668348798449e-74,1.34734860487866e-73
"ARPP19",0.0942068604158784,3.11029469097103e-74,1.76145202872889e-73
"CAPN1",0.0941991400206452,3.19679346220015e-74,1.80861011937202e-73
"RWDD1",0.0940677337706916,5.09719086001205e-74,2.88086438011377e-73
"HMGN4",0.0940217912879166,5.99932572934145e-74,3.38732090827031e-73
"DCTPP1",0.0938948199412432,9.40831807619732e-74,5.30674617772218e-73
"PAK2",0.0937711923374122,1.45719873187001e-73,8.2110363150945e-73
"RAB37",0.0937134874440995,1.78698283686119e-73,1.00591868032759e-72
"STAT1",0.0936261829311988,2.43256869149731e-73,1.36795353826069e-72
"VDAC3",0.0936205488459078,2.48144541768662e-73,1.39403969753889e-72
"MBD2",0.09351576591496,3.59160643419825e-73,2.01569014408261e-72
"VPS28",0.0935108995592924,3.65377840100362e-73,2.04852981221434e-72
"RAP1B",0.0934186052377655,5.05858206358217e-73,2.83331181381238e-72
"RAB7A",0.0933209426110796,7.1347647777655e-73,3.99218956246399e-72
"LMAN2",0.0932878577969518,8.01565242331956e-73,4.48060571087953e-72
"PSMD7",0.0932634188101621,8.73522621546248e-73,4.87796630436743e-72
"SDF2L1",0.0930374079232641,1.93232718426752e-72,1.07584140746346e-71
"FKBP1A",0.0928269475759907,4.04019377565546e-72,2.24272798190745e-71
"RPLP0",0.0927511422252691,5.26742735197647e-72,2.92107530677428e-71
"POLR2G",0.0926661737344333,7.08934992691272e-72,3.92754193280298e-71
"MYLIP",0.0926321513478846,7.98415872402882e-72,4.41890049538393e-71
"RNF5",0.0925782008396005,9.63939757745534e-72,5.32973996360586e-71
"TGFB1",0.0924208902176764,1.66859236283735e-71,9.21675130596843e-71
"FAM3C",0.092272795885725,2.79456986902806e-71,1.54058915712856e-70
"ST13",0.0920051771226633,7.08136386283802e-71,3.89997236929752e-70
"HMGA1",0.0919967246997848,7.29207629615015e-71,4.0120745908386e-70
"DCTN2",0.0919480270357756,8.63366792589556e-71,4.740899416955e-70
"TXNDC17",0.0917954735594158,1.46454888878293e-70,8.03421971211868e-70
"HCLS1",0.0917658937779647,1.62240951692671e-70,8.89150264609245e-70
"TMBIM6",0.0917650034174656,1.62741538874323e-70,8.91021856534782e-70
"DESI1",0.0916251318904904,2.63948147242272e-70,1.44372419209372e-69
"LSM7",0.0915935708697876,2.94349578823166e-70,1.6084409668181e-69
"CAPZA2",0.0915821435204816,3.06197444507762e-70,1.67155154647951e-69
"VDAC2",0.091523820330919,3.74488065684604e-70,2.04037709717847e-69
"LCP1",0.091441548327011,4.97372830425942e-70,2.70727426940301e-69
"HLA-E",0.0913278398614995,7.35925433673412e-70,3.99798094471851e-69
"ELOC",0.0913141298452643,7.71498055858213e-70,4.18717113455606e-69
"FAM50A",0.0911926764655168,1.17168840405823e-69,6.35297846188785e-69
"APOBEC3G",0.0911413431760694,1.39778912649779e-69,7.57158307303106e-69
"MEF2A",0.0910410422192162,1.97262047111329e-69,1.0664717431183e-68
"LINC01857",0.0909874836337425,2.37060723342269e-69,1.28040222896822e-68
"CDC123",0.0909755032575775,2.47005687243205e-69,1.33283126613602e-68
"ZNF428",0.0908973110673001,3.22948092336613e-69,1.74093577014184e-68
"DNAJB6",0.0906976752183866,6.39625313654538e-69,3.43813952186091e-68
"MYDGF",0.0906142373381143,8.50697245212011e-69,4.56394182991616e-68
"BANF1",0.0904817515544089,1.33718391518148e-68,7.16704986500619e-68
"YIF1A",0.0904539434088586,1.47021587658547e-68,7.87254218427842e-68
"LIMS1",0.0903448835736609,2.13205904803758e-68,1.13947163435673e-67
"C1D",0.0903142993171724,2.36609020255265e-68,1.26334330071472e-67
"MAF1",0.0903128652286405,2.37767142571139e-68,1.26831787194376e-67
"TES",0.0903082431874369,2.41538337758756e-68,1.28720859161445e-67
"RGS10",0.0903018814567181,2.46826660204653e-68,1.31414080209721e-67
"NDUFB9",0.0902182181057785,3.28116717771992e-68,1.7452818007986e-67
"PSMC4",0.0900521225209386,5.76950637339701e-68,3.06303366799968e-67
"PRKX",0.0900245982850948,6.33450408755474e-68,3.35980657143884e-67
"SNN",0.0899920210593264,7.07488036888442e-68,3.74895032602853e-67
"APOBEC3C",0.0898353842022812,1.2030881602106e-67,6.36908958916782e-67
"IK",0.0897359964074141,1.68419203235482e-67,8.90761055072646e-67
"IFI35",0.0896496884394386,2.25489711672202e-67,1.19147912743019e-66
"SLC38A1",0.0896473728660768,2.27261169188151e-67,1.19970764243434e-66
"COX7A2L",0.0896426042070438,2.30953097531406e-67,1.21804924602016e-66
"FAM174C",0.0896088090367346,2.58887638183834e-67,1.36409187344088e-66
"ZNF511",0.0895884935275424,2.77275244082017e-67,1.45960398693926e-66
"CTDNEP1",0.0894883039023228,3.88843070742825e-67,2.04498595232917e-66
"TXN",0.089394366769148,5.33730107106178e-67,2.80433614437308e-66
"REX1BD",0.0893494261520272,6.20975368375742e-67,3.25968419706892e-66
"UGCG",0.0893031839704582,7.25598749191542e-67,3.80531703578823e-66
"CAPZA1",0.0892690669914566,8.13888215759622e-67,4.2643478919267e-66
"C9orf78",0.0890707494792463,1.58511724400816e-66,8.29742213428945e-66
"SCPEP1",0.0889929325253496,2.05815555233671e-66,1.07635193731446e-65
"TPM4",0.0889630113896985,2.27541741660459e-66,1.18886314835842e-65
"SLC5A3",0.0889323209273943,2.52202384593408e-66,1.31648234492794e-65
"SEMA4B",0.0889185350340419,2.6412994483838e-66,1.37745979612641e-65
"NDUFB5",0.0884739921899313,1.16752509404187e-65,6.08307725742186e-65
"UBE2S",0.0884156133680752,1.41835894463054e-65,7.38311194133425e-65
"UBE2Q2",0.0884110032475126,1.44031741816224e-65,7.49045297969055e-65
"ARL5A",0.088390059104677,1.54442027402107e-65,8.0243951343154e-65
"RFXANK",0.0883627916884726,1.69126643443523e-65,8.7710956474738e-65
"SNRPC",0.0883585844154829,1.71513143757736e-65,8.88663384076853e-65
"UBE2Q1",0.0882439002657382,2.51225295571207e-65,1.30047401154744e-64
"NAGK",0.088226175098635,2.6647972520569e-65,1.37816522703331e-64
"DOCK10",0.0881220632697749,3.76643246220336e-65,1.94431227841484e-64
"TLR10",0.0880022934519718,5.60498148087246e-65,2.89074597369859e-64
"EIF3I",0.0879387930467587,6.91849619393337e-65,3.56490314463853e-64
"SKA2",0.0877812454937989,1.16569538899941e-64,6.00097414870007e-64
"CHCHD1",0.0877208699488084,1.42332525553197e-64,7.31380252865556e-64
"CCNG2",0.0876837119953608,1.60933049956583e-64,8.2620166160112e-64
"IFITM1",0.0876371341387469,1.87705335755836e-64,9.62763356747655e-64
"SSR3",0.0876211565025408,1.97876210045623e-64,1.01400242677542e-63
"SNRPG",0.0876180301378805,1.99929685499948e-64,1.02358881945631e-63
"HSP90AB1",0.0875926572327049,2.17400257891587e-64,1.11201720954409e-63
"HSBP1",0.0875914512518408,2.18267499475224e-64,1.11543454795687e-63
"NDUFS8",0.0874495111151637,3.4859514935835e-64,1.77821624003289e-63
"COMMD8",0.0874324409909155,3.68767171809508e-64,1.87940393931306e-63
"RAB2A",0.087424115542731,3.79023347257537e-64,1.92991797089952e-63
"WSB1",0.0873285509725971,5.19202590198461e-64,2.64128402152732e-63
"TCEA1",0.0873110443025649,5.49993471358833e-64,2.79538424054521e-63
"HSH2D",0.0872855913489303,5.98034296818214e-64,3.03679972482214e-63
"TUSC2",0.0872127882851103,7.59787269582908e-64,3.8511932098949e-63
"SIDT2",0.0871887889729663,8.22138328019715e-64,4.16346905536928e-63
"ACTN4",0.0871566465327087,9.13703146640254e-64,4.62299125955923e-63
"G3BP2",0.08703094898114,1.3803343243334e-63,6.9776647568514e-63
"SLC25A1",0.0870140510946297,1.45898887366667e-63,7.36861738630026e-63
"ARL6IP1",0.0869940984258583,1.55763084107818e-63,7.85972102781882e-63
"FAM49B",0.086935393665566,1.88808651395456e-63,9.51860716891044e-63
"NDUFB6",0.0869062567097746,2.0771737443816e-63,1.04624551639221e-62
"RPL22L1",0.0868800877895854,2.2630253475973e-63,1.13883243233535e-62
"SRM",0.0867326415503216,3.66582305571518e-63,1.84311265126219e-62
"LYRM4",0.0866938796843547,4.16085232720082e-63,2.09012859952034e-62
"NSA2",0.0866791737234623,4.36562574346956e-63,2.19102775888647e-62
"MTSS1",0.0866490968044578,4.81623044346311e-63,2.4128539100033e-62
"BACE2",0.0866284140435668,5.15269917767735e-63,2.57911243022081e-62
"SLIRP",0.0865437174122959,6.79295009523254e-63,3.39708156101763e-62
"EIF2S2",0.0864277754922503,9.91215035572931e-63,4.95253828210882e-62
"CHCHD10",0.0863309723478641,1.35836841047574e-62,6.77490780683402e-62
"TSC22D4",0.0862492371113147,1.77192584939582e-62,8.82182816219197e-62
"JUNB",0.0861787160806004,2.22816862380761e-62,1.10736224152142e-61
"PDCD6",0.0860369236820422,3.52990890342874e-62,1.75274997944188e-61
"SLAMF6",0.0859367494761886,4.88348915256543e-62,2.42056838438221e-61
"PSMB7",0.085699151027918,1.0529815596486e-61,5.21463281661522e-61
"COMMD7",0.0856701767634278,1.15624382437638e-61,5.72095553032873e-61
"TRIM34",0.0855578615795312,1.66115674509804e-61,8.2119496286797e-61
"TMEM219",0.0855524298500041,1.69050150791065e-61,8.34964633669094e-61
"SPINT2",0.0855027851753378,1.98381141013387e-61,9.78109833464774e-61
"POLR2I",0.0854670999029374,2.22547091367935e-61,1.09629398307107e-60
"PRKCD",0.0854387998193302,2.43779454496724e-61,1.19983191971542e-60
"USF2",0.0853350528592896,3.40380890511659e-61,1.67234505943492e-60
"CCDC12",0.0852710732125535,4.18096929837985e-61,2.05057872506353e-60
"SNX17",0.0852621975813806,4.30191183209442e-61,2.10804970879798e-60
"CCDC167",0.0852539745755002,4.4170695608535e-61,2.16258799041438e-60
"ATOX1",0.0851940165919157,5.35493112825568e-61,2.61947329688734e-60
"PAGR1",0.085105888861141,7.10481148615366e-61,3.47243011640023e-60
"SURF1",0.0850400056505293,8.77549673493068e-61,4.28149453069222e-60
"FDPS",0.0850388938870387,8.80681419832949e-61,4.29167954537753e-60
"S1PR4",0.085038720904394,8.81169697765428e-61,4.29167954537753e-60
"CDC37",0.0849799951548815,1.06353774551374e-60,5.17539088846432e-60
"ILK",0.0847348753212374,2.32876237661055e-60,1.13125742163016e-59
"MRPL20",0.0845722640854504,3.9118306243951e-60,1.89862767133769e-59
"CHCHD5",0.0844687363927303,5.43955364719171e-60,2.63554844099661e-59
"ABHD14A",0.0844216013098776,6.31967273400047e-60,3.05933336068597e-59
"TET2",0.0843402961151386,8.18382225558355e-60,3.95834097180686e-59
"RHOF",0.0843299715927854,8.4567581236139e-60,4.08682504317182e-59
"MRPL33",0.0843290493097029,8.481576112958e-60,4.0952851559205e-59
"ZDHHC21",0.0843287310566261,8.49015690768305e-60,4.09589740223366e-59
"SEPHS2",0.0842262306820017,1.17562192927771e-59,5.6617871245782e-59
"MAZ",0.0841458324665995,1.51711596711652e-59,7.30014306857356e-59
"SRPK2",0.0841289608546523,1.6004659660294e-59,7.69460075170013e-59
"EIF4G2",0.083958102214226,2.74921405908796e-59,1.31948140059568e-58
"MRPS12",0.0839149621183154,3.15107033896739e-59,1.51105693223941e-58
"TMEM147",0.0838527431113228,3.83580956910614e-59,1.83784169346138e-58
"LACTB",0.083823455290996,4.20759642751846e-59,2.01425193081461e-58
"ADK",0.0837899640780864,4.67692080791961e-59,2.23701395774191e-58
"SYTL1",0.0837778118554132,4.85981332410655e-59,2.3225097635086e-58
"TPP1",0.0837440368305695,5.40641328660759e-59,2.58152777649524e-58
"PBDC1",0.0836631414059384,6.97754076607182e-59,3.32606007070368e-58
"WIPF1",0.0835891003151063,8.81076187440782e-59,4.19635010702026e-58
"FGD2",0.0835842003703049,8.94777215158895e-59,4.25798401198383e-58
"MRPL28",0.0835409891150495,1.02517038494872e-58,4.87434577767215e-58
"CTR9",0.083304520459534,2.15559045272417e-58,1.02317475641594e-57
"CYC1",0.0832026949913581,2.96667726206785e-58,1.40459504182942e-57
"GLIPR2",0.0831771795594006,3.21366070846784e-58,1.52024608345679e-57
"CAST",0.0831158544599777,3.89428178363196e-58,1.84066432659263e-57
"TRAPPC2L",0.0830970415480573,4.13055355429464e-58,1.95069396775753e-57
"PIKFYVE",0.0830581827295364,4.6647475297857e-58,2.20111633650629e-57
"FABP5",0.0829859532663549,5.84711879014953e-58,2.75439128205446e-57
"C1orf122",0.0829745655490793,6.05902470958709e-58,2.85181490742834e-57
"CWC15",0.0829530868721563,6.47974554646524e-58,3.04727580233013e-57
"ARFGAP3",0.082946661286471,6.61117400027902e-58,3.10647529996332e-57
"HMGB1",0.0829444273582963,6.65748592309516e-58,3.12561430471551e-57
"SH3KBP1",0.0829142402997013,7.31592307114915e-58,3.4318664255868e-57
"TRAPPC4",0.0828954386222818,7.75840295581367e-58,3.6363861887458e-57
"FXYD5",0.0828422577210723,9.15961276362497e-58,4.2895477499217e-57
"XRCC6",0.0828017969569506,1.03921221203232e-57,4.8626796989081e-57
"DOCK2",0.0827480027740159,1.22901544200154e-57,5.74600625262992e-57
"NUDC",0.0825655613413217,2.16911121754887e-57,1.01327705833955e-56
"IGBP1",0.0825278229421473,2.43920848144261e-57,1.13850055871334e-56
"RHEB",0.0824805368889511,2.8253834427345e-57,1.31764968049592e-56
"PSMB4",0.0823562538279628,4.15588792870781e-57,1.93653313549854e-56
"CARD16",0.0823452341294754,4.30041927130163e-57,2.00221515698757e-56
"SARNP",0.0823221099242375,4.62018984843195e-57,2.14930924759695e-56
"SNRPD1",0.0822943775040046,5.03505996524082e-57,2.34036272741194e-56
"DCXR",0.0822430559039817,5.90311950516741e-57,2.73930176871936e-56
"NCOA7",0.0821008523001305,9.1676031355666e-57,4.24712532359872e-56
"MESD",0.0820306470261329,1.13897702646601e-56,5.27223993821167e-56
"EVI2B",0.0820275769481991,1.14983379341282e-56,5.31809998092915e-56
"DGUOK",0.0820228284125237,1.16682947099846e-56,5.39225401572802e-56
"MCM5",0.0819866282633083,1.30489079391325e-56,6.02530365763242e-56
"C1QBP",0.0819659251281997,1.39104178982118e-56,6.41781306819476e-56
"TIMM8B",0.081938102895295,1.51580333736247e-56,6.98766624902652e-56
"SMC4",0.0818987061636813,1.71175763488239e-56,7.88450206659232e-56
"MAGEF1",0.081886207241475,1.77904923048203e-56,8.18771958909603e-56
"NUCKS1",0.0818705968322763,1.86680402640625e-56,8.58453969778439e-56
"KDELR2",0.0817877910352661,2.40964653931966e-56,1.10717229423539e-55
"TFDP1",0.0817492710612992,2.71320586934139e-56,1.24562836673616e-55
"APH1A",0.0817010098386148,3.14781270590562e-56,1.44397206926923e-55
"MRPL52",0.0816529146916195,3.64984864510103e-56,1.67289707538551e-55
"MAPRE1",0.0813439494203498,9.42355650558488e-56,4.30868081532905e-55
"STRAP",0.0812950331625842,1.09468803716322e-55,5.00109926276605e-55
"WAS",0.0811637245360501,1.6359937222377e-55,7.46797134331978e-55
"PCBP1",0.081094578787181,2.02093772323593e-55,9.21764836143682e-55
"TMEM179B",0.0810682580362123,2.19010821134172e-55,9.98111968407241e-55
"EPN1",0.0809574105242237,3.07165234792087e-55,1.39872559355324e-54
"HSP90B1",0.0808319678560004,4.50171340464389e-55,2.04826131433066e-54
"LRP10",0.0807456114750086,5.85474568753271e-55,2.66172326265184e-54
"CHST2",0.0806478763583868,7.88004441505744e-55,3.57957248732658e-54
"HINT2",0.0805498290347249,1.06121564512497e-54,4.81674945570905e-54
"XBP1",0.0805434367228166,1.08199783617728e-54,4.90710111775621e-54
"PSMG2",0.0804761201448311,1.32704129503991e-54,6.00869708449356e-54
"RBCK1",0.0804481101344179,1.44461643999862e-54,6.5357808404138e-54
"CCDC115",0.0804373561603264,1.49246454062705e-54,6.74680701537698e-54
"PRDX3",0.0804326295442038,1.51399106579304e-54,6.83859996734419e-54
"EIF3L",0.0803943116579382,1.70031155406823e-54,7.67400887537158e-54
"SACS",0.080286862300703,2.35366059090682e-54,1.06056741509808e-53
"RALY",0.0802822406208316,2.38678677065152e-54,1.07462963845813e-53
"BCL7B",0.0802732760934971,2.45237000119574e-54,1.10327103427288e-53
"NAPA",0.0802503846829993,2.62809705457705e-54,1.18137813825731e-53
"MACROD2",0.0801150482638615,3.95508768878806e-54,1.77645919365693e-53
"RPN2",0.0801091197204108,4.02647900584027e-54,1.80707603459226e-53
"PA2G4",0.0800098094734186,5.43231649483269e-54,2.43606122398382e-53
"ELOVL1",0.0799859622113385,5.83703110211565e-54,2.61545689623598e-53
"SDHB",0.0799421305637654,6.66080146882841e-54,2.98218617321406e-53
"RANBP1",0.0798599793941971,8.52904121100983e-54,3.81558784527684e-53
"MGST3",0.0798552416028412,8.65145687632135e-54,3.86726336506591e-53
"MRPS34",0.0798231321397201,9.52849934392613e-54,4.2559110706005e-53
"GPATCH11",0.0798222920991166,9.55259536299756e-54,4.2632738349123e-53
"CLSTN1",0.0798173707537853,9.69498496537429e-54,4.32337665533928e-53
"SH3TC1",0.0797820109570167,1.07821263742137e-53,4.80435082115918e-53
"INPP5F",0.0797218273577254,1.29186894894592e-53,5.73811100955283e-53
"MRPL23",0.0797105126773053,1.33651139755001e-53,5.92699947559587e-53
"SNHG29",0.079706034214591,1.35460273153311e-53,6.00247618616848e-53
"EMC6",0.0796263900996751,1.72028948480729e-53,7.61687067541947e-53
"SLC39A3",0.0796175154646806,1.76668943891082e-53,7.81613550342771e-53
"SAMD9",0.0794748538496848,2.7088863404508e-53,1.19656722341206e-52
"FNBP1",0.0794244059909774,3.15030971263976e-53,1.39045584716275e-52
"TMEM170A",0.0792680777831355,5.02635548969253e-53,2.2115174468003e-52
"SFT2D2",0.0791840231396008,6.45925755475111e-53,2.83974109608799e-52
"KLF6",0.0791443764768572,7.26978957168776e-53,3.18857411049515e-52
"MKRN1",0.0790453532971104,9.7641875421558e-53,4.27593545141631e-52
"EXOSC7",0.0790097544247318,1.08556013174936e-52,4.75017367025637e-52
"IL10RB",0.0789833904412028,1.17414175233785e-52,5.1297721956664e-52
"SNX5",0.0788850979651395,1.57264289512888e-52,6.86545039408951e-52
"RFTN1",0.0788828330694625,1.58326113031255e-52,6.90642179975125e-52
"PPHLN1",0.0788532611676882,1.72862955995462e-52,7.53467250218353e-52
"IDH3G",0.0788183172006899,1.91762228646025e-52,8.35194589927207e-52
"MPC2",0.0787505962697242,2.3444114712276e-52,1.02028350041537e-51
"PSMD13",0.078632663749322,3.32530599629816e-52,1.44492155820528e-51
"CHMP5",0.0785708792577627,3.99270149450454e-52,1.73357527679999e-51
"ADI1",0.0783821977990122,6.97369984340443e-52,3.02553778643751e-51
"COA6",0.0783329627757272,8.06429552158824e-52,3.49058108318514e-51
"IFNAR2",0.0783296692676177,8.14303335029377e-52,3.52194052471007e-51
"ANXA5",0.0780719329185265,1.73962818182563e-51,7.51245755312672e-51
"STMP1",0.0780611916832293,1.79544399549325e-51,7.74752066160071e-51
"FAAP20",0.0780333175841972,1.94874638405403e-51,8.40256235341542e-51
"PSMA4",0.0779919992969317,2.20027958929144e-51,9.47253342015475e-51
"PFKL",0.0779620448800912,2.40260558662041e-51,1.03356327885261e-50
"ATP6V1D",0.0779096640297069,2.8019148437808e-51,1.20441481504346e-50
"HERC5",0.0778245378771283,3.59644448590783e-51,1.54357743797469e-50
"ITGB1BP1",0.077730938537596,4.73092568791277e-51,2.0289368130168e-50
"PLGRKT",0.0777071225205163,5.07248553044347e-51,2.17375604101101e-50
"EHD1",0.0776908914383825,5.31922397302537e-51,2.27775026551339e-50
"NIPA2",0.077685348048603,5.40620074941754e-51,2.31322615718011e-50
"HSPB11",0.0776659526624138,5.72181203054351e-51,2.44640222771559e-50
"WIPI2",0.0775452436672003,8.14241009778184e-51,3.47603955470092e-50
"NDUFA7",0.0774934234191739,9.4723237745081e-51,4.0407071942894e-50
"RNF126",0.0774655447363349,1.02750997106524e-50,4.37981989949498e-50
"AK6",0.0774394626444046,1.10873373460194e-50,4.72244688023228e-50
"PSMC3",0.0774267727731109,1.15053268068887e-50,4.89675801256715e-50
"TBK1",0.0774008406969394,1.24089108966664e-50,5.27732042006289e-50
"SETBP1",0.0772151487535762,2.13074212893496e-50,9.04798079163359e-50
"BZW1",0.077170651774453,2.42499493775054e-50,1.02819051069953e-49
"PSMF1",0.0770372811475075,3.57194002198392e-50,1.5110601256142e-49
"KIF20B",0.0770223949835909,3.72957162927717e-50,1.57559259672895e-49
"SERP1",0.0770223450292627,3.7301120929523e-50,1.57559259672895e-49
"UBL7",0.0769334996743558,4.82592738471937e-50,2.03539301820883e-49
"CDC40",0.0769080690206037,5.19487236055835e-50,2.189351398908e-49
"ACAT2",0.0768855138704901,5.54552227572275e-50,2.33537370423482e-49
"DNAJC15",0.0768208165458917,6.6875318517268e-50,2.8141897747199e-49
"GNAI3",0.0767022606209141,9.42129056506726e-50,3.961610244365e-49
"WASF2",0.0766950473056815,9.61964680838837e-50,4.04198362894098e-49
"HNRNPC",0.0766345908875285,1.14542064232339e-49,4.80922115266366e-49
"MRPL11",0.076634123558168,1.14696655175016e-49,4.81210461150012e-49
"MTLN",0.0764846256925365,1.76500734282435e-49,7.3995554844006e-49
"TERF2",0.0764636436402965,1.87495194421581e-49,7.84873381132492e-49
"SARS",0.0764469363472519,1.96735113896765e-49,8.22937545135012e-49
"UQCC2",0.0763459767677256,2.63044974093172e-49,1.09866882915426e-48
"SREBF2",0.0763282948045541,2.7676187688119e-49,1.15509930880145e-48
"PEPD",0.0762691690517461,3.28011165903914e-49,1.36797508579882e-48
"TM9SF2",0.0762106769280402,3.87992990082973e-49,1.61692614393953e-48
"COMMD1",0.0761996222987611,4.00499392328184e-49,1.66780453266183e-48
"CCT6A",0.076180798312774,4.22725650970813e-49,1.75905376752416e-48
"CDC26",0.0761781784451142,4.25914849389694e-49,1.77100896171617e-48
"XRCC5",0.0760122252926543,6.85267239810024e-49,2.84520519657223e-48
"MRPS24",0.0759706332030143,7.71885142681047e-49,3.20009525104111e-48
"SH3GLB1",0.0759626895892227,7.89627332628698e-49,3.27122980033531e-48
"GLRX3",0.0759444768371232,8.31852991145344e-49,3.44309119089934e-48
"STOML2",0.0759442715083722,8.32341630508429e-49,3.44309119089934e-48
"C1orf43",0.0758582318211795,1.06440962185757e-48,4.39657691152231e-48
"ABHD14B",0.0757906878186963,1.29083555631754e-48,5.32790711196354e-48
"SELENOS",0.0755616839477188,2.47916081673933e-48,1.02251691712496e-47
"STX8",0.0755188910013677,2.80009901866241e-48,1.15318783849472e-47
"FBXW7",0.0754894208499194,3.04484320300276e-48,1.25306148273464e-47
"UBE2F",0.0752977262078915,5.24727380572454e-48,2.15785466856558e-47
"CCT7",0.0752473342179516,6.05298390710742e-48,2.48736337958244e-47
"SLAMF1",0.0752117342166441,6.69530448257448e-48,2.74929621751464e-47
"RUNX3",0.075192196332275,7.07620055357642e-48,2.90357504033564e-47
"PLEKHM2",0.0750793099874541,9.73906936127056e-48,3.98455277519915e-47
"CD82",0.0750286486311138,1.12383719402085e-47,4.59125610773945e-47
"TOMM20",0.0749704767616824,1.3245138202667e-47,5.40714424731326e-47
"HNRNPF",0.0748561101172955,1.82884086099396e-47,7.45512202505617e-47
"LHPP",0.0747758144176701,2.29310704076342e-47,9.33934035654128e-47
"NDUFA5",0.0747756142936545,2.29439963053041e-47,9.33934035654128e-47
"TMEM256",0.0746901327063476,2.91841104614752e-47,1.18707481986001e-46
"UBALD2",0.074683530782946,2.97310666126649e-47,1.20844487734061e-46
"PKN1",0.0746601848311256,3.17483430814391e-47,1.28950304277839e-46
"PAF1",0.0746581144309242,3.19336860001212e-47,1.29609112526579e-46
"ANAPC16",0.0745967473937139,3.79443500691967e-47,1.53893051946105e-46
"CLPTM1L",0.0744710467454738,5.39972093667304e-47,2.18841077903804e-46
"CNBP",0.0743796899330825,6.97540269795844e-47,2.8229212797157e-46
"TXNDC12",0.074368824186859,7.19094206896333e-47,2.90804812478438e-46
"EIF4A1",0.0742446299497489,1.01791507766738e-46,4.11352261905844e-46
"CHMP4A",0.0742073328499471,1.12976243356569e-46,4.56222018053457e-46
"ACADVL",0.0740349759632926,1.82775567792823e-46,7.37554722772046e-46
"BRI3",0.0740326321536588,1.83973789648152e-46,7.41855432555293e-46
"USP18",0.0739649873943607,2.22136221900098e-46,8.95097107095287e-46
"NAA10",0.0738793890745635,2.8190496361789e-46,1.13511840490568e-45
"CDK14",0.0737381158883409,4.17475762385568e-46,1.679800104254e-45
"LAP3",0.0736541393642515,5.27039386609144e-46,2.11760947230833e-45
"BCAP31",0.0736200771584127,5.79246291203299e-46,2.32570500145497e-45
"PDAP1",0.0735566471030169,6.90557309740445e-46,2.77063860448154e-45
"DTD1",0.0734866796295683,8.38160899171632e-46,3.36044323282771e-45
"TMEM14B",0.0734775822340808,8.59528057699805e-46,3.44364567323076e-45
"IER3IP1",0.0734443953018466,9.42172616336825e-46,3.77205777276809e-45
"PRDX4",0.0733621090225935,1.18279787090363e-45,4.73203633923658e-45
"ERCC6",0.0733557347074193,1.20380991243239e-45,4.81266189831108e-45
"PITPNA",0.073217378948293,1.76352614956483e-45,7.04529954615737e-45
"ILF2",0.0731524083179914,2.10932372991374e-45,8.42075709996211e-45
"MYO1G",0.0731290540399198,2.24946047493721e-45,8.97380920236702e-45
"ARHGAP27",0.0730554094906486,2.75492346300368e-45,1.09824386592766e-44
"LRPAP1",0.0730411033127029,2.86549833443476e-45,1.14151181871757e-44
"ARMCX6",0.0729804856966581,3.38515650803402e-45,1.34660948874279e-44
"CLPP",0.0729326006406969,3.86110757919503e-45,1.53485191987731e-44
"TRADD",0.0728811919292621,4.44638904451842e-45,1.76625709491828e-44
"IFIT2",0.0727924120338002,5.67230424373557e-45,2.25004079809936e-44
"AP2B1",0.0727341084720598,6.65485912126709e-45,2.63419547266551e-44
"NOSIP",0.0726845221974023,7.62256520643312e-45,3.01511212720564e-44
"GSPT1",0.0726205621892423,9.08020367973974e-45,3.58661641821032e-44
"EIF4E",0.0725489007754877,1.10448793604095e-44,4.35650488011645e-44
"NDUFS3",0.0724923993587452,1.28875837432311e-44,5.07618541109966e-44
"RAD23A",0.0724827761573115,1.32305952628288e-44,5.20762923872835e-44
"YWHAQ",0.0724122863941329,1.60359874351006e-44,6.30741331629204e-44
"PTRHD1",0.0723473434339182,1.91411582690179e-44,7.52348262910663e-44
"DTX3L",0.0723376721928694,1.96521507899394e-44,7.71891280325738e-44
"CCDC124",0.0722977849776845,2.19070435560613e-44,8.59855297529777e-44
"IMP3",0.0722481538938338,2.5075231765547e-44,9.83518019039418e-44
"RSL24D1",0.0721983189913358,2.87148459780842e-44,1.12548532066655e-43
"AP2A1",0.0720898992859002,3.85499641674978e-44,1.50886337737355e-43
"SF3B2",0.0720702030726606,4.06669536943592e-44,1.59061178521024e-43
"PPP3CC",0.0719925301903862,5.02041536068588e-44,1.962271209714e-43
"PYURF",0.0718861347165372,6.69749570007917e-44,2.61048527600163e-43
"PLAAT4",0.0718142820357599,8.13469673413174e-44,3.16625687337539e-43
"PPP1CC",0.0718099801282133,8.22988089213341e-44,3.20108075533606e-43
"HLA-F",0.0717890405554548,8.70925030417857e-44,3.38518466021542e-43
"NLRC5",0.071738003169436,9.99720893663094e-44,3.88310452524757e-43
"JAZF1",0.071645647376402,1.28280357457047e-43,4.97230645063614e-43
"UBE2I",0.0716409272412286,1.2992432748126e-43,5.032546045799e-43
"PSMD2",0.0716290234818667,1.34163945760477e-43,5.19317387839966e-43
"HNRNPA1",0.0716268599057769,1.34949170492929e-43,5.21996066250618e-43
"MRPL36",0.0715798380421717,1.53190688559609e-43,5.92147030105154e-43
"LPXN",0.0715109223615665,1.84444889753096e-43,7.11975070645824e-43
"TAP1",0.0714374471262802,2.24776137813842e-43,8.67060019211659e-43
"PUF60",0.0713535553971948,2.81644607719223e-43,1.08567890422255e-42
"ATRAID",0.0712802090357065,3.42961760437248e-43,1.32022599327081e-42
"AKR7A2",0.0712760333063243,3.46827263095115e-43,1.33418921744213e-42
"HHEX",0.0712601244643479,3.61955434068591e-43,1.39142922870156e-42
"HNRNPA0",0.0712178900894293,4.05377367465231e-43,1.55728301452178e-42
"MRPL27",0.0711892164052399,4.37772658027259e-43,1.68057892913686e-42
"GNB1",0.0711401213213881,4.99328433625607e-43,1.91557435392947e-42
"LSM6",0.0711342020482728,5.07309017297863e-43,1.94485818335752e-42
"URM1",0.0711117427290664,5.38760557119894e-43,2.06402043804961e-42
"FCMR",0.0709864471210799,7.53321046767121e-43,2.88207048015208e-42
"ATP6V1E1",0.0709564829878029,8.1612784295237e-43,3.12022665418172e-42
"ANTKMT",0.0708929445974218,9.67065593193607e-43,3.6947710692206e-42
"MCUB",0.0707693166303055,1.34481332981911e-42,5.13099418277714e-42
"VCP",0.0707433327751221,1.44121564280105e-42,5.49506386339597e-42
"SAMD9L",0.0705697512436462,2.28719918634755e-42,8.71469567532832e-42
"BUD23",0.0705521358791508,2.39679655914099e-42,9.11987603787274e-42
"RBIS",0.070524898041521,2.57663077513679e-42,9.79749421014336e-42
"ARHGAP30",0.0704973182147796,2.77239663105673e-42,1.05347310247956e-41
"DNAJA1",0.0704545721550233,3.10543634306547e-42,1.17922365813625e-41
"HDAC3",0.0703854245968662,3.73040427152799e-42,1.41558227132983e-41
"NOP53",0.0703237260694896,4.39283179347703e-42,1.66582605790554e-41
"YIPF3",0.0703180369014215,4.45951106165593e-42,1.68996762221481e-41
"ERCC1",0.070271218947479,5.04787811328914e-42,1.91164065669591e-41
"MRPL55",0.0702515280513833,5.31783286583918e-42,2.01251228929495e-41
"NUDT5",0.0702487984453589,5.35637084453506e-42,2.02572809589743e-41
"NCOR2",0.0701841227217751,6.35534022127337e-42,2.40028729462927e-41
"OAS2",0.0701718959985166,6.56404067061272e-42,2.47743880027641e-41
"NOL7",0.0701286934876036,7.3575747319526e-42,2.7750690958698e-41
"YWHAE",0.070111224759147,7.70489550412578e-42,2.90411303624552e-41
"RBM8A",0.0700755279722516,8.46615356284499e-42,3.18889886385305e-41
"TAGLN2",0.070031430140014,9.51057852831269e-42,3.57988913555641e-41
"MTMR12",0.0698982995065855,1.35062757187371e-41,5.07709062420445e-41
"HAGH",0.0698761512950413,1.43169199771601e-41,5.37460246595669e-41
"COPS6",0.0698627636514922,1.48301973170234e-41,5.56355895329191e-41
"ACSL4",0.069821131512129,1.65462276996362e-41,6.20317411952226e-41
"GMFG",0.0697786782948336,1.84994890343203e-41,6.93081191178781e-41
"BCAS4",0.0697305692472775,2.09913833215241e-41,7.85914023956259e-41
"PCMT1",0.0697204727448917,2.15552983741738e-41,8.06487816925502e-41
"PAIP2",0.0697061890624934,2.23789027607167e-41,8.36743887601964e-41
"PEX16",0.0696438302179556,2.63569246209312e-41,9.8482411475541e-41
"PSMA3",0.0696133219583031,2.85518855919538e-41,1.06612740800355e-40
"SYF2",0.0695847546933287,3.07716539236819e-41,1.14824805880441e-40
"AKAP13",0.0695469317767072,3.39767167334833e-41,1.26700126780453e-40
"TIMM13",0.0695102389186505,3.74027896726775e-41,1.39290575104167e-40
"POLR2E",0.0694856398106745,3.98898815607721e-41,1.48453971177332e-40
"ETFA",0.069483803176295,4.00820406827256e-41,1.49070059670615e-40
"METTL23",0.0694832380861076,4.01413486163253e-41,1.49191568414093e-40
"RAD17",0.0694243224728588,4.68286374604583e-41,1.739305029284e-40
"SDF2",0.0693727873736225,5.3579838857625e-41,1.98742170491098e-40
"PRMT1",0.0692883278303971,6.67982598307257e-41,2.47608903581664e-40
"NHP2",0.0691988893006954,8.43426521926461e-41,3.12229474508269e-40
"EIF4H",0.0691252775334273,1.02166560887245e-40,3.77712810250467e-40
"FAM177A1",0.0691097182665702,1.06388913246195e-40,3.93063524466978e-40
"PMF1",0.0690797579170213,1.15014147600887e-40,4.24650125716921e-40
"OSTC",0.0689136939464414,1.77066358592846e-40,6.53325872515502e-40
"TEX264",0.0689077732969467,1.79807804547855e-40,6.63004287868687e-40
"TMED5",0.0688821688728333,1.92157679578807e-40,7.08075765342696e-40
"CAMLG",0.068846520496247,2.10768604939638e-40,7.76143955468055e-40
"GLUD1",0.0688396332193705,2.14565636012422e-40,7.89607179570025e-40
"DYNC1H1",0.0687854766840308,2.46891953632474e-40,9.07972312735054e-40
"SSB",0.0687589341292207,2.64459973620711e-40,9.71942462106039e-40
"PTPN7",0.0687356823885115,2.80867997591382e-40,1.03089230308606e-39
"CUEDC2",0.0687319682098269,2.83581144806216e-40,1.04016895354264e-39
"TSPAN33",0.0687180396851565,2.93989854901158e-40,1.07764213174175e-39
"GFOD1",0.0686822296522132,3.22527357579668e-40,1.18147529745175e-39
"BUB3",0.0686564607547841,3.44751481849394e-40,1.26206081688788e-39
"HERPUD2",0.0686053199437952,3.93466141786178e-40,1.43851426902375e-39
"KIF2A",0.0686049872814,3.93804443599278e-40,1.438811929941e-39
"TMCO1",0.0683686516539811,7.24421609341687e-40,2.64503613684667e-39
"NPTN",0.0683670766572648,7.27365056955283e-40,2.65405321433651e-39
"JUN",0.0683197581746227,8.21563869890785e-40,2.99581981462128e-39
"NDUFA8",0.068255944744614,9.68075226033569e-40,3.52548071587388e-39
"PPA1",0.0682226713257505,1.05449125108517e-39,3.83769038162966e-39
"TSTA3",0.0680920444857397,1.47452008000572e-39,5.35936857113044e-39
"CNIH1",0.0680288252662137,1.73388446384671e-39,6.28982311010715e-39
"RAB4B",0.0680044547407078,1.8455661847089e-39,6.69062537252723e-39
"TMEM70",0.067941925480028,2.16591819672785e-39,7.84690027158649e-39
"ARF3",0.0678745864005315,2.57294249349746e-39,9.31548216294718e-39
"MCRIP1",0.067789314758869,3.19910246561187e-39,1.15750470994135e-38
"ZNF331",0.0677658786291539,3.39630570302483e-39,1.22806379875029e-38
"DPY30",0.0677488589250898,3.54704959722992e-39,1.28174353510225e-38
"PSMA6",0.0676991110604763,4.02687873296742e-39,1.45419392542557e-38
"MICAL1",0.0676958003441289,4.06101042456695e-39,1.46557470283502e-38
"ID3",0.0676786032083305,4.2429852383688e-39,1.53026145010326e-38
"RRP36",0.0676585992473457,4.46488267498838e-39,1.60925404521299e-38
"ZCRB1",0.0676376230094051,4.7099640670927e-39,1.69649573889301e-38
"ACO2",0.0676060225709586,5.10464927434355e-39,1.83747690138806e-38
"COA3",0.0675072342918725,6.56319206957393e-39,2.35946333643669e-38
"EPSTI1",0.0674827356833298,6.98487272117801e-39,2.50783795585372e-38
"RAPGEF1",0.0674658018323686,7.29198244460676e-39,2.61474991499632e-38
"CTNNBL1",0.0673593408521341,9.55480846668959e-39,3.4217699630389e-38
"NAA50",0.0673012157288907,1.10720644028867e-38,3.96259633997241e-38
"NDUFAF8",0.0672321451017446,1.31891435483213e-38,4.71726647599923e-38
"BRMS1",0.0671894066251422,1.46959042174189e-38,5.25282447490513e-38
"ASXL1",0.0671776059523073,1.51412872857121e-38,5.40856824536182e-38
"BNIP3L",0.0671576742641901,1.59242293288171e-38,5.68461494395823e-38
"CMIP",0.0670996718353457,1.84390758802283e-38,6.57816968185723e-38
"STAT3",0.0670132420682741,2.29365642070255e-38,8.17744723892741e-38
"SMARCB1",0.0670040870049241,2.3472630484002e-38,8.36324448733431e-38
"PDHB",0.0669562984890831,2.64796905829063e-38,9.4226649907788e-38
"ETF1",0.0669400211186925,2.75889936704149e-38,9.81117165384086e-38
"TBC1D10C",0.0667158136159743,4.85056983253833e-38,1.72276738313552e-37
"FAM32A",0.06671301303377,4.88482027106817e-38,1.7338325943126e-37
"TAX1BP1",0.0666141341518464,6.26119632977999e-38,2.21534811390384e-37
"HNRNPDL",0.0665842531601594,6.74847309838076e-38,2.3862498626282e-37
"TMED2",0.0665824260799718,6.77946176558451e-38,2.39569497470277e-37
"MXD4",0.0665810286838777,6.80325809015981e-38,2.40258818177712e-37
"KHDRBS1",0.0665723367330313,6.95314936445015e-38,2.45397539951388e-37
"MRPL43",0.066553513642259,7.28909622901322e-38,2.56930320822549e-37
"DCTD",0.0664957338927763,8.42443227970834e-38,2.9676254841916e-37
"AKIRIN1",0.0664479002282038,9.49608565750733e-38,3.34092812611172e-37
"TSR3",0.0663617010294724,1.17805286983492e-37,4.14204276456081e-37
"THOC7",0.0663553242221848,1.19697687482475e-37,4.20593944535346e-37
"ZC3H15",0.0663344797888431,1.26096881898243e-37,4.42801652358658e-37
"NUDT22",0.0663238877102073,1.29477780462253e-37,4.54389128050802e-37
"CD47",0.0663090975313561,1.34349924033798e-37,4.7119218817364e-37
"RTN4",0.0662641942968607,1.50286475704017e-37,5.26425610017636e-37
"MRPL18",0.0661653819767886,1.92279459427527e-37,6.72677858996612e-37
"ORMDL2",0.0661128793463469,2.19143238317645e-37,7.66180572919556e-37
"TAF12",0.0661012771569542,2.25565555378836e-37,7.88142654820249e-37
"LSM8",0.0660902314818133,2.31853537521987e-37,8.09103840287009e-37
"TOMM22",0.0660617473360382,2.48884229163884e-37,8.67995372071554e-37
"ZDHHC4",0.0660449658469301,2.59494066961166e-37,9.0443451714343e-37
"NDUFS4",0.0660429077842065,2.6082581064832e-37,9.08510799403758e-37
"IQSEC1",0.0660140532439664,2.80228410306388e-37,9.75487461855859e-37
"NR1H2",0.0659713558353353,3.11600773635913e-37,1.08402231871724e-36
"PHF6",0.0659550468796017,3.2448461039564e-37,1.12814295644071e-36
"PIK3AP1",0.0658479952679515,4.23236797467965e-37,1.47056408350997e-36
"FUNDC2",0.0658453193241297,4.26054724528677e-37,1.4794373912493e-36
"C14orf119",0.0657251677879051,5.73782314542311e-37,1.99117394284479e-36
"ATP1B3",0.0656926442782276,6.21872906190012e-37,2.15672454957911e-36
"TUBA1B",0.0656483834549096,6.93813958880458e-37,2.40473513842169e-36
"CZIB",0.065569159554155,8.43838254402012e-37,2.92109892639411e-36
"USP48",0.0655543915556729,8.75176453180764e-37,3.02771050912011e-36
"RBM42",0.0655489315257002,8.87053409421758e-37,3.06690502850078e-36
"SYNGR2",0.0654241568473736,1.20669770831036e-36,4.16947184715996e-36
"DPM3",0.0653947945166384,1.29721571463976e-36,4.47947300721166e-36
"GOLGA7",0.0653217441409694,1.5527632208602e-36,5.3553120689889e-36
"H3F3B",0.0651917737621429,2.13713739300024e-36,7.36168913788089e-36
"KIAA2013",0.0650922832101063,2.72797392877402e-36,9.38536976355238e-36
"ACAA1",0.0650866298160787,2.7660440822098e-36,9.51050515927383e-36
"ADD3",0.0650751529288063,2.84496124527577e-36,9.76985158478823e-36
"SPATS2L",0.065059206374462,2.95833977856949e-36,1.01529786150537e-35
"TRAPPC3",0.0650570833046432,2.97376944367966e-36,1.0199683192927e-35
"EIF3E",0.0649866254865675,3.53380470471105e-36,1.21131212674949e-35
"PTK2",0.0649826038973581,3.56875929116621e-36,1.22254561405639e-35
"NDFIP1",0.0649764955274749,3.62250996098871e-36,1.24020038456588e-35
"UBE2D3",0.0649753248198076,3.63290311033507e-36,1.24299879786113e-35
"SPTAN1",0.0649080695694987,4.28247800499049e-36,1.46346304490248e-35
"UBE2B",0.0648203089607962,5.30648918008084e-36,1.81229548156298e-35
"CCT5",0.0645731118260091,9.69178342960431e-36,3.30192694581592e-35
"KIF5B",0.0645391374872373,1.05263847984934e-35,3.58409004597943e-35
"EBNA1BP2",0.0645203737902304,1.10175465584942e-35,3.74904485262006e-35
"DHRS7",0.0643141469241366,1.81712884108501e-35,6.17581228089632e-35
"ZMAT3",0.064276972090338,1.98830532834461e-35,6.75348583629966e-35
"RAP2B",0.0642506424991989,2.1191451426451e-35,7.19353451148801e-35
"ANXA11",0.0641847517001301,2.4852811642727e-35,8.42618632027324e-35
"SF3B4",0.064073442508186,3.25191641996177e-35,1.10187440219031e-34
"SELENOH",0.0639267017556527,4.63193818298792e-35,1.56663561370262e-34
"MTCH2",0.0638661065608617,5.35917291700473e-35,1.81041782316909e-34
"FMNL1",0.0638132217226043,6.08590182308412e-35,2.05467969325462e-34
"GPAA1",0.0637552779236249,6.9949217253002e-35,2.36015401104858e-34
"MMP24OS",0.0636717504073688,8.54748485765854e-35,2.88226747066499e-34
"CORO7",0.0636525208279047,8.95084498765286e-35,3.01646707435882e-34
"PPP1R14B",0.0636313286177226,9.41730515042477e-35,3.17175743520921e-34
"SMIM29",0.063568590329515,1.09445730593882e-34,3.68171493727527e-34
"HPRT1",0.0635659805163342,1.10131779224071e-34,3.70256960044432e-34
"GPS2",0.0634911157340779,1.31738908222059e-34,4.42367880666517e-34
"MRPS27",0.0634771096075583,1.36225827295617e-34,4.57160490522918e-34
"MDFIC",0.0634508064793926,1.45066349278235e-34,4.86245734474803e-34
"MAGOH",0.0633844155390076,1.69997270180328e-34,5.69130131667675e-34
"SNX4",0.0633600802029912,1.80164795126551e-34,6.02090105909195e-34
"FBXW5",0.0633187026824669,1.98858013823889e-34,6.64164421841145e-34
"HMGN2",0.0633167485310323,1.99786985936279e-34,6.66869432794458e-34
"RIC8A",0.0632393563801835,2.40258914792061e-34,8.01006060565676e-34
"GTF2E2",0.0632103886821441,2.57418813725601e-34,8.57705398975068e-34
"VMP1",0.0631515299366973,2.96124788716327e-34,9.86084983115427e-34
"MRPL21",0.0630925249461123,3.40724841662401e-34,1.1339274142312e-33
"RPS6KA1",0.0630832151197596,3.48346960230427e-34,1.15860529943623e-33
"BRI3BP",0.0630421400883081,3.84049106781338e-34,1.27659290628028e-33
"UPF3A",0.062968487353904,4.57405371772976e-34,1.51952994501805e-33
"TIMM17B",0.0629555016418106,4.71711636097644e-34,1.56612737035146e-33
"PRPF31",0.0629201854775171,5.12906828365988e-34,1.70189048914568e-33
"FDFT1",0.0629196474576986,5.13561282513056e-34,1.70305313401754e-33
"ZFAND5",0.0628436825979163,6.14804495427803e-34,2.03758578632611e-33
"SNX6",0.0628385045497723,6.22386628712607e-34,2.06149468209303e-33
"NADK",0.0628315909203491,6.32655128236772e-34,2.09426795109584e-33
"PSMB5",0.0627794637377048,7.15690869547328e-34,2.36774043729154e-33
"VAMP2",0.0627637082986154,7.42856302147882e-34,2.45616183490572e-33
"RNF8",0.0627231628410333,8.17565509844515e-34,2.70158372899064e-33
"SUCLG1",0.062697994560477,8.67646866503578e-34,2.86369481395789e-33
"SNX2",0.0626621092857672,9.44365929553043e-34,3.11323930042766e-33
"MRPS11",0.062656166505192,9.57705773901593e-34,3.15535884683695e-33
"UNC93B1",0.062632365346698,1.01303468816744e-33,3.33568917602931e-33
"NME1",0.0625741790199242,1.16202846714418e-33,3.82179767731919e-33
"SMIM26",0.0625605019855058,1.20009692521082e-33,3.94468478762077e-33
"POLR1D",0.0625517523234202,1.22509767713038e-33,4.02449975930044e-33
"ARID5A",0.0625499733790042,1.23024365421424e-33,4.03903558455684e-33
"MAD1L1",0.0625233121681098,1.30998924889726e-33,4.29833027713742e-33
"ATG101",0.0625186193997034,1.32454775233213e-33,4.34355501218516e-33
"RAB4A",0.0624429605419803,1.58271988634184e-33,5.18713521556504e-33
"FAM207A",0.0624100354140972,1.71013403578752e-33,5.60143902599176e-33
"TMEM14C",0.0623888742278773,1.79734951904032e-33,5.88366724497066e-33
"PKIG",0.0623279253692684,2.07401288097452e-33,6.78536573968357e-33
"PARP4",0.0623188108725142,2.11887187959477e-33,6.92808020876259e-33
"C16orf87",0.0623120577703497,2.15272903284292e-33,7.03467637861913e-33
"ERLEC1",0.0621098849883332,3.45746217687608e-33,1.12916884272204e-32
"LYPLA2",0.0620938287560312,3.58980370729688e-33,1.17170690935722e-32
"OTUB1",0.0620724295107813,3.77403559239876e-33,1.23112250163223e-32
"VPS25",0.0620370409334883,4.09952888773967e-33,1.33574527633682e-32
"EXOSC1",0.0619851904476096,4.62740953691879e-33,1.50686748931873e-32
"CSDE1",0.0619093957043389,5.52275094882566e-33,1.79738106126511e-32
"TADA3",0.061818799910969,6.82104892973216e-33,2.21733575481311e-32
"UQCRC1",0.061704473462684,8.89969489464139e-33,2.88801802461683e-32
"RIOK3",0.0616718689046854,9.60024318905428e-33,3.1135473133696e-32
"ARHGEF3",0.0616442529586624,1.02362509286741e-32,3.31789591733238e-32
"ACLY",0.06163652865022,1.04215162157459e-32,3.37599261563868e-32
"SDHD",0.0615910308776495,1.15823274967406e-32,3.74769591618973e-32
"ZNF593",0.0615777975170039,1.19434466183001e-32,3.86231203863158e-32
"HTATIP2",0.0615772148094859,1.1959602324998e-32,3.86530482529221e-32
"NASP",0.0615688530345474,1.21938388547465e-32,3.9387365297252e-32
"ATP1A1",0.0615519627704156,1.26809665654448e-32,4.09372298173234e-32
"SNRNP27",0.0615258446602658,1.34725385289741e-32,4.34675623852443e-32
"PRKAR1A",0.0614936774268958,1.45151604207198e-32,4.67775681912841e-32
"UQCRC2",0.061493308578167,1.45275688975799e-32,4.67906344999108e-32
"TNIP1",0.061491323028742,1.45945461565261e-32,4.69793408176453e-32
"MRPS18C",0.0614897259798564,1.46486408123581e-32,4.70993324856589e-32
"GNG10",0.0614876525838236,1.47191672626046e-32,4.72989419608999e-32
"NCF2",0.0614671992114261,1.54332117932327e-32,4.95650339758579e-32
"MYD88",0.0614587611466903,1.5737718850511e-32,5.05140190726144e-32
"PSMD14",0.0614457030676507,1.62207501309674e-32,5.20048205400964e-32
"ERGIC3",0.0614394511791362,1.64571970526028e-32,5.27327006245013e-32
"NELFE",0.0614278077246197,1.69067127909134e-32,5.4142080241227e-32
"HIKESHI",0.0613634642580528,1.96197576113891e-32,6.27585736044491e-32
"SLC25A39",0.0613374556565156,2.08353480308679e-32,6.6608895160326e-32
"HADHB",0.0612946855289761,2.29990016236629e-32,7.34839749538709e-32
"UBE2J1",0.0612745981682798,2.40907842510706e-32,7.69284393330937e-32
"EMD",0.0612665674150474,2.4541532668858e-32,7.83231478508682e-32
"DPH3",0.0612328963173504,2.65243762292575e-32,8.46030929727057e-32
"PTTG1IP",0.0611412389720627,3.27647021554142e-32,1.04447977673577e-31
"NUTF2",0.0610557574460534,3.98897554714638e-32,1.27089033217104e-31
"CCT8",0.0610213418702555,4.31750440495816e-32,1.37399671432788e-31
"GRAP",0.0609178428054415,5.47624697497393e-32,1.73978782228185e-31
"TP53TG1",0.0608959779515598,5.75801821472613e-32,1.82826870865539e-31
"HNRNPR",0.0608158071763191,6.91994893944744e-32,2.19471313759032e-31
"STK10",0.0607771911925971,7.55992315990678e-32,2.39632878430322e-31
"MYADM",0.0607438304326106,8.15989470986788e-32,2.585043567306e-31
"ANKRD12",0.0607366492829699,8.29510079537898e-32,2.62639115629834e-31
"ATP5PB",0.060708401010874,8.84888557223355e-32,2.80014734972204e-31
"SNRPB2",0.0606073834332165,1.11468326350923e-31,3.52531957025137e-31
"PFDN6",0.0606059992628925,1.11821202463467e-31,3.53448394468329e-31
"RTCB",0.0605740551510073,1.20280268589376e-31,3.79971677591143e-31
"ETNK1",0.0604403991436222,1.63126533137067e-31,5.14744626535612e-31
"TMED9",0.0603998585330294,1.788980857511e-31,5.64193794083282e-31
"UFD1",0.0603503595094637,2.00219990922741e-31,6.31081693392389e-31
"HPS1",0.0603343273243668,2.07652724565114e-31,6.54141119397753e-31
"MED11",0.0603272467783288,2.11021955231733e-31,6.64381096825709e-31
"TMED3",0.0602616905457934,2.44910235213955e-31,7.70641700805258e-31
"BTN3A2",0.0602545766267635,2.48898048728187e-31,7.82750124046364e-31
"LFNG",0.0601793549567969,2.9521756675647e-31,9.27377224567017e-31
"RUFY1",0.0601443493826129,3.19598013082883e-31,1.00340160946033e-30
"APOL6",0.0599694281889844,4.74799339584791e-31,1.48650145389291e-30
"PPP6R1",0.059895651357284,5.60875123981609e-31,1.75500646336368e-30
"WDFY4",0.0598939865036729,5.62986461137715e-31,1.76062935166518e-30
"WEE1",0.0598766673561981,5.85423686583798e-31,1.82977570789947e-30
"TRAPPC5",0.0598455026894055,6.28056370544066e-31,1.9619318078178e-30
"POP5",0.0598216770666561,6.62715495213677e-31,2.06904653773233e-30
"METTL26",0.0597826512747294,7.23633591338658e-31,2.25797868807121e-30
"IFI44L",0.059758065064327,7.64833112239099e-31,2.38255298200845e-30
"BOLA2",0.0597409232741925,7.94927259099914e-31,2.47492361212819e-30
"LSM4",0.0596499757503808,9.75378547366573e-31,3.03505291322232e-30
"METTL9",0.0596132986221601,1.05916771672699e-30,3.29394690804434e-30
"SRP72",0.0595420761682717,1.24281093142121e-30,3.85863859583713e-30
"IQGAP1",0.059498991129638,1.36890098097172e-30,4.24776420743634e-30
"SLC12A9",0.0594715313517218,1.45580595736781e-30,4.51493309369718e-30
"TRBC2",0.0594353397898067,1.57876115273532e-30,4.88813776477088e-30
"HMGB2",0.0594320046671732,1.59059752247419e-30,4.92206448805411e-30
"BABAM2",0.0594291964610057,1.6006321367774e-30,4.95038133522375e-30
"PLIN3",0.0594241843760803,1.61869830822516e-30,5.00349294943109e-30
"RASSF5",0.0593888780223949,1.75182485483833e-30,5.41200828017071e-30
"MRPS23",0.0593227352414397,2.03114104461798e-30,6.27145589355308e-30
"FCHO1",0.0592460625749107,2.41062149597567e-30,7.42678272770063e-30
"DCPS",0.0592444715708608,2.41919919469949e-30,7.44911197884104e-30
"CHMP3",0.0591617742242626,2.90935457023322e-30,8.94854198126099e-30
"SDHAF2",0.0591486626188055,2.99564412284735e-30,9.20889282769924e-30
"UNC119",0.0591405995249288,3.04996495479141e-30,9.37073708819895e-30
"AATF",0.0591316670102919,3.1112850231723e-30,9.55389660898469e-30
"BAD",0.059058118627049,3.66497635535888e-30,1.12418031579217e-29
"COA8",0.0590551880257986,3.68895749277168e-30,1.13091685369536e-29
"VEGFB",0.0590169526829832,4.01648318669549e-30,1.23065220616419e-29
"GPR65",0.0589889005962211,4.27498189263698e-30,1.3084247858284e-29
"CD53",0.0589683728428303,4.47454297007627e-30,1.36875560761317e-29
"SLC25A11",0.0589660013396166,4.49818522225932e-30,1.37523665010232e-29
"RELT",0.0589644488940256,4.51372913315974e-30,1.3792360542732e-29
"VKORC1",0.0588967979881511,5.24545006172642e-30,1.60195015243891e-29
"DDOST",0.0587983562107153,6.52520491208505e-30,1.99061398216712e-29
"NME4",0.058685564268797,8.37593114114899e-30,2.55381547749458e-29
"CYTIP",0.0585867383342773,1.04201811927088e-29,3.17365061774671e-29
"SMARCD1",0.0585837900163686,1.04882324454244e-29,3.19264075689251e-29
"H2AFJ",0.0584944293341739,1.27737968936086e-29,3.88407373453392e-29
"AGPAT2",0.0584941919985558,1.27804818652848e-29,3.88407373453392e-29
"PRPSAP2",0.0584856422692653,1.30236289626688e-29,3.95582135682797e-29
"SCAMP4",0.0584083846957373,1.54396718836926e-29,4.68459383643348e-29
"YY1",0.0583802609033794,1.64254684244894e-29,4.98099884383135e-29
"ZNRD1",0.05830299522517,1.94670167044924e-29,5.90014938105313e-29
"HAX1",0.058275349798042,2.0685913889997e-29,6.26618732817054e-29
"SPG21",0.0582694635669381,2.0955060076704e-29,6.34428602646591e-29
"MEA1",0.0582459119813081,2.20671592145463e-29,6.67376667174263e-29
"SND1",0.0580853889757552,3.13742033877016e-29,9.46294632065248e-29
"ST6GAL1",0.058071150345684,3.23674462044523e-29,9.75726943978134e-29
"M6PR",0.0580321908394398,3.52474621572888e-29,1.06197437086054e-28
"TCF3",0.0579983444643156,3.79549799906714e-29,1.14293463939651e-28
"TTC1",0.057993051534644,3.83966481294179e-29,1.15561325186926e-28
"DNAJB11",0.0579189209394811,4.51457926038528e-29,1.35801065721901e-28
"CXXC5",0.0578781905565952,4.93421638416865e-29,1.48344315446745e-28
"ALKBH7",0.0578582723842498,5.15329728258936e-29,1.54847736479523e-28
"REXO2",0.0578299850330346,5.48111155261766e-29,1.64609682607032e-28
"AP1S2",0.0577871149902307,6.01775821425682e-29,1.8062949495205e-28
"MRPL4",0.0577327898043389,6.77325622406074e-29,2.03197686721822e-28
"BLVRB",0.0576648192367587,7.85225009443068e-29,2.35441396032689e-28
"MRPL47",0.057658969886964,7.95271090352556e-29,2.38326023384947e-28
"AKT1",0.0576505030391828,8.1003891314627e-29,2.42621815643436e-28
"RAB1B",0.0576480665051308,8.14338887572314e-29,2.43779375162615e-28
"CYB561A3",0.0575473397871369,1.01338388702769e-28,3.02879570503847e-28
"MED4",0.0575338996657067,1.04335808119143e-28,3.11671926013503e-28
"TMUB1",0.057428230184922,1.31178442619168e-28,3.91438709168866e-28
"AHSA1",0.0574024271833465,1.38712033837115e-28,4.1369866960686e-28
"RESF1",0.0572929223633161,1.75758005734854e-28,5.23906647217092e-28
"ARF4",0.0571995129232975,2.15006872246637e-28,6.40560367794368e-28
"BABAM1",0.0571975011162215,2.15941502465495e-28,6.43002847054353e-28
"NRBP1",0.0571446154428142,2.42009628882793e-28,7.20242258965211e-28
"GPCPD1",0.0571111713351984,2.60081878657953e-28,7.73615827064892e-28
"PRXL2C",0.057082143710892,2.7684868951248e-28,8.23051756878661e-28
"TMOD3",0.0570535292545198,2.94425406573684e-28,8.74841751840428e-28
"DEDD2",0.0569749139676742,3.48620229874218e-28,1.03477578565209e-27
"TBC1D22A",0.0569482498835318,3.69162288394182e-28,1.09516842017787e-27
"DYNC1LI1",0.0569334206982665,3.81101647053426e-28,1.12998958451362e-27
"EPHB6",0.0568795605838762,4.27777801888062e-28,1.26771612083335e-27
"APEX1",0.0568102564585103,4.96265948357252e-28,1.4699024731618e-27
"SRP19",0.0568030207725105,5.04015282505037e-28,1.49206638335661e-27
"FAM162A",0.0567205871648598,6.01239477879924e-28,1.77800544646539e-27
"SYAP1",0.0565586071892798,8.49671468966599e-28,2.50738140025391e-27
"TRAPPC6A",0.0565211703156416,9.20249550103888e-28,2.71422734604101e-27
"MAGED2",0.0564695124032921,1.02727570850459e-27,3.02670765035991e-27
"SMS",0.0563997401908708,1.19166645081297e-27,3.50921334963377e-27
"DDX24",0.0563810150436069,1.24006036003141e-27,3.6498045593988e-27
"STX10",0.0563773393694907,1.24978626427939e-27,3.67649835411179e-27
"TOP1",0.0562966501952323,1.48341516789682e-27,4.36147420230452e-27
"ABT1",0.056282816710216,1.52760826297463e-27,4.48905240342125e-27
"CBLB",0.0562727580548983,1.56055959267608e-27,4.58347890853631e-27
"SUGT1",0.0562053644063715,1.80026592004738e-27,5.28197455117096e-27
"CYBC1",0.0561875503030057,1.86950936478416e-27,5.48226280217597e-27
"PRPSAP1",0.0561535126481575,2.00924003529559e-27,5.88585430841557e-27
"RETREG2",0.0561456644186504,2.04290004138839e-27,5.98132939457206e-27
"TBCC",0.0560994271811318,2.25286515041616e-27,6.58918940338429e-27
"STIP1",0.0560660776448636,2.41745872194146e-27,7.06690308016394e-27
"P4HB",0.0560067904383936,2.74003560188209e-27,8.00570652380887e-27
"MED29",0.0559175503785199,3.30771621761025e-27,9.65425666223815e-27
"PCSK7",0.0559053502475491,3.39388702074887e-27,9.90060479334083e-27
"ARID5B",0.0558843461289795,3.54748738391612e-27,1.03432987180188e-26
"ZNHIT3",0.0557659459764195,4.55145028744681e-27,1.3256720260005e-26
"DNAJC4",0.0557548902675577,4.65847930588975e-27,1.35614046737466e-26
"UBA1",0.0556983434731874,5.24617775935312e-27,1.52643333143568e-26
"C11orf58",0.0556378738392507,5.95612884686514e-27,1.73120278522531e-26
"MED8",0.055630352546057,6.05084424747649e-27,1.75690920840414e-26
"GRINA",0.0555938497229837,6.53216259336484e-27,1.89568096815733e-26
"DSTN",0.055556864173306,7.05855119261836e-27,2.04738193836641e-26
"ANP32A",0.0555341186585022,7.40293686385988e-27,2.14616197590472e-26
"SRSF3",0.055451013871185,8.80890267837666e-27,2.55243993282916e-26
"CTNNA1",0.0553440559554369,1.10141340714588e-26,3.18812221882382e-26
"SSBP1",0.0553081267936531,1.18714145897835e-26,3.43272034679286e-26
"TIMMDC1",0.0551941853994896,1.50520613532415e-26,4.35018553351424e-26
"LPGAT1",0.0551484611384789,1.6554188239991e-26,4.78184674224803e-26
"RO60",0.0551161250189801,1.77052945575838e-26,5.10908577109876e-26
"MRPL15",0.0551145446840781,1.776354158477e-26,5.12325419239429e-26
"CEP63",0.0550859892202169,1.88493585027131e-26,5.43362104856902e-26
"DDRGK1",0.0550550165510504,2.01015628299198e-26,5.79160768571917e-26
"CAT",0.0549436578193177,2.53239994787555e-26,7.28878320043729e-26
"EGLN1",0.0549228085054165,2.64416931125438e-26,7.60657026827723e-26
"PRKD3",0.0549128395963481,2.69932541458184e-26,7.76125341225507e-26
"SNRPE",0.0549046065443813,2.74573609395006e-26,7.89064538851425e-26
"MRPS16",0.0548739841509748,2.92540674937315e-26,8.40266830935334e-26
"GSTO1",0.0548492557975812,3.07896177020621e-26,8.83919265757304e-26
"MRPL1",0.0548318711390408,3.19167168395694e-26,9.15338100452783e-26
"PNKD",0.0548153854773235,3.30232775785757e-26,9.46104233849628e-26
"SLC3A2",0.0546269467785526,4.87192665996026e-26,1.39436184069685e-25
"SIPA1",0.0545059969354227,6.24876442081229e-26,1.78659160392903e-25
"NUB1",0.0544275456991355,7.34141397330125e-26,2.09685158921266e-25
"RNF187",0.0544056988007495,7.67805772957687e-26,2.19188589925382e-25
"RNF130",0.0543857809955216,7.99828618278411e-26,2.28213962861813e-25
"CYB561D2",0.0543814797431647,8.06915862671281e-26,2.30118928045919e-25
"LARP7",0.0543359244460418,8.85906652477011e-26,2.52517209186959e-25
"VRK2",0.0543086225148372,9.36871149127826e-26,2.66772511757242e-25
"MFSD10",0.0542883411440677,9.76601549127371e-26,2.77944373814147e-25
"TMEM126A",0.0542529341318814,1.05000461675103e-25,2.98683385394744e-25
"DDX60",0.054245141047731,1.06688072098969e-25,3.03329894328083e-25
"OS9",0.0542077687368222,1.15162190207101e-25,3.27090987499986e-25
"GLTP",0.0541454307894508,1.3080613159391e-25,3.71335602157875e-25
"N4BP1",0.054136337175572,1.33257739835695e-25,3.78103647831677e-25
"DAP",0.0541188483176478,1.38101386109662e-25,3.9145033583007e-25
"FAM30A",0.0540935639550032,1.45414046740039e-25,4.11969689322691e-25
"ABHD16A",0.0540768353615924,1.50461859647445e-25,4.26055043420292e-25
"DUT",0.0540729486037346,1.51659319431871e-25,4.29228826749828e-25
"MRPL22",0.0540419001232436,1.61570239666254e-25,4.57047935540752e-25
"BCAS2",0.0539828370367353,1.82228559281419e-25,5.15225724651806e-25
"MRPS33",0.0539630049792099,1.89736050863088e-25,5.35911054404515e-25
"SNRPF",0.0539525566886842,1.93813745201299e-25,5.47152614351047e-25
"SUZ12",0.0539348173356379,2.00936783452176e-25,5.66975780410901e-25
"PSMA1",0.053931287800071,2.02384669314069e-25,5.70773682189377e-25
"MAP4",0.0539092447480931,2.11663984530264e-25,5.96601209718418e-25
"NDUFA10",0.053891002013479,2.19661413652371e-25,6.18563890330281e-25
"ABRACL",0.0538608961053786,2.33519412521516e-25,6.57257401775383e-25
"THAP11",0.0538431570073571,2.42086915638732e-25,6.81029037916895e-25
"NTMT1",0.0538353455020875,2.4595775796997e-25,6.91570985135443e-25
"NIN",0.0537755309682239,2.77702685130985e-25,7.80046509237036e-25
"MOB2",0.0537489579998448,2.93077502537993e-25,8.22820597351027e-25
"IL2RG",0.0537171336445535,3.12604093622527e-25,8.7720216852694e-25
"FBXL15",0.0536387962756689,3.66334918765429e-25,1.02746213320239e-24
"CEMIP2",0.0535767690096287,4.15288316663652e-25,1.16417910992648e-24
"MRPL57",0.0535761205383763,4.15832914262897e-25,1.1651226377121e-24
"NOP58",0.0535457031392885,4.42188948300219e-25,1.23835014971476e-24
"SMIM12",0.0535309223125825,4.55587251127562e-25,1.27459749928345e-24
"SRP9",0.0535225450376449,4.63358750815275e-25,1.29569264269414e-24
"CACYBP",0.0535133402597006,4.72049434576281e-25,1.31933576999089e-24
"ABHD17B",0.0534550561359721,5.30951854113698e-25,1.48322261091812e-24
"GLOD4",0.0534287442123713,5.59875209552456e-25,1.56324080194582e-24
"PHF11",0.0534094024629979,5.82127076940193e-25,1.62456091576583e-24
"HDDC2",0.053403684171096,5.88871986699655e-25,1.64256573580915e-24
"CYB5R3",0.0533710474344067,6.28876789996961e-25,1.75153600237344e-24
"TXNDC15",0.0533528133446289,6.52387936364321e-25,1.81611572145952e-24
"OSTM1",0.0533521282128091,6.53288124037613e-25,1.81771822291837e-24
"PNRC2",0.0533400226601297,6.6939799537453e-25,1.86161776171437e-24
"TSSC4",0.0533331312007012,6.78744208903163e-25,1.88667310871792e-24
"FRG1",0.0532699706006448,7.70654682720969e-25,2.14108972119055e-24
"ALKBH5",0.0530973951317313,1.08950357316364e-24,3.01795722714616e-24
"MLF2",0.0530913353325802,1.10280808070352e-24,3.0533010677313e-24
"LSM12",0.0530650614695883,1.16237992466102e-24,3.21664523617904e-24
"MANF",0.05301326368305,1.28931653570524e-24,3.56439383834404e-24
"WTAP",0.0530004233305589,1.3228509118514e-24,3.6534950479683e-24
"COQ10B",0.0529469933853264,1.47191963024592e-24,4.06319460276364e-24
"WDR13",0.0528703058052839,1.71538841518183e-24,4.73295099183912e-24
"CD180",0.0528225951336094,1.88657272747954e-24,5.20270499587045e-24
"DAAM1",0.0527200434857209,2.31390207786895e-24,6.36863171407567e-24
"KXD1",0.0527009079372607,2.40365273027547e-24,6.61240616025192e-24
"TSG101",0.0526701012267681,2.55544199617582e-24,7.02652460509612e-24
"BANK1",0.0526243788709971,2.79838952354483e-24,7.69076531961463e-24
"ZNF106",0.0526159284292302,2.84573327019994e-24,7.81704367159875e-24
"DNAJC7",0.052575321931585,3.0845318958135e-24,8.46470511928046e-24
"ITSN2",0.0525162763793971,3.46758979048815e-24,9.50659344910629e-24
"CCM2",0.0524750899878797,3.76232213672602e-24,1.03045311920794e-23
"CTBP1",0.052412993328312,4.25421325107929e-24,1.16403753880289e-23
"DNMT1",0.0523830729400155,4.51345719532477e-24,1.23376641049361e-23
"NSMCE3",0.0523243932893375,5.06816186860676e-24,1.38472071346666e-23
"CMPK1",0.0522770831213505,5.56412949549292e-24,1.51948753311828e-23
"SNRPD3",0.0522674893329347,5.6704181345396e-24,1.54775886800957e-23
"TMEM134",0.0521924902771405,6.57364960471791e-24,1.79167938861436e-23
"GMIP",0.0521083974654167,7.75663185312934e-24,2.11102502475109e-23
"ALYREF",0.0521072402146759,7.77430152822444e-24,2.11480635549223e-23
"ATG3",0.052064225308789,8.46013671430832e-24,2.30025367654568e-23
"CHMP1A",0.0520313501593134,9.02439874696757e-24,2.45034748230314e-23
"RPS6KB2",0.0520312996664295,9.02529344044167e-24,2.45034748230314e-23
"NMI",0.0519992433519078,9.61140656674725e-24,2.60821163664493e-23
"ALCAM",0.0519746335862116,1.00868059466542e-23,2.73589346766151e-23
"FLII",0.0519460605539568,1.06680409402904e-23,2.89214410970796e-23
"CSGALNACT1",0.0518825715944879,1.20809380608898e-23,3.27201808892861e-23
"SMIM20",0.0518632735384989,1.2546032317642e-23,3.39634253316157e-23
"ENY2",0.0518145261297855,1.38013300858574e-23,3.73255672674493e-23
"POLDIP2",0.0517469816163022,1.57485848126429e-23,4.25508073013087e-23
"RAP2C",0.0517020349421935,1.71926950092053e-23,4.64078480706307e-23
"HDAC1",0.0515884427046775,2.14532657839461e-23,5.78247072453715e-23
"MMADHC",0.051477446050699,2.66222280427218e-23,7.16535796575131e-23
"RTF1",0.051267528955339,3.99946696929666e-23,1.07233195284972e-22
"EIF4EBP1",0.0512413706376944,4.20705761575129e-23,1.12745118209679e-22
"CISD2",0.0511879184120107,4.66499101898057e-23,1.24897775799762e-22
"HLA-DQA2",0.0511772232656779,4.76237605819852e-23,1.27444186822599e-22
"THYN1",0.0511520293560655,4.99980698289354e-23,1.33734092221522e-22
"AUP1",0.0511161809550531,5.35797631628332e-23,1.43245944379489e-22
"PRELID3B",0.0510597567870191,5.97382581979574e-23,1.59634534430706e-22
"MSMO1",0.0510565653008837,6.01068116732353e-23,1.6054280027744e-22
"POLD4",0.0510559108830515,6.0182661625845e-23,1.60668773959179e-22
"PCM1",0.0510270813556983,6.36198583869989e-23,1.69764090912616e-22
"POP4",0.0510267668531448,6.3658406684235e-23,1.69786064684953e-22
"SNAPIN",0.0510259007607702,6.37646824104801e-23,1.69988570290861e-22
"IMP4",0.0510186186297173,6.46652269747983e-23,1.72307296044646e-22
"LRRC59",0.0509043438855508,8.05629461220282e-23,2.14362499396428e-22
"TMBIM4",0.0508849586787986,8.3619720621265e-23,2.22390339601e-22
"GTF2H5",0.0508714503490813,8.58173951123936e-23,2.28126829627203e-22
"CANX",0.0507884942132339,1.00623684470743e-22,2.67105808872338e-22
"OXA1L",0.0507625570616678,1.05752358611263e-22,2.80586906954849e-22
"BORCS7",0.0507417831827211,1.10045987247182e-22,2.91702590899889e-22
"MOB3A",0.0507385653357317,1.10726323399087e-22,2.93367141607514e-22
"B4GALT4",0.0506856540648409,1.22529182179843e-22,3.24485082453571e-22
"JOSD1",0.0506523856061815,1.3057939726688e-22,3.45477186628151e-22
"ECE1",0.0505982672737931,1.4480746952279e-22,3.82939866287606e-22
"PSMC1",0.0504678973556159,1.85694550431606e-22,4.90370191875258e-22
"SHFL",0.0504421710445726,1.95020529370623e-22,5.14754941095599e-22
"TERF1",0.0504166770682171,2.0471929076112e-22,5.40100210811602e-22
"MRPL14",0.0504137677510888,2.0585599845017e-22,5.42843430941338e-22
"EED",0.0503918687260678,2.14615085691351e-22,5.65674868215179e-22
"BECN1",0.0503760135388576,2.2118602291092e-22,5.82446128032e-22
"GSDMD",0.0503678132927776,2.24662213136237e-22,5.91321924706798e-22
"CEBPG",0.0503273986106205,2.42600404003146e-22,6.37936555315315e-22
"SEPTIN2",0.0502855026681658,2.62692644417814e-22,6.90122655433477e-22
"EIF2AK1",0.0502828814299865,2.64003087666009e-22,6.93240175348014e-22
"SLC50A1",0.0502395233972755,2.86641898624947e-22,7.51981861451209e-22
"TRAM1",0.0501545917864763,3.36699515641905e-22,8.82477298600988e-22
"SNAP23",0.0501033448110148,3.70992291879989e-22,9.71902631814694e-22
"OXSR1",0.05009243611476,3.78726594962919e-22,9.91700635057181e-22
"UHMK1",0.050084556441194,3.84412359975324e-22,1.00611851786065e-21
"RABL6",0.0500765454089793,3.9027949953613e-22,1.02004455291734e-21
"STAMBP",0.0500676716519425,3.96881967919395e-22,1.03681711861778e-21
"NOP56",0.0500598979546149,4.02756694484948e-22,1.05167377427049e-21
"HDGF",0.0498877319860952,5.57343721359115e-22,1.45397400248365e-21
"LSM10",0.0498658034945738,5.80841881917746e-22,1.51456954405088e-21
"SQSTM1",0.0498058562364813,6.50201242396697e-22,1.69306237036908e-21
"HSPD1",0.0497074329962091,7.82267074304358e-22,2.03505707532685e-21
"TXNL1",0.049623525877106,9.15576374156858e-22,2.38075360800955e-21
"NME3",0.0495705574735627,1.01106027901952e-21,2.62781838644469e-21
"SMIM19",0.0495412202648151,1.06811822341954e-21,2.77482846445865e-21
"SIRT2",0.0495248360073819,1.10135854148059e-21,2.85985590673749e-21
"PARL",0.0495197480380766,1.11188774921065e-21,2.88585879672327e-21
"TAOK3",0.0494561173141676,1.25228646008924e-21,3.24875241452517e-21
"ZFAS1",0.0494359706903884,1.30029256329088e-21,3.371730855089e-21
"HERC6",0.0494167815488556,1.34770840104912e-21,3.49306559661089e-21
"URI1",0.0493750106635712,1.45691820492955e-21,3.77437505356634e-21
"PPP1R16B",0.0493680658306742,1.47590551539635e-21,3.82179694486128e-21
"CCDC69",0.0493559693155396,1.50956394493491e-21,3.90714771514806e-21
"EAF2",0.0493144623712866,1.63093360066348e-21,4.21778280824259e-21
"SHISA5",0.0493144119117486,1.6310868706755e-21,4.21778280824259e-21
"IRF2",0.0492725098691639,1.76341005040617e-21,4.5557470905558e-21
"MTMR14",0.0492367404289786,1.88472997419544e-21,4.86693065259044e-21
"SNRNP35",0.049205070103427,1.99901623008856e-21,5.15729613299218e-21
"DNTTIP2",0.0491919150991784,2.04847885264271e-21,5.28247240039218e-21
"SP4",0.0491902635462746,2.05477358870068e-21,5.29626639222849e-21
"ITGAL",0.0491697979424716,2.13438216529218e-21,5.49640207255241e-21
"ERVK3-1",0.0491613738350273,2.16803042950008e-21,5.58048641343289e-21
"MRGBP",0.0490097399305853,2.87175225143875e-21,7.3816816706326e-21
"HMOX2",0.0489579825299664,3.1603291674662e-21,8.11972645274228e-21
"PDCD2",0.0489280603171404,3.34005875311541e-21,8.5736338571033e-21
"CARD8-AS1",0.048918848129909,3.39740103143891e-21,8.71284028255005e-21
"PTGES2",0.048870597214385,3.71403019481105e-21,9.51614049457305e-21
"PARP15",0.048855783658273,3.816970388789e-21,9.77542347855839e-21
"GUSB",0.0487911846875913,4.29986455311273e-21,1.10071029990788e-20
"PPIG",0.0487685058075747,4.48334188387242e-21,1.14715385525671e-20
"ADH5",0.0487173764539652,4.92588050936544e-21,1.25923581620063e-20
"PPP1CB",0.0485990919137822,6.1220971984363e-21,1.56218070197912e-20
"ERG28",0.0485739632346304,6.4110507389691e-21,1.63516826907859e-20
"PRDX2",0.0485396782679529,6.82715660053709e-21,1.74050542192118e-20
"PPP6C",0.0485355665957281,6.87881863804316e-21,1.75287821618197e-20
"MRPS9",0.048526905962965,6.98890529036703e-21,1.78012089728721e-20
"SYPL1",0.048488831570187,7.49390733833758e-21,1.90701385742975e-20
"ZFR",0.0484104806254932,8.64939118029195e-21,2.20005631248026e-20
"UCKL1",0.0483902989886786,8.97451258362055e-21,2.28068262163606e-20
"MOB4",0.0483014610569323,1.05554071553003e-20,2.68000160819752e-20
"HCG18",0.0482896545598007,1.07852456115683e-20,2.73711647804232e-20
"CASP1",0.0482879761946802,1.081831777637e-20,2.7442662076743e-20
"STK16",0.0482699780379817,1.11793363547292e-20,2.83456147228782e-20
"ARL2BP",0.0482526380311397,1.15384122785013e-20,2.92428267746089e-20
"PDHA1",0.0482391352271398,1.18259048469852e-20,2.99578892121049e-20
"C12orf49",0.0482283855176634,1.20598347414625e-20,3.0536679198432e-20
"HSF1",0.0482163170837815,1.23279172062858e-20,3.12013846689591e-20
"SNRNP40",0.0482053465731304,1.25767191927002e-20,3.18167137300424e-20
"MZT2A",0.048184880405778,1.30542185914054e-20,3.30097870566419e-20
"HNRNPAB",0.0481559313230073,1.37603881743319e-20,3.4779753684311e-20
"TRIAP1",0.0480900014623062,1.55127104192992e-20,3.91911100850225e-20
"EIF5",0.0480768388421615,1.58881105970061e-20,4.01214190504197e-20
"RPS17",0.0480398386947428,1.69921499595826e-20,4.28707351007306e-20
"ATE1",0.0480065859255802,1.80488951427821e-20,4.55163717670971e-20
"CHST12",0.0479979908152792,1.833244701944e-20,4.6210637153863e-20
"ZCCHC2",0.0479933229443232,1.84882805127198e-20,4.65824827493222e-20
"HNRNPM",0.0479648355716482,1.94680986061382e-20,4.9029145815189e-20
"NELFB",0.0478986706593206,2.19463424220007e-20,5.52207834257081e-20
"PTPMT1",0.0478845765113488,2.25132431131323e-20,5.66217668058617e-20
"PPP1R9B",0.0478806681498038,2.26729947043363e-20,5.69723837321613e-20
"SCML4",0.0478138046472565,2.55862028483798e-20,6.42638215936212e-20
"CCDC57",0.0477661248094729,2.78866908672662e-20,6.99477633441819e-20
"VMA21",0.0476730168177042,3.29843415705628e-20,8.26970891390879e-20
"SLU7",0.0476204975731058,3.62554127350666e-20,9.08575242635829e-20
"CAMTA1",0.0475855669749694,3.86065175217534e-20,9.67062185328e-20
"PEF1",0.0475588001424921,4.05095633790985e-20,1.01382513175304e-19
"LYSMD2",0.0475544171141646,4.08298987903322e-20,1.02138572186088e-19
"MGME1",0.0475366627053863,4.21533011619751e-20,1.05402071342956e-19
"DERA",0.047521539338776,4.33139649598524e-20,1.08255920455213e-19
"TMEM35B",0.0475050778241255,4.46132505089901e-20,1.11453530821076e-19
"SMIM15",0.0474793830877727,4.67186949579575e-20,1.1666135107424e-19
"DEF8",0.047412860247722,5.26368750974966e-20,1.31381077282121e-19
"PPP2CA",0.0473826472317728,5.55638771636459e-20,1.38563346390731e-19
"WBP2",0.04737339658845,5.64918238792315e-20,1.40814733220995e-19
"BTN3A1",0.0473507008088232,5.88338661740565e-20,1.46522225184922e-19
"FUT8",0.0473192064265666,6.22436028427908e-20,1.5494507534332e-19
"ARHGAP9",0.0472946480828177,6.50372996936724e-20,1.61827594662043e-19
"ZNF622",0.0472935103286468,6.51696891734101e-20,1.6208500402321e-19
"RAB14",0.0472468105500457,7.08397440632947e-20,1.76108924322465e-19
"CCSER2",0.047239113198801,7.18200141346079e-20,1.78466681086042e-19
"ASAP1",0.0472255192415195,7.35840805443534e-20,1.82769150833226e-19
"EIF3J",0.0472150109430006,7.49770117295227e-20,1.86146384174227e-19
"CXXC1",0.0471369331428403,8.61757631724191e-20,2.13760163653109e-19
"SVBP",0.0470845873411301,9.45937429739677e-20,2.344334311492e-19
"ST8SIA4",0.0470388874161168,1.02604061138853e-19,2.54156439387806e-19
"RAB9A",0.047038675535246,1.02642718424427e-19,2.54156439387806e-19
"RINL",0.047026872132645,1.0481911642013e-19,2.59430787038951e-19
"NMT1",0.0469869959854418,1.12514551204031e-19,2.7823134714957e-19
"TMEM141",0.0469827817512823,1.1335974843381e-19,2.80197683573598e-19
"SNRPA",0.0469682767038018,1.16317093840273e-19,2.87380698102942e-19
"RALBP1",0.0469474069980913,1.20706311110253e-19,2.98093495823865e-19
"SASH3",0.046918275575622,1.27107985813956e-19,3.1362635618677e-19
"WDR45",0.0469004106679471,1.31198601532802e-19,3.2357700008156e-19
"CBX4",0.0468981845007985,1.31717367675321e-19,3.24713457900297e-19
"EMC3",0.046851068312292,1.43184888775443e-19,3.52828227906404e-19
"COMMD5",0.0467644359063585,1.66903042896821e-19,4.11092323335573e-19
"NCL",0.0467614995193758,1.67771587099694e-19,4.13049960151818e-19
"PCIF1",0.0467471412989628,1.72083290030554e-19,4.23479133330902e-19
"DCTN6",0.046692125572011,1.89641720794881e-19,4.66483653127856e-19
"MED10",0.0466876407899992,1.91148728388093e-19,4.69984208824279e-19
"RNF139",0.0466831753978138,1.92660975595527e-19,4.73494569684312e-19
"INTS11",0.0466783924538931,1.94293878200862e-19,4.77298250790802e-19
"DCTN1",0.0466512001999155,2.03840572704044e-19,5.00530928415323e-19
"CDIPT",0.0466493829277186,2.04494855537376e-19,5.0191747846838e-19
"ZBTB7A",0.0466242096614004,2.13774469121087e-19,5.23775503738936e-19
"HSPA5",0.0465905328362176,2.26842236171068e-19,5.55064816423832e-19
"WNK1",0.0465535127530614,2.42119097664845e-19,5.92187365074583e-19
"GTF2B",0.0465209922422798,2.56374981208981e-19,6.26234744767336e-19
"RWDD4",0.0464798217341997,2.75617411668587e-19,6.72943819858656e-19
"VAV1",0.046456850681264,2.86966824784619e-19,7.00349100487431e-19
"RSU1",0.0464559712812025,2.87410370231905e-19,7.01126081737326e-19
"SNW1",0.0464056867690392,3.13931610947057e-19,7.65490184116005e-19
"C16orf54",0.0463892384842525,3.23120845952307e-19,7.87211769542789e-19
"ZNF524",0.0463206391403011,3.6439752588955e-19,8.87387192394508e-19
"UBAC1",0.046230318094951,4.26778486462854e-19,1.03794455174922e-18
"CTDSP1",0.0462116081125591,4.40963032125536e-19,1.07197653773226e-18
"SAMM50",0.0461290204074023,5.09346756275822e-19,1.23660649410528e-18
"MCRS1",0.0460981412560904,5.37520992913033e-19,1.30413886892297e-18
"IRF9",0.046098026627513,5.37628396419057e-19,1.30413886892297e-18
"PPP1R11",0.046060808444654,5.73645469627161e-19,1.39030215291291e-18
"WDR46",0.0460600703498141,5.74383329304137e-19,1.39148833366457e-18
"LZIC",0.0460069616116597,6.30010280473258e-19,1.52427109327461e-18
"PPP2R3C",0.0459910103172639,6.47733900263e-19,1.566475637035e-18
"TMEM248",0.0459829752395627,6.5684736612893e-19,1.58782999468629e-18
"RBBP7",0.0459761509928408,6.64686871674735e-19,1.60539507039681e-18
"SUCLG2",0.0459337491025287,7.15510135778836e-19,1.72665759176961e-18
"CPNE1",0.0459158380772007,7.38114426804775e-19,1.78043880470867e-18
"TMED4",0.0459148515569298,7.39379737798632e-19,1.78272316461909e-18
"UROS",0.0459004341906071,7.58117751483913e-19,1.82711597506945e-18
"MPV17",0.0458721073540484,7.96310173519699e-19,1.91751215902143e-18
"DDX46",0.0458255550103238,8.63244024235977e-19,2.07690282635125e-18
"ABCF1",0.0457966782345429,9.07525110914356e-19,2.18250242431572e-18
"PRKD2",0.0457485477694752,9.86368413673763e-19,2.37007699913631e-18
"DPM2",0.0457317245567505,1.01549236688454e-18,2.43796517227618e-18
"PQBP1",0.04567707023321,1.11609524694342e-18,2.67719463731482e-18
"GTPBP6",0.0456757597474486,1.11862454503497e-18,2.68211304655002e-18
"PIN4",0.0456583851062265,1.15269829175853e-18,2.76262864019662e-18
"SURF2",0.0456565170750468,1.15642219531608e-18,2.77036814198691e-18
"BAG6",0.0456359999720739,1.19811293147373e-18,2.86779082443777e-18
"BTG3",0.0456138056231787,1.24488395181648e-18,2.97846860919441e-18
"GAPT",0.0455033020947281,1.5059674491887e-18,3.59851692956737e-18
"DHPS",0.0454727834830634,1.58714711108252e-18,3.79087887811223e-18
"BLOC1S2",0.0454502096962144,1.64995941428392e-18,3.93922535353974e-18
"UPF2",0.0454246851382286,1.7239427265876e-18,4.11235230477733e-18
"UNC45A",0.0454203653413444,1.73678380645321e-18,4.14122013620454e-18
"CBX1",0.0454200061982394,1.73785564231094e-18,4.14201253301428e-18
"ZNF32",0.0454117514911675,1.76267203064688e-18,4.19937305131994e-18
"RPL26L1",0.0454056469254729,1.78124914495457e-18,4.2418267265691e-18
"PPP2R1A",0.0454048294272158,1.78375154857207e-18,4.24598063049392e-18
"DERL2",0.045393192842722,1.81975038492952e-18,4.32983088614708e-18
"HMG20B",0.0453840683913635,1.84847866727207e-18,4.39631805324453e-18
"RAB10",0.045253151307033,2.31350568760573e-18,5.49997680657033e-18
"ATP2B1-AS1",0.0451970018513872,2.54673846758161e-18,6.04931389182554e-18
"CITED2",0.0450566844203881,3.23597586272964e-18,7.67995796913081e-18
"TMEM167A",0.0450402013110791,3.32815724777249e-18,7.89538701599904e-18
"ITGAE",0.0449795194581765,3.69041035149394e-18,8.75105350496086e-18
"RNF213",0.0449656519551016,3.77851007428081e-18,8.95617220738333e-18
"NDUFA9",0.0449065968896751,4.17751909090755e-18,9.89775145015787e-18
"RECQL",0.0449046534359968,4.1913338953848e-18,9.92628378353077e-18
"PLEKHA3",0.0448420260492693,4.66148365109155e-18,1.10304055470062e-17
"ANKRD13A",0.0448220612294654,4.8220301853987e-18,1.1405486093082e-17
"TMEM131",0.0448196200381137,4.84203167781446e-18,1.14479609233595e-17
"PAM16",0.0448127938201106,4.89839685977068e-18,1.15763378951796e-17
"ETFB",0.0447917476801618,5.07628657700489e-18,1.19866277899681e-17
"GSK3A",0.0447503100402651,5.44537451260675e-18,1.28473220914534e-17
"FAM204A",0.0447095049580073,5.83468049525844e-18,1.37600191385021e-17
"SNAPC5",0.0446969452619787,5.95994599163899e-18,1.40495191494823e-17
"SOX4",0.0446663559139004,6.27624586095883e-18,1.47764830043003e-17
"CDC27",0.044662364239917,6.31872398222343e-18,1.48702407665687e-17
"SIGIRR",0.0446301893453049,6.67164235835225e-18,1.56941910328143e-17
"MAPK1IP1L",0.0446136555631123,6.86049413844291e-18,1.6131665688253e-17
"RNF113A",0.0446119299097267,6.88050636182095e-18,1.61719329133694e-17
"YTHDF2",0.0445958427130553,7.06986199830705e-18,1.66100239314252e-17
"SDCBP",0.0445675546677377,7.41538245740279e-18,1.74071907560407e-17
"TXNDC9",0.0445388973514451,7.7824002883552e-18,1.82610909154074e-17
"DNAJB12",0.0445200004237871,8.03416548724384e-18,1.88439534732214e-17
"EIF4EBP2",0.0445085300861061,8.19088854671298e-18,1.92035021976305e-17
"RABEP2",0.0445082093234117,8.19531432785624e-18,1.92058391423945e-17
"SLC25A24",0.0445040247891633,8.25326787917564e-18,1.93335647809547e-17
"GLRX5",0.0444626553699614,8.84842526201955e-18,2.07190760420449e-17
"TAF9",0.0444572863778897,8.92870702758712e-18,2.08983234690829e-17
"DENR",0.0444509447991913,9.02445811744854e-18,2.11136131645068e-17
"RNF34",0.0444361408434769,9.25194397591537e-18,2.16368009223808e-17
"MYO5A",0.0444328668642281,9.30301289824781e-18,2.17471516039591e-17
"HP1BP3",0.0443587770998534,1.05360346622142e-17,2.45884708929423e-17
"CCS",0.0443233989116702,1.11803879461716e-17,2.60705049485875e-17
"PAFAH1B1",0.044318408509646,1.12743549334269e-17,2.62677462488037e-17
"HCP5",0.0443111305485713,1.14127943230139e-17,2.65792353443662e-17
"ABTB1",0.0443084912481024,1.14634117414326e-17,2.66860220963274e-17
"EDRF1",0.0443071631847552,1.14889655201315e-17,2.67343979552376e-17
"RAB8B",0.0442920571521854,1.17836123317271e-17,2.74086431353834e-17
"TINF2",0.0442832994376359,1.19578354500957e-17,2.77908034672141e-17
"NAA20",0.0441329864850879,1.53766822319872e-17,3.56920004895815e-17
"PSME3",0.0440927851986435,1.64440721864951e-17,3.81537896920295e-17
"INTS6L",0.04408511091099,1.66559893050341e-17,3.86294807857127e-17
"DPF2",0.0439565234215369,2.06351975078589e-17,4.78008791413339e-17
"MDP1",0.0439564985388093,2.06360517342877e-17,4.78008791413339e-17
"SRSF5",0.0439519739376338,2.07919631099531e-17,4.81421188006809e-17
"CIRBP",0.0439129985699379,2.21840277301166e-17,5.1322899345883e-17
"METTL7A",0.0439101907027874,2.22877934562533e-17,5.15416726459433e-17
"EIF2AK2",0.0438476534288101,2.47270707076447e-17,5.71354467960058e-17
"UBE2J2",0.0437719101875439,2.80361923595837e-17,6.47549333633107e-17
"CRELD2",0.0437710868517523,2.80744623772473e-17,6.48165967745104e-17
"UBA2",0.0437111951699847,3.10010405102711e-17,7.15143442743114e-17
"PHF5A",0.0437007931113186,3.15391471336219e-17,7.27257155600726e-17
"TSC22D3",0.0436018199892298,3.71426778374166e-17,8.55763630470467e-17
"IAH1",0.0435865702711414,3.80892514924161e-17,8.76851202667582e-17
"NTAN1",0.0435823649062257,3.83544445885908e-17,8.82593443470407e-17
"CNPPD1",0.0435509934197743,4.03910614335183e-17,9.28695956851955e-17
"PPCS",0.0435076973290929,4.33780237248803e-17,9.96964755367479e-17
"COMMD10",0.0434811934725357,4.53129325965543e-17,1.04059000144653e-16
"TPGS2",0.0434811882880816,4.53133192916994e-17,1.04059000144653e-16
"SMAP1",0.0434317529226806,4.91525453566517e-17,1.1278304241811e-16
"AKR1A1",0.0432865794765512,6.23794143913372e-17,1.42840188064546e-16
"PSMC2",0.0432850374113701,6.25372567124933e-17,1.43143103737914e-16
"PPID",0.0432690871878514,6.4193170693124e-17,1.46813372418206e-16
"NRDC",0.0432436893035861,6.69195856902339e-17,1.52986367122857e-16
"VBP1",0.0431669703952334,7.58677426018805e-17,1.73372185358275e-16
"MLX",0.0430555972307616,9.09939448510832e-17,2.07853623617829e-16
"PRMT2",0.0430193100359336,9.65371336462532e-17,2.2033597618283e-16
"VPS4A",0.0430122626545361,9.76516672113122e-17,2.22607646744225e-16
"USO1",0.0430091607214051,9.81462460072236e-17,2.23644069929398e-16
"SUN1",0.0430066247635934,9.85524189100494e-17,2.24478283170064e-16
"MEF2D",0.0429720712797853,1.04254661376993e-16,2.37273611691401e-16
"EGLN2",0.0429587414538976,1.06540348201842e-16,2.42377128464061e-16
"RNFT1",0.0429457145417499,1.08821811458747e-16,2.47366463466089e-16
"HNRNPH2",0.0429224403091568,1.13018469237716e-16,2.56801803732434e-16
"MRPL38",0.0429126310790383,1.14834640741641e-16,2.60822718083508e-16
"ILRUN",0.0429065953977969,1.15966411529e-16,2.63286530593404e-16
"CDC73",0.0428669093453564,1.23686865894991e-16,2.80701027503178e-16
"AZIN1",0.0428511029141865,1.26901026290914e-16,2.87878755875014e-16
"C12orf10",0.0428439455692823,1.28383391495887e-16,2.91123633914357e-16
"DGCR6L",0.0428311938228427,1.31066841839249e-16,2.97060778446833e-16
"IDH3B",0.0428310016470921,1.31107702967429e-16,2.97060778446833e-16
"WDFY1",0.0428016981664878,1.37487562063787e-16,3.11390147642245e-16
"LRRFIP2",0.0427880934814791,1.40552637706546e-16,3.18203445349379e-16
"DUSP1",0.0427742008603351,1.43752095723443e-16,3.25315348746265e-16
"HTATSF1",0.0427275425943543,1.55032013856401e-16,3.50417396936926e-16
"MRPL16",0.0427129921654008,1.58724950084027e-16,3.58619784356851e-16
"EMC4",0.0427118715968108,1.5901292339305e-16,3.59125558034061e-16
"COPB2",0.0427110128958738,1.59233948247588e-16,3.59479784012389e-16
"IFI44",0.042682165225691,1.66837785286945e-16,3.76190996534693e-16
"GFER",0.0426761407024252,1.68470378043014e-16,3.79719351074013e-16
"COPS4",0.0426570022999118,1.73761911532811e-16,3.91488522323119e-16
"RANGRF",0.0426520272000246,1.75164087378089e-16,3.94488963974538e-16
"IFIT5",0.0426356085720898,1.79871108894083e-16,4.04926881397009e-16
"COPS3",0.0425609077465758,2.02909960946862e-16,4.56425177214206e-16
"TCP1",0.0424284834363502,2.51114214640152e-16,5.64175979221618e-16
"PSMD3",0.0424259746531765,2.52128698961944e-16,5.66228084557276e-16
"RPA3",0.0423348888443281,2.91827683476168e-16,6.54334209427548e-16
"ATG5",0.0423299651336302,2.94140929531679e-16,6.59257041339309e-16
"COA4",0.0422990359408924,3.09090945699504e-16,6.9193380769901e-16
"RTCA",0.0422287280549072,3.45917697485242e-16,7.73755999846182e-16
"HOOK3",0.0422238286916678,3.48639388493504e-16,7.79532620739367e-16
"MRPS28",0.0422216435851669,3.49860052515948e-16,7.81949782179499e-16
"TACC1",0.0421614202515467,3.85211222644415e-16,8.60617494228708e-16
"PRKACB",0.0421403347055884,3.9840235531572e-16,8.89378872906874e-16
"AC024560.5",0.0421233240213159,4.09367838344877e-16,9.13493730107432e-16
"MRPL13",0.0421138339517873,4.15614055934955e-16,9.27062655233645e-16
"RSAD2",0.0420728750027298,4.43667605068052e-16,9.8924452865691e-16
"WDR61",0.0420230174064038,4.80343521821095e-16,1.0705945347075e-15
"ARL1",0.0420171476492943,4.84853274736322e-16,1.08021606674548e-15
"RPN1",0.0420135043398786,4.87673399495478e-16,1.08606708173923e-15
"TMEM109",0.0420025009473238,4.96289131880484e-16,1.10481535280707e-15
"TPRKB",0.0419799776401471,5.14395461774152e-16,1.14466785117085e-15
"MRPS7",0.0419643210513392,5.27363626578142e-16,1.17259375643675e-15
"KCMF1",0.04195837245534,5.32374776650649e-16,1.18326631905567e-15
"MAP3K14",0.0419371168774336,5.50667022600225e-16,1.22343752224667e-15
"CALCOCO1",0.0419044007380794,5.8003889802395e-16,1.28767255958468e-15
"MRPS26",0.0418502008442634,6.32131118204948e-16,1.40220451210531e-15
"MICU1",0.0417737076328923,7.13575155788506e-16,1.58223849864269e-15
"CNPY2",0.0417726650034944,7.14753799579925e-16,1.58422478490192e-15
"MYL6B",0.0417567603621069,7.32972865238976e-16,1.62396401036531e-15
"PDCL3",0.0417523610488418,7.38092639313499e-16,1.63466068516999e-15
"TMEM126B",0.0416708320014716,8.39609143938684e-16,1.85802086732539e-15
"VPS4B",0.041561727510188,9.97254516350344e-16,2.2051411551829e-15
"TMEM208",0.0414733815822204,1.14597941231426e-15,2.53300342871829e-15
"CHMP2B",0.0414073016248466,1.27130697928454e-15,2.80891139683341e-15
"AFTPH",0.0413324284548989,1.42967502980962e-15,3.15757485881849e-15
"RNF167",0.0413240936828217,1.44846350857878e-15,3.19781005579414e-15
"VAMP3",0.0412996760014404,1.50491763596875e-15,3.31982815244623e-15
"IRAK1",0.0412992021390104,1.50603437911144e-15,3.320983684017e-15
"PFDN4",0.0412964067915445,1.51263875301543e-15,3.33423441780378e-15
"SF3A3",0.0411700826480755,1.84281732637974e-15,4.05883595951746e-15
"ADSS",0.0410561749281315,2.20080654879584e-15,4.83590328748744e-15
"PSMD11",0.0410546358029773,2.20608487716908e-15,4.84560054785255e-15
"ATP6AP1",0.0410508437964991,2.21914256474853e-15,4.87237064098648e-15
"IFT20",0.0410128999823275,2.35406484353227e-15,5.16658197046404e-15
"TSPAN31",0.0410087520985833,2.36929509176989e-15,5.19797172307214e-15
"ZNRD2",0.0409874231342507,2.44915650533524e-15,5.37107501424538e-15
"THRAP3",0.0409699280480285,2.51663683823261e-15,5.51690134283399e-15
"CINP",0.0409409471065551,2.63246933572429e-15,5.76856836830664e-15
"TRABD",0.0409286059466467,2.68337438896372e-15,5.87551991891548e-15
"C8orf76",0.0409069810090551,2.77492087620034e-15,6.07359586854166e-15
"MR1",0.0408809343943266,2.88927576546594e-15,6.32141936030263e-15
"VPS26A",0.0408791554229317,2.89725327074545e-15,6.33639811380135e-15
"RELA",0.0408525963181035,3.01896431749488e-15,6.60000747161936e-15
"MRPL9",0.0408439155787526,3.05982623361627e-15,6.68672911997064e-15
"ARCN1",0.0408399747507252,3.07855572982741e-15,6.72503535209177e-15
"LENG1",0.0408108676487627,3.22043249394103e-15,7.02947872118618e-15
"PGP",0.0408035896641249,3.25690195984148e-15,7.10631393730897e-15
"WASHC3",0.0407748867044578,3.40473672063005e-15,7.42598534744894e-15
"HSPA9",0.0407157520475546,3.73044586477713e-15,8.12372756167056e-15
"SMIM30",0.0406859287874492,3.90615799294701e-15,8.49976337159914e-15
"TARS",0.0406609190779051,4.05977152283106e-15,8.8305942910201e-15
"CORO1C",0.0406283443288341,4.26879695626368e-15,9.28165052485748e-15
"IRF4",0.0406251142797837,4.29009198913926e-15,9.32433264694179e-15
"FBXO7",0.0406139020461802,4.36482662219073e-15,9.48308530290546e-15
"RRAGC",0.0405723724649953,4.65297314320591e-15,1.01051968108167e-14
"TTC9",0.0405717883965808,4.65715629135242e-15,1.01103613906453e-14
"ALDH9A1",0.0405637282332601,4.71526333976877e-15,1.02325416373673e-14
"XAF1",0.0405521468523202,4.80000685735248e-15,1.04083772388816e-14
"UBXN6",0.0405176031572403,5.06177592782444e-15,1.09675075325898e-14
"CCDC88A",0.040483287813562,5.33571465631557e-15,1.15521212949453e-14
"EIF2B1",0.0404282303998806,5.80602131595981e-15,1.25655044013489e-14
"HIST1H4C",0.0403451011289509,6.59443437522965e-15,1.42497789103631e-14
"SAP30BP",0.0402897915042242,7.17644000466722e-15,1.54716091093692e-14
"AP3S1",0.0402799211223377,7.2854921432078e-15,1.57006700631423e-14
"PSPC1",0.0402566416365291,7.54919469301806e-15,1.62627074906131e-14
"RAD50",0.0402250952715604,7.9215849419361e-15,1.70583611148728e-14
"BRD4",0.0401846270057258,8.42586210248377e-15,1.81372996295202e-14
"DCUN1D1",0.0400851563936713,9.80353178746975e-15,2.10704457181957e-14
"UPF3B",0.0400534733102641,1.02872092895725e-14,2.20930441836256e-14
"VPS36",0.0400146592077963,1.09118424810788e-14,2.34165631174416e-14
"DBP",0.0399796268262888,1.15075688662433e-14,2.467606937972e-14
"OLA1",0.0399772329489141,1.15494252540886e-14,2.47563455216801e-14
"PRR14L",0.0399762918331644,1.1565921434735e-14,2.47822211002108e-14
"RSBN1L",0.0398985932218398,1.30109034386433e-14,2.78357792818338e-14
"ISY1",0.0398936069606663,1.31094722974128e-14,2.80359504917179e-14
"KDELR1",0.0398683935135362,1.3619255348731e-14,2.91150569497107e-14
"ZSCAN16-AS1",0.0397750718640152,1.56815110590564e-14,3.35109284402041e-14
"GMCL1",0.0397730071418657,1.57304495184694e-14,3.36026879301857e-14
"ELP5",0.0397655112990829,1.5909383687743e-14,3.39590160194545e-14
"EIF1AX",0.0397614242809759,1.60077873741963e-14,3.41560446029994e-14
"DTYMK",0.0397146545884064,1.71773961912524e-14,3.66237518337285e-14
"TRAFD1",0.0396423620285833,1.91525890635268e-14,4.08195020337952e-14
"WAPL",0.0396389405636938,1.9251413413631e-14,4.10145175084621e-14
"ARL6IP6",0.0396364524891309,1.93235928997292e-14,4.11526402400697e-14
"STX4",0.0396288634623776,1.95454002408296e-14,4.16091929870341e-14
"EIF3M",0.0395872087184934,2.08081984464207e-14,4.42638509298909e-14
"PHAX",0.0395856582673772,2.08567191694517e-14,4.4350221741875e-14
"MZT1",0.0395255795720745,2.28250439708489e-14,4.85172946036905e-14
"PNP",0.0394670288254478,2.49187109971172e-14,5.29362491057977e-14
"CKS1B",0.0394669179096448,2.49228510787339e-14,5.29362491057977e-14
"POLR3K",0.0394580246463343,2.52570152939303e-14,5.36256795531856e-14
"ENDOD1",0.0394315592325436,2.62777404011662e-14,5.57717408059614e-14
"ELK3",0.0394123901649152,2.70422874344765e-14,5.735094733832e-14
"NCBP2AS2",0.0393779720044879,2.84703240089506e-14,6.03566558569768e-14
"ANXA6",0.0393748129654768,2.86050519282363e-14,6.06193325198832e-14
"RAB6A",0.0393315257528029,3.05155792851002e-14,6.46436307019085e-14
"SCO2",0.0393177516815369,3.11494282310453e-14,6.59614168325462e-14
"BZW2",0.0392365731640782,3.51567677237174e-14,7.43348644849155e-14
"CSNK1A1",0.0392268284283874,3.5670652821059e-14,7.5392953377642e-14
"RBMX2",0.0391875509149028,3.78178828733126e-14,7.99011550258105e-14
"SZRD1",0.0391745973049277,3.85535237663467e-14,8.14246932938567e-14
"RHOQ",0.0391690365020526,3.88736242642002e-14,8.20697962698023e-14
"LYPLA1",0.0391428783078077,4.04147927937994e-14,8.52913543474267e-14
"RAB18",0.0391303412447131,4.1174586764299e-14,8.68620943377924e-14
"FGD3",0.0390916081312369,4.36117888393348e-14,9.1899785285596e-14
"NDUFS2",0.0390731420762024,4.48231260697e-14,9.44168217812673e-14
"CCT4",0.0390639663657675,4.54372775574997e-14,9.56745081201337e-14
"LAGE3",0.0390257885756913,4.80826622108584e-14,1.01130676321073e-13
"RGS14",0.0389743564990336,5.18871743532332e-14,1.09050680507489e-13
"POLM",0.0388754593621729,6.00528002006934e-14,1.26117635517092e-13
"RNPS1",0.0388241607481315,6.47732405708886e-14,1.35878247354887e-13
"GRPEL1",0.038817793181093,6.53840487246769e-14,1.3710822048181e-13
"TUBB",0.038813499605731,6.57991019850151e-14,1.37926934961852e-13
"ZPR1",0.0387991445153115,6.72056802386226e-14,1.40822676773859e-13
"MKNK2",0.0387979125581849,6.73277612165431e-14,1.41025725719468e-13
"CBX3",0.0387153718297925,7.60234353495373e-14,1.59180284632807e-13
"ADIPOR2",0.0386986145030951,7.7919131058226e-14,1.63054668738344e-13
"SRPRA",0.0386985017838036,7.79320386024903e-14,1.63054668738344e-13
"E2F4",0.0386974589775885,7.8051550585738e-14,1.63243739667931e-13
"TMEM203",0.0386377889894226,8.51986601176674e-14,1.77992426452464e-13
"NXT1",0.0386275903968451,8.64829814534548e-14,1.8060819504877e-13
"ZGPAT",0.038583303856468,9.22843155148074e-14,1.92651677673662e-13
"HAUS1",0.0385683780690878,9.43244055027949e-14,1.96837181528001e-13
"CCDC28A",0.0385517216171168,9.66534021692001e-14,2.01622236703795e-13
"NUDT16L1",0.0385364758413644,9.8834637053141e-14,2.06018906637381e-13
"RAB22A",0.0385244744135536,1.00585664613338e-13,2.09590888206587e-13
"RABGEF1",0.038495923205146,1.04874800863071e-13,2.18446916933455e-13
"ARPC1A",0.038441702502934,1.1352067940766e-13,2.36367778945095e-13
"GMPR2",0.0384340463264,1.14796632904468e-13,2.38935689668497e-13
"ARRB2",0.0384007589179953,1.2051001249531e-13,2.50734242193995e-13
"EAPP",0.0383885272338781,1.22678881055078e-13,2.54962676359737e-13
"PFKP",0.0383871987000068,1.22916747687976e-13,2.55362278857699e-13
"IL16",0.0383346803908236,1.3269180414972e-13,2.75465824700735e-13
"PFDN1",0.0382969635315603,1.40179246995267e-13,2.90794060155737e-13
"ZCCHC17",0.0382556230431142,1.48863284432787e-13,3.08694282157735e-13
"EIF3A",0.0382193954985111,1.56906345629781e-13,3.25132238946504e-13
"TEN1",0.0381952452301635,1.62503688788028e-13,3.36606198558337e-13
"HNRNPUL1",0.0381274509774159,1.7928599361963e-13,3.71094179698281e-13
"SLC9A3R1",0.0381028034496255,1.85800204504371e-13,3.84435517336159e-13
"HTRA2",0.0380669652560169,1.95688831014016e-13,4.04746359863185e-13
"PSMD1",0.0380274132145567,2.07202860949604e-13,4.28402814388604e-13
"RAPGEF6",0.0380198800307523,2.09470101361268e-13,4.3293064122674e-13
"CXorf21",0.0380064422727132,2.13575089262915e-13,4.41251964205675e-13
"SAT2",0.037917466089808,2.42820988241492e-13,5.01120248762195e-13
"SRRM1",0.0379132283650365,2.44307962101106e-13,5.04003276511342e-13
"TMX1",0.0378911494381443,2.52201115555645e-13,5.1990373508545e-13
"RRAGA",0.0377946125381439,2.8975771701472e-13,5.96885977565078e-13
"KLC1",0.0377178703662706,3.23485488126628e-13,6.65873656375319e-13
"DUS1L",0.0376872252761451,3.3800580507529e-13,6.95507169076671e-13
"RAB11B",0.0376805704642534,3.41242590390583e-13,7.01909566205529e-13
"DNAJA2",0.0376640656048593,3.49402210069221e-13,7.17639082727432e-13
"LSM5",0.0376201853228222,3.7203896583127e-13,7.63572828003278e-13
"IARS2",0.0375925740342051,3.87014758544749e-13,7.94018191431919e-13
"POLE3",0.0375905919245886,3.88112302230963e-13,7.95978397947866e-13
"MRPL12",0.0375580696317868,4.06563372853321e-13,8.33514440465391e-13
"STAU1",0.0375494881910311,4.11573854651049e-13,8.4347792166137e-13
"UBR4",0.0375317238936097,4.22139415912798e-13,8.64814509337082e-13
"BFAR",0.0374962921001759,4.44014461504957e-13,9.09296160471395e-13
"UBL3",0.0374929424718093,4.46139156400319e-13,9.13313382674777e-13
"TLNRD1",0.0374388982991206,4.81832161356453e-13,9.86021898340333e-13
"EXOC3",0.0374201635798825,4.9484822064222e-13,1.01228812411142e-12
"WBP1",0.0374183372762811,4.96135371121215e-13,1.01455064390286e-12
"SEC13",0.0374100274410316,5.0203364106066e-13,1.02623738086889e-12
"IGKC",0.0373761102258833,5.26830114743795e-13,1.07613985145149e-12
"DNAJC3",0.0373725509347766,5.29500955361939e-13,1.08080716143667e-12
"DNPH1",0.0373213320213823,5.69439332476733e-13,1.16148204705105e-12
"RAB1A",0.0373117446209601,5.77237096966244e-13,1.17695849294064e-12
"TBC1D9",0.037233734523638,6.44705647085143e-13,1.31356723511236e-12
"LEPROTL1",0.0371758204791296,6.9974335321974e-13,1.42466831020857e-12
"EXOC5",0.0371598108059371,7.15754800156741e-13,1.45673787633645e-12
"MLEC",0.0371572470005119,7.1835207833846e-13,1.46149291346666e-12
"EIF5B",0.0370628051723322,8.20750601953564e-13,1.66800584961608e-12
"COPS5",0.0370155299501114,8.77259182599565e-13,1.78155499700514e-12
"LINC01684",0.0369937522257875,9.04558460904136e-13,1.83566374620437e-12
"GPR108",0.0369858126889935,9.14716967301628e-13,1.85560656785817e-12
"TRIM26",0.0369714582487488,9.33368206482071e-13,1.8927571775909e-12
"PRKAG1",0.036955412382295,9.54659134813073e-13,1.93523192692292e-12
"TMED10",0.0368868759560569,1.05109185048597e-12,2.12917376295548e-12
"PIGBOS1",0.0368064700547855,1.17645468427018e-12,2.38139598359135e-12
"LLPH",0.0367924729062948,1.19972921145137e-12,2.42675453713945e-12
"LY86",0.0367881749055634,1.20696618670391e-12,2.44051177318721e-12
"CERS2",0.0367728145039286,1.23318183856256e-12,2.49262052608767e-12
"CHRAC1",0.0367603353633643,1.25489066939862e-12,2.53558536771345e-12
"HNRNPD",0.0367178428405166,1.33166073543324e-12,2.6877952357339e-12
"DR1",0.0366905183538667,1.38344198248351e-12,2.79130351004689e-12
"ARHGEF6",0.0366548423873931,1.45403221703979e-12,2.93161787172060e-12
"WBP11",0.0366440715611849,1.4760299764954e-12,2.97489884791319e-12
"PTPRJ",0.0365778859516343,1.61855069980514e-12,3.25745687014323e-12
"TYK2",0.0365437132718153,1.69733531062784e-12,3.414789897567e-12
"UBE2V2",0.0365126374270584,1.7722387210954e-12,3.56164660095277e-12
"PIGC",0.0364780184048577,1.85950345553435e-12,3.73568108122234e-12
"TMEM205",0.0364554589398692,1.91862335743661e-12,3.85306899426406e-12
"CLTC",0.0364189403547372,2.01825495917546e-12,4.0517010847103e-12
"SUDS3",0.0364151144637253,2.02898204763414e-12,4.07177658502286e-12
"ELAVL1",0.0363818218749005,2.12471993089416e-12,4.26085081737851e-12
"UBLCP1",0.0363612756560467,2.18600010944643e-12,4.38060343935938e-12
"MIER1",0.0363137827395884,2.33436157899452e-12,4.672894640439e-12
"EIF2S1",0.0362599871167452,2.51435834085396e-12,5.02602464922306e-12
"MAN2B1",0.0362228148992218,2.64661556762823e-12,5.28851009428674e-12
"LYL1",0.0362170455445945,2.66774519758132e-12,5.32883054623858e-12
"ZNF787",0.0362037891188671,2.71692414062686e-12,5.42513087759395e-12
"ARAF",0.0361583031858326,2.89252264575762e-12,5.77164921228658e-12
"NCBP3",0.0361551893807133,2.90494239574071e-12,5.79230415042495e-12
"XRN2",0.0361279273417654,3.01593690343335e-12,6.01148135093601e-12
"SLC4A1AP",0.0361196048388667,3.05064209882282e-12,6.07849391515709e-12
"CHD4",0.0360817011192094,3.2137194517941e-12,6.39660364232364e-12
"MAPK9",0.0360799063518463,3.22164964970269e-12,6.41011001349369e-12
"DGKZ",0.0360003675004207,3.59303479776382e-12,7.14144354232618e-12
"CCDC71L",0.0359446265384147,3.87799684743611e-12,7.70509412645961e-12
"TRPT1",0.035918613862456,4.01845189774202e-12,7.98132946072802e-12
"ZNRF2",0.0359166161493801,4.02944241359961e-12,8.0003215025067e-12
"TGOLN2",0.0358949359097349,4.1506289124291e-12,8.23509477099376e-12
"SNHG15",0.035878164313289,4.24682187980854e-12,8.41998207037438e-12
"ATP6AP2",0.0358763011461512,4.257641952484e-12,8.43844747907392e-12
"NFU1",0.0358623343676677,4.33961712139605e-12,8.59787601589645e-12
"ACP1",0.0358547278184933,4.38491094032432e-12,8.68454249531702e-12
"MRPL46",0.035836490350922,4.49540341163475e-12,8.89708639878665e-12
"YBEY",0.0357962838412011,4.74872618814174e-12,9.38849819265156e-12
"GPI",0.0357905344180302,4.78607574855691e-12,9.45900150588117e-12
"PPIH",0.0357759227567415,4.88229705664839e-12,9.64236453254148e-12
"FGD5-AS1",0.0357589972525623,4.99612740545916e-12,9.8636974261462e-12
"PNO1",0.0357527401711711,5.03886385218494e-12,9.9445653404115e-12
"LAMP1",0.0356958034913601,5.44457885332005e-12,1.07414886077653e-11
"VPS51",0.0356549812163819,5.75500360569493e-12,1.13419335663256e-11
"JKAMP",0.0356345723456713,5.91663740291382e-12,1.16481849187066e-11
"MRPL32",0.0356254647887765,5.99019512164075e-12,1.17888555433274e-11
"CBFB",0.0356122667079217,6.09838308998769e-12,1.19975566164458e-11
"HK1",0.0355920252842873,6.26803774813863e-12,1.23269941809426e-11
"STX12",0.0355882205119043,6.30044013060289e-12,1.23863689615678e-11
"ASPSCR1",0.0355794642427193,6.37563556680491e-12,1.2529801687605e-11
"MIR29B2CHG",0.0355458449597363,6.67260285394077e-12,1.3104224609019e-11
"CCND3",0.0355390785819465,6.73398995501851e-12,1.32201464206305e-11
"MALSU1",0.0355170844231866,6.93737702514911e-12,1.36146631807499e-11
"A1BG",0.0355012508074695,7.08750998541941e-12,1.39044285213079e-11
"SP110",0.0353609740876466,8.56441093875153e-12,1.67842077214651e-11
"IVNS1ABP",0.0353039633574428,9.24733993408716e-12,1.81162472790564e-11
"GPATCH8",0.0352661423392822,9.72954073531777e-12,1.9047590932721e-11
"DHX29",0.0352577796626441,9.83944092468174e-12,1.92560127949484e-11
"SMIM4",0.0352553918091081,9.87104407067614e-12,1.93111134613542e-11
"IDH2",0.0352444709464569,1.0016853212449e-11,1.95895233390107e-11
"APH1B",0.0352305495707422,1.02057856900942e-11,1.99520438569695e-11
"SIT1",0.0351758719009559,1.09822064965337e-11,2.14474681265988e-11
"ACADM",0.0351526913932986,1.13285697058093e-11,2.21161794779498e-11
"UBN1",0.0351418486366195,1.14942335331585e-11,2.24239644790041e-11
"TMEM80",0.0350930224336617,1.2270115987105e-11,2.39292895695595e-11
"ACOT9",0.0350792012104616,1.24989081993306e-11,2.43669978504875e-11
"ATXN7L3",0.0350111921511416,1.36869896672304e-11,2.6664636217794e-11
"STARD7",0.0349943453769234,1.39979795248714e-11,2.72610164529919e-11
"NCOA4",0.0349874586041658,1.41270920128007e-11,2.74933434203255e-11
"TRMT6",0.0349858018342871,1.41583265795953e-11,2.75445596291467e-11
"AP3D1",0.0349648671092019,1.45588769056151e-11,2.8313982482066e-11
"AAMP",0.0349481333223824,1.488701114428e-11,2.89420858795947e-11
"MRPS18B",0.0349022149899909,1.58250832919647e-11,3.07551323796997e-11
"CCDC25",0.0348733797799271,1.64434953609328e-11,3.19458957740495e-11
"PLEKHB2",0.0348337202682094,1.73328548067348e-11,3.36620387560754e-11
"PANK2",0.0348075943849884,1.79442806445798e-11,3.48374058545204e-11
"ALG5",0.0347902706413232,1.83613019070636e-11,3.56099902982906e-11
"NARF",0.0347800849391847,1.86109088765086e-11,3.60815855373225e-11
"RING1",0.0347161793673581,2.02545027329908e-11,3.92409096532277e-11
"RAMAC",0.034685424415929,2.10953382694097e-11,4.08416832516294e-11
"HEXIM1",0.0346803814611375,2.12364348160794e-11,4.11006466499173e-11
"GTF2F1",0.0346720749650609,2.14708585562587e-11,4.1539992667912e-11
"CENPX",0.0346619250273094,2.17607484545282e-11,4.20717818756687e-11
"KLHDC4",0.0346427883705768,2.23177651372643e-11,4.31338172994538e-11
"SNX18",0.0346281494785881,2.27532637911065e-11,4.39451829289613e-11
"VPS11",0.0346244177862675,2.28656034997328e-11,4.41469304384707e-11
"PPIE",0.0346120701113871,2.32412051353499e-11,4.48566471271864e-11
"SLC2A3",0.0346101279419272,2.33008307489383e-11,4.49562359713411e-11
"HARS",0.0345382565720386,2.56157866694191e-11,4.93886475509179e-11
"MAT2A",0.0344939927506888,2.7151986586106e-11,5.2332510966545e-11
"IL27RA",0.0344883344789654,2.73547467384202e-11,5.27051725083906e-11
"CMAS",0.0344588992202516,2.84336834849524e-11,5.47463256099067e-11
"TRNAU1AP",0.0344458629060961,2.89247294469027e-11,5.56726493581106e-11
"SDF4",0.0344249491741029,2.97298881128905e-11,5.72027149846443e-11
"HDDC3",0.0344239170528025,2.97701867267814e-11,5.72605823683732e-11
"NUBP2",0.0343659271617802,3.21223370871175e-11,6.17211698198783e-11
"HDLBP",0.0343314396760959,3.36064448270634e-11,6.44622251631446e-11
"MRPS14",0.0342445234498481,3.76507736841391e-11,7.2170425532123e-11
"CDK4",0.0342427459686403,3.77382633008945e-11,7.22886500507216e-11
"H2AFY",0.0341994761911882,3.9930485002249e-11,7.64617594863579e-11
"DOCK11",0.0341614138720598,4.19615339029878e-11,8.02686309394243e-11
"MICU2",0.0341380361810529,4.32587381923523e-11,8.27218137983493e-11
"CYB5R4",0.0341279041479306,4.38330664708456e-11,8.37914693867598e-11
"PHF20",0.0341189746654454,4.43454085912317e-11,8.47419425177375e-11
"HNRNPUL2",0.0341184083410733,4.43780991202028e-11,8.47754888036343e-11
"ADSL",0.0341159465600253,4.45204772729355e-11,8.50184770561581e-11
"OXLD1",0.0341103749718663,4.48443647554125e-11,8.56078006118151e-11
"DYNC1I2",0.0340889320694371,4.61125309607873e-11,8.79987345524258e-11
"ACTR10",0.0340713888148643,4.71761022749125e-11,8.99977346191365e-11
"BCL6",0.0340683277094928,4.73641269088151e-11,9.03256638802428e-11
"DEF6",0.0340621899159072,4.77433446784565e-11,9.09868913045373e-11
"CHCHD3",0.0340561329862216,4.81204775735335e-11,9.16744200303949e-11
"JAGN1",0.0340110380493929,5.10214055128812e-11,9.7134905600832e-11
"CFAP97",0.0339881060587909,5.25615335770185e-11,1.0003301038562e-10
"GLYR1",0.0339436530055806,5.56776329566019e-11,1.05927453189513e-10
"ANAPC10",0.0339381144189307,5.60783206380862e-11,1.06653539522554e-10
"YJU2",0.0339200620973331,5.74039884940411e-11,1.09100692078427e-10
"POLR2H",0.0338820684677547,6.02949657837623e-11,1.14556344421592e-10
"SAMHD1",0.0338713923445276,6.11326364315182e-11,1.16069117509469e-10
"CCDC90B",0.0338703379291938,6.12159829958635e-11,1.16187977214447e-10
"RUVBL1",0.0338578192753734,6.2214056329349e-11,1.1804232029156e-10
"DERL1",0.0337737272322975,6.9343284592765e-11,1.31390980041975e-10
"RPAP3",0.0337720149644264,6.94964477076073e-11,1.31636659996723e-10
"ATF2",0.0337295615890148,7.34014946956769e-11,1.38892490469759e-10
"HIST2H2AC",0.0337245176855902,7.38794801228112e-11,1.39749735956726e-10
"SMU1",0.0337192775809957,7.43792820070824e-11,1.40647656489422e-10
"SDHAF1",0.0336403894750732,8.23154932071675e-11,1.55444732789395e-10
"TIMM22",0.0336338439666218,8.30099905722094e-11,1.56703389684848e-10
"REST",0.033597112593736,8.7014885001347e-11,1.64153038360574e-10
"ARL14EP",0.0335951640028302,8.72325400611428e-11,1.64508234640559e-10
"SBNO1",0.0335948451674786,8.72682041913453e-11,1.64520098174259e-10
"SEC14L1",0.0335547133332109,9.1872949769625e-11,1.73084558244087e-10
"TMEM183A",0.0334853912518004,1.00392682279452e-10,1.88944695378768e-10
"ADIPOR1",0.0334680316662527,1.02644301082809e-10,1.93117477448712e-10
"OPN3",0.0334488914867464,1.05184105608897e-10,1.9776306663828e-10
"COX20",0.0334173410406744,1.09505391159569e-10,2.05680649190056e-10
"NAPG",0.0334070242753589,1.10955710671132e-10,2.08334876121022e-10
"MTHFD1",0.033305170484956,1.26320174310043e-10,2.37024889886281e-10
"POLR2C",0.0332685315912557,1.32340551548111e-10,2.48155148718102e-10
"COPS2",0.0332425149923663,1.36784847482134e-10,2.56317139761604e-10
"MCTS1",0.033205830991551,1.43300121893145e-10,2.68436114623246e-10
"MALT1",0.0331816815149513,1.47753713684757e-10,2.76686242175969e-10
"MORF4L2",0.0331423814560381,1.55292077029355e-10,2.90705522540581e-10
"ESYT1",0.0331189022786556,1.59973725939186e-10,2.99269485299059e-10
"TAF11",0.0330976897236935,1.64321811993405e-10,3.07300991310538e-10
"NOC3L",0.0330782510650587,1.68407547096377e-10,3.14836672659147e-10
"MTIF3",0.033069121866909,1.70360470207606e-10,3.18381379256857e-10
"FARP2",0.0330306998939696,1.7882507099459e-10,3.34089133635991e-10
"AP1M1",0.0330031591984394,1.85143888359811e-10,3.4554845674885e-10
"SMARCA2",0.0329681203831242,1.93499042144885e-10,3.60901809874626e-10
"UCHL5",0.0329306260094457,2.02847690571475e-10,3.78212355156736e-10
"ANAPC5",0.0329259588194048,2.0404182298123e-10,3.8031222978964e-10
"KMT2B",0.0329051284489289,2.09455666662997e-10,3.90143395071317e-10
"FMC1",0.0328818659539779,2.15667533455924e-10,4.01580403885182e-10
"DAP3",0.0328450371160344,2.25871802849636e-10,4.20301650418874e-10
"ZC3H13",0.0328128451258824,2.35176453832839e-10,4.37325138750906e-10
"CCDC59",0.0327878692555684,2.42652294825041e-10,4.5092750607666e-10
"LYRM2",0.0327469654288214,2.55399902984149e-10,4.74459322260107e-10
"BTN2A2",0.0326991909830014,2.71118056615473e-10,5.03325235367339e-10
"PAIP1",0.0326647076184495,2.8304639854768e-10,5.25295850982624e-10
"ADAR",0.0326622214054913,2.83925954616215e-10,5.26753650813323e-10
"FOXN2",0.0326481959731904,2.88938003053245e-10,5.35874753344777e-10
"IMMT",0.0325422850920699,3.29678626733181e-10,6.10423136638858e-10
"CCNB1IP1",0.032540732285109,3.30315813136112e-10,6.11400816052665e-10
"OCIAD1",0.0325198909398213,3.38985208742033e-10,6.27240222716924e-10
"SF3A1",0.032502772296672,3.46271891534504e-10,6.40088734153385e-10
"RIT1",0.0324957412273592,3.49308824075336e-10,6.45276623893786e-10
"CRTC3",0.0324765781293502,3.57718572197878e-10,6.60594039855033e-10
"VPS35",0.0324342630451242,3.76994781932924e-10,6.95732380100926e-10
"C5orf15",0.0323756461904838,4.05381094174233e-10,7.47625784810628e-10
"TCEA2",0.0323108435706815,4.39192870926135e-10,8.0910665880098e-10
"TBRG1",0.0323106546332599,4.39295366794105e-10,8.0910665880098e-10
"TMEM165",0.0322993162811954,4.45489188680384e-10,8.19975335458045e-10
"TMEM154",0.0322198172595462,4.91375716661995e-10,9.03247584188983e-10
"EXOSC9",0.0322051103773056,5.00356005732732e-10,9.19453408172255e-10
"CSNK2A2",0.0321916385666481,5.08722561911965e-10,9.34521177195446e-10
"DDX21",0.03212876553631,5.49609384014578e-10,1.00896825954299e-09
"GNPTG",0.0320923578198542,5.74733569268123e-10,1.05439984325934e-09
"AFG3L2",0.0320818546523641,5.82187524368221e-10,1.06772505697001e-09
"PITHD1",0.0320719011002299,5.8933842998169e-10,1.08048593987805e-09
"NIT2",0.0320634753666831,5.95458626068488e-10,1.09134939941414e-09
"GNL2",0.0320101038976665,6.35691681261937e-10,1.16432606499284e-09
"MCM3",0.0320078155019817,6.37474769502191e-10,1.16721025955599e-09
"MRPS30",0.0319124146696674,7.16312498184484e-10,1.3107044437541e-09
"AMFR",0.0318364380720284,7.85829317372714e-10,1.43696702794795e-09
"GALNT10",0.0318062868458261,8.15204124780239e-10,1.49019526856858e-09
"ORAI3",0.0318032219609585,8.18249370324204e-10,1.49527397167565e-09
"PCBP2",0.031801967290061,8.19499199580959e-10,1.49706947712099e-09
"CHFR",0.0318014648793591,8.20000193425304e-10,1.49749627759215e-09
"TBC1D20",0.0317991380908287,8.22324318056324e-10,1.50125114257936e-09
"FH",0.0317789320358882,8.42779238658185e-10,1.53809270632926e-09
"RPIA",0.0317683922914668,8.5364486735153e-10,1.55741527753613e-09
"NFYC",0.0317240538089462,9.00869756833202e-10,1.64303858939198e-09
"HTT",0.0317152392785973,9.10557143770511e-10,1.6601661986519e-09
"ITCH",0.0316849714849609,9.44601758611826e-10,1.721677334847e-09
"MRPL39",0.0316488942023315,9.86804392784337e-10,1.7980128184727e-09
"NCOA3",0.0316098004769122,1.03461130361699e-09,1.88328173921312e-09
"TUBGCP2",0.0315986426080359,1.04866534425831e-09,1.90824385743691e-09
"TEP1",0.0314656247907749,1.23123475070503e-09,2.23610435755475e-09
"ORMDL3",0.0314643138153969,1.23317992261792e-09,2.23891110099935e-09
"DHX8",0.031457191031878,1.24380088715034e-09,2.25673105569454e-09
"CCDC47",0.0314305768476262,1.28428076424098e-09,2.32942246130625e-09
"CLPTM1",0.0314212693308156,1.29873823264615e-09,2.35488275851444e-09
"KPNA3",0.031398767096447,1.33434972610857e-09,2.41788832608674e-09
"NAA60",0.0313109246982846,1.48270211854233e-09,2.68497076170565e-09
"DNAJC19",0.0312439806751429,1.60643664274804e-09,2.90809684422487e-09
"MBIP",0.0312266573449416,1.64006044627848e-09,2.96800599664161e-09
"EIF4B",0.0312125313939679,1.66798500673315e-09,3.0175658988089e-09
"FLAD1",0.0312013806026443,1.69035489384612e-09,3.05507510823883e-09
"PARP10",0.0311896822128944,1.71413751369553e-09,3.09705942393829e-09
"OSBPL8",0.0311828239056227,1.72823160608193e-09,3.12151732527084e-09
"CBX6",0.0311395945891463,1.81970409319046e-09,3.28461573508211e-09
"C20orf27",0.0311167858693267,1.86985074807447e-09,3.3729578228551e-09
"SMARCC1",0.0311021250382401,1.90279183216361e-09,3.43127400255905e-09
"TOR1AIP2",0.0310939260652818,1.92145971437366e-09,3.4638222916662e-09
"KDM2B",0.0310627118488185,1.99417657636076e-09,3.59375257535283e-09
"CYCS",0.0310256012436296,2.08412257937475e-09,3.75463832971309e-09
"METTL5",0.0310208719088432,2.09586534017082e-09,3.77336604638276e-09
"PPM1K",0.0310201078795177,2.09776843372893e-09,3.77557872664388e-09
"DDX39A",0.0309969033788741,2.15637641943596e-09,3.87981507396749e-09
"EFR3A",0.0309918518794288,2.16934489063573e-09,3.90189490444788e-09
"DENND1C",0.0309514680037534,2.27578801890946e-09,4.09072166043386e-09
"MTHFS",0.0309394171453531,2.3085252919198e-09,4.14823553418119e-09
"ISCA2",0.0309176614069673,2.36879210773924e-09,4.2538007680178e-09
"ZHX1",0.0309041977089352,2.40685337989425e-09,4.32076467332938e-09
"SARAF",0.0309011426328974,2.41557249959061e-09,4.33502773797084e-09
"ITPR2",0.0308810177971221,2.47378198230263e-09,4.43664837748224e-09
"ZNFX1",0.0308769508445501,2.4857101544613e-09,4.45661414056906e-09
"CEP104",0.0308421902398912,2.58997287867846e-09,4.63909117156317e-09
"TIMM9",0.0308043859278372,2.70820004058874e-09,4.84930576321533e-09
"RNF20",0.0307649991925587,2.83696274031489e-09,5.07338068598458e-09
"LAT2",0.0306637664892795,3.19587471676007e-09,5.7079382297746e-09
"TMEM175",0.0306211024293318,3.36004494165528e-09,5.99732687004819e-09
"SPTY2D1",0.0306009049187099,3.44060002617799e-09,6.13915283422202e-09
"COA5",0.0305541971276826,3.63415571128172e-09,6.47832786088126e-09
"ASB8",0.0305323309341871,3.72837210121951e-09,6.64416549122827e-09
"DNAJB14",0.0305206014428085,3.77988718438033e-09,6.73382573782259e-09
"NAP1L4",0.0304956243103782,3.89190389891617e-09,6.92897448754909e-09
"CASP4",0.0304712296440267,4.00442414252424e-09,7.12477116336667e-09
"GPANK1",0.0304682371826857,4.01844298403772e-09,7.14744336411408e-09
"C22orf39",0.0304633622204463,4.0413831657419e-09,7.18596416232393e-09
"DPM1",0.0304441744262449,4.13291993922039e-09,7.34639307507883e-09
"AL592183.1",0.0303844734757797,4.43082113366193e-09,7.86344397010155e-09
"SHARPIN",0.0303674513125996,4.51952075401844e-09,8.01324335019224e-09
"ANAPC15",0.0303256605977896,4.74467689910994e-09,8.40447037062454e-09
"ADA2",0.0303096419111754,4.83384327207279e-09,8.55700258118826e-09
"CTSB",0.0302842089633939,4.97877248811294e-09,8.81077557848991e-09
"YEATS4",0.0302807729607226,4.99867379713312e-09,8.84136491903346e-09
"PLCG2",0.0302806797228145,4.99921490779843e-09,8.84136491903346e-09
"EP400",0.0302414495798612,5.23201873353292e-09,9.24141814144366e-09
"NUBP1",0.0302399277696362,5.24125895115023e-09,9.25482073940493e-09
"SUPT6H",0.0302272850447407,5.31864010714491e-09,9.38849771198192e-09
"PLPBP",0.0302158735985096,5.38943863830541e-09,9.51047442128186e-09
"GARS",0.0302145231221388,5.39787764836467e-09,9.52236620739859e-09
"FAM98C",0.0301998063764774,5.4906787283735e-09,9.6830263090743e-09
"TIPRL",0.030180425570042,5.61526134539559e-09,9.89650056499707e-09
"RASSF1",0.0301774524836152,5.63461444536847e-09,9.92748521815312e-09
"PEX2",0.0301712068493214,5.67548152769103e-09,9.99634340773505e-09
"PDCD6IP",0.0301476312325169,5.83235832461367e-09,1.02694243873502e-08
"SMIM27",0.0300980626612639,6.17607635168772e-09,1.08677988205476e-08
"CCNDBP1",0.0300836664961534,6.27954100873546e-09,1.10463910772385e-08
"POLR2A",0.0300535757802009,6.50127508497038e-09,1.14292660862897e-08
"SF3A2",0.0300324556702373,6.66143491097379e-09,1.17071531020911e-08
"CDC42SE2",0.0300256624915829,6.71376034609051e-09,1.17954114486992e-08
"OTUD1",0.0299705124311637,7.15361678733469e-09,1.25642545079528e-08
"EIF1B",0.02996551046616,7.19486909453255e-09,1.26327466452905e-08
"PLSCR1",0.0299485447889107,7.33651894187259e-09,1.28774185501186e-08
"PBXIP1",0.0299308702363841,7.48697063733729e-09,1.31373817480345e-08
"SNRPA1",0.0299176367384046,7.60157840170019e-09,1.33343064916764e-08
"THOC2",0.0299147726919579,7.62660588309532e-09,1.33740198970623e-08
"SSRP1",0.0299023213896168,7.73634611816408e-09,1.35622142747534e-08
"COPB1",0.0298983890278211,7.77132211713317e-09,1.36192663260522e-08
"CHCHD7",0.0298959419443278,7.79316501389327e-09,1.36532740828327e-08
"C1orf174",0.0298710271842484,8.01898182106882e-09,1.40445019323973e-08
"DDX54",0.029776520150445,8.93482752026554e-09,1.56387402940648e-08
"SH2B2",0.0297458250056934,9.25359068083422e-09,1.61916155586856e-08
"MBD1",0.0297426443775613,9.28724611248809e-09,1.624035762599e-08
"SDHC",0.02972712130292,9.45321647954821e-09,1.65254261866259e-08
"UFL1",0.0297200134881016,9.53017106179158e-09,1.66547544827128e-08
"LIPA",0.0297161414314435,9.57234873349791e-09,1.67232455571808e-08
"SRP68",0.029687696092615,9.88781021273517e-09,1.72689819150389e-08
"SDHA",0.0296166871621678,1.07200456309276e-08,1.86991515349815e-08
"TAP2",0.0296076990723814,1.08301222352116e-08,1.888527853033e-08
"PPA2",0.0295798774060615,1.11778600567517e-08,1.94795252575812e-08
"AMZ2",0.0295661314152443,1.13536495595374e-08,1.97797173197415e-08
"DYNLL2",0.029547693241525,1.1593668375777e-08,2.01853082290105e-08
"SNAP29",0.0295236900961405,1.19135267641883e-08,2.07357561858977e-08
"LINC02245",0.0294645020117813,1.27393257433566e-08,2.21524257958833e-08
"QARS",0.0294638341811434,1.27489534827119e-08,2.21622869201332e-08
"SLC66A2",0.0294537891485484,1.28946227464733e-08,2.24085578662727e-08
"RAB11A",0.0294482601645889,1.2975490632084e-08,2.25420977141137e-08
"CDC5L",0.0294397889013887,1.31003494344971e-08,2.27519557155405e-08
"MAP2K1",0.0294388487867994,1.31142776235266e-08,2.27690852353914e-08
"ADD1",0.0293767817861102,1.40663548568609e-08,2.44069558715236e-08
"RBM15B",0.0293725536609744,1.41335999960303e-08,2.45160401293794e-08
"CSNK1G2",0.0293537604083033,1.44362902791573e-08,2.50333318432075e-08
"PML",0.0293397007954629,1.46668471400478e-08,2.54252586912436e-08
"TNFRSF14",0.0293190508783631,1.50119717558288e-08,2.60074400879669e-08
"TSNAX",0.0292980590187897,1.5370891909686e-08,2.66210159511909e-08
"CARHSP1",0.0292795166977035,1.56948516160731e-08,2.71652855073008e-08
"SS18",0.029263404390275,1.59817325436057e-08,2.76532851333752e-08
"NIPSNAP2",0.0292553606695191,1.61268510799088e-08,2.78957668000523e-08
"GOPC",0.0292495514369722,1.62324517589025e-08,2.80697629828999e-08
"BRD3",0.0291829208678396,1.74927296826802e-08,3.02304162149621e-08
"TPD52L2",0.0291616032762938,1.79156365742584e-08,3.09517212993279e-08
"TMC6",0.0291376919043938,1.8401815862084e-08,3.17818595878917e-08
"SRPK1",0.0291335759502158,1.84867860902644e-08,3.19187696953055e-08
"VAPA",0.0290965797011658,1.92678391937432e-08,3.32570623495087e-08
"RIPK2",0.0290335332832275,2.06732685679382e-08,3.56609107634807e-08
"FBXW2",0.0290111082238217,2.11967694535455e-08,3.65414298889838e-08
"SLA",0.0289755249545878,2.20539544611284e-08,3.79957548252168e-08
"FBRSL1",0.0289070168160914,2.38000306995915e-08,4.09536012130298e-08
"IFNGR2",0.0288933051792665,2.41652705235023e-08,4.15693121013932e-08
"ZFAND2A",0.0288819047854726,2.44730817458943e-08,4.20858860481283e-08
"SPPL2A",0.0288766798573067,2.46154234764975e-08,4.23176755346417e-08
"CARD11",0.0288678485905975,2.48578406862672e-08,4.27213150303107e-08
"FAM136A",0.0288261144681968,2.60351354178046e-08,4.4730918243903e-08
"DAZAP1",0.028809976627542,2.65047312461448e-08,4.5523765627003e-08
"CDKN2AIPNL",0.0287808329653305,2.73736916936881e-08,4.69874493338483e-08
"ATXN10",0.0287600952398211,2.80087847139336e-08,4.80481479885887e-08
"NGRN",0.0287282127707389,2.90131607130133e-08,4.97406529395737e-08
"DCAF13",0.028714023036106,2.9471328157095e-08,5.05106820709574e-08
"SH2D3C",0.028691635394768,3.02085030055138e-08,5.17424542305451e-08
"TMEM11",0.0286758135768431,3.07402358241514e-08,5.26371326356075e-08
"CYB5B",0.028656266353452,3.1409718508358e-08,5.37670639869539e-08
"HSPH1",0.0286319900606922,3.22608797951039e-08,5.51903444509398e-08
"YWHAG",0.0285929962438104,3.36750918467407e-08,5.75569696165989e-08
"MRPL35",0.0285809837643308,3.4122742545716e-08,5.82865144856832e-08
"UBQLN1",0.0285744153508126,3.43699528652521e-08,5.86908859750844e-08
"PAFAH1B2",0.0285684997213599,3.4594080911299e-08,5.9055607188109e-08
"LASP1",0.0285642997592765,3.47540665304109e-08,5.92925758869423e-08
"SEC31A",0.0285292706958374,3.61166449306837e-08,6.15984556202069e-08
"LPCAT1",0.028451236830214,3.93408883083455e-08,6.70566997611209e-08
"MRPL2",0.0284265244965577,4.04189359447142e-08,6.88732766128215e-08
"WDR45B",0.0283995030986629,4.16304965833292e-08,7.09161835046311e-08
"ZBTB1",0.0283767779774195,4.26766187368254e-08,7.26540247857018e-08
"FYTTD1",0.0283396921999354,4.44387782681041e-08,7.56309927315865e-08
"CEP164",0.0283194103849538,4.54321127487975e-08,7.7274601732771e-08
"HELZ2",0.0282750852264499,4.76785015265013e-08,8.10462176175823e-08
"SHMT2",0.0282659146550788,4.81565249933194e-08,8.18339491770576e-08
"LRIF1",0.0282234132248366,5.04332775108343e-08,8.56509361243733e-08
"ATG12",0.0282177359989194,5.07451885846403e-08,8.61545320589785e-08
"ZFPM1",0.0281513718049041,5.45328285502005e-08,9.25290435351932e-08
"IGLC3",0.0280962199433324,5.78877131612035e-08,9.81322885641346e-08
"STK24",0.0280809353912893,5.88523196865961e-08,9.97373199892965e-08
"NADSYN1",0.0280705000394007,5.95198208528476e-08,1.0083802679879e-07
"PITPNB",0.0280689772114488,5.96178403867712e-08,1.00973548232932e-07
"GTF2H3",0.0280574528918593,6.03647110932528e-08,1.0217671406265e-07
"ELP6",0.0280386783613636,6.16009095624723e-08,1.04237672042117e-07
"RUBCN",0.0280104302065284,6.35072271357412e-08,1.07398544440606e-07
"OSER1",0.0279662468246175,6.66040453953214e-08,1.12533712898701e-07
"MMGT1",0.0279608904670847,6.69892704680131e-08,1.13150453525736e-07
"PDCD10",0.0278944836192212,7.19481500755083e-08,1.21416567813475e-07
"PLEKHM1",0.0278168167991781,7.81996247835375e-08,1.31847109696747e-07
"NCKAP1L",0.0278142145540483,7.84179368487103e-08,1.321754030363e-07
"GGA2",0.0277902867426922,8.04531900028528e-08,1.3552430592661e-07
"ZFAND2B",0.027769334599688,8.22772666889458e-08,1.38513667185087e-07
"CDC42SE1",0.0277661706248283,8.25561768725971e-08,1.38941450319536e-07
"CFAP298",0.0277628664746319,8.28484209393449e-08,1.39391410538081e-07
"CDKN1B",0.0277596066538727,8.31377256967321e-08,1.39836156644864e-07
"TMUB2",0.0277555345725363,8.35004918949542e-08,1.40362021339627e-07
"ORMDL1",0.0276958772071147,8.8994122559688e-08,1.494172903048e-07
"SART1",0.0276883334294614,8.97132401613364e-08,1.50579519971125e-07
"ZNF585A",0.0276600724716418,9.24575896197779e-08,1.55092830027067e-07
"TXNRD1",0.0276507203483753,9.33835173027814e-08,1.56599125872119e-07
"MIB2",0.027598702713662,9.86997513127346e-08,1.65365631798572e-07
"DENND3",0.0275565998216339,1.03216105294008e-07,1.72880803155425e-07
"BTBD1",0.0275372315443128,1.05360295250287e-07,1.76419436082767e-07
"EMB",0.0274874829752492,1.11067216642241e-07,1.85864200900266e-07
"BMS1",0.0274607033925028,1.14261938602579e-07,1.91096183372064e-07
"RAD51C",0.0274362325473045,1.1725885445088e-07,1.959912992478e-07
"DUSP12",0.0273520972778271,1.28154207536829e-07,2.13883109777647e-07
"CYTH1",0.0273455400153886,1.29043331545999e-07,2.15302859692922e-07
"OTULIN",0.027220638764357,1.47163822809546e-07,2.45389869471946e-07
"IGLC2",0.0271342138720294,1.61117824255505e-07,2.68178583552775e-07
"WDR82",0.0271045240680354,1.66200346949563e-07,2.76556192294861e-07
"TSR2",0.0271040997402724,1.66274098303407e-07,2.76596740302162e-07
"CYHR1",0.0270403589019135,1.7771961071013e-07,2.95373157147607e-07
"RFX5",0.0270240851198882,1.80761678399156e-07,3.00340006144668e-07
"TMED7",0.0270038009445973,1.84623935416018e-07,3.06666269948136e-07
"TMEM222",0.0269443314236561,1.96412717773146e-07,3.25764771171866e-07
"MRPS22",0.0268591689468765,2.14569587449527e-07,3.55353122207216e-07
"GID8",0.0267895440778036,2.30609031192337e-07,3.81690657124196e-07
"ELF1",0.02677578538979,2.33912886566837e-07,3.86930324176271e-07
"CIC",0.0267445752819179,2.41577719504013e-07,3.99373319640489e-07
"MPLKIP",0.0267355018942715,2.43851185328556e-07,4.02775136840236e-07
"CDC16",0.0266205402727926,2.7450805613473e-07,4.53144598411618e-07
"DCAF7",0.0265936693659017,2.82193071325174e-07,4.65693397905804e-07
"STK11",0.0265871966669489,2.8407506770792e-07,4.68523101952904e-07
"DNAJC9",0.0265361773096648,2.9933968872177e-07,4.93553605101746e-07
"C16orf91",0.0265181153818345,3.0493116856389e-07,5.02477044756208e-07
"PPP1R2",0.0264991829005341,3.10900360356236e-07,5.12162623045671e-07
"SMIM10L1",0.0264184796634254,3.37634920439123e-07,5.55713543749494e-07
"ISG20L2",0.0264151419679149,3.38787079418425e-07,5.57446072803349e-07
"RFC2",0.0264038057343556,3.42728704547583e-07,5.63435125967424e-07
"TMEM18",0.0263174360849117,3.74247430945232e-07,6.14709636576025e-07
"CCDC141",0.0263153501284181,3.75042225983692e-07,6.15834508277531e-07
"BROX",0.0263067811594685,3.78324313832942e-07,6.21041759020606e-07
"EBP",0.0262536832244896,3.99288469087142e-07,6.5507167995228e-07
"GGPS1",0.0262514842923707,4.0018039160302e-07,6.56342715481263e-07
"CCNK",0.0262499847463788,4.00789733919308e-07,6.5714967789287e-07
"RRBP1",0.0262029563451922,4.20360611566283e-07,6.89037104296971e-07
"DTNBP1",0.026189342460531,4.26196016446621e-07,6.98397860771657e-07
"TPD52",0.0261835710630195,4.28693365032488e-07,7.02284743359745e-07
"ARIH2",0.0261446542249902,4.45905437817304e-07,7.30267940706058e-07
"ACSF3",0.0261350205653042,4.50268042469338e-07,7.3719710782542e-07
"FAM192A",0.0261033370538044,4.64908204755508e-07,7.6027762184981e-07
"MBP",0.02606599858585,4.82751108845085e-07,7.89226199836929e-07
"TRIM59",0.0260568038398482,4.87245311781921e-07,7.96341112136136e-07
"ATP11C",0.026042437633434,4.94348095078494e-07,8.07714025826909e-07
"BTK",0.0260251575960623,5.03023838090924e-07,8.21649611299874e-07
"SIRT7",0.0259944073601711,5.18826949649307e-07,8.46968739430419e-07
"LINC01089",0.025990249047407,5.21000384641525e-07,8.50268984375635e-07
"DDX19B",0.0259693510593419,5.3205678515332e-07,8.68060021451718e-07
"TCHP",0.0259387563448032,5.48652353401415e-07,8.94614798078989e-07
"COPA",0.025915336784937,5.61691979880198e-07,9.15343840357575e-07
"PWP1",0.0258753038660515,5.84676496723646e-07,9.52245727871225e-07
"USP14",0.0258636148082543,5.91556916790373e-07,9.63171596204325e-07
"CHURC1",0.0258066370727915,6.2622794882527e-07,1.01932657406868e-06
"API5",0.0257696284293284,6.4978822109847e-07,1.05736892108441e-06
"CLEC2D",0.0257241649666122,6.79901657080047e-07,1.10604971864808e-06
"PLRG1",0.0257005207869134,6.96089815513813e-07,1.13205547523022e-06
"LGALS9",0.0256821022836665,7.08956862532095e-07,1.1526465564709e-06
"TXLNA",0.0256782613353033,7.11668852029352e-07,1.15672003488578e-06
"RPF1",0.0256526464142005,7.30012121092634e-07,1.18584625587002e-06
"LIMD1",0.0256073241157268,7.63589859459426e-07,1.23967153705283e-06
"FDX1",0.0255866196270358,7.79419595254999e-07,1.26463764571936e-06
"PRR34-AS1",0.025524546253252,8.28795317930477e-07,1.34358395824272e-06
"OAS3",0.0254847982983787,8.61980039539629e-07,1.39616836363836e-06
"KDM4B",0.0254818095644071,8.64526336970727e-07,1.39988783271843e-06
"PGRMC2",0.0254523197421341,8.9004205845134e-07,1.44078773681675e-06
"AASDHPPT",0.0254206979416249,9.18207728431804e-07,1.48595246661269e-06
"UQCC3",0.0253746544409927,9.60758265706133e-07,1.55436367597344e-06
"CDK11B",0.0253309164003117,1.00293199080328e-06,1.62165764448301e-06
"SOCS4",0.0253251625649301,1.00861092804767e-06,1.63036935295671e-06
"RNF10",0.025311129421785,1.02259149537438e-06,1.65153834071277e-06
"VRK3",0.0252995003666862,1.03431813118638e-06,1.66999592181461e-06
"PRKAR2A",0.0252983461543519,1.03548906383404e-06,1.6714046819984e-06
"DNAJC21",0.0252831765240025,1.0509975170741e-06,1.69545999226154e-06
"MXI1",0.0252594522922626,1.07570072625373e-06,1.73481133537205e-06
"KLHDC3",0.0252561607968557,1.07917187484675e-06,1.73990836816829e-06
"VPS33A",0.0252364926193931,1.1001392909143e-06,1.77116417603076e-06
"MAPRE2",0.0252121441160343,1.12663962149677e-06,1.81278613042327e-06
"TMEM138",0.025130282078538,1.22031538135282e-06,1.95957180360011e-06
"PPM1A",0.0251281519942684,1.22285019215364e-06,1.96307937123891e-06
"AKAP8L",0.0251239337913252,1.22788482962242e-06,1.97059682828515e-06
"BNIP2",0.0251187868980035,1.23405491780067e-06,1.97993170856532e-06
"DMAC1",0.0251062702092999,1.24918461858069e-06,2.00305841645304e-06
"MRPS5",0.0251018008686571,1.25463009609307e-06,2.01121441563173e-06
"NUDCD2",0.0250970557329284,1.26043659359091e-06,2.01994430921394e-06
"ARMH1",0.0250568806325381,1.31064458209989e-06,2.09800523130651e-06
"NFIC",0.0250459044022401,1.32469303618081e-06,2.11988734161392e-06
"MRPL50",0.0250348514241414,1.33898601087787e-06,2.14214814250984e-06
"FAF1",0.0250230109302734,1.35446186310481e-06,2.1662880911622e-06
"SMARCD2",0.0249915420856514,1.39643318072106e-06,2.23150420690975e-06
"ZBTB4",0.0249691372358361,1.42707470669362e-06,2.27851922240336e-06
"MRFAP1",0.024952677698431,1.44999611307732e-06,2.31445660568427e-06
"SPAST",0.0249222076448836,1.49336598658825e-06,2.38300367261561e-06
"C6orf89",0.0248836680126035,1.55001038892441e-06,2.47268817669201e-06
"SCNM1",0.0248559041984621,1.59209078062543e-06,2.53909466465918e-06
"MAGT1",0.0248389239098848,1.61836595327427e-06,2.57879593294145e-06
"BLOC1S6",0.0248362612030256,1.62252382695815e-06,2.58468599396831e-06
"NAE1",0.0248313115003634,1.63028019270058e-06,2.596303485731e-06
"TRAPPC12",0.0248009212855891,1.67868969339261e-06,2.67187865094971e-06
"TRIOBP",0.0247770747249634,1.71763997554744e-06,2.73232079041216e-06
"BPTF",0.0247642989787311,1.73886332271684e-06,2.76529627215702e-06
"NCSTN",0.0247616510614854,1.7432935196796e-06,2.77155464198848e-06
"YY1AP1",0.0247235028109344,1.80833522450425e-06,2.87332924608463e-06
"CLDND1",0.0247216932160455,1.81147775872171e-06,2.87750621854801e-06
"RNF220",0.0247121882360296,1.82807042001837e-06,2.90304009711452e-06
"TP53I13",0.024711733404282,1.82886806120655e-06,2.90348356315699e-06
"CASP8",0.0245632947771558,2.1078498696482e-06,3.33976439035348e-06
"OGFR",0.0245434330652567,2.14814473939588e-06,3.4016846721392e-06
"SDHAF3",0.024452630962656,2.34197443757488e-06,3.70547989402737e-06
"GRK2",0.0244485973392869,2.35096312260692e-06,3.71865135547059e-06
"IKZF3",0.0243389280745807,2.60844326057216e-06,4.12242965645166e-06
"MTG1",0.0243353136671561,2.61737375233201e-06,4.13537669585658e-06
"UVRAG",0.0243331923603525,2.6226287426819e-06,4.14251088205339e-06
"ARFGAP2",0.0242992607287038,2.70807461390032e-06,4.27506367318368e-06
"CCNQ",0.024280937186861,2.75532092435627e-06,4.34842279439828e-06
"ZC3H12D",0.0242746345958901,2.77175388999641e-06,4.37312494024504e-06
"PTS",0.0242733936981199,2.7750003881981e-06,4.37701412962478e-06
"SNX9",0.0242406488137146,2.86199968196484e-06,4.51042774864521e-06
"DESI2",0.0242231338572434,2.90960304490634e-06,4.58287026280102e-06
"FAM53C",0.0242136919306261,2.93557915666886e-06,4.62248491889296e-06
"BICRAL",0.0241995666453005,2.97485567422476e-06,4.6830147923926e-06
"ARMC10",0.0241716702911199,3.05390981788943e-06,4.8034116512212e-06
"HAT1",0.0241638462803022,3.07644129401194e-06,4.8374923323304e-06
"TMEM251",0.0241368990339928,3.15527032874473e-06,4.96005307642415e-06
"SCOC",0.0241196522845329,3.20673529176383e-06,5.03954106879047e-06
"C6orf62",0.0240521536844128,3.41600264623317e-06,5.36389986586823e-06
"LAMTOR3",0.0240226900021588,3.51139960371203e-06,5.50906139506753e-06
"CUTC",0.0240176904495262,3.52783849830312e-06,5.53330255642558e-06
"SAR1A",0.0239811028381432,3.65040704887913e-06,5.72234253590036e-06
"SUN2",0.0239779633644303,3.66111239405832e-06,5.73591343192186e-06
"PRPF40A",0.023963013349771,3.71250495320579e-06,5.81317870922719e-06
"DRG2",0.0239469912060129,3.76835062200417e-06,5.89897479984498e-06
"PYM1",0.0238840536139877,3.99561608171554e-06,6.24949613898037e-06
"PTPRE",0.0238468603446997,4.13603409496111e-06,6.46551129385352e-06
"PMPCB",0.0238324519421781,4.191691744289e-06,6.55068790729986e-06
"MAP2K3",0.023829124758381,4.20464581295797e-06,6.56909935798539e-06
"NRBF2",0.0238106946729774,4.27709920706861e-06,6.68043297791168e-06
"PICALM",0.0237854935026255,4.37811001984807e-06,6.83439080857554e-06
"EXOSC5",0.023784767952992,4.3810517340905e-06,6.83707739276704e-06
"ATIC",0.0237701569044692,4.44069631028166e-06,6.92822842169571e-06
"NAMPT",0.0237446603208579,4.54664519529038e-06,7.09155102724072e-06
"CRCP",0.0237185497445365,4.65765305807921e-06,7.26064981305362e-06
"BAZ1B",0.0236625680204554,4.90447177191276e-06,7.63902847455043e-06
"SHOC2",0.0235238087705047,5.57141513592874e-06,8.67060188283881e-06
"TMX2",0.0235072860144594,5.65638660259169e-06,8.80039482253224e-06
"ACAP2",0.0234896314224899,5.74854910751397e-06,8.93881830960182e-06
"HIVEP1",0.0234795779104045,5.8016720597857e-06,9.01891901383839e-06
"LEPROT",0.0234681881562885,5.86242340472695e-06,9.11083060207426e-06
"MRPL42",0.0234631700187962,5.88938222726633e-06,9.15018858666262e-06
"BIN2",0.023444496817663,5.9907457813711e-06,9.30509348903481e-06
"SAMD4B",0.0234402460521554,6.01405235039352e-06,9.33870452302581e-06
"NIPAL3",0.0233963478409231,6.25987280737198e-06,9.71503119814088e-06
"STK17B",0.023380429070368,6.35136716073528e-06,9.85429569730701e-06
"SH3BP2",0.0233782016332844,6.36427111665791e-06,9.87158197851037e-06
"SLC7A6OS",0.0233619306730893,6.45929553549365e-06,1.00161999707364e-05
"FGFR1OP2",0.0233578446458941,6.48337082099821e-06,1.00507500604514e-05
"EVI5",0.0233363629334537,6.61136191278532e-06,1.02434960092699e-05
"C17orf49",0.0232999507226704,6.83385014827064e-06,1.05852861395088e-05
"NUDT21",0.0232863807927221,6.91858361657412e-06,1.07106099603183e-05
"PPP2R5C",0.0232572061357726,7.10417172812173e-06,1.09918413948093e-05
"FOS",0.0232402390160893,7.21428400378451e-06,1.11591286123162e-05
"CEBPZOS",0.0232135629487997,7.39071174164896e-06,1.14288725745378e-05
"SREK1IP1",0.0231918966222306,7.53703534857324e-06,1.16487127448562e-05
"STK25",0.0230649576782118,8.451567062333e-06,1.3047747275669e-05
"CLIC4",0.023006503445494,8.90750645086133e-06,1.37327122574386e-05
"ARMCX3",0.0229876347093877,9.05963320971713e-06,1.39634027538871e-05
"RSRC1",0.0229851171517807,9.08011742013899e-06,1.39911245310037e-05
"IMPA1",0.0229751863293477,9.16135235165272e-06,1.41124132347654e-05
"RPP21",0.0229490130621187,9.37879177768147e-06,1.44354528020868e-05
"RSRC2",0.0229307412748331,9.53350110271318e-06,1.46655148795102e-05
"ZBTB43",0.0228989167555367,9.80880094749093e-06,1.50765900403119e-05
"CENPB",0.0228789226141446,9.98562786383996e-06,1.53441705529129e-05
"NT5C",0.0228381674013514,1.03555377451054e-05,1.59082191196751e-05
"TECR",0.0228049525106007,1.06666509637766e-05,1.6372680747633e-05
"EVL",0.022796118151689,1.07508902237151e-05,1.6497461956994e-05
"PIGP",0.0227927212998035,1.07834493754562e-05,1.65428923450918e-05
"C2orf74",0.0227352484582371,1.13488117726367e-05,1.73959208370384e-05
"TRIM27",0.0226836878113067,1.18799989388647e-05,1.8200184369962e-05
"BIN1",0.0226672083334922,1.20547199313232e-05,1.84628073107304e-05
"UGP2",0.0226569409599372,1.21648151189216e-05,1.86263339204702e-05
"RAB5B",0.0226562948886185,1.21717748181652e-05,1.862966405957e-05
"LYN",0.0226561215906792,1.21736422885246e-05,1.862966405957e-05
"NFKBIB",0.0226210043860024,1.25577621503366e-05,1.91965135928044e-05
"FAM76A",0.0225710439429384,1.3124221669698e-05,2.00460227902859e-05
"KIAA0100",0.022566073721998,1.31818893136839e-05,2.01286156068549e-05
"MOCS2",0.0225546477130385,1.33153790931311e-05,2.03269115019426e-05
"DDX58",0.022521287207432,1.37125478637077e-05,2.0906060796851e-05
"COMMD9",0.0225212149421626,1.37134203477291e-05,2.0906060796851e-05
"CAB39",0.0224127794375073,1.50839981211229e-05,2.29580090968504e-05
"NT5DC1",0.0223520888691807,1.59071204934496e-05,2.41910892978037e-05
"NSMCE2",0.0223241912450294,1.62996881817567e-05,2.47813663154232e-05
"FNTA",0.0223142633428947,1.64416054802119e-05,2.49835681754386e-05
"CCPG1",0.0222912212548145,1.67755396137792e-05,2.54840784857004e-05
"TMEM50B",0.0222887785639129,1.68113164619042e-05,2.55315031190687e-05
"AZI2",0.0222575223745337,1.72755758690257e-05,2.6229466099868e-05
"TMEM268",0.0222466376102001,1.74401000744161e-05,2.64720868609226e-05
"NDUFAF4",0.0222089044503742,1.80220747620262e-05,2.73332360525613e-05
"RASA3",0.0222079713699704,1.80366978535041e-05,2.73480088460954e-05
"ACYP1",0.0222052783426328,1.8078965978166e-05,2.74046788751577e-05
"MIIP",0.0221956640248039,1.82306375862857e-05,2.76271106928535e-05
"NRAS",0.0221814468191566,1.84571458255574e-05,2.79401280456613e-05
"TAF15",0.022173098380637,1.85913996023234e-05,2.81357549777393e-05
"PRDM2",0.0221347528519785,1.9220083825569e-05,2.90714797480454e-05
"CEBPZ",0.022119319101729,1.9478795363947e-05,2.94468914530276e-05
"PRORP",0.02211828232081,1.9496292978891e-05,2.94574418599322e-05
"TOMM40",0.022076561585646,2.02129606788274e-05,3.0532036882986e-05
"TRANK1",0.0220544983060797,2.06020284742826e-05,3.11113403840542e-05
"AC012146.1",0.0220312074422135,2.10204752813422e-05,3.17261336703848e-05
"ITFG1",0.0220232272914697,2.1165699612335e-05,3.19367143126854e-05
"KARS",0.0220228836529449,2.1171974613453e-05,3.1937578726084e-05
"GORASP2",0.0219421804087188,2.26957339521506e-05,3.41901037832155e-05
"ATF7",0.0219161372102809,2.32093388160673e-05,3.49544250359756e-05
"ENTPD1",0.0218905620712791,2.37244633229208e-05,3.57206234063654e-05
"ATF1",0.0218872807014591,2.37913374232497e-05,3.58116852748244e-05
"PPP2R5A",0.0218421854467297,2.47287387724481e-05,3.72027036971479e-05
"RNF168",0.0218085755440906,2.54501327673363e-05,3.82674345315036e-05
"MAN2A1",0.0217421496930322,2.69351678458005e-05,4.0446079116442e-05
"LUC7L2",0.0217173848864129,2.75096183153306e-05,4.12754814316011e-05
"ARHGAP1",0.0217161236681934,2.75391833676504e-05,4.13087750514756e-05
"COQ4",0.0217147875081018,2.75705381367527e-05,4.13447346998533e-05
"RALB",0.0216911048177917,2.81319479723146e-05,4.21753320644899e-05
"ABI1",0.0215792856519935,3.09326774377795e-05,4.63121962921686e-05
"DCAF11",0.0215621330721984,3.13850616481581e-05,4.69643949482591e-05
"CALCOCO2",0.0215475736157425,3.1773980245621e-05,4.75336707680885e-05
"BMI1",0.0215431118014085,3.1894079916061e-05,4.77005985607097e-05
"ZNF655",0.0215199530381308,3.25244100491679e-05,4.863033120272e-05
"PCNP",0.0214661716557591,3.4034182892531e-05,5.08605812115971e-05
"CDK9",0.0213926110077394,3.62072827974068e-05,5.40503707218219e-05
"CCDC82",0.0213841864238283,3.6464402719236e-05,5.44196961445353e-05
"ZFAND3",0.0213426001656282,3.7759225912721e-05,5.63220837116245e-05
"SUPT16H",0.0213186782186756,3.85237072304275e-05,5.74318030869376e-05
"AKIRIN2",0.0212648309187965,4.02986243303776e-05,6.00299454453311e-05
"SERINC1",0.021253084312101,4.06959950935969e-05,6.06057613717725e-05
"GINM1",0.0211714692272377,4.35613302684921e-05,6.4769580789441e-05
"IRAK4",0.0211691749624614,4.36445783931797e-05,6.48761368312631e-05
"OXCT1",0.021158920863146,4.40184995476591e-05,6.54145969664204e-05
"PDPK1",0.0211547139984671,4.41727823999136e-05,6.56264600058133e-05
"NSMCE4A",0.0211518922684009,4.42765539605835e-05,6.57520670545256e-05
"STXBP2",0.0210964587051269,4.63626695538695e-05,6.87886919658869e-05
"NUP62",0.0210716010971566,4.73280938539491e-05,7.01653397765931e-05
"NKAP",0.0210586833334533,4.78372923079727e-05,7.09014750507952e-05
"LRRFIP1",0.02105317702188,4.80559177410234e-05,7.12066654146751e-05
"DMAC2L",0.021028307082792,4.90552212147886e-05,7.26681549918094e-05
"THAP12",0.021022219383177,4.93028160950774e-05,7.30156194998754e-05
"OSBPL9",0.0210137784801269,4.96480794506609e-05,7.35075054198128e-05
"MRPS10",0.021002790278663,5.01009709898155e-05,7.41584404106651e-05
"YRDC",0.0209964120841687,5.03656489593373e-05,7.45305151443192e-05
"ZDHHC2",0.0209802887129823,5.1040647604451e-05,7.54695531236879e-05
"TOX4",0.0209744773359859,5.12860338160608e-05,7.58123714446442e-05
"C1orf52",0.0209563561506082,5.20584019646091e-05,7.68932250537382e-05
"NOL12",0.020950142227325,5.23257827467807e-05,7.72677851739306e-05
"TSPAN14",0.0209473507768126,5.24463200522151e-05,7.7425366002229e-05
"ZNF410",0.0209016201941028,5.44588616261549e-05,8.03752526925147e-05
"UFSP2",0.020880333744847,5.54204049608552e-05,8.17513005493153e-05
"C15orf61",0.0208618719048285,5.62673580278691e-05,8.29569550708331e-05
"PHYKPL",0.0208066514534345,5.88744233965577e-05,8.67549711770902e-05
"DBF4",0.020804788363197,5.89643476873183e-05,8.68646268797132e-05
"SCAMP3",0.0207949992704664,5.9438970992906e-05,8.75408037158209e-05
"METAP2",0.0207750888687117,6.04155095934951e-05,8.8932265238677e-05
"HPF1",0.0207618597568793,6.10727320838459e-05,8.98524750201263e-05
"ZNF688",0.0207572234277478,6.13046625671676e-05,9.01700144534417e-05
"R3HDM1",0.0207362040954836,6.23666454997507e-05,9.16838796441217e-05
"ECI2",0.0206810527479285,6.52365262691979e-05,9.58776656084434e-05
"MED25",0.0206759370197242,6.55089732193267e-05,9.62528224033182e-05
"DNPEP",0.0206600129147824,6.63639481800131e-05,9.74834706940082e-05
"RANBP2",0.0206062822742186,6.93273641164217e-05,0.00010178311046293
"COPS8",0.0205991907778099,6.97277078178215e-05,0.000102344049131975
"ALDH16A1",0.0205827132739923,7.06663910621231e-05,0.000103694644050027
"LINC01184",0.0205514154565158,7.24823614651968e-05,0.000106303667600568
"UNC50",0.0204996392256252,7.55837860774579e-05,0.000110823242361215
"AKNA",0.0204769665355592,7.69810326096124e-05,0.000112842387764051
"PSMG3",0.0204682163694644,7.75267808447191e-05,0.000113612637234765
"EEF1AKMT2",0.0204448045403873,7.90050204339205e-05,0.000115748657978129
"DUSP22",0.0204226041012765,8.04313524398647e-05,0.000117776733337433
"BLOC1S4",0.020396756592097,8.21226641662866e-05,0.00012022191374683
"ATL3",0.0203417983992047,8.58311751615377e-05,0.000125618085205062
"ILKAP",0.0202910277522513,8.93972372431157e-05,0.000130734706474854
"TPRG1L",0.0202720029201587,9.07692116464455e-05,0.000132671804392417
"ERP44",0.0202713021845344,9.0820122934741e-05,0.000132711585848548
"ADAM8",0.0201726906725211,9.82599084485124e-05,0.000143395973741563
"SLC46A3",0.0201605967603351,9.92109675296374e-05,0.000144746191490883
"HDHD2",0.0201567851165005,9.95125097740816e-05,0.000145148324803289
"ATP13A3",0.0201346592777926,0.000101280060790776,0.000147611142463996
"SPCS3",0.0201004854868955,0.00010406841542573,0.000151635586576356
"SNX14",0.0200898613628208,0.000104949931696248,0.000152840501152024
"AHI1",0.0200828147649128,0.000105538491179755,0.000153657678476166
"MGMT",0.0200809958403483,0.000105690919858844,0.000153839615937991
"UBTF",0.020049036656478,0.00010840327669859,0.000157705650075013
"NBEAL1",0.0199971482163857,0.000112947337596966,0.000164188434435662
"KIAA1143",0.0199701598961779,0.000115381249808358,0.000167597776594828
"BAZ1A",0.0199701468696147,0.000115382436448787,0.000167597776594828
"TBPL1",0.0199479678832769,0.000117419584485375,0.000170468401426279
"HNRNPK",0.0198828087309315,0.000123602435125251,0.000179212332160634
"LYRM1",0.0198682837954055,0.000125021901536431,0.000181223517211582
"MTCH1",0.0198615836493997,0.000125681847119532,0.000182132995010737
"EIF2B5",0.0198510392926536,0.000126727090324128,0.000183523816844024
"CFDP1",0.0198509106795666,0.000126739889939776,0.000183523816844024
"FLOT2",0.0197673436938505,0.000135319106347296,0.000195744399445042
"FIP1L1",0.0197218231919744,0.000140219639636197,0.000202728498090434
"PYCR2",0.0197140732875204,0.000141070432689331,0.000203853326494567
"KLF13",0.019695638054828,0.000143113851904324,0.000206699506063981
"RSL1D1",0.019694882937554,0.000143198142839394,0.000206767929374439
"SRSF4",0.0196387761465058,0.000149593585900752,0.00021589118130124
"ZC3H18",0.019635673633738,0.000149954963078161,0.000216356967594224
"PDRG1",0.0196112691911377,0.000152826357895402,0.000220386310651943
"POLD2",0.0195735907721069,0.000157361380381452,0.000226750988298562
"ZFPL1",0.0195679681088956,0.000158048893492093,0.000227683089621712
"SMC3",0.0195213812261892,0.000163855046175449,0.00023598665817143
"PRPF6",0.0194879382335144,0.000168146168250469,0.000242042325461546
"LRCH4",0.019470630209315,0.000170408283577741,0.000245235559177525
"MPRIP",0.019462618987572,0.000171464992890088,0.00024669289113213
"LAMP2",0.0194585224861395,0.000172007714804509,0.000247410172218812
"FBL",0.0194528829001483,0.000172757514646831,0.00024842486252552
"ATMIN",0.0194496476694684,0.000173189034632861,0.000248981463803556
"NSFL1C",0.0193590967527227,0.000185686207765015,0.000266810787504323
"NSF",0.0193157437616088,0.000191965081467561,0.000275691390076874
"NONO",0.0192730550558157,0.000198342284369571,0.000284704032484358
"S100PBP",0.0192700400726015,0.000198800132353358,0.000285288122293404
"HNRNPH3",0.0192428888479853,0.000202968219729889,0.000291120358183638
"ARFIP1",0.0192305820252343,0.000204884400740941,0.000293793530094729
"CEBPB",0.0191900420955618,0.000211317362923554,0.000302862986114336
"GMFB",0.0191889791260286,0.000211488562001934,0.000303030809867699
"CNIH4",0.0191728109759009,0.000214108671942435,0.000306628144093474
"SNHG32",0.019147704837491,0.000218237702511738,0.000312461495850778
"LEO1",0.0191471752051493,0.000218325607299328,0.000312507469073226
"SUSD3",0.019101404056122,0.000226049222838573,0.000323232498626205
"SRSF2",0.0190887784783087,0.000228224417181781,0.000326259561162622
"SEC22C",0.019086805945124,0.000228566023656555,0.000326664531385651
"SDAD1",0.0190479415597699,0.000235395281915686,0.000336339023982081
"KAT5",0.0189706854742457,0.000249543103196943,0.000356190346841509
"ZMYM5",0.0189435613848828,0.000254696689155251,0.000363361221589038
"NUS1",0.018928144595515,0.000257670198558058,0.000367416186895031
"GRK6",0.0189277674673839,0.000257743343286097,0.000367426944704869
"UTP23",0.0189180079248079,0.000259643010174076,0.00036985261952823
"MARCH9",0.0189152945337091,0.000260173491537788,0.000370514041724676
"TMED8",0.0188914900178617,0.000264871149451746,0.000377012276513146
"HIST1H2AC",0.018861731445302,0.000270855652512669,0.000385432548202099
"VHL",0.018858909023691,0.000271429778888092,0.000386151432957125
"SAFB2",0.0188331726519529,0.000276717849862037,0.000393374791136363
"ZSWIM7",0.0187922845036696,0.000285318113509441,0.000405497780707023
"RMND5B",0.018699473293496,0.000305777748821652,0.000434134644144505
"UBXN4",0.01867141195113,0.000312229180830608,0.000443069582425193
"RBFA",0.0186656770160389,0.000313563255603677,0.000444849998641387
"TOR1AIP1",0.0186652291646809,0.000313667660207921,0.000444885430444307
"DIMT1",0.0186488614325463,0.000317505765199626,0.000450101187264769
"UTP18",0.0186321248851104,0.000321475780744899,0.000455613827923123
"TIMM10B",0.0184808841246757,0.000359518138995201,0.000509014432889818
"AC092683.1",0.0184656893761084,0.000363564440828622,0.000514483181677896
"DDIT3",0.0184253340533438,0.000374518573868238,0.000529716801069698
"CUL4A",0.0183590726079355,0.000393176246406989,0.000555264789744212
"ZNF580",0.0183546058757942,0.000394464713231437,0.0005569440027248
"ARMC1",0.0183489942174061,0.000396089035447651,0.000559096443433037
"GATAD2A",0.0183466021778149,0.000396783320939263,0.000559935344061681
"CFLAR",0.0183430983591984,0.00039780235117727,0.000561231982101735
"TTC39C",0.0183195921672048,0.000404702234976437,0.000570822769605395
"SERPINB9",0.0183188185712545,0.0004049312011835,0.000571001927952865
"GRK3",0.0182585807967559,0.000423136378615523,0.000595623738785008
"DCTN5",0.0182545243749751,0.000424389381341911,0.000597237418315588
"GMEB1",0.0182312307290146,0.000431651965396525,0.000607000416315827
"DMAP1",0.0182252790492894,0.000433526125765808,0.000609482889160214
"THUMPD2",0.0181943693574159,0.000443382239862088,0.000622870309873979
"CCDC137",0.0181934715709587,0.000443671616682045,0.000623120542887697
"RELB",0.0181337087842241,0.000463335802470515,0.000650249017699162
"DDX50",0.0181260574683601,0.000465911282039526,0.000653535960606908
"DCAF8",0.0180901523875134,0.000478176525455675,0.000670404685626341
"TMEM42",0.0180703208272962,0.000485079475685852,0.000679742342586054
"DDX1",0.0180577523756081,0.000489502283640746,0.000685768456896403
"PABPN1",0.0180369170726202,0.00049691710710662,0.000695982174769738
"GPATCH4",0.0179500532760468,0.000528972747994933,0.000739954136243661
"RBBP4",0.0179438848848764,0.000531320842613383,0.00074286770830693
"NISCH",0.0178643148799243,0.000562494052705229,0.000786060176946603
"THUMPD3",0.0178372850273178,0.000573465455987534,0.000800792824479226
"SRSF11",0.0177973785544119,0.000590028189884103,0.000823510563553666
"NFAT5",0.0177740857150972,0.000599900326021857,0.000837080649239767
"XPA",0.0177679271295993,0.000602536079286946,0.000840339785878034
"UBA3",0.0177664013562465,0.000603190743989896,0.000841043404801446
"EVI2A",0.0177102980867304,0.000627727776955817,0.000874602805654112
"PNPLA8",0.0177072088705333,0.000629105469666177,0.000876304336135354
"PIGT",0.0176687107108365,0.00064651203400338,0.000899655627938616
"SLTM",0.0176440356525024,0.000657903057113871,0.000915052153686315
"SLC25A38",0.0176356895157972,0.000661798024761714,0.000920240997192245
"UFM1",0.0176064226827872,0.00067562630021726,0.000939003202857785
"B3GAT3",0.0175985987622334,0.00067936826093265,0.00094396964264048
"MLLT10",0.0175952234624635,0.000680988512345083,0.000945751712780761
"MPEG1",0.0175783703058614,0.000689132442433316,0.000956824692629897
"DDX27",0.0174602161994708,0.000748819778113142,0.00103841039297146
"PPP2R5E",0.017436466707901,0.000761382332571768,0.00105530869703897
"DNAJB1",0.0174260269416132,0.000766966238638669,0.0010622596198356
"ARHGEF2",0.0174223931155713,0.000768918762446876,0.00106470061519529
"MRPS31",0.0174102236631374,0.000775491295802412,0.00107353602268643
"ECHDC1",0.017396683024065,0.000782865662118279,0.00108347679108586
"EMC2",0.0173628437376016,0.000801580412363188,0.00110882980727247
"NPLOC4",0.0173568005983632,0.000804965935473453,0.00111323807520662
"TMEM167B",0.0173344515501393,0.000817602057484818,0.00113015526257958
"STX5",0.0173264525564555,0.000822169222207245,0.00113618796288744
"TADA2B",0.0172963459438981,0.000839572140572641,0.00115995154399294
"C21orf91",0.0172913031627407,0.000842520277327713,0.00116362042549885
"PRCC",0.0172910932951823,0.000842643179043626,0.00116362042549885
"AC097448.1",0.0171656565603006,0.000919149951210062,0.00126708315942101
"CLEC2B",0.0171473938337739,0.000930810953180871,0.00128284255629086
"DFFA",0.0171434813042758,0.000933326918086953,0.00128599362071464
"POLR2M",0.0171131139265159,0.000953070042133405,0.00131287390703128
"LYPLAL1",0.017106801427615,0.000957222327587672,0.00131826954925462
"INTS10",0.0171062683906531,0.000957573718900598,0.00131842930176063
"SLC44A2",0.0170297414776329,0.00100928034247636,0.00138757466819099
"STYX",0.0170282913278282,0.0010102846521216,0.00138861456111241
"NOA1",0.0170257754877373,0.00101202920653608,0.00139067114470279
"CCDC32",0.0169872666884364,0.00103908264851677,0.00142749617717499
"MRPS35",0.0169855656045897,0.00104029299851603,0.00142880850531837
"SAR1B",0.0169191787208643,0.00108855992806685,0.00149400248887588
"GAPVD1",0.0169186491586372,0.0010889531426049,0.00149417602933123
"RPP30",0.0169123727424244,0.00109362356995617,0.00150021690309197
"EEF1E1",0.0168809759674172,0.00111726599116494,0.00153152393943094
"OBI1",0.0168285324820097,0.0011578134272825,0.00158632901326058
"PDIA4",0.0167878181153826,0.00119022539998735,0.0016297277892846
"BARD1",0.0167876489637758,0.00119036179003094,0.0016297277892846
"RNF166",0.0167831424453293,0.00119400079960868,0.00163431047864325
"DNAJC1",0.0167644878613618,0.00120917394986337,0.0016545899119634
"BRD7",0.0167642024844342,0.00120940744502377,0.0016545899119634
"COX15",0.0167627769782765,0.00121057441669383,0.0016557820043717
"DDX52",0.016741560521905,0.00122806637614105,0.00167929681952295
"BACH1",0.0167148832564522,0.00125039175565088,0.00170899078169853
"SQLE",0.0167014011554362,0.00126181650655468,0.00172418498492627
"CPSF2",0.0166701102570743,0.00128870484234559,0.00175920931561727
"SRP54",0.0166645175138127,0.00129356604817882,0.00176541506721481
"TMEM223",0.016634266489621,0.00132015482432247,0.00179951014140428
"P2RX5",0.0166272539265921,0.001326390005978,0.00180756944610286
"SPSB3",0.0165975702869679,0.00135308515146154,0.00184215603629948
"ZMYND11",0.0165443036583687,0.00140223516587374,0.00190768014672305
"SIAH1",0.0165364251740037,0.00140964295224818,0.00191729241756728
"KRCC1",0.0165296172116922,0.00141607321663117,0.00192510341901727
"IBTK",0.0165122930696135,0.00143255839153059,0.00194609739290877
"MFF",0.0164816609204356,0.00146214070653728,0.00198484006236435
"NNT",0.016472245199894,0.00147134621781252,0.0019968524753981
"VEZT",0.0164598227707964,0.00148357302691031,0.0020124709430188
"GTF2F2",0.0164119374759509,0.00153158539341608,0.00207659399383284
"NOB1",0.0163858102427143,0.00155838143931855,0.00211241395005402
"NUMA1",0.0163749956844759,0.0015695986239948,0.0021260754275683
"TMEM19",0.016305927272962,0.00164300980454124,0.00222336262750314
"TRIM28",0.0162967300849754,0.00165302016666115,0.00223636858779447
"NFYB",0.0162720314760152,0.00168018086370425,0.00227201666286999
"NEPRO",0.0162543109798383,0.00169992011386303,0.00229759955544084
"GRSF1",0.0162240379354301,0.00173413602883764,0.00234328007177795
"SPOP",0.0162135644163709,0.00174612033512844,0.00235890496793401
"STK26",0.0162100676973677,0.0017501383746041,0.00236376296989573
"PRRC2A",0.0161972481223637,0.00176494202143583,0.0023831823196871
"ANKIB1",0.0161632562401792,0.00180475382934822,0.00243459205158463
"EIF4G1",0.0161527847458602,0.00181718348006166,0.00245046097987866
"CIAO1",0.0161526092904165,0.00181739241392893,0.00245046097987866
"LINC00623",0.0161392971958799,0.00183330909945222,0.0024713271398392
"TRAPPC10",0.016126170341362,0.00184912963082384,0.00249205367233983
"NOL10",0.0161119623760356,0.00186639439709391,0.00251411135596994
"C8orf82",0.01610190847104,0.00187870069931161,0.002530079975197
"SYNCRIP",0.0160961924298404,0.00188573050644858,0.00253893667466791
"ZRSR2",0.0160376225254331,0.00195916697569111,0.00263654354417249
"SRRT",0.0160334831449185,0.00196445508992163,0.00264302497205166
"ABR",0.0160321738876505,0.00196613040922134,0.00264464371326818
"RASGRP3",0.016009499071384,0.0019953538225099,0.00268330774546889
"AC096733.2",0.01599812738148,0.00201015932021202,0.0027025689756379
"MTMR6",0.0159960039635541,0.00201293507234672,0.0027056513895402
"PARVG",0.0159907671682458,0.00201979570137,0.00271357057408812
"ZBTB18",0.0159808715955781,0.00203281832019218,0.00273041136963943
"INPP5B",0.0159617333321104,0.00205822318302706,0.00276387150518691
"TMEM30A",0.0159523746102254,0.00207075205286993,0.00278002930204326
"CCDC97",0.0158474045297841,0.00221615208621351,0.00297095927115411
"SEPTIN1",0.0158177327228259,0.00225891606605698,0.00302611549533249
"DNAJC2",0.0158109457743208,0.00226880328034312,0.00303863394863745
"TMF1",0.0157631885255408,0.00233950462190377,0.00313182729141563
"SYNE3",0.0157621887013531,0.00234100612181595,0.0031330884798784
"DPP9",0.0157292890307272,0.00239090863057339,0.00319758339060209
"STK4",0.0157221665701109,0.00240183945991631,0.00321143538195065
"IDH3A",0.0157045925861729,0.00242900618411915,0.00324698416163517
"ING1",0.0156817565699122,0.00246472732402124,0.00329363020020969
"ACOT13",0.0156225999058277,0.00255950961549957,0.00341735717673733
"MAPKAP1",0.0156167412139714,0.00256907569945478,0.00342931196202246
"MARK2",0.0156011635614713,0.0025946701688798,0.0034618264925907
"CLNS1A",0.0155195628042817,0.00273259186349595,0.00364150535984792
"UPK3BL1",0.0155166736105106,0.00273759574278878,0.00364730584095147
"SUPV3L1",0.0154893491434082,0.00278533540006562,0.00370914493004458
"CCDC117",0.0154840659482,0.0027946531339688,0.0037206684581315
"TMEM238",0.0153633611545119,0.0030154420570259,0.00401080288800809
"TIMM17A",0.0153165949189166,0.00310517906282636,0.00412918042043933
"RBM27",0.0152495075471104,0.00323816423806812,0.0042978573216634
"TCEAL8",0.0152056358650832,0.00332791442433292,0.00441488599968941
"CMC1",0.0151733607049528,0.00339538109190406,0.00450332216333285
"U2AF2",0.0151608759655909,0.00342181097125784,0.00453730190578011
"CGRRF1",0.0151563368878826,0.00343146641228979,0.00454795157956345
"AKAP8",0.0151515128435172,0.00344175520757459,0.00456050885205235
"COPRS",0.0151475661894891,0.0034501935659932,0.00457060883706905
"SMNDC1",0.0151441647145459,0.00345748137810966,0.0045780976829296
"NBR1",0.015112156888481,0.00352674894145775,0.00466650621807344
"NIP7",0.0151055982980737,0.00354109719408572,0.00468438483327211
"CPNE3",0.0150886121176433,0.00357850514575368,0.00473275261425416
"TTC28-AS1",0.0150700592057509,0.0036197738762812,0.00478620242706587
"NDUFAF2",0.0150662152842395,0.00362837815916203,0.0047964470307922
"TRIM14",0.0150591561875685,0.00364422778802161,0.00481512617143407
"CKAP2",0.0150550863078737,0.00365339438323297,0.00482579076641442
"IPO5",0.0150489835883995,0.00366717883976932,0.00484088349789016
"DCUN1D5",0.0150058244065561,0.00376602181620432,0.00496784931525209
"RBMX",0.0149907863624528,0.0038010266605444,0.0050128444374168
"TRAF3",0.0149878874358696,0.00380780853806316,0.00501942471680202
"FASTK",0.0149676395522258,0.00385548475238719,0.00507988005131043
"TAF8",0.0149542341031781,0.00388734727741396,0.00511824920093926
"PPP1R12A",0.0149500804139103,0.0038972683328984,0.00513010574208319
"FBXO9",0.014925471289964,0.00395652026275735,0.00520443165610707
"FOXN3",0.014913475059978,0.00398569939152045,0.00524158306924303
"METTL2B",0.0149100846701035,0.0039939813731186,0.00525124170676931
"IKBIP",0.0148991962290742,0.00402068522883758,0.00528511099899538
"RRP1B",0.0148943470412648,0.00403262992257599,0.00529956832387333
"CLOCK",0.0148907445519469,0.00404152454790317,0.00531001149256524
"CUL1",0.0148444202161768,0.00415749789929394,0.00545854330378466
"OSBPL11",0.0148281100016776,0.00419904392496205,0.00551179869315971
"CHORDC1",0.014818657155954,0.00422329461914333,0.00553973610347114
"SPTLC1",0.0147860979364337,0.00430779871016005,0.00564925791983292
"PIGF",0.014776144668428,0.00433393566449371,0.00568220357135517
"DDX60L",0.0147513068067792,0.00439978724454113,0.00576719128403343
"OSGEP",0.0146932091095204,0.00455737465103109,0.00596816820678633
"IFRD2",0.0146413764216159,0.00470226483741205,0.00615215728903175
"BCL2L13",0.0145866531245067,0.00485974897087502,0.00635523090961265
"RALA",0.0145822836059791,0.00487252710508275,0.00637045385517472
"TDP2",0.0145561835929629,0.00494948849054899,0.00646956476909333
"FCGRT",0.0145189876884153,0.00506106865869735,0.00661386970540454
"PDS5A",0.0144781938369179,0.00518605225687224,0.00677403887377365
"RIOK2",0.0144772108945607,0.00518909789341662,0.00677643676871683
"PRPS2",0.0144760895989163,0.00519257418942024,0.00677939581234098
"SDR39U1",0.0144746906322507,0.00519691428506308,0.00678348098593296
"PTOV1",0.0144390964058907,0.00530844874713664,0.00692422483295582
"JAK2",0.0144120730469193,0.00539456518884784,0.00703146515789242
"ARL4A",0.0143733329451363,0.00552022063830919,0.00718372578884056
"ARRDC1",0.0143577366432346,0.00557154940564848,0.0072471547192376
"NPC2",0.0143566684056353,0.00557508077543279,0.00725006441216602
"CASP8AP2",0.0143023441569146,0.00575735007321649,0.00747841320966734
"MRPL3",0.0142821870274256,0.00582633670592927,0.00756626753765589
"DALRD3",0.0142589407378243,0.00590682041400124,0.00766545438804934
"ME2",0.0142533310511693,0.00592639182936887,0.00768907126159254
"GSR",0.0142209246762172,0.00604060142070677,0.00783362087459565
"CRNKL1",0.0141947662748676,0.0061342333336338,0.0079532039124266
"CHKB",0.0141906366292362,0.00614913394118382,0.00796883368916487
"DDB1",0.0141513141984264,0.00629265852825162,0.00814352597429235
"ZNF143",0.0141219745063945,0.00640170332469627,0.0082769283942605
"MTMR9",0.0141210386347545,0.00640520942616601,0.00827770604429068
"USP4",0.0140879103177407,0.00653043807961989,0.00843565121862338
"HERC2",0.0140186778163414,0.00679927896905953,0.00877685215618862
"RNF114",0.0140154524797147,0.00681204252108404,0.00879130188032067
"FAM120A",0.0139929829102792,0.00690155990433722,0.0089027261686303
"RBM4",0.0139814314412523,0.00694799030411947,0.0089605557663765
"RNF145",0.0139790975188046,0.00695740535731501,0.00897063246001873
"RBM22",0.0139785699185785,0.0069595352862255,0.00897131349554638
"COX19",0.0139685428543118,0.00700012616020925,0.00901948622574926
"ARL8B",0.0139546737660087,0.00705662045574762,0.00909018656224526
"TLE1",0.0139186716002974,0.00720518697124082,0.00927943256516896
"ELMO1",0.0139029443909724,0.00727096331132744,0.00935768968445428
"GLIPR1",0.0139003182296809,0.00728199912434932,0.00936543676130437
"GDI1",0.0138976811837041,0.00729309579841469,0.0093775549969974
"GART",0.0138695412427261,0.00741245673385344,0.00952884327893347
"TATDN3",0.0138168349848052,0.00764074399044686,0.00981555208497543
"GOLGA2",0.0138095792985916,0.00767265924333544,0.0098542913143595
"EMG1",0.0137516969523932,0.00793157227973247,0.0101774882792168
"TTN",0.0137463931051881,0.00795568383675368,0.0102060891364309
"SRFBP1",0.0137349323357696,0.0080080093641861,0.0102708633956506
"RBM34",0.0137215313710944,0.00806958374086242,0.010347467612768
"ZC3H7A",0.0137112693620184,0.00811702152424458,0.0104059138377876
"ACAT1",0.0137093727474304,0.00812581620924635,0.0104148047112103
"ZNF675",0.013627306733631,0.00851462424473571,0.0109056506733969
"SUCLA2",0.013595510212762,0.00866968416444692,0.0110991773725868
"C15orf40",0.013586746365893,0.008712863548634,0.011151907846412
"WASHC2A",0.0135465807924842,0.0089132275316445,0.0114057544904594
"SUPT5H",0.0135438045279705,0.00892722766051296,0.0114210603304096
"MTRF1L",0.0135350844498264,0.00897132902456556,0.0114748604399616
"WASHC2C",0.0135271963906259,0.00901138998234135,0.0115208389160223
"RPF2",0.0135146639121677,0.00907536703581848,0.0115999842007347
"USP11",0.0135035616748836,0.00913238125261113,0.0116701956184976
"VAPB",0.0134927054592158,0.00918844101077534,0.0117391555888122
"MRPL19",0.0134544652820925,0.00938836144898201,0.0119891045316343
"MPHOSPH10",0.0134520270544119,0.00940123916711516,0.0120028129872377
"GNG2",0.0134508843820151,0.00940727971445238,0.0120077879855624
"BCCIP",0.0134477885251442,0.00942366284599626,0.0120259593530246
"ERC1",0.013415027014893,0.00959860119104087,0.0122449630972261
"CLPX",0.0134148324323722,0.00959964880555609,0.0122449630972261
"EFCAB14",0.0134074306836648,0.00963957491173373,0.0122930917760976
"CHD1",0.013362504636399,0.00988510413800097,0.0126004707048119
"NDEL1",0.0133236326778119,0.0101020263674895,0.0128623436427162
"OTUD6B-AS1",0.0133187255569945,0.0101297093652708,0.0128917296420999
"TUBA1A",0.0132949241484209,0.0102649430622272,0.01306086917118
"ATF7IP2",0.0132921173631151,0.0102809959756454,0.0130783235202339
"AHCYL1",0.0132841247427587,0.0103268308306911,0.0131306650358004
"RBM43",0.0132816541209504,0.0103410357219438,0.0131457424145727
"ARFRP1",0.0132669030136094,0.0104262099219818,0.013241995866898
"DENND4B",0.0132542187871573,0.0104999482864604,0.01333262533495
"RBM15",0.0132498888295739,0.0105252260269115,0.0133616933310814
"YDJC",0.0131649669043469,0.0110320517949104,0.0139955882453666
"TMX4",0.013153124873063,0.011104422759885,0.014084210117327
"PPP4R2",0.0131420028565846,0.0111727771682358,0.0141644918332477
"SRRM2",0.0131223203345114,0.0112946595683007,0.0143092938796771
"CCDC88B",0.0131143842635304,0.0113441360469313,0.0143654772776085
"CTSD",0.0130986004984413,0.011443110255121,0.0144842622686853
"PARN",0.0130925760555456,0.0114810889602424,0.0145290508961404
"SPOPL",0.0130863776920026,0.011520280796837,0.0145720624984382
"CCT2",0.0130079475732691,0.012026542790783,0.0151952777286658
"SEPTIN9",0.0130004625190938,0.0120758742217223,0.0152507263846374
"EPS15",0.012997375831968,0.0120962696934275,0.0152730402508764
"UBE2H",0.0129914096108064,0.0121357784108783,0.0153194714625489
"NDUFS1",0.0129823404741721,0.0121960538869818,0.0153920905410061
"HNRNPA3",0.0129799604540924,0.0122119159002057,0.0154086372960244
"NFATC2IP",0.0129678681054237,0.0122927899273208,0.0155071883745324
"SLAIN2",0.0129611435303105,0.0123379690940583,0.0155606766259448
"PPP3CB",0.0129463446032374,0.0124379142844857,0.0156796664207528
"EIF2D",0.0129398154212297,0.0124822368775205,0.0157320001689901
"MED7",0.0129251093105194,0.0125825802312754,0.0158549003094204
"MRTO4",0.0129201189569538,0.0126167925433899,0.0158944343309777
"SH3GLB2",0.0128965542300549,0.0127794599521243,0.0160921212211889
"RMDN1",0.012891384745164,0.0128153921769874,0.0161301149625407
"AP5M1",0.0128869413087125,0.0128463491769604,0.0161654463581566
"BDP1",0.0128600710861776,0.0130349651639883,0.0163954277753197
"PPT1",0.0128571255712648,0.0130557894919645,0.0164179337549379
"MECP2",0.0128541386319829,0.0130769367246276,0.0164408355992456
"DRG1",0.0128338221752472,0.0132215806765248,0.0166189572193033
"PSMD6",0.0128274771269875,0.0132670434873303,0.0166723604605199
"CYFIP2",0.0128062184396814,0.0134203725316569,0.0168574807243351
"RNF19A",0.0127846509312151,0.0135775271557324,0.017051060448264
"SELENOF",0.0127609749529224,0.0137519153587055,0.0172623213635386
"CCDC112",0.0127395406335068,0.0139114952423766,0.0174548129149981
"IWS1",0.012734951161194,0.0139458758907067,0.0174940315484543
"KDM3B",0.0127305951900324,0.0139785766914486,0.0175311258506054
"NFE2L2",0.0127298261929433,0.0139843566690749,0.0175344485568588
"HCFC1",0.0127077961069809,0.0141508387420333,0.017731285859984
"GOLT1B",0.012689483183631,0.0142905586831964,0.0178983495493254
"AC005332.4",0.0126606314741793,0.0145131546252161,0.0181730782597441
"SMAD2",0.0125704679564139,0.0152286096763981,0.0190434121003585
"RDH11",0.0125415183833786,0.0154648225458708,0.0193344801516567
"EPS15L1",0.0125217028025985,0.0156283602560135,0.0195345783963249
"ACTR6",0.0125158520411724,0.0156769365513704,0.0195909240571677
"CLK3",0.0125057853848028,0.0157608264830137,0.0196869734904906
"FGL2",0.0125049503073545,0.0157678032583503,0.0196912967781538
"SKI",0.0124873066289211,0.0159158462509383,0.0198717465117043
"RNASEH1",0.0124605445240519,0.0161427322712999,0.0201415556808979
"TWISTNB",0.0124460402525554,0.0162668817158404,0.0202919386392922
"DAXX",0.0124057213871517,0.0166164094956232,0.0207141129723983
"U2SURP",0.0124025264282528,0.0166443868164924,0.020744372621089
"RNF4",0.0123664217869378,0.016963430802575,0.0211279021403653
"ZNF277",0.0123203449675098,0.0173783818558433,0.021630292616573
"GNPDA2",0.0123087321043626,0.0174843570845461,0.0217573614820135
"TRIM5",0.0122806150105305,0.0177432942677445,0.0220746759648238
"GMPS",0.0122533960021006,0.0179971556536578,0.0223805659005633
"DNM1L",0.0122433548613427,0.0180916056977224,0.0224930263069796
"LAS1L",0.0122258949035727,0.0182568733416978,0.0226934637343207
"PSMG4",0.0121647162600868,0.01884643593364,0.0234210977733121
"THAP7",0.0121528459856199,0.0189627359092562,0.0235551749451639
"FXR1",0.0121101966400274,0.0193857898837003,0.0240646740112158
"ETV6",0.0120680102531036,0.0198123412088711,0.0245887265922639
"SP140",0.0120557657763005,0.0199376710109735,0.0247387893957604
"TMEM87A",0.0120504922764722,0.0199918614090062,0.0247950433462895
"ESCO1",0.0120461140087203,0.0200369500472701,0.0248454631867965
"GGCT",0.012015367367741,0.020356095077963,0.0252188649705089
"CTDSP2",0.0120065251121185,0.0204486933298236,0.0253167841159023
"TCF25",0.0119971168730329,0.0205476218881747,0.0254336420321914
"UBE2Z",0.0119882945021917,0.0206407688977215,0.0255432935475339
"ZDHHC24",0.0119520907191758,0.0210268759383498,0.0260074115870162
"AP2A2",0.0119453701273836,0.0210992382884451,0.0260876012480311
"RMC1",0.0119104420552321,0.0214788220590173,0.0265452079330441
"SCAF11",0.0118633423578461,0.0220000884212578,0.0271774360933976
"ASCC2",0.0118503492371587,0.0221458098864512,0.0273514181199588
"ZBTB24",0.0117697001382056,0.023069224071687,0.0284730550959716
"VAV2",0.011764587213812,0.02312887691789,0.0285341056425334
"EXOC6",0.0117621716406474,0.0231571061367414,0.028562640711713
"BTN3A3",0.0117571315315699,0.0232161029314204,0.0286291044735547
"TRAF4",0.0117535425695716,0.0232581928892781,0.0286746947772059
"SOS1",0.0117444961461965,0.0233645799069072,0.0287931819710863
"BIRC2",0.0117212626252424,0.0236397464484573,0.0291258732639264
"ACIN1",0.0116989335156431,0.0239068468622508,0.0294484823566014
"CCDC91",0.0116522446327324,0.0244738079093734,0.0301402370493404
"RASSF3",0.0115881069032102,0.0252716316649913,0.0311022652066834
"ZNF480",0.0115125055365127,0.026240869889479,0.0322313842655641
"CNDP2",0.0114680939005083,0.0268250921795861,0.0329417542858718
"UBE3C",0.0114437421308182,0.0271501748064379,0.03332634869403
"ZBP1",0.0114381184412623,0.0272257293702422,0.0334044491134122
"MSL1",0.0113224543257051,0.0288204116588512,0.0353300778510014
"STXBP3",0.0113202455928024,0.0288516302625576,0.0353528726975684
"GOLGA3",0.0113082703569327,0.0290213975568672,0.0355453417266594
"ARL16",0.0112867053330742,0.0293292835474126,0.0358988892371193
"RNF115",0.0112836308983102,0.0293734056228079,0.0359450393037682
"KCTD20",0.0112532787781162,0.0298120705677325,0.0364659111705328
"GNL1",0.0112497468743568,0.0298634794970446,0.0365208184853596
"ISCA1",0.0112343515907716,0.0300884579352424,0.0367879181172872
"TDG",0.011226035013818,0.0302105967895984,0.0369291908813925
"SDE2",0.0112051644427439,0.0305189835621027,0.0372980202774028
"RBPJ",0.0112042173190906,0.0305330423088345,0.0373070615121689
"TWF1",0.0111837582468534,0.0308380896764009,0.0376715682175619
"ARHGAP4",0.0111808007626361,0.0308824018711758,0.0377174733712289
"REXO1",0.0111320686741749,0.0316204667947268,0.0385852362782712
"NIFK",0.0111103005908799,0.0319550091208613,0.0389764821615732
"MAP3K13",0.0110665580218979,0.0326364478029642,0.039790323061472
"TBL1XR1",0.0110077349867742,0.0335724079284617,0.040904732827347
"COX11",0.0109705413301804,0.0341759848083594,0.0416310767532886
"HMGXB4",0.0109696625654945,0.0341903567829678,0.0416395277976523
"SNX1",0.0109649822956721,0.0342669884567355,0.0417237831187338
"CWC27",0.0109566214236656,0.0344042492155346,0.0418727074872249
"WWP1",0.01092045482659,0.035003421330549,0.0425741938919447
"PPIL3",0.0109110691247238,0.0351603624009078,0.0427465139586466
"EMC10",0.0108941133811267,0.0354454071374806,0.0430743600297307
"TRAPPC6B",0.01087699771059,0.035735137726594,0.0434170295892957
"OPA1",0.0108663607600092,0.0359162136729543,0.0436181077151381
"C1orf35",0.0108576133441481,0.0360657092166192,0.0437901663391035
"BCAP29",0.0108571197499134,0.0360741606549445,0.0437909349432908
"STRADA",0.0108450452085638,0.0362814302794729,0.0440329991322487
"HDAC8",0.0108367566172325,0.0364242976838566,0.0441968135457714
"VTA1",0.0108290942521933,0.0365567972119508,0.0443383761767294
"TATDN1",0.0108271100643049,0.0365911751465482,0.0443704637358339
"NECAP1",0.0108253403993208,0.0366218595019226,0.0443980595390191
"RWDD3",0.0107684484018631,0.0376200598341718,0.0455983456245827
"RCOR1",0.0107505309564522,0.0379391858062634,0.0459752011468804
"PSMC6",0.0107298808997734,0.0383098351072569,0.0464143167717383
"CFAP410",0.0107222121912636,0.0384482629492647,0.0465630212868403
"UPF1",0.0107118840445704,0.0386353679745359,0.0467682507078831
"ATP2A2",0.0107089981419537,0.0386877871713355,0.0468215851224395
"DHX30",0.0107069694979772,0.0387246713825448,0.0468560994628717
"BTN2A1",0.0106837616699736,0.039148759640139,0.0473385584508676
"USP10",0.0106778427447099,0.0392575481849819,0.0474598591375099
"DDX39B",0.0106678777487519,0.0394412824697143,0.0476511266421203
"ZFP91",0.0106358911229764,0.040035990626715,0.0483487674644741
"HM13",0.0105966913507241,0.0407751653485349,0.049220194206281
"PTPN11",0.0105881618065233,0.0409375267521385,0.0494055348715207
"ZDHHC6",0.0104379212967328,0.0438884105782632,0.0528984264361636
"DNAJC30",0.0104348992939651,0.0439495619238355,0.0529493431566794
"TRAPPC2",0.0104160387997108,0.044332838589427,0.0533881378067901
"NABP1",0.0103988642858939,0.0446843032610324,0.0537998242831131
"KMT5B",0.010390139169313,0.0448637552671267,0.0539926715193761
"CARS2",0.01038168623117,0.0450381885517009,0.0541909546891679
"NCOR1",0.0103621803945213,0.0454428907212544,0.05464268590162
"NUP50",0.0103438717454652,0.0458255380602042,0.0550696017129696
"CNOT9",0.0103276654786697,0.0461665071297112,0.0554413821684203
"NUP42",0.0102651283477807,0.0475023393954729,0.0569722918531142
"BRD2",0.0102340289781348,0.048178648508864,0.0577710576532108
"NKAPD1",0.0101992193996448,0.0489452183047017,0.0586776900095536
"GANC",0.010072231293557,0.0518290540175607,0.0620537478386085
"SNHG30",0.0100428720955376,0.0525156465075286,0.0628504564292025
"CCNY",0.0099722145442171,0.0541992600582937,0.0648100033276052
"GTF2H1",0.00996737718961467,0.0543161523785728,0.0649359166429853
"EXOSC10",0.00992551398940234,0.0553365691061874,0.0660712265111396
"MAEA",0.00992268842781527,0.0554060139979392,0.0661400435640361
"ZNF791",0.0099106647355916,0.055702337367504,0.0664654434587537
"CMTR1",0.00989722216613867,0.0560351908234051,0.0668341362440145
"CNN2",0.00977807815348416,0.0590583435187018,0.0703500174496488
"SMARCC2",0.00976925580434568,0.0592874846903624,0.0706079527430831
"ARHGAP24",0.00974959914058494,0.0598006773120771,0.0712039952433979
"FAM217B",0.00974898290282898,0.0598168253121665,0.0712080847127406
"RIOK1",0.00970912083378786,0.0608690868519337,0.0724145614820902
"BX284668.5",0.00968405238775655,0.0615386536922626,0.0731800423206715
"INO80E",0.00966808317905122,0.06196835486134,0.0736753885753269
"ZNF330",0.00963801116423663,0.0627842759269534,0.0745821271403745
"KDM1A",0.00963690204287558,0.0628145379066968,0.0746022533535642
"TLR1",0.00961144645395471,0.0635124056955976,0.0754150910114569
"RBM7",0.00959932171359059,0.0638470520188364,0.0757963837129086
"MTERF4",0.00956709058597523,0.0647437267002023,0.0768283078914901
"ACAP1",0.00954957082967458,0.0652354718341262,0.0773954411656303
"POLDIP3",0.00954361670417397,0.06540329210163,0.0775781107711202
"LINC00476",0.00950726496542115,0.0664356228753048,0.078752576449647
"DEGS1",0.00938589069067455,0.069980089325904,0.0828489706857722
"RHOH",0.00934398561583077,0.0712393054044017,0.0842685004371814
"HUS1",0.00933947459062838,0.0713759586723177,0.084412319367325
"APIP",0.00932217251005858,0.0719020871402272,0.0850023665332375
"ZDHHC20",0.00930246754347211,0.0725051482079058,0.0856753871545318
"ATG4B",0.00918412159664459,0.0762147332661619,0.0898881282425296
"BTF3L4",0.00916814438960971,0.0767271990696134,0.09047348252398
"CHIC2",0.00914867176294644,0.0773555741663278,0.091156863224406
"DHX9",0.00912663986159292,0.0780715849226269,0.0919812678064016
"ST3GAL1",0.00908668342769822,0.079383882957943,0.0935077031435203
"GRIPAP1",0.00901873344150969,0.0816567234693431,0.0961040781995778
"ATP6V1C1",0.00901436291006625,0.0818047009688526,0.0962580105307864
"PDCD11",0.00899235754253048,0.0825530670322429,0.0970570378773284
"FOPNL",0.00898554941789383,0.0827857209042759,0.0973101411930429
"ANKRD13D",0.00898240838460561,0.0828932383404037,0.0974160780412508
"TBC1D5",0.00896594691629252,0.0834585654890315,0.0980598752473391
"BMP2K",0.00896492673574829,0.0834937034910618,0.0980805858333552
"BOD1",0.00894914638174187,0.0840387525675041,0.0986794660651133
"SLF2",0.00892223568558968,0.0849748813121635,0.0997159669451975
"UBE2E2",0.00888309107561499,0.0863516216380153,0.101289095873199
"CSNK2A1",0.00888081233724396,0.0864323179617465,0.101362523639812
"PPP2R2A",0.00883963979805713,0.0879008683486946,0.103041599753252
"HMGXB3",0.00883692271050705,0.0879984854880175,0.103134445954883
"TPR",0.00880859535171719,0.089021421069425,0.104289684043056
"RBM17",0.00878495665754405,0.0898823566086201,0.105254250337629
"EIF4G3",0.00877842908165541,0.090121272105866,0.105511965941671
"HEATR1",0.00875292076683507,0.0910598056122354,0.106543967251751
"CRTAP",0.00873640880723173,0.0916715129660401,0.107237289917041
"NARS",0.00873425251017793,0.0917516390421788,0.107308609370483
"CS",0.00871837406757208,0.0923434021408631,0.10797816187703
"CLINT1",0.00871444628917965,0.092490255776901,0.108127305908249
"TSN",0.00870877487257535,0.092702632197591,0.108352972232618
"CBWD1",0.00866435241817924,0.0943796843549149,0.110221145135921
"EXOSC6",0.00866098915810325,0.0945076392781672,0.11034756881322
"TYW3",0.00861983608852743,0.0960845891261008,0.11209535173824
"C2orf49",0.00860015355961479,0.0968462151359437,0.112960360469892
"RPUSD3",0.00856217809211758,0.0983293354515371,0.114642507881778
"POLR2D",0.00854961340755568,0.0988240198823963,0.115171314057699
"CNOT1",0.00854168282015723,0.0991372765166304,0.115512354019065
"ZNF217",0.00853389033361623,0.0994458495338031,0.115847796014732
"TAF3",0.0085272088828705,0.0997110366166487,0.116108423303503
"PATL1",0.00851055448496264,0.100374505929416,0.116856704990783
"GXYLT1",0.00847586338451147,0.101767809728269,0.118454177532842
"NUTM2A-AS1",0.00838118500297655,0.105648831340962,0.122767449033346
"ING4",0.00837828989634213,0.105769331224665,0.122881979711543
"MDM2",0.00837664145984494,0.105837991000861,0.122936247946044
"CUL2",0.00835518094441036,0.106735082144918,0.123926864654578
"RBM10",0.00832590294255173,0.107968665540854,0.125333159729393
"RCOR3",0.0083189008749451,0.108265352789936,0.125651521130632
"ABCA7",0.00830593673155532,0.108816364191867,0.126264855156131
"MINDY2",0.00829985033596329,0.109075816599081,0.126539695271635
"DNAJC13",0.00827755071872366,0.110030592164701,0.127515279684356
"IFNGR1",0.00826477484836102,0.110580569182879,0.128113746215964
"RNF6",0.00821787429157015,0.112618182615519,0.130410303565357
"AHCTF1",0.00821107846438585,0.112915869454723,0.130696793720997
"UTP3",0.00819352071026013,0.113687846592784,0.131563146439294
"UBA7",0.00818170994933725,0.114209474780565,0.132139489412507
"PRKDC",0.00817712639080003,0.11441241665734,0.132346952849599
"INSIG1",0.00817606746122097,0.114459342211949,0.132373895463376
"CRIPT",0.00815243241676121,0.11551065571521,0.133534609424333
"ASH2L",0.00813975103645651,0.116077859266478,0.13416262685752
"NCOA1",0.00813393060374085,0.116338923084343,0.134436622280876
"TM7SF3",0.00813014559935539,0.116508939225859,0.134595810131371
"TP53BP1",0.00812979399522549,0.116524742604359,0.134595810131371
"DOP1B",0.00810776831493961,0.117518080885612,0.135659268557361
"CNOT2",0.00810397306500177,0.117689912498375,0.135817355143543
"DIAPH2",0.0081036725977346,0.117703524703938,0.135817355143543
"ACSL3",0.00809967531118941,0.117884733164278,0.1359984326371
"ARFGEF1",0.00807232185798441,0.119130623275865,0.137379168410155
"PRKRA",0.00805895558020525,0.119743169656992,0.138000307252842
"BISPR",0.0080471875527166,0.120284511476252,0.138595669364017
"HPS5",0.00803327005558091,0.120927201941196,0.139278893290693
"ATRX",0.00802174495232801,0.12146144610943,0.139836702910364
"TM9SF3",0.00800605427858969,0.122191749580317,0.140619681405251
"UTP14A",0.00798248626397747,0.123295137536435,0.141831190252941
"NSL1",0.00794660783608361,0.124989781169939,0.14369206985485
"KPNA1",0.00794493135452153,0.125069408199802,0.143754105341082
"DCTN4",0.0079029366797814,0.127076938443145,0.146001627122063
"PTPRA",0.00787614340132568,0.128370820423119,0.147457950203012
"DDX23",0.00786355513944883,0.128982248763246,0.148129910872041
"HDAC5",0.00786275075352461,0.129021395609564,0.148144492990809
"AK2",0.00784790993940496,0.129745306968878,0.148945165880854
"MPPE1",0.00784121016412088,0.130073142691111,0.149290916437072
"DUSP11",0.0078401977595127,0.130122737889269,0.149317241327145
"C5orf56",0.00777466713333104,0.133364246795637,0.152911595967731
"NUP210",0.0077319261894992,0.135511892464318,0.155278664012407
"LTV1",0.0077224716704098,0.135990551508756,0.155795270812138
"BAG5",0.0077106361855266,0.136591591623212,0.156419853748029
"CIZ1",0.0076841247553385,0.13794535546796,0.157905566314336
"CCZ1",0.00768068020639232,0.138122002326637,0.158036953153901
"ATP6V1H",0.00768023626295617,0.138144781760667,0.158036953153901
"ZNF433-AS1",0.00766053108563678,0.139158804300336,0.15913198507272
"TOPBP1",0.00765923036661063,0.139225940008652,0.159176258417731
"LINC00342",0.00762148024233039,0.141185269286771,0.161383406790858
"SEMA4D",0.00761141681877039,0.141711148147634,0.161951467205651
"AL627171.2",0.00755458513881693,0.14470925693606,0.165344053059745
"ZNF100",0.00754627535446474,0.145151675625452,0.165815732241109
"CHTOP",0.00753488856153587,0.145759597841259,0.166476245413722
"TNPO3",0.00750310520450665,0.147466772069617,0.168254510157247
"PMPCA",0.00740054692721186,0.153079762291272,0.174445523620227
"SAFB",0.00732825914780664,0.157132677865897,0.17888213998514
"UBP1",0.00729336555469878,0.159117906786248,0.181105343611009
"CRYBG1",0.00727473605018273,0.160185551382541,0.18217244127789
"TFG",0.00721386082775878,0.163712038405619,0.186031878090865
"CCNG1",0.00719033878513816,0.165090226626193,0.187559910615276
"NOP14",0.00716843613908948,0.166381367418757,0.188988448369998
"OAZ2",0.00715910034857161,0.166934005743254,0.189577730366579
"GAK",0.00713195434753957,0.168548768106597,0.191243854119269
"HEIH",0.00713156780474039,0.168571845703773,0.191243854119269
"ANAPC13",0.00712572027130212,0.168921247781596,0.191601439616184
"AC027644.3",0.00707934096211957,0.171711773052819,0.194650083701407
"NDUFV3",0.00707931612150912,0.171713276837824,0.194650083701407
"TAB2",0.00707503642210563,0.171972505699711,0.194904493003659
"FBXO34",0.00700612096823926,0.176187247780501,0.199640860776571
"TGS1",0.00700302377756028,0.176378458613675,0.199776692961617
"ABHD13",0.00694345790107497,0.180086020737801,0.203811235027768
"UBE2D1",0.00692677211814808,0.181134904311409,0.204956888696607
"ENTR1",0.0069118648500804,0.182075818348461,0.205979935077708
"TRAPPC2B",0.00690296795212944,0.182639095714631,0.206533732101282
"CERS6",0.00690105368427506,0.182760459888212,0.206629256324964
"FAM172A",0.00689868286590605,0.182910852121083,0.206757554536869
"ATXN2",0.00689652282926408,0.183047953307728,0.206870780160732
"SPECC1L",0.006851660822622,0.185912660941824,0.210065929783167
"USP9X",0.00682534564860673,0.18760839119484,0.211939209173517
"CWC25",0.00680496888945071,0.188929277007864,0.213388360661635
"SUMF2",0.00677730311936784,0.190733616642509,0.215339445034205
"SLC38A10",0.00677197970927948,0.191082255708117,0.215689583680203
"RCC2",0.00677064103626898,0.191170001400303,0.215745149676224
"ARID4B",0.00676471918875215,0.19155851508073,0.216140057003861
"FAM193A",0.00676246449390798,0.191706591043972,0.216263568265315
"USP36",0.00671860890950279,0.19460354996423,0.219399050593731
"SLFN5",0.00669962170486963,0.195867698143071,0.220735407907312
"ATG13",0.00669463023502472,0.196201021763506,0.221066570689478
"SMARCE1",0.00667471634980761,0.197534980676652,0.222480077773965
"DCLRE1C",0.00664703438924668,0.199400302779403,0.224490672536168
"C3orf38",0.00663640881209772,0.200119704283593,0.225255318266158
"SNHG17",0.0066182057409142,0.201356538567591,0.226556442851964
"ARAP1",0.0065874876450518,0.20345635097932,0.228827112818308
"AP1G2",0.00654934201448698,0.206086022878362,0.231691652778343
"TMEM156",0.0065470373183071,0.206245690503325,0.231778112461702
"USP1",0.00654495617215007,0.206389947922046,0.231850557460697
"PYROXD1",0.00652679321237359,0.207652048576012,0.233218192114346
"KCTD18",0.00650994091530042,0.208828072480199,0.234491987562469
"DCAF10",0.00649101128934737,0.210154807426444,0.235839927147969
"GPR174",0.00643289354364285,0.214266242623927,0.240261306293616
"UBE2E1",0.00640200466044893,0.216474881940658,0.242640747198244
"HACD4",0.00637908322240334,0.218124385349281,0.244440712753366
"MIATNB",0.00637059103565016,0.218737799012467,0.245079098273421
"IP6K2",0.00633815041077541,0.22109247903896,0.24761827136517
"GPATCH2",0.00631926362988235,0.222471702641629,0.249113156036738
"WASHC1",0.00630614877296165,0.223433043200452,0.25008962329451
"RNF138",0.00630399876363807,0.223590925486407,0.250216338391482
"SLC35E1",0.00629369826374163,0.224348432066582,0.250963764330922
"AC100810.1",0.00622756066491233,0.229255958798443,0.256351093078475
"UNK",0.00621920110735056,0.229881649391439,0.256999424798693
"PDCD7",0.00620832907601103,0.230697207537491,0.257859720498401
"EIF2A",0.00619788701398563,0.231482445787764,0.258685789875751
"PRPF4",0.00616256545032482,0.234152675653574,0.261565444023867
"MCMBP",0.00615035582345037,0.235080751843168,0.262497466322485
"C6orf226",0.00613374856463521,0.236347275643082,0.26370141252528
"CIR1",0.0061062708336868,0.238453399302179,0.265998305017228
"UBE2R2",0.006094725873083,0.239342242208065,0.266883515549944
"NMD3",0.00608450504526973,0.240131088317968,0.267656562322177
"IKZF5",0.00607916952935113,0.240543611927795,0.268063026344524
"GLO1",0.00604433234210457,0.243249375551371,0.271024418632033
"PBX2",0.00604197130699531,0.243433525249827,0.271175651337366
"TTN-AS1",0.00603997123924886,0.243589597800443,0.271295553247222
"CRLF3",0.00599747271342147,0.246922539104472,0.274789020767763
"AP3M1",0.00598324221297245,0.248045670007222,0.275984067880503
"RPS4Y1",0.00596988322927902,0.249103265616309,0.277050713009719
"ALG13",0.00595155219671867,0.250559609616465,0.278615122783764
"CSAD",0.0058600974608897,0.257914168739391,0.286508778085944
"HUWE1",0.00583307603098502,0.260115531321543,0.288749053290682
"PRKCSH",0.00580531476354884,0.262390673999682,0.291077473771483
"TTC9C",0.00580207037149034,0.262657458641993,0.291315727891842
"ACBD5",0.00577404459222153,0.26496980084657,0.293764025047831
"SEC23IP",0.00576865449744819,0.265416128443635,0.294200620505205
"TOPORS",0.00573754432709501,0.268002328073374,0.297008515935688
"FAM102A",0.00573297667517887,0.268383491402479,0.297372094034676
"TANK",0.00570878791777283,0.270408210797814,0.299497011801178
"SELENOM",0.00570297144491222,0.270896636290634,0.299919363483661
"YAF2",0.00567461853994338,0.273286162568965,0.302505098132168
"USF1",0.00567307130710021,0.273416973672584,0.302590094752054
"MED28",0.00567064599021473,0.273622108693019,0.302757295691347
"GANAB",0.00566264817565946,0.274299314837311,0.303446664507956
"ZDHHC5",0.00560925989338932,0.27884923155052,0.308236539552884
"MTA1",0.00560341553755287,0.279350405450529,0.30872960160387
"ANKRD36B",0.00559679107761659,0.279919216080842,0.309201727113178
"NXF1",0.00559651176077408,0.279943216959637,0.309201727113178
"ZCCHC9",0.00556088533847981,0.283015958885075,0.312533987719894
"CRK",0.00555926757433915,0.283156029706341,0.31262702984136
"DDX42",0.00552031670542277,0.286542692507484,0.316116923524604
"UBE4A",0.00551154711430929,0.287308939723721,0.316899836824057
"EXOSC8",0.00549561458425224,0.288704587474575,0.318376529719451
"MGAT1",0.00545438131950809,0.29233769725648,0.322192727731905
"GSK3B",0.00543913524048045,0.293688789426536,0.323618121105259
"WWP2",0.00543536811652626,0.294023272463785,0.323922964018423
"RBM14",0.00542231168890463,0.29518452933857,0.32513835768443
"NSD1",0.00540563135930705,0.296672564849592,0.326584716140442
"PABPC1",0.00538938443006872,0.298126752643366,0.328092480854074
"ZNF394",0.00537683220982942,0.299253498817371,0.329231751497956
"MCFD2",0.00532624567617285,0.303823151655149,0.333996756117858
"CAPRIN1",0.00530951729710838,0.305344428710463,0.33560324670473
"UBXN2A",0.00528588915578278,0.30750176372914,0.33790805937746
"TSC22D2",0.00527508713213284,0.30849138023422,0.338929035051366
"LMAN1",0.0052697412830841,0.308981913036294,0.339401391432885
"NECAP2",0.0052403833547691,0.311684969772168,0.342236329287181
"KPNA4",0.00520716363058965,0.314762336517928,0.345547598360822
"SMARCA5",0.00519408267057884,0.315979575718822,0.346815912914192
"CTNNB1",0.00516976324860002,0.318250804466672,0.349171940414854
"HSD17B11",0.00515261249042616,0.319858954759957,0.350867607835981
"TRIP12",0.00513490616583864,0.321524763930512,0.352556813385826
"RASGEF1B",0.00512212806255483,0.322730439255661,0.353671138773421
"JADE2",0.00507393465467938,0.327304213221757,0.358543105467448
"PPP1R35",0.00507056167094251,0.327625892836724,0.358825308130327
"PNPT1",0.00506667353111364,0.327996957100671,0.359161477364782
"CCDC130",0.0050592049284683,0.328710487053591,0.359872446830955
"ZFAND1",0.00505538275449936,0.329076036124741,0.360202243176602
"VIRMA",0.00505317475302427,0.329287327285715,0.360363094983839
"SCFD1",0.00505049773354555,0.329543618236969,0.360573120872293
"ZNF44",0.0050178530011264,0.332679332023025,0.36393299583222
"TRMT1",0.00501525104684225,0.332930091010384,0.364136192100989
"FUBP3",0.00493795360286631,0.340435124068097,0.372054074127886
"PRNP",0.0049357970886145,0.340646048762702,0.3722119623722
"ICE1",0.00492867409557647,0.341343330348691,0.372901110451145
"LRRC75A",0.00490792973584539,0.343379230582166,0.374978957007353
"DANCR",0.00485734116407461,0.348376557471718,0.380287877294698
"CNOT6L",0.00482972714223208,0.35112377448386,0.383137397405825
"PPP1R21",0.00481882994468577,0.352211663971664,0.384025215087656
"LINC01578",0.00481066764243917,0.353027919321353,0.384840283401887
"ACYP2",0.00480787103567487,0.353307863576182,0.385070508637906
"MRFAP1L1",0.00480615921732439,0.353479288224679,0.38518239170164
"PWWP2B",0.00477876489385347,0.356229756947792,0.387953114653817
"LETMD1",0.00476623991496598,0.357491782828041,0.389176185737582
"RAB2B",0.00474885877234156,0.359247776120338,0.390935844967945
"ZBTB21",0.00472937597787053,0.36122252735086,0.39300842573663
"SERINC3",0.00472446237413785,0.36172163681409,0.393475021906335
"SCLT1",0.00471384530946206,0.362801562244144,0.39449651526489
"GPBP1L1",0.00468498711430381,0.365747088395301,0.397390774413595
"BRD9",0.00466745355180297,0.367543988716308,0.39926568673391
"COG2",0.00463820912978643,0.370553269189813,0.402315016903074
"GNPAT",0.00463808052230388,0.370566536726113,0.402315016903074
"CDK11A",0.00459887908677429,0.37462441480847,0.406641733981055
"HMGCS1",0.00458042324935307,0.376544317872483,0.408409125562311
"PPP2R2D",0.00457421481007277,0.377191524463358,0.409031893227351
"POLG",0.00456837936270801,0.377800472893009,0.409533665313285
"VPS53",0.00455119363058915,0.379597377275825,0.41124272923054
"HPCAL1",0.00450511941013633,0.38444067298015,0.416167802350565
"OTUD5",0.00449146811457993,0.385882916773567,0.417648351081884
"RARS2",0.0044880236497479,0.386247341947337,0.417962009707696
"SYS1",0.00447599960842832,0.387521134266119,0.419178422754834
"YTHDF1",0.00447449827690784,0.387680360648679,0.419269685266123
"CDK17",0.00446197984321658,0.389009577280266,0.42054480647496
"DGLUCY",0.0044356678088524,0.391812436113955,0.423411432505163
"TRIM33",0.00442767169933863,0.39266663402537,0.424170842271186
"TRIM25",0.00441978928968236,0.393509789678168,0.42483583885648
"CABIN1",0.00441814239123324,0.39368609140407,0.424862866596279
"CCDC174",0.00440243560922706,0.39536991627745,0.426597361022924
"TFAM",0.00433094942711556,0.403088322153588,0.434757884148324
"SHLD2",0.00432386055267392,0.403858601242291,0.43542098663293
"LMO2",0.00427416019524986,0.409283756357694,0.441100311595044
"MFNG",0.00426377975317541,0.410422306117733,0.44224227329077
"SENP5",0.00424849769815281,0.412101895707357,0.443795946521228
"HIST1H1C",0.00421290585222978,0.41602941934402,0.447939403642033
"ORAI2",0.00419516492272535,0.417995336386572,0.449959509070982
"PAG1",0.00419452554809991,0.418066289092196,0.449959509070982
"MIA2",0.00417215571974268,0.420553176736721,0.452375329921716
"PRPS1",0.00416114893279665,0.421779999707502,0.453607868349024
"USE1",0.00413915982761262,0.424237192598383,0.456075338914307
"ZNF146",0.00413304390228599,0.424922107075926,0.456723991888747
"FBXW4",0.00411586958490628,0.426848886946402,0.458706948539294
"MED15",0.00411208496424219,0.427274165758227,0.459075887667721
"SPRTN",0.00410321598420617,0.428271741824306,0.460059460291127
"NSMAF",0.00408073141437317,0.430806853653756,0.462693995649988
"RRP8",0.0040796804157181,0.430925565242582,0.462732762830464
"LMF2",0.00405761947666045,0.433421751151761,0.465234808010926
"CDK5RAP1",0.00405257726795706,0.433993446717209,0.465689991889489
"PCID2",0.00404232455638872,0.435157262381569,0.466829309825545
"ZNF626",0.00403641892591474,0.435828444689158,0.467459808254304
"TM2D1",0.00402379787473702,0.437264842318264,0.468910660889259
"KMT2E",0.00402115238356725,0.437566269883124,0.469144080707385
"KPNB1",0.00401806069793853,0.437918688364906,0.469432071489347
"TIAL1",0.00400736622169942,0.439139000495587,0.470560080691751
"LRCH3",0.00397047376767611,0.4433636375825,0.47463297670099
"RPRD2",0.00393533650881122,0.447408786859921,0.478780400306156
"MFSD1",0.00393217065924596,0.447774280372611,0.479079989372874
"DIP2A",0.00392395465402708,0.448723599381378,0.480003987802731
"ARFGEF2",0.00390799165571212,0.450571307409714,0.481563593454748
"NOLC1",0.0038939940694286,0.452195059561801,0.483163778825954
"CAMK1D",0.00387381204865509,0.454542031417419,0.485486254380047
"MAPKAPK5",0.00385937116990627,0.456225568807973,0.48709862960226
"ATG16L2",0.00383018657951126,0.459638628155756,0.490368753581027
"QRICH1",0.00382849710496073,0.459836644431913,0.490418197626106
"SNHG5",0.00382829707938751,0.459860091757242,0.490418197626106
"AIF1",0.003822679724901,0.460518840469593,0.491027227388196
"HGS",0.00378126154464751,0.465392219193682,0.49612901022151
"ZNF350",0.00377019007451101,0.466699757527929,0.49742822871816
"SKAP1",0.00375851650860174,0.468080607967572,0.49871019311896
"CCDC186",0.00374891692448153,0.469217823289409,0.499826745577022
"OMA1",0.00373625882467393,0.470719698797924,0.501331247949643
"NSMCE1",0.0037195557497665,0.472705562216457,0.50335054258068
"STAT5B",0.0037044970359171,0.474499870456011,0.505165134845869
"APOBEC3F",0.0036923024639687,0.475955641170001,0.506618689888478
"PRPF18",0.00368997918406547,0.476233268431368,0.506817886468572
"NGLY1",0.0035802644921771,0.48944448088094,0.520383169592663
"TSC2",0.00355849779999085,0.492088760271826,0.522896821529595
"EXOC7",0.0035502961778382,0.493087100748631,0.523758932541832
"ZNF7",0.00353717516659801,0.494686506414896,0.525258601408499
"MACO1",0.00351960245861201,0.496832894920344,0.527437650577871
"MTF2",0.00351039115592468,0.497959973367829,0.52843384062774
"MYO1C",0.00350452536611396,0.498678409292428,0.529095997432637
"POGK",0.00349513412808828,0.499829784789702,0.530217163751349
"BRIX1",0.00349117638065669,0.500315430965164,0.530631836552904
"CAPN7",0.00346442698262973,0.503604339781554,0.534018914637729
"ATP6V0A2",0.00345823566599934,0.504367201865109,0.534625415905843
"MORC3",0.00345235672552935,0.505092138255443,0.535292538574973
"BIRC6",0.00343205836233123,0.507599357655211,0.53744121025082
"CBWD5",0.00339461734290973,0.512241092659292,0.542253328290435
"TRAK2",0.00335912498992151,0.516661593371486,0.5465196571244
"WAC-AS1",0.00330516593941941,0.523419757339323,0.553354862374018
"GPALPP1",0.0032946158656432,0.524746394686453,0.554548029554495
"MFSD14A",0.00329349765880676,0.524887106398023,0.554592092611833
"GRAMD1A",0.00328345377890721,0.526151862802599,0.555718759863729
"MED6",0.00327928972587398,0.526676669508624,0.556168179848756
"ABCB7",0.0032410277436481,0.531511408385151,0.560956359217115
"KIAA0040",0.00320804292117379,0.535697313514167,0.565054736910141
"ITM2C",0.00320150069675738,0.53652951681751,0.565770954286448
"PSMD12",0.0031142882344737,0.547685123176154,0.577156044197486
"XIAP",0.00308762281837261,0.551118725648127,0.580554914420101
"HSD17B12",0.00308682674637446,0.551221395266219,0.580554914420101
"KRI1",0.0030738413547647,0.552897451241351,0.582101245188498
"APOBEC3D",0.00306501152793953,0.554038563997441,0.583193008259663
"ARHGEF1",0.00303162077818606,0.558364173079927,0.587525405489512
"CTCF",0.0030291437476469,0.558685713219906,0.587753320763466
"MLLT6",0.00301231798058681,0.560872221999535,0.589942782238384
"HIPK3",0.00301121860598065,0.561015229803722,0.589982407459754
"AKAP11",0.00297272373864269,0.566033777993896,0.594924974768965
"ODF3B",0.00296941194611741,0.566466538696155,0.595268120682395
"SPAG9",0.00296821402186633,0.566623113706821,0.595320964147797
"RRP7A",0.00289663884266203,0.576015824504831,0.604735638810039
"IFIH1",0.00289004680225711,0.576884571650708,0.605534198990933
"GGA3",0.00288027998375997,0.578172848297748,0.606772741861661
"G3BP1",0.00287211989677776,0.579250227905952,0.607789532877714
"NFX1",0.00287043331337471,0.579473025665255,0.607909424377429
"UGGT1",0.00286342244228913,0.580399592830961,0.608653458050218
"SGK1",0.00284326752553659,0.583067155116933,0.611294066867756
"DAZAP2",0.00283730206910252,0.583857795879784,0.611936286437626
"GON4L",0.00283129882178171,0.584653948967621,0.612656083848016
"CNOT7",0.00280004220071486,0.588807349158202,0.616662296678214
"REV1",0.00279240622873602,0.589824088664071,0.617496209459339
"SLC35C2",0.00271827315473249,0.59973678099941,0.627527596857319
"TRA2B",0.00271823389377006,0.599742050701166,0.627527596857319
"ZNF226",0.00271723471668809,0.599876169730194,0.62755069605133
"SLC25A36",0.00270572275296883,0.601422392778906,0.628933312538209
"MED19",0.00270391348672906,0.601665566831442,0.62907015863784
"YPEL1",0.00269812542789301,0.60244380739413,0.629766286900807
"DRAM2",0.00269252150967862,0.603197720809597,0.630436729661234
"ZMYND8",0.00264115160220581,0.610128361411497,0.637561371691379
"PPP3R1",0.00262198276311412,0.612723579536008,0.64015384610729
"PBRM1",0.00262046121502085,0.612929786675968,0.640249857361451
"ZNF639",0.00261676297159086,0.61343111723396,0.640654053258887
"RNF170",0.0025836313418082,0.617930456044434,0.644783260525878
"EPC2",0.00257501791394524,0.619102536320575,0.645854592276316
"FAM118A",0.00256610337474511,0.620316611260198,0.646880160057414
"RPP38",0.00255364326566439,0.622015293478479,0.648410135636136
"TM9SF4",0.00254097582722364,0.623744306968018,0.649986062657682
"SLC30A9",0.00254086703259223,0.62375916564632,0.649986062657682
"BLOC1S5",0.00251796580752568,0.626890311186755,0.653005883012277
"PHF12",0.00250737874465166,0.628340095817624,0.654394361598087
"UBAP2L",0.00243783856360874,0.637898331611516,0.663608572688727
"KIAA0586",0.00242472046622759,0.639708235109264,0.665244304650387
"OXR1",0.00240239477848035,0.642793440609461,0.668328580073063
"PPAN",0.00231343285971397,0.655148024229516,0.680542300391231
"RB1",0.00231034328899932,0.655578814370001,0.680863515536135
"FAF2",0.00229785675373753,0.657321024041202,0.682419843494861
"SFXN1",0.00224512086581459,0.664699571770165,0.68944116694161
"HDAC2",0.00223973395752026,0.665455128959127,0.689969303461694
"EIF4A2",0.00222013309241777,0.668207170676065,0.692566314388719
"CCND2",0.00216553232392196,0.675896793514885,0.700147575453463
"TAF2",0.00209488414948904,0.685896725740267,0.71011230330337
"SIPA1L1",0.00208012241594735,0.68799322067627,0.712151178896283
"AIMP1",0.00205047879062822,0.692210511862173,0.71611951919838
"R3HDM2",0.00202436532176123,0.695933508103645,0.719838149379227
"REPIN1",0.00200399147491941,0.698843309578757,0.722447651707386
"EP300",0.00193787419695102,0.708316531697695,0.73156571898189
"EFTUD2",0.00193419500439728,0.708845027109805,0.731976584963499
"CASC4",0.00192336619435814,0.710401337676702,0.733299175752959
"GAR1",0.00192255068835348,0.71051859075367,0.733299175752959
"CERT1",0.00192020886961518,0.710855334449582,0.733511556420801
"MAP3K12",0.00191126334641335,0.71214218216374,0.734568759171107
"HPS3",0.00190307183620569,0.713321281755207,0.735649511896688
"RAB27A",0.00190089338706314,0.713634966798308,0.735837527436915
"ZYG11B",0.00188530723710813,0.715880698660938,0.737745684121419
"CDYL",0.00187629603346132,0.717180202518023,0.738948917274364
"PI4KB",0.00186479235978628,0.718840334819248,0.740250912910941
"PAXX",0.00185976185423021,0.719566721019523,0.740862721402637
"MAGOHB",0.00178530413795078,0.730347436931057,0.751134042278892
"GTF2A1",0.00176977501763808,0.732602708057273,0.753315176763134
"ROCK2",0.0017643908836295,0.733385178341138,0.753842977406628
"FIG4",0.00175075591124837,0.735367971527995,0.75560374399712
"GOLGB1",0.00174778579157902,0.73580011985817,0.755909110661337
"ELOVL5",0.00173238707548822,0.738041949592597,0.757934169356094
"DELE1",0.00171037739641324,0.741250106790206,0.761089248053519
"PNPLA2",0.00168593767809892,0.744817744750084,0.764472088756683
"CBX5",0.00168434603922393,0.745050278424329,0.764570650321486
"HACD2",0.0016478605995628,0.750387023342944,0.769483287759764
"STK38",0.00163998562371518,0.751540479295933,0.770525027372601
"UBA6",0.00162398454003629,0.753885882738659,0.77264681229995
"TOB2",0.00156955187217703,0.761881395922086,0.780127550010896
"WDR33",0.00156266306230041,0.762895114760751,0.781022763256254
"ALOX12-AS1",0.00150905808668615,0.770797096039547,0.788824143050887
"PNKP",0.00150435005315568,0.771492264593458,0.789247155066294
"ILF3",0.00146029348376413,0.778006296224205,0.795475221823982
"APTX",0.00142851358728891,0.782714880584216,0.800143465258659
"N4BP2",0.00136789042473078,0.791718925567712,0.809052673253923
"LINC00667",0.00136159051560478,0.792656236819272,0.809862747614874
"VCPIP1",0.00134658015965731,0.794890708556717,0.811997603251171
"FAR1",0.00134296767620245,0.79542872215257,0.812399028587991
"ZNF720",0.00131498861189926,0.799598970123078,0.816509358552299
"RBBP6",0.00128761978570591,0.80368379993894,0.8202210912068
"MCCC2",0.00128166836653952,0.804572770634583,0.82084008894796
"PURB",0.00126055571803475,0.807728423707689,0.82375945032534
"ZC3H4",0.00124630081586582,0.809860841130381,0.82578382872224
"DKC1",0.0012287650460231,0.812485985460841,0.828309793332029
"DCP2",0.00121836117686695,0.814044466773348,0.829596626345983
"SEC22B",0.00120095317810158,0.816653798365062,0.831801768438391
"TRPS1",0.00119507915456277,0.817534731821126,0.832245007802641
"DDIT4",0.00118833165434311,0.818546945891625,0.832972646064497
"ABHD10",0.00118605175410309,0.818889029473515,0.833169383121009
"CMSS1",0.00116975924835534,0.821334609309893,0.835202459467086
"SSR1",0.00115746008270284,0.823181922733247,0.836625285652135
"PARP12",0.00112830710343331,0.827564547680728,0.840926892518099
"ZNF267",0.00109987276723749,0.831844317478039,0.844969173412132
"GNA13",0.00109735542038341,0.832223456092404,0.845201011346066
"SVIP",0.00109033701206847,0.833280707228342,0.845967961063249
"TTF1",0.00107875560212763,0.835025986221733,0.847586181375123
"HEATR5B",0.00106054614306007,0.837771730111784,0.850219144837127
"METTL21A",0.00100423943963078,0.846274394981085,0.858381544058142
"RAD1",0.000999828377881909,0.846941263133578,0.85890241079326
"CBWD3",0.000988175291120635,0.84870351302204,0.860533739398343
"AEBP2",0.000923564149507084,0.858487886505312,0.869824647669366
"ING3",0.00091421805554817,0.859905048376892,0.870945420607409
"KIN",0.000850018418651958,0.869651695053865,0.880339624796078
"TRIM52-AS1",0.000831165629680174,0.872517718028831,0.882762236033143
"PHACTR1",0.000815072936541055,0.874965473955712,0.884919035685436
"SMAGP",0.000806527747827454,0.876265715552332,0.886074069833654
"CNOT8",0.000770867044094333,0.881695437985995,0.891242762707013
"SOD2",0.000761140700668193,0.883177354114403,0.892425499155308
"MARK3",0.000761095965191211,0.883184171008369,0.892425499155308
"SMIM7",0.000750930726844283,0.884733396531117,0.893829681452162
"SEC16A",0.000724655074643006,0.888739945580497,0.897553630579943
"SLC9A9",0.00070569004209705,0.89163353397907,0.900313579198985
"MARCH7",0.000655177106037925,0.899347481489215,0.90761175564344
"MSH3",0.00065254851076415,0.899749167210874,0.907853555314017
"TXLNG",0.000631951166983422,0.902897607229256,0.910702232683425
"FRA10AC1",0.000555343176708152,0.914620661418602,0.921862574159725
"C12orf65",0.000526825799544412,0.918989463207497,0.926099313318674
"ZNF429",0.000518714814425687,0.920232501602405,0.927185148673336
"NBN",0.000506300030733182,0.922135489485149,0.928935409461568
"CBL",0.000486921691083513,0.925106766225494,0.931470965393117
"KIAA0355",0.000486630659857748,0.925151398050689,0.931470965393117
"SNRNP48",0.00043980854635993,0.932334891714306,0.938029051282886
"LIN7C",0.000404395985046306,0.937771615419489,0.942990811124696
"C1orf131",0.000373392592890533,0.942533811636838,0.947445844106109
"ASXL2",0.000373350334188391,0.942540304116986,0.947445844106109
"PHF20L1",0.000317304418936031,0.951154196587718,0.955933008269838
"PRKRIP1",0.00030970306929057,0.952322936669082,0.956764263369243
"TMEM33",0.000288117395945491,0.955642377127168,0.959754877943208
"ZCCHC3",0.00021628107181792,0.966694572625503,0.970426200006904
"MAX",0.000215675630298411,0.96678775147983,0.970426200006904
"TRAF3IP3",0.000211038782727675,0.967501388018973,0.970942197653385
"ATXN7",0.000210082830367958,0.967648517639921,0.970942197653385
"COIL",0.000186036924661677,0.971349746645384,0.974132485400321
"FAM199X",0.000165208049461186,0.974556300854874,0.97699836067445
"HECA",0.000157956509069989,0.975672756851726,0.977942575362655
"NSUN2",0.000149173336598116,0.97702508840902,0.979122834170499
"USP47",0.000135295404159356,0.979161985395381,0.981088779999915
"PJA2",0.000131724757912308,0.97971181134545,0.981464112921815
"SCAF8",0.000120782169687739,0.98139686466413,0.982800614872839
"ANKRD28",8.27050615302964e-05,0.987260971525387,0.988319696427827
"CBLL1",7.59203655062305e-05,0.988305937444527,0.989188984207791
"ZCCHC8",6.82574880013484e-05,0.989486183227949,0.990016454494416
"CEP350",2.25389834361628e-05,0.996528192595859,0.996706144058823
"KBTBD2",2.05482446113994e-05,0.996834835697217,0.996834835697217
"POGZ",-3.07874902860672e-05,0.995257641277711,0.995613153919711
"CMTM7",-6.86970378030711e-05,0.989418482582243,0.990016454494416
"HNRNPL",-0.000115114769790528,0.982269622829611,0.983498776808841
"ARID4A",-0.000126647723637252,0.980493614982606,0.982071662646204
"ZNF22",-0.000177155621368222,0.972716947871784,0.975328969751139
"CASC3",-0.000202100814513142,0.968877063801465,0.971826725349571
"ANKLE2",-0.000207244029692618,0.968085440933607,0.971206619141883
"PSIP1",-0.000255547267173821,0.960652442917808,0.964613541194451
"SMARCAD1",-0.000288782705442695,0.955540054180129,0.959754877943208
"FEZ2",-0.000311686163068649,0.952018017514341,0.956629514908114
"FYN",-0.000408815846577345,0.937092891207424,0.942477515470064
"FOXO3",-0.00041689657657968,0.935852114039701,0.941398651353514
"CTBS",-0.000441977893133537,0.93200194211049,0.937862536428468
"PDXK",-0.000460491893636252,0.929160918116454,0.935171662600226
"SNHG3",-0.000481469653722199,0.925942916121113,0.932100336663256
"MARS",-0.000488088476998658,0.924927833206794,0.931470965393117
"RABEP1",-0.000562547718040141,0.913517343677321,0.920916242249221
"FBXO28",-0.000585414610353336,0.910016576402878,0.917552267224576
"MITD1",-0.000604087194905474,0.907159221430466,0.914835937924387
"CEP57",-0.000648355974497914,0.900389897852184,0.908336422527032
"AC027097.1",-0.000668199693374847,0.897357832219137,0.905767024375453
"RAD21",-0.000697304982676967,0.892913346283948,0.901443340399494
"UBAC2",-0.000747470633347939,0.885260830333977,0.894201246294067
"EBPL",-0.000804984306040814,0.876500602395197,0.886151601807852
"MAN1A2",-0.000820019036207744,0.874213026117584,0.884317709822031
"RHOT2",-0.00084518991239691,0.87038556867156,0.880764149978213
"ORC3",-0.000846041292347873,0.870256161257164,0.880764149978213
"CEP170",-0.000852515723536746,0.869272179399448,0.880114511355081
"FEM1B",-0.000857372376776681,0.868534199656865,0.879526315725565
"CHERP",-0.00092163511856238,0.858780351099272,0.869963600381085
"MLH1",-0.00094160217500052,0.855754047098463,0.867211582739006
"POLK",-0.000956711524999091,0.853465407264039,0.865048813985863
"MAT2B",-0.000959013163384339,0.853116881767761,0.864852064213797
"RAD23B",-0.00102892938332294,0.842543793538386,0.854752361457797
"R3HDM4",-0.00104960251600716,0.839422836461388,0.851740454170333
"DIDO1",-0.00109632959288683,0.832377967580546,0.845204676653125
"SPTLC2",-0.00112708894405566,0.827747793916737,0.840960528519434
"POLR2B",-0.00116267929233609,0.822397886153189,0.835980137993468
"PPM1B",-0.00116350787348345,0.822273431884595,0.835980137993468
"SLC25A32",-0.00117370004105313,0.820742918059185,0.834752330497457
"METTL14",-0.0011830053935312,0.819346169033628,0.833483089857855
"HIST1H1D",-0.00119142684869451,0.81808258823938,0.832651385922
"LSG1",-0.0011987906052933,0.816978094794144,0.831829541709144
"GTPBP4",-0.00119934825334849,0.8168944676622,0.831829541709144
"ARL11",-0.00120823521152136,0.815562025807017,0.830840834220644
"CRTC2",-0.00120963988417299,0.815351468736464,0.830777437946686
"ATF6",-0.00122443144097631,0.81313506201153,0.828820651924764
"PRPF8",-0.00126197788647025,0.807515756944369,0.823692543188019
"ARHGAP12",-0.001286710543013,0.803819598220697,0.8202210912068
"HEBP2",-0.0012986484652465,0.802037104613963,0.818700532703263
"HEXA",-0.001310239682293,0.800307363896239,0.817083766894429
"VTI1A",-0.00142081941831758,0.783856071913495,0.801163842844432
"RELCH",-0.00149584784369564,0.772748129912012,0.790243249157783
"ZNF581",-0.00149917420553994,0.772256720379648,0.789884932586999
"QTRT2",-0.00150688514280658,0.77111792101316,0.789008307562059
"CEP192",-0.00153501963608023,0.766967041992431,0.785047953618349
"ZNF592",-0.00156980935289807,0.761843514402987,0.780127550010896
"TRIM38",-0.00157784150183525,0.760662081833978,0.779163921059274
"CRYZL1",-0.0015871201499288,0.759297998864799,0.777908924756126
"YME1L1",-0.00159041066732227,0.758814429222256,0.777555729614682
"OARD1",-0.00162600961393081,0.753588925864869,0.77248381657561
"SNHG9",-0.00165580328239435,0.749224215215239,0.768431574697043
"RPL7L1",-0.00165791885322054,0.748914591812755,0.768254693909018
"ERGIC2",-0.00167074718653778,0.747037975371912,0.766469994515128
"WDR70",-0.00168697733156157,0.744665867046312,0.764456290565688
"DHX38",-0.00174090164061015,0.736802075652307,0.756799637947656
"TGIF2",-0.00175463999146783,0.734802969572344,0.755161730747651
"PURA",-0.00176550904032206,0.733222655035676,0.753814260435907
"POLR3C",-0.00178785055354865,0.729977846562355,0.75089181241428
"SLC25A46",-0.00180981938327224,0.72679187182034,0.747751887227356
"RASAL3",-0.00183927780719068,0.722527150376571,0.743500747613297
"PNRC1",-0.00184025711957068,0.722385521566902,0.743491603509044
"VPS8",-0.00185529154154621,0.720212430053969,0.74139125541854
"SLC2A6",-0.00186774398061354,0.718414249963215,0.73994818206031
"YIPF5",-0.00186953413606063,0.718155872507586,0.739818105925141
"TBC1D23",-0.00189340081933937,0.714714225863961,0.73667912754215
"ADARB1",-0.00189997484954991,0.713767245808643,0.735838458268767
"NCBP2",-0.00191142567487884,0.712118823276191,0.734568759171107
"TAZ",-0.00192336940421417,0.710400876178624,0.733299175752959
"NF1",-0.00195809664127791,0.705414203816115,0.728702500105876
"AC008875.3",-0.00196563759148688,0.704333019199363,0.727719837767134
"DNM2",-0.00199168158826438,0.700603562721239,0.72400010236193
"CERS5",-0.00199702556188361,0.699839202673339,0.723343674879751
"ANKRD11",-0.00201761799308814,0.69689667135677,0.720568258495342
"SART3",-0.0020189593505565,0.696705157168147,0.720503246916321
"PPP4R3B",-0.0020750504730978,0.688714104348379,0.712633973481483
"NEMF",-0.00207866228900434,0.688200721923521,0.712234339152558
"MON1B",-0.00215044359813296,0.678027812323394,0.702095355301041
"AGL",-0.00215221111238175,0.677778048201452,0.701966502954203
"ZC3HAV1",-0.00217156029231727,0.675046172519417,0.699395784735711
"MGRN1",-0.00218276696957502,0.673465874918994,0.697887579171375
"VPS13D",-0.00223192015609883,0.666551681189937,0.69097833913471
"DTWD1",-0.00224185608441085,0.665157443001465,0.689788342575672
"PHKB",-0.00225728729322841,0.662994386441282,0.687799881173851
"FAM13B",-0.00226359006451894,0.66211170712673,0.687011424901225
"ARID1A",-0.0022941697147981,0.657835822609777,0.682701212235939
"SLC25A42",-0.00229601310314824,0.657578421330412,0.682560551866501
"ENTPD1-AS1",-0.00230129259548945,0.656841444879315,0.682048374632749
"MDN1",-0.00232602470870702,0.653393484743519,0.678845651650612
"KHSRP",-0.00232655522275015,0.653319605249822,0.678845651650612
"KANSL2",-0.00237286835729228,0.646883195055378,0.672331188625937
"GRASP",-0.00237619326680725,0.646422120017923,0.671976669305936
"C19orf48",-0.00243635144404957,0.638103401274439,0.663698635197425
"CDKN2AIP",-0.00243794100036556,0.637884206886653,0.663608572688727
"NFKB1",-0.00243911322458545,0.637722581448753,0.663608572688727
"WDR43",-0.00244735150451161,0.636587179486042,0.662613787827787
"IGLC1",-0.00247839167813491,0.63231689310088,0.658291248746846
"RBM28",-0.00249095474150938,0.630592024986615,0.656617574261021
"PMM2",-0.00252776893401233,0.625549161842694,0.651730069843923
"PMS2",-0.00255709380685413,0.621544680314718,0.648040162777873
"IGF2R",-0.00257413139950477,0.619223224659464,0.645860201362692
"MTHFD2L",-0.0025834107506544,0.617960461078899,0.644783260525878
"DYNLT3",-0.00259198938087017,0.616794056931275,0.643806096323531
"KDM5A",-0.00260506985911401,0.615017414025139,0.642071302135098
"RAB3GAP1",-0.0026106343583029,0.614262304625693,0.641402529494501
"IRF3",-0.00270609885936447,0.601371847845825,0.628933312538209
"SYNC",-0.00273210543306937,0.597881485132277,0.625814651135467
"XPO6",-0.00279726627396632,0.589176873770205,0.616933944660108
"CDK5RAP3",-0.00281723678860375,0.586520835093362,0.614382494362805
"HEXD",-0.0028184587791504,0.586358493129604,0.614327332588648
"COMMD3",-0.00284274865804951,0.583135904173258,0.611294066867756
"ZNF195",-0.0028650402160455,0.580185723848349,0.608543115969026
"ARMC8",-0.00290027195745801,0.575537290256999,0.604346524696185
"MAPKAPK5-AS1",-0.00293457019648915,0.571028993195281,0.599724993603369
"TLR6",-0.00295049157628861,0.568941952014797,0.597645137515918
"EBAG9",-0.00297282028761493,0.566021164064975,0.594924974768965
"ARHGAP17",-0.00299695295541888,0.562872519110835,0.591824475228043
"DENND5B",-0.00304477121373845,0.556658640004507,0.585840857321541
"IPO8",-0.00307894204358185,0.552238795032951,0.581517106783147
"SEL1L",-0.00309551839567112,0.550100940403657,0.579592807976087
"NSRP1",-0.00315632820821396,0.54229337169765,0.571581703966605
"TFDP2",-0.00318910380090293,0.538108245081266,0.567277297327342
"EIF3B",-0.00320111700263798,0.536578344790146,0.565770954286448
"KDM5C",-0.00321644377620204,0.534629637563177,0.564034771141713
"PEX1",-0.00322660034408961,0.533340260893506,0.562780482529112
"HERC3",-0.00325217553965956,0.53010046685494,0.559572694092446
"TMX3",-0.00326547642835566,0.528419508114789,0.557903424118932
"TUT7",-0.00328658157033719,0.5257578347315,0.555407324091123
"HIPK2",-0.00329467041398337,0.524739530985136,0.554548029554495
"YTHDC2",-0.00332916231176093,0.520408713189969,0.550275477171421
"AP1B1",-0.0033476154074819,0.518099321325257,0.547936989943875
"BTBD7",-0.0033868177482793,0.513210822603405,0.542972009331635
"AREG",-0.00339080600256841,0.512714840289678,0.542549748812108
"OSBP",-0.00339185778297547,0.512584081722054,0.542513877877026
"CLK1",-0.00343230428729964,0.507568942369542,0.53744121025082
"CDS2",-0.00343565841863007,0.507154208683625,0.537172980869324
"FAM120AOS",-0.00344633655885393,0.505835057841581,0.535877087000321
"ZNF254",-0.00345009517589698,0.505371157703828,0.535486919087995
"C5orf24",-0.00346156134621203,0.503957352970333,0.53429209426213
"BTBD2",-0.00351527761076721,0.497361906156395,0.527899192037515
"ZNF148",-0.00353979348111071,0.494367121660195,0.525019008042994
"FBXW11",-0.00355342360209106,0.492706287847851,0.523453702245033
"FKBP11",-0.00356648819198054,0.491117175486918,0.521963434516551
"AGGF1",-0.00357806337848494,0.48971153026648,0.520568282600599
"TTC17",-0.00359150720896273,0.488081685806523,0.51903275530707
"AARSD1",-0.00363817661400159,0.482446562567248,0.513137713053391
"ZFC3H1",-0.00365598756575392,0.480305328447175,0.510957292427849
"EIF2AK4",-0.00367480990856385,0.478048145699477,0.508652671744447
"ACBD3",-0.00376557099764351,0.467245871533543,0.497915549174158
"RBM48",-0.00383876629326861,0.458633772806952,0.489389933604828
"CELF2",-0.00384878285702911,0.457462193436294,0.488232802103026
"UBQLN2",-0.00385146681338736,0.45714855229524,0.487991050391774
"MAPKAPK2",-0.00386941813663154,0.45505390882518,0.4859403133136
"CSNK1D",-0.00387547186452375,0.454348752374204,0.485372374985298
"LGALS8",-0.00390764516663723,0.450611461042016,0.481563593454748
"NHLRC2",-0.00390983410585907,0.450357825145683,0.481476270021182
"NUAK2",-0.00391551525166536,0.449699919126381,0.48086469015404
"PPP3CA",-0.00391672200001797,0.449560241628979,0.480807124950145
"COG3",-0.00396633685383806,0.443838808467978,0.475050863028692
"ANKRD36",-0.00398503077150768,0.441693915449991,0.472935886147084
"ZRANB1",-0.00398933960654719,0.441200373490002,0.472497761360898
"RAF1",-0.00399591297845837,0.440448056235911,0.471782283988781
"DCAF5",-0.00399810290681171,0.440197584101286,0.471604182966967
"GTPBP10",-0.00401376212791779,0.438408949708432,0.469867686053755
"ECD",-0.00405241283819436,0.434012097422448,0.465689991889489
"EPC1",-0.00407544493902675,0.431404159802403,0.463157887493436
"SNHG12",-0.00414318739866041,0.423786502889534,0.455678288094506
"DPP8",-0.00417385460392385,0.420364004948772,0.452258699907428
"NPRL3",-0.00417541435902638,0.420190369282238,0.452158743198812
"SUCO",-0.00425250518625991,0.411661054889154,0.443406455468106
"C11orf54",-0.00425643557918785,0.411228966752958,0.443026244043723
"SNHG16",-0.00428089512425643,0.408546060586073,0.440390008726443
"TRPC4AP",-0.00432804461369842,0.403403853496362,0.435014436548542
"PI4KA",-0.00438041316702954,0.397738119178847,0.429069954838352
"KATNBL1",-0.0044181382561775,0.3936865341251,0.424862866596279
"SULF2",-0.00442147991394638,0.393328856813489,0.424722368809013
"PTPRC",-0.00442540495589556,0.39290898792969,0.424350798571961
"WDR74",-0.00442877145612119,0.392549083742745,0.424125659344737
"MIOS",-0.00443783084828003,0.391581559658919,0.423243596227249
"TTC7A",-0.00447035005715858,0.388120514727335,0.419664672391468
"SLC16A1-AS1",-0.00448160410180564,0.386927092038248,0.418616697412831
"CLCN3",-0.00451391684464425,0.383512983549188,0.415243808401122
"NFATC1",-0.00453354550622889,0.381448087748077,0.413087923332749
"VAMP4",-0.00453476243113094,0.381320294695816,0.413029389013975
"PTBP3",-0.00455520659690419,0.379177320259432,0.410867125318839
"EHMT1",-0.00456416003100015,0.378241151338642,0.409932021797162
"DPH5",-0.00457018383832056,0.377612105175314,0.409408711011795
"C12orf45",-0.00458249131225254,0.376328882255197,0.408254516659182
"SLC20A1",-0.00458820794337004,0.375733761407655,0.407687872461115
"RPAIN",-0.00459175792912764,0.375364488405885,0.407366111133765
"CRBN",-0.00465892442470283,0.368420067976858,0.400139771327978
"VCPKMT",-0.00468633755732124,0.365608918083123,0.397317724133406
"ROCK1",-0.00469721214613483,0.364497474520507,0.396186756217613
"HLA-DOA",-0.00470313526547987,0.363892987929161,0.395606487847677
"TOMM70",-0.00472308901165422,0.361861216200925,0.39355042173619
"TOP2B",-0.0047558325594566,0.358542573791829,0.390244258804515
"GFM1",-0.00477358981570607,0.356750860689724,0.388445095397189
"IST1",-0.00478645422651108,0.355456367338985,0.387186136418836
"TAOK1",-0.00478658816619377,0.355442905139431,0.387186136418836
"REXO4",-0.00482203118202893,0.351891856802729,0.383751224679145
"PPWD1",-0.00482489361407657,0.351606052425389,0.383514216092425
"CERS4",-0.00482583684031776,0.351511906619611,0.383486207436003
"RSF1",-0.00483880279229112,0.350219360867599,0.382224988351408
"MTREX",-0.00486594625990341,0.347523267450693,0.379430374462248
"DDI2",-0.00492685822396089,0.341521235068225,0.373022706243589
"GATAD1",-0.004989558002001,0.335412764045371,0.366636785991046
"ASCC3",-0.00499846588981941,0.334550663954255,0.365765814719458
"CCAR1",-0.00501075682145209,0.333363501773116,0.364539042059981
"LARP4",-0.00512052460045153,0.322881941538242,0.353767948856748
"NUTM2B-AS1",-0.00512621111134727,0.322344863880544,0.353317726535211
"HBS1L",-0.00512862827967057,0.322116744615822,0.353136795183641
"CUX1",-0.00514201667060518,0.320855128959786,0.351891438673146
"FAM78A",-0.00517874632527062,0.317410618488479,0.348318353086593
"CCNC",-0.00526275525002357,0.309623725127518,0.340039702831221
"NUP98",-0.00532683179073704,0.303769941911365,0.333996756117858
"C1orf56",-0.00533650626337544,0.302892550394825,0.333104491412019
"SLC30A7",-0.0053442506882575,0.3021914131029,0.332398685151089
"CCDC6",-0.00538902042863308,0.298159387171441,0.328092480854074
"ZMYM4",-0.00541368158864041,0.295953786659342,0.325857511122268
"SPG11",-0.00541684122242893,0.295671992263097,0.325611252195361
"TNKS2",-0.00547880642330481,0.290181883090333,0.319879694388694
"CSNK1G1",-0.00549120014615708,0.289092087666548,0.318741099019751
"TP53",-0.0055278914813604,0.285881954659468,0.315450123728857
"DARS",-0.00553579697636546,0.285193467414457,0.314752435662734
"CWC22",-0.00555090900697053,0.283880487420238,0.313365118257933
"SDCCAG8",-0.00559793755860888,0.279820716973636,0.309188367679884
"AKAP17A",-0.0056141328828322,0.278431823561335,0.307835894940196
"KAT8",-0.00561833637309861,0.278072104917806,0.307498886405653
"THAP9-AS1",-0.00565462979091362,0.274979411194259,0.304138957760475
"CHD8",-0.00570492279208669,0.270732708867518,0.299797133722216
"CSTF2T",-0.00571462371811378,0.269918769417413,0.299014048161972
"PHTF2",-0.00577453783631636,0.264928983538578,0.293764025047831
"FAM200B",-0.00581918950522053,0.261251873225276,0.289871581207364
"RRN3",-0.00583055442343085,0.260321621238833,0.288896651586825
"VPS41",-0.00583281244385931,0.260137068899264,0.288749053290682
"PRR12",-0.00584172740457804,0.259409316649808,0.288055428738219
"FBXL3",-0.00585039008255346,0.25870351077737,0.287328646413653
"NUP214",-0.00588836148489766,0.255625435764709,0.284022627597329
"ATAD1",-0.00589086991038633,0.255422995303642,0.283854007280892
"RAP1GDS1",-0.0059464047721872,0.250969623412977,0.278960281948022
"ACBD6",-0.00595009775126829,0.250675414822921,0.278688566578639
"SRCAP",-0.00597523897636707,0.248678887259543,0.276633653930625
"NT5C2",-0.00600226333194891,0.246545246006788,0.274423673069161
"RABGGTB",-0.00601098478444705,0.245859411051797,0.273714681236557
"CSGALNACT2",-0.00601441627253644,0.245589933748132,0.273469029607016
"ATF4",-0.00608924770513993,0.239764821056628,0.267301505322089
"STIM1",-0.00609748551086311,0.239129566346924,0.266699462586444
"WDR26",-0.00614020318525397,0.235854453147691,0.263203983279581
"MTO1",-0.00614748931852971,0.235299017096255,0.262636467667621
"FUS",-0.00614849715980599,0.23522226035315,0.262603125421167
"RNF111",-0.00615529186863218,0.234705240871032,0.262130419565035
"USP28",-0.00618786942786898,0.232237545917345,0.259477856509684
"NRDE2",-0.00628321965439876,0.225120917246206,0.251777607327476
"PTDSS1",-0.00629953883003016,0.223918687535261,0.250533074088094
"RNF41",-0.00631445814981276,0.22282360791547,0.249457331188196
"CNOT4",-0.00635835508936238,0.219623811921683,0.24602259411467
"RNF216",-0.00641149266572962,0.21579472711609,0.241926794751245
"DNAJC24",-0.00644410719311439,0.21346847027941,0.23941467802062
"SRSF6",-0.00646658068533739,0.211876096420314,0.237676350100176
"LINC01781",-0.00647268696923022,0.211444918505956,0.237240182001575
"FANCF",-0.00649584015849255,0.209815784649458,0.235506655274873
"DNAJA3",-0.0065077449090709,0.208981673694874,0.234617429217276
"SLC25A26",-0.00654491295968792,0.20639294402768,0.231850557460697
"WDR48",-0.00654831874142048,0.206156903384714,0.231724827585347
"ANKRD36C",-0.00656737281668571,0.204839960371711,0.230337004224443
"RAB5A",-0.0066087713121496,0.201999763956817,0.227234520570824
"AKT3",-0.00662668026112341,0.200780033051588,0.22595317764154
"AC008105.3",-0.00666879866899618,0.19793266088653,0.222883159152685
"HAUS3",-0.00667743206432188,0.197352674986412,0.222319455470413
"OTUD4",-0.00670894385300029,0.195246289292192,0.220079385454934
"COMMD2",-0.00672713709560883,0.194037704397986,0.218805150459657
"COQ7",-0.00673723224239477,0.193369452951335,0.218095510668633
"FRYL",-0.00678270316287194,0.190380437377409,0.214984038256223
"ZNF276",-0.00690555779668182,0.182474995232719,0.206389832047346
"TASOR",-0.00697865028878952,0.177888602581475,0.201365008702272
"ATP8A1",-0.00699140274219534,0.177097283952862,0.200509781164338
"PRKAA1",-0.00699996109943742,0.17656769081063,0.19995059365757
"MBTD1",-0.00700511193449624,0.176249525377834,0.199671033908019
"MED13",-0.00708315665183628,0.171480898284247,0.194465379892705
"ITGB3BP",-0.00713309224487305,0.168480846478549,0.191218079255593
"SIN3A",-0.00714349668079744,0.167860753153724,0.190552914149576
"DNAJB9",-0.0071490943944383,0.167527845215919,0.190213553832224
"GNL3L",-0.00724039635851308,0.162167714038175,0.184314400634703
"ATXN2L",-0.00724327383375504,0.162000912617889,0.184162190292834
"NOC2L",-0.00725620934153492,0.161252666582511,0.1833487993359
"MAP3K3",-0.00727525591562211,0.160155684970347,0.18217244127789
"TRIP11",-0.00729146270414063,0.159226710375656,0.181155556533424
"UBR5",-0.00729245259483461,0.159170102134486,0.181127944342799
"ATXN1L",-0.00733010184346658,0.157028364168851,0.178799729154246
"BEX4",-0.00734475430254044,0.156200766253709,0.177893552620379
"HIBCH",-0.0073457346080307,0.156145515102613,0.177866794811824
"MAPK13",-0.007366906558186,0.154955854220413,0.176547546681963
"IARS",-0.00743015495660457,0.151442889381684,0.172615307982665
"STAT6",-0.0074627612053581,0.149655723618446,0.17061300793546
"DDX18",-0.00746278437713376,0.149654459307394,0.17061300793546
"EEFSEC",-0.00746678979948372,0.149436035691066,0.170431935635444
"AIDA",-0.00746737899051244,0.149403926470393,0.170430018769995
"PBX3",-0.00750515011817093,0.147356475956473,0.168162922133701
"ANAPC7",-0.00752233608401576,0.146432010496507,0.167141978966973
"PDE12",-0.00752281069053835,0.146406543622607,0.167141978966973
"STRADB",-0.0075246703934394,0.146306786623422,0.167067137997509
"NAA15",-0.00767669600730598,0.138326541442067,0.158212570679399
"SNHG6",-0.0076835197022529,0.137976371801876,0.157908798214611
"AC025159.1",-0.00769442427973054,0.137418203456799,0.157334292224353
"RDH14",-0.00772168461703341,0.136030456867885,0.15580911838794
"NHLRC3",-0.00774563286008119,0.134820269629461,0.154517767586374
"ARIH1",-0.00775138822555948,0.134530675067286,0.154217419372057
"LPIN2",-0.00778848986427231,0.1326753484232,0.152152871932502
"MNAT1",-0.00779351488455442,0.132425595114459,0.15189755442066
"MYH9",-0.00783704996742133,0.13027703419406,0.149463676468851
"VEZF1",-0.00790953641529185,0.126759791711553,0.145667130360362
"LINC02422",-0.00795408123648473,0.124635301400919,0.143313964924358
"TOGARAM1",-0.00798046061825296,0.123390334439269,0.14191155301732
"SYMPK",-0.00800440690749532,0.122268623126293,0.140679243658662
"MED13L",-0.00801053239355204,0.12198297203571,0.14040826682532
"CYP20A1",-0.00803180747511783,0.12099489757298,0.139328211617242
"TCERG1",-0.00804428089087824,0.120418515641949,0.138721535604803
"SIAH2",-0.00806306067348242,0.119554780565647,0.137811550925743
"PARP11",-0.0080701353068279,0.119230659645968,0.137466225746617
"GLS",-0.00808082200449838,0.118742359892872,0.136959628863257
"FBRS",-0.00812154020682806,0.116896205507665,0.134969211925053
"ELK4",-0.00812920211613653,0.116551349306615,0.134598785044608
"CGGBP1",-0.00816106945970194,0.115125593438834,0.133116938243375
"EIF4EBP3",-0.00821467138627256,0.112758406655329,0.130541512128255
"PTBP1",-0.00821779188505489,0.112621788670886,0.130410303565357
"RBM25",-0.00826449258205177,0.110592744680269,0.128113746215964
"ZNF224",-0.00828038663796112,0.109908804818977,0.127400499956765
"APC",-0.00828183972566166,0.109846443871556,0.127354570922084
"DDB2",-0.00828658338110092,0.109643059004255,0.127145087677605
"C8orf33",-0.00828868263436913,0.109553148294867,0.127067132656772
"YTHDF3",-0.00837267311508229,0.106003423312968,0.123102876627811
"MAPK8IP3",-0.00838289314559552,0.105577786270889,0.122710350882599
"SLK",-0.00840330299302066,0.104731828726537,0.121752381215719
"CMTR2",-0.00840923791756278,0.104486847606375,0.12149280328904
"ETFRF1",-0.0084208594097393,0.104008455137201,0.120961660553045
"FAM76B",-0.00843367780054667,0.103482812900499,0.120375334383322
"GIGYF2",-0.00845688511681868,0.102536527134589,0.119299353652022
"NCK1",-0.00846996360817033,0.102006288000378,0.11870708894455
"PHF21A",-0.00853106218803713,0.0995580300012038,0.115954361829225
"WIPF2",-0.00855219743194522,0.0987221222693303,0.115076505063584
"KLF9",-0.00859067086323459,0.0972148725796149,0.113366750222449
"AC004889.1",-0.00863239961638996,0.095600948199235,0.111554356429982
"FNDC3A",-0.00863656521819764,0.0954410216710062,0.111390948609982
"PIP4P1",-0.00864372391584596,0.0951666841669028,0.111093913717971
"NUP37",-0.00866981611197053,0.0941721146833268,0.110001671395477
"ZNF136",-0.00867722230522883,0.0938913325294265,0.109696569356971
"RASGRP2",-0.00869722457678378,0.0931363643643893,0.108837216107854
"QTRT1",-0.00876342088399915,0.0906725249812103,0.106112998834049
"DYNC1LI2",-0.00877764530996765,0.0901499932311921,0.105523534396637
"FAM215B",-0.00880718735189599,0.0890725145273605,0.104327719336626
"LARP1",-0.0088129959844513,0.0888618832330732,0.104124562340678
"ZNF37A",-0.00885877717712085,0.0872157886547913,0.102259918830958
"TBL1X",-0.00890938022261456,0.0854250448911565,0.100223225059775
"CHMP1B",-0.00892497421625606,0.0848792336683223,0.0996245992825384
"ELP4",-0.00893148949508003,0.0846520269301355,0.0993787471883649
"PRPF38A",-0.00895713483927212,0.0837624745759392,0.0983756804570844
"ATXN3",-0.00899275387544177,0.0825395394987943,0.0970570378773284
"ANKRA2",-0.00899555053838815,0.0824441355816569,0.0969696773189542
"DIS3",-0.00900331318386421,0.0821797930661123,0.0966790634243425
"TM2D3",-0.0090575231394415,0.0803528769612504,0.0945894207355955
"CHI3L2",-0.00907338477450599,0.0798246111622814,0.0939873128273992
"C2orf68",-0.00907863307400767,0.0796504412749668,0.093801959962382
"MTHFR",-0.00914949710658846,0.0773288557814689,0.0911445541313146
"FCF1",-0.00915524466793024,0.0771430016363726,0.0909446331646649
"GTPBP1",-0.00919558756895659,0.0758486877592491,0.0894752527673872
"TEFM",-0.00919764904900298,0.075783028402897,0.089416629889325
"RIPOR1",-0.00923119151638618,0.0747211826231184,0.0881823311993439
"CPSF7",-0.00923634725592513,0.0745590513605657,0.0880095356523769
"MOAP1",-0.00924170922969545,0.0743907396904591,0.0878293703638831
"ADCY7",-0.00924962848028478,0.0741427234049521,0.0875550060702376
"DENND6A",-0.00927426414494253,0.0733754980178627,0.0866672636857969
"STMN1",-0.00928974061863356,0.0728968458748746,0.0861200661770034
"MOGS",-0.00931000731133376,0.0722739099681378,0.0854201666451867
"BLNK",-0.00932206935355013,0.0719052334644669,0.0850023665332375
"GTF2H2",-0.00934622937007418,0.0711714148703095,0.0842059769092952
"FBXO42",-0.00935760202282836,0.0708281213148279,0.0838175168992924
"MAPK14",-0.00937537340308615,0.0702943961545723,0.0832034896157564
"EBF1",-0.0094043714791557,0.0694305894442813,0.0822157994666849
"NAP1L1",-0.00941003680187389,0.0692628504525974,0.0820345158352713
"C16orf72",-0.00941597881625541,0.0690872769203539,0.0818438743720183
"CDK5RAP2",-0.00942493341509488,0.0688233788551589,0.0815484969256917
"KPNA6",-0.00949700833010143,0.0667293104166974,0.0790839753795857
"FBXO33",-0.00951025027830413,0.0663503420164649,0.0786681341308679
"ZNF821",-0.00954167578794433,0.06545807475451,0.0776266518526382
"USP25",-0.00957911097589021,0.0644081102242447,0.0764462439851652
"DLD",-0.00963872957826077,0.0627646806904688,0.0745746662170802
"INSIG2",-0.00964023353771487,0.0627236755349982,0.0745417582583333
"AQR",-0.00964044175051373,0.0627180004003946,0.0745417582583333
"ZNF766",-0.00969143841967841,0.0613407454749211,0.0729601859004105
"PALM2-AKAP2",-0.00971618319227194,0.060681547861028,0.0722067876714718
"ZNF669",-0.00972073042945417,0.0605610507971225,0.0720787177039275
"TRAPPC8",-0.00980347748807146,0.0584027528638609,0.0695838797682376
"SF3B3",-0.00980691131338438,0.0583145868906921,0.0694936172712269
"C9orf72",-0.0098213545334855,0.0579449563756496,0.0690678230815096
"STX16",-0.00982499501015989,0.0578520972452356,0.0689718170861142
"ATG14",-0.00985658234305995,0.0570515670046642,0.0680318984017723
"AC007381.1",-0.00990121714265778,0.0559360980811183,0.0667301566245673
"FUBP1",-0.00991952974974889,0.0554837319755968,0.0662187050490769
"FAM126B",-0.00993461245414323,0.0551134453943347,0.0658188502459848
"SREK1",-0.00994106066078741,0.0549557690658478,0.0656445430876122
"PIAS1",-0.00994956445878199,0.0547484031143019,0.0654107947617758
"KRR1",-0.0099586485711913,0.0545276073766814,0.0651608979980355
"TMEM107",-0.00996178340078556,0.0544515857307443,0.0650839376179895
"EPB41L4A-AS1",-0.00999919143822773,0.0535512196583198,0.0640487681627694
"ELOA",-0.0100198195110584,0.0530600673634572,0.0634748904960965
"CSNK1E",-0.0100243280964772,0.0529532210885709,0.0633606048530411
"TMEM38B",-0.0100718094587844,0.0518388655841544,0.0620537478386085
"PRH1",-0.0100753447775959,0.0517566847099956,0.0619818668079293
"KMT2D",-0.010079951282047,0.0516497669803845,0.0618670540755204
"RFX3",-0.0101045511399464,0.0510819243665674,0.0611999697063409
"AL390728.6",-0.0101467059277419,0.0501210142658021,0.0600615748615228
"AC007952.4",-0.0101500670913117,0.0500450537779103,0.0599833824545422
"ZC3H6",-0.0102690321224593,0.0474180116898274,0.056883333363616
"ADAMTS6",-0.0103005220946319,0.0467423706170381,0.0560848367236569
"ANKRD17",-0.0103129595397057,0.046477756647293,0.0557792832615145
"ZNF131",-0.0103186918514383,0.04635622349511,0.0556453510064533
"EIF2S3",-0.0103229461385032,0.0462661996192745,0.0555491927261643
"KIZ",-0.0103337840230628,0.0460375268412794,0.0552983460943611
"GABPA",-0.0103353878394294,0.0460037682760108,0.0552696495310889
"IPO7",-0.0103437817276807,0.0458274260996521,0.0550696017129696
"ZNF567",-0.0103612761237008,0.0454617263982077,0.0546536015360295
"POC1B",-0.0103622158168294,0.0454421530195935,0.05464268590162
"ZNF273",-0.0103785617947159,0.0451028084351685,0.0542570511265848
"TARBP1",-0.0103913431560488,0.0448389564326521,0.053974424023057
"DCP1A",-0.0104258908486852,0.0441322781293058,0.0531580408176864
"MCM3AP",-0.0104363317969951,0.0439205657326983,0.0529257936034516
"C1GALT1",-0.0104712462260728,0.0432188192885216,0.0521025843381424
"FBXL5",-0.0104970668673757,0.0427059639412478,0.0514953937642474
"UBE2G2",-0.0105023090990226,0.0426024723873064,0.0513816640485149
"AASDH",-0.0105219451381968,0.0422167028869761,0.0509273643915471
"MPHOSPH9",-0.0105260333053112,0.0421367595619733,0.0508418764124542
"MARCKS",-0.0106130664788291,0.0404649911265964,0.0488563085363368
"C16orf74",-0.0106364049706923,0.0400263771814503,0.0483475821853144
"DMXL1",-0.0106734750521617,0.0393379899109955,0.0475365871610541
"TMA16",-0.0106744978020688,0.0393191409362726,0.0475240630953955
"PEX26",-0.0106872444712993,0.0390848662367898,0.047271504165895
"AC127502.2",-0.0106941855838222,0.0389577928102828,0.047127990827299
"BRD8",-0.0107181180365273,0.0385223404434683,0.0466415107703991
"ZZEF1",-0.0107221603180025,0.0384492007590852,0.0465630212868403
"SLC25A45",-0.0108341563150572,0.0364692168103922,0.0442417334535427
"FMR1",-0.0108717567960978,0.0358242578183625,0.0435158681502166
"EHMT2",-0.0109008025769583,0.0353327197583217,0.042946736841658
"PPIL2",-0.0109171653392441,0.035058357606856,0.0426317544411638
"ZBED1",-0.010928837048854,0.034863765668813,0.0424135428998744
"SUGP2",-0.0109529190196619,0.0344651816307994,0.0419377541416701
"TRMT10C",-0.0109620284523787,0.0343154282616273,0.0417736826110356
"CEP44",-0.0110327383396967,0.0331717993075369,0.0404254238297463
"SINHCAF",-0.0110655236740542,0.0326527107436138,0.0398014870239349
"MEPCE",-0.011070438787834,0.0325754927565209,0.0397246538056333
"ZCCHC10",-0.0111302774680998,0.0316478810401502,0.0386102769997563
"ADPGK",-0.0111640786367314,0.0311339802759083,0.0379998743790286
"SENP2",-0.0111771131017115,0.0309377309153698,0.0377685769086718
"KIDINS220",-0.0111782714810907,0.0309203416268551,0.0377555773821704
"MED30",-0.0112623729869338,0.029680049076712,0.036312353621377
"MRPS25",-0.011301049139801,0.0291241843505876,0.0356556407754407
"SNX27",-0.011304083189427,0.0290809595925081,0.0356105060510796
"WDSUB1",-0.0113166849228933,0.0289020186678031,0.0354068693259766
"RIF1",-0.0113214025666064,0.0288352737705664,0.0353405620107095
"CEP290",-0.0113772360699523,0.0280553701814956,0.0343997654086157
"TP53BP2",-0.011384502567278,0.0279552183584094,0.0342844707741298
"GSE1",-0.011416922699155,0.0275121281456191,0.0337484515426221
"SYNRG",-0.0114410272400196,0.0271866268842603,0.0333637811522222
"KLHL36",-0.0114611275172646,0.0269177445477345,0.0330482874203991
"AC008124.1",-0.0115133834455375,0.0262294329586224,0.0322244031588603
"SESN3",-0.0115298106070096,0.0260162217434583,0.0319694730112132
"ZNF264",-0.0115334464796455,0.0259692340958046,0.0319187360479705
"RPS6KB1",-0.0115344165606841,0.0259567098068334,0.031910344957874
"ASB3",-0.0115448506875857,0.0258223292103751,0.031752111066369
"BRD1",-0.0115449373813174,0.0258212152109254,0.031752111066369
"SIKE1",-0.0115505104237238,0.0257496897313475,0.0316766993598237
"TBC1D15",-0.0115766203513047,0.0254168673558624,0.0312741375351901
"ZKSCAN1",-0.011633685351028,0.0247023958398693,0.0304083778239797
"HIPK1",-0.0116505813325901,0.0244942191314085,0.0301587428786588
"SMARCA4",-0.0117448495651172,0.0233604157430258,0.0287931819710863
"BCLAF1",-0.0117658296099683,0.0231143694893572,0.0285224903084137
"C12orf75",-0.0117820215101895,0.0229260184354135,0.0283025411630485
"DGKD",-0.0118493251652671,0.0221573307450236,0.0273596140879359
"PPIP5K2",-0.0118825792301615,0.0217858734074656,0.0269187462949955
"MED1",-0.0119239214267689,0.021331635051746,0.0263691211487153
"RC3H2",-0.0119518244497868,0.0210297388104975,0.0260074115870162
"LTN1",-0.0119600094180674,0.0209418908403315,0.025910212192776
"ERCC5",-0.0120078549437471,0.0204347435814149,0.0253051069642947
"CARD8",-0.012009591382503,0.0204165410758779,0.0252881571353366
"RPAP2",-0.0120160488114167,0.0203489740382239,0.0252156202628522
"CHD3",-0.0120166865552306,0.0203423116275888,0.0252129425594435
"CCL5",-0.0120335158093005,0.0201671853267626,0.0250014176660464
"AC104162.2",-0.012053401445102,0.0199619509627829,0.0247634301976848
"FBXO25",-0.0121259757688829,0.0192283195715153,0.0238744885657408
"TRIM52",-0.0121274496193136,0.0192136682943765,0.0238615867221292
"RBL2",-0.0121564471167897,0.0189273874023571,0.0235164811092729
"ERCC6L2",-0.0122622239751554,0.0179144740964518,0.0222826936296306
"TMEM242",-0.0123379082224552,0.0172191753700703,0.0214368973655843
"ADAM10",-0.0123497342862179,0.0171126971362468,0.0213090744019827
"PIK3R1",-0.0123720091838146,0.0169137086181104,0.0210706588011647
"RABGAP1",-0.0123912214645588,0.0167437134614047,0.0208635237146447
"NEK7",-0.0124124030808087,0.0165580333116145,0.0206459360147713
"IQCB1",-0.0124311358396257,0.0163953294264309,0.0204476152566109
"RAB3GAP2",-0.0124722814903982,0.016042879983852,0.0200214284290452
"HDAC7",-0.0124855668150767,0.0159305105155494,0.0198856227763745
"MBD5",-0.012513195982816,0.0156990324344243,0.0196141603089919
"SCAF4",-0.0125810380645627,0.015143158333502,0.0189407837931989
"TIFA",-0.0125887021294408,0.0150814645036543,0.0188678317366468
"SETDB1",-0.0125931350490361,0.0150458817344647,0.0188275209103523
"KDM6A",-0.0126125477437835,0.0148909267400872,0.0186377833902187
"KNOP1",-0.0126191362655039,0.0148386566924373,0.018576512323277
"SACM1L",-0.0127066614190355,0.014159460776766,0.0177381211833296
"ZNF518A",-0.0127147933993471,0.0140977714453497,0.0176687442079668
"NR2C1",-0.0127186453738837,0.014068633176527,0.0176361715357493
"PIM2",-0.0127547306635445,0.013798236783706,0.0173165862033469
"LINC01588",-0.0127790475644094,0.013618621996558,0.0170988347461828
"THUMPD1",-0.0128152396246699,0.0133551166694075,0.0167792751156015
"MACF1",-0.0128650307058786,0.0129999678021306,0.0163550807861036
"TIA1",-0.0128959246910821,0.0127838309994385,0.0160940070640267
"CCDC66",-0.0129087945626887,0.012694734698705,0.0159890283443775
"DPEP2",-0.0129579927350889,0.0123591883191872,0.0155839292606411
"SLC43A2",-0.0130039793478408,0.0120526737139949,0.0152248591502222
"MAPK1",-0.0130563091417963,0.0117120920097348,0.0148013148345047
"CCNT1",-0.0130589856069101,0.0116949043606644,0.0147829292087748
"DLGAP4",-0.0130745937938938,0.0115951171249116,0.0146601018096229
"HECTD1",-0.0130780375659963,0.0115732021832779,0.0146356977711762
"ZNF680",-0.0130870638590382,0.0115159363725183,0.0145698576061611
"USP24",-0.0131050149606078,0.0114027954371706,0.0144364957603057
"SEH1L",-0.0131144513314095,0.0113437171154355,0.0143654772776085
"DYM",-0.0131338738134644,0.0112229732887497,0.0142216908122821
"INO80",-0.0131365930434584,0.0112061600382603,0.01420359863641
"TBC1D1",-0.0131501927565427,0.0111224070000438,0.0141038264902072
"NGDN",-0.0132093863561956,0.0107643081567501,0.0136590144961389
"TMEM192",-0.0132149037145026,0.0107314582121615,0.0136204163712478
"LARP4B",-0.0132679171217214,0.0104203344537214,0.0132375353312074
"UTP6",-0.0132692834834992,0.0104124227815225,0.0132304854807866
"SWAP70",-0.0132776559642878,0.0103640600463998,0.0131720218561119
"ATAD2B",-0.0132910245254287,0.0102872523090149,0.0130833106682091
"AC087190.1",-0.013319830952351,0.0101234675083342,0.0128867139804955
"WDR60",-0.0133239768325776,0.0101000873854484,0.0128623436427162
"CTC1",-0.0133276451370962,0.0100794405894656,0.0128394238666356
"SOS2",-0.0133285021075864,0.010074622609907,0.0128362059231322
"GIT2",-0.0133549633439963,0.00992686044685325,0.0126508180575256
"ATP2A3",-0.0133769533896868,0.00980553795544027,0.0125018934870068
"SRBD1",-0.0134813287538043,0.00924751787670064,0.011811937885382
"SLC25A28",-0.0135311996081476,0.00899103898799785,0.0114974450620493
"CREBBP",-0.0136161463866352,0.00856876441954274,0.0109724850283171
"NR2C2",-0.0136470327496265,0.0084196786192009,0.010786509594269
"ITFG2",-0.013704320431523,0.00814928565642191,0.0104424957587781
"TTC3",-0.0137548604228587,0.0079172221612096,0.0101614026867404
"CCNT2",-0.0137922526171781,0.00774935715327083,0.00994823502531971
"TENT2",-0.0138049441358818,0.00769311021178884,0.00987829213577012
"CUL4B",-0.0138196069696232,0.00762858243665417,0.00980217715707732
"TYROBP",-0.0138611796405147,0.00744826018247579,0.00957267216201168
"RNF38",-0.0139003382235956,0.00728191504797222,0.00936543676130437
"ANXA2R",-0.0139015051234983,0.00727700962772699,0.00936331976220971
"TENT5C",-0.0139031884532509,0.00726993846067947,0.00935768968445428
"NPEPPS",-0.0139066606642556,0.00725537220828991,0.00934191718129466
"Z97192.3",-0.0139695350322915,0.00699610023669041,0.00901637308460722
"TMEM209",-0.0140149892190819,0.00681387753912946,0.00879164434385259
"BLCAP",-0.0140758918388795,0.00657641076996715,0.00849111957643753
"P4HA1",-0.0140759668910591,0.00657612278210057,0.00849111957643753
"LRPPRC",-0.0140929972333414,0.00651106698876244,0.00841256890520379
"MIS18BP1",-0.014121593652166,0.00640312992900031,0.0082769283942605
"PARG",-0.0141313127759067,0.00636681337355348,0.00823378473915333
"ARHGAP5",-0.014138322761874,0.00634073496930378,0.00820195301687539
"TMEM161B",-0.0141500466689291,0.00629733469376087,0.00814769499185831
"HNRNPA2B1",-0.014151500642151,0.0062919709644297,0.00814352597429235
"SCAMP1",-0.0141659453825261,0.00623890702516918,0.00807769723716426
"GGNBP2",-0.0141709225878309,0.00622071639123225,0.00805600751613684
"ZNF138",-0.0141785060748717,0.00619309214006362,0.00802208813054957
"OGT",-0.0141797537228414,0.00618855794741707,0.0080180691796167
"IFNAR1",-0.0141907126004271,0.00614885952753167,0.00796883368916487
"MED21",-0.0142259733903895,0.00602267887788979,0.00781218721515996
"AC073111.4",-0.0142644284840419,0.00588773081562793,0.00764245198107347
"TGIF1",-0.0142759345064754,0.00584788652712134,0.00759249245211095
"VPS50",-0.0143056397596848,0.00574614137900353,0.00746558521544857
"TRMT10B",-0.0143110280763869,0.00572785752493437,0.00744355684388803
"ZNF326",-0.0143143575171209,0.00571658617314892,0.00743063336175612
"ANGEL2",-0.0143391113334649,0.00563341086560098,0.00732421872289487
"GTF2I",-0.0143579804092896,0.00557074384900601,0.0072471547192376
"TRNT1",-0.014373378457375,0.00552007148017543,0.00718372578884056
"SIPA1L3",-0.0143786278642311,0.00550289188190928,0.00716450428418732
"CD46",-0.0143864387622156,0.00547741866740582,0.00713299743225762
"FBXL20",-0.0144075676483862,0.0054090447793011,0.00704559530438732
"FKBP15",-0.0144102165805492,0.00540052731398035,0.00703613712156408
"TRIM4",-0.0144117239132684,0.00539568599332648,0.00703146515789242
"PLEKHF2",-0.0144162947252415,0.00538102919637958,0.00701562954583846
"TNRC6C",-0.0144299619211195,0.00533741807035112,0.00696039082934497
"LATS1",-0.0144622811105824,0.00523555678844359,0.00683073691406303
"MAVS",-0.0144742140876051,0.00519839344545901,0.00678383077539979
"STRN3",-0.0145031358460521,0.00510930819209657,0.00667535227056983
"CNOT10",-0.0146372031399255,0.00471411006231411,0.00616621449299891
"ZMYM2",-0.0146427271843914,0.00469843667843441,0.00614858500839045
"POM121C",-0.0146529473847677,0.00466956320064492,0.00611222797074368
"PAXIP1-AS1",-0.014654138866521,0.004666207576826,0.00610926335619506
"COP1",-0.0147104535627393,0.00451007450751668,0.00590760694962604
"VPS13B",-0.0147203589362706,0.00448310640028559,0.00587365589426891
"GATAD2B",-0.0147277342453607,0.00446312156264336,0.00584884040064705
"KDM3A",-0.0148233168062716,0.00421132474202899,0.00552532908880402
"EXOG",-0.0148248444118279,0.00420740727693911,0.00552148269871976
"METTL17",-0.0148663876546955,0.00410213097497792,0.00538711268249738
"EXOC4",-0.014889435802115,0.00404476028733886,0.00531301650313907
"CPSF6",-0.0149340948840913,0.0039356645793351,0.00517821407302229
"KIAA2026",-0.0149382090952639,0.00392574980802546,0.00516638267733801
"DDX10",-0.0149607917407469,0.00387173109915583,0.00509888687664514
"LY75",-0.0149657067784194,0.00386006394942287,0.00508471735200317
"AC114760.2",-0.0149826261349643,0.00382014515100673,0.00503450188018558
"SLMAP",-0.0149883850116431,0.00380664370613779,0.00501907047977349
"ZNF430",-0.0150119659524055,0.00375181027074932,0.00495026839257172
"PWWP3A",-0.0150401965989532,0.00368710943567337,0.00486604617087808
"PHF1",-0.0150509494382832,0.00366273334162714,0.00483615498501971
"PTCD3",-0.0150548078795655,0.00365402225323399,0.00482579076641442
"SPPL3",-0.0150636896761563,0.00363404163311815,0.00480280018572316
"SEC23A",-0.0151222573958891,0.00350475545936175,0.00463850078636228
"RBM39",-0.0151390959726412,0.00346836738130623,0.00459142654282586
"PRKAG2",-0.0151450078882426,0.00345567353588922,0.0045767858771614
"PPIL4",-0.0151588302056547,0.0034261596079813,0.00454199289095935
"RALGAPB",-0.0152215307105683,0.00329513919875814,0.00437244128221852
"PAPOLG",-0.0152534043169111,0.00323030006129831,0.00428843580074231
"PIK3C3",-0.0152813572148462,0.00317439576017104,0.00421521826759554
"BANP",-0.015285320126545,0.00316654191361515,0.00420578640221922
"DDX19A",-0.0152954788147167,0.00314648986973009,0.00418014463006599
"FAM117A",-0.0152978285527426,0.00314186827942047,0.00417499507308044
"AC092140.1",-0.015310344636806,0.00311735507509189,0.0041434043131442
"SUPT20H",-0.0153147974436558,0.00310867622833692,0.00413284964512582
"CD22",-0.0153705412891883,0.00300187592764502,0.00399370714269353
"UBE2W",-0.0154156220706153,0.00291796492742354,0.00388299395545243
"CDC14A",-0.015462439571161,0.00283309210327657,0.00377094792548766
"MED17",-0.0154903534581964,0.00278356734793596,0.00370767198948616
"SNAPC3",-0.015537127537625,0.0027023503765288,0.00360206198451638
"ABCE1",-0.0155486987113546,0.00268259551541046,0.00357658116682076
"CHST11",-0.0155573077067137,0.0026679835416099,0.00355794662298977
"RUFY2",-0.0155670633453194,0.00265151331925997,0.00353682450611457
"ANKFY1",-0.0156015736590171,0.00259399339131909,0.00346174814981611
"TULP4",-0.0156334301337536,0.00254191171355904,0.00339467036424515
"PPTC7",-0.0156565575354035,0.00250470217856635,0.00334577555500838
"SMIM8",-0.0156815343550844,0.00246507727178701,0.00329363020020969
"TPP2",-0.0157339143091303,0.00238383463090297,0.00318888410978923
"IMPDH2",-0.0157517821181567,0.00235668682699593,0.00315332128953756
"VRK1",-0.0157983082236456,0.0022873193500829,0.00306270037767495
"WHAMM",-0.0158241051845001,0.00224966862357913,0.00301444831594898
"NELFCD",-0.0158327049828529,0.00223724395157232,0.00299851719855386
"TYW5",-0.0158579219396133,0.00220117302654726,0.00295158489865723
"PDXDC1",-0.0158874048417713,0.0021596762869636,0.00289663479005822
"NXPE3",-0.0158929536332941,0.00215194710053696,0.00288695945152276
"RPS6KA3",-0.0159339029286313,0.00209568631693613,0.00281215598015315
"DDX5",-0.0159372780500642,0.00209110990073439,0.00280668740810288
"STRN",-0.0159950027282004,0.00201424511660147,0.00270676269147908
"SFI1",-0.0160466204962188,0.00194771699490467,0.00262176469321342
"ADNP",-0.0161211481854191,0.0018552154523007,0.00249965401691995
"RNF149",-0.016167957163841,0.00179919929128904,0.00242768374620812
"LCORL",-0.0161800430187228,0.00178499087857484,0.00240909250865004
"ATP11B",-0.0161922455728546,0.00177074996935819,0.00239044844019649
"BCL10",-0.0162567698042525,0.00169716848926894,0.00229443415602108
"PSMB8-AS1",-0.0162835462896987,0.00166746751278616,0.00225536960616163
"SNHG8",-0.0163141167847668,0.00163414319299838,0.00221189850748766
"TNFSF10",-0.0163147054576019,0.0016335075487463,0.00221157258412571
"LRRC58",-0.0163234301064291,0.00162411337913021,0.00219938564712483
"NOL8",-0.0163803489770096,0.00156403676942047,0.00211905417163136
"RPRD1A",-0.0163827721686423,0.00156152514230036,0.00211616315558295
"CHM",-0.0164488513328287,0.00149444947492192,0.00202673402155875
"POM121",-0.0164713758901566,0.0014721988073134,0.00199752556195794
"NUP54",-0.0164996029399806,0.00144474602125344,0.00196170241576739
"KMT2C",-0.0165098237916336,0.00143492243975175,0.00194883622333888
"TCF12",-0.0165187818468332,0.00142636323970192,0.0019381515054756
"DLEU1",-0.016523702668161,0.00142168156845868,0.00193225878790028
"EWSR1",-0.0165346865026698,0.00141128259942708,0.00191905652813574
"RYBP",-0.0165754049749274,0.00137334115165064,0.00186882502196191
"FOXJ3",-0.0165925273815578,0.00135766929442333,0.00184794792662578
"RPS6KA5",-0.0166054354381299,0.00134596399959535,0.00183290648230818
"PWWP2A",-0.0166115643506927,0.00134043883297674,0.00182582633840047
"GAS5",-0.0166132285481445,0.00133894218830995,0.00182423137842958
"OCIAD2",-0.0166350080908325,0.00131949701744241,0.00179905131321688
"ERV3-1",-0.016639042974301,0.00131592333603235,0.00179461568179138
"RBM6",-0.0166410620290747,0.00131413842139196,0.00179261794890803
"MED14",-0.0166532352212008,0.00130342415131596,0.0017784357299685
"MSL3",-0.0166718998034631,0.00128715293512323,0.00175751915885549
"CLASRP",-0.0166736488348335,0.00128563782980585,0.00175587844056146
"USP22",-0.0166823026507197,0.00127816561998605,0.00174609893598582
"GOSR2",-0.0167282049731976,0.00123919679572605,0.00169410330799649
"KAT2B",-0.0167954942490731,0.00118405116496911,0.00162188079603619
"CCDC84",-0.0168446486213664,0.00114521052264783,0.00156944559269648
"LMBRD1",-0.016887342933009,0.00111243367201801,0.00152527319387341
"MAP4K5",-0.0169112834047906,0.00109443605552628,0.00150096384598499
"UBR2",-0.0169429134506319,0.00107107048145636,0.0014703592565287
"ZNF24",-0.0169691899536927,0.00105201146033686,0.00144454920062436
"PUM1",-0.0170409005369538,0.00100158293251401,0.00137733022465283
"ESD",-0.0170417421259501,0.00100100462208436,0.00137687300793086
"BEX2",-0.0170629402859584,0.000986539547241416,0.00135730975291063
"TRAK1",-0.0170754821533588,0.000978072676507627,0.00134599141550841
"WAC",-0.0171038016602683,0.000959201405587757,0.00132034580307128
"ZC3H14",-0.0171781392287345,0.00091125763517419,0.00125651255898834
"REV3L",-0.0171971002663026,0.000899389363102011,0.00124045304672109
"TSPYL2",-0.0172314835766204,0.000878232529438534,0.00121157152644956
"KRIT1",-0.017239125208634,0.00087359355945432,0.0012054687180349
"RSBN1",-0.0172589979591694,0.000861635650150405,0.00118926103412824
"RETREG3",-0.0172691577080661,0.000855581086828042,0.00118119538262851
"RRAGB",-0.017349668155575,0.000808978784580998,0.00111851152121406
"ZNF708",-0.0173815892575005,0.000791162565211453,0.0010946891125863
"PGGT1B",-0.0174285386363921,0.00076561934875801,0.00106065643640703
"MAN1A1",-0.0174320168704942,0.00076375778057326,0.00105833926991361
"SRSF7",-0.0174506090969781,0.000753878196580516,0.00104516628194244
"ANKHD1",-0.017486583562979,0.000735098101284874,0.00101963458774061
"EXOC1",-0.017527493250886,0.000714270088142753,0.000990990033115571
"WDTC1",-0.0175619722964176,0.000697143236759018,0.000967467608792681
"FBXO3",-0.0175758120372547,0.000690376555415619,0.000958314519673577
"ZNF800",-0.0175956282497352,0.000680794012182391,0.000945716086863485
"ATL2",-0.0176295080094535,0.00066469661346327,0.00092404212757701
"RYK",-0.0176596612194656,0.000650668181990551,0.000905214229341549
"AL021155.5",-0.0176907849162841,0.000636477384070748,0.00088591198513426
"ZBTB11",-0.0176987912590907,0.000632873745784756,0.000881115050991901
"RANBP6",-0.0177032315065899,0.000630883390399724,0.000878562374348299
"MAP4K2",-0.0177175902256278,0.00062448683822345,0.000870303752398493
"APPBP2",-0.0177557714308009,0.000607770137965217,0.000847217656232747
"PTGER4",-0.0177732384035523,0.000600262320940965,0.000837377150582901
"ORC2",-0.0178067091500721,0.000586116221066187,0.000818254475122561
"PDK3",-0.0178417607468267,0.000571635104833601,0.000798435965629176
"NSUN3",-0.0178445652078586,0.000570490990636776,0.000797036677115635
"PPP6R3",-0.0179030850927116,0.000547098160595534,0.000764735911528722
"IPO9",-0.0179461752377823,0.000530447852642985,0.000741832315269254
"DHTKD1",-0.0179985459130913,0.000510847288617341,0.000714777832512047
"ANAPC1",-0.0180058605285115,0.000508164041023188,0.000711201097893772
"TNK2",-0.018009176095627,0.000506952111619883,0.000709682273727309
"NOL9",-0.018030614608974,0.000499180561634942,0.000698977581429327
"SZT2",-0.0180782133927314,0.000482321180392504,0.000676046279123727
"HELQ",-0.018109709648822,0.000471458875170624,0.000661152017984643
"NUP160",-0.0181261522720712,0.000465879288975715,0.000653535960606908
"CCNH",-0.0181510027153475,0.000457563420826323,0.000642308952393042
"SPIDR",-0.018171498503193,0.000450809223938203,0.00063298632822208
"MSL2",-0.0182034824907494,0.00044045482457548,0.000618913063835239
"AKAP10",-0.0182066341722352,0.000439446614366055,0.000617651314194298
"KAT7",-0.0182388688142479,0.000429257844435349,0.000603785330658562
"TDRD3",-0.0182411800714894,0.000428535838918788,0.000602921184070367
"MTMR1",-0.0182969734530095,0.000411447015809971,0.000579314915925502
"CSKMT",-0.0182978209022301,0.000411192429208963,0.000579102035705155
"GGA1",-0.018305444348564,0.000408908836071032,0.000576030782402879
"KIAA1328",-0.018308490885456,0.000407999567193135,0.000574894484490251
"QSOX2",-0.018315626686335,0.000405877204303147,0.000572047866457456
"PRPF39",-0.0183165182169888,0.000405612767038362,0.000571819055671247
"NUP153",-0.0183644203425949,0.000391638819307313,0.000553233045886572
"ATP2B1",-0.0183710682134258,0.000389735446118108,0.000550683207292514
"BASP1",-0.0184103516023457,0.000378663399287606,0.000535173782339107
"SIRT1",-0.0184121660791604,0.000378159160669967,0.000534596026984473
"KMT2E-AS1",-0.0184152569675372,0.000377301655284744,0.000533518447677316
"BOD1L1",-0.0184578957807931,0.000365656327549022,0.000517312728113683
"TTC32",-0.0184771413118481,0.000360510908018415,0.000510291027498393
"SLC38A2",-0.0184860350914425,0.000358156041189122,0.000507214155929273
"ICAM2",-0.0185021271609443,0.000353931751740841,0.000501358558801328
"ATG4C",-0.0186317642828672,0.000321561827004041,0.000455620489008255
"ABCD4",-0.0186538875232315,0.000316322534310606,0.000448537345487013
"INTS1",-0.0186931637307664,0.000307217374226021,0.000436068046893042
"CWF19L1",-0.0187077414423437,0.000303900802506852,0.000431579207616856
"C19orf25",-0.0187520527204656,0.000294024231735929,0.000417659072268055
"NUP58",-0.018790352704711,0.000285730572150304,0.000405980957537761
"PER1",-0.0188410200123658,0.000275095302748554,0.000391167502080389
"UBN2",-0.0188501578427626,0.000273217170526548,0.000388595574433518
"C1orf220",-0.0189110659547892,0.00026100222579414,0.00037159976275368
"RNF169",-0.018919461583791,0.00025935923001251,0.000369542367667277
"C18orf25",-0.0189250537780838,0.000258270242910315,0.000368084384361495
"ZNF880",-0.0189339376739617,0.000256549062778729,0.000365910695345979
"RCAN3",-0.0189663298134319,0.000250364034919413,0.000357271072505384
"NDE1",-0.0190132475727794,0.000241653017888423,0.000345016200151175
"SOCS1",-0.0190151649599871,0.000241303144936246,0.000344604516774073
"PPP1R15B",-0.0190254426513346,0.000239435822034229,0.000342025003625023
"RRP15",-0.0191027391347025,0.000225820350285101,0.000322987686911861
"TAF1",-0.0191096280804344,0.000224642830853945,0.000321385567206371
"NVL",-0.0191438481619721,0.000218878568132596,0.000313218921847387
"ARRDC2",-0.0191848270171939,0.000212158538559626,0.00030391303694948
"CTDSPL2",-0.0191915168651539,0.000211080055936846,0.00030260030542674
"RBM41",-0.0192578117495382,0.000200667295710446,0.000287893832805893
"CACUL1",-0.0192833314625772,0.000196789166374101,0.000282547070202856
"TRMT11",-0.0193169973600605,0.000191780753194699,0.000275497306653887
"MGA",-0.0194134097824694,0.000178092272166694,0.00025596479764066
"PCNX4",-0.0195109947558151,0.000165176593856224,0.00023782881804337
"PHIP",-0.019576480035618,0.000157009190361361,0.000226301717759645
"ACSS1",-0.0195974563094735,0.000154474419088008,0.000222705591071283
"SCO1",-0.0196231203614281,0.000151425560936847,0.000218422499821602
"PHACTR4",-0.019646320005164,0.000148718303298505,0.000214683303292507
"WDR6",-0.0197104504691665,0.000141469815124232,0.000204377723629307
"RRAS2",-0.0197154626141765,0.000140917554079295,0.000203684960102743
"GBP5",-0.0197291453952867,0.000139420242126662,0.000201624780829186
"NORAD",-0.0197890401567436,0.00013304056620906,0.000192498117111068
"SMC1A",-0.0198247985347346,0.000129363966348431,0.000187226763699628
"RLF",-0.0198474400447132,0.000127085749055031,0.000183977069128258
"N4BP2L1",-0.0198588998986351,0.000125947108914193,0.000182470190643661
"TMC8",-0.0198908812506025,0.000122820120593935,0.000178124157288097
"SSH2",-0.0198935673053243,0.000122560849450011,0.000177794177096481
"ORC4",-0.0199085734331544,0.000121121851894051,0.000175752200118804
"PPP4R3A",-0.0199270706558711,0.000119369994762403,0.000173255076616797
"GOSR1",-0.0199608712488103,0.000116230317041336,0.000168785586141697
"SC5D",-0.0199716573715612,0.000115244915619376,0.000167484891640925
"SETX",-0.0200276910542461,0.000110251301259761,0.000160310887423656
"FOXK1",-0.0200415661266642,0.000109046698214774,0.000158600508102038
"TAF7",-0.0200531153286325,0.000108053502294057,0.000157237637399069
"SLC33A1",-0.020091242063972,0.000104834973616238,0.000152712792516138
"SPEN",-0.0201356032979136,0.00010120404519372,0.00014753874469808
"PREPL",-0.0201447988593533,0.000100466400239224,0.000146501512038503
"KIAA0319L",-0.0201912139184214,9.68199205794622e-05,0.000141331346146877
"NAA35",-0.0202037816187041,9.58542840562387e-05,0.000139958249478361
"G2E3",-0.0202398011701866,9.3136861059555e-05,0.000136025960572247
"UBR1",-0.0202680195710638,9.10589774547253e-05,0.000133025908378695
"DNAJC10",-0.0202906636683758,8.94233082776984e-05,0.000130738697380159
"CUL5",-0.0202999384706426,8.87613992408625e-05,0.000129838756110752
"AGO1",-0.0203163293005994,8.76029479103366e-05,0.000128177667514576
"AC245060.5",-0.0204404257764876,7.92844400831785e-05,0.000116127654002584
"RNMT",-0.0205721133580982,7.12765473263322e-05,0.000104562582916392
"NFATC3",-0.0206236650126248,6.83552166002062e-05,0.000100382162605599
"METTL4",-0.0207564913533421,6.13413604347191e-05,9.02003044880183e-05
"KMO",-0.0207644262599565,6.09447012777113e-05,8.96876699570313e-05
"CBX7",-0.0207871083064778,5.98241947703851e-05,8.80849934040291e-05
"TSPYL1",-0.0208313626346481,5.76939261965079e-05,8.50378106912213e-05
"CD37",-0.0208752125897412,5.56541241548199e-05,8.20744469171002e-05
"SLC36A4",-0.0208936847715727,5.48154548610871e-05,8.08802325281741e-05
"STAG2",-0.0209586388809714,5.19605032476392e-05,7.6768868026913e-05
"RAB21",-0.020970854908933,5.1439556520904e-05,7.60192496236367e-05
"RBM38",-0.0209838334614398,5.08915168999797e-05,7.52689163339811e-05
"ZFX",-0.0209866481499771,5.07733947012486e-05,7.51140474700722e-05
"AL499604.1",-0.0210761037507539,4.71518171093075e-05,6.9922511948433e-05
"FBH1",-0.0210950036414976,4.64186631476198e-05,6.88535307970918e-05
"MANBA",-0.0211229927247114,4.53527549517473e-05,6.73081029371321e-05
"TTC19",-0.0211301619535714,4.50834870973144e-05,6.69262155399041e-05
"ZNF280D",-0.0211517767696021,4.4280806450575e-05,6.57520670545256e-05
"NAA25",-0.0211828851966647,4.31493326954805e-05,6.4174034101802e-05
"FBXO22",-0.0212316801256314,4.14296459529536e-05,6.16327880431589e-05
"CDKAL1",-0.0212388580909317,4.11822263733264e-05,6.12809909450056e-05
"CST3",-0.021240757986036,4.11169733130046e-05,6.12001508174698e-05
"CHD6",-0.0212517685934754,4.07407347904068e-05,6.06562614463233e-05
"MIA3",-0.0212847882664921,3.96319249326406e-05,5.90525170384996e-05
"MTMR4",-0.0213101437710049,3.87999835252939e-05,5.78282883781721e-05
"SNRNP200",-0.0213201992942649,3.84746635871014e-05,5.73739591989764e-05
"PUS7L",-0.0213792764192142,3.66150556149982e-05,5.46299750931287e-05
"CCDC93",-0.0214111643155291,3.56470890245966e-05,5.32282979543497e-05
"AC007384.1",-0.0214268470659061,3.51799961597819e-05,5.25448422642503e-05
"FNIP1",-0.0214277024878776,3.51546862774528e-05,5.25210450360131e-05
"MTR",-0.0214943087194988,3.32361942170623e-05,4.96813247423981e-05
"L3MBTL3",-0.0215714552433975,3.11384235096608e-05,4.66077792831668e-05
"SNHG1",-0.0216138770778658,3.00391375885667e-05,4.49864196881181e-05
"MTM1",-0.0216271645824703,2.97024703356068e-05,4.44941257955961e-05
"SMCR8",-0.0216277135365684,2.96886388441066e-05,4.44853039501982e-05
"SPTBN1",-0.0216328082506293,2.95605637287337e-05,4.43052495168953e-05
"MCPH1",-0.0217258247677963,2.73125487454438e-05,4.09907785432022e-05
"ZNF160",-0.0217306673955526,2.72000811559374e-05,4.08329280499612e-05
"KLHL5",-0.0217605617821476,2.65154887170629e-05,3.98265626989191e-05
"ATF6B",-0.0217646628581343,2.64228606520642e-05,3.96980800730182e-05
"BCL2L11",-0.0217927762024247,2.5796120464936e-05,3.87668555739486e-05
"RMND5A",-0.0218081138916112,2.54601795321342e-05,3.82722666557927e-05
"ZNF507",-0.0218405837061573,2.47626720910879e-05,3.72437503711555e-05
"NR3C1",-0.021856702235678,2.44232071998014e-05,3.67529241069553e-05
"PAN3",-0.0219514302486298,2.25159324663963e-05,3.39283663557401e-05
"SLC15A2",-0.0219516883410728,2.25109350717639e-05,3.39283663557401e-05
"FAM91A1",-0.0219567268362316,2.24135868463655e-05,3.37923283785985e-05
"CFL2",-0.0220220033386703,2.11880576467304e-05,3.19532339470482e-05
"ZBTB40",-0.0220517220592927,2.06514873597745e-05,3.1177622830754e-05
"WDR36",-0.0221188082840748,1.94874144963438e-05,2.94519720976853e-05
"HERC4",-0.0221203827509788,1.9460859837904e-05,2.94277202894439e-05
"ICA1L",-0.0221469555827144,1.90178529525266e-05,2.87733642320641e-05
"COBLL1",-0.0221844548580443,1.84089993503043e-05,2.7874778416073e-05
"AL662844.4",-0.0221911580445421,1.83021385722427e-05,2.77204646141513e-05
"MAP2K7",-0.022191478131245,1.82970506285375e-05,2.77202544145087e-05
"UIMC1",-0.0222151918770987,1.79238332512762e-05,2.71916007693385e-05
"FBXO21",-0.0222296294472311,1.77001724000486e-05,2.68595680337774e-05
"MED23",-0.0223143002639537,1.64410755263101e-05,2.49835681754386e-05
"CASP2",-0.0223636504537597,1.57470847809948e-05,2.39542156052015e-05
"KLHDC2",-0.0224067836121239,1.51634730872868e-05,2.30727011034755e-05
"MTAP",-0.0224307166626339,1.48486036623253e-05,2.26058790738473e-05
"ABRAXAS1",-0.0224423121362291,1.46983019677737e-05,2.23831401091628e-05
"TSC1",-0.0224582022636993,1.44946871276115e-05,2.20790706015099e-05
"NOM1",-0.0224663653116563,1.4391135091289e-05,2.19272980539471e-05
"SMG6",-0.0224970597551489,1.40080402513338e-05,2.13493968565226e-05
"SLC35E2B",-0.0225351207704099,1.354650200493e-05,2.06628425189578e-05
"ANKRD49",-0.0225390845911358,1.34992784354299e-05,2.05964201898238e-05
"ZNF830",-0.022550359570448,1.33658093673157e-05,2.03983374022712e-05
"RNF125",-0.0225738838508307,1.3091379394089e-05,2.00013136896596e-05
"UBE3A",-0.0226171311073609,1.26008301536358e-05,1.92570940492535e-05
"MFSD4B",-0.0226243066072415,1.25211548384074e-05,1.91457789380071e-05
"FBXO11",-0.0226249372556927,1.25141752720417e-05,1.91403319767083e-05
"POLR3E",-0.0226263254932736,1.24988243285879e-05,1.91220745873862e-05
"RREB1",-0.0227109012320346,1.15967524708276e-05,1.77711109682915e-05
"NR1D2",-0.0227603298486455,1.10986902313124e-05,1.70171814907147e-05
"OIP5-AS1",-0.0227638043205373,1.10644592524824e-05,1.69693418053543e-05
"RIC1",-0.02283278896655,1.04053209418534e-05,1.59759327289805e-05
"LUC7L",-0.0228343311536497,1.03910230205238e-05,1.59583547951614e-05
"SYVN1",-0.0229189550929191,9.63458628409945e-06,1.48128788847766e-05
"DCK",-0.022921714176026,9.61083139644448e-06,1.47804136879422e-05
"ARGLU1",-0.0229350459725305,9.4968347167435e-06,1.46131239693627e-05
"STAG1",-0.0229622663826368,9.26807830587331e-06,1.42689682768544e-05
"RUNX1",-0.0229636738120874,9.25639475862465e-06,1.42548988295454e-05
"MPHOSPH8",-0.0230178645989366,8.8170891815911e-06,1.35970585093865e-05
"FAM111A",-0.023030749976322,8.71560287399427e-06,1.34442554935946e-05
"PSEN1",-0.0230383672051668,8.65613495170325e-06,1.3356201615562e-05
"FNBP4",-0.0230438243039543,8.61376984323367e-06,1.32944956990774e-05
"AP1G1",-0.0230777475660636,8.35482448933474e-06,1.29019498110736e-05
"TBC1D14",-0.0230845963535593,8.30345638130614e-06,1.28261608360992e-05
"BICD1",-0.0231212867901788,8.03336648042951e-06,1.24123822501754e-05
"GNL3",-0.0231995869120638,7.4847846707796e-06,1.15711506875618e-05
"SFSWAP",-0.0232660663032886,7.04731216826194e-06,1.0906879097661e-05
"GM2A",-0.0232978697482315,6.84677943547642e-06,1.06023808731278e-05
"IFITM3",-0.0233367517731374,6.60902381821992e-06,1.02427068084808e-05
"SLC35A3",-0.0234079983383657,6.19371135639984e-06,9.61501588336904e-06
"DHX36",-0.0234936279676394,5.72756087801767e-06,8.90865550618632e-06
"ESF1",-0.0236535794486447,4.94525074464321e-06,7.69826276285343e-06
"GABPB2",-0.0236548876968687,4.93929541408665e-06,7.69112972318581e-06
"ELMSAN1",-0.0236856393757447,4.80127146288211e-06,7.48036758375596e-06
"RHBDF2",-0.023696746914883,4.75233125169614e-06,7.40617900410409e-06
"AC103591.3",-0.0237371048927998,4.57850342095998e-06,7.13925324632428e-06
"WDR73",-0.0237896106201462,4.36145312271521e-06,6.81028685261441e-06
"SP3",-0.0238830331336985,3.9994070589305e-06,6.25367921191226e-06
"NUFIP2",-0.023914926085535,3.88254255277002e-06,6.07433542962706e-06
"ZMAT1",-0.0239446061913432,3.77673221037552e-06,5.91044345077208e-06
"LPP",-0.023966876693296,3.69915834946193e-06,5.79389986446764e-06
"GLG1",-0.0239796338049687,3.65541258913398e-06,5.72858587345815e-06
"AC092338.3",-0.0239897648184456,3.621025810979e-06,5.6778738990183e-06
"SFMBT1",-0.0240404099049963,3.45372471970295e-06,5.4200930667011e-06
"ICE2",-0.02404230666444,3.44760522960339e-06,5.41200585510331e-06
"IKZF1",-0.0240683643939117,3.36458091819275e-06,5.28463761155289e-06
"GIGYF1",-0.02409982607303,3.26689227118074e-06,5.13264056406264e-06
"ZMIZ2",-0.0241808376281601,3.02771122778418e-06,4.76354229966832e-06
"PPP6R2",-0.0241896961645631,3.00260005224184e-06,4.72536186923478e-06
"AVL9",-0.0242278358907021,2.89674946507482e-06,4.56390822894066e-06
"COG5",-0.0242435069439412,2.85430292247871e-06,4.49956393718076e-06
"GPATCH2L",-0.0242623165141115,2.80414318350544e-06,4.42173591520664e-06
"PDS5B",-0.0243171653900145,2.66265997098193e-06,4.20455553917953e-06
"GADD45B",-0.0243732315911545,2.52512926573331e-06,3.99188513050304e-06
"FAM98B",-0.0244471930723851,2.35410021190479e-06,3.72256219279467e-06
"ZNF75A",-0.0244885555372455,2.2633611274768e-06,3.58210954365572e-06
"KHDC4",-0.0245022442856825,2.23407808723094e-06,3.53676409456769e-06
"CD2AP",-0.0245526303693528,2.12939439403235e-06,3.37294626724412e-06
"ZNF43",-0.0245733361987043,2.08775539456793e-06,3.30886190293575e-06
"IFT88",-0.0245994570260328,2.03634158435044e-06,3.22829018226629e-06
"CLASP2",-0.024605031062441,2.02552871678428e-06,3.21205728842263e-06
"SF3B1",-0.0246078796833277,2.02002409770366e-06,3.20423533594965e-06
"CYSLTR1",-0.0246727019894932,1.89857756217133e-06,3.01244558802312e-06
"CBR4",-0.0246866271700055,1.87341946509232e-06,2.9733699132848e-06
"SERTAD2",-0.0247540594843191,1.75605510003321e-06,2.79105125291884e-06
"SNHG7",-0.0247898613026756,1.69664801069462e-06,2.69969474656266e-06
"SLC2A1",-0.0248210684876354,1.64644471471342e-06,2.62130097984931e-06
"PAICS",-0.0248483533490547,1.60372387890635e-06,2.55619164648676e-06
"BBIP1",-0.0248495456855469,1.60188150760116e-06,2.5539818742027e-06
"IFRD1",-0.0249722595168397,1.42276613987171e-06,2.27228775290033e-06
"CEP295",-0.0249845923980399,1.40586944141947e-06,2.24594259594707e-06
"RAB11FIP2",-0.0249953927945082,1.39123095589513e-06,2.22382550912346e-06
"TRIM56",-0.0250162838981346,1.36333075665534e-06,2.17985029061563e-06
"GMDS-DT",-0.0250762843183398,1.28615966981954e-06,2.05939974575736e-06
"SMG7",-0.025083185958017,1.27755725149514e-06,2.04621051347563e-06
"IP6K1",-0.0250862393514323,1.27376909033835e-06,2.04072673769596e-06
"FASTKD2",-0.0251092224941523,1.2456000100514e-06,1.99788249034877e-06
"SENP7",-0.0251327315952809,1.2174066927683e-06,1.95546168230434e-06
"SETDB2",-0.0251385343942369,1.21054272623528e-06,1.94499420815943e-06
"GNB5",-0.0251577653974433,1.18806005799472e-06,1.9094187617872e-06
"LBR",-0.0251881473291535,1.15335752881631e-06,1.85417781828363e-06
"ZNF844",-0.0251987336392999,1.14149647759756e-06,1.83563645450012e-06
"USP16",-0.0252113415246071,1.12752351655765e-06,1.81368731080971e-06
"NT5C3A",-0.0252257479991201,1.11175868745921e-06,1.78935643921237e-06
"LYRM7",-0.0252386663042352,1.09780288903262e-06,1.76791086298785e-06
"PMEPA1",-0.0252437565037744,1.09235031659027e-06,1.75963592845042e-06
"MAU2",-0.0252463963817108,1.08953277708692e-06,1.75560215318292e-06
"JAK1",-0.0252494270742022,1.08630674453418e-06,1.7509076478089e-06
"RFC1",-0.0252846043979032,1.04952827339544e-06,1.69357760279108e-06
"MBNL3",-0.0253134682883829,1.02024850931174e-06,1.6482295646539e-06
"GABPB1",-0.0253149818578347,1.01873502872419e-06,1.64625934676404e-06
"ZNF701",-0.0253546332563811,9.79847062864085e-07,1.58478873782897e-06
"BTG2",-0.0255037059769042,8.46037926564979e-07,1.37074296404121e-06
"MTMR10",-0.0255129744881492,8.38327211506631e-07,1.35864314573167e-06
"ZC3H8",-0.025539387088623,8.16723307813656e-07,1.32439700262429e-06
"SIN3B",-0.0255552809304459,8.03982587468544e-07,1.30411424048981e-06
"TNPO1",-0.025590675505009,7.76293961978209e-07,1.25993117387422e-06
"CNST",-0.0256198281055598,7.54180338962678e-07,1.2247503851928e-06
"NOL11",-0.0256741457118558,7.14585874325085e-07,1.16112430580064e-06
"RRM2B",-0.0258853912460325,5.78800924331154e-07,9.42950546008956e-07
"DZIP3",-0.0259329219131808,5.51873301531161e-07,8.99604878310836e-07
"CDK12",-0.0259588487617702,5.37698260265272e-07,8.77008723280661e-07
"CBFA2T2",-0.0260010374599812,5.15379651325306e-07,8.41586421887183e-07
"DHX15",-0.0261038451782731,4.64669830975204e-07,7.60109732269894e-07
"KDM5B",-0.0261104954349283,4.61560878068546e-07,7.55244662010495e-07
"LARS",-0.0261211910891536,4.56602766830922e-07,7.47350116019869e-07
"CXorf38",-0.0262883117624905,3.85492984996016e-07,6.32624145608757e-07
"CDC25B",-0.0263348823338777,3.67663375614979e-07,6.04072328195804e-07
"QKI",-0.0263886803330709,3.48056815399823e-07,5.72026473900941e-07
"ANKRD10",-0.026405788042628,3.4203627428733e-07,5.62461882643374e-07
"PANK3",-0.0264071352351571,3.41566464051354e-07,5.61854262893284e-07
"ARRDC3",-0.0264283267639477,3.34257738565456e-07,5.5031675299974e-07
"ERO1A",-0.0264702626911516,3.20236900854698e-07,5.2738808635318e-07
"MMD",-0.0265341279884428,2.99969088633147e-07,4.94445810898839e-07
"TUBGCP3",-0.0265895202726988,2.83398067744917e-07,4.67544205431306e-07
"TGFBR2",-0.0266839410113587,2.57168210518638e-07,4.24645974974909e-07
"MFSD14C",-0.0267375341567537,2.43340183890068e-07,4.02049666657307e-07
"POU2AF1",-0.0267382365403542,2.43163813987203e-07,4.01876813851379e-07
"UTP25",-0.0267491318196295,2.40443751455674e-07,3.97616017686221e-07
"USPL1",-0.0267849955753386,2.31696236619202e-07,3.83376845289262e-07
"TRIB2",-0.0268365929242541,2.19648506025874e-07,3.63656896911297e-07
"NUDCD3",-0.0268775424470815,2.1052004880345e-07,3.48749717050614e-07
"SLC2A11",-0.0268919893833986,2.07387893545579e-07,3.43662601109109e-07
"OSBPL10",-0.0269188289906989,2.0168809109484e-07,3.34316365262562e-07
"SCARB2",-0.0269291221632564,1.99542593094359e-07,3.30857923008143e-07
"SMAD5",-0.0269518110789842,1.94890955774471e-07,3.23336564956402e-07
"SMURF2",-0.026960509318844,1.93135598216559e-07,3.20519254995836e-07
"SNRK",-0.0269663936422722,1.91956782110928e-07,3.18657361174661e-07
"CCDC18",-0.0270003711642184,1.85284826736401e-07,3.07672788185764e-07
"ING5",-0.0270813664444959,1.70271911085457e-07,2.83078947459082e-07
"LAIR1",-0.027090313227422,1.68687587785759e-07,2.8052825985393e-07
"UBR3",-0.0271357881982605,1.60852557774433e-07,2.67816639742747e-07
"SNHG20",-0.0271559422267386,1.57493784314855e-07,2.62302315179156e-07
"ELF2",-0.0271624248671883,1.5642790810414e-07,2.60604614304369e-07
"RNF13",-0.027168162149184,1.55490405032575e-07,2.59119832962647e-07
"BSDC1",-0.0271714956185461,1.54948195957598e-07,2.58293108797175e-07
"SNX13",-0.0272963732826083,1.35902800005936e-07,2.26680042535213e-07
"DDHD2",-0.0273827347916713,1.24077887434668e-07,2.07141653508666e-07
"ZNHIT6",-0.0273931100587741,1.22726110020334e-07,2.04946017359538e-07
"SPART",-0.0274218836046905,1.19051378652851e-07,1.98868706183901e-07
"WDFY2",-0.0274265712174209,1.18462888041718e-07,1.97944700453957e-07
"THOC3",-0.0274587563768958,1.1449764749122e-07,1.91433230924873e-07
"TCF4",-0.0274743058787393,1.12628249119887e-07,1.88420198124398e-07
"TNKS",-0.027519056284399,1.07411576748996e-07,1.79800430774395e-07
"PIK3C2A",-0.0276429634824142,9.41583075532861e-08,1.57803914005373e-07
"TLK2",-0.0276487860691742,9.35761420811471e-08,1.56875178628107e-07
"KDM2A",-0.0276878513340651,8.97593870986488e-08,1.5061184156367e-07
"APP",-0.027710217840439,8.76424455385597e-08,1.47192005235824e-07
"ILF3-DT",-0.0277134112735203,8.73441655970031e-08,1.46735054441756e-07
"PLEC",-0.0277387094465749,8.50156945494918e-08,1.42866158167328e-07
"PUM3",-0.0277586606695146,8.32218635117055e-08,1.39935652215269e-07
"MFSD8",-0.0277712527127384,8.21086259696235e-08,1.38271321123229e-07
"YTHDC1",-0.0277983852980479,7.97586818976666e-08,1.34394818684967e-07
"NIPBL",-0.0278359669265356,7.66110538609984e-08,1.29207622004051e-07
"CREB1",-0.0278819858447062,7.29203546243378e-08,1.23020152485216e-07
"RC3H1",-0.0278973976634865,7.17232773685424e-08,1.21073561344547e-07
"RBM12",-0.0279352781586262,6.88613208506008e-08,1.16277436865907e-07
"DCAF16",-0.0279861697129516,6.51899532957403e-08,1.10177709236404e-07
"ZMYM6",-0.0279874131941574,6.51026641566872e-08,1.10063393281499e-07
"ARID2",-0.0280188002046324,6.29365010666256e-08,1.06465521737895e-07
"XPC",-0.0280658714586629,5.98182326969201e-08,1.01282322048201e-07
"TRMT13",-0.0281073367178981,5.71957761689317e-08,9.69886594980886e-08
"NSUN5",-0.0281226404707971,5.625632761193e-08,9.54244975634221e-08
"YLPM1",-0.0281567482337261,5.42160478825711e-08,9.20194194516003e-08
"GOLGA4",-0.028246973484084,4.91585998964848e-08,8.35114704337917e-08
"PIK3CD",-0.028306534031535,4.60738876627911e-08,7.83423936852741e-08
"CCNL2",-0.0283375688772855,4.45417764560906e-08,7.57832593956754e-08
"KTN1",-0.0283956929902813,4.18041382266009e-08,7.11903247817548e-08
"SRSF8",-0.028465267418063,3.87412837846631e-08,6.60547733570466e-08
"CCDC18-AS1",-0.0285681065144319,3.46090286529035e-08,5.90631229387302e-08
"CDK19",-0.0285920692184488,3.3709434069218e-08,5.75980903665924e-08
"SLC35F5",-0.0285956734448151,3.35761037038726e-08,5.74052981823536e-08
"TCEAL4",-0.028596839044241,3.35330945017006e-08,5.73492709325267e-08
"DHX40",-0.0286402433485087,3.19690276155171e-08,5.47077676976815e-08
"TMEM41B",-0.0287018146435121,2.98711319530086e-08,5.11802416851639e-08
"TTC21B",-0.028748096487804,2.83827513641283e-08,4.86747674190088e-08
"AL354740.1",-0.0287778129051082,2.7465304034712e-08,4.71302597728009e-08
"ARHGEF9",-0.0288030231348327,2.6709595546324e-08,4.58615710162357e-08
"XRN1",-0.0289089586732419,2.37487401116151e-08,4.08779020790277e-08
"SLC15A4",-0.0289418898510881,2.28950860339715e-08,3.94206507458574e-08
"LNPEP",-0.0289726744427087,2.21240593734558e-08,3.81048144374927e-08
"AC027097.2",-0.0289801949277544,2.19395678389167e-08,3.78103136817762e-08
"C2CD5",-0.0290241586225031,2.08905700734404e-08,3.60246560903139e-08
"ZNF518B",-0.0290941969000529,1.93192276865231e-08,3.33354880690745e-08
"AGO3",-0.0292221149564768,1.67403378180715e-08,2.89390839873514e-08
"PACS1",-0.0292838856603096,1.56179278706334e-08,2.704049891914e-08
"RAD51-AS1",-0.0293361702322816,1.47253026438966e-08,2.55186943404903e-08
"LMBR1L",-0.0294104951217861,1.35411750465149e-08,2.35029815418438e-08
"ZNF395",-0.0294683196257945,1.26844248035359e-08,2.20638084859021e-08
"CYLD",-0.0294969737802738,1.22796251476237e-08,2.13663188728923e-08
"AKAP7",-0.029555262352432,1.14945468127037e-08,2.00189541971248e-08
"NEDD9",-0.0295904279000509,1.1044732838412e-08,1.92535165353083e-08
"SLC25A37",-0.0296288040290452,1.05733705676554e-08,1.84490493923483e-08
"SETD5",-0.0296475223898768,1.03506104208606e-08,1.80659921992023e-08
"DLG1",-0.0296676793997676,1.0115830373145e-08,1.76617100748084e-08
"CCR6",-0.0297432788836691,9.28052267628953e-09,1.62336688038406e-08
"PCNX1",-0.0298523158990691,8.1927432881942e-09,1.43443435939905e-08
"E2F5",-0.0300812691854083,6.29693333919899e-09,1.10735082049776e-08
"EML4",-0.0301069013099947,6.11337688736545e-09,1.07608497630842e-08
"ERBIN",-0.030191957942881,5.54080219724984e-09,9.76834532791827e-09
"NEK8",-0.0302681468112373,5.07247133238479e-09,8.96243278633666e-09
"NPHP3",-0.0302730635676283,5.04360862551464e-09,8.91424799984459e-09
"HSD17B4",-0.0302766118263914,5.02287870574115e-09,8.88041149963895e-09
"NCOA2",-0.0303151931695444,4.80275969752038e-09,8.50466552823636e-09
"SSBP2",-0.0303393314004269,4.66984726052411e-09,8.27453796463004e-09
"KLF12",-0.0303626262822214,4.54497590662198e-09,8.05582596613599e-09
"DOCK8",-0.0303728671071195,4.49111418042407e-09,7.96539915280406e-09
"MCM7",-0.0303836157824245,4.43524961328947e-09,7.86880997276982e-09
"ARHGAP45",-0.0303901548201154,4.40159543191003e-09,7.81405261937499e-09
"TTC37",-0.0303929040746711,4.38752028567247e-09,7.79153491441074e-09
"ZNF814",-0.0304067797116192,4.31714798271259e-09,7.66899646405748e-09
"MIGA1",-0.0304302116729437,4.20079547268345e-09,7.46467495003172e-09
"CEP95",-0.0304826727439657,3.95125413981988e-09,7.03240369784912e-09
"XPO4",-0.0305194411555571,3.7850205789583e-09,6.74082679260587e-09
"USP3",-0.0305554897497629,3.62865925107797e-09,6.47058913253349e-09
"PCF11",-0.0305806339637917,3.5233372095726e-09,6.28478079962297e-09
"ZNF407",-0.030650881517399,3.24461456725315e-09,5.79314191622089e-09
"EZH1",-0.0306916682092668,3.09276169738043e-09,5.52553692728159e-09
"ABCG1",-0.0306937965892739,3.0850304523186e-09,5.51348294940539e-09
"KDM7A",-0.0307421282747284,2.91444768025238e-09,5.21028453785304e-09
"HIST1H1E",-0.030794083366948,2.7413205692272e-09,4.90390817893374e-09
"TARDBP",-0.030797361906116,2.73073820855291e-09,4.88653824476193e-09
"RPARP-AS1",-0.0308035290049312,2.71093993985838e-09,4.85266046760844e-09
"BRWD3",-0.0308665975887016,2.51632911682891e-09,4.50862424291706e-09
"PRPF3",-0.0308691237937559,2.50882435299352e-09,4.49661606435734e-09
"PSD4",-0.0308837712885016,2.46573779530809e-09,4.42363785762992e-09
"TMEM87B",-0.0309281894572848,2.33943882942105e-09,4.20243646041928e-09
"PTEN",-0.0309572790811843,2.26016372716704e-09,4.0639412635193e-09
"AC253572.2",-0.0310213585532194,2.09465405184575e-09,3.77239785993184e-09
"TMEM245",-0.0311324870859319,1.8351882390239e-09,3.31149785012012e-09
"USP34",-0.0311579421562914,1.78031882800905e-09,3.21456020492543e-09
"ZNF736",-0.0312035220926946,1.68603623703836e-09,3.04825337755064e-09
"RBM23",-0.0312065953039325,1.67985739601798e-09,3.03806305298571e-09
"CLN5",-0.0313644105518588,1.39056460738433e-09,2.51893672896495e-09
"PSMA3-AS1",-0.0314001279292871,1.33216932893578e-09,2.41471857973117e-09
"ZNF451",-0.0314600340701311,1.23955091014945e-09,2.24974875170028e-09
"PRRC2C",-0.0314939615451702,1.18991342898022e-09,2.16175968722616e-09
"RNF44",-0.0315111180927681,1.16555574355543e-09,2.11819523674691e-09
"TLK1",-0.0315242336721938,1.14726365246708e-09,2.08562924942166e-09
"ZNF33A",-0.031538114787743,1.12820876330668e-09,2.05165496210412e-09
"KCNQ1OT1",-0.0315740348471776,1.0803214932318e-09,1.96520970561589e-09
"MAP3K4",-0.031612587265527,1.03112993062014e-09,1.87755485741333e-09
"ZHX2",-0.0316338990084775,1.00488145492386e-09,1.83035480618814e-09
"MARCH8",-0.0318511854461365,7.71840235135478e-10,1.41184753657538e-09
"TARSL2",-0.0319207902257587,7.0902655110373e-10,1.29779663814771e-09
"MON2",-0.0320293320565688,6.2090031837821e-10,1.13760637331906e-09
"USP7",-0.0320958990456054,5.72241463512392e-10,1.05017183392297e-09
"SEC63",-0.032189795272472,5.09877889945249e-10,9.36336413633882e-10
"NUP107",-0.0322367945209529,4.81204596415237e-10,8.84841413171944e-10
"AC006141.1",-0.0322586049771578,4.68439016692168e-10,8.61650880950027e-10
"DDX3X",-0.0322867998987277,4.52425526758311e-10,8.32468914380191e-10
"WDR75",-0.032300604928283,4.44780966615416e-10,8.18940892180455e-10
"LENG8",-0.0323241639105028,4.32025305431184e-10,7.96240123632795e-10
"SON",-0.0323703380698042,4.08052334765959e-10,7.52304518441125e-10
"IKBKB",-0.0324156271528734,3.85802387269482e-10,7.11752032640437e-10
"PCGF5",-0.0324390118224738,3.74782007570984e-10,6.91876738432788e-10
"XPO1",-0.0324982673164403,3.48214748339664e-10,6.43467768211963e-10
"SMC5",-0.0325075050535518,3.44242201677659e-10,6.365469037955e-10
"PAXBP1",-0.0325142957489539,3.41350220100991e-10,6.31407722188128e-10
"FAM117B",-0.0325648756613722,3.20543317672766e-10,5.93704736205412e-10
"PILRB",-0.032606777937185,3.04248520274824e-10,5.63710209083456e-10
"USP33",-0.0326121021525251,3.02236881713779e-10,5.60168356875869e-10
"PCMTD2",-0.0326473682069393,2.89236493642837e-10,5.3625077818389e-10
"AMN1",-0.0327422190325494,2.56920799419196e-10,4.77126458072586e-10
"PHF10",-0.0327924422996719,2.41266337759645e-10,4.48500749350074e-10
"ZNF121",-0.0328279082318698,2.30776982607293e-10,4.29286575750065e-10
"ZNF439",-0.0328474279797367,2.25195284648324e-10,4.19182050287559e-10
"THAP5",-0.0329077358662991,2.08770388736748e-10,3.88996323125258e-10
"LONP2",-0.032980792703307,1.90435606035114e-10,3.55306405530538e-10
"TMEM263",-0.033021968818693,1.80805130309713e-10,3.37563178288233e-10
"ANTXR2",-0.0330246642386227,1.80191580342576e-10,3.36529857118629e-10
"MEF2C",-0.0331392720358696,1.55904303849278e-10,2.91754094841232e-10
"TPT1-AS1",-0.0332663373859098,1.32709862191341e-10,2.48764370192002e-10
"ADAM19",-0.0332937518579621,1.28167142535743e-10,2.4040996829963e-10
"HMCES",-0.0333607093177072,1.17701318457424e-10,2.20926636957115e-10
"SLC4A7",-0.033429778355442,1.07781588852721e-10,2.0251079475481e-10
"VPS13A",-0.0334337472807886,1.0723710290379e-10,2.01555373612123e-10
"PTAR1",-0.0334610241636991,1.03567126648893e-10,1.94788272787257e-10
"IREB2",-0.0335252935628169,9.53986468551048e-11,1.79605990264014e-10
"PATL2",-0.0335277578247913,9.50983213324826e-11,1.79100772623818e-10
"PAX5",-0.0335557228139114,9.17542611462557e-11,1.72919117321729e-10
"AK9",-0.0336084726292678,8.57565150232203e-11,1.61833639031353e-10
"PAPOLA",-0.0336997043788935,7.62755858633738e-11,1.44087540108181e-10
"AL158152.1",-0.0337121742685375,7.50620790328058e-11,1.41843017767458e-10
"INTS8",-0.0337170434863734,7.45933742022815e-11,1.41004889944981e-10
"DYRK1A",-0.0337434548152391,7.21004859308929e-11,1.36476790030054e-10
"NEK9",-0.0337577596094572,7.07845040419616e-11,1.34031104509475e-10
"ERICH1",-0.033791897767603,6.77381256883763e-11,1.28392975289542e-10
"AC245014.3",-0.0337926170481466,6.76753388990420e-11,1.28317391054006e-10
"SENP6",-0.0338126993771392,6.59451272244555e-11,1.25079125494133e-10
"AC138150.1",-0.0338729264776777,6.10115686184478e-11,1.15878533683257e-10
"NDUFAF6",-0.0339230673687168,5.71811899454152e-11,1.08714136077485e-10
"YPEL2",-0.0340344753851632,4.94929732982592e-11,9.42571041970588e-11
"TRA2A",-0.0340664778917217,4.74781048549755e-11,9.05122073834982e-11
"RNPC3",-0.0341943094329381,4.02004391801331e-11,7.69260880929025e-11
"CA5B",-0.0341966958234914,4.00755332142648e-11,7.67132814535534e-11
"RLIM",-0.0342437040348139,3.76910815245944e-11,7.22229721584855e-11
"TMEM243",-0.0342731618805471,3.62682155143427e-11,6.95440859622846e-11
"SH3YL1",-0.0343521065981614,3.27092153563826e-11,6.27626979140456e-11
"PRKCE",-0.0343529008645661,3.26752051710234e-11,6.27189253471221e-11
"MYO9A",-0.0343594934506479,3.23942456827334e-11,6.22009496294102e-11
"TUT4",-0.0343597544518647,3.23831712561886e-11,6.22009496294102e-11
"ANKZF1",-0.03439006091962,3.11221308914499e-11,5.98198541945817e-11
"CEP135",-0.0344224200339518,2.9828732034426e-11,5.7353494035297e-11
"ZNF281",-0.0344769867829374,2.77658598378639e-11,5.34788792819379e-11
"AP001059.3",-0.0345705882756141,2.4547795905614e-11,4.73458005741543e-11
"ZNF26",-0.0346314811979274,2.26534216320357e-11,4.37674420700352e-11
"THOC1",-0.0346633246128493,2.17205486525831e-11,4.20085611198612e-11
"ZNF83",-0.0347013174928114,2.06566443093026e-11,4.00061773085767e-11
"MYSM1",-0.0347161992017248,2.02539711984285e-11,3.92409096532277e-11
"POU2F1",-0.0348002926809261,1.81189059796664e-11,3.51520583277144e-11
"INTS6",-0.0348070699429233,1.7956767918717e-11,3.48495693391316e-11
"CUL3",-0.0349917829216114,1.40458845949974e-11,2.7344803481606e-11
"PUM2",-0.0350513393272251,1.29728988839532e-11,2.5282257010794e-11
"SAMD8",-0.035146555325591,1.14220317354568e-11,2.22908709931337e-11
"ELP2",-0.0351792385801257,1.09327721338754e-11,2.13583734641912e-11
"SETD2",-0.0352211608101414,1.03351707287099e-11,2.01979383292059e-11
"PHF14",-0.035287858087207,9.44974296770705e-12,1.85062973294151e-11
"ZNF91",-0.0354723192629737,7.37010346245218e-12,1.4448704757856e-11
"ANXA1",-0.0354729924813683,7.3634039281215e-12,1.44406251405492e-11
"AL365272.1",-0.0355471381744121,6.6609329090292e-12,1.30858945013934e-11
"ARHGEF7",-0.0356350377810031,5.91290215818904e-12,1.16449243980369e-11
"PTBP2",-0.0356414144674414,5.86195965801481e-12,1.15486584750408e-11
"BEND5",-0.0356581166794852,5.73055801177694e-12,1.12977315818242e-11
"ZNF638",-0.0356755321295286,5.59661990399574e-12,1.10375591839015e-11
"P2RY10",-0.0357900251141759,4.78939815197053e-12,9.46222894151215e-12
"LINC00513",-0.0358094260305343,4.6644212026037e-12,9.22507879794609e-12
"CCDC14",-0.0358313359599923,4.52712312482833e-12,8.95669961927357e-12
"FBXL4",-0.0358417949246001,4.46298697869397e-12,8.83605163226049e-12
"JAK3",-0.0358835310611803,4.21580569700074e-12,8.36144748898766e-12
"GOLGA8A",-0.0359055114699438,4.09107464804633e-12,8.11981187232725e-12
"ITPKB",-0.0360469968388137,3.37050905597186e-12,6.70153398029763e-12
"HBP1",-0.0360494911368695,3.35899428853195e-12,6.68101101209781e-12
"ZNF790-AS1",-0.0360925185421696,3.16632631147218e-12,6.30451250286374e-12
"STX17",-0.0361088512202308,3.09606553765352e-12,6.16680763741016e-12
"KCNAB2",-0.0361554165602096,2.9040344999665e-12,5.79230415042495e-12
"AL050309.1",-0.0361587332848214,2.89081124716874e-12,5.77029001974059e-12
"TMEM259",-0.0362646946017518,2.4980787713539e-12,4.99526569023676e-12
"CENPC",-0.0362679021068988,2.4870457367404e-12,4.97497970410106e-12
"FCN1",-0.0363007650114369,2.37672296922355e-12,4.75599333712795e-12
"TNRC6A",-0.0363590342475525,2.19278918852626e-12,4.39106622986614e-12
"STAT2",-0.0363604356731783,2.18854194360391e-12,4.38412855011643e-12
"CEP120",-0.0363744553733706,2.1464946439736e-12,4.3029765572284e-12
"ERGIC1",-0.0364052065400906,2.057022643977e-12,4.12657013929628e-12
"YIPF4",-0.0365265525478541,1.73830594616996e-12,3.49470624712777e-12
"NPAT",-0.0365405150428066,1.70489846607561e-12,3.42877425798545e-12
"MID1IP1",-0.0365792355342095,1.61551403873291e-12,3.25251406575954e-12
"SCAPER",-0.0366107746069623,1.54611914635345e-12,3.11392065398262e-12
"SORL1",-0.0366160662172482,1.53476617942153e-12,3.0921673996187e-12
"POLR2J3",-0.0366740636992947,1.41557202520925e-12,2.85510223737739e-12
"MARF1",-0.0367188711563027,1.32974961865293e-12,2.68490541242792e-12
"JADE1",-0.036724373886162,1.31956847794994e-12,2.66530942841601e-12
"NSUN6",-0.0367957250680322,1.19428153464568e-12,2.41660797527111e-12
"SUSD6",-0.0368367803756449,1.12756256909747e-12,2.28325305477762e-12
"KPNA5",-0.0369025096791734,1.02828640873902e-12,2.08373088833113e-12
"AGFG1",-0.0369974217003427,8.99900920101227e-13,1.8268738867296e-12
"AP000787.1",-0.0370385778924286,8.49248338721866e-13,1.72529559128806e-12
"LST1",-0.0371063173402133,7.71906490304746e-13,1.56930971041629e-12
"GNLY",-0.0371270194995601,7.49680533947676e-13,1.52467707721167e-12
"ERO1B",-0.0371767508792086,6.98823738259021e-13,1.42331336654137e-12
"ZFYVE16",-0.0372385211844333,6.40351709207921e-13,1.30517100555807e-12
"GNPTAB",-0.0373377724209692,5.56307809609175e-13,1.13511112627358e-12
"KIAA1109",-0.0373731429599582,5.29055788375539e-13,1.08029218763813e-12
"USP6NL",-0.0373838065817904,5.2110002066131e-13,1.06482350081138e-12
"SKIL",-0.0376342307498597,3.64640887577664e-13,7.4866334725898e-13
"CLCN7",-0.0376665968185564,3.48138511589946e-13,7.1530587065858e-13
"GARS-DT",-0.0376709042027086,3.45998377015221e-13,7.11169508132937e-13
"RGPD5",-0.0376798744762509,3.41582860014995e-13,7.02351541462551e-13
"TMEM106B",-0.0377839062279373,2.94246974345361e-13,6.05910773275134e-13
"MYCBP2",-0.0378423056870127,2.70563309745557e-13,5.57551544475668e-13
"CCDC88C",-0.0379047344228106,2.47315379729273e-13,5.10019676680287e-13
"MAP3K2",-0.0379722627617244,2.24375779250221e-13,4.63224747357349e-13
"ITGA4",-0.0379982463406962,2.16117485994163e-13,4.46339984901663e-13
"RBM33",-0.0381654585995416,1.69678135219042e-13,3.51337240429521e-13
"IFI16",-0.0382221088656414,1.56289427248735e-13,3.23973753523378e-13
"PRCP",-0.0383225962665266,1.35046883107557e-13,2.80251053088338e-13
"GCNT1",-0.0383542062961322,1.28971413769812e-13,2.67841634603159e-13
"MAP4K4",-0.0383912066061328,1.22200529544074e-13,2.54062793606667e-13
"MRE11",-0.0383925013701433,1.21970031121104e-13,2.53677736468363e-13
"SYNJ2BP",-0.0385508411232785,9.67780781034832e-14,2.01807153930607e-13
"OFD1",-0.0386684562570645,8.14485819525597e-14,1.70221458028465e-13
"AC118549.1",-0.0386806079330547,8.00079469817771e-14,1.67273053768172e-13
"ATXN7L3B",-0.0388308656838362,6.41361333719953e-14,1.3459216298859e-13
"TMEM168",-0.0388576893845035,6.16483758780289e-14,1.29419997486072e-13
"SHPRH",-0.0389144737458106,5.6690737142153e-14,1.19101582420555e-13
"UBXN7",-0.0389991731791963,5.00158722417291e-14,1.05157244904626e-13
"GABBR1",-0.0390355609910792,4.73914422602603e-14,9.97143005633802e-14
"PCBP1-AS1",-0.0390552350973019,4.60293605892324e-14,9.68847984443032e-14
"KLHL24",-0.0390930384715939,4.35193160233817e-14,9.17394388584723e-14
"ENTPD4",-0.0391174553493529,4.19701562969427e-14,8.85070954138465e-14
"UXS1",-0.0392927760102531,3.23319396128207e-14,6.8387913055668e-14
"WRN",-0.0392935507715504,3.22946024714909e-14,6.83347444060523e-14
"SGK3",-0.0393165115020562,3.12071295829577e-14,6.60586291739026e-14
"STIM2",-0.0394146698674504,2.69502290004252e-14,5.71773608452202e-14
"CARF",-0.0396038982912255,2.02928846447184e-14,4.31840603704664e-14
"ZNF397",-0.0397413904721919,1.64988722868383e-14,3.5190473601897e-14
"ZNF891",-0.0397687446378104,1.5831956009937e-14,3.38066281401667e-14
"ATP9B",-0.0399337118528623,1.23370316256039e-14,2.64041704757384e-14
"RPGR",-0.0399384297903929,1.22491593920437e-14,2.62261245240202e-14
"DIP2B",-0.0399395347335417,1.22286688442982e-14,2.61922654672712e-14
"TRRAP",-0.0399912765858786,1.13059966777584e-14,2.42531165806683e-14
"ZNF441",-0.0400263238151903,1.07203022673563e-14,2.30143399767967e-14
"BBX",-0.0400594597372184,1.01940550870106e-14,2.19013818727834e-14
"PRDM4",-0.0401103431129876,9.43505708977919e-15,2.02862782187536e-14
"DIPK2A",-0.0401118190068354,9.41389305598816e-15,2.02485464695045e-14
"PCMTD1",-0.0401550204440263,8.81467391631007e-15,1.89669568210729e-14
"RNASEH2B",-0.0402911308283963,7.16176692390832e-15,1.54459208859494e-14
"AC093157.1",-0.0402926269977591,7.14541042680574e-15,1.54165808168486e-14
"TCF7",-0.0403042117322335,7.02000154872681e-15,1.51518414930323e-14
"THUMPD3-AS1",-0.0403056548213194,7.00453212960339e-15,1.51242808241745e-14
"ZFP14",-0.0403414233168174,6.63164901284439e-15,1.43246687701278e-14
"GNA12",-0.0403556201282632,6.48912683114342e-15,1.40276338792877e-14
"RALGAPA1",-0.0404036959119831,6.02852239004412e-15,1.30369706203232e-14
"ZNF302",-0.0404177441074347,5.90011367060315e-15,1.27642088331588e-14
"LEMD3",-0.0404837322480699,5.33207514945259e-15,1.15487056891276e-14
"PIBF1",-0.0405292102833382,4.97228755847378e-15,1.07777796497723e-14
"LRBA",-0.0405558194794736,4.77297237262408e-15,1.03537638493677e-14
"AC009950.1",-0.0406983686652453,3.83189588466039e-15,8.34141035755261e-15
"UNKL",-0.0407358257023622,3.61658213317164e-15,7.87883178836808e-15
"RBM5",-0.0407407109622182,3.58939333959813e-15,7.82264283855607e-15
"NUDT3",-0.0407629638112517,3.46807015564142e-15,7.56117592127194e-15
"SIDT1",-0.0408331243188841,3.11138266967624e-15,6.79409525647431e-15
"ZBTB37",-0.040931288586635,2.67222718040589e-15,5.85340024929738e-15
"AC009061.2",-0.0410801067571213,2.12031620981678e-15,4.66086777518987e-15
"CHD9",-0.0410818343305657,2.11461933515674e-15,4.65016996317742e-15
"FTX",-0.0411386577505039,1.93541152962499e-15,4.25775332970525e-15
"ZNF493",-0.0411630939656012,1.86302480446332e-15,4.10011863646329e-15
"BICD2",-0.041163450272202,1.86198930017896e-15,4.09945049933269e-15
"PTPN4",-0.0411888421008057,1.78963642582445e-15,3.9432547683095e-15
"ZNF644",-0.0413072975112513,1.48706780929713e-15,3.28174420798787e-15
"MRNIP",-0.0416549628735649,8.60910997628971e-16,1.90440856939963e-15
"PIK3CA",-0.0416967392210921,8.05943308955845e-16,1.78422469306786e-15
"SNRNP70",-0.0418529693990545,6.29361909826152e-16,1.39661491954686e-15
"XRRA1",-0.0419297094168887,5.5718618864698e-16,1.23743054822035e-15
"TASOR2",-0.0419684964638136,5.23874013496562e-16,1.16529719999771e-15
"GTF2IRD2",-0.0421412470451739,3.97822490045571e-16,8.88438503486938e-16
"CAND1",-0.0422457851844068,3.36604488425723e-16,7.53224826077696e-16
"HS3ST1",-0.042307986449342,3.04689241983151e-16,6.82352836604409e-16
"ZNF141",-0.0423168681369926,3.003824689624e-16,6.7297688346336e-16
"CYB5A",-0.0423365258630074,2.91062562317261e-16,6.5288002064036e-16
"SRSF1",-0.042383078487472,2.70113128749334e-16,6.06131263671882e-16
"FKBP5",-0.0424134778370369,2.57242565780746e-16,5.77481206788761e-16
"HELZ",-0.0424388640737901,2.46959159665746e-16,5.55063504529633e-16
"THADA",-0.0424731511658405,2.3371085907409e-16,5.25497600029698e-16
"TMEM161B-AS1",-0.0425636212207066,2.02024312323559e-16,4.5461557787234e-16
"ARHGAP15",-0.0426824318064244,1.66765905740634e-16,3.76180361680746e-16
"ZNF274",-0.0427101512165159,1.5945604418253e-16,3.59836141606105e-16
"EFCAB13",-0.0427675404662687,1.45311337551682e-16,3.28578442320134e-16
"GALNT2",-0.0427724004929182,1.44171939240831e-16,3.26133696158278e-16
"RCN2",-0.0429542999727735,1.07312856085967e-16,2.44035447396469e-16
"ANGPTL1",-0.0430016865188044,9.93481173686701e-17,2.26198701374765e-16
"RASA1",-0.0430133253447749,9.74827954552182e-17,2.22313166671285e-16
"RP9",-0.0430143760652339,9.7316108938172e-17,2.22023432245499e-16
"MTRNR2L8",-0.0430394151541264,9.34260122516869e-17,2.13322093200855e-16
"SMG1",-0.0432812707505935,6.29244616616176e-17,1.43970551375294e-16
"ZDHHC17",-0.0433110570755443,5.99259258581607e-17,1.37278163898388e-16
"ZBTB44",-0.0433263218036049,5.84443233727214e-17,1.33938893294031e-16
"GCA",-0.0433969691333759,5.20444579990324e-17,1.19320920692829e-16
"SP1",-0.0433994022153696,5.18368260284941e-17,1.18893555522357e-16
"AC005670.3",-0.0434543541560139,4.7359047392749e-17,1.08712305101142e-16
"LINC00909",-0.0435715380999929,3.90455995280049e-17,8.98128964913164e-17
"METTL16",-0.0435945057462283,3.75937524770023e-17,8.65800195821094e-17
"CELF1",-0.0436845658343535,3.23970489828926e-17,7.46731980877291e-17
"NFKBIZ",-0.0437477179975134,2.91824377016789e-17,6.73468617911429e-17
"FLI1",-0.0438645733123206,2.40422577175613e-17,5.55760154668017e-17
"MEX3C",-0.0439275229291933,2.16548369964426e-17,5.01193148830889e-17
"PDP1",-0.0439970591982794,1.92889264825231e-17,4.47174160714454e-17
"TRIO",-0.0441779381261979,1.42639903597062e-17,3.31229726387705e-17
"SEL1L3",-0.0441890265624649,1.40019691109847e-17,3.25280087061904e-17
"MLH3",-0.0442865546857854,1.18927817734994e-17,2.76510878843379e-17
"DENND11",-0.0443202777847201,1.12390663994959e-17,2.61964256777264e-17
"HMBOX1",-0.0443305183849842,1.10476679244003e-17,2.57717567865748e-17
"ZNF431",-0.0443636114562944,1.04508806358412e-17,2.43999093127747e-17
"TRPM7",-0.04438224708353,1.01289348543614e-17,2.36581168137107e-17
"SECISBP2L",-0.044388361335535,1.00254539267261e-17,2.34261858337893e-17
"SECISBP2",-0.0445789920590181,7.27371965711981e-18,1.7081804528104e-17
"EDEM1",-0.0446817842336422,6.11469640280083e-18,1.44021928309871e-17
"CEP68",-0.0446953727404816,5.97581550988632e-18,1.40810023857271e-17
"INO80D",-0.0447795218896237,5.18253594800457e-18,1.22323572881473e-17
"VCAN",-0.0447926379233867,5.06863436596749e-18,1.19736065304867e-17
"METTL8",-0.0448515848962361,4.58649585853396e-18,1.08575500015421e-17
"ARHGEF18",-0.0451424002319636,2.7957580382617e-18,6.63799947956923e-18
"SMAD4",-0.0452272275529911,2.41844264118814e-18,5.74700773580601e-18
"MAP3K1",-0.04544300097094,1.67053032360059e-18,3.98663840753597e-18
"INPP5D",-0.0455469684504328,1.3968981742654e-18,3.33931996332074e-18
"GPBP1",-0.045575084813827,1.33083721982796e-18,3.18275801377302e-18
"PIM1",-0.0456460800136757,1.1774480631296e-18,2.81953253595078e-18
"ZNF737",-0.0457031736819987,1.06687490864211e-18,2.56022551983911e-18
"ZNF207",-0.0457357536217448,1.00844093457336e-18,2.42207447450489e-18
"AL021368.2",-0.045752388890356,9.79835315467011e-19,2.35538952872564e-18
"FAM133B",-0.045843626819658,8.36624655897952e-19,2.01372354863963e-18
"DLEU2",-0.0458771104365171,7.89429127364226e-19,1.90176023327614e-18
"ZNF770",-0.0459439649856747,7.02925010241777e-19,1.69701852688112e-18
"UHRF2",-0.0459794780472306,6.608533666118e-19,1.5968247223437e-18
"TTC14",-0.0460175162973468,6.1854711130043e-19,1.49718339256427e-18
"TNFRSF13C",-0.0460360362164459,5.98928896187845e-19,1.45032457740948e-18
"KANSL1",-0.046064324058661,5.70143806237504e-19,1.38241361850055e-18
"ARL17A",-0.0461702361282658,4.74002709181259e-19,1.15129625937738e-18
"RUFY3",-0.0461785896412761,4.67140273075791e-19,1.13512046399024e-18
"PRPF4B",-0.0462392570343783,4.20161692475379e-19,1.02229610753892e-18
"PARVB",-0.0462500980443028,4.12272807578942e-19,1.00353759028668e-18
"ATP6V0A1",-0.0463999912339492,3.17083957968269e-19,7.7284040408193e-19
"STT3B",-0.0465351049855871,2.50089349166868e-19,6.11147663474533e-19
"ZBTB25",-0.0465514014950991,2.43020340375732e-19,5.94132224550185e-19
"BRWD1",-0.0465975048271087,2.24073628263562e-19,5.48529891566525e-19
"MSH6",-0.046619340523807,2.15616813973462e-19,5.28058493688395e-19
"MATR3.1",-0.046626203114366,2.13024697866401e-19,5.22166885229633e-19
"TRIM23",-0.0466266419521416,2.12859992859352e-19,5.21991602454129e-19
"CNTRL",-0.0466286205166191,2.12118957345738e-19,5.20402225183302e-19
"WDR11",-0.0469331218119011,1.23804662041328e-19,3.05610362315327e-19
"PMAIP1",-0.0470125835969773,1.07514833981322e-19,2.65985240781529e-19
"ZNF721",-0.0471242227402339,8.81490689258341e-20,2.18558182847984e-19
"CLK4",-0.0471560275610232,8.32931081791758e-20,2.06701240102598e-19
"MOB3B",-0.0473700687042362,5.68293820093562e-20,1.41593135513525e-19
"ERAP2",-0.0473933709825628,5.45070042519462e-20,1.35988298804076e-19
"HDAC9",-0.0475768897246995,3.9213557556945e-20,9.81828948933612e-20
"BAZ2B",-0.0477815786262936,2.71195147195291e-20,6.80539435233345e-20
"PPP1R10",-0.0477844037767852,2.69815386461888e-20,6.77380537684014e-20
"GCC2",-0.0478822635040399,2.26076507791483e-20,5.68336858231641e-20
"ATP10D",-0.0479537954637006,1.98614738546453e-20,4.99973550830869e-20
"CCDC191",-0.0480576875636339,1.64504032995387e-20,4.15226268051899e-20
"NAIP",-0.048359693982866,9.49074705251508e-21,2.41077887714907e-20
"LRCH1",-0.0484053622559704,8.73072739626584e-21,2.21973691087086e-20
"RBM12B",-0.0485167355457755,7.12040906990494e-21,1.81279141820625e-20
"ATR",-0.0486060647746079,6.04422533125242e-21,1.54301303921353e-20
"ZSCAN18",-0.0486127919156056,5.97002632188585e-21,1.5247659566294e-20
"BTAF1",-0.0487128797419554,4.96680759702883e-21,1.26911903973351e-20
"HERC1",-0.0487677479086724,4.48960534829139e-21,1.14823194318631e-20
"UBE2O",-0.0488933232345608,3.56141997647943e-21,9.12929669943308e-21
"PIK3C2B",-0.0489201959933228,3.38895069147486e-21,8.6951501708432e-21
"SNX10",-0.0489419698075966,3.25528678410479e-21,8.35986303428287e-21
"SLF1",-0.0490426079535653,2.70219178561855e-21,6.94902488119811e-21
"CASD1",-0.0490725686017865,2.55627837882523e-21,6.57680992181907e-21
"TMPO",-0.0491815442336613,2.08832494755565e-21,5.38027048355989e-21
"SYNE2",-0.0492248575546148,1.92683256370973e-21,4.97335907342774e-21
"TRIM44",-0.049278327543846,1.74442232100857e-21,4.50877222887355e-21
"MFN1",-0.0497892009966887,6.70885536402582e-22,1.74611054339724e-21
"RB1CC1",-0.0498490122246026,5.9949542195704e-22,1.56175528296808e-21
"Z99127.4",-0.0498630334986251,5.83879043438649e-22,1.52178060600273e-21
"HPS4",-0.0499879144293728,4.61410464113992e-22,1.20426841076536e-21
"AC005261.1",-0.0500769793618305,3.89959422120019e-22,1.01968381106173e-21
"SRSF10",-0.0500812638407541,3.8681316239208e-22,1.01192924920973e-21
"AC016831.5",-0.0501635274537797,3.31049920705328e-22,8.68076126343888e-22
"DENND4A",-0.050279784686004,2.65559590554695e-22,6.97000593578654e-22
"PIAS2",-0.0502879531332289,2.61473399329313e-22,6.87241909734153e-22
"STX7",-0.0503596933520307,2.28157628381753e-22,6.00239960810802e-22
"AMD1",-0.0503820179189794,2.18674499956016e-22,5.76103421568037e-22
"ZBED5",-0.0505067304276783,1.72446999287262e-22,4.55601718399978e-22
"AC058791.1",-0.0505501625986022,1.58736366110493e-22,4.19576397633256e-22
"PRPF38B",-0.0506546520434866,1.30014731866304e-22,3.44145800181081e-22
"CD38",-0.0507438257313335,1.09616288152564e-22,2.90701150540962e-22
"AC008969.1",-0.0508530210840453,8.89081335189311e-23,2.36118755732353e-22
"SFPQ",-0.0508624215504541,8.7318074304036e-23,2.32005946004225e-22
"RBM26",-0.0509967654703985,6.74439717835767e-23,1.79540725266071e-22
"SNHG25",-0.0510138480583145,6.52619936949553e-23,1.73814753535637e-22
"VCL",-0.0512060245773703,4.50459888169403e-23,1.20661206773641e-22
"CHPT1",-0.0513420327041364,3.46217332280321e-23,9.28718045068044e-23
"CREBZF",-0.0513541427130736,3.38186696518279e-23,9.07610774891653e-23
"AKAP9",-0.0513884653167266,3.16414454331104e-23,8.49586461509354e-23
"CWF19L2",-0.051411221773521,3.02750244770318e-23,8.13287348181559e-23
"AFF4",-0.0514264144079736,2.93954684638642e-23,7.90038478244259e-23
"AC243960.1",-0.0514734175100313,2.68313964798339e-23,7.21472163627219e-23
"GLCCI1",-0.0514761626825812,2.66886867717878e-23,7.17979513010486e-23
"DYRK2",-0.0515497533259475,2.3130988284059e-23,6.22868583552954e-23
"ZNF652",-0.0515697930476805,2.22463809850602e-23,5.99336122642242e-23
"LCOR",-0.0516947582570489,1.7438515702972e-23,4.70260599192807e-23
"ZNF33B",-0.0516951139357726,1.74264196817716e-23,4.70160773784213e-23
"TRIM13",-0.0517410344542056,1.59325381451805e-23,4.30270714325727e-23
"GNB4",-0.0517629749085217,1.52642595085951e-23,4.12621223492475e-23
"PNN",-0.051826495424198,1.34820426652106e-23,3.64796719651422e-23
"MT-ATP8",-0.0519089433558542,1.14728588528617e-23,3.10882837130519e-23
"JUP",-0.0520450799585698,8.78434843380953e-24,2.38724578252145e-23
"SYNE1",-0.0521141800705407,7.66893334575075e-24,2.08817188476179e-23
"CREB3L2",-0.0521254607352729,7.50066847231746e-24,2.04334844909777e-23
"CSNK1G3",-0.0521983320090901,6.49845171660706e-24,1.77204615699689e-23
"HNRNPU",-0.052259722883044,5.7579327387123e-24,1.57088072428288e-23
"NUMB",-0.0524097914522705,4.28123556114245e-24,1.17085939345502e-23
"USP15",-0.0524379768028679,4.04908596869691e-24,1.10845212662128e-23
"LINC00662",-0.0525145242547149,3.47964901995433e-24,9.53498735849521e-24
"JPX",-0.0525721565005086,3.10396020223494e-24,8.51384970260427e-24
"HECTD4",-0.0525819843000105,3.04403330921726e-24,8.35766204163032e-24
"DMTF1",-0.0527475075861646,2.19086078358355e-24,6.03294555007447e-24
"FAM53B",-0.052800698385932,1.97070168638108e-24,5.42936554127911e-24
"CHML",-0.052821999456295,1.88881357912345e-24,5.20632128773152e-24
"RICTOR",-0.053005081843338,1.31058584048772e-24,3.62140665642413e-24
"ADAM17",-0.0530263643871923,1.25597024278382e-24,3.47392065670725e-24
"CCL28",-0.0531151600354025,1.05140963263208e-24,2.91387696802192e-24
"KMT2A",-0.0531425167802918,9.95313023963511e-25,2.75977636000971e-24
"AGPAT5",-0.0531529891519916,9.74632669697181e-25,2.70377294847643e-24
"TAF1D",-0.0531777568182584,9.27401266789663e-25,2.57402105812136e-24
"TCOF1",-0.0532602405799325,7.85869841753477e-25,2.18227911931642e-24
"PRRC2B",-0.053381059178491,6.16326653237305e-25,1.71743561431948e-24
"MKLN1",-0.0533923894088112,6.02422862795323e-25,1.67952735416456e-24
"PSME4",-0.0535450815613798,4.42744440601805e-25,1.23928616282394e-24
"NUP88",-0.0537786244108786,2.75965625357513e-25,7.75556180445273e-25
"ZNF318",-0.0539090318869074,2.11755615947191e-25,5.96601209718418e-25
"RIC3",-0.0539807758385596,1.82994919391278e-25,5.17131454848915e-25
"NEIL1",-0.0541231086897095,1.3690561308568e-25,3.88257386781212e-25
"RSRP1",-0.0542187281449469,1.12610302207474e-25,3.20005227125348e-25
"AC119396.1",-0.0543160201158717,9.22781839976421e-26,2.6289425664842e-25
"KDM4C",-0.0544988883376147,6.34073739314876e-26,1.81196276219522e-25
"ALOX5",-0.0545843750531171,5.31831795059419e-26,1.52134314817559e-25
"PECAM1",-0.0547666277467267,3.65235067391258e-26,1.0458494951219e-25
"EPM2AIP1",-0.054816748292127,3.29303777632604e-26,9.43925516131123e-26
"ATM",-0.054832680467386,3.18633494427616e-26,9.14275718385796e-26
"KLF7",-0.05503148272698,2.11078417601609e-26,6.07840728527822e-26
"ICOSLG",-0.0551279447489866,1.72756126320311e-26,4.9876652758766e-26
"FAM214A",-0.055309426750466,1.18392738301709e-26,3.42519487204478e-26
"CIITA",-0.0553724211169453,1.03809361017634e-26,3.00639209441453e-26
"GUCD1",-0.055636935600244,5.96786333109631e-27,1.73371382352025e-26
"RBMS1",-0.0556805906224287,5.44542465900253e-27,1.58358377544513e-26
"HGSNAT",-0.0558660823198221,3.68663828718429e-27,1.07434240616645e-26
"RHBDD1",-0.0559463484891767,3.11282135426661e-27,9.09015245320505e-27
"TRDMT1",-0.0561411920824915,2.06233079482921e-27,6.03506519427293e-27
"SCAI",-0.056176069033968,1.91553010432684e-27,5.61427740153565e-27
"MBNL1",-0.05625466241856,1.6216238084552e-27,4.76033278362557e-27
"SLC12A6",-0.056472975165461,1.01973062304961e-27,3.00605853668467e-27
"SNX22",-0.0565857297944137,8.0191802926726e-28,2.36770842484234e-27
"WWC3",-0.056614687775793,7.53868891354014e-28,2.22701458885751e-27
"PIM3",-0.0566385551764673,7.16421605961392e-28,2.117507870707e-27
"S1PR1",-0.0567506975161472,5.63740658763415e-28,1.66799335960586e-27
"GOLGA8B",-0.0569768440804778,3.47178059996428e-28,1.03104152388123e-27
"TAPBP",-0.0574766006514447,1.18132947746432e-28,3.52698635569172e-28
"ZBTB20",-0.0575474369140749,1.01317041359628e-28,3.02879570503847e-28
"UBR5-AS1",-0.0576257561075096,8.54780137586061e-29,2.55749121293778e-28
"DENND2D",-0.0581081804802759,2.98469170128259e-29,9.00714343689858e-29
"TUG1",-0.05818817446892,2.50474610836684e-29,7.56284795307961e-29
"TNFAIP8",-0.0582043544458972,2.41741653993658e-29,7.30310142404788e-29
"DGKA",-0.0582387284683525,2.2417875151625e-29,6.77617478274427e-29
"DPYD",-0.0582685179537843,2.09986207178996e-29,6.35403968886848e-29
"MYC",-0.0584808368613793,1.31622999753551e-29,3.99577464292487e-29
"ARAP2",-0.0585157341607986,1.21876318252616e-29,3.70792644504564e-29
"PHF3",-0.0586569631856494,8.92272583999699e-30,2.71905263491965e-29
"MZB1",-0.0588015049640969,6.47983515931914e-30,1.97785050285267e-29
"PDCD4",-0.0590069625526371,4.10671275042107e-30,1.25761061318253e-29
"SPG7",-0.0591141974934584,3.23476825470032e-30,9.927636709357e-30
"MBTPS1",-0.0591858303557116,2.75740302724508e-30,8.48583206351633e-30
"KDM6B",-0.0592507711276381,2.38541238418477e-30,7.35316167518926e-30
"AL034397.3",-0.0592887282729284,2.19152244127109e-30,6.75920550306132e-30
"CREBRF",-0.0593117272161865,2.08173813924725e-30,6.42414067103242e-30
"AC097376.3",-0.0594434575769029,1.55031518449365e-30,4.80271866612221e-30
"CNR2",-0.0594664765244595,1.47239018828727e-30,4.56383920564305e-30
"MSI2",-0.059583485050076,1.13251076755168e-30,3.51813245094672e-30
"VPS37B",-0.0595944366716272,1.10500118511488e-30,3.4345791552877e-30
"FAM177B",-0.0597699869290502,7.44572581984625e-31,2.32072956688697e-30
"PLEKHG1",-0.0597797751771092,7.28336977105635e-31,2.27138942581774e-30
"MARCKSL1",-0.0600324117780993,4.11783986791419e-31,1.28993406600601e-30
"SLC39A10",-0.0600404266381361,4.04385350022035e-31,1.26746633770197e-30
"FAM107B",-0.060053830664973,3.92305648255746e-31,1.2302933571559e-30
"VPS13C",-0.0600654645671292,3.82111997486791e-31,1.19899680555939e-30
"RNASE6",-0.0602395223118424,2.57550754602856e-31,8.09507169770256e-31
"CAMK2D",-0.0604463879437816,1.60916813651682e-31,5.08058102177603e-31
"LY9",-0.0608548257325723,6.3279539100552e-32,2.00809460907757e-31
"ADPRM",-0.0609220804915821,5.4232415363751e-32,1.72392598440618e-31
"GBP4",-0.0609379627882886,5.22907716216429e-32,1.66314941426929e-31
"HLA-DOB",-0.0610376094283775,4.15899601947024e-32,1.32430566828043e-31
"N4BP2L2",-0.0614217191780836,1.71466049057135e-32,5.48789337582295e-32
"H1FX",-0.0614572338884877,1.57934676977751e-32,5.06639247280861e-32
"SGSM3",-0.0614908103055973,1.46118912725266e-32,4.70081579652047e-32
"JMJD1C",-0.0615058056550397,1.41129638919537e-32,4.55076055030702e-32
"RASA2",-0.0616068947522339,1.11636900395909e-32,3.61432531281783e-32
"DERL3",-0.0617690522634726,7.65854054061747e-33,2.48669481553614e-32
"TNFAIP3",-0.0617772355038905,7.51407505874784e-33,2.44120269165004e-32
"RAB30-DT",-0.0618627813113684,6.15676339948699e-33,2.0025570151293e-32
"ATP11A",-0.062052572947715,3.95337226275889e-33,1.28887299439538e-32
"DICER1",-0.0625876880715701,1.12560540011664e-33,3.70418087312181e-33
"GNG7",-0.0626933127735597,8.77293611771456e-34,2.8938289278751e-33
"SLC35E3",-0.0626989715597328,8.6564710255387e-34,2.85877913997891e-33
"MBNL2",-0.0632691356388955,2.2380259428838e-34,7.46586260041226e-34
"PDK1",-0.0633604027889301,1.80026142784278e-34,6.01985925811786e-34
"EPB41L2",-0.0633731684096494,1.74623558036444e-34,5.84269144899714e-34
"HNRNPH1",-0.0634262521093363,1.53832546494583e-34,5.15320629734545e-34
"ZRANB2",-0.0634537229769844,1.44058671217412e-34,4.83157255981273e-34
"AGO2",-0.0635443908285127,1.15973449873076e-34,3.8966244315483e-34
"IRS2",-0.0635783846193624,1.06908732662904e-34,3.59853252190459e-34
"NFKBID",-0.0639144410179267,4.77070638484065e-35,1.61259664824939e-34
"ZNF506",-0.0640562839311144,3.38938458894349e-35,1.14706604729139e-34
"RERE",-0.064068897135599,3.28778343715888e-35,1.11335399223258e-34
"XIST",-0.0642446132749737,2.15028995287419e-35,7.29483587283363e-35
"PCDH9",-0.0643980307506471,1.4827949111838e-35,5.04258305861595e-35
"AC108863.2",-0.0646394148406617,8.24776386873169e-36,2.81166922877457e-35
"COA1",-0.0646765618676103,7.53440227257908e-36,2.57004793719339e-35
"MBD4",-0.0647464357327916,6.35459591751568e-36,2.16892697952501e-35
"SIK3",-0.0649474819905547,3.88900558832031e-36,1.3298119841381e-35
"OGA",-0.0650753840335129,2.84335026554818e-36,9.76985158478823e-36
"LINC01215",-0.0650958026552364,2.70453731477162e-36,9.31045697605153e-36
"LINC01678",-0.0652277245220016,1.956532299578e-36,6.74371532919163e-36
"AL139020.1",-0.0653228338803067,1.54860590443674e-36,5.34426473860147e-36
"NLRP1",-0.0655856070127322,8.10247402365236e-37,2.80655269056752e-36
"ODF2L",-0.0660953683374697,2.28907893133891e-37,7.99322387433244e-37
"KAT6B",-0.0661718651247059,1.8919801367182e-37,6.62311296609916e-37
"PTPRK",-0.0662733891294497,1.46877025789382e-37,5.14804894522108e-37
"MHENCR",-0.0664716265981347,8.94858494304521e-38,3.15028436618455e-37
"PPP1R3E",-0.0665661364278203,7.06207426351528e-38,2.49084873740233e-37
"RNGTT",-0.0666410489868723,5.85231341460907e-38,2.07198529931893e-37
"CD83",-0.0666697084852229,5.44607528358712e-38,1.92937809382489e-37
"BAZ2A",-0.0666904887049969,5.16917383872328e-38,1.83243940953728e-37
"AP3B1",-0.0667071650982974,4.95711614083122e-38,1.75837919599719e-37
"PLCL2",-0.0669170059293588,2.92367457826509e-38,1.0390546518314e-37
"ZBTB10",-0.066969586172506,2.56070951196306e-38,9.11794912683095e-38
"FAM126A",-0.0673685941504022,9.3331294535125e-39,3.34452066980957e-38
"ZNF107",-0.0674680879338577,7.24975102193335e-39,2.60127197141888e-38
"MARCH6",-0.0674986544398262,6.7079112177624e-39,2.40994295899212e-38
"NFKB2",-0.0676006028490246,5.17556991962353e-39,1.8618090635717e-38
"USF3",-0.0680381462670443,1.69296908282723e-39,6.1453790232763e-39
"SHISAL2A",-0.0680703352949462,1.55891558113639e-39,5.66244239296037e-39
"GPR160",-0.068128673065202,1.34229966978225e-39,4.88196133146129e-39
"MARCH3",-0.0683162631273773,8.28984428115953e-40,3.02091202464376e-39
"PIK3CG",-0.0686259167622,3.73073430059713e-40,1.36484930226287e-39
"ZDHHC23",-0.068737135630539,2.79813467373829e-40,1.02769523328578e-39
"ZNF101",-0.0691445210262368,9.71742504805857e-41,3.59493379750172e-40
"BRAF",-0.0692373328551939,7.63007769411544e-41,2.82645933629237e-40
"KAT6A",-0.0694022436545909,4.96106868643114e-41,1.84141456015247e-40
"ANKAR",-0.0695247222733318,3.6011228778073e-41,1.34197533190943e-40
"NPIPB5",-0.0698772953572844,1.42738853469975e-41,5.36204103477751e-41
"IL13RA1",-0.0699157471307392,1.28999625907015e-41,4.85243052186161e-41
"CD79B",-0.0702120232660298,5.90348613888544e-42,2.23113534844112e-41
"ABCA1",-0.070567234276877,2.30254826754815e-42,8.76721471552495e-42
"SNHG14",-0.0708690703862549,1.03069555749703e-42,3.9351914229999e-42
"CDK13",-0.071029867836825,6.70745051103969e-43,2.56790364404192e-42
"STAP1",-0.0713069811831679,3.19176857255042e-43,1.22951140129676e-42
"VAV3",-0.0715432700629469,1.69055039869031e-43,6.53018812625132e-43
"NSD3",-0.0716668432632659,1.21149505123261e-43,4.69915774373533e-43
"ZNF292",-0.0716726572976113,1.19263390601396e-43,4.62920478696065e-43
"PDE4DIP",-0.0718183655892123,8.04535736966855e-44,3.13366110066158e-43
"LTA4H",-0.0719214618448836,6.08654873935438e-44,2.37400832096963e-43
"CEP85L",-0.0719574050705341,5.52184663454284e-44,2.15525177700867e-43
"ASH1L",-0.0719612715123723,5.46429654004265e-44,2.13427649377817e-43
"SAV1",-0.0720991409428581,3.75948049110433e-44,1.47250700913814e-43
"SPPL2B",-0.0725429696515482,1.12252940748535e-44,4.42455116912416e-44
"LINC01138",-0.0725841984620635,1.00293203968524e-44,3.95871906573434e-44
"CHD7",-0.0726697332456507,7.93740744965333e-45,3.13743254237885e-44
"ANKRD44-IT1",-0.0727654959626029,6.10654670197081e-45,2.41886620068872e-44
"LINC01480",-0.0727689922475856,6.0483231842424e-45,2.3974988078515e-44
"BTLA",-0.072799201741069,5.56770694983723e-45,2.21011528178868e-44
"GSAP",-0.0729806947197528,3.38321251189096e-45,1.34660948874279e-44
"PKN2",-0.0736827994468558,4.86758781114434e-46,1.95716865256421e-45
"APPL1",-0.0744107316416539,6.39442027780874e-47,2.58967085871343e-46
"LINC-PINT",-0.0748583165956289,1.81750082540292e-47,7.41429142249216e-47
"NRIP1",-0.0750506770756036,1.05601243734917e-47,4.31731800116254e-47
"SMCHD1",-0.075085407592513,9.57260013064933e-48,3.91930799208822e-47
"CEPT1",-0.0751710413964175,7.51297086167106e-48,3.07828454983318e-47
"DDX17",-0.0751888054309395,7.14446960370911e-48,2.92944174600108e-47
"CD200",-0.0755364941017655,2.66335595799258e-48,1.09767893456339e-47
"LUC7L3",-0.075917423029694,8.98759654177668e-49,3.71509433435359e-48
"PELI1",-0.0760113849270427,6.86917687261531e-49,2.84994516026062e-48
"IL6ST",-0.0760538357141582,6.08297583994228e-49,2.52750353705613e-48
"ITM2B",-0.0764272517195931,2.08204817195717e-49,8.70265060532247e-49
"MT-ND5",-0.0764798969327221,1.78921164394686e-49,7.49541841267492e-49
"SMAP2",-0.0770050187396347,3.92235008019914e-50,1.65554504892203e-49
"SPOCK2",-0.077071522007986,3.23408142616267e-50,1.3691678055886e-49
"EBLN3P",-0.0771583459420461,2.51328598014135e-50,1.06481957449105e-49
"TLE4",-0.0771744238459239,2.39855479188177e-50,1.01775040828256e-49
"FOXO1",-0.0772207336911938,2.09641519900164e-50,8.90896929408815e-50
"JCHAIN",-0.077609479507275,6.74910753352023e-51,2.88342877919503e-50
"FCHSD2",-0.0778678080794937,3.16795059572485e-51,1.36071252198274e-50
"PNISR",-0.0779933713278273,2.19142996001364e-51,9.44169169695108e-51
"MLXIP",-0.0781963628860463,1.20624184093016e-51,5.21308684494583e-51
"KHDRBS2",-0.0783587423691137,7.4736094355859e-52,3.23740807801366e-51
"PARP8",-0.0783704529244526,7.21971327601998e-52,3.12984628939535e-51
"TMEM131L",-0.0787322423088962,2.47555905433154e-52,1.07652222541234e-51
"RAB30",-0.0789884890754859,1.15646672051745e-52,5.05649500516646e-52
"SEC62",-0.0791372217144029,7.42649566051087e-53,3.25475760520511e-52
"CDCA7L",-0.0791553797923818,7.03519306938513e-53,3.08809689511176e-52
"OGFRL1",-0.0791760128122427,6.61541985900409e-53,2.90611502982603e-52
"ABCB4",-0.0792765323022884,4.90106277140338e-53,2.15808589486088e-52
"SLC9A7",-0.0793827801204653,3.56795284767566e-53,1.57231344609216e-52
"RIPOR2",-0.0794130956062093,3.25871655585129e-53,1.43717097868686e-52
"AC245297.3",-0.079502579355542,2.49310559906052e-53,1.10212189900063e-52
"DDHD1",-0.0797117547766917,1.33153653392171e-53,5.90961658200913e-53
"RUBCNL",-0.0797524298858781,1.17842675066167e-53,5.23838748448892e-53
"CHD2",-0.0797574279577789,1.16086571205039e-53,5.1644232352615e-53
"HVCN1",-0.0797578428251562,1.15941981690152e-53,5.16209093359733e-53
"SCN3A",-0.080325554591856,2.09369951730512e-54,9.44187680871658e-54
"LINC02397",-0.0805210511212586,1.15802303759866e-54,5.24764323105993e-54
"AFF1",-0.0814886248857148,6.04666798565358e-56,2.76694341402334e-55
"HIP1R",-0.0816120024173485,4.13916686900144e-56,1.89562335513304e-55
"WASHC4",-0.0821626941878657,7.57108859157176e-57,3.51040291402264e-56
"ABLIM1",-0.082243889290621,5.88789714462933e-57,2.73450347488133e-56
"MT-ND4L",-0.0830025845228354,5.55083423689159e-58,2.61702210107995e-57
"NOTCH2",-0.083205651616573,2.93930917480281e-58,1.39281477902458e-57
"STMN3",-0.0832722377232263,2.38539032447938e-58,1.13129307429374e-57
"STRBP",-0.0833497836171423,1.87005819213552e-58,8.88396601709164e-58
"PARP14",-0.0837214078452363,5.8064730320756e-59,2.77019211692125e-58
"ZEB1",-0.0841011851411397,1.74773628381272e-59,8.39542961032165e-59
"CCNL1",-0.0842310466015572,1.15779112317679e-59,5.58071263417657e-59
"STK17A",-0.0845659118570742,3.99181615485393e-60,1.93577162626293e-59
"HIF1A",-0.0848014484438896,1.88269512222181e-60,9.15362446142739e-60
"PTK2B",-0.0850748133539464,7.84915969410186e-61,3.83288085847119e-60
"ZNF92",-0.0853218245665273,3.5517028155348e-61,1.74347830585543e-60
"P2RY14",-0.0854041530337524,2.72539594460981e-61,1.34020567917116e-60
"STAG3",-0.0855110028950748,1.931974173426e-61,9.53390955538243e-61
"USP12",-0.0859845337066603,4.18319534006797e-62,2.0752946943951e-61
"KLHL14",-0.0861915178761581,2.13742703628911e-62,1.06320859948981e-61
"AC006230.1",-0.0863108613080613,1.45020356036122e-62,7.22650368468255e-62
"EIF2AK3",-0.0864128296828209,1.04065487283076e-62,5.19492686517386e-62
"AC025164.1",-0.0866746282529317,4.43092809525102e-63,2.22181094552381e-62
"SP140L",-0.0872690544573657,6.31464827967302e-64,3.20365443971455e-63
"C1orf162",-0.087516526199639,2.79487409714272e-64,1.4269908676478e-63
"SESN1",-0.0877384479525315,1.34295849095767e-64,6.90717218352056e-64
"C12orf42",-0.0881497675455514,3.43527656510536e-65,1.77499852778184e-64
"BCL7A",-0.088383309536256,1.5795411064077e-65,8.19926759683922e-65
"CD40",-0.0901029587915949,4.85475234590498e-68,2.57983566313224e-67
"AUTS2",-0.0903857353053179,1.85506068860307e-68,9.92377738000554e-68
"EPB41",-0.0906665166858652,7.11522554633528e-69,3.82093751534266e-68
"SLC16A7",-0.0907876563566805,4.70148283918181e-69,2.52958745266641e-68
"S100A8",-0.0908226226811401,4.17106537346146e-69,2.24635934199593e-68
"PHC3",-0.0910530710494482,1.89282715879485e-69,1.02432124796232e-68
"CD44",-0.0914243954021502,5.27670915095906e-70,2.86940271403123e-69
"SP100",-0.0915361299711752,3.58912361134984e-70,1.9574178526943e-69
"FADS3",-0.0919905254763742,7.45058046337901e-71,4.09526017422825e-70
"PRKCB",-0.092279689195002,2.72833818135003e-71,1.50555883288094e-70
"ZCCHC7",-0.0928657163068567,3.52737105078318e-72,1.96000052137268e-71
"SATB1",-0.0929180184460078,2.93685152566217e-72,1.633496067054e-71
"USP8",-0.093126206909217,1.41484269707999e-72,7.88510840432338e-72
"REL",-0.0932345714757712,9.66788124084159e-73,5.3934066563699e-72
"QRSL1",-0.0943957749765577,1.58849919020168e-74,9.041853622276e-74
"DDX6",-0.0944731007058178,1.20606865346456e-74,6.87201477930318e-74
"NCF1",-0.0946078033843153,7.46043337743818e-75,4.26386605581951e-74
"MARCH1",-0.0951486932283682,1.07667017702267e-75,6.17871891547538e-75
"TMEM63A",-0.0954521564087435,3.61658254933433e-76,2.08399988259481e-75
"CXCR5",-0.0959432801618512,6.14172753156368e-77,3.57215118424592e-76
"CHMP7",-0.0960543881507779,4.10709616339715e-77,2.40626000117023e-76
"SF1",-0.0961333069708139,3.08520014054717e-77,1.81134234666716e-76
"LYZ",-0.096515608635746,7.68981551803372e-78,4.54331821904081e-77
"PLEKHA1",-0.0965417017241243,6.99271897509184e-78,4.13582037798199e-77
"NKTR",-0.0972044767873129,6.20276146112213e-79,3.70775527681377e-78
"RALGPS2",-0.0978519824207291,5.72423051888833e-80,3.45117493393903e-79
"S100A9",-0.0979913406957119,3.42041353862318e-80,2.06663821249498e-79
"RCSD1",-0.0981196533550195,2.12755350644519e-80,1.28965662225103e-79
"IRF1",-0.0982194544980128,1.46997905738771e-80,8.92988362302449e-80
"SMAD3",-0.0984430804883673,6.41091326527855e-81,3.9157606541794e-80
"JARID2",-0.0990484783033805,6.71585713568557e-82,4.17486302075193e-81
"PDE7A",-0.0990683016648665,6.23612624457275e-82,3.88094923287244e-81
"TCP11L2",-0.0991677819107732,4.2982668108674e-82,2.68689647407012e-81
"HLA-DMB",-0.0997381921217591,5.05118957467208e-83,3.18241988838452e-82
"YBX3",-0.100548673929155,2.35946142425691e-84,1.50516440059943e-83
"TCL6",-0.10059703372506,1.96369604104874e-84,1.25412332108483e-83
"ATF7IP",-0.101029795439924,3.78248435274085e-85,2.43793956958591e-84
"ANKRD44",-0.101284121219309,1.43204318571545e-85,9.25129628972579e-85
"TRIM73",-0.102605192099411,8.86166479514013e-88,5.85308779688442e-87
"PLPP5",-0.103381466242878,4.32761153336436e-89,2.90634918445729e-88
"MICAL3",-0.10380219313389,8.3438436727516e-90,5.67158597221865e-89
"PLEKHA2",-0.107862234306811,7.42788142887767e-97,5.29307428538726e-96
"CD69",-0.107925267806687,5.74423366472713e-97,4.09852901352059e-96
"ADAM28",-0.108636275546421,3.1291610724907e-98,2.2469783547462e-97
"CR1",-0.108678357464897,2.6324667169768e-98,1.8976121083381e-97
"TRIM22",-0.108877214073549,1.16210356308202e-98,8.39863491202889e-98
"PAWR",-0.10997640645078,1.23130124400502e-100,9.03868711359387e-100
"SERPINB9P1",-0.110908662203387,2.50929837289724e-102,1.86400267726756e-101
"CD24",-0.111193253637861,7.59439443672621e-103,5.67149376534714e-102
"NFKBIA",-0.112059529664242,1.95954805369755e-104,1.48517302418944e-103
"CCSER1",-0.112132434151509,1.4384992859014e-104,1.09322042066944e-103
"TAGAP",-0.112193781351461,1.10885786145148e-104,8.47300529602969e-104
"TSPAN13",-0.112864905192617,6.37072751503845e-106,4.90143472688604e-105
"IRF8",-0.112969647631833,4.07261019119793e-106,3.1376464485419e-105
"MT-ND6",-0.114391575739915,8.98903847250551e-109,7.07129276467744e-108
"SESTD1",-0.11732414031059,2.33539073879467e-114,1.89572804753463e-113
"MCTP2",-0.117497001896238,1.08295688907272e-114,8.80354359317312e-114
"P2RY8",-0.117870308201889,2.05183263289667e-115,1.677710157205e-114
"TNRC6B",-0.119284112912132,3.58659150205565e-118,2.96728197976569e-117
"PDE4B",-0.120111146002729,8.43386524883117e-120,7.0399521995087e-119
"ZFP36L1",-0.122553150691596,1.1211570892087e-124,9.70572002574638e-124
"LYST",-0.124344263154652,2.5643189122884e-128,2.27258706134926e-127
"ETS1",-0.124357636413603,2.40760248444621e-128,2.13708106424457e-127
"ZBTB16",-0.124747561380948,3.81699542879549e-129,3.39888575463967e-128
"ZFP36L2",-0.128458523557989,6.92403304536309e-137,6.39958895826381e-136
"NCK2",-0.129626669123848,2.26540416505373e-139,2.11123606130881e-138
"BCL2",-0.130226526588008,1.17474553854454e-140,1.10213563842344e-139
"PIK3IP1",-0.132146404355263,8.23052351227083e-145,7.97563359727144e-144
"MAML2",-0.132679865444908,5.62214318230628e-146,5.47645634158217e-145
"MDM4",-0.133738214931507,2.6498592023526e-148,2.62223699511959e-147
"CD55",-0.136745145094659,5.11051333263934e-155,5.29093995861607e-154
"TRAF5",-0.137111310728174,7.58978360747032e-156,7.91627150566876e-155
"UTRN",-0.137416410852599,1.54300572447005e-156,1.61539720799191e-155
"CCR7",-0.139287011157029,8.15938053391886e-161,8.77172559894042e-160
"GABPB1-IT1",-0.140587355618801,8.00539990917623e-164,8.72339394772297e-163
"APLP2",-0.146150256730746,5.08146606030479e-177,5.97926289995107e-176
"ARID1B",-0.147498238235205,2.67815974403969e-180,3.20520784751417e-179
"TMEM123",-0.148365727031132,2.00265735676631e-182,2.43845301201045e-181
"MGAT5",-0.149681282134555,1.12809875606671e-185,1.40410691838437e-184
"CALHM6",-0.149900010590722,3.23007993464668e-186,4.06554555369799e-185
"COL19A1",-0.153307077310619,8.75016263179207e-195,1.13975955582947e-193
"FCER2",-0.153542517079321,2.20069210500156e-195,2.87992441124153e-194
"TAPT1",-0.154642561063284,3.38037878446967e-198,4.45494154630932e-197
"SNX29",-0.155048292024839,3.06137037371453e-199,4.05360176434399e-198
"MT-CO1",-0.157279386151258,5.00118796691504e-205,6.79894509774057e-204
"BTG1",-0.16206353753001,9.94737218700592e-218,1.42130692906684e-216
"VPREB3",-0.162444907452522,9.2896603951286e-219,1.34101515136895e-217
"TXNIP",-0.163740463628044,2.82447950438249e-222,4.13052472690505e-221
"BACH2",-0.168791747815126,2.8625483932891e-236,4.41684119857087e-235
"LINC00926",-0.169485649419895,3.15701581818701e-238,4.89818437608461e-237
"BCL11A",-0.172607810402515,3.86013413351274e-247,6.15971831390452e-246
"AFF3",-0.172960160581593,3.71489015644043e-248,5.96191970378877e-247
"CYBB",-0.176009006895601,4.79811608855038e-257,8.04618209939243e-256
"MTRNR2L12",-0.185510506853687,8.28430239674555e-286,1.55185209779839e-284
"NIBAN3",-0.187444566660813,7.33838000958265e-292,1.41244901833926e-290
"MT-ND2",-0.188611628863928,1.51611629232211e-295,2.9485303310056e-294
"SELL",-0.196657158956644,1.28457067918724e-321,2.788506505128e-320
"GABPB1-AS1",-0.199757106529911,0,0
"IL4R",-0.201888181102635,0,0
"TCL1A",-0.202876791569611,0,0
"MT-CYB",-0.208276876490842,0,0
"MALAT1",-0.210125246527431,0,0
"IGHD",-0.210213690999776,0,0
"FCRL1",-0.216065405172646,0,0
"MT-ATP6",-0.224309639918408,0,0
"MT-ND4",-0.228949996113263,0,0
"TP53INP1",-0.230547845830089,0,0
"ITPR1",-0.234505444447546,0,0
"LTB",-0.241526953507909,0,0
"MT-CO3",-0.242578921797081,0,0
"BIRC3",-0.246812449110321,0,0
"MT-CO2",-0.251218822511715,0,0
"MT-ND1",-0.251949007200567,0,0
"MT-ND3",-0.259629858788562,0,0
"FOXP1",-0.269254564212388,0,0
"IGHM",-0.280815567606688,0,0
"CXCR4",-0.288390234185898,0,0
