name,pValue
none,0.8615113848861511
corrected,0.8545914540854591
