name,pValue
none,1.999980000199998e-05
corrected,6.999930000699993e-05
