name,pValue
none,4.999950000499995e-05
corrected,2.999970000299997e-05
