name,pValue
none,0.4627453725462745
corrected,0.5127348726512735
