name,pValue
none,0.0954490455095449
corrected,0.06317936820631793
