name,pValue
none,3.999960000399996e-05
corrected,4.999950000499995e-05
