"gene","cor","pval","FDR"
"NKG7",0.835138306337824,0,0
"GZMH",0.715063180880328,0,0
"CCL5",0.705564413204444,0,0
"CST7",0.70209166532767,0,0
"GZMA",0.648812115928237,0,0
"B2M",0.647327553551371,0,0
"FGFBP2",0.609027927129797,0,0
"PRF1",0.588119279865237,0,0
"GZMB",0.578817959846882,0,0
"S100A4",0.576518122767415,0,0
"EFHD2",0.558849668071539,0,0
"SH3BGRL3",0.557684876813328,0,0
"KLRD1",0.544893546675997,0,0
"GNLY",0.520825529646274,0,0
"ZEB2",0.520483732907729,0,0
"HLA-C",0.519619448076144,0,0
"HLA-B",0.500633399996894,0,0
"PLEK",0.498892434930599,0,0
"CD99",0.484998859442765,0,0
"CYBA",0.448605278074334,0,0
"CX3CR1",0.44768081106882,0,0
"PFN1",0.44614395237734,0,0
"HLA-A",0.440557587689291,0,0
"SRGN",0.44025960599266,0,0
"FLNA",0.436925812618443,0,0
"ADGRG1",0.436465412779047,0,0
"CLIC1",0.433234702606158,0,0
"CCL4",0.419071011567465,0,0
"C12orf75",0.415358677872771,0,0
"LGALS1",0.411276707281521,0,0
"HLA-DPB1",0.407542046540558,0,0
"ITGB2",0.40123681593483,0,0
"S100A6",0.400921188113383,0,0
"CD52",0.399305563616866,0,0
"MYL6",0.398697408920161,0,0
"CTSC",0.394107340561501,0,0
"IL32",0.392099468766687,0,0
"MYO1F",0.385388948630868,0,0
"EMP3",0.385286939617046,0,0
"HCST",0.383483096767617,0,0
"ARPC2",0.379213695963105,0,0
"GZMM",0.376395967619056,0,0
"ABHD17A",0.374710170537953,0,0
"HLA-DPA1",0.374260980825369,0,0
"CTSW",0.369261347720922,0,0
"PTPRC",0.367035276704441,0,0
"CRIP1",0.364152753166631,0,0
"ANXA1",0.362264277466749,0,0
"TMSB4X",0.360186231516485,0,0
"ITGB1",0.359739950878603,0,0
"FCGR3A",0.358935760794267,0,0
"PRSS23",0.355948322608808,0,0
"HLA-DRB1",0.355656451892127,0,0
"ACTB",0.353951408278167,0,0
"PYHIN1",0.353748525660558,0,0
"C1orf21",0.348525314932893,0,0
"SYNE1",0.346478253906336,0,0
"ITGAL",0.342284958982661,0,0
"APOBEC3G",0.339363973165708,0,0
"SPON2",0.338656200913535,0,0
"CALM1",0.337952904871447,0,0
"KLRG1",0.331118833702067,0,0
"HOPX",0.330401408436416,0,0
"UBC",0.329433602028146,0,0
"LCP1",0.328683634108186,0,0
"ASCL2",0.328051028736693,0,0
"TRGC2",0.326938495606339,0,0
"GAPDH",0.325871274530076,0,0
"CFL1",0.324432453408982,0,0
"CD81",0.319979555905101,0,0
"AHNAK",0.318852144790431,0,0
"ACTN4",0.317447426461013,0,0
"IFITM2",0.317275846208762,0,0
"TBX21",0.316361001481438,0,0
"FCRL6",0.313073564549685,0,0
"TGFBR3",0.311349450713229,0,0
"S1PR5",0.31011132351045,0,0
"CD3G",0.299164568885954,0,0
"CD2",0.298547071667887,0,0
"DBI",0.294956348786105,0,0
"MSN",0.29464536838179,0,0
"CYTOR",0.293510035581989,0,0
"PPP2R5C",0.291812560511909,0,0
"CLIC3",0.291286229184009,0,0
"SYNE2",0.28720989356663,0,0
"SAMD3",0.285734180076115,0,0
"PRDM1",0.283811475638343,0,0
"CD63",0.283356886031831,0,0
"CHST12",0.282000867713157,0,0
"CD3D",0.28128502962468,0,0
"LITAF",0.280856713199125,0,0
"MYO1G",0.28037546657548,0,0
"MYL12B",0.277547768119489,0,0
"DOK2",0.277248103402458,0,0
"ARL4C",0.275212996874034,0,0
"LAIR2",0.27282851825189,0,0
"LY6E",0.271495808440846,0,0
"S100A11",0.269428355190703,0,0
"ADRB2",0.268097936181487,0,0
"CLEC2B",0.2674588759773,0,0
"GSTP1",0.267349371880286,0,0
"TTC38",0.266488032427471,0,0
"RAP1B",0.265107050437459,0,0
"TGFB1",0.263812454450796,0,0
"ANXA2",0.262602609541288,0,0
"PTMS",0.261357006014222,0,0
"PSMB9",0.259512032092561,0,0
"APMAP",0.255348572316611,0,0
"RUNX3",0.253648631089764,0,0
"TNFRSF1B",0.253271674028961,0,0
"YWHAQ",0.253184587498918,0,0
"PATL2",0.252482994126533,0,0
"GNG2",0.252089354129014,0,0
"LSP1",0.251525075667629,0,0
"SLC9A3R1",0.251407707967839,0,0
"UBB",0.249495905693349,0,0
"ID2",0.248695960371938,0,0
"SSBP4",0.248614392377995,0,0
"MYBL1",0.247345327088603,0,0
"FGR",0.247261288795596,0,0
"ABI3",0.246653555450505,0,0
"ARPC5L",0.243854007206928,0,0
"SUB1",0.243543472675091,0,0
"VCL",0.243538938793417,0,0
"PTP4A2",0.241940329860277,0,0
"PPP1CA",0.241264378484768,0,0
"ATP2B4",0.239656309663824,0,0
"MT-CO1",0.239639713848394,0,0
"PLAAT4",0.238352437046877,0,0
"USP28",0.23745275393178,0,0
"CEP78",0.233982935135133,0,0
"SLAMF7",0.233841160592387,0,0
"CALR",0.233665581871065,0,0
"LINC02384",0.232528714999766,0,0
"IRF1",0.231772549880987,0,0
"TLN1",0.231454757948832,0,0
"RNF213",0.224730223073426,0,0
"PPIB",0.223419060123984,0,0
"OAZ1",0.223216184450756,0,0
"HLA-E",0.222106816216381,0,0
"LPCAT1",0.221644892691047,0,0
"IL2RG",0.221546985559911,0,0
"CD8A",0.221231540737,0,0
"MATK",0.220856933477495,0,0
"HSP90AA1",0.219474292306414,0,0
"SERF2",0.219155680510066,0,0
"S100A10",0.219141127095973,0,0
"ARPC3",0.219035125282112,0,0
"MBP",0.218851998879541,0,0
"IQGAP2",0.21813250570157,0,0
"APOBEC3C",0.217952906467014,0,0
"GAB3",0.217462324586529,0,0
"BIN2",0.216786380172695,0,0
"DYNLL1",0.216327683289117,0,0
"BLOC1S1",0.21503166312812,0,0
"SEPTIN7",0.214303476329977,0,0
"STOM",0.213778786352952,0,0
"DSTN",0.213725197687824,0,0
"SPN",0.213622333094067,0,0
"MIR4435-2HG",0.213579674887854,0,0
"LAG3",0.212415860448142,0,0
"PDIA3",0.212279728409492,0,0
"BATF",0.210638556045852,0,0
"MAF",0.21046511113341,0,0
"IQGAP1",0.209473319733161,0,0
"TPST2",0.209212183433699,0,0
"ANXA6",0.208102547381047,0,0
"H3F3A",0.207557191719713,0,0
"SYTL3",0.207101836982393,0,0
"NEAT1",0.206510641343553,0,0
"FAM49B",0.20614851756675,0,0
"PRR5L",0.205977245722946,0,0
"IFI16",0.20578251958147,0,0
"PLEKHF1",0.203837232502749,0,0
"DIAPH1",0.203185011475509,0,0
"PSME1",0.201694548000132,0,0
"SSBP3",0.201155706386349,0,0
"LINC01871",0.199640578717814,0,0
"C5orf56",0.199289110369731,0,0
"ITGAM",0.19916890803178,0,0
"HLA-DRB5",0.198860254384182,0,0
"PSME2",0.198784973772673,0,0
"ZBTB38",0.198680314089849,0,0
"SCP2",0.197853342445662,0,0
"F2R",0.197557641344399,0,0
"TRG-AS1",0.196889359418988,0,0
"RAP2B",0.196645350399353,0,0
"MXD4",0.196382238729375,0,0
"CAP1",0.196160200133721,0,0
"IDH2",0.194751408608216,0,0
"YWHAZ",0.194042023933661,0,0
"PPP1R18",0.193350808243083,0,0
"IL10RA",0.193323104305341,0,0
"OPTN",0.192358359918657,0,0
"ARPC4",0.190855015741642,0,0
"FBXW5",0.190593378676664,0,0
"EBP",0.190559207904615,0,0
"PPP2R2B",0.190274567870722,0,0
"POMP",0.188989969900367,0,0
"LLGL2",0.188675129627484,0,0
"RASSF1",0.188499047378554,0,0
"CARD16",0.188466478799348,0,0
"DNAJC1",0.188224295797958,0,0
"SRP14",0.188146650860259,0,0
"RAP2A",0.188105923614056,0,0
"GK5",0.187591848714369,0,0
"IKZF3",0.187404355462503,0,0
"PTPN22",0.186882028470011,0,0
"GBP5",0.186694670169539,0,0
"DUSP2",0.18645946619003,0,0
"CD74",0.186389981267322,0,0
"SMAD7",0.185911616722846,0,0
"PAXX",0.18583596878859,0,0
"CD53",0.18577189198729,0,0
"NDUFB7",0.183656113334388,0,0
"ITGB7",0.183495514725639,0,0
"GNPTAB",0.183402463475033,0,0
"CDK2AP2",0.183006396862545,0,0
"GNAI2",0.18290445134867,0,0
"CAPN2",0.182335239554425,0,0
"MIAT",0.182318269186011,0,0
"PSMA7",0.182207374012244,0,0
"FAM53B",0.181861621478859,0,0
"ISG15",0.181766887651711,0,0
"RAB27A",0.18095207568616,0,0
"PSMB8",0.180715410628911,0,0
"HSPA5",0.180710739507197,0,0
"MTSS1",0.180607719113224,0,0
"FYN",0.18059441744452,0,0
"RHOA",0.180330989317355,0,0
"ADGRE5",0.180093512368977,0,0
"CAST",0.179420764126299,0,0
"CCDC107",0.179385922575035,0,0
"RAP1GAP2",0.178901848681423,0,0
"PTPN18",0.178820541279977,0,0
"ACTG1",0.178710342289547,0,0
"TSPAN2",0.178600203982945,0,0
"LYAR",0.178566297996822,0,0
"ENC1",0.176642623228924,0,0
"JPT1",0.176457273607499,0,0
"RORA",0.176113656363571,0,0
"MIDN",0.175860068683828,0,0
"ARPC1B",0.175489287213377,0,0
"ANXA4",0.175258996300409,0,0
"AKNA",0.175155540601796,0,0
"PTPN12",0.174838459497528,0,0
"SPCS2",0.174222363643144,0,0
"CISD3",0.174180561537459,0,0
"IGF2R",0.173862081198571,0,0
"CFLAR",0.173649463740996,0,0
"PDGFD",0.173505114362102,0,0
"MAP3K8",0.17290959955304,0,0
"RAB5IF",0.172618433531916,0,0
"TXN",0.172456258568183,0,0
"FUT11",0.172366852987793,0,0
"UCP2",0.171525659559209,0,0
"REEP5",0.171519283127706,0,0
"GPR65",0.171383635693072,0,0
"COX8A",0.170984724987246,0,0
"RNF167",0.170079610109794,0,0
"IFI27",0.16994986012257,0,0
"OSTF1",0.16946773380276,0,0
"A2M-AS1",0.169138029427943,0,0
"ARF6",0.169003569248793,0,0
"MYL12A",0.168949642590958,0,0
"OASL",0.168378288511858,2.96439387504748e-323,3.70549234380935e-322
"AOAH",0.167990614584486,9.28843414181544e-322,1.1511729548101e-320
"RHOC",0.167385297199715,2.00066942626954e-319,2.47401889958067e-318
"METRNL",0.16707436260641,3.12968847752013e-318,3.84561281942945e-317
"ATP1B3",0.166949540591691,9.42524091914888e-318,1.15568565160609e-316
"IDS",0.166859946262049,2.07838002357262e-317,2.54306205385219e-316
"CTSD",0.166398683929304,1.20990840763113e-315,1.47112712647476e-314
"JAZF1",0.166163411708279,9.57280513600891e-315,1.16152700312605e-313
"ARAP2",0.165986898521494,4.50919401581106e-314,5.45988242083511e-313
"TMSB10",0.165647002736422,8.87205228428719e-313,1.06980016340845e-311
"CMC1",0.165456633702293,4.69357730463412e-312,5.64784084772939e-311
"AGTRAP",0.165057159908551,1.53749773462458e-310,1.84626794083431e-309
"GUK1",0.165008125777532,2.35802177296275e-310,2.82573660710505e-309
"MACF1",0.164975572592864,3.13200067020382e-310,3.73782092304406e-309
"HLA-DRA",0.164749155562192,2.25174755961701e-309,2.6763101874221e-308
"TRGC1",0.164691444047449,3.72121968218197e-309,4.41382220262074e-308
"PYCARD",0.164659969576149,4.89365807327e-309,5.79265595149597e-308
"CD300A",0.164478210924602,2.37720705785633e-308,2.80819663013435e-307
"TSEN54",0.164332890720211,8.40061930052304e-308,9.90352928491682e-307
"H3F3B",0.164022853187788,1.23672014963124e-306,1.45502378737991e-305
"IFI27L2",0.163831871998054,6.46503270033466e-306,7.59086263724142e-305
"CHCHD2",0.163730361495519,1.55597615318478e-305,1.82325270207862e-304
"PTPN7",0.163577542793812,5.83121751973855e-305,6.81912197680492e-304
"AGPAT4",0.163223758229662,1.23558926927474e-303,1.43624896660496e-302
"SASH3",0.163173762548388,1.90122040333697e-303,2.20556746191506e-302
"PLAAT3",0.162475511106063,7.7022914506023e-301,8.89974511151104e-300
"SH2D2A",0.162092621454861,2.04883014098312e-299,2.35798035235522e-298
"ZNF683",0.161984952308968,5.14693449670071e-299,5.91185440609181e-298
"CD47",0.161763076427283,3.42801042440745e-298,3.92970346876846e-297
"ANXA5",0.161550670190105,2.10027547021269e-297,2.40291358914885e-296
"HSP90B1",0.161373337610807,9.52104293041866e-297,1.08715720062069e-295
"BSG",0.160778824870923,1.49203947096623e-294,1.70033988338348e-293
"PTPRE",0.160445627674268,2.51365482704579e-293,2.8533909872637e-292
"GLUL",0.160374851174596,4.57609542543969e-293,5.18445742936754e-292
"CORO1A",0.16032125379316,7.20195024934027e-293,8.14352818077153e-292
"IFI6",0.160292772188007,9.16397104743746e-293,1.03419416947003e-291
"UBE2F",0.160268051037778,1.12950089453006e-292,1.27222077500169e-291
"PDIA6",0.159933690418884,1.90359836380898e-291,2.13585206379495e-290
"GLIPR2",0.1598363784864,4.32597058527086e-291,4.84442023922818e-290
"TMEM50A",0.159346033687827,2.68548601750775e-289,3.00154706418366e-288
"EZR",0.158974737447227,6.06474487930224e-288,6.73963618327049e-287
"TUBA1B",0.158967196338396,6.46061604996211e-288,7.16585887068316e-287
"SH3BP5",0.15892461894699,9.23201199662625e-288,1.02202768998841e-286
"MXRA7",0.158682975479656,6.98688476639259e-287,7.70546001181665e-286
"EIF4G3",0.158338009244097,1.24933140095534e-285,1.37261136150329e-284
"CD160",0.158006047519032,1.99139513377556e-284,2.1714800220457e-283
"PXN",0.157952153281078,3.11983044986198e-284,3.39559074430671e-283
"CD247",0.156902991873609,1.88705937319732e-280,2.03858533030164e-279
"BST2",0.156786253189577,4.9537066757097e-280,5.34154790338122e-279
"PTPRJ",0.156741429563611,7.1743152973586e-280,7.72168898300893e-279
"RAB29",0.156397554074976,1.22511773677075e-278,1.31615236342173e-277
"NIBAN1",0.155798659238906,1.68947109723543e-276,1.81166162677718e-275
"CEMIP2",0.155784786123921,1.89326316868903e-276,2.02645405827268e-275
"RAPGEF1",0.155753934823436,2.4388496533353e-276,2.60562393110014e-275
"SLC20A1",0.155485181642797,2.20917478710572e-275,2.35159777704367e-274
"NFATC2",0.15508370003512,5.89796700448425e-274,6.26672472213207e-273
"RAB8B",0.154900791638301,2.6260222341886e-273,2.78511701188032e-272
"CAPNS1",0.154423669072023,1.28058754281763e-271,1.35323178161019e-270
"CCL4L2",0.154189703404645,8.5745644033576e-271,9.04453145414054e-270
"STK10",0.154068086185224,2.30119313756926e-270,2.41854150371656e-269
"IER2",0.153380744371293,6.00349672061362e-268,6.27559765111625e-267
"PSMB10",0.153209376329026,2.39393696388629e-267,2.49794643341241e-266
"NBEAL2",0.153048456349195,8.76106867954785e-267,9.12532816586597e-266
"PSMB3",0.152544170142621,5.06115769999683e-265,5.26215537609689e-264
"COPE",0.152490265199881,7.80195883559959e-265,8.09731870580443e-264
"ZBP1",0.152326450073152,2.90376758921896e-264,3.00832392665608e-263
"HERPUD1",0.152073934946687,2.19537343736349e-263,2.27037551920936e-262
"DHRS7",0.151973400332401,4.90752589976673e-263,5.06617060913752e-262
"PTGDR",0.151592550256877,1.02828223906353e-261,1.0577657298119e-260
"MT1E",0.15132983452664,8.34659114076804e-261,8.57073987811729e-260
"KLRK1",0.15095272571081,1.67493835156256e-259,1.71688566124896e-258
"MCTP2",0.150928100440038,2.03673022095558e-259,2.08406268383694e-258
"NDUFA13",0.150751327367879,8.28350335522394e-259,8.46111098428147e-258
"FMNL1",0.150404495888521,1.29260024955113e-257,1.31799871059494e-256
"TPM3",0.150285731263365,3.30678524736116e-257,3.36585566684117e-256
"ARL6IP1",0.150171389322522,8.16278497828769e-257,8.29407452688952e-256
"CDC42EP3",0.149844878904084,1.07333643242814e-255,1.08679988593595e-254
"CD58",0.149752219246557,2.22741949877001e-255,2.25143689162631e-254
"GTF3C1",0.149533196634443,1.24866917088311e-254,1.25994187867581e-253
"MTPN",0.149484611003886,1.82963234154554e-254,1.84295028926563e-253
"RNPEPL1",0.149343712813071,5.53608475645282e-254,5.54753872491444e-253
"ADAM8",0.149341707233561,5.62397903290649e-254,5.62591499815018e-253
"MALAT1",0.14891103158222,1.64756407429181e-252,1.64529938140619e-251
"IL2RB",0.148437773469417,6.66148303928517e-251,6.62954442197352e-250
"GLIPR1",0.148423910568474,7.42259108386231e-251,7.37437596229192e-250
"PRKCB",0.14790761039983,4.14149880829894e-249,4.10057769571269e-248
"B4GALT5",0.147628537597386,3.61905841590728e-248,3.57113200564569e-247
"BHLHE40",0.147433117014652,1.64715092320184e-247,1.62258324841511e-246
"MAPK1",0.147251035061317,6.74732047819542e-247,6.63543597618812e-246
"PRELID1",0.146973835202825,5.75341156708053e-246,5.63892546844385e-245
"APOL6",0.146649036034919,7.05057864113218e-245,6.88705261550592e-244
"TTC16",0.146490910535831,2.38311588365342e-244,2.32004514502407e-243
"RPS6KA1",0.146427462861585,3.88335147594685e-244,3.77425397628815e-243
"PSMD8",0.146273894327342,1.26497950530131e-243,1.22738912935079e-242
"TMBIM6",0.146211345389894,2.04559230513559e-243,1.98149707957468e-242
"PRKCH",0.146048304212591,7.15279525480451e-243,6.91714576055305e-242
"YPEL1",0.145699196321084,1.03858565489885e-241,1.00103811380964e-240
"LRRFIP1",0.145644764903865,1.57525252929875e-241,1.51578935435171e-240
"TPM4",0.144581646838506,5.20726769384351e-238,4.9777368152333e-237
"RAB9A",0.144307948408516,4.15235871026968e-237,3.94983777808304e-236
"TESC",0.144286411500512,4.88845477988695e-237,4.63486120402984e-236
"TAP1",0.143799706639417,1.94068269833237e-235,1.83701104930093e-234
"CASP1",0.143714510621709,3.69179845129656e-235,3.48889960958303e-234
"TUBB4B",0.143680587557135,4.76863630350217e-235,4.4992393175251e-234
"SYT11",0.143594275784634,9.14303124068722e-235,8.6125279693475e-234
"GFI1",0.142873781467446,2.06074651360862e-232,1.92867290452388e-231
"AC004865.2",0.142589497639511,1.73392650411575e-231,1.62018984596797e-230
"ATXN1",0.1422540644104,2.12815968101726e-230,1.97901825057157e-229
"ACTR3",0.141799060329212,6.32267063987347e-229,5.85149072594659e-228
"MAP1LC3B",0.141761488910496,8.36188228159363e-229,7.72643240391449e-228
"NDUFB2",0.141744421307791,9.49386564556988e-229,8.75846779873844e-228
"SDF2L1",0.141584267662741,3.122507394898e-228,2.8715210410043e-227
"ELOB",0.141481544731584,6.69618668764482e-228,6.14822069961954e-227
"NDUFB10",0.141251389005244,3.69205670774096e-227,3.38457942987231e-226
"UBE2L3",0.141163200478175,7.09631965164665e-227,6.49508815990084e-226
"KLRB1",0.140829936100622,8.35060713568079e-226,7.63108941392716e-225
"RNF166",0.140699622900851,2.18606470628943e-225,1.99456955619375e-224
"SELENOS",0.140654580948531,3.04810320483871e-225,2.77673602296592e-224
"ACAA2",0.140491186680798,1.01702480093826e-224,9.25031008302528e-224
"RAC2",0.140390683255778,2.13255172773188e-224,1.93662353774651e-223
"SAP30",0.140229367801113,6.99102135018009e-224,6.33881686228497e-223
"ZFP36",0.140158978053779,1.17313213597547e-223,1.06203177169617e-222
"MIEN1",0.140125440029219,1.50112663021449e-223,1.35685038488439e-222
"ARHGDIA",0.140082413446291,2.05940171473955e-223,1.85857806926495e-222
"RRBP1",0.140031354233684,2.99671174740579e-223,2.70029281797247e-222
"MRPL10",0.139845272644951,1.17439634999063e-222,1.05496005968246e-221
"CCDC12",0.139639906961123,5.29061022641186e-222,4.73790857255866e-221
"ORAI1",0.139511544309644,1.35389608737246e-221,1.21059139381673e-220
"SELENOT",0.139009006276769,5.31452978294449e-220,4.74470769561803e-219
"RNF19A",0.138968144185147,7.15818893078841e-220,6.38088866038992e-219
"PREX1",0.13884684282688,1.73188349548256e-219,1.53909891066431e-218
"PSMA6",0.138277233677696,1.08574897834468e-217,9.6048296227386e-217
"CD226",0.138047793453982,5.72119344253308e-217,5.05343104680886e-216
"SUPT4H1",0.137924175830522,1.39906941724035e-216,1.23389855128997e-215
"SRPK2",0.137766828538782,4.36148169335049e-216,3.84074721238683e-215
"NDUFC2",0.137223819298868,2.18395897931639e-214,1.92029797092086e-213
"PALM2-AKAP2",0.137118668904013,4.65114205870164e-214,4.0834497953435e-213
"MAN1A1",0.137064587676267,6.85990248198065e-214,6.01353743970913e-213
"JAKMIP2",0.136840328511537,3.43062871432744e-213,3.00283344693842e-212
"SHISA5",0.136558782884946,2.57823508325352e-212,2.2499553008813e-211
"SNRPB",0.136319840126643,1.42317588872145e-211,1.24010468744364e-210
"PSMB2",0.136229909125854,2.70490999863398e-211,2.35343366947017e-210
"IFNG",0.136119584206002,5.94336452899052e-211,5.1633534592665e-210
"CYB561D2",0.135853241463895,3.96464620755814e-210,3.43405719200117e-209
"MYH9",0.135593008204277,2.52264935878913e-209,2.18179137995274e-208
"SH3KBP1",0.135574672712818,2.87356082851036e-209,2.48159517612217e-208
"FERMT3",0.135481572524839,5.56550705725488e-209,4.7992176582738e-208
"SLC15A4",0.135416006692462,8.86260594245473e-209,7.63103196111806e-208
"SAMD9L",0.135315982218812,1.80142247935054e-208,1.548796960057e-207
"TBC1D10C",0.13488660124801,3.76132765410016e-207,3.21956352365687e-206
"PGAM1",0.134810337101514,6.44598283853046e-207,5.50941944963809e-206
"SEC61B",0.134568388781002,3.5529071321408e-206,3.03223146138066e-205
"CD244",0.134456854546351,7.79551197916105e-206,6.64333073649326e-205
"TBCB",0.134344220215507,1.72255965341177e-205,1.46367203298673e-204
"COX6A1",0.134231855640128,3.79648564715366e-205,3.22119336952658e-204
"SKAP1",0.134005590835578,1.86031218508258e-204,1.57611288916909e-203
"CAPZA1",0.1330317545002,1.68444497089921e-201,1.41269757155356e-200
"NFIL3",0.132582437101946,3.83007855859753e-200,3.20293763777969e-199
"TMEM59",0.132249269803051,3.85629816754631e-199,3.21561046625239e-198
"SIRT2",0.132182512863487,6.12098468803796e-199,5.09672822448089e-198
"FBXO6",0.132036464507225,1.68047625685689e-198,1.39527542926461e-197
"PTPN4",0.131823833541219,7.29639074383528e-198,6.04944693340523e-197
"KLF3",0.131758143276099,1.14788158459758e-197,9.5035438314546e-197
"OAS1",0.131596164965619,3.50513055716033e-197,2.89784051183725e-196
"ARHGAP25",0.130978148545112,2.44788937296187e-195,2.01803305470275e-194
"SEC11C",0.130714921754513,1.48425007229572e-194,1.22187838812787e-193
"UBL5",0.130557310968052,4.35903980016709e-194,3.57835301109761e-193
"UTRN",0.130477124470218,7.53718172332037e-194,6.17857548320706e-193
"ACTR2",0.130406377373791,1.22153634068095e-193,9.99939325639113e-193
"WDR1",0.130113866977814,8.96754324029322e-193,7.33043056435783e-192
"BPGM",0.129980144873789,2.22737543281515e-192,1.81818904712383e-191
"RASAL3",0.129887366680727,4.18491426897959e-192,3.411321420941e-191
"APLP2",0.129809580522445,7.09848627808839e-192,5.77012618856639e-191
"SLAMF6",0.129658651180909,1.97707008406946e-191,1.60261245866272e-190
"DGKZ",0.129631960312734,2.36938931825755e-191,1.9179513534419e-190
"RAC1",0.129341673014136,1.69262264000384e-190,1.36822291845651e-189
"SH2D1A",0.129088811918384,9.34931062430946e-190,7.54697129840092e-189
"GNG5",0.129044898592064,1.25754932405884e-189,1.01371382405409e-188
"MT2A",0.128934071749152,2.6561165599825e-189,2.13813704246791e-188
"TMX4",0.128594460445579,2.61525839662528e-188,2.09653542085326e-187
"PTTG1",0.128465388590205,6.22737368175045e-188,4.98533000528011e-187
"ATP5F1E",0.128411954835285,8.91612397693699e-188,7.12799347372184e-187
"TUBA4A",0.128184447020883,4.10288046498705e-187,3.27104818415703e-186
"ARHGAP10",0.127872069106197,3.32140500213563e-186,2.64438436608387e-185
"HLA-F",0.127670335984325,1.27833043744674e-185,1.01636887858283e-184
"ARPC5",0.127595087277994,2.11217829104727e-185,1.67704647917578e-184
"VASP",0.127543600592782,2.97765274963345e-185,2.36099833299722e-184
"TFDP2",0.127466831468167,4.96751202905348e-185,3.93340325788267e-184
"TRIR",0.127451458090524,5.50341086878531e-185,4.35181278494969e-184
"HLA-DQA1",0.127261897355667,1.94444845156569e-184,1.53339679789685e-183
"KCNAB2",0.12678115045472,4.73404243473466e-183,3.71312478146799e-182
"SRSF9",0.126624980297328,1.33183693125527e-182,1.04180837745029e-181
"LIME1",0.126570589223683,1.90884852264247e-182,1.49115962548361e-181
"PPP1R12A",0.126380564761662,6.70440648583834e-182,5.23033697928758e-181
"CSK",0.12630111630168,1.13297031671281e-181,8.82684112699042e-181
"SAMD9",0.126167539341891,2.73517183826953e-181,2.12808818260007e-180
"HIVEP3",0.125954328320569,1.11449622018298e-180,8.65969522955012e-180
"RNASEK",0.125903015367303,1.56224706856359e-180,1.21225366655429e-179
"NCALD",0.125873073233229,1.90242180185729e-180,1.47425006831927e-179
"PHPT1",0.125767294990132,3.81409366256254e-180,2.95173267201245e-179
"PSMB6",0.125589265906529,1.22806539420807e-179,9.49137775417191e-179
"PPDPF",0.12548953441081,2.36256155091934e-179,1.82111508407735e-178
"AC004687.1",0.125436184704592,3.35193248046135e-179,2.58032206310482e-178
"P4HB",0.125380521252079,4.82752846144392e-179,3.71132214522646e-178
"ADAP1",0.125311940862612,7.56517764599595e-179,5.80063489162645e-178
"KLF6",0.125294822368324,8.46252346260087e-179,6.48012995581505e-178
"VPS26A",0.125189479877131,1.68623124354477e-178,1.28952315624766e-177
"ARHGAP30",0.125052690628856,4.12410117227085e-178,3.14970775469622e-177
"SLA",0.125022765911376,5.01466681909435e-178,3.82483511188666e-177
"CDC42",0.124900926915328,1.11109177327797e-177,8.45244160509368e-177
"PSTPIP2",0.124760159064765,2.78294128476869e-177,2.11430781007524e-176
"EOMES",0.124651924377068,5.63360681498237e-177,4.27448078442266e-176
"CPT1A",0.124545875356024,1.12361803077347e-176,8.51429986291451e-176
"LAT",0.124490091790886,1.61521394895342e-176,1.2223468061611e-175
"GET3",0.124414548121875,2.63970843194967e-176,1.99505661982984e-175
"BCL7C",0.124335228176711,4.41979576528882e-176,3.336084803618e-175
"SBK1",0.124246704075694,7.85325602169603e-176,5.91232176141157e-175
"DNAJB6",0.124114025171088,1.85727444391282e-175,1.39643972419422e-174
"WIPF1",0.124087568183421,2.2048051151821e-175,1.65559784618066e-174
"CDC42SE1",0.124066111287006,2.5338081663881e-175,1.90019265329647e-174
"PIP4K2A",0.123847217626316,1.04560946095768e-174,7.81115962350392e-174
"ZAP70",0.123573609779996,6.12725481144577e-174,4.56559038001575e-173
"ZBTB7A",0.123480093148801,1.12027670236572e-173,8.33680946754109e-173
"ITGB1BP1",0.123405466074838,1.81261073830954e-173,1.34717309604284e-172
"SRSF7",0.123248866641368,4.97061107065611e-173,3.68484586003231e-172
"CD38",0.122877687612547,5.40184183728226e-172,3.99942735774325e-171
"APBB1IP",0.122505468454594,5.86612197801754e-171,4.33764642954682e-170
"TMEM160",0.12241677239041,1.03442115789116e-170,7.63920682295228e-170
"EPSTI1",0.122381224491478,1.29830698733798e-170,9.57583783046743e-170
"SIGIRR",0.122131499616318,6.39405795746609e-170,4.70408415807506e-169
"ATP6V0B",0.122066773511075,9.66055515797643e-170,7.09824861923628e-169
"RHBDF2",0.121973560208165,1.74959138460328e-169,1.28391731405483e-168
"SH3BP2",0.12191690451567,2.50964390904699e-169,1.83935061782864e-168
"CHMP2A",0.121761994384834,6.72385353403483e-169,4.91560210563653e-168
"GNB2",0.121697767944634,1.01136415168932e-168,7.38448297690746e-168
"PARK7",0.121616552189584,1.69416696792726e-168,1.23544522178083e-167
"IFI35",0.121610149694601,1.76446130860712e-168,1.28509387539155e-167
"ENPP4",0.121568851208672,2.2933827353059e-168,1.66614255719974e-167
"GABARAPL1",0.121381140453911,7.54248950773885e-168,5.47277765530314e-167
"UAP1",0.121338760375697,9.86585121714322e-168,7.14966674239855e-167
"TYMP",0.121307087836625,1.20576453153346e-167,8.71629783242846e-167
"IFITM1",0.121239546742789,1.84919693758363e-167,1.33509721754485e-166
"CDKN2D",0.121154826687386,3.16075868353515e-167,2.27919720455413e-166
"PPIA",0.120759811716444,3.8289010555589e-166,2.75756789775816e-165
"RGS3",0.120710170465607,5.23543225693149e-166,3.76588270758488e-165
"RPS27L",0.120565599781866,1.30120481922341e-165,9.33654618435366e-165
"MANF",0.12037601323364,4.28664387206907e-165,3.07200668119179e-164
"IRF9",0.120227290836337,1.09068980897361e-164,7.80676006127418e-164
"SYTL2",0.120126620000048,2.05092872785773e-164,1.46617438699989e-163
"IDI1",0.120122963211122,2.0984953915149e-164,1.4983360215583e-163
"SUN2",0.12008205683346,2.71190858071309e-164,1.92920595729553e-163
"CTDSP1",0.119863798768369,1.06370543482112e-163,7.5485421088893e-163
"RAB37",0.119763107294171,1.99652721487024e-163,1.41509953327144e-162
"ARHGAP26",0.119713814437868,2.71679450246207e-163,1.92326548700482e-162
"MFSD10",0.119564205863868,6.91433768627067e-163,4.8828834304502e-162
"HMGB2",0.119512055472788,9.57292157889374e-163,6.75216264763719e-162
"DCTN3",0.119509229501384,9.74314696834998e-163,6.86389941576365e-162
"LMAN2",0.119489729396435,1.10030839358579e-162,7.74212152968599e-162
"NPC1",0.119475963074857,1.19893205940192e-162,8.42586835458764e-162
"CASP8",0.119169653695364,8.07534965542093e-162,5.6683492991916e-161
"ADRM1",0.118631663968363,2.2740027091979e-160,1.59043366376151e-159
"CD164",0.117471863340871,2.87757221412717e-157,2.00773705984479e-156
"EHD1",0.11735669400448,5.82606865748241e-157,4.0552228787171e-156
"HSPB11",0.117298075755861,8.34029291614436e-157,5.7982993335683e-156
"TADA3",0.117265898064231,1.01548802414687e-156,7.05139354401623e-156
"IL12RB1",0.117131323900838,2.31188822151957e-156,1.60342414599901e-155
"RABAC1",0.117114647853077,2.55983610707554e-156,1.77327383245805e-155
"HMGB1",0.11647005924362,1.29868484645131e-154,8.96431867883018e-154
"RAB8A",0.116466383491936,1.32800742567386e-154,9.15584716253434e-154
"PRR13",0.116262012140805,4.59033275641585e-154,3.15727976098094e-153
"TBK1",0.116168279759554,8.10143939751094e-154,5.55909867512793e-153
"NAA38",0.116149876513755,9.05687582973294e-154,6.20737763235941e-153
"JAKMIP1",0.116068568249865,1.48181644103917e-153,1.01440720321787e-152
"PSMA5",0.115994061731693,2.32589017885501e-153,1.59036161405945e-152
"PPP2R5A",0.115527314639114,3.89240539660339e-152,2.65524180341067e-151
"RAB5C",0.115509659978449,4.32914885603062e-152,2.94970845852872e-151
"SNX5",0.115434070949853,6.82434682687775e-152,4.64439154072757e-151
"BCL2L1",0.115395269626042,8.6192926332984e-152,5.8591027818398e-151
"TOX",0.115326594180425,1.3027920981531e-151,8.84559307764697e-151
"LASP1",0.115300890994145,1.5205209351884e-151,1.0311864265245e-150
"ALOX5AP",0.115213633086379,2.56879709157631e-151,1.74007560562255e-150
"SH3GLB1",0.115212657356572,2.58389816356306e-151,1.74826730228504e-150
"KIF21A",0.114921519927799,1.48197599998382e-150,1.0003768306511e-149
"DNAJC8",0.114883791510972,1.85780302276699e-150,1.25261614481691e-149
"CD320",0.114661249468589,7.03588527561898e-150,4.73293578957147e-149
"CIB1",0.114054233762784,2.62381194851198e-148,1.75282701663812e-147
"PICALM",0.114050527537775,2.6822682254823e-148,1.78982123151586e-147
"MYD88",0.113767911218588,1.43642264554489e-147,9.56298787618201e-147
"FNDC3B",0.113742260586848,1.67238282970499e-147,1.11211544693883e-146
"DTHD1",0.113439277014806,1.00554536621288e-146,6.67911962106201e-146
"UBE2E3",0.113427836201169,1.07591494451579e-146,7.13837632137642e-146
"MOB3A",0.113384480138418,1.3901915127268e-146,9.21299096005491e-146
"ATP6V0D1",0.113355905187443,1.64590149580556e-146,1.08951930451275e-145
"PSMC4",0.113270272395939,2.72924157619425e-146,1.80459067586359e-145
"FOSL2",0.113248035788979,3.1120639645712e-146,2.05537679114634e-145
"DRAP1",0.113206364490678,3.97967555185739e-146,2.62541138562941e-145
"ATP5IF1",0.113178649435389,4.68658149900991e-146,3.08825529163782e-145
"SPPL2A",0.113157947667303,5.29522469356717e-146,3.48537326376131e-145
"PSMA4",0.113013374317963,1.24147188931311e-145,8.15303346970372e-145
"COMMD4",0.112915433132077,2.20980489035877e-145,1.44959210189223e-144
"TCF25",0.1128464805924,3.31527301412831e-145,2.17230741354157e-144
"STARD3NL",0.112643670776123,1.09153044427793e-144,7.13607979993627e-144
"BUD31",0.112599737267576,1.41259281787467e-144,9.21435404880759e-144
"TMEM181",0.112588969723715,1.5047187417685e-144,9.80428848336157e-144
"AKAP13",0.112549573969464,1.89593080487726e-144,1.23256709596719e-143
"NDUFS6",0.112481565692533,2.8248813499794e-144,1.83238955425003e-143
"RHOF",0.112426782683299,3.89424254575e-144,2.52322605082486e-143
"ADA",0.112293162935934,8.51518405396611e-144,5.5050333394495e-143
"RGS19",0.112275706976603,9.43085135945333e-144,6.09023423346031e-143
"CALCOCO1",0.112145129264173,2.02364681460097e-143,1.30392852399787e-142
"BRK1",0.112035565505922,3.83753335459061e-143,2.46722830275228e-142
"TMED9",0.112023151094995,4.12595812717347e-143,2.64973134089859e-142
"NCKAP1L",0.112020118635375,4.19964013580031e-143,2.69407378248029e-142
"INPP5D",0.111899654161611,8.48040303181722e-143,5.43418990307847e-142
"SYTL1",0.111482343588985,9.61842219020621e-142,6.14986466110875e-141
"UBE2L6",0.111344118197697,2.14565038834291e-141,1.36888255291427e-140
"SIPA1",0.111289367521169,2.94753425971564e-141,1.87634930092742e-140
"NAA50",0.111282673099903,3.06418701673632e-141,1.94847428241483e-140
"PRR5",0.110568742535853,1.89683554791198e-139,1.20091592641225e-138
"TRAC",0.110485087326292,3.07046160332837e-139,1.94184144053803e-138
"ARRB2",0.110279448086257,1.00161953848085e-138,6.32075217985961e-138
"SIT1",0.11017964379093,1.77652206927241e-138,1.11986402023983e-137
"AP2S1",0.110148586950027,2.12307675388009e-138,1.33687129940965e-137
"YWHAB",0.110026828422832,4.26755028285738e-138,2.68140564799644e-137
"PIK3AP1",0.10993068593145,7.40216006246979e-138,4.64593458780501e-137
"RAB1B",0.109520404206585,7.72045290541438e-137,4.82486798777079e-136
"TAPBP",0.109321207263308,2.40231878311092e-136,1.49970749381747e-135
"TRBC2",0.108950907397123,1.97079923129575e-135,1.22505723340009e-134
"XBP1",0.108936213861135,2.14212672809925e-135,1.33013253672146e-134
"CCDC88C",0.108542014468611,1.99634616584371e-134,1.23565110925278e-133
"FTL",0.108108884316471,2.29735207762874e-133,1.41893839268632e-132
"TGFBR1",0.10805953640097,3.03273925246176e-133,1.87115504621101e-132
"DERL1",0.107981484546363,4.70414834381979e-133,2.8993117894253e-132
"SH3BGRL",0.107885410925091,8.07147913062597e-133,4.95892565615202e-132
"LINC02084",0.107690276437303,2.41286180847933e-132,1.47927772477657e-131
"CYTH4",0.107518791261022,6.30592626178188e-132,3.86196453461288e-131
"MRPL41",0.107048373523545,8.72517568733655e-131,5.3379706415579e-130
"ST8SIA4",0.106857589643585,2.52392915477869e-130,1.54086935373674e-129
"RBX1",0.10683363057493,2.8836949684703e-130,1.75866056209332e-129
"PARP9",0.106573417741147,1.22357503849918e-129,7.45431669156944e-129
"DEK",0.10656989223882,1.24773987294103e-129,7.59357501731229e-129
"GNAI3",0.10648787387787,1.96624347884917e-129,1.19537731161834e-128
"MAP2K2",0.106404071287903,3.12814668510523e-129,1.89976891680581e-128
"ARF1",0.106402436494674,3.15659757313011e-129,1.91504646085931e-128
"ATP6V0E1",0.106293131765993,5.78077633334505e-129,3.49977833847932e-128
"AKIRIN2",0.106287678482019,5.95783634286922e-129,3.59947451400789e-128
"UBE2A",0.105994543252383,3.00874437208385e-128,1.8158693967343e-127
"BTN3A2",0.10598293214834,3.20776209948876e-128,1.93397441101957e-127
"KRTCAP2",0.10592162905849,4.49795604159316e-128,2.70902803251186e-127
"B4GALT4",0.105678238005953,1.71811173494926e-127,1.0326437852663e-126
"CD2BP2",0.105658063454808,1.91970643993989e-127,1.15261713108788e-126
"IQSEC1",0.105551378459327,3.45046452631573e-127,2.06743297185021e-126
"VOPP1",0.10545734877069,5.7822444183831e-127,3.4610097383772e-126
"ITCH",0.105369384550432,9.36844548239096e-127,5.59603341661421e-126
"TNFRSF1A",0.105356369795143,1.00614254232612e-126,6.00379923613902e-126
"SCAMP2",0.105326049216918,1.18808261264491e-126,7.08219091763305e-126
"ICAM3",0.105229231030014,2.01933935408686e-126,1.20126922476487e-125
"RABGAP1L",0.105207882055115,2.26974241900835e-126,1.34884897129617e-125
"TXNDC17",0.105075687734106,4.67839920901112e-126,2.77457716354823e-125
"CCDC28B",0.105057438829689,5.16926495910373e-126,3.06256553948123e-125
"RER1",0.105003871497535,6.92753365429881e-126,4.10008407319599e-125
"TEX264",0.104748305502635,2.79442351667237e-125,1.65052738606705e-124
"PPP3CA",0.104709167818646,3.45874997989444e-125,2.03876824372682e-124
"TIGIT",0.10455447199023,8.02956136279923e-125,4.7186866168442e-124
"STK39",0.104504599791878,1.05316253344818e-124,6.17034339153307e-124
"PKN1",0.104451683082537,1.40419638510392e-124,8.21872043325679e-124
"SSR4",0.104425835842193,1.61594974945922e-124,9.44859149281387e-124
"TMEM173",0.104178770756628,6.17632968652661e-124,3.59687656694315e-123
"PDLIM2",0.104168886431637,6.51624506079616e-124,3.79103266199672e-123
"CLSTN1",0.103742977111674,6.52258465317515e-123,3.78335948146247e-122
"XCL2",0.103737011110096,6.73602484690243e-123,3.90326783750717e-122
"SSNA1",0.103719695678369,7.39580403463498e-123,4.28131604076678e-122
"BTN3A1",0.103700207643857,8.21581651024249e-123,4.75127617487854e-122
"BRD2",0.103463960403126,2.93455447905767e-122,1.69539071891483e-121
"RNF181",0.103233208138121,1.01469234515882e-121,5.85639713015197e-121
"SMC4",0.103190370088705,1.27709674571701e-121,7.35627976819355e-121
"SKA2",0.103167352577585,1.44503515662588e-121,8.31539042604915e-121
"PET100",0.103082685525298,2.27580690753582e-121,1.30830759115709e-120
"XAF1",0.103005803096615,3.43647364565884e-121,1.97164707093477e-120
"PSTPIP1",0.102869958795765,7.11243051096701e-121,4.07265479110742e-120
"PSAP",0.102788266428897,1.10100374205877e-120,6.29826156382439e-120
"TLE5",0.102704904481086,1.71901557292741e-120,9.82391200575627e-120
"CD6",0.102388888148841,9.27541027367332e-120,5.28516514809699e-119
"KIAA2013",0.102388667016728,9.28633995834291e-120,5.28621036610079e-119
"NDUFA12",0.102207179639667,2.43905918470274e-119,1.38706575161373e-118
"STX11",0.102061900927339,5.27696561942603e-119,2.99216821269308e-118
"DDIT4",0.101837772378551,1.73182345071146e-118,9.81029034652532e-118
"WAS",0.101832979560805,1.77634709011112e-118,1.00527062197915e-117
"ZFYVE28",0.101791927111611,2.20766468279776e-118,1.24814660860122e-117
"NDUFA6",0.101777977722174,2.37685492789436e-118,1.34249570854442e-117
"G6PD",0.101771670358037,2.45754682221277e-118,1.3867244787088e-117
"CCDC82",0.101713741551085,3.33905493460147e-118,1.88230720464634e-117
"ARL8A",0.101497902238994,1.0445966539097e-117,5.88294162066201e-117
"ADCY7",0.101264013146403,3.58498731435544e-117,2.01703255285903e-116
"MOB2",0.101112905700035,7.93984952085488e-117,4.46290187767975e-116
"SEC61G",0.1008565699206,3.05080979520966e-116,1.71316971302015e-115
"TMCO1",0.100839585542784,3.33500612441831e-116,1.87095131227019e-115
"SIRT7",0.100512331666,1.84976283071502e-115,1.03672339171801e-114
"TRAPPC1",0.100409701491458,3.16185342709679e-115,1.7703942310488e-114
"EIF4EBP2",0.1003282702129,4.83619501828812e-115,2.70268898522024e-114
"MAPKAPK2",0.10031676983332,5.13519427066674e-115,2.867026810866e-114
"EPS15",0.100247936039915,7.3524176028123e-115,4.09705187991803e-114
"LYST",0.1002242670219,8.3176998081738e-115,4.62607380718719e-114
"BAX",0.100167721211259,1.11670499697436e-114,6.20486562372369e-114
"SPSB3",0.0999261606132433,3.92323508494578e-114,2.17574831237642e-113
"FAM89B",0.0997565202585641,9.46402499355363e-114,5.24355703170007e-113
"TRAPPC10",0.0996272454531461,1.8495468704642e-113,1.02376822963218e-112
"CCNDBP1",0.0994498326261487,4.63218915163371e-113,2.5615873786199e-112
"USB1",0.0993528345043692,7.64674095553587e-113,4.22460631497856e-112
"GLRX",0.0993314092374045,8.54144572743438e-113,4.71442379561715e-112
"NDUFA1",0.09881865125153,1.19801315978458e-111,6.58737226553264e-111
"MGST3",0.0987400275995458,1.79387734444309e-111,9.85445664074031e-111
"ACBD5",0.09871986951105,1.98940203289212e-111,1.09182290983654e-110
"HLA-DQB1",0.0985943658310861,3.78655863566346e-111,2.07617724438453e-110
"TERF1",0.0985911695826996,3.84909529324571e-111,2.10847708240755e-110
"FGL2",0.0985607321819755,4.49875431703605e-111,2.46203014035909e-110
"APOL2",0.0985521045606721,4.70205621438471e-111,2.57087024628447e-110
"CCDC112",0.0984705815638292,7.1381154769595e-111,3.89912849173765e-110
"NCOA1",0.0982590782756967,2.10487780111942e-110,1.14869012019776e-109
"MAP2K3",0.0976286618805857,5.21175885315296e-109,2.83355869546539e-108
"CLTB",0.0976088011036871,5.76428656276504e-109,3.13103116848509e-108
"RHOG",0.0974940264424456,1.03148541847806e-108,5.59756606180625e-108
"RNF149",0.0974032349761027,1.63365072449025e-108,8.8570690398669e-108
"CD3E",0.0973763536683263,1.87175281001978e-108,1.01385156867054e-107
"ARL6IP5",0.0972042429136883,4.4687113644409e-108,2.41826354284269e-107
"PPP4C",0.0971647061804654,5.45637490220778e-108,2.94725380405498e-107
"SP140",0.0971613077381447,5.55081622426706e-108,2.99548225584403e-107
"DLEU2",0.0967784308533398,3.82205109995733e-107,2.05682972156963e-106
"PTPRA",0.0966097424497301,8.92095896127725e-107,4.79635647390781e-106
"FNBP1",0.0965975252500297,9.48520759838424e-107,5.09501169702488e-106
"MAP4K1",0.0965091720194435,1.47763846468755e-106,7.92985665444511e-106
"ZBTB8OS",0.0964067402254814,2.46912412655864e-106,1.32385142283753e-105
"FDPS",0.096280266311133,4.65073278909268e-106,2.48666595862067e-105
"ARHGAP18",0.0962312002402428,5.94431483298753e-106,3.17540053394518e-105
"EMC7",0.0962210204565782,6.25471085501721e-106,3.33814320379798e-105
"CYC1",0.0960479634662074,1.48469788936923e-105,7.91657259909536e-105
"MCRIP1",0.0960128267218574,1.76921339235423e-105,9.42499380051584e-105
"KLF2",0.096006408583053,1.82677651124789e-105,9.72273359283216e-105
"VAMP8",0.0959360110591154,2.59503418525418e-105,1.37990289887441e-104
"FKBP11",0.0958773160150307,3.47672499602172e-105,1.84704987905651e-104
"ARL5A",0.0958486403735377,4.01052489610386e-105,2.12674915110909e-104
"BCAP29",0.0958432292787754,4.12006753356465e-105,2.18284708341639e-104
"CAPN1",0.0957512424333751,6.51254879803124e-105,3.44412498763945e-104
"ADIPOR2",0.0956941239718554,8.65218290550315e-105,4.57149882243494e-104
"RBM8A",0.0955314682893903,1.94110733145608e-104,1.02467900185492e-103
"MAP4",0.0954082466539215,3.57678451832007e-104,1.88641303271109e-103
"RALGDS",0.0953921346031026,3.87414225495187e-104,2.04138846652586e-103
"TAP2",0.0951937042794454,1.03473572557135e-103,5.4375081709048e-103
"RNF115",0.0948834801489576,4.78686322246388e-103,2.5109430549603e-102
"LCK",0.0948598101318649,5.37918948515694e-103,2.81910273108495e-102
"MCOLN2",0.0948582637432818,5.42033903063266e-103,2.83810904919252e-102
"PTCH1",0.0948470120490335,5.72935699134239e-103,2.997211776209e-102
"WDR83OS",0.094811632902815,6.82025987151114e-103,3.56468978176463e-102
"CLSTN3",0.0945942817559853,1.98702710293288e-102,1.03667877219442e-101
"COMMD7",0.0944770594656621,3.53360528763751e-102,1.84191156338558e-101
"VPS26B",0.0944237865213385,4.58918817373367e-102,2.38999656503048e-101
"ZNHIT1",0.0944049647725934,5.03300183117629e-102,2.61878304769889e-101
"GLCCI1",0.0943999267841893,5.1588971485048e-102,2.68188821351609e-101
"TRIM59",0.094298871416689,8.46563351349843e-102,4.39698498484834e-101
"ARHGDIB",0.0942647262432853,1.00066057916946e-101,5.19271364833295e-101
"TMEM9B",0.0942176579542017,1.25996385532464e-101,6.53247986364569e-101
"HSPA1A",0.0941912622492413,1.43369077717171e-101,7.41995618603917e-101
"ATP5MF",0.0940317417854884,3.12706485848413e-101,1.61551119622309e-100
"TOR2A",0.0939357499558444,4.99641906119179e-101,2.57896870192244e-100
"AXIN1",0.0938750390046934,6.71845666753864e-101,3.46474446776704e-100
"COPZ1",0.0938567997848902,7.34329878398112e-101,3.78362167841296e-100
"OTUB1",0.0938200539801724,8.78370231887084e-101,4.52177837708391e-100
"ARNTL",0.0936949466751177,1.61541140517557e-100,8.30864697954018e-100
"PIN1",0.0935982894079706,2.58506246177656e-100,1.32724231694747e-99
"GLTP",0.0934990464717501,4.18696136038539e-100,2.14780400940511e-99
"LPGAT1",0.0931766544303683,1.99836598967164e-99,1.02330424070234e-98
"VCP",0.0930154154691449,4.35775146573164e-99,2.229511577362e-98
"GTF3C6",0.0929704259693474,5.4153981135113e-99,2.76818767244747e-98
"PARP15",0.0927711124164665,1.41626712896882e-98,7.22047767856738e-98
"ATG2A",0.0927270778812812,1.75091357255623e-98,8.91095418887634e-98
"COX5B",0.092726831145305,1.7529953016783e-98,8.91374338876139e-98
"NCK1",0.0926779995229875,2.21760217729734e-98,1.12663495231225e-97
"SAT1",0.0925533138973388,4.03965111195835e-98,2.05051984827091e-97
"NEDD8",0.0925516317244883,4.07244643733525e-98,2.06536288776548e-97
"CTSS",0.0925423074388706,4.25910729639056e-98,2.15814573728177e-97
"GALNT10",0.0924020661398014,8.35245199522671e-98,4.22861071395972e-97
"ARIH2",0.0922010566718439,2.18911031127269e-97,1.10732020270817e-96
"FKBP8",0.0921002163722738,3.54687149647787e-97,1.79255801195908e-96
"PIK3R5",0.0920610897681053,4.27661634041995e-97,2.15948689578808e-96
"POLR2F",0.0919546802310598,7.11059319892545e-97,3.58739302709676e-96
"ELOVL1",0.091842402446207,1.21508865775308e-96,6.12497422277614e-96
"PARP14",0.0917065593598415,2.32148421388005e-96,1.16817889619661e-95
"LRPAP1",0.0916936956846682,2.46813073950627e-96,1.24089756557184e-95
"SRI",0.0916636336855849,2.84788502895606e-96,1.43058840002529e-95
"SEM1",0.091626210476156,3.40304340285754e-96,1.70651322324487e-95
"DGKQ",0.0915430906514896,5.05291955487636e-96,2.5316869355984e-95
"CHST11",0.0914405708795145,8.22372365860158e-96,4.11327727227129e-95
"RALY",0.0914147644701424,9.29557668933812e-96,4.6453905174921e-95
"FAS",0.0912946694927303,1.64319456437458e-95,8.2046793884408e-95
"SP100",0.0912825303722225,1.74051982983778e-95,8.68317703949973e-95
"PCSK7",0.0911310847526998,3.56588299945266e-95,1.77591362406331e-94
"THEMIS2",0.091093494102741,4.25991707099445e-95,2.11974640553251e-94
"SDF2",0.090979033726275,7.3176859075493e-95,3.63818567105873e-94
"ATP6V1D",0.0908867943788688,1.13112832290971e-94,5.61890411346259e-94
"TRPV2",0.0907463728054935,2.19318651760928e-94,1.08668372040453e-93
"IFI44",0.0907415438782812,2.24365734016275e-94,1.11074416192725e-93
"P2RY8",0.0907313518645814,2.35401761423346e-94,1.16438726586595e-93
"SELENOK",0.0906619991003375,3.26320746653041e-94,1.61273484655398e-93
"ZCCHC17",0.0905950116952586,4.47237299565251e-94,2.20844790575466e-93
"SUMO2",0.0905612844547836,5.24110886664026e-94,2.58585099600282e-93
"EMC3",0.0904478890783933,8.92963613015916e-94,4.40195463854835e-93
"NPRL2",0.0903493957850195,1.41773477118918e-93,6.98294448317925e-93
"POP4",0.0901493243811153,3.62012830011212e-93,1.78155678918303e-92
"SMIM29",0.0901457044335363,3.68198360535389e-93,1.81046435823323e-92
"IKBKG",0.090020761727016,6.60475320284903e-93,3.24487114243099e-92
"LAMTOR5",0.0898703552410908,1.33315074913989e-92,6.54414877871711e-92
"CMIP",0.0896530295424681,3.67030399012933e-92,1.79711935894117e-91
"TAOK3",0.0896269946850142,4.14303899707915e-92,2.02688069453064e-91
"CCPG1",0.0896260494349864,4.16130070731877e-92,2.03410258292151e-91
"FAM160B1",0.0891363633157336,4.03650243430188e-91,1.97144135698845e-90
"MOB1A",0.0891120011858985,4.51809198107446e-91,2.20479853853944e-90
"PPP3CC",0.0889956386366101,7.73697201401563e-91,3.76610396528131e-90
"CLTC",0.0888975412689584,1.21696197137182e-90,5.91881420720756e-90
"VPS4B",0.0887703110588493,2.18813332302584e-90,1.06333034058748e-89
"ATP6V1F",0.0887581096475637,2.31467206988431e-90,1.12388254554449e-89
"BCAP31",0.0886401485907438,3.98438254731306e-90,1.93299093196858e-89
"PSMA2",0.08862073096308,4.35669909126684e-90,2.11185447193018e-89
"VDAC3",0.0884035658358262,1.18159697971217e-89,5.72286803840596e-89
"ARF5",0.0883979185179256,1.2126156999288e-89,5.86821186343564e-89
"RIOK3",0.0881993363908052,3.0129363216147e-89,1.45441743365653e-88
"AUTS2",0.0881962786689741,3.0554076062988e-89,1.47369535334511e-88
"SEC11A",0.0881031790258957,4.67803009129864e-89,2.25258582358142e-88
"HCLS1",0.0880681908183653,5.4895324433756e-89,2.64115584113402e-88
"RAB4B",0.0879301562924104,1.03120192545365e-88,4.95317817416248e-88
"CPD",0.0879066435167396,1.14799742754056e-88,5.50962927239118e-88
"AKT1",0.0878389601370397,1.56316321380986e-88,7.49596088998591e-88
"PCYT1A",0.0878189044085666,1.71281136890641e-88,8.20680929602971e-88
"RNF7",0.0878119309389464,1.76812545172946e-88,8.46486418900464e-88
"SLBP",0.0878044944560278,1.82907662400848e-88,8.7494595380554e-88
"SLC25A42",0.0876987390654028,2.96083540325774e-88,1.41516244767549e-87
"GPAA1",0.0874896663193558,7.65961597436155e-88,3.65498259794658e-87
"SNTB2",0.0874620310599585,8.68351370894091e-88,4.14016256573951e-87
"TMEM120B",0.0873960031013763,1.17168949186827e-87,5.57728036587909e-87
"MYDGF",0.0872861859979429,1.92753439860032e-87,9.16761859628892e-87
"SF3B2",0.0872326013296729,2.45691992943376e-87,1.16758942190262e-86
"PTRH1",0.0871643050230267,3.34672128223156e-87,1.58914575917727e-86
"DUSP23",0.0871178592424298,4.12897939044031e-87,1.95899005855013e-86
"LAMP1",0.0870838050965079,4.8161114553378e-87,2.2831353816006e-86
"COPS9",0.0870747983104913,5.01618904967623e-87,2.37604651643995e-86
"LAP3",0.0870579835772205,5.41216164681655e-87,2.56152145694607e-86
"HLA-DMA",0.0866037618892819,4.1907320185094e-86,1.9769914360046e-85
"FCRL3",0.0865715166533595,4.84412998689749e-86,2.28338065562435e-85
"LGALS9",0.0865645002903537,4.99925094902148e-86,2.35459047939326e-85
"C1orf122",0.0865193867795419,6.12203881577907e-86,2.88107608075368e-85
"AGTPBP1",0.0862853745791665,1.74815201183415e-85,8.21362933935335e-85
"S1PR4",0.086141920426925,3.32128278821043e-85,1.55797381477635e-84
"ATP2A3",0.0861221523346093,3.6280886355164e-85,1.70052025400172e-84
"NFATC3",0.0860789055926351,4.40142743892903e-85,2.06132927276837e-84
"CASP4",0.086065946823694,4.66369734465758e-85,2.18064432559532e-84
"TCIRG1",0.0859989220837648,6.29043690543454e-85,2.9389083034072e-84
"HELZ2",0.0859907161793478,6.52504855445199e-85,3.04607085931526e-84
"DMWD",0.0857008284121986,2.37355555015734e-84,1.10537699178802e-83
"UHMK1",0.0856611781188196,2.83111850635518e-84,1.31741078934638e-83
"COX6B1",0.0855867935512232,3.93991430640537e-84,1.83190255590624e-83
"DPYSL2",0.0854482311358115,7.28642054041302e-84,3.38518594571387e-83
"SLC2A1",0.0854470226207525,7.32556750451695e-84,3.4006548191895e-83
"ACTR1A",0.0853679043606168,1.04019364438781e-83,4.82105698658846e-83
"GSR",0.0853015896688634,1.39519647694558e-83,6.46126049721729e-83
"ATF7IP",0.0851690180967938,2.50764867406738e-83,1.16038647242672e-82
"SHKBP1",0.0851608247102242,2.60010376756256e-83,1.20221186134237e-82
"RESF1",0.0850921993832771,3.52070884213438e-83,1.62528671886299e-82
"BROX",0.0850496039407362,4.24897583697655e-83,1.95837014785946e-82
"BZW1",0.0849941120783985,5.42748406543427e-83,2.49758807508345e-82
"MRPL28",0.0849525586344487,6.51873050636767e-83,2.99737829928868e-82
"C1orf174",0.0849090702172681,7.8956963029763e-83,3.62765113935955e-82
"NDRG1",0.0848549042705065,1.00228718724479e-82,4.59770570818208e-82
"PSENEN",0.0847880057558612,1.34541131269142e-82,6.16682219981273e-82
"RABIF",0.0847509377409572,1.583650074548e-82,7.24738128604171e-82
"NEDD9",0.0847371308994393,1.68276661324738e-82,7.69491703870479e-82
"PIK3CG",0.084730673971294,1.73121950389333e-82,7.91025767030507e-82
"ZFPM1",0.084726875674885,1.76036936508924e-82,8.03713020416232e-82
"CRELD2",0.0846425401915418,2.54995009231861e-82,1.16328963395257e-81
"VPS37B",0.0845966885418949,3.11858325354806e-82,1.42158477408795e-81
"MLEC",0.0845938484123694,3.15770144020519e-82,1.43828846163578e-81
"TMEM165",0.0845611538526991,3.64484199309961e-82,1.65887405355481e-81
"TRANK1",0.084402890573969,7.29365671474576e-82,3.31436534996891e-81
"TRAPPC2",0.0843581769841525,8.8707020152735e-82,4.02785313381012e-81
"UQCR11",0.0843041394463683,1.12366631754272e-81,5.09816443212982e-81
"PSMB1",0.0840421282260726,3.52822703226171e-81,1.59580198533113e-80
"FBXO7",0.0839071196187044,6.35329237072406e-81,2.86687385548511e-80
"MTMR12",0.0838844056419112,7.01348687984133e-81,3.16232627972365e-80
"REL",0.083883865981551,7.02997758915436e-81,3.16730463164071e-80
"SFT2D1",0.0838464056304811,8.27441657052301e-81,3.72508978372423e-80
"HNRNPF",0.0837607021064556,1.2010444081089e-80,5.40284063461993e-80
"SERPINB9",0.0837129356680943,1.47800922158087e-80,6.64361144302243e-80
"TES",0.0835227448437142,3.37275314698411e-80,1.51487181532239e-79
"AGO4",0.0834500706628573,4.62041562057753e-80,2.07365680206924e-79
"CLTA",0.0834172744042493,5.32512568086306e-80,2.38808876984384e-79
"BTG3",0.0833268316019865,7.87432321255087e-80,3.52585258176777e-79
"MMP24OS",0.0832622737784828,1.04078697309961e-79,4.64954180450033e-79
"YWHAH",0.0831414305697704,1.75339831465185e-79,7.82699769950581e-79
"MIB2",0.0831197972936662,1.92484967005971e-79,8.58574542009749e-79
"OAS2",0.0830933226369155,2.15757469815697e-79,9.61642955957691e-79
"GDE1",0.0830815558640396,2.26982247024179e-79,1.01089717985021e-78
"DNAJB11",0.0830781660030951,2.30322697716608e-79,1.02498891204359e-78
"DNASE2",0.0829556041496382,3.90446963351232e-79,1.73624923565215e-78
"OS9",0.0828506631704911,6.13140757939366e-79,2.7223637014084e-78
"PLEKHA2",0.0828495799759885,6.1600177433074e-79,2.73297886443532e-78
"CCDC167",0.0828491741104872,6.17077202535474e-79,2.73566186204132e-78
"UQCR10",0.0828287632866874,6.7364489709032e-79,2.9841647422934e-78
"PRXL2C",0.0828108270114011,7.27606601457124e-79,3.22075366920701e-78
"SLC66A3",0.0827829431694205,8.20177695975852e-79,3.62775705404235e-78
"ABCA2",0.0827233745794133,1.0591591370889e-78,4.68124175266972e-78
"RCBTB2",0.0826478897270368,1.46410179908108e-78,6.46607876615442e-78
"ABR",0.0825370475767064,2.35401331849842e-78,1.03884019795845e-77
"REC8",0.0824531656747432,3.37052610859416e-78,1.48517799417356e-77
"KIF13B",0.0824522003888442,3.38447011397171e-78,1.49019244715179e-77
"SELPLG",0.0824338996912663,3.65998785574101e-78,1.6102838317613e-77
"EID1",0.0824084119359664,4.08135237272543e-78,1.79431316114071e-77
"TMEM208",0.0823902483028735,4.41083139425129e-78,1.93769856866126e-77
"TMEM109",0.0823632710796035,4.94975018610391e-78,2.17280574634713e-77
"CYCS",0.0821675880351356,1.14084398999226e-77,5.00044137996606e-77
"PCMT1",0.0820561275300645,1.8339944234241e-77,8.03253623884014e-77
"SUMO1",0.0819731730612661,2.61010653970041e-77,1.14145516995777e-76
"MIS18BP1",0.0818449256141956,4.50081104092671e-77,1.96682058420045e-76
"STX8",0.0816202050445479,1.16688478047322e-76,5.09536765147286e-76
"MECP2",0.0812649174360801,5.23378530105595e-76,2.2751503492698e-75
"UBE2S",0.0812570661915676,5.40987139674959e-76,2.34993815828913e-75
"PTPN6",0.0812558086496631,5.43861899477442e-76,2.36066120968103e-75
"SERPINB1",0.0812062628707231,6.7010723225706e-76,2.90646509990898e-75
"SELENOW",0.0811252500806102,9.4244555808666e-76,4.08158985365102e-75
"PEPD",0.0810524523840942,1.28003521613362e-75,5.53951204480162e-75
"SLC4A7",0.0810290110244357,1.41257714888289e-75,6.10855534918703e-75
"GPR108",0.0810173397932415,1.48358485696183e-75,6.41085144138451e-75
"KAT2B",0.0808911142254013,2.52045496636247e-75,1.08671248252957e-74
"LINC00987",0.0808870535192751,2.56376050030772e-75,1.10456456840537e-74
"PIGT",0.0808792918513949,2.64860982219085e-75,1.1402755767832e-74
"CHMP1A",0.0808547552112956,2.93569462974589e-75,1.26293539512088e-74
"MYO9B",0.0808393662562465,3.13137093074411e-75,1.34611892377846e-74
"TERF2IP",0.080774933149976,4.10213853631308e-75,1.7621307592795e-74
"STUB1",0.0806864297060669,5.94214746238023e-75,2.55064704958301e-74
"HELZ",0.0806514338602327,6.87907792080557e-75,2.95064213104959e-74
"PPM1G",0.0806472886986944,6.99938802551507e-75,3.00003268468242e-74
"GOLGA4",0.0806461282169187,7.03344440550636e-75,3.01240817131931e-74
"NOP10",0.0806097993925169,8.18734509248858e-75,3.50403900423738e-74
"PPP6R1",0.0805185383337772,1.19879758158263e-74,5.1268664784093e-74
"IFI44L",0.0804955492818922,1.31956902692559e-74,5.63921704742024e-74
"CTBP1",0.0804840411142764,1.38450801576826e-74,5.91238838181126e-74
"KLRC4",0.0804215738330292,1.79676428402449e-74,7.66724964665959e-74
"SARNP",0.0803289019346045,2.64397183856282e-74,1.12742218090441e-73
"SURF4",0.0802946022259721,3.05000713605239e-74,1.29960714624168e-73
"MT-CO2",0.0801143540041957,6.45519792734975e-74,2.74653077260298e-73
"TPP1",0.0800643794765229,7.94429546311247e-74,3.37763315520188e-73
"LAMTOR2",0.0800613181470409,8.04591947215352e-74,3.41833947164885e-73
"PHF21A",0.080039158954202,8.82119770532556e-74,3.7449818161689e-73
"JTB",0.0800046444849555,1.01796576349744e-73,4.31855256747964e-73
"MX1",0.0799945426833762,1.06153567354202e-73,4.50010600629193e-73
"NPTN",0.0799724773893296,1.16327871665909e-73,4.92782500089112e-73
"RO60",0.0799252244323669,1.41504341368651e-73,5.98997255669773e-73
"DERL2",0.0798895221636526,1.64067829190453e-73,6.94004529297605e-73
"CYP51A1",0.0797609894830291,2.79322176674543e-73,1.17981140322125e-72
"SNX18",0.0797275571968036,3.20737790821055e-73,1.35376037781552e-72
"IFIT3",0.079657113531175,4.29125866834789e-73,1.80992709582278e-72
"TAF1B",0.0796325236470278,4.74999242693092e-73,2.00195474875435e-72
"TENT5C",0.0796011350468548,5.40725002246336e-73,2.27731428482297e-72
"WNK1",0.0794766663766254,9.03532599836665e-73,3.80255718338211e-72
"SMAD3",0.0794226731350188,1.12864035680833e-72,4.74649620388566e-72
"PDZD11",0.0793455231378211,1.550556958148e-72,6.5161511502214e-72
"FAR1",0.0793013077923368,1.85984620575096e-72,7.81027900854377e-72
"IRF7",0.0792684530799931,2.12883612676767e-72,8.93342640344673e-72
"ADD1",0.0792628737719185,2.17822221938159e-72,9.13407470349627e-72
"VAMP2",0.0791629194223317,3.28410500869429e-72,1.37615128410463e-71
"STAT4",0.079157086095251,3.36369399744478e-72,1.40848627616348e-71
"TINF2",0.0790762535485908,4.68643321375204e-72,1.96051595387541e-71
"VTI1B",0.0790761316172829,4.68877697158778e-72,1.96051595387541e-71
"RBM39",0.0789885615096125,6.71309848954583e-72,2.80492655796121e-71
"SLC38A10",0.0789568730865541,7.64331006631269e-72,3.19130158803228e-71
"ZBTB44",0.078884956018421,1.02589498214302e-71,4.28033139713944e-71
"RBCK1",0.0788724330413571,1.07981304778944e-71,4.50206128676632e-71
"MRPL47",0.078863991576435,1.1177428023056e-71,4.65352519126087e-71
"POLR3GL",0.0787178997755934,2.03033203535274e-71,8.44687887578391e-71
"TRIM8",0.0786833672880754,2.33760329767832e-71,9.71827637060542e-71
"SAR1A",0.0785937624276756,3.36865229013351e-71,1.39847193644685e-70
"GCH1",0.0785480492456645,4.05827692656013e-71,1.68236130507614e-70
"EIF6",0.0785299127292983,4.36937726353728e-71,1.80874790994862e-70
"CANX",0.0784775573540608,5.40727095212271e-71,2.23521043909937e-70
"DIP2A",0.0784643874639256,5.70494265359395e-71,2.35658327666582e-70
"C1orf56",0.0784191129306161,6.85848396426583e-71,2.83107306820405e-70
"NCOR2",0.0783650588495503,8.54383979589746e-71,3.52425811879035e-70
"SP4",0.0783417564311399,9.39225460506017e-71,3.87147402585884e-70
"DECR1",0.0781805170571007,1.80691277221836e-70,7.43751914457017e-70
"PPP1R7",0.0781387884733451,2.13985062885217e-70,8.8017069036722e-70
"HNRNPA3",0.0780469260182645,3.10406708280672e-70,1.27587255199948e-69
"WDTC1",0.0778721187253704,6.29239567141381e-70,2.58272624592211e-69
"RAB22A",0.0776758985300477,1.38825126248184e-69,5.69006793902992e-69
"DYNLT1",0.0774544646644828,3.38244715051711e-69,1.38247417994412e-68
"RRAS2",0.0773613853489583,4.91444661111033e-69,2.00722162359615e-68
"DYNLRB1",0.0772817710562234,6.76226363015648e-69,2.75999130747679e-68
"AP2B1",0.0771810883997905,1.01201383932623e-68,4.1275960941502e-68
"MED15",0.0770086157137401,2.01648710519054e-68,8.21291034013134e-68
"INPP4A",0.0769902841070515,2.16959734524974e-68,8.83032196820133e-68
"CYFIP2",0.0768611527096909,3.63123270739626e-68,1.47379361001306e-67
"COX7B",0.0768247438748232,4.19808683998885e-68,1.70267136873798e-67
"GNB1",0.0768027580240146,4.58224681250654e-68,1.85718399402287e-67
"MVD",0.0767118865468772,6.57862418502413e-68,2.66445740511221e-67
"DTX3L",0.0767109668028832,6.60273321645524e-68,2.67235971128397e-67
"TNFSF14",0.0766938765141878,7.06708476550522e-68,2.85830874440615e-67
"HMOX2",0.0765583550137914,1.2107785282598e-67,4.88683667100414e-67
"WDR45",0.0765132452252492,1.44811636212131e-67,5.84070249593968e-67
"WSB2",0.0764759517795345,1.6789483880729e-67,6.76702360019396e-67
"ARPP19",0.0763964543786828,2.30068870216849e-67,9.26652996327324e-67
"CIAO2B",0.0763518838240575,2.74475941002333e-67,1.10474665450524e-66
"MAST3",0.0763285206481389,3.01067002076463e-67,1.2109352360335e-66
"ODC1",0.0762929609889877,3.46547533676563e-67,1.39290059870552e-66
"GYG1",0.0761170025869923,6.94510118754664e-67,2.78763315621693e-66
"MT-ATP6",0.0760784676707954,8.08545847022678e-67,3.24311143056991e-66
"H2AFZ",0.0760326689934765,9.68574022512739e-67,3.87963626384841e-66
"BUB3",0.0759660031622326,1.25953492089356e-66,5.04160947674476e-66
"MED10",0.0758700728144811,1.83733379230609e-66,7.34428060583423e-66
"PTRHD1",0.075801940843908,2.40172067942255e-66,9.5936773806212e-66
"TPI1",0.0757062112422826,3.49785710738434e-66,1.39530168209456e-65
"TRGV10",0.0756991789878492,3.59574043761043e-66,1.43336374646035e-65
"SCAMP4",0.0755598153135284,6.21010319293651e-66,2.47382589152481e-65
"TUT7",0.075524109832314,7.14213277381788e-66,2.84315586859106e-65
"USP24",0.0754987359717677,7.88800393324388e-66,3.13792463107552e-65
"ETFA",0.0754457910150847,9.70363003330024e-66,3.85492124084354e-65
"DTD1",0.0753256311934307,1.55196327239561e-65,6.15700378099883e-65
"SEL1L",0.0750467223874546,4.60271861698895e-65,1.81979595931563e-64
"ACADVL",0.0748741351298223,9.00091328730034e-65,3.54907110079984e-64
"POLR2G",0.0748616811431118,9.44667274107382e-65,3.7223092861777e-64
"MLLT6",0.07477526703654,1.3208115681611e-64,5.20091926433082e-64
"RUNX1",0.0747183452433631,1.64676520617861e-64,6.47564233985798e-64
"TSPO",0.0746967860229109,1.79016671685371e-64,7.03478631396466e-64
"FAM78A",0.0746227302761343,2.38436312482158e-64,9.3571360442019e-64
"EIF4E2",0.0746134603909751,2.47141250771416e-64,9.69220613686552e-64
"SAP30BP",0.0745411164344453,3.2689775625757e-64,1.27941397937306e-63
"PTBP3",0.0745154914377997,3.60917841690452e-64,1.41161137005714e-63
"GSE1",0.0744885366885647,4.00516069063533e-64,1.56543335130952e-63
"DNAJC3",0.0743963383451227,5.71664704832619e-64,2.23137358259717e-63
"RAB35",0.0743799265563264,6.09013409486168e-64,2.37556103082793e-63
"RPS19BP1",0.0743644709431266,6.46406058385185e-64,2.51972636575097e-63
"RNF169",0.0742762308184614,9.08132980058218e-64,3.53757967835011e-63
"SPTY2D1",0.0742696525005748,9.31427996185501e-64,3.62589384717357e-63
"SDF4",0.0742365281049404,1.05809071498872e-63,4.11621367838984e-63
"NTAN1",0.0742059849712422,1.19003429479283e-63,4.62331505436894e-63
"CGAS",0.0740059166858179,2.56652517399334e-63,9.96435825734754e-63
"UBR2",0.07391051448813,3.69991894513296e-63,1.43467770394242e-62
"DOCK2",0.0739104915508641,3.70024411254249e-63,1.43467770394242e-62
"SNF8",0.0738408804661541,4.83063758503125e-63,1.87171104294677e-62
"COMMD5",0.0737749044718392,6.21772803864283e-63,2.40755731916003e-62
"ADAM10",0.0737435498793462,7.00965696279281e-63,2.7105872433634e-62
"DR1",0.0737158871905659,7.79135272402195e-63,3.01086050744784e-62
"PLCB2",0.0735618560720957,1.40270457780364e-62,5.41695615029552e-62
"ZNRF2",0.0734656394077392,2.02396261297294e-62,7.80575362083526e-62
"CEBPB",0.0734654265354042,2.02560403077608e-62,7.80690359872055e-62
"PIEZO1",0.0734528100941804,2.12529335947827e-62,8.18026821542231e-62
"ZNF276",0.0733956039766909,2.64227422315942e-62,1.01566784292345e-61
"ATP5MC3",0.0733377263206604,3.29284780014105e-62,1.26490624021281e-61
"MAD2L2",0.0733364478280376,3.30889075143844e-62,1.27022939546633e-61
"PSMC3",0.0732355089587104,4.85528052123919e-62,1.86263302900609e-61
"GPS2",0.073033008429257,1.04619215653355e-61,4.00294194455101e-61
"MDM2",0.0730191052624766,1.10272612606327e-61,4.21647647676298e-61
"TMED5",0.0729793002352187,1.28198002118247e-61,4.89866395996877e-61
"FAM111A",0.0729364990703083,1.50722682709034e-61,5.75558628058414e-61
"GRK2",0.0727139443858398,3.49171797312911e-61,1.33161842912246e-60
"MKNK1",0.0726832592621455,3.91973936281357e-61,1.49387050338836e-60
"RPN1",0.0726172775447069,5.02537140888057e-61,1.91398811457496e-60
"IDH3G",0.0725598339192714,6.23785526209817e-61,2.37422493669382e-60
"APOBEC3D",0.0725335858091479,6.88496658565914e-61,2.6188105887337e-60
"TSSC4",0.0723915031640405,1.17400785527518e-60,4.45678226966645e-60
"ARFGAP3",0.072370024492866,1.27252973194408e-60,4.82763890473825e-60
"CELF2",0.0723367783704252,1.44151109303096e-60,5.46157918689434e-60
"DENND1B",0.072333806640245,1.4576626212156e-60,5.51917599642024e-60
"ADAR",0.0722999035748822,1.65519471316021e-60,6.26301541203589e-60
"NSMF",0.0722386174359,2.08234759319893e-60,7.86905345362301e-60
"HSD17B10",0.0721949895018079,2.45176139704202e-60,9.25902354750372e-60
"CCL3L1",0.072153704122849,2.861247046225e-60,1.07984206705582e-59
"HTT",0.0721082400214673,3.39138607679971e-60,1.27908733798572e-59
"RILPL2",0.0720315128141438,4.5170657222602e-60,1.70254124369496e-59
"CCND3",0.0719974899859603,5.12874556887444e-60,1.93183857720662e-59
"KDELR2",0.0719000421978443,7.37632590124546e-60,2.77304050051996e-59
"ROCK1",0.0718471813067447,8.98183879161739e-60,3.3744309668313e-59
"CLEC2D",0.0718436038500427,9.10229794180995e-60,3.41747775437981e-59
"EIF4E3",0.0716439495538112,1.9124594811488e-59,7.1618650157454e-59
"DOCK11",0.0716031103501833,2.22554607881415e-59,8.31824682319475e-59
"SLC35B1",0.0716012933153522,2.24060494336443e-59,8.36914905580594e-59
"SFT2D2",0.0715401279547629,2.81130665060633e-59,1.04806377506889e-58
"STRN",0.0714549753284323,3.85439463013597e-59,1.43508914736389e-58
"SCAND1",0.0714238263636725,4.32561286891469e-59,1.60950460909937e-58
"AATF",0.0713536413220096,5.60833302732544e-59,2.08545307452434e-58
"CAPZB",0.0712389442120794,8.56861722852004e-59,3.18215995732642e-58
"KLF10",0.0712219975557646,9.12185551877295e-59,3.38545493455354e-58
"OSBPL3",0.0712209497938332,9.15720567735459e-59,3.39640583259636e-58
"SMC6",0.0712164734619985,9.30977485380761e-59,3.45079154657716e-58
"CMTM3",0.0711866425728032,1.03932379890642e-58,3.84993621366738e-58
"PSMA3",0.0710530203506055,1.70085965203941e-58,6.29643076283632e-58
"BORCS6",0.0710186415131732,1.93037127451384e-58,7.14151358846241e-58
"TIPARP",0.0709900287398491,2.14473104298676e-58,7.92950179506301e-58
"TMX1",0.0709878653955959,2.1618709935488e-58,7.98779034615742e-58
"MEF2D",0.0709871495241571,2.16757276150821e-58,8.00376930742421e-58
"SLC52A2",0.0709829300282737,2.20148584132059e-58,8.12383219667e-58
"CYBC1",0.0709742334416878,2.27305872633084e-58,8.38262520141805e-58
"POLR2L",0.0709311424451175,2.66337958862022e-58,9.80960847215509e-58
"ERP44",0.070915610831418,2.8198692745232e-58,1.0379404828074e-57
"BAK1",0.0708762457624487,3.25874315420358e-58,1.19872248178679e-57
"POP7",0.0707094271353186,6.01009457952012e-58,2.20521904647544e-57
"CLIP1",0.0706952945818341,6.32955474365353e-58,2.32096985300406e-57
"PCBD1",0.0706894939458374,6.465520976046e-58,2.36933215086881e-57
"MAD1L1",0.070274871746645,2.94043751625111e-57,1.0748316254372e-56
"SLC25A24",0.0701665095634794,4.36206361962519e-57,1.59348295143065e-56
"SUGP2",0.0701567366421012,4.51987373970166e-57,1.65009460899159e-56
"DENND10",0.0701373225665674,4.85043209386458e-57,1.769661728157e-56
"COMMD1",0.0701059138548296,5.43695388040354e-57,1.98240752527637e-56
"CDC25B",0.070094475445715,5.66766797907244e-57,2.06523425043066e-56
"RFTN1",0.0700384233455507,6.9471514197199e-57,2.52987744683033e-56
"BBC3",0.0699717864284341,8.84729951024725e-57,3.21981870717326e-56
"MIA2",0.0698676220337363,1.29047159370764e-56,4.69350494532467e-56
"PRDX5",0.0697802627602255,1.77030859008087e-56,6.43466762073171e-56
"SH2D3C",0.0697209349191859,2.19378984570524e-56,7.96894161452429e-56
"SYAP1",0.0694177688850664,6.54535751586563e-56,2.37167193779371e-55
"JMJD6",0.0693394335565633,8.67489990121157e-56,3.13938469650322e-55
"TMA7",0.0692939323470461,1.02154422996168e-55,3.69459555976183e-55
"GSK3A",0.0692558168980504,1.17136004462959e-55,4.23379638021591e-55
"PLEKHA1",0.0692232861274507,1.3164051344255e-55,4.75509424566873e-55
"LDHA",0.0691935230834797,1.46471904941662e-55,5.28754479205552e-55
"TAX1BP1",0.0691804669465107,1.53492383683007e-55,5.53754024807966e-55
"FAM8A1",0.0690396153231669,2.54209994554711e-55,9.15975504247974e-55
"SLC9A9",0.068937014086733,3.66872671446222e-55,1.31947027626574e-54
"HSH2D",0.0689313882344089,3.74321279607438e-55,1.34542688749439e-54
"KLHDC4",0.0689236405810143,3.84826278760624e-55,1.38233024237129e-54
"C18orf32",0.0689153107610806,3.9644836073778e-55,1.42319819185175e-54
"SPATA13",0.0689104837608522,4.03342468959309e-55,1.44705335159969e-54
"C4orf48",0.0688939784574131,4.27830682343161e-55,1.53396170621743e-54
"NLRC5",0.0688070203394553,5.83489894614245e-55,2.08949061460135e-54
"COX17",0.0687616761637741,6.85862176414179e-55,2.45457572002414e-54
"TNFSF12",0.0686832050906676,9.07024759815215e-55,3.24407871018217e-54
"ACSL4",0.0686764567871504,9.29075943805012e-55,3.32090368105457e-54
"TMEM179B",0.068586714719328,1.27845123052612e-54,4.56690753031212e-54
"KLF13",0.0685589635057639,1.41096847623593e-54,5.03719212769239e-54
"PSMD9",0.0685412906988086,1.5024004284664e-54,5.35702533143969e-54
"EIF2AK2",0.0684444439407182,2.11880572094035e-54,7.5456488052116e-54
"CBX6",0.0683830561219161,2.63403319586911e-54,9.37477093349127e-54
"MRPL54",0.0683098632209,3.41364858339872e-54,1.21420597103509e-53
"ATP5ME",0.0682310910565548,4.51091301810023e-54,1.60253217977986e-53
"ARHGAP9",0.0682139345064002,4.79302404797919e-54,1.70171385258736e-53
"HSBP1",0.0681322447294829,6.39674945124172e-54,2.2697135415517e-53
"RSAD2",0.0680278672672349,9.24492980416686e-54,3.27631292815962e-53
"RECQL",0.067991627138943,1.05045941445621e-53,3.72045710957923e-53
"TMED2",0.0679677196265154,1.14277364748235e-53,4.044945456253e-53
"EFR3A",0.0679427874522545,1.24765719558946e-53,4.4135018994315e-53
"CLPTM1L",0.0678570292296802,1.68717450552651e-53,5.96100804019459e-53
"COX5A",0.0678427001538783,1.77436534954564e-53,6.26525602160343e-53
"LTBP4",0.0677884887667111,2.14680010252474e-53,7.57571475159307e-53
"HPS1",0.0677669389324813,2.31561845249589e-53,8.16648934824399e-53
"ITPA",0.0677351274110704,2.5892740135249e-53,9.12052155551923e-53
"MEX3C",0.0677064951827923,2.86299943990058e-53,1.00785903965489e-52
"ITGA4",0.0676776576927294,3.16780704282018e-53,1.11448514121495e-52
"RABL6",0.0676498570055426,3.49219707700181e-53,1.22712511557041e-52
"DDA1",0.0675251588829275,5.40502740033609e-53,1.89812805140504e-52
"LAX1",0.0673330766860469,1.05759870129562e-52,3.71181379947472e-52
"GPKOW",0.0673203238940566,1.10572312475613e-52,3.87837223963947e-52
"RNF126",0.0671811567256395,1.79597861370885e-52,6.29187926635071e-52
"GABARAP",0.0671740389629267,1.84104100324008e-52,6.44586163303094e-52
"BCR",0.0671333447367979,2.12115600421796e-52,7.42213046147789e-52
"DPP7",0.0671269694516857,2.16872980380444e-52,7.58402985542201e-52
"ZNF428",0.0670857665182161,2.50287748898027e-52,8.74727839203448e-52
"RTF1",0.0670782614217742,2.56904314687818e-52,8.97312426061058e-52
"NAPA",0.0670681426586229,2.66101622833649e-52,9.28878457603105e-52
"PXK",0.0669000870880458,4.76893060165431e-52,1.66368695419057e-51
"CKLF",0.0668838677599056,5.04476399484192e-52,1.75885832861555e-51
"CSNK1D",0.0668636749312372,5.41046929201394e-52,1.88523066697752e-51
"ATP6V0C",0.066666978576451,1.06861283844631e-51,3.71680300242367e-51
"INPP5K",0.0666139378239736,1.28344791854535e-51,4.46136321924976e-51
"TSPAN5",0.0665932834121579,1.37829271316219e-51,4.78818723783541e-51
"NDUFA2",0.0665317753266075,1.70408745772814e-51,5.91646135263798e-51
"IER3IP1",0.0665083206436003,1.84760391559795e-51,6.40708470015231e-51
"AP2M1",0.0665014781485832,1.89169585085113e-51,6.55607411159617e-51
"EMB",0.0664600851354701,2.18167206839222e-51,7.54754646517594e-51
"RAP1A",0.0664505869179441,2.2542216934607e-51,7.79389439761663e-51
"PPP5C",0.0664219760222988,2.48759505379101e-51,8.59055404196871e-51
"DCPS",0.0664021087147569,2.66365057713292e-51,9.19307431965353e-51
"HNRNPA2B1",0.0663068015111047,3.6967365532007e-51,1.27358819485492e-50
"COMT",0.0663011955305999,3.76864007903926e-51,1.29759100351755e-50
"AURKAIP1",0.066248720308528,4.51297017097253e-51,1.55203447536641e-50
"ZNF335",0.0662028850472041,5.28183282304604e-51,1.81323168148515e-50
"LAPTM5",0.0661638529406577,6.03849555934874e-51,2.07176718954751e-50
"YIPF3",0.0661177023299178,7.07347252851474e-51,2.42542904635561e-50
"TSC22D4",0.0660030397633235,1.04742293719843e-50,3.58728468532544e-50
"HENMT1",0.0659175202939137,1.40309331099225e-50,4.79975180899761e-50
"SLC25A4",0.0659084416795169,1.44728893309289e-50,4.94802545831522e-50
"TALDO1",0.0658949392441219,1.51559620673351e-50,5.17850979043808e-50
"DYNC1H1",0.0658099713887475,2.02545613778918e-50,6.90842199109783e-50
"NDUFAB1",0.0657801345583751,2.24237601206599e-50,7.63932554638189e-50
"SPCS3",0.0657088462192734,2.85889877592159e-50,9.71691209687501e-50
"CCDC115",0.0656552682219677,3.43088853352882e-50,1.16541929613498e-49
"GAK",0.0656446651123101,3.55692097268802e-50,1.20752480684946e-49
"MCRS1",0.0656427117461414,3.58063718481208e-50,1.2148665101067e-49
"VAMP5",0.0656211388380801,3.85326261884962e-50,1.30584036972326e-49
"C11orf21",0.0654899526461349,6.01722413530233e-50,2.03681459955604e-49
"CSTB",0.0651896552482672,1.6635375181433e-49,5.62447938071488e-49
"CALM2",0.0651648995350719,1.80862861223709e-49,6.11148226414067e-49
"PBDC1",0.065157641200506,1.85350946663173e-49,6.2594985590143e-49
"SCNM1",0.0651153015334017,2.13829939662465e-49,7.21707090196427e-49
"TBPL1",0.0650842882518301,2.37416633818316e-49,8.00850537290803e-49
"PLEKHJ1",0.0650496475693991,2.66835303574565e-49,8.99563099985716e-49
"C7orf50",0.0650462518616671,2.69907488597417e-49,9.0939265143663e-49
"MRPS6",0.0650418082150487,2.73981016561925e-49,9.22582658318603e-49
"LSM1",0.0649320259239983,3.96553401252951e-49,1.33455029998967e-48
"GBP4",0.0649184074670656,4.15147878016402e-49,1.3963191360135e-48
"BCL9L",0.0648866965758458,4.61877627140804e-49,1.55259269458783e-48
"POLG",0.0648452107809276,5.31002189406668e-49,1.78392180626102e-48
"RAB2A",0.0648362199139296,5.47290488343896e-49,1.83758077311076e-48
"VPS16",0.0648226448837827,5.72830763099625e-49,1.92222424661375e-48
"C8orf76",0.0648089739964223,5.99750266601243e-49,2.0113955853932e-48
"LIMA1",0.0647984750767895,6.21275471562452e-49,2.08238352982755e-48
"PLSCR1",0.064766143656849,6.9251206898051e-49,2.31847934614904e-48
"ARF3",0.0647093915572477,8.37764482803178e-49,2.80154613006448e-48
"CHMP4A",0.064603841872327,1.19323999671053e-48,3.98798784409524e-48
"ARHGAP1",0.0645402039023933,1.47644984215226e-48,4.93168188654536e-48
"CALCOCO2",0.0644780679554096,1.81735044649552e-48,6.06339884904245e-48
"GBP3",0.0644292320539506,2.1393722621421e-48,7.13369568994258e-48
"CHMP4B",0.0644220303596467,2.19143973730263e-48,7.30312371169889e-48
"TMBIM1",0.0643667048375392,2.63583447110423e-48,8.77906587166635e-48
"KDM5A",0.064358278976879,2.71096870133802e-48,9.0241409462638e-48
"PHF11",0.0643262446857268,3.01659735243327e-48,1.0035754901169e-47
"CNPPD1",0.0643224137882464,3.0553699279736e-48,1.01589302181823e-47
"DPM2",0.0641081180663778,6.23447807978096e-48,2.07055923426783e-47
"ARHGEF3",0.0639945018201007,9.09072631247349e-48,3.0157135461242e-47
"ATP5MD",0.0639381764379239,1.09570653828592e-47,3.63277033686124e-47
"ILK",0.0638924784788605,1.2747835537701e-47,4.22167636154521e-47
"HERPUD2",0.0638902894810542,1.2840573442609e-47,4.2499665631232e-47
"NMRAL1",0.0638699124810109,1.37367226543347e-47,4.5414011414672e-47
"UBE2V1",0.0637364385509863,2.13582384657628e-47,7.05307283880758e-47
"STXBP2",0.0636813657781913,2.56176259003707e-47,8.44524343351984e-47
"AC005332.4",0.0636518298972929,2.82400041334109e-47,9.30447301719863e-47
"LSM10",0.0636210010842531,3.12624153523768e-47,1.02944565454965e-46
"UBE2M",0.0636161226846384,3.17693380538712e-47,1.04554582541959e-46
"CCR5",0.0635723262304165,3.67027539797318e-47,1.20722357742049e-46
"ALYREF",0.0635001979860488,4.65424714489046e-47,1.53000477410087e-46
"NUDT1",0.0634486867674047,5.51371338553823e-47,1.80946935046574e-46
"ENY2",0.0633976970465273,6.51981273347068e-47,2.13843970693745e-46
"MAZ",0.0633814841256766,6.87650573558588e-47,2.25415969177807e-46
"TMEM8A",0.0633776728111248,6.96313727464793e-47,2.28127135514395e-46
"CAPN15",0.0633484276680128,7.6650439208045e-47,2.50840288669571e-46
"MYO5A",0.0633376568910581,7.94092665107079e-47,2.59722373078354e-46
"SRSF3",0.0632983426588913,9.03444946974549e-47,2.95321824061647e-46
"XRN1",0.0631434338327679,1.50085628999898e-46,4.89779716871087e-46
"ANKRD39",0.0631402272053883,1.51668882717261e-46,4.94668656763593e-46
"COMTD1",0.0631233123213485,1.60299705290047e-46,5.22231999521162e-46
"TAGLN2",0.0631042274604653,1.70625839394937e-46,5.55561556618136e-46
"RNF125",0.0631009190295035,1.72482066521228e-46,5.61291024983974e-46
"ERN1",0.0630796903760592,1.84880162631684e-46,6.00963929091356e-46
"NFKBIB",0.063066625082707,1.92947444151452e-46,6.26486338216895e-46
"TRAPPC2L",0.0630198759623653,2.24790029667823e-46,7.29062306043186e-46
"MEI1",0.0629664774457857,2.67602771665932e-46,8.67432966493251e-46
"MPPE1",0.0629618501558707,2.71674332010685e-46,8.80140032132722e-46
"KRAS",0.0626934932954282,6.50957712489137e-46,2.10420813403052e-45
"C19orf12",0.0626868011571417,6.65266977949516e-46,2.14807315324588e-45
"STX7",0.0626860123775712,6.66974050048656e-46,2.1523893275307e-45
"MPC2",0.062665535087666,7.12849030535845e-46,2.29915569671161e-45
"CSNK2B",0.0626058987526268,8.65120677425185e-46,2.78873065845545e-45
"ATP6AP1",0.0624685238684974,1.35036936455646e-45,4.35052480421407e-45
"FIS1",0.0624179009663177,1.59076140321979e-45,5.11932739507942e-45
"KPNA2",0.0624175172845567,1.59273713191068e-45,5.12284903744597e-45
"LRRFIP2",0.0624086104733903,1.63929435618227e-45,5.26967853878947e-45
"ACSL5",0.0623155420478556,2.21461691913935e-45,7.11517608293968e-45
"SETX",0.062283288372752,2.45769633632231e-45,7.89178514182612e-45
"MVP",0.0622415666872363,2.81190236891207e-45,9.02417259421146e-45
"ZDHHC24",0.0622403665565298,2.822809793911e-45,9.05417799239002e-45
"PARP4",0.0622393016509317,2.83252346722242e-45,9.08032343711898e-45
"SEC24C",0.0622198326566685,3.01609146977728e-45,9.65813973682949e-45
"SH3BP1",0.0622114043954873,3.09918618105982e-45,9.91876105964741e-45
"ATP5F1B",0.0621354276262944,3.9589088857104e-45,1.26563137754394e-44
"STK38",0.0621140976373761,4.24036315382485e-45,1.35486479659319e-44
"OXSR1",0.0620988369432732,4.45386565354158e-45,1.42230039441669e-44
"TANK",0.0620591114626646,5.06113344403558e-45,1.61445156842672e-44
"COMMD8",0.0620121948966772,5.88520133019791e-45,1.87629128530501e-44
"ATG12",0.0620059470117125,6.00457176679335e-45,1.91329885463832e-44
"DEDD2",0.061958129697632,7.00157560858616e-45,2.22854093302863e-44
"PLEKHM1",0.0619207910348748,7.89322018348373e-45,2.51096856630583e-44
"SF3B5",0.0618938270505108,8.60653942959724e-45,2.73638988866626e-44
"B3GALT4",0.0618418181235601,1.01685011507221e-44,3.2294715130053e-44
"EZH2",0.061829033733181,1.05937901555072e-44,3.36086836156156e-44
"MAPRE2",0.0617583075337424,1.32870296423884e-44,4.20840415703331e-44
"HOTAIRM1",0.0617214444521899,1.49505798224442e-44,4.73014534175535e-44
"TWF2",0.0616967360488703,1.6180026631889e-44,5.11633921569854e-44
"TMEM30A",0.0616576890470929,1.83311410313051e-44,5.79024954749702e-44
"JOSD2",0.0616003153221008,2.20181718347116e-44,6.94354935992098e-44
"LPP",0.0615941272254514,2.24574935573352e-44,7.07825122316878e-44
"ST6GALNAC6",0.0615481672669067,2.60051625078782e-44,8.18310798569509e-44
"S100A9",0.0614804531800828,3.22716827265953e-44,1.01330642899498e-43
"PSMD2",0.0613538312538659,4.82920481669878e-44,1.51469716107141e-43
"GCLM",0.0613520980864199,4.85589425464232e-44,1.52224689363437e-43
"ABI1",0.0613112760424134,5.52875202318962e-44,1.73224295195569e-43
"PSME4",0.0612479321529875,6.76089238782553e-44,2.11601004620582e-43
"LBR",0.0611843704974285,8.27162374990963e-44,2.58327121087989e-43
"UBN1",0.0611427203247977,9.43918988968711e-44,2.94474351255295e-43
"ABHD2",0.0611304309102631,9.81402920237865e-44,3.06003957747987e-43
"EED",0.0611153001563722,1.02959291861979e-43,3.20857589437974e-43
"TOB2",0.0611120232309804,1.04033580894467e-43,3.2403171069595e-43
"CYB5R4",0.0610505511799225,1.26384768229913e-43,3.93437746626809e-43
"TMEM127",0.0610488689121747,1.27059336489596e-43,3.95325944152855e-43
"TNIK",0.0610157595686732,1.41089267075834e-43,4.38743081992908e-43
"STARD7",0.0609509102785357,1.73187327750542e-43,5.38269919190456e-43
"SZRD1",0.0609072191519649,1.98810839735788e-43,6.17248184051495e-43
"C16orf87",0.0608348542353605,2.4980255643595e-43,7.75148135614384e-43
"SRSF2",0.0607130196641018,3.66668092282826e-43,1.13717980381419e-42
"ELOC",0.0607068663686877,3.73837031249127e-43,1.15879510699729e-42
"NDUFA9",0.0606975255147065,3.84987002768659e-43,1.19272092755408e-42
"TM9SF2",0.0606149427068585,4.99120733911058e-43,1.54384763464134e-42
"DNAJB14",0.0605425245157895,6.2655658529207e-43,1.93699301793485e-42
"EIF1",0.0605330449288336,6.45473828169749e-43,1.99441461420658e-42
"RTF2",0.0605059707407179,7.02688704716635e-43,2.1688936547069e-42
"HYOU1",0.060442095875943,8.58454473346693e-43,2.64826825854086e-42
"EMC6",0.0604366193933199,8.73309663147062e-43,2.69123847413082e-42
"NLRC3",0.0604022653771901,9.72507758364164e-43,2.99534451065846e-42
"TYROBP",0.06037736509216,1.05134034929897e-42,3.23472213347043e-42
"ADAM17",0.0603763791313886,1.05458937927597e-42,3.24300183722324e-42
"LRP10",0.0601618200759171,2.06148760212911e-42,6.31595463551629e-42
"USP1",0.0600604834291081,2.82688007938233e-42,8.6563893684774e-42
"UFD1",0.0600586105877276,2.84341013541326e-42,8.70242217326059e-42
"PDCD10",0.0600526194395535,2.89693759169784e-42,8.86157962260414e-42
"PML",0.0598576347015312,5.31013869419356e-42,1.62348901055513e-41
"ERBIN",0.0598150596549737,6.05975454965302e-42,1.85169786764371e-41
"DAZAP2",0.0597610048060191,7.16488231082583e-42,2.18824466581817e-41
"RPA2",0.0597208452460591,8.11369289143892e-42,2.47672180068503e-41
"GOLGA7",0.0597020645378072,8.59931414617334e-42,2.62358077782464e-41
"CHCHD5",0.0596248579667517,1.09184923153498e-41,3.32939545313815e-41
"INSIG1",0.059600520386056,1.17712779069354e-41,3.58755465102825e-41
"TSEN15",0.0595712570347984,1.28847894350568e-41,3.92486353231394e-41
"LAMP2",0.0594682851441423,1.7703151396693e-41,5.3869484773602e-41
"SRA1",0.0593869587467255,2.27432585598199e-41,6.91337964171931e-41
"ATOX1",0.0593778964262887,2.33866211981349e-41,7.10151736695717e-41
"RBM42",0.0593741505230496,2.36578123912236e-41,7.18011517586378e-41
"RBM18",0.0592826633174614,3.1344885169774e-41,9.50816662874354e-41
"DDX5",0.0591836962572391,4.24754168714854e-41,1.28643628377839e-40
"CARD8-AS1",0.0591413115777483,4.83715215111286e-41,1.46424626574312e-40
"FBXW2",0.0591018639198898,5.45875790023843e-41,1.65069203518136e-40
"CLN3",0.0590977300467258,5.52832950200957e-41,1.67086068984293e-40
"SKAP2",0.0590753298168513,5.92093904738156e-41,1.78859135880362e-40
"GPR174",0.0590008557736104,7.4366044403911e-41,2.24410929426548e-40
"PTGER4",0.0589768114375722,8.00397373467818e-41,2.41406825874155e-40
"SF3B4",0.0589416429809356,8.91222526660418e-41,2.68661064572113e-40
"GBP1",0.0588848631014206,1.05997061574908e-40,3.19199441385163e-40
"RPN2",0.0588240936492697,1.27588876329567e-40,3.83624702135254e-40
"CUL4A",0.0588226147442981,1.28165553231185e-40,3.85159356452766e-40
"SLFN13",0.0586664771564165,2.06189889423839e-40,6.1803797696305e-40
"TUBA1C",0.0586123010745617,2.43102216253559e-40,7.28304165394683e-40
"GPS1",0.0585419095620474,3.01036581525077e-40,9.00475868154272e-40
"TNFRSF14",0.0584501678359099,3.97593206376178e-40,1.18807800280635e-39
"SLA2",0.058420656115372,4.34774873544156e-40,1.29851570659745e-39
"CCDC92",0.0584110575009329,4.47597984273352e-40,1.33612711073278e-39
"SPG11",0.058316692386419,5.9550182196882e-40,1.77672309511436e-39
"VAV3",0.0583108420077554,6.06127337121095e-40,1.80749722080441e-39
"NAXE",0.0582854160719949,6.5453950758193e-40,1.9498634638986e-39
"RBM38",0.0582744644541884,6.76558872184981e-40,2.01442631410815e-39
"IMPDH1",0.0582213958570855,7.94144177658656e-40,2.36332102434824e-39
"MIF4GD",0.0582036544016161,8.37821089924008e-40,2.49202465436967e-39
"DDOST",0.0581493913378028,9.8678970556064e-40,2.9306191970968e-39
"RAD9A",0.0581014058990963,1.14030377166372e-39,3.38480363682817e-39
"SPAG9",0.0580947375782399,1.16343720426047e-39,3.45170854066456e-39
"DCTN2",0.0580835844759578,1.20317652741142e-39,3.56778672311998e-39
"HDAC1",0.058042948186518,1.35972560214659e-39,4.02789255844852e-39
"MAGOH",0.0580175532150929,1.46767583348517e-39,4.34324437078198e-39
"FAM50A",0.0580117558189927,1.49349059454897e-39,4.41738795700693e-39
"MAPK13",0.0579989581599514,1.55208557790848e-39,4.58836285798784e-39
"RAB6A",0.0579872271679503,1.60780209705354e-39,4.7506587636376e-39
"SAP18",0.0577019323843789,3.78256879356548e-39,1.11538761178095e-38
"CERS2",0.0577003982351213,3.79996771608036e-39,1.11994991713281e-38
"NARF",0.0576855139592971,3.97295730213392e-39,1.17034099543854e-38
"MEAF6",0.0575985021260547,5.15274834020371e-39,1.51634295459564e-38
"CHI3L2",0.0575843618960658,5.37494806172371e-39,1.58093107969323e-38
"GRAP2",0.0575625928413316,5.735786676665e-39,1.68621103514299e-38
"R3HCC1",0.0575208848785026,6.4957363567486e-39,1.90865620350975e-38
"LAPTM4A",0.0575125990704531,6.65822636486381e-39,1.95541241195495e-38
"STAT1",0.0574898647602506,7.1251122379868e-39,2.09041657381016e-38
"TXNL4A",0.0574758915905497,7.42807769569965e-39,2.17820320723544e-38
"PPIL2",0.057388911068995,9.62392674839659e-39,2.81784696532398e-38
"NDUFA11",0.0573833772090154,9.78368573234437e-39,2.86318134322183e-38
"SHARPIN",0.0573666579808437,1.02825514822585e-38,3.00765924584229e-38
"APAF1",0.0573532563547138,1.07006212281097e-38,3.12837075340913e-38
"JAK2",0.0573378349623893,1.12026462876753e-38,3.27349322393007e-38
"MAP4K5",0.057308867643879,1.22097828200279e-38,3.56599285175891e-38
"ORMDL2",0.0572524615958235,1.44362939532636e-38,4.21415070097278e-38
"CCDC186",0.0571799100073272,1.79028365970776e-38,5.22345814770154e-38
"PDIA4",0.0571327061780412,2.05906409502393e-38,6.00465655809288e-38
"ILRUN",0.0570835574392671,2.38159440112053e-38,6.94173854529213e-38
"NDUFS7",0.0568463108036015,4.79921809740616e-38,1.39674790095767e-37
"HNRNPLL",0.0568230723999196,5.13936261437456e-38,1.49499376950675e-37
"YARS",0.0567984048351605,5.52667255700395e-38,1.6068544723015e-37
"MEGF9",0.0567922362452615,5.62797805582858e-38,1.63549042302378e-37
"HIGD1A",0.0567756725285605,5.90922572505978e-38,1.71550549021216e-37
"EDF1",0.0567725548834165,5.9637039917138e-38,1.7304566949496e-37
"TRNAU1AP",0.0567679551983391,6.04499260692039e-38,1.75316851454198e-37
"UQCRC1",0.0567672978729192,6.0566988827898e-38,1.7556874766471e-37
"THEMIS",0.0567587954890355,6.21016379118002e-38,1.7992757704057e-37
"FRG1",0.0566743531583611,7.96054210329766e-38,2.3052651073426e-37
"FAM104A",0.0566690181617467,8.08631203637905e-38,2.33935517946416e-37
"NIP7",0.0565871414712609,1.02837444753322e-37,2.97063235042897e-37
"DNM2",0.056524275182088,1.23654533300887e-37,3.57019447364509e-37
"CCDC124",0.0564788696383821,1.41246567764763e-37,4.07406973622235e-37
"PPP1R16B",0.0564466829553957,1.55202928782821e-37,4.47440189526665e-37
"RRP36",0.056409305553556,1.73137947533859e-37,4.98898240489235e-37
"STX4",0.0564071008927598,1.74257936378884e-37,5.01876673059503e-37
"PPP2R3C",0.0563598492573983,2.00071016111087e-37,5.75365039899871e-37
"LAMTOR4",0.0563562284576499,2.02199070298882e-37,5.81197327684027e-37
"HNRNPR",0.0563500599614328,2.05876420883653e-37,5.91474917536228e-37
"TRIM26",0.0563181143612425,2.26011243711368e-37,6.49000666230471e-37
"TACC1",0.0562261601503073,2.95561371618827e-37,8.48297625604258e-37
"ZFAND2A",0.0562128077998182,3.07291855264436e-37,8.81530238300543e-37
"TPGS1",0.0562096034080073,3.1017518336911e-37,8.89362686601513e-37
"PARP10",0.0562045461935947,3.14780492793437e-37,9.01677784187017e-37
"POLR2K",0.056140989294657,3.7879220426782e-37,1.08450260650471e-36
"CMC2",0.0561263285058449,3.95305310937946e-37,1.1312232728564e-36
"MAPRE1",0.0561204806013496,4.02089941555699e-37,1.15007221472526e-36
"ITM2A",0.056080358998242,4.51864366471414e-37,1.29180309785138e-36
"PRKAR1A",0.056069859616493,4.65871154712886e-37,1.3311913231029e-36
"TRIM25",0.0560224252244591,5.34725842970902e-37,1.52718751810658e-36
"PRNP",0.0559797589046137,6.05251490733222e-37,1.72776113170014e-36
"IAH1",0.0559647408643468,6.3221498631351e-37,1.80384560650669e-36
"SLCO3A1",0.0559291700263912,7.00936304390142e-37,1.99796066754071e-36
"UBE2G1",0.0559187658194726,7.22405253462666e-37,2.05814673192403e-36
"HCP5",0.0558590899571921,8.58787570065744e-37,2.44430624741533e-36
"TMOD3",0.0558191658964384,9.64023299841247e-37,2.74248821276423e-36
"AC006369.1",0.0558157658965724,9.73556474996912e-37,2.76825353849415e-36
"PPP1R9B",0.0557891976771399,1.05134941032982e-36,2.98799157595937e-36
"CDC123",0.0557360487964216,1.22599059360768e-36,3.48262821605465e-36
"NUCB1",0.0557138644456247,1.30715095482036e-36,3.71136362941668e-36
"CASP3",0.0557040883679371,1.34459041576586e-36,3.81393826082538e-36
"PRKAG1",0.0556266594395237,1.68132020766136e-36,4.76442371863863e-36
"SNX3",0.0556104088543199,1.7619930332198e-36,4.98816537217413e-36
"ANAPC11",0.0555814796642004,1.91523991680603e-36,5.41936436050471e-36
"JUND",0.0555108384247461,2.3473964588243e-36,6.63896263683058e-36
"SNRPG",0.0554293635840532,2.96730691563549e-36,8.3881263587906e-36
"DYNC1LI1",0.0554177238076904,3.06824766764338e-36,8.66925398363799e-36
"OGFR",0.0553862637918357,3.35846944311208e-36,9.48465714449339e-36
"KIF21B",0.0553794075502626,3.42525279446994e-36,9.66856204053389e-36
"MRPL22",0.0553714979782895,3.50393695182567e-36,9.88586483689845e-36
"PAFAH1B1",0.055352090355501,3.70469688622841e-36,1.04472092686849e-35
"HIST2H2AC",0.0553402745212225,3.83248010296875e-36,1.08023154017722e-35
"ATP6V1E1",0.0553185206178367,4.07930099751636e-36,1.149243693532e-35
"MARCH2",0.0552954730117552,4.35804812447272e-36,1.22599107935312e-35
"WDFY1",0.0552720952310598,4.66012307034893e-36,1.31033552418326e-35
"UBL3",0.0552423948408653,5.07407364981149e-36,1.42604042808048e-35
"WBP1L",0.0551544585636663,6.526337879655e-36,1.83153431948599e-35
"TRAPPC5",0.0551540668898433,6.53365281555652e-36,1.83270222799298e-35
"RBM22",0.0550865459405261,7.92451497362111e-36,2.2206982172944e-35
"LPXN",0.0550532503424291,8.71497969115163e-36,2.44103431156498e-35
"PRKD2",0.0549858737418184,1.05621403953438e-35,2.95272534765454e-35
"C12orf49",0.0549056528234877,1.32745639248465e-35,3.70743707502201e-35
"BAG1",0.0548845423405393,1.40967572767055e-35,3.9351754703272e-35
"HMGN3",0.0548203266390446,1.69218563115386e-35,4.71928161625058e-35
"IFIT1",0.0547806276994258,1.89427873605324e-35,5.27782742758459e-35
"IFNGR1",0.0547448835172134,2.09666328937489e-35,5.83611448172743e-35
"ZBTB1",0.0547274414232913,2.20308058517632e-35,6.12939414123732e-35
"RNF4",0.0547019536647418,2.36830758245931e-35,6.58593476997774e-35
"CYTH1",0.0546993724174319,2.38571236044655e-35,6.63116223764484e-35
"CBX4",0.0546488942998213,2.75280079702911e-35,7.64418453527625e-35
"ZNRD1",0.0546482583120502,2.75776687806589e-35,7.65431761954104e-35
"VPS28",0.0545938192680747,3.21756192867387e-35,8.92623862981028e-35
"CYB5R3",0.0545300848813491,3.85342486906402e-35,1.06749787125835e-34
"ZMAT2",0.0545176340043878,3.99150375226605e-35,1.10522247775942e-34
"IL18R1",0.0544958499668057,4.24501221424064e-35,1.17485766615079e-34
"SCO2",0.0544633494868747,4.65325951124805e-35,1.28723199806633e-34
"COPS6",0.0544208990589233,5.24576312435269e-35,1.4504460170665e-34
"CTNNB1",0.0543796937548587,5.89243487241225e-35,1.62770111589639e-34
"UCHL5",0.0543300184193703,6.77810323485813e-35,1.87146489315893e-34
"SQOR",0.0542402210746455,8.72769454748646e-35,2.40518542958707e-34
"BTN3A3",0.0542238290764859,9.13948793452363e-35,2.51747411731997e-34
"ENSA",0.0542046940900334,9.64466312987273e-35,2.65536627715871e-34
"ISG20L2",0.0541849670159883,1.01945173781363e-34,2.80542305879396e-34
"OGA",0.05416662384533,1.07336943396263e-34,2.9524009229488e-34
"TXNDC9",0.0541409625210376,1.15358299748474e-34,3.17153471210091e-34
"CTNNBL1",0.054097907546388,1.30175951597264e-34,3.57553228111201e-34
"SLU7",0.0540932064396991,1.3190421397978e-34,3.62129093835843e-34
"S100A8",0.0540485015579891,1.49521335582226e-34,4.10301228708166e-34
"NCOR1",0.0540239660689672,1.60164062627241e-34,4.39298504950224e-34
"SPTAN1",0.0539592574472873,1.91980334555241e-34,5.26315898318426e-34
"HRAS",0.0539200469369143,2.14237152524545e-34,5.86779609082306e-34
"TRIP4",0.0539056907733023,2.23011844103732e-34,6.10525123848747e-34
"WDR26",0.0538836115251595,2.37208616220224e-34,6.49084970561177e-34
"FBXL5",0.0538746622424556,2.43215419407156e-34,6.65208478867948e-34
"GSDMD",0.0538712126958661,2.45570908879883e-34,6.71334958800509e-34
"GALM",0.0538536466527645,2.57921830850234e-34,7.04436880122914e-34
"EPS15L1",0.0537462938531924,3.47999768698739e-34,9.49119969815613e-34
"NRBP1",0.0537366967928432,3.5743426990951e-34,9.74393985325548e-34
"TMEM258",0.05372605612757,3.68191958013654e-34,1.00324972338273e-33
"GGA2",0.053705412694355,3.89988020415952e-34,1.06214169384138e-33
"CLPTM1",0.0536619230154683,4.40189068866898e-34,1.19774291584944e-33
"TOR1A",0.0536600597292788,4.4247771825822e-34,1.20340687810799e-33
"UBA6",0.0536320867141235,4.78291907686322e-34,1.30020232342044e-33
"EML2",0.0535709843354845,5.66847443503235e-34,1.54021381095877e-33
"PIGS",0.0535649805533427,5.76382083628435e-34,1.56538909815349e-33
"RALBP1",0.053511175663125,6.6926255193453e-34,1.81679306484983e-33
"COPA",0.0534752884659738,7.3933069470414e-34,2.00606442465941e-33
"GLRX3",0.0533493237942406,1.04807347324302e-33,2.83981493076384e-33
"TMEM242",0.0533458254964578,1.05826785470721e-33,2.86610101190974e-33
"OGFRL1",0.0533250783375441,1.12078334824821e-33,3.03399758733982e-33
"CD5",0.0532915977702652,1.22949175566682e-33,3.32363073671422e-33
"MRPS12",0.0532778429061302,1.27713085963201e-33,3.45080639524929e-33
"DPH3",0.0532411805683344,1.41325342993588e-33,3.81683500687144e-33
"ECH1",0.05322048837965,1.49634479445891e-33,4.03936644003491e-33
"CCDC47",0.0532182369545052,1.50567327833996e-33,4.06266160339454e-33
"QKI",0.0531729509883885,1.70606922822828e-33,4.6012409997507e-33
"CYB5B",0.0531346838235392,1.89590351494498e-33,5.1084799392027e-33
"ATP5PB",0.0530757899998649,2.2298179117803e-33,6.0054224760274e-33
"DIAPH2",0.0530569652475193,2.34840294188566e-33,6.32187026319568e-33
"BAD",0.0530216227975089,2.58821163780503e-33,6.96098382180603e-33
"UBE2Q1",0.053018484086342,2.61064950313764e-33,7.01808275311561e-33
"EIF4G2",0.052992708770258,2.80237022494431e-33,7.52999341071489e-33
"C9orf16",0.0528942456837355,3.67247087661206e-33,9.8634014486457e-33
"TUBB",0.0528838259753235,3.77896471497532e-33,1.01400475177454e-32
"LMO4",0.0528817029399732,3.80103625811904e-33,1.01945651740599e-32
"TRPC4AP",0.0528465766731616,4.18536530988187e-33,1.12201767440191e-32
"GUSB",0.0528228449504211,4.46662531583487e-33,1.19686612889038e-32
"CENPB",0.0527615135341175,5.28347396735188e-33,1.41249083248616e-32
"ZNF511",0.0527302844849681,5.75476063546004e-33,1.53777787647328e-32
"DDRGK1",0.0526915592332265,6.39752503824182e-33,1.70718161259235e-32
"CASP7",0.0526751826652763,6.69034399779457e-33,1.7845011158872e-32
"SLC6A6",0.0526670072051129,6.84146662773843e-33,1.82397266240439e-32
"NELFB",0.052656238566108,7.04570878184824e-33,1.87670299908808e-32
"PSMD14",0.0525837611872284,8.58700055332905e-33,2.28619547484876e-32
"PSMD13",0.0525470730103884,9.49047560570721e-33,2.52442307644715e-32
"LSM3",0.0525340228033231,9.83410641599655e-33,2.61463067199323e-32
"GOLPH3",0.052526756035268,1.0030777361224e-32,2.6657008698415e-32
"MRPL27",0.0525163954036886,1.03179542759304e-32,2.74076555080931e-32
"DDX39A",0.0524793695096571,1.14125879265775e-32,3.03014897347046e-32
"COA3",0.052423755168697,1.32770525446024e-32,3.52357211822964e-32
"COX7A2",0.052378866575002,1.50001141798099e-32,3.97540645750366e-32
"FBXW7",0.0523705830006213,1.53415328866251e-32,4.06403779111509e-32
"NAA10",0.0523627157384828,1.56729338050536e-32,4.14993582118322e-32
"UFC1",0.0523582682944794,1.58634133060712e-32,4.19845893146111e-32
"MGAT1",0.052356759953739,1.59285346186542e-32,4.21377529374685e-32
"AKR1B1",0.0523142950508042,1.78749578971638e-32,4.72653572785787e-32
"USP18",0.0523097723371891,1.80956947281417e-32,4.7827275015898e-32
"RIPK1",0.0522881729805634,1.91877843810793e-32,5.06906376467423e-32
"PCID2",0.0522580688273967,2.08198614943708e-32,5.49772989574208e-32
"KIF5B",0.0521767408055313,2.5951044337827e-32,6.8433516193943e-32
"RETREG3",0.0521764762799715,2.5969631984443e-32,6.84514744188583e-32
"TMEM87A",0.0520630203874638,3.52932428950948e-32,9.28164378761498e-32
"GADD45B",0.0519948819608632,4.2419447890033e-32,1.11506934028436e-31
"TRIM22",0.051988098432846,4.32027253262494e-32,1.13514574862641e-31
"TAF10",0.0518952069949348,5.54906091668754e-32,1.45669114940325e-31
"LINC00623",0.0518357439209098,6.51187929203052e-32,1.70789902731414e-31
"TBC1D5",0.0518304693510422,6.60489989199502e-32,1.73151457700835e-31
"UQCRQ",0.0517736831096553,7.69386568819817e-32,2.01608419205626e-31
"PPP1R10",0.0517452386401236,8.30456019788558e-32,2.17512861064042e-31
"KIDINS220",0.0517385651327412,8.45467050941175e-32,2.21344797300455e-31
"UNC13D",0.0517363642321156,8.50476472149322e-32,2.2255602233822e-31
"CDK17",0.051735655081096,8.52096823903486e-32,2.22879691292847e-31
"N4BP1",0.0517345258134137,8.54683436658487e-32,2.23455696529875e-31
"C17orf49",0.0517301097676045,8.64873554880557e-32,2.26018214971484e-31
"AGPAT2",0.0517234129265942,8.80557266874491e-32,2.30013430789867e-31
"RPE",0.0516115181490648,1.1885562996735e-31,3.10188110179722e-31
"COPB2",0.0515825635437808,1.28434494179411e-31,3.35036481225644e-31
"PUF60",0.0515802220469685,1.29241809145154e-31,3.36991204464619e-31
"DDHD1",0.051569657666539,1.32947356522894e-31,3.46497774040834e-31
"RDX",0.0515224022354993,1.50856451304028e-31,3.92821547929665e-31
"TARS",0.051518256816725,1.5253733288331e-31,3.97020590558799e-31
"ABHD14A",0.051480305072673,1.68816567050736e-31,4.39195115353122e-31
"CCNH",0.0514224523452784,1.97008534863791e-31,5.1231033764132e-31
"MSMO1",0.0513694186073977,2.26935579313823e-31,5.8987011939711e-31
"SPTLC2",0.0513578126133492,2.34064168784626e-31,6.0812737996256e-31
"TRAPPC4",0.0513496156472049,2.39232394151733e-31,6.21277334588862e-31
"MGAT2",0.0513153673744629,2.62079986717982e-31,6.80307674321086e-31
"LLPH",0.0513076358491843,2.67530339014655e-31,6.94145683193382e-31
"POLR2J",0.0512664736236209,2.98498596465335e-31,7.73806352656793e-31
"YKT6",0.051266144050472,2.98760386758256e-31,7.74139709246091e-31
"VPS13C",0.0512102227162505,3.46647162852159e-31,8.9702284527905e-31
"NMI",0.0511917782783368,3.64055486057828e-31,9.41651306171826e-31
"MDH2",0.0511636596359546,3.92278338599312e-31,1.01374909023531e-30
"TMEM106C",0.0510713616861095,5.01082600399998e-31,1.29435203267768e-30
"CDC37",0.0510136661670717,5.83808343001476e-31,1.50670252643187e-30
"AP1S1",0.0510104208238496,5.88844821187053e-31,1.51902623201915e-30
"CHD9",0.0509411895442946,7.07175282538393e-31,1.82347060430929e-30
"RIC8A",0.0509390818552234,7.11125912379689e-31,1.83284425842606e-30
"MARK3",0.0509107406690095,7.66425456201265e-31,1.97449678698659e-30
"DCTN1",0.0509074328977962,7.73151570433165e-31,1.99094236923241e-30
"ACLY",0.0508071491216958,1.00738534659901e-30,2.59067417452808e-30
"NDUFS8",0.0507951486770793,1.03976163758768e-30,2.67275304628909e-30
"WDR37",0.0507202448000947,1.26651813687102e-30,3.25276332810179e-30
"BOLA2",0.0506714477793376,1.43999089541537e-30,3.69665507250625e-30
"SREK1IP1",0.0506484040358816,1.52991631943632e-30,3.92403956247304e-30
"PTK2B",0.0506176311126067,1.65875084344048e-30,4.25260692636793e-30
"MBD2",0.0506046059483455,1.7164737588566e-30,4.39671462603551e-30
"HMGN4",0.050579454696588,1.83363555887311e-30,4.69475324589009e-30
"PARP8",0.0505429836867022,2.01776163790038e-30,5.16390604996786e-30
"ARHGAP35",0.0505209181252044,2.13795232908863e-30,5.46668672972421e-30
"CEP250",0.0505069375697286,2.21775406159732e-30,5.66575235428731e-30
"TNRC18",0.0503764325862944,3.12082135338893e-30,7.95884761118758e-30
"SNX17",0.0503383093258931,3.44774351081037e-30,8.78872161615344e-30
"FTH1",0.0500054018200283,8.2030055942544e-30,2.08555855265995e-29
"CARD11",0.0499585324179145,9.26344211110927e-30,2.35413754043582e-29
"TBC1D20",0.0499158733188108,1.0346326298542e-29,2.62703575566301e-29
"RPS6KB2",0.0499118547126546,1.04545925157943e-29,2.65336644986011e-29
"NIPA2",0.0499052390364617,1.06352810982264e-29,2.69804686786956e-29
"GALNT1",0.0498602574363577,1.19487404267648e-29,3.02993365446583e-29
"RNASEH2C",0.0498212442855066,1.32174705408148e-29,3.3501935797303e-29
"METRN",0.0498177185865192,1.33385107887476e-29,3.37939950759377e-29
"TRIM21",0.0497468311036875,1.60194562617919e-29,4.0568662219405e-29
"HEXA",0.0496970521425451,1.82152879394e-29,4.60893572067014e-29
"ACAA1",0.0495801763570569,2.46152236405287e-29,6.22557353345313e-29
"LAIR1",0.0495170310727374,2.89552808219365e-29,7.31687357117803e-29
"PSMD4",0.049385585462275,4.05740082768383e-29,1.02439676848386e-28
"CST3",0.0493396271712585,4.56442303860878e-29,1.15190736866671e-28
"SUPV3L1",0.0493258531903078,4.72827880654578e-29,1.19274116422066e-28
"C1D",0.0492780965827253,5.34290512554904e-29,1.3466159839415e-28
"NQO2",0.0492280727129077,6.07179395343041e-29,1.52899768012728e-28
"MRPS36",0.0491988805897997,6.54187316433733e-29,1.64594661606617e-28
"EAF1",0.0491921338652577,6.65555202268977e-29,1.67309984238205e-28
"KLC1",0.0491519869462534,7.37369383106506e-29,1.85202716275498e-28
"SLC25A1",0.049147637811738,7.45596325703134e-29,1.87188157450826e-28
"VAV1",0.0490744566818823,8.98508327681236e-29,2.25383271492591e-28
"ERLEC1",0.0490463055841117,9.65286412942364e-29,2.42029535462512e-28
"MRPS11",0.0489935918783837,1.10384500640482e-28,2.76413062353502e-28
"SAMSN1",0.0489722537029755,1.16538783891014e-28,2.91698282504123e-28
"GHITM",0.0489706033715251,1.17028709077922e-28,2.92798474886304e-28
"SIAH2",0.0489700538432049,1.17192297676154e-28,2.93081598147077e-28
"TPMT",0.0489433833067674,1.25410544815379e-28,3.1349939202881e-28
"ZYX",0.0489345654607867,1.28251483390411e-28,3.20325578627017e-28
"ELP6",0.0488548991142688,1.56991516721417e-28,3.91771015536658e-28
"RNF8",0.0488536813183613,1.57477106497604e-28,3.92814138611191e-28
"TXNRD1",0.0487622857401059,1.98510370423819e-28,4.94955930031419e-28
"ZFAND6",0.0487434900438015,2.08181280782111e-28,5.18623919376609e-28
"TSPAN14",0.048731119669844,2.14799734031832e-28,5.3488262818895e-28
"TXLNA",0.0487016244836135,2.31434490843278e-28,5.75812183553566e-28
"GMFB",0.0486319566491024,2.75973086507481e-28,6.85451102043367e-28
"MBNL2",0.0486314782073742,2.76306624130656e-28,6.8598637310866e-28
"NDUFB8",0.0485954842367256,3.02580290636359e-28,7.50574754237523e-28
"VCPIP1",0.0485706294719227,3.22154767145635e-28,7.98789891915712e-28
"PPM1A",0.0485685657268085,3.23835461860385e-28,8.02614799288936e-28
"NSF",0.0485505723131986,3.38862517046151e-28,8.39500830806578e-28
"TMBIM4",0.048516346183023,3.69380750888947e-28,9.14327480479796e-28
"FDX1",0.0484952884897912,3.89495923012171e-28,9.63708090483923e-28
"TUSC2",0.0484756215340758,4.09262296235315e-28,1.01218402796581e-27
"ELOF1",0.04847099474801,4.1405518599883e-28,1.02360218673977e-27
"TRIP12",0.0484355078161979,4.52715213172492e-28,1.11869932778849e-27
"UPP1",0.0484329805086224,4.55601258953554e-28,1.12535253592778e-27
"SNAP47",0.0483899056320406,5.07692678717864e-28,1.25295534976995e-27
"ADH5",0.0483888679508567,5.09017851568505e-28,1.25569259478614e-27
"TMEM222",0.0483543976971542,5.55042847669808e-28,1.36865041606149e-27
"PSMB7",0.0483523577336981,5.5789244316224e-28,1.37509367245926e-27
"TCHP",0.04834308802207,5.7102503583483e-28,1.40686626039509e-27
"TMEM107",0.0482904248261618,6.51666767433999e-28,1.60418773923185e-27
"PSD4",0.0482886185139674,6.5462448394624e-28,1.61078641011666e-27
"CHP1",0.0482552307641063,7.11755690145302e-28,1.74988327881747e-27
"CDC34",0.0481947496754892,8.28122038508603e-28,2.03511428660127e-27
"RAB11B",0.0481764790861147,8.66851321796257e-28,2.12939132809799e-27
"PDLIM5",0.0481618131981729,8.99234871403272e-28,2.208007212757e-27
"BABAM1",0.048151802029861,9.22026600861933e-28,2.26301461326417e-27
"SUSD6",0.0481263984605041,9.82465000069642e-28,2.4103362517538e-27
"TTLL3",0.0480396444266863,1.22003851592821e-27,2.99066379357856e-27
"NUB1",0.0479911047936008,1.37697406221216e-27,3.37393475951815e-27
"ZSWIM8",0.0479829255748292,1.40532235054084e-27,3.44194416407222e-27
"GPATCH8",0.0479369929032304,1.57561089474575e-27,3.85414584186123e-27
"IMPAD1",0.0479049944648322,1.70618176533581e-27,4.16827592271194e-27
"KIF3B",0.047862004748764,1.89863928078867e-27,4.63650903358982e-27
"SRP19",0.0478606055713582,1.90525232191693e-27,4.65070411380983e-27
"BCL2L11",0.0478306330502222,2.05252919984017e-27,5.00810231296014e-27
"RAB18",0.0478106512554561,2.1569309477287e-27,5.26063057834628e-27
"CASC4",0.0477867557787623,2.2887148311351e-27,5.57736293440554e-27
"KIF20B",0.0477755516106699,2.35322565979374e-27,5.73216577314385e-27
"RIT1",0.0477645303192861,2.41844211823852e-27,5.88855701349069e-27
"RSRC2",0.0477510090952382,2.50090415018454e-27,6.08424232769884e-27
"VPS41",0.0476791037253796,2.98858304363344e-27,7.26459416545276e-27
"NF1",0.0476521734109638,3.19456685543208e-27,7.762049566794e-27
"BTBD6",0.0476132059683049,3.51777780115213e-27,8.54380467208366e-27
"CHCHD1",0.0475889431506398,3.73519202925517e-27,9.06806018129952e-27
"RBBP7",0.0475745626585812,3.87028770616936e-27,9.38819371797009e-27
"PPP2R5E",0.0475599188030357,4.01283609826456e-27,9.7299138102268e-27
"KANSL1",0.0475207747133353,4.41994686734255e-27,1.07125651346935e-26
"SNX20",0.0475039405293381,4.6073813103271e-27,1.11621926534477e-26
"NBN",0.0474951111286431,4.70881856428122e-27,1.1403188956501e-26
"MORF4L1",0.0473882661902987,6.1266562143175e-27,1.48120324116528e-26
"GPI",0.0473755571033368,6.32126240133584e-27,1.52761651046004e-26
"TSTA3",0.0473278751162353,7.10759015231455e-27,1.71692909248762e-26
"UBE2N",0.0473154733885588,7.32753012461609e-27,1.76932301970373e-26
"B4GALT1",0.0472207655033343,9.24523025036412e-27,2.23144843086031e-26
"CIAO1",0.0472136021416667,9.40905184695084e-27,2.27004604958399e-26
"ST3GAL5",0.0471707864713622,1.0449984234999e-26,2.52013727692176e-26
"RRAGC",0.047164225149761,1.06192880981644e-26,2.55990470454298e-26
"PSMD1",0.0470821476776624,1.29815429523878e-26,3.12546510518965e-26
"NRAS",0.0470594188619172,1.37232092601406e-26,3.30266220372411e-26
"MR1",0.0470529329301382,1.39424524507547e-26,3.35403698856731e-26
"TWF1",0.0470410723215214,1.43523941303405e-26,3.44979796052685e-26
"TOMM5",0.0469919583972408,1.61809986969631e-26,3.88772072867918e-26
"PIK3R1",0.0469776697357003,1.67551027388965e-26,4.0223319751535e-26
"DDX60L",0.0469722241989129,1.69791741729277e-26,4.0744409699858e-26
"COPB1",0.0469679741287217,1.71561167460752e-26,4.11520225044115e-26
"DNAJA1",0.0468923059364184,2.06306468545717e-26,4.94658908905819e-26
"PSMD11",0.0468464333028794,2.30678106452783e-26,5.52866455547866e-26
"TOR3A",0.0468438915203484,2.32109017305752e-26,5.56066615243623e-26
"WDR54",0.0468336740375896,2.37950325858576e-26,5.69825831845918e-26
"ATXN1L",0.0468060391027616,2.54489382230528e-26,6.09181338354131e-26
"THRAP3",0.0467083401536998,3.22631297421459e-26,7.70708220556318e-26
"SCLT1",0.046629246572132,3.90810061819631e-26,9.32808246117329e-26
"CCDC88B",0.0466285464580062,3.9147325953427e-26,9.34007629069449e-26
"PIN4",0.0466019343240043,4.17526547928097e-26,9.95758841427205e-26
"ANKRD13D",0.0465859456700843,4.33998452268803e-26,1.03419393381972e-25
"ERVK3-1",0.046582769176689,4.37346846733767e-26,1.04174584967896e-25
"VEZF1",0.0465262545591422,5.01387247437303e-26,1.19330986163211e-25
"EFCAB14",0.0464982835168849,5.36438576298661e-26,1.27568780910304e-25
"VPS33A",0.0464509201973074,6.01413297514574e-26,1.42903274127339e-25
"ZNF831",0.0464369086769781,6.22088736385755e-26,1.4775560833159e-25
"TRIM13",0.046399260153356,6.8119828312092e-26,1.61662900020367e-25
"MTA2",0.0463857049240003,7.03816260338766e-26,1.66962453268935e-25
"GMIP",0.0463745807073678,7.22932750986017e-26,1.71427382649153e-25
"TMEM11",0.0463485311212532,7.69735022545426e-26,1.82451058361909e-25
"SF3B6",0.0463191675366883,8.26099479784252e-26,1.9565159643464e-25
"SLF1",0.0463087786413753,8.47005684300684e-26,2.0052126424259e-25
"ATG5",0.0462646314912854,9.41852761246073e-26,2.22793986502327e-25
"TYK2",0.0462581395231256,9.56660868248486e-26,2.26204758594801e-25
"CCDC85B",0.0462292340783943,1.02544468296281e-25,2.4237025202846e-25
"PITPNM1",0.0462265330392491,1.0321172051021e-25,2.43848178701358e-25
"YPEL3",0.0462236557409702,1.03927248902083e-25,2.45438915326657e-25
"ZNFX1",0.0461704680320623,1.18075492869929e-25,2.78625564173782e-25
"PNKP",0.0461672559696299,1.18988570682023e-25,2.80666222728863e-25
"HDAC10",0.0461626793079765,1.20301657664587e-25,2.83648370931675e-25
"GTDC1",0.0461471850668122,1.24854622654824e-25,2.94264017384361e-25
"SLC39A7",0.0460976062188172,1.40602009707488e-25,3.31243972606372e-25
"HPF1",0.0460697614514754,1.50293457657936e-25,3.53789216649625e-25
"SEC61A1",0.0460650110189693,1.52011727533784e-25,3.57689133775852e-25
"MNAT1",0.0460448270996013,1.59532139890253e-25,3.75233021870559e-25
"PRDX1",0.0460393275574061,1.61644392730086e-25,3.80047415269926e-25
"KPNA4",0.0460244628925947,1.67493290828093e-25,3.93639711400274e-25
"MPG",0.0459752226236771,1.88407287847047e-25,4.42612432080451e-25
"DDX60",0.0459663435393371,1.92444914739976e-25,4.51915088674238e-25
"SSR2",0.0459632611123134,1.93866557584049e-25,4.55069641631056e-25
"TIMM8B",0.0459283044818535,2.10735608759009e-25,4.94467241868131e-25
"PRKCQ",0.0458118998859281,2.78101588185595e-25,6.51744528441403e-25
"AMZ2",0.0457681362909816,3.08614138130683e-25,7.22960649260593e-25
"TP53INP1",0.0457651369966929,3.10822779950481e-25,7.27548126086266e-25
"C14orf119",0.0457223667077663,3.44076459750253e-25,8.044136701804e-25
"SDHA",0.0456018575833399,4.5794191615444e-25,1.07018834607543e-24
"PSMC1",0.045584878933441,4.76734745409027e-25,1.11365849691208e-24
"PANK2",0.045572132321189,4.91343690309059e-25,1.14686326428765e-24
"TOX4",0.0455629304226166,5.02164885881018e-25,1.17165086982757e-24
"DCAF13",0.0455532688976378,5.13780760742526e-25,1.19827198291957e-24
"ATP2A2",0.0455210954273198,5.54415486738324e-25,1.29252419130491e-24
"BRMS1",0.045491034256292,5.95253165760833e-25,1.38717377682516e-24
"FAM117A",0.0454750913571817,6.18106746726489e-25,1.43927740864357e-24
"PDZD8",0.045456898038864,6.45249816235867e-25,1.50187902761829e-24
"TRIM11",0.0454430527520298,6.66694301507401e-25,1.5511718496241e-24
"RASSF7",0.0453925259535829,7.51117114272512e-25,1.74619706726074e-24
"NENF",0.0453469106005429,8.36385376291723e-25,1.94287442326439e-24
"MRPL36",0.0453433496240896,8.43431927085871e-25,1.95846039161929e-24
"ZMPSTE24",0.0453299985242304,8.70379042797759e-25,2.0202248389539e-24
"KATNA1",0.0452588321931796,1.0290721125398e-24,2.38761162398456e-24
"SMIM12",0.0452516884706961,1.04650428689818e-24,2.42708815460983e-24
"SLFN12L",0.0452282004696803,1.10590816360237e-24,2.56281429300518e-24
"POLR2B",0.045227869951981,1.1067674803197e-24,2.56378341794264e-24
"ARRDC1",0.0451685797888339,1.27212136369789e-24,2.94447206922029e-24
"CPEB4",0.0451181182187551,1.43197191455494e-24,3.31314520994956e-24
"C21orf91",0.0451101195087484,1.45907529507495e-24,3.37451078988285e-24
"CARHSP1",0.0450402008458413,1.71869505372126e-24,3.97021289834179e-24
"MAP3K5",0.0450171268054533,1.81403569497363e-24,4.1887864359105e-24
"NDUFB3",0.0449957334994453,1.90710387197934e-24,4.40019361014051e-24
"HPS3",0.044994779728507,1.91136146740897e-24,4.40826700340513e-24
"TUBA1A",0.0449853157813299,1.95412173914202e-24,4.505099384329e-24
"SMARCD1",0.0449610491082957,2.06814306821531e-24,4.76607752278643e-24
"TIMM17A",0.0449446660332719,2.14882396128072e-24,4.95004552634306e-24
"EWSR1",0.0449425729620123,2.15935368182003e-24,4.97233106130667e-24
"PSMD7",0.0449401349488485,2.17168317620647e-24,4.99874163172752e-24
"GXYLT1",0.0449245658181,2.25208042817795e-24,5.18174641669448e-24
"ZBTB43",0.0449181591734326,2.28601357136088e-24,5.25774075059338e-24
"MED4",0.0449153588442878,2.30100427973309e-24,5.29012534565219e-24
"HEXIM1",0.0449104469614621,2.32753411505436e-24,5.34900287730167e-24
"ALG5",0.0449080135590335,2.34078931077076e-24,5.37733892260857e-24
"LRRC59",0.0449020834505169,2.37340569636266e-24,5.45011217197146e-24
"B4GALT3",0.0448812106098252,2.49183101302995e-24,5.71979535850318e-24
"TP53BP2",0.0448738842129489,2.5347712817503e-24,5.81606422800345e-24
"COMMD3",0.0448147941172989,2.90898656181186e-24,6.66943980167673e-24
"EHBP1L1",0.0448100678254197,2.94118043868903e-24,6.74059176248447e-24
"PLIN2",0.0447672832249513,3.24914757524315e-24,7.440522343307e-24
"VSIR",0.0447508816897629,3.37549705434589e-24,7.72681720356767e-24
"AGK",0.0447395925791438,3.46527853552991e-24,7.92921214507867e-24
"PHC2",0.0447310465595658,3.53481380304911e-24,8.08513885215325e-24
"ROCK2",0.0447230316802358,3.60128257787814e-24,8.23393168474733e-24
"CCNK",0.0446317835354919,4.45109999542945e-24,1.01729426556964e-23
"TSPAN32",0.0446116969686138,4.66333689938001e-24,1.06538184194955e-23
"HMGXB3",0.0445828190904863,4.98613867810387e-24,1.138681257255e-23
"ATG16L2",0.044559525514472,5.26256435210669e-24,1.20133637134501e-23
"CRNKL1",0.0445572043707934,5.29092739543972e-24,1.20733686777761e-23
"SNRPB2",0.0444923251783593,6.14798159964977e-24,1.40235749831886e-23
"TMEM43",0.0444800646479148,6.32474967452102e-24,1.4421124012678e-23
"CKAP5",0.0444532925858038,6.72842653522368e-24,1.53355353030275e-23
"CHFR",0.0444466665976137,6.83221185953056e-24,1.5565980136257e-23
"CCZ1",0.0443562748703157,8.41692089137887e-24,1.91689436601465e-23
"TNIP1",0.044336324724632,8.81298643229767e-24,2.0063093280264e-23
"ATF6B",0.0443316892522371,8.90762420443211e-24,2.02705997948941e-23
"MTCH2",0.0443099595309163,9.36484876376562e-24,2.13027401232899e-23
"YAF2",0.0442856831579674,9.9031865153412e-24,2.25185133126616e-23
"ABT1",0.044271119311038,1.02407368781917e-23,2.32769506202778e-23
"LCP2",0.0442434017793603,1.09149374484012e-23,2.47996936865158e-23
"DRG2",0.0442163672818254,1.16148199845835e-23,2.63692709962497e-23
"CCM2",0.0442086578233199,1.18224265886647e-23,2.68196500130051e-23
"SHFL",0.0441663357155221,1.30293010234554e-23,2.95459608069928e-23
"AP3D1",0.0441430455990285,1.37446924359125e-23,3.11560656932619e-23
"TOPBP1",0.044128494660401,1.42112484285794e-23,3.2201082209319e-23
"DPP9",0.0441199412752757,1.44927844893472e-23,3.28262133484357e-23
"CERK",0.0440041473378735,1.88941946471248e-23,4.27121973119757e-23
"GLS",0.0439584353291806,2.09756104273299e-23,4.73805860099656e-23
"SREBF2",0.0438412776723115,2.74047103367624e-23,6.18308138498692e-23
"GBP2",0.0438352736867013,2.77822442500574e-23,6.26582862170485e-23
"ZGPAT",0.0438184110965919,2.8870336494001e-23,6.50870425535818e-23
"ITGB2-AS1",0.043796299228405,3.03613189668176e-23,6.84218634490669e-23
"LYZ",0.0437592691579606,3.303081492696e-23,7.43513153971695e-23
"GIPC1",0.043744236094095,3.41797209702194e-23,7.69076803247832e-23
"XPNPEP1",0.0437178500662631,3.62927369323393e-23,8.16305677441007e-23
"EIF2B2",0.0437124067651222,3.67444731604462e-23,8.2614653001359e-23
"DAXX",0.0437041698112921,3.74386596321811e-23,8.41428808129298e-23
"MIIP",0.0436969464437048,3.80581002611974e-23,8.55020018237646e-23
"ELP3",0.0436861090384275,3.90065440908577e-23,8.75989313199632e-23
"KIAA2026",0.0436513028861398,4.22137310600773e-23,9.47648531947351e-23
"RSU1",0.0436370529794657,4.36008859402575e-23,9.78032995309828e-23
"MRPL13",0.0436277627892368,4.45294419690928e-23,9.98476530572405e-23
"STX10",0.0436253745838542,4.47712900293842e-23,1.00351229329264e-22
"MLF2",0.0436008336781167,4.73330817875496e-23,1.0605237908606e-22
"MFAP1",0.0435873037729132,4.88069663332678e-23,1.0931255812291e-22
"NCOA6",0.0435599206766472,5.19303955209744e-23,1.16218505493994e-22
"NAPG",0.0435569852940042,5.22767410700513e-23,1.16948583179037e-22
"TRBC1",0.0435236701285974,5.63715166674059e-23,1.26012021104217e-22
"SMNDC1",0.0435004430771423,5.94126599160094e-23,1.32759084748884e-22
"EIF3A",0.0434926674413716,6.04665853893267e-23,1.35062180738957e-22
"BTN2A1",0.0433765199201249,7.86002533932381e-23,1.75364557666603e-22
"PRPF4B",0.0433669399526707,8.03166997703075e-23,1.7912534883539e-22
"LAMTOR1",0.0433456215583036,8.42706200171217e-23,1.87871439792678e-22
"UNC45A",0.0432743154483112,9.89487345560918e-23,2.20425467704103e-22
"MPC1",0.0432647396001712,1.01103542681422e-22,2.25139383166446e-22
"SNAP29",0.0432219350470467,1.11317607353702e-22,2.47789327437654e-22
"PRPF40A",0.0431891153028019,1.19835056370147e-22,2.6664676402117e-22
"ASMTL",0.0431749144210163,1.23717550842195e-22,2.75180407766872e-22
"HIST1H3D",0.04312436316661,1.38575997522441e-22,3.08111590512789e-22
"SRPK1",0.0430976558480417,1.47125675706447e-22,3.2687095841203e-22
"DGLUCY",0.0430964419135377,1.47526452509767e-22,3.27636126093529e-22
"BRD7",0.0430574868082875,1.60977255149426e-22,3.57371965977258e-22
"DENND1C",0.0430427946108536,1.66359646987316e-22,3.69179942073419e-22
"TXNDC15",0.0430257657950351,1.72821224497492e-22,3.83372884266956e-22
"AC245297.3",0.0430131755907612,1.77757713247232e-22,3.94022818227655e-22
"NRDC",0.0429893854197177,1.87469654885936e-22,4.15075670170308e-22
"EXOSC9",0.0428323440095674,2.66144660552985e-22,5.88821000050988e-22
"LRRC57",0.0428122479535212,2.78325531659125e-22,6.15301631800242e-22
"DENND4B",0.0427932076926745,2.90374838414904e-22,6.41695270291795e-22
"FAM219B",0.0427409443128749,3.2616684970294e-22,7.20517571445644e-22
"UBR1",0.0427396020219703,3.27141416214481e-22,7.22395862856598e-22
"IP6K2",0.042617927865055,4.28569349543541e-22,9.45651123594177e-22
"ATP11B",0.04258574453266,4.602445530402e-22,1.01515800465641e-21
"TMEM250",0.0425646377726471,4.82264819805605e-22,1.06332440542875e-21
"CAPZA2",0.0425357549003392,5.14096005376747e-22,1.13307773350385e-21
"RSBN1L",0.0425246184150848,5.26917101245568e-22,1.1604555484802e-21
"PCNA",0.0424943544355987,5.63379357993988e-22,1.24028819267464e-21
"VDAC1",0.0424860530499992,5.73810032101063e-22,1.26277315659651e-21
"VMP1",0.0424735431995457,5.89890635906446e-22,1.29767008928398e-21
"IER5",0.0424554862387583,6.13890996628107e-22,1.34995628921777e-21
"UBA1",0.0424388077718637,6.36916322061279e-22,1.40005963079431e-21
"ZDHHC18",0.0424269329027297,6.53828875062604e-22,1.43669316516592e-21
"ANO6",0.0424168738716317,6.68502347307596e-22,1.4678260833214e-21
"SNX10",0.0424032859239556,6.88842150810774e-22,1.51191487179465e-21
"NCBP3",0.0423792605794998,7.26315176408429e-22,1.59356127039856e-21
"PWP1",0.0423702921614249,7.40814575643938e-22,1.62476011835569e-21
"ATP5PF",0.0423485501754674,7.77164800443979e-22,1.70384074695602e-21
"ACAP2",0.0423264057239537,8.16001639864275e-22,1.78831128615806e-21
"WIPF2",0.042324525432941,8.19386400628834e-22,1.79505230322457e-21
"SLC2A4RG",0.0423236004041715,8.21056663452477e-22,1.79803365786955e-21
"FBXO44",0.0423088892853153,8.48076862588185e-22,1.85650573459982e-21
"CEP350",0.0423023421198785,8.60383322108565e-22,1.8827363961201e-21
"SBF1",0.0423000765358969,8.64682872350948e-22,1.8914327640586e-21
"EPG5",0.042293695042573,8.76908064866498e-22,1.91745284913623e-21
"AP3B1",0.0422300222282388,1.00865079447275e-21,2.20386406672016e-21
"UTP11",0.0422160795101244,1.04001492022208e-21,2.27153954014685e-21
"PARP1",0.0421482404755263,1.20693444543496e-21,2.63215872302738e-21
"TSG101",0.0421232710041021,1.27482765491909e-21,2.77918166931348e-21
"SLC25A11",0.0421008907432083,1.33888385486534e-21,2.91773264509838e-21
"EIF2AK1",0.0420434051437172,1.51838108147084e-21,3.30641845092114e-21
"FAM98C",0.0420111628300925,1.62927264833568e-21,3.5465665288865e-21
"MAN2B2",0.0420064095097845,1.64628465927675e-21,3.58225624848988e-21
"FAM199X",0.0420012261682844,1.6650360389419e-21,3.6217026415907e-21
"C19orf25",0.0419833384112024,1.73138462976204e-21,3.76320398959498e-21
"MAP7D1",0.0419500616350324,1.86184693653634e-21,4.04525397949504e-21
"SSR3",0.0419268573952011,1.95852833838966e-21,4.25213548850233e-21
"GRN",0.0419172035441148,2.00019947175542e-21,4.34098556006069e-21
"CDC5L",0.041900822897123,2.07292300465804e-21,4.49713643265119e-21
"PHF23",0.0418649838149271,2.24128095845674e-21,4.8587560352669e-21
"ZDHHC3",0.0418501118407413,2.3150517440362e-21,5.01680862652438e-21
"ATG101",0.041824572447171,2.44738227225311e-21,5.30159737843275e-21
"CENPX",0.0417990621514233,2.58702699136808e-21,5.60201224807424e-21
"DEF6",0.0417593114242112,2.82048645382106e-21,6.10073214350875e-21
"TP53I13",0.0416041363810973,3.94881914400614e-21,8.53179809106456e-21
"DPP8",0.0415693011619943,4.25795888376349e-21,9.19630510309676e-21
"ECPAS",0.0415468891376348,4.46938252162682e-21,9.64218679127509e-21
"LMF2",0.0415070214085779,4.87144561848523e-21,1.05056927401247e-20
"NDUFS3",0.0414703251196222,5.27303994246976e-21,1.13675475317634e-20
"TAPBPL",0.0414172633157861,5.91227033363985e-21,1.27267093255981e-20
"UNC50",0.0413896044352586,6.27527112407026e-21,1.34981035429668e-20
"HP1BP3",0.0413758874152262,6.46338640399873e-21,1.38975959230635e-20
"DNAJC5",0.0413423693456803,6.94684096394669e-21,1.4931597515702e-20
"CMTM6",0.0413213703793959,7.26776827970552e-21,1.56156263370235e-20
"NADK",0.04128354035603,7.88335078346263e-21,1.692576089896e-20
"VGLL4",0.0412433786964731,8.59334376462181e-21,1.84365130896943e-20
"SOS1",0.0412234763374761,8.96825946914951e-21,1.92337727065302e-20
"TMEM205",0.0412186032792922,9.06249492591456e-21,1.94287054627132e-20
"IRAK1",0.0412059422192212,9.31193683291766e-21,1.99561124162675e-20
"MRGBP",0.0411972458145931,9.4871902390594e-21,2.03241981826072e-20
"KIN",0.0411908805709214,9.61752871642421e-21,2.05958278923572e-20
"NDUFA3",0.0411712446029325,1.00308658609954e-20,2.14730727013279e-20
"SEC13",0.0410853496995089,1.20553300623843e-20,2.57878462725718e-20
"WASHC1",0.041045487762202,1.31273120401867e-20,2.80602933348897e-20
"EDEM2",0.0410161325477246,1.39765011472467e-20,2.98644943631609e-20
"TIMM17B",0.0409647490932457,1.55956352197203e-20,3.33119558607183e-20
"GPATCH11",0.0409197929443554,1.71634666177049e-20,3.66473431234757e-20
"ELOA",0.0409011196728461,1.78596062042737e-20,3.81197323757762e-20
"CTDNEP1",0.0408823135068074,1.85889053501778e-20,3.96617907104382e-20
"KIAA0232",0.0408182585278533,2.13009474482414e-20,4.54149327106305e-20
"M6PR",0.040770289688737,2.35847518664402e-20,5.02288669284538e-20
"NCR3",0.0407692968495784,2.36344922198775e-20,5.03163621911824e-20
"ACBD3",0.0406177853953569,3.25774830477821e-20,6.92539617679992e-20
"FIBP",0.0405792504233009,3.53413871990694e-20,7.50746134506547e-20
"SRRM2",0.0405600531381508,3.68035666229016e-20,7.81521115134468e-20
"KBTBD2",0.0405389785290732,3.84776513492474e-20,8.16771766405499e-20
"GIT2",0.0405179384830505,4.0224040618963e-20,8.53530938581281e-20
"NR3C1",0.0404968848300657,4.20499491705504e-20,8.91950016712551e-20
"YIF1A",0.0404952400113458,4.21960011989941e-20,8.94721484744815e-20
"MRPL43",0.04047607959102,4.39347456456678e-20,9.30910469167413e-20
"PDAP1",0.040449957958984,4.64197889249804e-20,9.83206316443099e-20
"VKORC1",0.0404383211266197,4.75711015552476e-20,1.0072249261898e-19
"TBCC",0.0403599316889325,5.60970134693484e-20,1.1860161596357e-19
"COQ10B",0.0403226199450538,6.06694900806705e-20,1.28199462860613e-19
"PSMC2",0.0403225312642884,6.06807849844365e-20,1.28199462860613e-19
"MTMR9",0.0403097158213169,6.23350791932856e-20,1.31646613470704e-19
"RNF5",0.0403044096243489,6.30330132019201e-20,1.33072238550512e-19
"POR",0.0402718081234202,6.74938516059269e-20,1.42438004914178e-19
"COX6C",0.0402470549028979,7.10879115528066e-20,1.49913984740534e-19
"MRE11",0.0402281231832386,7.39637850724293e-20,1.55922204875212e-19
"SCFD1",0.0402190578482105,7.53812992022196e-20,1.58852832111421e-19
"KIAA1109",0.0401876292858661,8.05067494009929e-20,1.69530879535714e-19
"SPATS2L",0.0401780977603649,8.21281715771713e-20,1.72882627021557e-19
"MADD",0.0401705906773628,8.34278963388887e-20,1.75555008516155e-19
"ATL3",0.0401630063523444,8.47616351979547e-20,1.78297004621974e-19
"WDR55",0.0401598426569221,8.53241944275769e-20,1.79415418962763e-19
"HSPA14.1",0.0401482795682917,8.74118781888393e-20,1.83738819541965e-19
"DCAF15",0.0401259133018294,9.15943362055572e-20,1.92391139149512e-19
"ZMAT3",0.0400924903062371,9.82156031075435e-20,2.06224380513383e-19
"BDP1",0.040065355585308,1.03937245462505e-19,2.1815936100689e-19
"BPTF",0.0399917181957497,1.21177643516655e-19,2.54254319176463e-19
"JKAMP",0.0399645033432917,1.28240446833518e-19,2.68976354022522e-19
"NUDT22",0.0399609361699001,1.29195851570053e-19,2.70882499756547e-19
"BID",0.0399527667667674,1.31410463710569e-19,2.75426474967843e-19
"TSR3",0.0399362210613995,1.36011338750278e-19,2.84966799140813e-19
"PSMB4",0.0399283214800916,1.38263770439763e-19,2.89581633800325e-19
"DCAF7",0.03990024161011,1.4657272939522e-19,3.06652520966529e-19
"ATG4B",0.0398904745807803,1.49576980048565e-19,3.12825263779152e-19
"GSTO1",0.0398488766012994,1.6306839887468e-19,3.40795949032592e-19
"DHX38",0.0398235653690069,1.71858823526256e-19,3.58908904899244e-19
"MESD",0.0398146417877897,1.75068253704668e-19,3.65480133093222e-19
"LINC02591",0.0398131693454411,1.75603490690915e-19,3.66465884343123e-19
"RB1",0.039811262164464,1.7629916056324e-19,3.67653649513294e-19
"SYNGR2",0.0397752675807141,1.8995130107558e-19,3.95981693633885e-19
"IFI30",0.0397353420890479,2.06318509785361e-19,4.29639261509322e-19
"RCC2",0.0397138384712181,2.15703340731272e-19,4.48700005844721e-19
"UGGT1",0.0397004162487694,2.21773726931303e-19,4.61162397468598e-19
"RHEB",0.0396917442412877,2.25785203909491e-19,4.69336053334036e-19
"E2F4",0.0396885000053317,2.27304271040438e-19,4.72324784872015e-19
"RAB11FIP4",0.0396699206589322,2.36200302296441e-19,4.90459505875997e-19
"ECI1",0.0396594893771395,2.4134482259142e-19,5.0096289603619e-19
"CRIPT",0.0396407910320534,2.50845077041902e-19,5.20496818196192e-19
"ATP6V1B2",0.0396299088699506,2.56543201366307e-19,5.32130294911127e-19
"AP3S1",0.0396133019125768,2.65486333164041e-19,5.50287649197363e-19
"GLO1",0.0395986444057728,2.7363511531475e-19,5.66773802640529e-19
"AKR7A2",0.039581514577452,2.83471937386014e-19,5.86939401527437e-19
"FAM204A",0.0395619264666822,2.95149138670723e-19,6.10465051229267e-19
"DYNC1LI2",0.039560683775511,2.95905779454836e-19,6.11812305297582e-19
"RAB14",0.0395469463744382,3.04398868551789e-19,6.28925070751155e-19
"WWP2",0.0395428686389278,3.06965949085225e-19,6.34003587805021e-19
"SMC3",0.0394853909715745,3.45509212527653e-19,7.13103530969716e-19
"RBM6",0.0394828322936478,3.4733191699053e-19,7.16610969665942e-19
"ETNK1",0.0394400959775447,3.79218475470804e-19,7.82121284398976e-19
"HMGN2",0.0394266493441246,3.89837010114182e-19,8.03736325925372e-19
"CDIPT",0.0394131818931738,4.00766304397252e-19,8.25976511048522e-19
"GON4L",0.039408682694235,4.0448458469163e-19,8.33049045438609e-19
"FAM91A1",0.0393839242059982,4.25563828953798e-19,8.76151956740869e-19
"WSB1",0.0393822570984267,4.27021566298718e-19,8.78841835456143e-19
"SNRPD1",0.0393786600140339,4.30183722065381e-19,8.85036386776635e-19
"IVNS1ABP",0.0393736091835423,4.34662928423534e-19,8.93935222929079e-19
"STX12",0.0392805581536841,5.259317003145e-19,1.08011132234201e-18
"PGP",0.0392688821799689,5.3864492015157e-19,1.10582983960471e-18
"NUP210",0.039245486057828,5.65039963999207e-19,1.15960885267069e-18
"SHOC2",0.0391770673939222,6.49782214555829e-19,1.33258088602628e-18
"ADSS",0.0391528635914379,6.82672208133721e-19,1.39953822704522e-18
"NNT",0.0391149401576354,7.37540767635802e-19,1.50989325167287e-18
"ATP5F1C",0.0390893961973758,7.76930683641188e-19,1.58941257772706e-18
"SCAF11",0.0390781603189989,7.94908203988839e-19,1.62504624747912e-18
"PFKP",0.039066342069992,8.1426092943448e-19,1.66402409348565e-18
"CARNMT1",0.039064572600997,8.17198261252111e-19,1.66943982228375e-18
"ETHE1",0.0388984354040739,1.14511407590268e-18,2.33441003477599e-18
"ELMOD2",0.0388819653588409,1.18397046929461e-18,2.41193002717851e-18
"CDK11A",0.0388708440214745,1.21094166232581e-18,2.46601014065788e-18
"GTF2E2",0.0388629731660693,1.23039564862015e-18,2.50474939046596e-18
"OSTM1",0.0388561446900521,1.24752305542828e-18,2.53872689010824e-18
"PTPMT1",0.038835633479791,1.30039838616756e-18,2.6454026672754e-18
"TUFM",0.0388123225574716,1.36318152877061e-18,2.77215222015913e-18
"SEPTIN9",0.0388050387436553,1.38340590882904e-18,2.8122963071404e-18
"DNPEP",0.0387827425526438,1.44717369675408e-18,2.93987190686288e-18
"PYROXD1",0.0387700232350053,1.48484262204917e-18,3.01534078244228e-18
"NT5C3A",0.0386459595363899,1.90697250235435e-18,3.86987576245932e-18
"CMTR2",0.0386119624846675,2.04202958015253e-18,4.14250468406509e-18
"RGS2",0.0385862139851715,2.15056388867539e-18,4.36115747417354e-18
"EP300",0.0385848723679936,2.15637256371477e-18,4.3714116987479e-18
"AC012615.1",0.0385656639437021,2.24125609844569e-18,4.53873883071998e-18
"PRKAA1",0.0385575148237651,2.27825672156906e-18,4.61206132558668e-18
"NFAT5",0.0385405357608322,2.35729750535499e-18,4.77040846139388e-18
"PLEC",0.0385272638433433,2.42096075379179e-18,4.89753703482001e-18
"AP1G1",0.0385173327604248,2.46970614667317e-18,4.99440922911081e-18
"CSRP1",0.038477962490367,2.67266959745024e-18,5.40297589578462e-18
"ZFAND3",0.0384507130378157,2.82270391264457e-18,5.70429594585891e-18
"DNAJC7",0.0384424484354047,2.86983040057934e-18,5.79751626283182e-18
"DPF2",0.0383997366751839,3.12604333273545e-18,6.31072033687337e-18
"MDH1",0.0383519967049374,3.43920523755291e-18,6.93809817447327e-18
"GMFG",0.0382551948296442,4.17231950659636e-18,8.40829437321014e-18
"MED30",0.0382448808919651,4.25899066572615e-18,8.57701100110892e-18
"IMP3",0.0382313304244765,4.37556575180184e-18,8.80872467941541e-18
"EMD",0.0382107594360064,4.55858465668416e-18,9.17399377584776e-18
"RAB11A",0.0381765112389657,4.88019425395846e-18,9.81442526090193e-18
"KPNB1",0.0381664101871994,4.97925500970469e-18,1.00101799088217e-17
"NDUFB9",0.0381380843030332,5.2677572100424e-18,1.05792000362012e-17
"ABHD16A",0.0381176118111875,5.48648407362816e-18,1.10146616358987e-17
"TFRC",0.038114829629973,5.51689238486998e-18,1.10680630103087e-17
"PITPNA",0.0380793732397522,5.91929944319679e-18,1.18712796286611e-17
"IST1",0.0379939954950535,7.01102642573191e-18,1.40462204709941e-17
"SNRPC",0.037951421058136,7.62743376436651e-18,1.52706321179808e-17
"AP5Z1",0.0379383889471144,7.82659363136154e-18,1.56639676947222e-17
"ERH",0.0378923985276418,8.57131911204928e-18,1.71426382240986e-17
"DCAF11",0.0378870033046305,8.66314272861042e-18,1.73203252627051e-17
"APPL1",0.0378320709950615,9.65511680369699e-18,1.92903193066644e-17
"COPS5",0.0377697254269264,1.09172322817144e-17,2.17969611890498e-17
"C16orf54",0.0376916535730458,1.27293072640545e-17,2.53974369442791e-17
"NSD1",0.0376805800783169,1.30092808281273e-17,2.59471311506781e-17
"ARHGEF2",0.0376705081038774,1.32692048680306e-17,2.64564729650065e-17
"IDH3B",0.0376376123807278,1.41543530160107e-17,2.82116254214863e-17
"DDX46",0.0376368333695331,1.41760055887897e-17,2.82450958114658e-17
"TMEM35B",0.0376008677551838,1.52120662677256e-17,3.02990161576495e-17
"ANP32A",0.0375687923972661,1.61988732983515e-17,3.22534606406369e-17
"PTGES2",0.037521140722717,1.77825918911649e-17,3.5394665777894e-17
"RAB1A",0.0375070067431689,1.82810511131644e-17,3.6374347507604e-17
"SERINC3",0.0374855058260118,1.90658701742569e-17,3.7922942317858e-17
"NFATC2IP",0.0374636949763032,1.98959555484743e-17,3.95604836290567e-17
"GBF1",0.0374526171269073,2.03311138890721e-17,4.04119131064594e-17
"E2F3",0.0374483686074109,2.05004833474695e-17,4.07346356292283e-17
"RBL1",0.0374321530919966,2.1159815973778e-17,4.20303658371831e-17
"SNRNP35",0.0373846427149251,2.32144552261226e-17,4.60328944982001e-17
"TPGS2",0.0373605028951971,2.43325990245841e-17,4.82172061134956e-17
"MFSD6",0.0373350638509536,2.55684330903257e-17,5.06488524611359e-17
"TAF11",0.0373186071636684,2.6400678231896e-17,5.22796394834002e-17
"SRRT",0.0372978048357669,2.74910221673582e-17,5.44202387045932e-17
"MKNK2",0.0372522831261968,3.00343759794131e-17,5.93942814536743e-17
"GTF2A2",0.0372303346993072,3.13422578680583e-17,6.19385252394269e-17
"MON1B",0.0371495394923481,3.66591596763327e-17,7.24211543299951e-17
"RNASEH2B",0.0371065465254464,3.98415107792416e-17,7.85744352388708e-17
"GIT1",0.0370935717142154,4.08543628118496e-17,8.05446257335379e-17
"MED27",0.0370816998503504,4.18033440191618e-17,8.23876010306438e-17
"CHMP5",0.0370751354512674,4.23373724639626e-17,8.34117995798476e-17
"COPS4",0.0370686994498931,4.28674868543544e-17,8.4427595255001e-17
"MED13",0.037047942803298,4.46221540987547e-17,8.77941637176581e-17
"TRIM38",0.037043695437179,4.49898421720352e-17,8.84876354327813e-17
"RAB5B",0.0369770826165324,5.11630800176208e-17,1.00595338654402e-16
"STK25",0.0369727821999183,5.15891524753453e-17,1.01398767056715e-16
"LNPK",0.036940509029816,5.49003323873759e-17,1.07833974935934e-16
"GLRX5",0.0368780990389857,6.19090909821056e-17,1.21477257524645e-16
"PABPN1",0.0368201909136408,6.91979079406336e-17,1.355504688072e-16
"ING3",0.0368134103973621,7.01048590740881e-17,1.37280808941577e-16
"MIER1",0.036794691585959,7.26699565409495e-17,1.42208009230976e-16
"RNPS1",0.036759575414282,7.77341865610046e-17,1.52067011879017e-16
"DHX8",0.036744067205438,8.00800061301918e-17,1.56550620796729e-16
"KIFAP3",0.0367053019328531,8.62534691833041e-17,1.68562596803417e-16
"CTCF",0.0367040412138129,8.64619298225456e-17,1.68913188614667e-16
"GATAD2A",0.0366860288067689,8.94951157440552e-17,1.7478011179585e-16
"TATDN2",0.036663041979729,9.35187632583093e-17,1.82576772609101e-16
"ZCRB1",0.0366401931391875,9.76949129352423e-17,1.90601824095209e-16
"H2AFV",0.036627088794576,1.00172454361525e-16,1.95304362545852e-16
"NDUFV1",0.0366057189617127,1.04346224648741e-16,2.03373661186614e-16
"SMS",0.0365526187528282,1.15474211196551e-16,2.24986964624323e-16
"SPRTN",0.0365117749448322,1.24822545652679e-16,2.43119515862389e-16
"RNF187",0.0364480466111704,1.40919096548304e-16,2.7437915884045e-16
"CRACR2A",0.0364441106018756,1.41977769566496e-16,2.76347889055753e-16
"CWC15",0.0364355338783809,1.44311895919679e-16,2.80609146565799e-16
"KMT2D",0.0364304962591434,1.45700461185872e-16,2.83214408164645e-16
"MED31",0.0363939340575454,1.56180912425069e-16,3.03282146012195e-16
"ZDHHC20",0.0363734929684927,1.62360647951245e-16,3.15177049396338e-16
"MAPK9",0.0363495657964408,1.69901023666979e-16,3.29704423890645e-16
"NELFCD",0.0363277900663916,1.77062870438429e-16,3.43487784708994e-16
"ARID1A",0.0362340671388998,2.11439077298865e-16,4.0990123991361e-16
"VAMP3",0.0361912351171441,2.29264367296321e-16,4.44161500908739e-16
"IRAK4",0.0361443720716113,2.50466476130051e-16,4.84913777237795e-16
"SMARCE1",0.0360873625364734,2.7887795458264e-16,5.39739817527241e-16
"MAP3K11",0.0360758405339911,2.84994632609067e-16,5.5139440902926e-16
"SNAPIN",0.0360453339285118,3.01835486702572e-16,5.83782977941879e-16
"NCOA2",0.0360363089585329,3.07003010170856e-16,5.93580005027617e-16
"MRPS34",0.0360247758443665,3.13733726603019e-16,6.06391891924425e-16
"C6orf89",0.0360081410804478,3.23698654716975e-16,6.25444342159262e-16
"NDUFB4",0.0360069240965183,3.24439805079618e-16,6.26668044906195e-16
"EVI2B",0.0359805555512713,3.40915460385072e-16,6.58272643108982e-16
"C6orf62",0.0359547160234442,3.57859678314254e-16,6.90760694241928e-16
"RAP1GDS1",0.0359453214218953,3.64223701743536e-16,7.02811472288656e-16
"SEC16A",0.0358739664110542,4.16341846912877e-16,8.02846321916935e-16
"DESI2",0.0358403969982699,4.43339207720248e-16,8.54056173440531e-16
"MRPS22",0.0358307509095756,4.51410986265158e-16,8.69317644855236e-16
"LCORL",0.0358158986371816,4.64123249861166e-16,8.93502592975521e-16
"ATP5F1D",0.035812061978042,4.67464029451007e-16,8.99636072572601e-16
"RTN3",0.0357217320186137,5.53338100432324e-16,1.06454850702174e-15
"FDFT1",0.0357126602916408,5.62776895418911e-16,1.08234921117628e-15
"PPP1R12C",0.0357122103917077,5.63249106224208e-16,1.08289904246613e-15
"ARRDC3",0.0356693281194695,6.10096751321125e-16,1.17180512844626e-15
"HIST1H1E",0.0356575130742311,6.2366550445341e-16,1.19747073402155e-15
"ARFGAP2",0.0356213188320473,6.67109703106763e-16,1.2804628779579e-15
"GFER",0.0355839733078613,7.15060392347649e-16,1.37204721040757e-15
"HAUS2",0.0355669816354288,7.37986265022494e-16,1.41510266325e-15
"GTPBP1",0.0355382914466064,7.78350912721939e-16,1.4915184651302e-15
"TDRD3",0.0354940047198324,8.44966102189489e-16,1.61757015346683e-15
"NUTM2B-AS1",0.0354880908248829,8.54276450971305e-16,1.63485503228358e-15
"PSMD3",0.0354748355528767,8.75513159257398e-16,1.67494485898749e-15
"APH1A",0.0354338267523446,9.44562844597408e-16,1.80526118145351e-15
"SLF2",0.0353940718296234,1.01661277975245e-15,1.94168697861361e-15
"ATF7",0.0353456026559368,1.1118109361106e-15,2.12211663733162e-15
"LPAR6",0.0353429299631321,1.11730850156942e-15,2.13190972131368e-15
"ACTR10",0.0353367627823752,1.13009640495063e-15,2.15560233198985e-15
"MAPK14",0.035311911358597,1.18310410562781e-15,2.25523157163295e-15
"TMUB1",0.0353099469985043,1.18739700527139e-15,2.26267258840568e-15
"NCSTN",0.0353090293155753,1.18940775838628e-15,2.2657613542252e-15
"AP2A1",0.0352601864315458,1.30140953389644e-15,2.47830675327855e-15
"BIRC6",0.0352567128646489,1.30975922305309e-15,2.49339030605456e-15
"YY1",0.0352405054181301,1.34942110901643e-15,2.56805353163178e-15
"BAZ1A",0.0352346109070894,1.3641372290679e-15,2.59520968096321e-15
"SDHB",0.0352146158636653,1.41524380736952e-15,2.69155661270669e-15
"LIPA",0.0351795575583403,1.50944249123518e-15,2.86882922140577e-15
"AC010642.2",0.0351630715516656,1.55584796172469e-15,2.95606026595092e-15
"ARID5B",0.0351383473218274,1.62808836741388e-15,3.09129356138825e-15
"MFSD14B",0.0351170509083592,1.69295427435552e-15,3.21340634962583e-15
"ZNRD2",0.0350696636142641,1.84656101518617e-15,3.50153755962871e-15
"ZNF410",0.035007503591504,2.06902370977617e-15,3.91699211766094e-15
"GPN1",0.0349952381666254,2.11594008337692e-15,4.00450790120047e-15
"PPP2R1A",0.0349859312468801,2.15223753042422e-15,4.07187647357602e-15
"FOXO3",0.0349635925755481,2.24188040484431e-15,4.24009401658155e-15
"SUPT16H",0.0348771891926976,2.6245589773919e-15,4.96062984604934e-15
"ANKRD36C",0.0348308133762408,2.85577973110744e-15,5.39239499584029e-15
"SRPRA",0.0347952476121651,3.04658743323805e-15,5.74708411618939e-15
"MVB12A",0.0347375736530932,3.3830136685794e-15,6.37757880044874e-15
"TIPRL",0.0347288239674779,3.43715107018159e-15,6.47753632292329e-15
"TRIM33",0.0347183317580859,3.50319565592789e-15,6.59986163768328e-15
"SRSF4",0.0347145028405513,3.52760714645988e-15,6.64369822917201e-15
"PPID",0.0346847546668981,3.72306086293044e-15,7.00953344196686e-15
"PARP12",0.0346526231191713,3.94615818465655e-15,7.42475602758947e-15
"MRPS18C",0.0346355358457774,4.07010761005117e-15,7.65301372682544e-15
"NADSYN1",0.0345919562748964,4.40384803120321e-15,8.27786699785028e-15
"FMR1",0.034587874049739,4.43645690477537e-15,8.33646541563351e-15
"FLOT2",0.0345640187820822,4.63182108334581e-15,8.69513699496312e-15
"ERG28",0.0345626324494841,4.64343134003811e-15,8.71411783929658e-15
"CCDC69",0.0345562708500598,4.69707687752172e-15,8.81194667919828e-15
"WASF2",0.034532917042013,4.89929519322705e-15,9.18242620542909e-15
"SNW1",0.0345307189695221,4.91876362177239e-15,9.21594267238591e-15
"MAPK1IP1L",0.0345283446618423,4.93987853546746e-15,9.25252144638636e-15
"SMG1",0.0345273894963924,4.94839804556835e-15,9.26549273223043e-15
"NELFE",0.034524566229382,4.97366456362612e-15,9.30980304147987e-15
"POLR3K",0.0345175939803858,5.03660729163703e-15,9.42458518319202e-15
"SLC44A2",0.0344978770865611,5.21887859570196e-15,9.76251123212739e-15
"FAM13B",0.0344949819290289,5.24618370937764e-15,9.81043105498804e-15
"DCLRE1C",0.0344434944679491,5.75594297758551e-15,1.07429481649733e-14
"USF2",0.0344149977673707,6.05872424033938e-15,1.13044318731469e-14
"FAM126B",0.0344019575594157,6.20245515866433e-15,1.15688926130158e-14
"MT-ND5",0.0343828485041748,6.41915946899962e-15,1.19654120698607e-14
"ENO1",0.0343716573751562,6.549513645307e-15,1.22044800598026e-14
"PCNT",0.0343587547833176,6.7030386990368e-15,1.24865579867955e-14
"ELOVL5",0.0343446512744871,6.87490643596654e-15,1.28026133309316e-14
"CERT1",0.0343144162297283,7.25810397462619e-15,1.35075569326056e-14
"HNRNPUL1",0.0343049290648058,7.38262084620347e-15,1.37348887189931e-14
"SS18L2",0.0343023535336606,7.4167854019136e-15,1.3794034161895e-14
"CTPS1",0.0342363521057313,8.34738449062411e-15,1.55148700542077e-14
"SAP30L",0.034235264484718,8.36364412648288e-15,1.55401213756773e-14
"CTR9",0.0342174330768812,8.63470646143783e-15,1.60386430021977e-14
"DNAJB12",0.0341314154318823,1.00686319750145e-14,1.86782282281468e-14
"TENT2",0.0341115666641043,1.04314278484674e-14,1.93450729595701e-14
"ZNF207",0.0341059007972956,1.05373279998983e-14,1.95352313669566e-14
"TM9SF3",0.0340924122909496,1.07937160867378e-14,2.00029317815432e-14
"STOML2",0.0340922681126066,1.079648950425e-14,2.00029317815432e-14
"SCYL2",0.0340473408272216,1.16957614477396e-14,2.16621305080505e-14
"CREBBP",0.0340428678779014,1.1789227874988e-14,2.18282868459479e-14
"PILRB",0.0340411457621302,1.18254087013536e-14,2.18883042586838e-14
"AZI2",0.034033200983676,1.1993744387571e-14,2.21928183319206e-14
"MAGED2",0.0340030500238459,1.26543147242766e-14,2.34002154557734e-14
"RAMAC",0.0339921985579455,1.29007121905215e-14,2.3848263120646e-14
"ZBTB37",0.0339873315603425,1.30127517334964e-14,2.40477307074979e-14
"TTC1",0.0339810354440706,1.31591112676371e-14,2.43104751072813e-14
"MUS81",0.0339764055802054,1.32677693512913e-14,2.45034240450285e-14
"ZDHHC21",0.0339358302016974,1.42585861247469e-14,2.63249372798693e-14
"C7orf26",0.0338899163420628,1.54677286393903e-14,2.85301297531376e-14
"RAB11FIP1",0.0338628039096799,1.62285296732936e-14,2.99144352874033e-14
"MMADHC",0.033794017406338,1.83278419339484e-14,3.37627313217459e-14
"R3HCC1L",0.0337543925050596,1.96561421949187e-14,3.61638171689989e-14
"TTC31",0.0337393331408358,2.01854163049576e-14,3.71258353051941e-14
"RNF6",0.0337337309601165,2.0385866504753e-14,3.74826498341108e-14
"CCDC32",0.0336977304209,2.17215261517425e-14,3.99006036643259e-14
"RAB4A",0.0336629102060338,2.3095144920931e-14,4.23970253570596e-14
"TP53RK",0.0336529744610487,2.35025295948869e-14,4.31312605006261e-14
"MICOS10",0.0335894606639051,2.62788870597848e-14,4.81807228995171e-14
"RCN2",0.0335348199927721,2.89236847641307e-14,5.29963606081738e-14
"HNRNPL",0.0335342469526806,2.89527644577773e-14,5.30329237404984e-14
"RALGAPB",0.033510951349262,3.01595910351378e-14,5.52086749909356e-14
"PKNOX1",0.0335105210577224,3.01823412677395e-14,5.5232924259478e-14
"VRK3",0.0334855729165094,3.15306518502072e-14,5.76639863289504e-14
"RNF168",0.03347772541246,3.19668858825719e-14,5.84433912392286e-14
"NUDT5",0.033457348227976,3.31275384844626e-14,6.05463061860682e-14
"UBXN7",0.0334144217200823,3.57098446011029e-14,6.51839248811589e-14
"HTATIP2",0.0333822896201589,3.77713762330723e-14,6.8925349659848e-14
"EXOSC1",0.0333761565067255,3.81779580312723e-14,6.96454149647692e-14
"PHACTR2",0.0332973823017847,4.37988335289872e-14,7.98240264880758e-14
"CWC25",0.0332785344991074,4.52599756591231e-14,8.24352800159272e-14
"FABP5",0.0332372891806896,4.86266863033059e-14,8.85395679181747e-14
"TXNDC11",0.0331998103550539,5.18987616235733e-14,9.44381974189756e-14
"RAE1",0.0331764709378915,5.40447836054163e-14,9.82509484875445e-14
"PPP1R15A",0.0331725628432295,5.4412555490265e-14,9.888860929e-14
"KMT2E",0.0331400457302419,5.75695247242976e-14,1.04593334697599e-13
"MAML1",0.0331251381974888,5.90763914430412e-14,1.07297495958424e-13
"BMI1",0.03310689051703,6.09737399566224e-14,1.10708958646638e-13
"SF3B1",0.033060927184836,6.60224186460478e-14,1.19800904517899e-13
"TRIOBP",0.032986880289319,7.50328314457659e-14,1.36023336357702e-13
"ATMIN",0.0329694774247738,7.73199869298976e-14,1.40082220709652e-13
"ZNF593",0.0329628414528187,7.8210043692441e-14,1.41606471632544e-13
"CNOT1",0.0329564950229431,7.90706834748523e-14,1.43120153334115e-13
"MRFAP1L1",0.0329558529450533,7.91582725146825e-14,1.43234084637402e-13
"RPL36AL",0.0329486634485106,8.01455637262477e-14,1.44975417484267e-13
"MINDY2",0.0328732959649812,9.12520959414401e-14,1.6496335353395e-13
"DTNBP1",0.0328406531784297,9.6519673776027e-14,1.74431699000705e-13
"RANGRF",0.0328258921114233,9.899872696856e-14,1.78856263954389e-13
"NBR1",0.0328178643404608,1.0037311571631e-13,1.81282954799003e-13
"ESCO1",0.0328134559444423,1.01135810480466e-13,1.82603706279114e-13
"DENND4C",0.032755529797359,1.11702664292628e-13,2.01557244603773e-13
"NOL12",0.0327527431319756,1.12237480190321e-13,2.02459414918109e-13
"RAB7A",0.0327404550424262,1.14625975492817e-13,2.06703744822915e-13
"TAF12",0.0327296882482489,1.16759777474667e-13,2.10486298598873e-13
"ATAD2",0.0327291241773032,1.1687263678049e-13,2.10624423245956e-13
"SCAMP1",0.0327056200639206,1.21671855323499e-13,2.19205462845685e-13
"PFKL",0.0326604081346101,1.31454303790066e-13,2.36609604715969e-13
"POLR2E",0.0326206074292331,1.40702766467619e-13,2.53099498207924e-13
"SECISBP2L",0.0326170671217548,1.41555736466425e-13,2.54555055799153e-13
"PHKG2",0.0326082333787955,1.43706277576412e-13,2.5834237094776e-13
"ATP6V1H",0.0325883618766691,1.4866193623407e-13,2.67168575569702e-13
"OSBPL11",0.0325679969216694,1.53914820892198e-13,2.76523319636926e-13
"STRAP",0.0325002986429645,1.72721640984043e-13,3.10215753213614e-13
"HSD17B7",0.0324856679020986,1.77073542000978e-13,3.1793371211297e-13
"DBF4",0.0324666399051821,1.82894883059435e-13,3.27991803676365e-13
"TOR1AIP1",0.0324666197696654,1.82901141726617e-13,3.27991803676365e-13
"STMN1",0.0324442066091833,1.8999984413493e-13,3.40616623723692e-13
"GOLGA2",0.0324360239561145,1.92658332246845e-13,3.45276049034432e-13
"RABEP1",0.0323993072531256,2.05044218727814e-13,3.67360357350819e-13
"BTBD7",0.0323933215173022,2.07136257594262e-13,3.70994123000879e-13
"VPS11",0.0323867156610822,2.0946937460125e-13,3.7505730289047e-13
"VPS13A",0.0323781389545579,2.12537127002834e-13,3.80432947995218e-13
"RUVBL1",0.0323458858260622,2.24473685803285e-13,4.01551573372944e-13
"AUP1",0.0323020865620335,2.4174340049175e-13,4.32311582664015e-13
"RNF34",0.0322939869389207,2.45077036360959e-13,4.3813833753611e-13
"EGLN1",0.0322896839265092,2.46866391195375e-13,4.41201557696039e-13
"ITFG1",0.0322353653118508,2.7058806043007e-13,4.834484498062e-13
"RPUSD3",0.0322344249210312,2.71017854629391e-13,4.84067538754155e-13
"ZC3H18",0.032231546165175,2.72337727424854e-13,4.86275536649233e-13
"EFTUD2",0.0322074433135338,2.83639156589392e-13,5.06143929412817e-13
"SMARCC2",0.0321959640015443,2.8918231775914e-13,5.15877111975482e-13
"HEATR5B",0.0321780395617074,2.98051169430379e-13,5.31535255209991e-13
"GNA13",0.0321718016788939,3.01199847410408e-13,5.36985740229844e-13
"MARK2",0.0321706169130438,3.0180155915325e-13,5.3789348721211e-13
"DDX52",0.0321123404057586,3.32901942988757e-13,5.93141046183524e-13
"SPAG7",0.0320958545124335,3.42257100584731e-13,6.09622515659962e-13
"ZCCHC8",0.032085662930749,3.48169094321065e-13,6.19772978926196e-13
"HDGF",0.0320792649378057,3.51931600347364e-13,6.26278769509761e-13
"FLII",0.0320718803547682,3.56323953660791e-13,6.33901077035971e-13
"IP6K1",0.032056853566595,3.65428779329234e-13,6.49899652833999e-13
"SAMM50",0.0320432729197756,3.73853677820526e-13,6.64476322780702e-13
"LENG1",0.0320297056114052,3.82460680878925e-13,6.79566333619171e-13
"CPNE3",0.0320157650214575,3.91507138514841e-13,6.95215242605638e-13
"OTUD5",0.0320124809948193,3.9366863109032e-13,6.98839976755327e-13
"GNPAT",0.0319920572209195,4.07376704145867e-13,7.22733029455366e-13
"DDIT3",0.031976300394514,4.18271695535343e-13,7.41609241748448e-13
"PMAIP1",0.0319202794953099,4.59374194551307e-13,8.13988664247621e-13
"GRB2",0.0318594271449762,5.08519153794576e-13,9.00522035909224e-13
"RMND5A",0.0318396525922059,5.25573828509545e-13,9.29873695980967e-13
"USP38",0.0318279116184374,5.35964284226143e-13,9.47968478369551e-13
"FAM76B",0.0317496218698972,6.10592055030506e-13,1.07897872418282e-12
"TMEM50B",0.0317469278900103,6.13333807277093e-13,1.08349425163965e-12
"SLK",0.0317245769288985,6.36552109986472e-13,1.12382772273432e-12
"STXBP3",0.0317133565002248,6.48531090842849e-13,1.14393405158684e-12
"MAEA",0.031640244319508,7.32186837543161e-13,1.29070970573274e-12
"RFXANK",0.0315982797898894,7.84896120636917e-13,1.38153126987939e-12
"ZZEF1",0.0315876937878247,7.9877025582184e-13,1.40552610561203e-12
"SLC39A3",0.0315671403662717,8.26398626619598e-13,1.45370121607539e-12
"SON",0.0315631752473932,8.31835535484558e-13,1.46282243032867e-12
"ATRX",0.0315311082616796,8.77114641576369e-13,1.54151505801084e-12
"MAN2B1",0.0315305730027661,8.77890598072995e-13,1.54241238089488e-12
"DDX49",0.0315260282228319,8.84506298185874e-13,1.55356621488555e-12
"MED19",0.0315036990110921,9.17727686224219e-13,1.61143000372663e-12
"PPM1M",0.0313507503087494,1.18060050173469e-12,2.07175426210205e-12
"JOSD1",0.0313498640473749,1.18232077376804e-12,2.07414679660123e-12
"USF3",0.0313307724610473,1.21998131188019e-12,2.13956891510189e-12
"INO80E",0.0313123708188129,1.25739382235122e-12,2.20451671055966e-12
"KIF22",0.0313045672192178,1.27359720462142e-12,2.23225179531354e-12
"HNRNPK",0.0312906899037583,1.30291967061197e-12,2.28295722809671e-12
"SEPTIN11",0.0312754753568844,1.33582910224073e-12,2.33921022664149e-12
"VPS4A",0.0312606009529011,1.36879071106367e-12,2.39620831707893e-12
"PTPA",0.0312388728415272,1.4183788869514e-12,2.48226982564334e-12
"EXOC5",0.0311966833499816,1.5197495255189e-12,2.65647646385439e-12
"MFSD11",0.0311637736115125,1.60372701676039e-12,2.80242375869254e-12
"RAB10",0.0311087486115189,1.75441573886921e-12,3.06390152473193e-12
"FOXN2",0.0310955463833925,1.79258781923325e-12,3.12962463363883e-12
"LRBA",0.0310680527570536,1.87471474361966e-12,3.27202465162687e-12
"PLEKHB2",0.0310570601506001,1.90857407659462e-12,3.32912140851378e-12
"MICU2",0.0310277854537782,2.00169888850386e-12,3.48737228416799e-12
"TIMM22",0.0310095200282924,2.06204526822996e-12,3.59143155497529e-12
"HACD4",0.0309072467328982,2.4343915425611e-12,4.23613282795363e-12
"RUFY2",0.0308870974448758,2.51516526086095e-12,4.37537877764856e-12
"HCFC1R1",0.030866097805959,2.60214442389454e-12,4.52127455655458e-12
"RCHY1",0.0308605537432236,2.6255954903238e-12,4.56065779729883e-12
"MORC3",0.030836359502597,2.73038481923569e-12,4.73842835753891e-12
"LETM1",0.0308128293676959,2.83622738927414e-12,4.91770691720207e-12
"STIM1",0.0307893071281904,2.94605285841521e-12,5.10660877217691e-12
"CRKL",0.0307816890746284,2.98250755520712e-12,5.16825697998323e-12
"FLAD1",0.0307315343348598,3.23380047822132e-12,5.60204124572945e-12
"LUZP1",0.0306973621990704,3.41678757967584e-12,5.91551069796723e-12
"AL139246.5",0.0306664588805695,3.59098827939634e-12,6.21525428226669e-12
"SETD3",0.0306306910306336,3.80349863888115e-12,6.57914705035037e-12
"PANK3",0.0306156038693307,3.89679068625745e-12,6.73851456963055e-12
"CDK13",0.0305752431881707,4.15753072973879e-12,7.1829870990612e-12
"BAZ1B",0.0305673979527217,4.21016251722721e-12,7.26959731138579e-12
"PRRC2A",0.0305200952831202,4.54162864908636e-12,7.83727604171316e-12
"ATXN7L1",0.0304986279646304,4.70037139139037e-12,8.10880336205428e-12
"MED8",0.0304898542494905,4.76680412978336e-12,8.22096902145427e-12
"BICRAL",0.0304859393155248,4.79674333527185e-12,8.26769640112692e-12
"TNIP2",0.0304851410048958,4.80287095085312e-12,8.27580372557317e-12
"TMEM248",0.0304136815483939,5.38361174288622e-12,9.27097820730509e-12
"RNF139",0.0303919078192946,5.57386320646603e-12,9.5900808040203e-12
"FRYL",0.0303797678922406,5.6827829033506e-12,9.77458840907775e-12
"COPG1",0.030344795007739,6.00835432220531e-12,1.03223633818082e-11
"C16orf91",0.0303385840213826,6.06805528805618e-12,1.04218490940256e-11
"THAP12",0.0303062871656575,6.38799334131638e-12,1.09680996454153e-11
"CAB39",0.0302857068550596,6.60042806474382e-12,1.13261552737795e-11
"DLGAP4",0.0302831148202427,6.62766972221119e-12,1.13695443994957e-11
"FOXN3",0.0302650921305162,6.82015408748215e-12,1.1696292580834e-11
"PATL1",0.0302492009943585,6.99441028415409e-12,1.19915966287621e-11
"ZNF106",0.0301680529276212,7.95456010066589e-12,1.36256714721692e-11
"DMAC2",0.0301468895025631,8.2254945841782e-12,1.40814652498509e-11
"NDUFA8",0.0301306841543896,8.43904860733195e-12,1.44385488683583e-11
"CDK9",0.030120021195901,8.58251833549572e-12,1.46796929269868e-11
"PIH1D1",0.0300960377550463,8.91400343430335e-12,1.52332219818204e-11
"DHRS1",0.0299795980503414,1.07101937492221e-11,1.82758796448851e-11
"HGS",0.0299776186195991,1.07436052393014e-11,1.83275120783151e-11
"ATG16L1",0.0299667468521877,1.09289420105721e-11,1.86382074429122e-11
"TBC1D9B",0.0299469243957136,1.12749607365033e-11,1.92226669992835e-11
"EMC4",0.0299456403518025,1.12977412742005e-11,1.92558569752649e-11
"UBL4A",0.0299388947985481,1.14181583565016e-11,1.94553903160326e-11
"WDR45B",0.0299062869863089,1.20182076027417e-11,2.04658138257061e-11
"DCAF5",0.029884866506497,1.24290842371441e-11,2.11469079585133e-11
"PHF5A",0.0298692139412033,1.27379925984053e-11,2.16661436880105e-11
"PMF1",0.0298469616721184,1.31901288429814e-11,2.2428621660447e-11
"ZCCHC10",0.0298447434441841,1.32360525418762e-11,2.25001279243593e-11
"TMED10",0.0298369319300083,1.3399023508884e-11,2.27705042788404e-11
"OGDH",0.0298282233482318,1.3583027171149e-11,2.30764553986314e-11
"COMMD9",0.0298263917126456,1.36220416302275e-11,2.31359748553133e-11
"RNF10",0.0297857011584485,1.45176225913621e-11,2.46426467584685e-11
"NHLRC2",0.0297713639837871,1.48467156903687e-11,2.5193901194868e-11
"NRBF2",0.0297440845944459,1.54931793272933e-11,2.62832335815028e-11
"ATP6AP2",0.0297388100179777,1.56213180728391e-11,2.6492880256592e-11
"NR4A2",0.0297310945048954,1.58106274476859e-11,2.68061163144547e-11
"MOB4",0.0297237804282769,1.59921604910461e-11,2.71059891437621e-11
"SPAST",0.0297023612529359,1.65355988041597e-11,2.80107549547585e-11
"FKBP15",0.0296160172893799,1.89156445991013e-11,3.19679344024359e-11
"SACM1L",0.0296098698043645,1.90973425646912e-11,3.22656264494143e-11
"SAR1B",0.029607668627038,1.91628161910247e-11,3.23668374606903e-11
"UQCRFS1",0.0296042361930378,1.92653521360378e-11,3.25305713581207e-11
"KAT7",0.0295490211952768,2.0990521355693e-11,3.54127460433347e-11
"DDX58",0.0295255601281748,2.17685285262539e-11,3.67146511301763e-11
"GSK3B",0.0295253215558884,2.17765831930879e-11,3.67175809452355e-11
"POLK",0.0295218581266148,2.18938445008074e-11,3.69045893963726e-11
"TIMM29",0.0295027834232685,2.25508188172216e-11,3.79899591204904e-11
"KMT2B",0.0294893644070086,2.30245235121065e-11,3.87767402643764e-11
"COPS8",0.0294798603141937,2.33659063455299e-11,3.93402803245133e-11
"SYMPK",0.0294560696688955,2.42423296620422e-11,4.07922466693079e-11
"KXD1",0.0294349805831847,2.50460791696584e-11,4.21325071299724e-11
"NUBP2",0.0294270948661093,2.53532726588067e-11,4.26245937787054e-11
"CBLB",0.0293703108499673,2.76768827196206e-11,4.65176525061987e-11
"FUNDC2",0.0293636690183139,2.79619213992389e-11,4.69831417092733e-11
"PDS5B",0.0293545816299968,2.835657236934e-11,4.76324851475735e-11
"PTPN2",0.0293378183382312,2.90989299672399e-11,4.8851236559676e-11
"RBM28",0.0293280248442954,2.95413994758685e-11,4.95654196748695e-11
"ASB8",0.0293101844129373,3.0364414797755e-11,5.09315956145893e-11
"ZNF143",0.0292793020566826,3.18424370310676e-11,5.33953387260718e-11
"VPS29",0.0292539200487153,3.31097319500065e-11,5.5504402103674e-11
"ZNF688",0.0292536579121826,3.31230742606535e-11,5.55107576709684e-11
"PLEKHA3",0.0292226538797107,3.47388062558963e-11,5.81849976827866e-11
"SUMO3",0.0292023580018505,3.5838004282923e-11,6.00087815881154e-11
"MTRF1L",0.0291936439312991,3.63203240624386e-11,6.0763881246659e-11
"RELA",0.0291608687819271,3.81919482869654e-11,6.38399779821234e-11
"CREM",0.0291576519660336,3.83806513284383e-11,6.41369596092247e-11
"MTG1",0.0291160649318872,4.09038964260285e-11,6.83338447910542e-11
"RUFY1",0.029091602077122,4.24632260720483e-11,7.09184683709036e-11
"SDHAF1",0.0290337276548478,4.63875192288996e-11,7.74279901661012e-11
"MLX",0.0290244147629422,4.70512907733801e-11,7.85133798377506e-11
"AGAP2",0.0290061751183946,4.83783423042699e-11,8.07046284363997e-11
"ZNF266",0.0289747878968901,5.07481846910196e-11,8.46094232427441e-11
"POLR2I",0.0289271374315291,5.45645379151032e-11,9.09461125215313e-11
"CCDC14",0.0289067627735487,5.62807607751945e-11,9.37797539063733e-11
"METTL18",0.0288766272263786,5.89163732998258e-11,9.8115175248879e-11
"CCDC97",0.0288720407994225,5.9327938901761e-11,9.87722660833672e-11
"ZBED4",0.0288704682691152,5.94696971208975e-11,9.89686300629087e-11
"ARAF",0.0288677024034146,5.97198346655422e-11,9.93393471883604e-11
"COA6",0.0288633327978959,6.01171086929985e-11,9.99715695919048e-11
"GLT8D1",0.0287966468207749,6.65106202453962e-11,1.10477200590524e-10
"IGLC3",0.0287652814887486,6.97432321149252e-11,1.15747477170744e-10
"AC009107.2",0.0287191523289666,7.47783248134964e-11,1.24068405314314e-10
"UQCC3",0.028712831807775,7.54953382415537e-11,1.25222290485134e-10
"PRPSAP1",0.0286772833106521,7.96550284223417e-11,1.3208417266495e-10
"ANAPC10",0.0286694386054037,8.06027189856684e-11,1.33617513617999e-10
"GLYR1",0.0286577180404814,8.20392122612099e-11,1.35960051799872e-10
"EXOG",0.0286320752646396,8.52698843514614e-11,1.41273822078305e-10
"YY1AP1",0.0286115494305437,8.79452216771709e-11,1.45623255950917e-10
"EMSY",0.0285878933244415,9.11304382765489e-11,1.5085448797018e-10
"TM7SF3",0.0285165823580008,1.01430075059772e-10,1.67856377063609e-10
"CALU",0.0284939109593791,1.04936816628582e-10,1.73610241458958e-10
"PTPN1",0.0284575333562726,1.10812688226254e-10,1.83175012505969e-10
"PKM",0.0284150989282531,1.18073955507566e-10,1.95067035079583e-10
"SMARCD2",0.0284111934923316,1.18765152437255e-10,1.96153187259257e-10
"MAF1",0.0283981728100606,1.21098289313152e-10,1.99949789059102e-10
"SERPINB6",0.0283760309812484,1.25169084374337e-10,2.06553866662023e-10
"TMEM170A",0.028375463390656,1.252751752848e-10,2.06670257949265e-10
"PRCC",0.0283385186038924,1.32373030803224e-10,2.18255902135699e-10
"SELENOF",0.0283353605862428,1.32997669867116e-10,2.19223612384481e-10
"MRPL34",0.0283264624896293,1.34773199693109e-10,2.22087280015977e-10
"STMP1",0.0283198333403844,1.36111020116717e-10,2.24228245158265e-10
"PPP3R1",0.0282119749502248,1.59791528599619e-10,2.62866788627509e-10
"USP8",0.0281823893144988,1.66961818821681e-10,2.7458463242547e-10
"LARP7",0.0281802278001686,1.67497828671088e-10,2.75388226375209e-10
"BLOC1S2",0.0281429301569388,1.77016090511047e-10,2.90955180444063e-10
"SLC35A3",0.0281387965313277,1.78102960862773e-10,2.92658865856498e-10
"UBE2W",0.0281276428637669,1.81068272825419e-10,2.97447371865839e-10
"ASCC3",0.0281264220422187,1.8139575414123e-10,2.97901136781246e-10
"CINP",0.0281177110168644,1.83749311689678e-10,3.016810733165e-10
"UBR5",0.0280754830218664,1.955880204185e-10,3.21027273276566e-10
"TSEN34",0.0280685242496955,1.97609151191596e-10,3.242530736097e-10
"CEBPG",0.028045485021127,2.04447421228252e-10,3.3537917363212e-10
"AZIN1",0.0280273122992106,2.10003840453571e-10,3.44396817357831e-10
"PSME3",0.0280012039527466,2.18245634048532e-10,3.5781202400284e-10
"SPG21",0.0279941823251361,2.20515579530884e-10,3.61431626687394e-10
"CTSZ",0.0279607726628625,2.31636009936978e-10,3.79551308078296e-10
"ZFYVE16",0.0279547114684341,2.33711364674675e-10,3.82825205367525e-10
"ATE1",0.027954553283315,2.33765769760727e-10,3.82825205367525e-10
"DDX19B",0.0278960402976965,2.54762489858968e-10,4.16389086349921e-10
"PEF1",0.0278761694302531,2.62303429174947e-10,4.28593626754229e-10
"ASPSCR1",0.027820984502983,2.84407664345395e-10,4.64319478981864e-10
"SNX6",0.02782008801205,2.84781359742766e-10,4.64799006690524e-10
"BCKDHA",0.0277798132568565,3.02073377282674e-10,4.92606753301599e-10
"COPS3",0.0277651928851426,3.08600909729908e-10,5.03110375133302e-10
"GRK6",0.0277628054044784,3.09679845203667e-10,5.04727779114894e-10
"TRERF1",0.0277328698968417,3.23524748508285e-10,5.27144894401501e-10
"LYPLA2",0.0277236176257716,3.27924798374944e-10,5.34014829967827e-10
"MRPL51",0.0276583896106947,3.60646253940695e-10,5.87136142269837e-10
"IKBIP",0.027646206981447,3.67101406920864e-10,5.97477842907885e-10
"MRPL15",0.0276154017574032,3.83931393811485e-10,6.24694641890355e-10
"NUP54",0.0275956399351487,3.95122100650196e-10,6.42723103548541e-10
"CZIB",0.0275681918130503,4.11195178614109e-10,6.68494091777679e-10
"EXOC2",0.0275276707186757,4.36096076014388e-10,7.08778074327635e-10
"VPS36",0.0275241729731237,4.38313233201963e-10,7.12182418610514e-10
"STIP1",0.0275221409886564,4.39606319551771e-10,7.14083825946029e-10
"DYNC1I2",0.0275089001346094,4.48123998853523e-10,7.27716312192421e-10
"COX20",0.0275009494652962,4.53315743150632e-10,7.35941647818848e-10
"EBNA1BP2",0.0274885643886558,4.61520289403426e-10,7.49052198272191e-10
"COMMD2",0.0274781858810546,4.68507033898505e-10,7.60179475437775e-10
"TSHZ1",0.0274694119935289,4.74493991500522e-10,7.69678782752172e-10
"MYCBP",0.0274690710244185,4.7472815642103e-10,7.69843762589014e-10
"HNRNPUL2",0.0274418679665754,4.93778157467534e-10,8.00512873417381e-10
"PSMD12",0.0274408523159135,4.94503666164665e-10,8.01465506901571e-10
"WRAP73",0.0274143744224945,5.13788978750458e-10,8.32257955545614e-10
"CTSB",0.0274040872944188,5.21477980444939e-10,8.44477576580101e-10
"PMVK",0.0273906620724424,5.31681593964039e-10,8.60761399476043e-10
"STAT2",0.0273614063348207,5.54596403791222e-10,8.97359214597601e-10
"GNPTG",0.0272990318893525,6.06715588125336e-10,9.81416921287074e-10
"SNRPA",0.0272345741938841,6.65589957272437e-10,1.07575329023009e-09
"ARHGAP12",0.0272208174302803,6.78858446142229e-10,1.09658846275115e-09
"PNKD",0.027217704405967,6.81896590580363e-10,1.10119004847265e-09
"HIPK3",0.0271931845783352,7.06294813478469e-10,1.14027373776024e-09
"CLASP1",0.0271769802387098,7.22883962497276e-10,1.16673190503587e-09
"KAT5",0.0271543123271138,7.46729422005355e-10,1.2048837869781e-09
"TSPAN31",0.0271318160569983,7.71152218752033e-10,1.24394579389032e-09
"PPP3CB",0.0271262716639561,7.77290079596689e-10,1.25349887419977e-09
"VTI1A",0.0271250279513755,7.78673447641486e-10,1.25538143625307e-09
"TSC22D1",0.0271192215864042,7.8516364481249e-10,1.26549392780094e-09
"HMGXB4",0.0270117035700229,9.15331579247573e-10,1.47365848714318e-09
"ARPC1A",0.0270017977882758,9.28332110809904e-10,1.4941750839178e-09
"POLR2A",0.0269989194324766,9.32143362137574e-10,1.49989402567652e-09
"TMUB2",0.0269802101534086,9.57291007032228e-10,1.53993228144791e-09
"VPS25",0.026961210428792,9.83505744819171e-10,1.5816644684253e-09
"ARL6IP6",0.0269078016595086,1.06100210917629e-09,1.70534962901897e-09
"RC3H1",0.0268651684278842,1.12710706288381e-09,1.81059874225559e-09
"ATP5MPL",0.0267921570760525,1.24975665283964e-09,2.00485389630251e-09
"USP47",0.0267629776244579,1.30233166500992e-09,2.08804183090695e-09
"WWC3",0.026710458141803,1.40244438993394e-09,2.24669426524148e-09
"GGA1",0.026620621335767,1.59134381308889e-09,2.5479036478437e-09
"TRAPPC3",0.0266013527191896,1.63497697865069e-09,2.61632329292891e-09
"ANKIB1",0.0265950856746086,1.64941813361906e-09,2.63870580583373e-09
"ATF2",0.0265876737031423,1.66665802239721e-09,2.66555212607942e-09
"PAK2",0.02652244857828,1.82613591945602e-09,2.91740020997207e-09
"BOLA3",0.0265016721176119,1.87998834384289e-09,3.0009591470516e-09
"SDE2",0.0264999176614823,1.88460607855115e-09,3.00750426373951e-09
"ANKFY1",0.0264707002904288,1.96315045783905e-09,3.13112800794746e-09
"NUP42",0.0264334623273789,2.06789054020996e-09,3.2972784141839e-09
"TMX3",0.0263913021956563,2.19305156518492e-09,3.49589020758496e-09
"TGOLN2",0.0263339019815911,2.37538086448806e-09,3.78446096063723e-09
"BISPR",0.0262963022935916,2.50273066568844e-09,3.98626216195703e-09
"NDUFA5",0.0262957286911859,2.50472404095404e-09,3.98834414411641e-09
"MTIF3",0.0262603253656463,2.63079629420433e-09,4.18679848354752e-09
"COG3",0.0262145006440515,2.80318601300354e-09,4.45992803382878e-09
"SNX14",0.0261960273807976,2.87574970765684e-09,4.57412624545746e-09
"CHRAC1",0.0261815283465205,2.93398053246937e-09,4.6654705484848e-09
"SRP54",0.0261467720807544,3.07828221675164e-09,4.89359306448593e-09
"TMEM126A",0.0261419213204118,3.09896333511797e-09,4.92377662758492e-09
"EIF4A1",0.0261315598709994,3.14359328170918e-09,4.99332171448312e-09
"USP39",0.0261278425592246,3.15975691432386e-09,5.01762491422139e-09
"HINT2",0.0261160861709574,3.2114105150051e-09,5.09825673674123e-09
"ACSS1",0.0261065526240822,3.25390049226306e-09,5.16430083589102e-09
"CERS5",0.0260872483060123,3.3416204972503e-09,5.30062727347674e-09
"RETREG2",0.0260714130712646,3.41529176007747e-09,5.41453238122484e-09
"CAPRIN1",0.02606982874453,3.42274904709983e-09,5.42487522818223e-09
"PLD3",0.0260155143081896,3.68821163932922e-09,5.84243282850407e-09
"PHB",0.0260041445251612,3.74626594203175e-09,5.93277865261267e-09
"NSUN3",0.0260010284297507,3.76233145219014e-09,5.95659776631138e-09
"PDHB",0.0259817064238904,3.86345654345622e-09,6.11337038675947e-09
"MED29",0.0259474667050826,4.04919170476779e-09,6.40552590857659e-09
"PFDN2",0.0259235185267762,4.18423506160092e-09,6.61735351782981e-09
"GADD45GIP1",0.025899319193369,4.3251436039907e-09,6.83833912578726e-09
"RASSF5",0.0258618341195303,4.55257421272894e-09,7.19596446134908e-09
"APEH",0.0258223209003741,4.8049024247061e-09,7.59273868743661e-09
"ARF4",0.0258050179105997,4.91963482230804e-09,7.7698145617539e-09
"IBTK",0.0257979440213324,4.96730403953174e-09,7.84296959460975e-09
"ANP32E",0.0257972990256698,4.97167279774493e-09,7.84773555146484e-09
"PRKAR2A",0.0257884221659467,5.03217967826223e-09,7.9410883220364e-09
"NPLOC4",0.025742929903137,5.35368627513659e-09,8.44156935189742e-09
"SNX4",0.0257132975895075,5.57376206129332e-09,8.78619612157223e-09
"RP9",0.0257079435422155,5.61445389692235e-09,8.8479409026336e-09
"GAR1",0.025681803183568,5.81731219231486e-09,9.1626608297382e-09
"KDM2B",0.0256635279350464,5.96335080839415e-09,9.39013679176017e-09
"GFPT1",0.0256629355478132,5.96814379150376e-09,9.39513860135965e-09
"DDB2",0.0256500011423791,6.07373463974894e-09,9.55618454959958e-09
"CXorf38",0.0256414313458733,6.14469320532433e-09,9.66521161281326e-09
"TOR1AIP2",0.025629974055829,6.24082124666172e-09,9.81110443213359e-09
"CMTR1",0.0256125713649758,6.38963604046312e-09,1.0042337660133e-08
"RWDD4",0.0256122826989716,6.39213336498188e-09,1.00435466659299e-08
"MCM3AP",0.0256094526231411,6.41666741690627e-09,1.00793705478538e-08
"RNF220",0.0255911423231956,6.57762782561984e-09,1.03266269374669e-08
"AIP",0.0255678194151568,6.78834752412475e-09,1.06516943332109e-08
"IMP4",0.0255596521936658,6.86367804832623e-09,1.07669896941625e-08
"EIF4A3",0.0255472790435451,6.97935310472618e-09,1.09454938598674e-08
"SF3A1",0.0255333189847006,7.11214065524721e-09,1.11507314508489e-08
"SP3",0.0255246640154429,7.1956967278046e-09,1.12786918505934e-08
"TRPS1",0.0254908553109096,7.53133311865934e-09,1.18015929052704e-08
"URM1",0.0254745141674813,7.69896967167579e-09,1.20577773462085e-08
"NABP1",0.0254515897728478,7.94026935178525e-09,1.2432339836362e-08
"CHIC2",0.0254347115073996,8.12261197313044e-09,1.27144144324897e-08
"C15orf61",0.025426903780535,8.20833305092377e-09,1.28451350813056e-08
"SNIP1",0.0254021303779612,8.48618350818444e-09,1.32763656930196e-08
"KCMF1",0.025400698249992,8.50252235026816e-09,1.32983476587079e-08
"AC092821.3",0.0253661841290608,8.90566662195504e-09,1.39199432138677e-08
"PDCD6IP",0.0253660612129514,8.90713503309945e-09,1.39199432138677e-08
"IRF3",0.0253342853966415,9.29474497406375e-09,1.45217897282953e-08
"BECN1",0.0253219857045107,9.44914006164762e-09,1.47590438157205e-08
"VAMP7",0.0252988749599877,9.746014233167e-09,1.52186552184757e-08
"UHRF2",0.0252869137624812,9.90320492412649e-09,1.54599589092192e-08
"GLMN",0.0252675329767881,1.01631469294091e-08,1.58614956911186e-08
"SMAGP",0.0252669086580244,1.01716298183417e-08,1.58704731554905e-08
"SNRPD3",0.0252501974816749,1.04012664572961e-08,1.62244124127227e-08
"BORCS7",0.0252138283985564,1.09185816077998e-08,1.70222093091557e-08
"BCL7B",0.0252015011633577,1.10995332987982e-08,1.72996748545495e-08
"STAU1",0.0251716594464352,1.1549730618647e-08,1.79965239559186e-08
"IGFLR1",0.0251391602757331,1.20602026428456e-08,1.8786892993894e-08
"CORO1B",0.0250942095407866,1.28025295926777e-08,1.99325748707856e-08
"STX5",0.0250681762666069,1.32525528519593e-08,2.0622178628002e-08
"AC022706.1",0.0250634000398329,1.33367689115666e-08,2.07421195916577e-08
"PSMG2",0.0250497061810368,1.35811161535003e-08,2.11164919968282e-08
"RTCA",0.0250414690164304,1.37301855085993e-08,2.13368551272671e-08
"JARID2",0.0249921500969576,1.46565335844129e-08,2.27581547402105e-08
"DHX29",0.02493836995701,1.57358671928027e-08,2.44275801614768e-08
"CCDC130",0.0248963541617028,1.66324352879872e-08,2.57986959951379e-08
"MBD4",0.0248915721650944,1.67375684538728e-08,2.59548420101143e-08
"DCTN5",0.0248418168034505,1.78704556406523e-08,2.7689439665015e-08
"GOLT1B",0.0248144770783972,1.85242991199043e-08,2.8694889788082e-08
"ABHD3",0.0247790401315508,1.94064381327111e-08,3.00453432145223e-08
"WDR11",0.024738933411784,2.04540518980607e-08,3.16504125749543e-08
"PSPC1",0.0247185033659296,2.10086002854635e-08,3.24912147043943e-08
"NISCH",0.0246903771482454,2.17959870602208e-08,3.36999938265505e-08
"RBBP4",0.0246837447864736,2.19857910359025e-08,3.39753835417882e-08
"RNF13",0.0246803290662413,2.20841665550978e-08,3.41183349330751e-08
"MARCKSL1",0.0246751250979742,2.22348669402628e-08,3.43420267490851e-08
"IGLC2",0.024617456386549,2.39731489662188e-08,3.6997329206496e-08
"BIN3",0.0245535247648623,2.60544164996477e-08,4.01773066319853e-08
"RNF44",0.0245287471958884,2.69073116260518e-08,4.14815106553351e-08
"DDX6",0.024510969778753,2.7535875253017e-08,4.24167789479287e-08
"FAM174C",0.02449671511864,2.80501536910728e-08,4.31975339831783e-08
"LSM8",0.0244832085340458,2.8546034476629e-08,4.39495502988524e-08
"RB1CC1",0.0244743766699647,2.88748756442644e-08,4.44440617702502e-08
"FLI1",0.0244595735652149,2.94343069749493e-08,4.52931406244124e-08
"C3orf38",0.0243885016725947,3.22699853358384e-08,4.9617236712141e-08
"ETF1",0.0243777113288604,3.27230464178722e-08,5.02872410842605e-08
"SYF2",0.0243696012253867,3.30676259460211e-08,5.08033417917724e-08
"REXO1",0.0243507789458812,3.38809588095938e-08,5.20391470933824e-08
"AP3M1",0.0243355027307667,3.45552956509703e-08,5.30608661356511e-08
"ZHX1",0.0243326398251376,3.46831129835967e-08,5.32430672637782e-08
"SUPT6H",0.0242632051187843,3.79273543588884e-08,5.81772983726205e-08
"ZNF622",0.0242549384243929,3.83326717789051e-08,5.87680000999726e-08
"ASCC2",0.0242427464749758,3.89381203612138e-08,5.96647391350842e-08
"PNP",0.0242320942928026,3.94746865718587e-08,6.0470974790628e-08
"BRD1",0.0242265507736923,3.97567513101414e-08,6.08870193977713e-08
"NUTM2A-AS1",0.0241913398624083,4.15945181435196e-08,6.36344668202516e-08
"OAT",0.0241840126577135,4.19871710027976e-08,6.42182731232262e-08
"VPS72",0.0241747776534677,4.24871814347728e-08,6.49488423195423e-08
"TSC2",0.0241695622498274,4.27721045602653e-08,6.53672026569188e-08
"IFIH1",0.0241673781584103,4.28919733855876e-08,6.5515939373728e-08
"ARMCX6",0.0241233483789145,4.53790829239465e-08,6.92603019837124e-08
"KCTD20",0.0241120427022068,4.60399297848722e-08,7.02320398713064e-08
"VPS37A",0.0240921501869467,4.72254170084313e-08,7.2002655732687e-08
"EXOSC10",0.0240441423407074,5.02095919589931e-08,7.65123619469501e-08
"PSMC6",0.0240283878726493,5.12281333129889e-08,7.80440133198143e-08
"CYTH2",0.0240051643887673,5.27661571005648e-08,8.03660652695186e-08
"RRAGA",0.0239752338918797,5.48144878144707e-08,8.34639253805878e-08
"USP7",0.0239618924856482,5.57521586875198e-08,8.48472234333243e-08
"PDCD6",0.0239226657644391,5.8600045128881e-08,8.9157974421219e-08
"CIZ1",0.0239135868927713,5.92789930473133e-08,9.0167366550899e-08
"CCDC43",0.0238836416697228,6.15728560343692e-08,9.36074913083322e-08
"RTN4",0.0238324265826105,6.56968127109613e-08,9.98248040460411e-08
"RNF11",0.0238318181060284,6.57473816642392e-08,9.98755311637632e-08
"HOOK3",0.0238300925501714,6.58909934346135e-08,1.00067534319826e-07
"FAM120A",0.0237455081235258,7.33156299062446e-08,1.11314117297569e-07
"SLC3A2",0.023736826705636,7.41219904112153e-08,1.12479636624017e-07
"MEA1",0.0237012410828541,7.75179997717238e-08,1.17571663536863e-07
"LPIN1",0.0236987641461439,7.77599071925235e-08,1.17907795617779e-07
"KLHDC3",0.0236819707175135,7.94194074788385e-08,1.2039269594862e-07
"MTMR14",0.023659157085819,8.17288497161858e-08,1.23861297144843e-07
"INO80",0.0236445367228243,8.32429304770398e-08,1.26123021880228e-07
"CALM3",0.0235907036547253,8.90554854042139e-08,1.34759691502399e-07
"PHAX",0.0235906704992999,8.90591835961309e-08,1.34759691502399e-07
"CIAO2A",0.0235826860264293,8.99541230355892e-08,1.36078439115785e-07
"RHBDD2",0.023582291128187,8.99986104070026e-08,1.36110310612932e-07
"EXOC6",0.0235524235329828,9.34257963206981e-08,1.41109856604963e-07
"GRHPR",0.0235326742068607,9.57609824214176e-08,1.44599332250787e-07
"FAM76A",0.0235300008026624,9.60813987636142e-08,1.45045477821851e-07
"PSMG3",0.0235220652957312,9.70386196988247e-08,1.46452468888489e-07
"PPP2CA",0.023489267046226,1.01093755687685e-07,1.5249335791768e-07
"ESYT1",0.0234791523191051,1.0237708321943e-07,1.54389104221932e-07
"KIAA1191",0.0234532030393117,1.05741986054699e-07,1.59422159001274e-07
"PRPF31",0.0234435135137737,1.0702569286115e-07,1.61315696812501e-07
"ATG3",0.0234179180461984,1.10489644434575e-07,1.66407311078971e-07
"FAM3C",0.023412460372798,1.11242165701383e-07,1.67497271258145e-07
"JADE2",0.0234093912529346,1.11667521947155e-07,1.6809418222141e-07
"FAM172A",0.0233760927730623,1.16384786418407e-07,1.75104421088217e-07
"SQSTM1",0.0233490894154813,1.20351294545515e-07,1.81025290864009e-07
"AP1G2",0.0233397680590413,1.21750629982731e-07,1.83082706716593e-07
"GMEB1",0.0233255175248274,1.2392041655465e-07,1.86249149473914e-07
"RC3H2",0.0233203750829215,1.24712553339294e-07,1.8739125129472e-07
"PTBP1",0.0233134615066874,1.25785237934211e-07,1.88954200794426e-07
"PHKB",0.0232975994838488,1.28280170573307e-07,1.92652287176244e-07
"RINL",0.0232749963199515,1.3191829404967e-07,1.98013720303895e-07
"DNTTIP2",0.0232249272039599,1.40336141197991e-07,2.10214858928538e-07
"ZC3H4",0.0231970354173884,1.45248365710423e-07,2.17460974113596e-07
"VRK1",0.0231925148322239,1.46060021129715e-07,2.18619841052254e-07
"SF3A2",0.023149766026802,1.5395546863204e-07,2.30378265625493e-07
"DAZAP1",0.0231126002319748,1.61153847095712e-07,2.41025774400484e-07
"UBE2Q2",0.0231116460773929,1.61342869575595e-07,2.41246400301868e-07
"MOGS",0.0231110355070639,1.61463938874882e-07,2.41365332495066e-07
"CLK3",0.023098291087559,1.64011160992554e-07,2.4511001997653e-07
"AAMP",0.0230868725739062,1.66326342114881e-07,2.48442225744459e-07
"AGA",0.0230858438778316,1.66536461943166e-07,2.4869216773219e-07
"ATG13",0.023073013092804,1.69178918549773e-07,2.52508442375778e-07
"PYURF",0.0230108359056389,1.82568966862935e-07,2.72423834507671e-07
"ANAPC5",0.0230020452716806,1.84542824254255e-07,2.7529848423145e-07
"PHF19",0.0229728483548899,1.91247871069521e-07,2.85008365809246e-07
"DUSP12",0.0229557782385493,1.95276453549811e-07,2.90937387344656e-07
"MED6",0.0229482848651827,1.97070697905465e-07,2.93535339883794e-07
"CISD2",0.0229367451271263,1.99865021902867e-07,2.97621190699325e-07
"USO1",0.0229315123979619,2.01144699483609e-07,2.99373365787128e-07
"PSMD6",0.0229065938623101,2.07348023934151e-07,3.08369169678937e-07
"GOLGA5",0.0228877921814722,2.1215055956652e-07,3.15350141227779e-07
"MINK1",0.0228842135956265,2.13076739167786e-07,3.16586690214555e-07
"UBE2J2",0.0228841571260066,2.13091385430031e-07,3.16586690214555e-07
"SIDT1",0.0228836183145378,2.13231183386172e-07,3.16713426486183e-07
"CHTOP",0.0228509636514886,2.21871103463199e-07,3.29293884915249e-07
"HAT1",0.0228479570950744,2.226833848483e-07,3.30415070905878e-07
"DTYMK",0.0228346357852258,2.26317104301904e-07,3.35721033742385e-07
"SEC31A",0.0228146528075097,2.31875600152975e-07,3.43791068390074e-07
"BAG6",0.0228107010247086,2.32990348112929e-07,3.45355751908275e-07
"MON2",0.0228033935350575,2.35065353136205e-07,3.4825384461576e-07
"HAUS1",0.0227687617382912,2.45144508522747e-07,3.63093752174874e-07
"ZNF655",0.022750788520515,2.50538678600574e-07,3.70988738860264e-07
"NT5C",0.0227373044068985,2.5466065941344e-07,3.76996370991063e-07
"SNRNP40",0.0227315266954705,2.56446836072999e-07,3.79543929527952e-07
"PRPF18",0.0227049176035331,2.64830416493097e-07,3.91851929902719e-07
"TNPO3",0.0226683240631363,2.76793227726078e-07,4.09344081308897e-07
"AL627171.2",0.0226654827582366,2.77743604801253e-07,4.10645085501114e-07
"FAM193A",0.0226479486845019,2.83678615822863e-07,4.19313355839897e-07
"IGKC",0.0226287670911996,2.90311545487806e-07,4.29008569126653e-07
"RAB2B",0.0226235471165154,2.92142362272495e-07,4.31604323723371e-07
"ZFX",0.0226138117296734,2.95586712869478e-07,4.36471030283893e-07
"NFYB",0.0226065519720588,2.98180682191389e-07,4.40189516102706e-07
"F8A1",0.022597572270747,3.01419619826433e-07,4.44858006711841e-07
"TMC6",0.0225765200904506,3.0914677515606e-07,4.56146498402391e-07
"ERV3-1",0.0225763008953618,3.09228227596324e-07,4.56150877865441e-07
"SARS",0.0225455304824504,3.20870417466506e-07,4.73084440972941e-07
"TCEA1",0.0225199908035144,3.30853851996592e-07,4.87556437070028e-07
"CSNK1A1",0.0224962457584536,3.40404286569381e-07,5.01503095954687e-07
"ETV3",0.0224937085738855,3.41440357989297e-07,5.02902017393258e-07
"SRRM1",0.0224803062662632,3.46963959994055e-07,5.10908167085242e-07
"SLFN5",0.0223660897139958,3.97669195411502e-07,5.85127433856114e-07
"CSNK1G1",0.0223565823010342,4.02198250641663e-07,5.91641668622968e-07
"DNM1L",0.0222623156323014,4.49882339543622e-07,6.61283803092446e-07
"STARD3",0.022237869370258,4.63112267879843e-07,6.80214430355736e-07
"FBXW11",0.0221918533750068,4.89040458223353e-07,7.17934615608519e-07
"AHSA1",0.0221766047524536,4.97937189390189e-07,7.30626343028472e-07
"DDX23",0.0221714046250231,5.01006713168539e-07,7.34944729160916e-07
"DNAJC15",0.0220976002058674,5.46588968043238e-07,8.01406428422628e-07
"PPP2R2D",0.0220865164090333,5.53770758430477e-07,8.11731563177284e-07
"ZCCHC2",0.0220808666330103,5.57466473414366e-07,8.16942799668254e-07
"MRPS9",0.0220787417368672,5.58862585832583e-07,8.18782291116454e-07
"RANBP9",0.0220480164977408,5.79430539148695e-07,8.48702190910336e-07
"FBXO3",0.022025382838872,5.95046625924837e-07,8.71136269489962e-07
"LMAN1",0.0219987776971702,6.13921784912588e-07,8.98090464110738e-07
"CIR1",0.0219759409157451,6.30582565492744e-07,9.22230968959192e-07
"PPP1R8",0.02194213415758,6.56049033216182e-07,9.58993204490053e-07
"DNAJC13",0.0219275332285338,6.67351733034104e-07,9.75269869850192e-07
"BICD2",0.0219087278429387,6.82185861024417e-07,9.96447404944436e-07
"SPTLC1",0.021857409691195,7.24301243658033e-07,1.05743251146458e-06
"PPP1R35",0.0218312426084958,7.46729192988391e-07,1.08990207675754e-06
"ARL8B",0.0217447936560476,8.25680906015418e-07,1.20362614139995e-06
"TRAFD1",0.0217237562516915,8.46076944288047e-07,1.23273983459567e-06
"MRPL16",0.0217087260445964,8.60945168342691e-07,1.25408855097938e-06
"TRABD",0.0216900199219285,8.79801356916961e-07,1.28091319799634e-06
"UBXN6",0.0216760911884027,8.94099473187986e-07,1.3010781517698e-06
"AC008875.3",0.0216654457176216,9.05177832878803e-07,1.31686947802043e-06
"SS18",0.0216341829899922,9.38481104680921e-07,1.3649780231245e-06
"WDR46",0.0216316917878225,9.41185067425681e-07,1.36856832921643e-06
"UBA5",0.0215849061228057,9.93381591146814e-07,1.44374438803333e-06
"BRD9",0.0215802754969516,9.98696725500123e-07,1.45081042383429e-06
"C18orf21",0.021580235556806,9.98742688534237e-07,1.45081042383429e-06
"CDS2",0.0215694135373311,1.01127195325523e-06,1.46864382616676e-06
"LIMS1",0.0215574178727505,1.02533679557912e-06,1.48832603793852e-06
"CCDC71L",0.0215074136904223,1.08602117716609e-06,1.57562533242369e-06
"SSR1",0.0214916175885606,1.10589920109748e-06,1.60406442644836e-06
"HIST1H1C",0.0214724469835394,1.13049428060174e-06,1.63932953065303e-06
"MAGT1",0.0214630654718633,1.1427213503309e-06,1.65623353818534e-06
"HACD3",0.0214468856475441,1.16410832858014e-06,1.68681067207872e-06
"CAT",0.0214227482295305,1.19673122095599e-06,1.73321750715081e-06
"DOCK8",0.0213945531892239,1.2359523592529e-06,1.78957526456848e-06
"OSER1",0.0213919204835166,1.23967710173498e-06,1.79452137366967e-06
"MZT1",0.0213631082007401,1.28115280619137e-06,1.85271463288983e-06
"WDR13",0.0213204462216793,1.34502558779142e-06,1.9436322019502e-06
"OAS3",0.0213159361583392,1.3519542484364e-06,1.95315885953575e-06
"VPS13B",0.0213132280213658,1.35613114965763e-06,1.95870632251743e-06
"LRMP",0.0213107169548463,1.36001518554526e-06,1.9638281387302e-06
"GOSR2",0.0212951912563129,1.38426844769494e-06,1.99835276155066e-06
"PHACTR4",0.0212737633096283,1.41842593688093e-06,2.04715459278668e-06
"MAN1B1",0.0212663571617929,1.43041917256513e-06,2.06395139795148e-06
"GLG1",0.0212642353954379,1.43387301086134e-06,2.06842142941824e-06
"SERINC1",0.0212473735186936,1.46160751945825e-06,2.10686083906035e-06
"ATRAID",0.02121939793732,1.50876328022486e-06,2.17429511149687e-06
"KIAA0040",0.0212011588646256,1.54029115388077e-06,2.21918001644894e-06
"PHIP",0.0211863374237296,1.56637687406782e-06,2.25620381464242e-06
"IKBKB",0.0211753190066566,1.58604394082101e-06,2.28396615065701e-06
"ARL2BP",0.021145335095266,1.64077227074569e-06,2.36160684437196e-06
"RBM23",0.0211048922681579,1.7174727670506e-06,2.47139185989058e-06
"KIAA0100",0.0210851349675874,1.75618441200524e-06,2.52647123826101e-06
"USP33",0.021069564322728,1.78728232349012e-06,2.57057284437628e-06
"COA8",0.0210469481709744,1.8333957424972e-06,2.63559140623144e-06
"CNOT6L",0.0210301234482301,1.86843999075241e-06,2.68464109425291e-06
"TMED3",0.0210018129508098,1.92886526208347e-06,2.7707772870067e-06
"SDHAF2",0.0209937871653482,1.9463340392328e-06,2.79517999407488e-06
"KPNA3",0.0209854895591198,1.96455420585571e-06,2.82064946749837e-06
"NOTCH2",0.020940636748858,2.06591516348324e-06,2.96544799460721e-06
"CHD4",0.0209276353474799,2.09622335084546e-06,3.00820990496637e-06
"MNDA",0.0209174056978748,2.12036990689945e-06,3.04211056502088e-06
"MRPL48",0.0208797691346106,2.21152918367778e-06,3.17133175808914e-06
"MFSD1",0.0208491140070217,2.28854842304561e-06,3.28096779347338e-06
"ZNF350",0.0208405647678595,2.31048307706769e-06,3.31159744609554e-06
"CDK11B",0.0208170054859311,2.37197831431181e-06,3.39806210568899e-06
"CAMK2D",0.0208093373117647,2.39233081275752e-06,3.42637424439297e-06
"KMT5B",0.0208036903750299,2.40742572030999e-06,3.44714419473803e-06
"TLE3",0.0207587329277964,2.53090717420439e-06,3.62217003114403e-06
"AKAP9",0.0207427882829899,2.5761442150285e-06,3.68600447507278e-06
"POC1B",0.0207151268438287,2.65647039666468e-06,3.79719772390928e-06
"POLDIP3",0.0207149018817344,2.65713341521328e-06,3.79721155869673e-06
"CHKB",0.0207096654105701,2.67261153064475e-06,3.81745348147144e-06
"DCUN1D5",0.0207041240171496,2.6890851641414e-06,3.84004004274934e-06
"MBD3",0.020701983119689,2.69547575347501e-06,3.84822035843693e-06
"DPM1",0.0207012941245238,2.69753550557637e-06,3.85021521571951e-06
"FBXW4",0.0206897398025173,2.73230305036582e-06,3.89792472477323e-06
"PRPF38B",0.0206456783005682,2.86887473129278e-06,4.09075072087185e-06
"PPP4R3A",0.0206268724445489,2.9291380436252e-06,4.17360880351794e-06
"MSL2",0.0206077620408216,2.99162050482772e-06,4.26054848665981e-06
"LTN1",0.0205828308289465,3.07505866396613e-06,4.37616086066874e-06
"PPP6C",0.0205547728799117,3.17163079341334e-06,4.51138477026881e-06
"RPA3",0.0205169582092375,3.30639585891272e-06,4.70077610861074e-06
"SLTM",0.0205039880660221,3.35387131869343e-06,4.76594134578146e-06
"UBAC1",0.0204816288697172,3.43725291746337e-06,4.8808487555087e-06
"USP16",0.0204665273496828,3.49469005633817e-06,4.9611965333262e-06
"HSPA4",0.020449298476137,3.56134226981491e-06,5.05458394924646e-06
"KDELR1",0.0204476340684598,3.56784542792423e-06,5.06257754567764e-06
"HECTD4",0.0204353410153976,3.61623054400345e-06,5.12998094257947e-06
"PBRM1",0.0203715971391829,3.87738325743225e-06,5.49776811227037e-06
"PGGT1B",0.0203672118399324,3.89599893098005e-06,5.52281604557465e-06
"CEP164",0.0203623219582205,3.91685757938088e-06,5.55103054166342e-06
"PPP4R2",0.0203058881393565,4.16546452122247e-06,5.90048252433463e-06
"TBC1D2B",0.0202895526930566,4.24020370454398e-06,6.0034260489183e-06
"UBE2V2",0.0202587464171921,4.38466172104672e-06,6.20342111069219e-06
"ZDHHC12",0.0202380217744622,4.48448494020143e-06,6.34310695362636e-06
"SNRNP27",0.0202318994134533,4.51438835041014e-06,6.38385038748996e-06
"PSMF1",0.0202257197702895,4.54476520496281e-06,6.42524334012256e-06
"RASA3",0.0202208059581668,4.56905935445985e-06,6.45801871792818e-06
"LGALS3",0.02019512704061,4.69805453648371e-06,6.63872914321501e-06
"RFC1",0.0201885088215381,4.73186157574935e-06,6.68487590623607e-06
"NSMAF",0.0201855637048649,4.74698055857685e-06,6.70460534786115e-06
"DHRS4L2",0.0201795338916134,4.77807953733266e-06,6.74688976457177e-06
"SOCS4",0.0201700657881226,4.82730572851287e-06,6.81308909522021e-06
"DNAJC21",0.0201625722524455,4.86660979270886e-06,6.86689393426169e-06
"SMG7",0.0201443173189871,4.96364491650996e-06,6.99871524860647e-06
"RASGRP1",0.0201379881153914,4.99771866071153e-06,7.04504992870614e-06
"TMEM167B",0.0200969666118402,5.2240524746095e-06,7.35696461895576e-06
"ZFP36L1",0.0200964871827437,5.22675483783282e-06,7.35898718931307e-06
"SMARCB1",0.0200701628363101,5.37720721753671e-06,7.56531792503592e-06
"HIKESHI",0.0200626294542896,5.42102041674317e-06,7.6251139066097e-06
"RHOT1",0.0200244901224051,5.64813005210352e-06,7.94071888312183e-06
"BAZ2A",0.0200098870510857,5.73747576738999e-06,8.06437948248383e-06
"NPRL3",0.0199791773853831,5.92980017924571e-06,8.33268825961703e-06
"SNAP23",0.0199598571049835,6.0539421873688e-06,8.50507904108956e-06
"PDPK1",0.0199483128412699,6.12930253111436e-06,8.60887054394313e-06
"EHMT1",0.0199342138965125,6.22255769124825e-06,8.73773986507244e-06
"AGPS",0.019921334548846,6.30893133118505e-06,8.856886206968e-06
"PEX13",0.0199121243897446,6.37140026736163e-06,8.94242413762516e-06
"RNF113A",0.0198892655037943,6.52901066646648e-06,9.1614220167801e-06
"SLC35F5",0.0198496573527496,6.81097570943082e-06,9.55476486198694e-06
"HCFC1",0.0198469049868466,6.83099629390846e-06,9.57822689027647e-06
"EIF3I",0.0198371066597019,6.90272675883255e-06,9.67647079651104e-06
"SEPTIN2",0.0198049216841867,7.14344728450947e-06,1.00066800717207e-05
"HPRT1",0.0197912985518739,7.24773867195737e-06,1.01478817541355e-05
"PFDN6",0.0197880986883752,7.27244543711802e-06,1.01800223700698e-05
"IRF2",0.0197690229988772,7.4214120864885e-06,1.03810462206188e-05
"SMAD5",0.0197624349552118,7.47353423244255e-06,1.0451439114282e-05
"YTHDF3",0.0197177763184131,7.83619650963165e-06,1.09533367277487e-05
"ARCN1",0.0196928049187738,8.04625534069731e-06,1.12415471250319e-05
"STX6",0.0196628929142425,8.30496280396401e-06,1.15918452969834e-05
"HMG20B",0.0196116945613314,8.76632584831947e-06,1.22328657456021e-05
"TSC22D3",0.0195784712392708,9.07870630027083e-06,1.26626928286955e-05
"CMAS",0.019576602441867,9.09658986536962e-06,1.26845922019022e-05
"OSBPL2",0.0195620564969202,9.23694325976687e-06,1.28772161731267e-05
"AHCYL1",0.0195223514399855,9.63066539314761e-06,1.34164494882488e-05
"RNFT1",0.019421511185549,1.0703964320288e-05,1.48973756296728e-05
"STK11",0.0194130542256528,1.07989906861706e-05,1.50188403608575e-05
"CEP104",0.0193984548453299,1.09649345562484e-05,1.52459807753387e-05
"CNIH4",0.0193968983352761,1.09827695552669e-05,1.52671266814665e-05
"ALDH9A1",0.0193715000761982,1.12777334576791e-05,1.56659146405428e-05
"BABAM2",0.0193658527655778,1.13443388159031e-05,1.5754670776112e-05
"SEL1L3",0.0193580876147538,1.14365357319275e-05,1.58789167878554e-05
"ACOT9",0.0193563402464361,1.14573808852865e-05,1.59040596382339e-05
"THAP1",0.0193472667439637,1.15662072448228e-05,1.60512885642096e-05
"INTS1",0.0193172829109177,1.1932890024151e-05,1.65562083600777e-05
"ZRSR2",0.0192542788234689,1.27398659753133e-05,1.76631920440173e-05
"ZNF524",0.019208318141977,1.3361113851052e-05,1.8511273826535e-05
"SLAIN2",0.0191864634675095,1.36665612375675e-05,1.89299461183847e-05
"MAT2B",0.0191597600323805,1.40488215301493e-05,1.94547893097994e-05
"RSRC1",0.0191575378608352,1.40810874796261e-05,1.94948262104781e-05
"HARS",0.0191398815747071,1.43399804162648e-05,1.98485273111052e-05
"HECTD1",0.0191103159149996,1.4783693501018e-05,2.04578158637897e-05
"BCAS2",0.0190737579183348,1.53504608113144e-05,2.1237057423318e-05
"GDI1",0.0190431793103186,1.58403802075396e-05,2.1904422975546e-05
"RHOT2",0.019041126587418,1.58737965578335e-05,2.19454104648259e-05
"SIK3",0.0190146763192513,1.63104377515236e-05,2.25383414673931e-05
"ADIPOR1",0.0189327000217219,1.77375927721626e-05,2.44929648828247e-05
"KIZ",0.0189006155964908,1.83279277594484e-05,2.52961092704616e-05
"BCL10",0.0188849686586979,1.86225669222757e-05,2.56966664179171e-05
"NUP153",0.0187916605296908,2.04754756389066e-05,2.82266281815288e-05
"VHL",0.0187777832656101,2.0765612236062e-05,2.86198098923387e-05
"SEC23IP",0.0187397439155828,2.15811180385547e-05,2.97085405116248e-05
"CUL2",0.0187321182318998,2.17482286658178e-05,2.99314953837871e-05
"UBE2Z",0.0186431022000921,2.37923046877119e-05,3.27369495371642e-05
"MRPL2",0.0186388686866687,2.38939358801042e-05,3.28690071799209e-05
"EIF2S1",0.0186274478241009,2.4170173264178e-05,3.3241137484951e-05
"CD59",0.0186248413495836,2.42336407442052e-05,3.33205393908967e-05
"ARHGEF7",0.0186019392880642,2.47981624238885e-05,3.40806148043604e-05
"VCAN",0.0185922541533303,2.50406395041197e-05,3.44057202832018e-05
"CCT5",0.0185771178171381,2.54241147385604e-05,3.49243570930071e-05
"MED7",0.0185677638004286,2.56638819815235e-05,3.52453880143229e-05
"NAA60",0.0185325820539633,2.65850769375265e-05,3.64846439577106e-05
"SPCS1",0.0184873077007456,2.7816863624636e-05,3.81480914078302e-05
"COX16",0.0184354919127419,2.92931922093289e-05,4.0163253861906e-05
"NXF1",0.0183957859664399,3.04745747776495e-05,4.17534720904524e-05
"IFT20",0.0183638386359305,3.14578419616134e-05,4.30904966959456e-05
"MRPL44",0.0183595478825439,3.15921753879891e-05,4.32541162202575e-05
"FAF2",0.0183579084329552,3.16436464775336e-05,4.33143837323187e-05
"PAIP2",0.018356769094358,3.16794633236475e-05,4.33532001029053e-05
"LSM14A",0.0183451307874634,3.20475443408284e-05,4.38465931518113e-05
"YTHDF2",0.018333747784766,3.24114787891228e-05,4.43340820716361e-05
"DAD1",0.0183183762670945,3.29091677584926e-05,4.49725095255958e-05
"SUCLG1",0.0182491763062239,3.5240963926194e-05,4.81477391488104e-05
"ZFAND2B",0.0182465579769777,3.5332201907838e-05,4.82610475883325e-05
"MMP25-AS1",0.0182149284577841,3.6452231263677e-05,4.97675283308647e-05
"SMARCA5",0.0181765102772443,3.78580107815724e-05,5.16261751906379e-05
"FYTTD1",0.0181531734828425,3.8736904088965e-05,5.2775172659415e-05
"WAC",0.0181428825857168,3.9130594547401e-05,5.32990427723212e-05
"MARS",0.0181278344125202,3.9713122697368e-05,5.40798193807645e-05
"OSBPL8",0.0181200737918847,4.00167504977661e-05,5.44805232825056e-05
"NDUFA7",0.0181032026417745,4.06844376497843e-05,5.5363603751006e-05
"PTPN11",0.0180911835814386,4.11665334562719e-05,5.60065291310516e-05
"TAF2",0.0180754147585652,4.18072606028239e-05,5.686491893836e-05
"ARID2",0.0180744503849632,4.18467509852783e-05,5.6905315097435e-05
"LATS1",0.0180656476351333,4.22088565857365e-05,5.73842981231112e-05
"ARL1",0.0180427309130147,4.31655419250265e-05,5.86712183508545e-05
"CBR4",0.0180357702382607,4.34601724546247e-05,5.90578728796537e-05
"RBM3",0.0180281580764763,4.37845624496521e-05,5.94847772223884e-05
"NPEPPS",0.0179980409181834,4.50906540001665e-05,6.12448892378985e-05
"TM2D1",0.0179762082585773,4.6060481952545e-05,6.25329411605213e-05
"CDC27",0.0179444871408604,4.75048747154109e-05,6.44788257463727e-05
"WTAP",0.0179412813248049,4.76532144711176e-05,6.46650671272789e-05
"ST6GAL1",0.0179342957668875,4.79779732250665e-05,6.50753746520622e-05
"PAGR1",0.0179270440040738,4.83173269884778e-05,6.55203696819956e-05
"ANAPC15",0.0179164429730154,4.8817510364488e-05,6.61831980961988e-05
"NCOA4",0.0179112954664389,4.90621493233768e-05,6.64838451544569e-05
"GTF2B",0.0179022854580286,4.94931562002498e-05,6.70522666284037e-05
"ZNF791",0.0178827068845642,5.04421309596424e-05,6.82424732629054e-05
"FGD5-AS1",0.0178659354709975,5.12687316334593e-05,6.93446284043904e-05
"UBE2D1",0.0178464386520544,5.22457922968912e-05,7.06497312306961e-05
"ANAPC4",0.0178216075252925,5.35157364166675e-05,7.23333628031795e-05
"INTS6",0.0178213426892366,5.35294373140259e-05,7.23350592116063e-05
"SCAMP3",0.0178199583098161,5.36011102225868e-05,7.24150749915561e-05
"NSFL1C",0.0177837243400803,5.55096938342857e-05,7.49413102357418e-05
"MED23",0.0177672181534524,5.640032146862e-05,7.61083511436312e-05
"PFDN1",0.0177170333925557,5.91920224516405e-05,7.98199615983607e-05
"HDAC8",0.0176988182336345,6.02372911424923e-05,8.12106555602332e-05
"APC",0.0176873998665343,6.09014152542444e-05,8.20869725087358e-05
"TRIB2",0.0176837322296071,6.11162021545906e-05,8.23573769817947e-05
"MFN1",0.017676669503362,6.15318367084267e-05,8.2898246395312e-05
"TMEM33",0.0176740132054809,6.16888486359484e-05,8.30905187189182e-05
"POLE4",0.0176636325658018,6.23060860771424e-05,8.39024495552252e-05
"LBH",0.0176537260819879,6.29005784018603e-05,8.46833823654418e-05
"ANKRD28",0.0176317624892163,6.42378283522752e-05,8.64637004130207e-05
"ATP2C1",0.0176136883766774,6.53584056062452e-05,8.7931262357291e-05
"THAP11",0.0176133652165264,6.53786085621613e-05,8.79380867769687e-05
"PDP1",0.0175646072769624,6.84954542908627e-05,9.20665079413723e-05
"ACAT1",0.0175549043608453,6.91322574841455e-05,9.28848050835617e-05
"PNPLA8",0.0175314438625537,7.06951949099011e-05,9.49573544756979e-05
"EPN1",0.0174834688682647,7.39959492416051e-05,9.93220454947365e-05
"RNGTT",0.0174438596689252,7.68304283292791e-05,0.000103079051119522
"PDCD5",0.017333786379996,8.52561640961705e-05,0.000114277865711933
"ITPR2",0.0173328634904008,8.53303659484895e-05,0.000114350953860415
"PEX16",0.0173019276303669,8.78532609328622e-05,0.0001176776106342
"ACAT2",0.0172994582935545,8.80576495110843e-05,0.000117924207133277
"SUGT1",0.0172971107831683,8.8252370893211e-05,0.000118157746977964
"LZIC",0.0172596006502254,9.14194762054769e-05,0.000122369874644457
"ERCC1",0.0172572597821759,9.16206405883515e-05,0.000122610905618121
"CDC73",0.0172420256452045,9.29400475056683e-05,0.000124319345478238
"MTMR4",0.0172304868504696,9.39513273176126e-05,0.000125614243011264
"RUBCN",0.0172300110021649,9.39932537642954e-05,0.00012564139624611
"RSF1",0.0172147506119921,9.53472363954425e-05,0.000127392675386279
"PMS1",0.0172025260059689,9.64451321641728e-05,0.000128829949009003
"CHMP1B",0.0171990486025836,9.67596128470004e-05,0.000129220328553944
"LEO1",0.0171890985748458,9.76648055631012e-05,0.000130399230400355
"NDUFB1",0.0171547107691648,0.000100855143712836,0.000134597036798853
"MRPL58",0.0171532493591841,0.000100992881916454,0.000134749914990456
"MRPL55",0.0171410458985596,0.00010215001257543,0.000136262536857563
"ACO2",0.0171286577907051,0.000103337442624956,0.000137783256833275
"ACP1",0.0171282820523908,0.000103373660797106,0.00013779993498917
"C1GALT1",0.0171209496093044,0.000104082852327081,0.000138713491796605
"TNKS2",0.0170563368739235,0.000110533746307768,0.000147175746515635
"AGPAT3",0.0170494785868703,0.000111240190451981,0.000148082452337819
"RAD51-AS1",0.0170394801022686,0.000112277728048811,0.000149429392127248
"ERCC5",0.0170381406053452,0.000112417418312387,0.000149581052021885
"WBP1",0.0170214534361847,0.000114171448764556,0.000151845414237895
"CNNM3",0.0170204189410932,0.000114281032483269,0.000151956385447897
"EIF2B4",0.0170165090349751,0.000114696104186506,0.000152473412061293
"NUDT21",0.0170135476248763,0.000115011430347617,0.00015285763393102
"CNOT9",0.0170073528933527,0.000115673681153267,0.00015370266000521
"TBC1D23",0.0169670437832773,0.000120071572911803,0.000159437053178752
"UPF3A",0.016940276420456,0.000123078598338935,0.000163355289688488
"EMC2",0.016939701307507,0.000123143978499288,0.000163404749552024
"ARHGAP17",0.0169240212755355,0.000124939186605307,0.000165711216921507
"HUS1",0.0169052292558568,0.000127123184922263,0.000168569461731278
"CHORDC1",0.0168857725048079,0.000129422320186243,0.000171579043093623
"CNPY2",0.0168759130055716,0.00013060228760326,0.000173103875838117
"SLC25A28",0.0168703688095498,0.00013127025264684,0.000173909894776255
"DUSP22",0.0168665160123074,0.000131736332268928,0.00017448759415383
"EDRF1",0.0168262285836243,0.000136704276563617,0.000180985251796752
"NIPBL",0.0168189585848951,0.00013761934837289,0.000182155238611532
"RBBP5",0.0167958153166317,0.000140570951833095,0.000185977321205088
"SLC35A4",0.0167825707918496,0.000142286827416427,0.000188204606496193
"TMEM138",0.0167741422305799,0.000143389027655253,0.000189619346696776
"ZPR1",0.0167734242725776,0.000143483285474751,0.000189700831478447
"TRIM69",0.0167728372224524,0.000143560400283109,0.000189759619387179
"ISCA1",0.0167538946912936,0.000146069738581427,0.000193032587684232
"G2E3",0.0167456966466988,0.000147168497715539,0.000194440397527327
"USP4",0.0167336882979908,0.000148791996363067,0.000196496042459019
"RNH1",0.0167333986069714,0.000148831369370259,0.00019650338909131
"DAP",0.0167273902658351,0.000149650200682097,0.000197539624429785
"HELLS",0.0166926748806092,0.000154464955994187,0.000203802570769175
"ERI3",0.0166463301882374,0.000161120134356255,0.000212487002695383
"TRMU",0.0166427335240106,0.000161647747494206,0.000213086121214861
"XIST",0.0166328133176418,0.000163111431704964,0.000214869365609532
"ITSN2",0.0166243168331537,0.000164374956441171,0.000216484760216652
"PPP6R2",0.0166185180718204,0.000165242579568797,0.000217578131502911
"DCTD",0.016615802379152,0.000165650387003792,0.000218065696322999
"AKAP8L",0.0165892910096489,0.000169681566205768,0.000223220747575357
"SLC5A3",0.0165815291150413,0.000170879149994014,0.000224745331469837
"CCDC90B",0.0165811509389663,0.000170937701456557,0.000224771475308938
"TRMT112",0.0165598219619227,0.000174270693071001,0.000229102299961243
"C9orf78",0.0165548234742375,0.000175060577540708,0.000230088665008276
"POLD4",0.0165501500307759,0.000175802141396877,0.000231011088808195
"IWS1",0.0165484566817627,0.000176071563754596,0.000231312822907259
"UBE2J1",0.0165471900636966,0.000176273344344616,0.000231525576797945
"RELCH",0.0165105921117092,0.000182198424945583,0.000239199739278005
"SNRNP200",0.0164937126856387,0.000184993783187898,0.000242759961139775
"TRAPPC8",0.0164746435339795,0.000188200258836372,0.000246911942292775
"ATR",0.0164717752009341,0.00018868706448605,0.000247494745834557
"XRCC6",0.0163989981546366,0.000201441828991175,0.000264045987843191
"EMC8",0.0163835567615919,0.000204250239905957,0.00026760649105803
"HDAC3",0.016383090220092,0.000204335662046766,0.000267658072530044
"ROMO1",0.0163702684731907,0.000206696455852653,0.000270689455028305
"HAGH",0.0163378895998854,0.000212772726609037,0.000278584160182861
"UVRAG",0.0163361210923447,0.000213109391622877,0.000278962113538775
"PROSER1",0.0163232213314336,0.00021558025070514,0.000282132946880945
"CLK1",0.0163023239852636,0.000219640153573289,0.000287381488646545
"CDK5RAP2",0.0162969154196918,0.000220702553739175,0.000288706559156446
"AFTPH",0.0162695555014251,0.000226151167828011,0.000295700919553746
"MAP2K7",0.0162074140301092,0.000238998957490293,0.000312218912324923
"MARCH5",0.0161920508888032,0.000242279238886212,0.000316361926849396
"CDV3",0.01616091259155,0.000249057744923683,0.000325067058948225
"RAP2C",0.0161400050388347,0.000253708493822969,0.000331062812325796
"UBE3C",0.0161165103175004,0.000259031874551255,0.000337933390548124
"MYADM",0.0161053521371578,0.000261596586216925,0.000341126174353324
"RAD54L2",0.0160981012309425,0.000263275951091563,0.000343008255490734
"MED21",0.0160635085688406,0.000271427925559772,0.000353391376199237
"UPF1",0.0160548671379668,0.000273500948201912,0.000356010640750171
"ANGEL2",0.0160453115662955,0.000275810539125945,0.000358936599507387
"HDGFL2",0.0160283309163484,0.000279959939374396,0.000364255018501005
"GMPS",0.0160206625726415,0.000281852888799719,0.000366635852664272
"SLC25A32",0.0159525070990494,0.000299212158617362,0.000388955729341111
"CRBN",0.0159464671914366,0.000300797886517769,0.000390929632477924
"RBM15B",0.0159101610665808,0.000310496815465076,0.00040326424390682
"OSTC",0.0158992422353416,0.000313470491688681,0.000407035410566267
"FCN1",0.0158918829704344,0.000315489760104371,0.000409474427361904
"TFDP1",0.0158712115879275,0.000321226996355432,0.000416827707706579
"UCKL1",0.0158664051837131,0.000322574909973405,0.000418483343027998
"SFSWAP",0.0158584564182879,0.00032481569370891,0.000421296320427624
"CSNK1G2",0.0158548278523913,0.000325843434212377,0.000422535037849696
"SMIM7",0.0158486686721635,0.000327594905903403,0.000424711486306174
"MSL1",0.0158465308237891,0.000328204897830049,0.000425312567711984
"HERC6",0.0158433806247857,0.000329105680947519,0.000426384801084926
"CHCHD3",0.0158425780235493,0.000329335550144755,0.000426587523387857
"TRAPPC6B",0.0158400063164593,0.000330073112924733,0.000427447623065631
"KDM6A",0.0158280591294029,0.000333519867874091,0.000431622683608153
"TMEM183A",0.0158267978528641,0.000333885704054178,0.000431999935877757
"TAOK1",0.0157835124972111,0.000346670667564019,0.00044824247383361
"PEX2",0.0157739938299676,0.000349542899450872,0.000451855723222524
"CDC40",0.0157231761963845,0.000365257294576511,0.000471854944671857
"NR2C2",0.0157155668462053,0.000367666427175575,0.000474861616609876
"MICU1",0.0156979317831441,0.000373306944334574,0.000482039537985458
"INIP",0.0156739112072638,0.000381120051362397,0.000492019044539816
"RAF1",0.0156334072469417,0.000394641742361101,0.000509249068961527
"PRPF38A",0.0156271656842731,0.000396764831590164,0.000511875072408887
"ATP6V0A2",0.0155953187584993,0.000407764803378141,0.000525949630988406
"UBXN4",0.0155815611334992,0.00041260426161922,0.000532073656208322
"XAB2",0.0155795017081197,0.000413333295675947,0.000532895544469521
"EIF2B1",0.0155532534004835,0.000422731163806713,0.000544649417877326
"ZNF226",0.0155381822293231,0.000428216990869041,0.000551472889636797
"DPY30",0.0155303186648583,0.00043110560526662,0.000554824131490168
"WBP2",0.0155007076229972,0.000442147001843106,0.000568656422817467
"SPNS1",0.0154526130992492,0.000460644656491568,0.000592184636923024
"AKAP8",0.015448258382202,0.000462354697536618,0.00059412016406872
"FAM122B",0.0154257225867138,0.000471299245038094,0.000605479931954333
"VPS26C",0.0153697727780853,0.000494208601836583,0.000634210729493094
"FRAT2",0.0153625655664399,0.000497234046720313,0.000637952379589063
"SLC4A1AP",0.015335478461593,0.000508759771124369,0.000652451851230105
"HERC2",0.0153123721591092,0.000518787977467292,0.000665018907154808
"PRKCSH",0.0153111424153187,0.000519326819373479,0.000665562838853068
"CNOT6",0.0153057975777643,0.00052167485477847,0.000668277332151745
"FNIP1",0.0152867513874319,0.000530122706003041,0.000678799992793495
"FAM214A",0.0152785012564754,0.000533821436245033,0.000683385503844963
"NMT1",0.0152730905292508,0.00053626023527713,0.000686356416522942
"CBLL1",0.0152286708607865,0.000556677705180608,0.000712174955428064
"ANKLE2",0.015227905222068,0.000557035895454562,0.000712476369802358
"LARP4B",0.0152120202623608,0.000564515988317565,0.000721884911793551
"MCMBP",0.0151936337849588,0.000573290784650096,0.000732783382534937
"API5",0.0151804114774439,0.00057967934728152,0.000740623514266914
"B3GAT3",0.0151759976705133,0.000581826660128564,0.000743203637069718
"LRRC47",0.0151717773383418,0.000583886771243089,0.000745671262242328
"ARL6IP4",0.0151300482737633,0.000604625095932796,0.000771647136047741
"CSNK1G3",0.0151222308576136,0.000608585599845348,0.000776360734482257
"BTBD1",0.0151137154162253,0.000612927205025697,0.000781727653194942
"NEK7",0.0151081034880504,0.000615804188448156,0.000785052411331582
"PPP1R11",0.0150915300054803,0.00062437418510271,0.000795803237679155
"RNF38",0.0150665671101821,0.000637491911539678,0.000811810471049213
"MRPS14",0.0150644058509319,0.000638639604995196,0.000813093841014694
"CXXC1",0.015029834311999,0.000657261353949993,0.000836435951205903
"USP48",0.0150145355749751,0.000665662020595863,0.000846941257378099
"TNFAIP3",0.0149844165876801,0.000682493103414825,0.000867975911826469
"CNOT3",0.0149686228933768,0.000691476220676376,0.000878631349928092
"GOLGB1",0.0149155261790508,0.000722488570624109,0.000917035067147264
"S100PBP",0.0149009268855854,0.000731239355279559,0.000927332125874928
"TIAL1",0.0148938235682672,0.000735532579292081,0.000932573156816225
"PGLS",0.0148791132215501,0.000744498015290114,0.00094373445253351
"TTC21B",0.0148638881667519,0.000753883944467019,0.000955423786577042
"SUCO",0.0148610019168494,0.000755675600045566,0.000957485630578772
"TMEM259",0.0148461394341918,0.000764964331733102,0.000969043743686309
"EIF4G1",0.0148289895712327,0.000775814314094507,0.000982574154176787
"SAT2",0.0148193978319278,0.000781944716486255,0.000990122590897193
"ARHGEF1",0.0148130528974567,0.000786024654358307,0.000995071943178061
"VPS39",0.014798726339479,0.000795309741221856,0.00100660718989143
"CUL1",0.0147868259595681,0.000803099698947634,0.00101602425996597
"NIN",0.0147684654344462,0.000815257452885556,0.00103118091755622
"DMXL1",0.0147359709397965,0.000837193725717414,0.0010582181257194
"SETD2",0.0147294844666807,0.000841637624344323,0.00106315972021065
"ANAPC7",0.0146853567129704,0.000872455184424562,0.00110137044567236
"SFMBT2",0.0145926814306412,0.000940611996254435,0.00118637954041467
"PPFIA1",0.0145816434784005,0.000949050496845202,0.00119676317805691
"WASHC2C",0.0145686960083717,0.000959038170379084,0.00120909541133259
"GLRX2",0.0145662230219351,0.000960956868956653,0.00121125164224161
"RIN3",0.0145628142631813,0.000963607426582747,0.00121432922014287
"HDDC2",0.0145547738613275,0.000969886266594112,0.00122195239046442
"TMEM223",0.0145325205154366,0.000987462238300214,0.00124358191310961
"PWWP2A",0.0145237388458053,0.000994478903223201,0.00125214718057479
"TMEM126B",0.0145180152672881,0.000999076930997619,0.00125766409420796
"LSM12",0.014498850837068,0.00101461630446401,0.00127694888729858
"IL10RB",0.0144874990498873,0.00102392603296626,0.00128838668620911
"MTMR6",0.0144859182096966,0.00102522875109125,0.0012897466453122
"RARS2",0.0144739116184205,0.00103517316567625,0.00130197499219008
"TM9SF4",0.0144562451242811,0.00104996775653793,0.00132001137810912
"UBP1",0.0144096715414269,0.00108991304322779,0.00136963775291673
"C1orf52",0.0144061907543942,0.00109295419095569,0.00137316250709781
"PDHA1",0.0143608328583238,0.00113330719128538,0.00142324576399106
"QRICH1",0.0143597816875767,0.00113425849622773,0.0014241327241468
"RRN3",0.0143388606603156,0.0011533461504786,0.00144778570768502
"UTP6",0.014335829833409,0.00115613586686257,0.0014506609797507
"CRCP",0.0143347305616829,0.00115714922871278,0.00145161910582315
"MAPKAPK3",0.0143314380503863,0.00116018933838346,0.0014551187817619
"GIGYF1",0.0143199694912416,0.0011708364529335,0.00146815565576041
"ARFIP1",0.0143023436588025,0.00118737595301917,0.00148848607380278
"TOP2B",0.0142585270654648,0.00122943176030893,0.00154063333137462
"OTUD4",0.014240281348275,0.00124734657193674,0.00156274590991514
"THOC7",0.0142151696992318,0.00127239711866179,0.00159378708053068
"ARMC8",0.014184260243555,0.00130386884257015,0.00163285621913762
"CCDC137",0.0141784788764499,0.00130983453707606,0.00163962057494854
"XIAP",0.0141637122219277,0.00132518651343356,0.00165812357719609
"CHD8",0.0141215984889245,0.00136988614122788,0.00171331574194457
"TCOF1",0.0139589941566588,0.00155584132835782,0.00194421625465827
"ECD",0.0139216325385629,0.00160172974987274,0.00200112925757961
"EPC1",0.0138880265478777,0.00164406635227628,0.00205269895583883
"DMAP1",0.0138564076624504,0.00168483741270129,0.00210270024535536
"ATAD2B",0.0138322401967198,0.0017166251006669,0.00214191178297038
"NDUFB6",0.0138310694437099,0.00171817891973635,0.00214339040169729
"PDXDC1",0.0138179258990887,0.00173571197349385,0.0021647978519198
"ZC3H15",0.0137536966370421,0.00182378195687316,0.00227317622417903
"ANKRD44",0.0137020728558039,0.00189752398016865,0.00236458176945544
"LEMD2",0.0136948789421669,0.00190801478136759,0.00237714510381746
"AGO1",0.0136914384887082,0.00191305075950048,0.00238290848997359
"MRPS15",0.0136475000667316,0.00197844811952386,0.00246278442293268
"C22orf39",0.0136171381733813,0.00202483050023456,0.00251782517487447
"SF3B3",0.0136123528890409,0.0020322311057119,0.00252648709869467
"SART3",0.0136093909288845,0.00203682430489361,0.00253165587254954
"GTF2A1",0.0135989736438824,0.00205305446081746,0.00255128341378471
"UROD",0.0135862961375686,0.00207296607117919,0.0025754764441414
"SENP5",0.0135822505239928,0.00207935740083596,0.00258286497406681
"TMEM141",0.0135762112210412,0.00208893203139814,0.00259420362531751
"C2orf49",0.0135479809859157,0.0021342264320433,0.00264988763576921
"ATXN7L3",0.0134983954996641,0.00221597035377108,0.00275079446734676
"STAU2",0.0134944169685895,0.00222265192268579,0.00275849946074093
"TUBGCP2",0.0134851169159319,0.0022383425642058,0.00277737979999234
"GRIPAP1",0.0134557360784281,0.00228858181380082,0.0028391115265337
"EAPP",0.0134394276410121,0.00231691188606379,0.00287364316726478
"U2AF2",0.0134062734682589,0.00237549796044012,0.00294567829018092
"EXOC7",0.0134030023164036,0.00238135124995611,0.00295230662643876
"EXOC4",0.0133969997758799,0.00239212635029395,0.00296503270375527
"DENND2D",0.0133769454301376,0.00242845015440859,0.00300941413591102
"TPRG1L",0.0133730876344666,0.00243549528535413,0.00301750130003799
"WASHC2A",0.0133709059294384,0.00243948780415252,0.00302180373353249
"ASAH1",0.0133632516306652,0.00245354258152627,0.00303727145555499
"XRCC5",0.0133253091729539,0.00252431254841713,0.00312288304201796
"MARCH7",0.0133234784626644,0.0025277739303292,0.00312649969846208
"BIN1",0.0132835482658697,0.00260435947249664,0.00321985476582652
"LAMTOR3",0.0132454188745625,0.00267946528133956,0.00331130176805136
"PPP6R3",0.0132350963320207,0.00270013594230899,0.00333613735048891
"AC093323.1",0.0131607188191969,0.00285343578418881,0.00352180267099285
"RDH11",0.0131286460835656,0.00292196032163373,0.00360331707815304
"FLYWCH2",0.0131174434029321,0.00294624693215804,0.00363172580481496
"RAD21",0.0131115287043937,0.00295914374378877,0.00364684975379566
"PI4KB",0.0130813618180787,0.00302572660388167,0.00372732577824507
"DYNLL2",0.0130611157683815,0.00307117597136313,0.00378171075117849
"ABCD4",0.0130011589546682,0.00320944587128851,0.00395029635830766
"LY75",0.0129580016829922,0.00331245902775684,0.00407536237707934
"HM13",0.0129458865589649,0.00334191342415319,0.00411073033252452
"ELF2",0.0129400604805947,0.00335616259241564,0.0041273840429792
"HIF1AN",0.01293391434956,0.00337125447796186,0.00414506685549277
"PIGF",0.012885670271054,0.00349188139540483,0.00429065849262006
"NECAP1",0.0128667264952348,0.00354031176768599,0.00434832882370899
"BRD4",0.0128453230285068,0.00359576512823542,0.00441550537192146
"SLIRP",0.0128268101548149,0.00364436529767297,0.00447423977821615
"UPK3BL1",0.012796196208634,0.00372604539627184,0.00457355350435733
"CGGBP1",0.0127687976660616,0.00380055392179978,0.00466303977063549
"GABARAPL2",0.012762858684791,0.00381688206867049,0.00468109697892232
"ABHD13",0.0127585986008234,0.00382863362384207,0.00469451869657597
"HNRNPAB",0.0127405906249295,0.0038786731466764,0.00475487203722489
"IMPA1",0.0127279974162623,0.00391401862665804,0.00479719026953533
"FOXK2",0.012726866830972,0.00391720611835937,0.00480008474802966
"INTS11",0.0126896490002626,0.00402346068260609,0.00492820937561783
"TFPT",0.0126861238448934,0.00403365921520806,0.00493861962477127
"ZFP36L2",0.0126765854936131,0.00406137212065183,0.00497045583601356
"PPIE",0.0126749341108324,0.00406618759146352,0.00497530153296547
"ZDHHC6",0.0126165081873325,0.00423992998627601,0.00518461457610692
"PNRC2",0.0125966255712514,0.00430057356988352,0.00525766377538137
"ZADH2",0.0125897608565899,0.00432169345618792,0.00528126206210349
"CCDC93",0.0125517635842921,0.00444030538750595,0.0054239291534646
"GNL2",0.0125443581823746,0.00446376265870482,0.00545143697675822
"MGAT4B",0.0125283877955273,0.00451473289839683,0.00551252680787445
"SENP2",0.0125019414252155,0.00460029825842723,0.00561346493344091
"ACYP1",0.012483979410318,0.00465924771657829,0.00568181865899141
"SLC35E1",0.0124516955095599,0.00476692197333423,0.0058119048686844
"MYSM1",0.012449130833813,0.00477557156891811,0.00582000879818663
"ZFP90",0.0124317637340038,0.00483451835733443,0.00588937763421248
"HAUS6",0.0124096990971276,0.00491035856903065,0.00598051215490489
"KPNA6",0.0124050517409346,0.00492646893570222,0.00599887648319742
"RPP30",0.0123955018659196,0.00495972434884763,0.00603810597308388
"MLLT10",0.0123358836167348,0.00517196179268165,0.00629121848871196
"NCBP1",0.0123125357946241,0.00525729087561237,0.00639233777595379
"DDX54",0.0122997966376309,0.00530438289661864,0.0064468994971032
"PHRF1",0.0122859435121553,0.00535602497687567,0.00650830381885875
"SRSF11",0.0122706888439433,0.00541341663668151,0.00657529310185851
"HGSNAT",0.0122515765992943,0.00548610470471629,0.0066621898336421
"COMMD10",0.0122037210939537,0.0056719894526744,0.00688360883252111
"HERC5",0.012156128618236,0.00586246787244497,0.00711032205230596
"SBNO1",0.0121421575200069,0.0059194686293742,0.00717795778717355
"FASTK",0.0121201265293815,0.00601036828424105,0.00728514295474639
"STK26",0.0120755114640943,0.00619831154200428,0.00750825066321986
"TP53TG1",0.0120582652292005,0.00627236890727851,0.00759637593021518
"ASH2L",0.0120452027970588,0.00632898959104694,0.00766175536412515
"ELK3",0.0119872048784531,0.00658598372526112,0.00797120729096577
"MRPS30",0.0119598695380735,0.0067103318968837,0.00812001852689737
"ACTR6",0.0119137050777077,0.00692513193690114,0.00837297000567286
"LINC00649",0.011912791474402,0.00692944449821708,0.00837644164385143
"KMT2C",0.0118614862952482,0.00717553064902394,0.00867030855137778
"RBM5",0.0118545090650547,0.00720959609673199,0.00870965963712457
"ZFR",0.0118363299881423,0.0072990359062714,0.00881221368659107
"EIPR1",0.0117942510386039,0.00750989173344551,0.00906113571824483
"C1orf35",0.0117692460031973,0.00763776275732618,0.00920968405509953
"SCAF8",0.011748883383111,0.00774333137087335,0.00933504292211489
"LRCH3",0.011732210310149,0.00783074337121022,0.00943846546525794
"KIAA1143",0.0117182333083576,0.0079047006811202,0.00952365679076919
"PRR14L",0.0117176480494466,0.00790781109662923,0.00952542965670655
"SUDS3",0.0117058135066118,0.00797094256885142,0.00959948574599346
"SAMD4B",0.0116986609973139,0.00800931614830619,0.00963970707267666
"DELE1",0.0116951328406599,0.00802830574187668,0.00966056169188142
"TBCD",0.0116840225319733,0.00808836836286154,0.00973082113950554
"ISY1",0.0116708763222998,0.00815995646327313,0.00981288370878201
"STAG1",0.0116644664977813,0.00819506659356988,0.00985102937783416
"ARID1B",0.0116551878560266,0.00824613031960195,0.0099062648651357
"EIF1B",0.0116222618329741,0.00842963966414039,0.0101204432406494
"SPEN",0.0115972104923416,0.00857169788273388,0.0102846218196634
"SMURF2",0.0115691600755717,0.00873329954753654,0.0104741925237892
"CYB561A3",0.0115625142635872,0.00877198351116045,0.0105162475591717
"ABTB1",0.0115457554030394,0.00887021421228542,0.0106318179009699
"ADPGK",0.0115330717262551,0.00894521057399461,0.0107194977022797
"KDM2A",0.0115128266801933,0.00906608973796007,0.0108576372464504
"ILF2",0.0114921038506308,0.00919132998966326,0.0110008257619281
"NCOA7",0.0114548477957935,0.00942037874290219,0.0112703254948019
"TMEM70",0.0114485885751887,0.00945935580180551,0.0113146276847281
"TCF12",0.0114446555782866,0.00948392065613458,0.0113416763072951
"DDB1",0.011344600438564,0.0101282865426931,0.0120998152900581
"MICOS13",0.0113402520770107,0.0101571539769934,0.0121318082437907
"KDM4B",0.0113324534661276,0.0102091100989009,0.012186352001399
"NUP214",0.0113218678626683,0.0102800122793737,0.012265947724845
"NAGPA",0.0113180498608393,0.0103056925299579,0.012294065062421
"NDUFS1",0.0112604935286237,0.0106997993245945,0.0127537394738604
"SMC1A",0.0112471375144945,0.010793146024578,0.0128597303597473
"UBE2I",0.0112461203871298,0.0108002844196492,0.012865598083009
"ELAVL1",0.0112275412903968,0.0109314166243266,0.0130191379960218
"CSNK2A2",0.0111624739398606,0.0114018893276662,0.0135655641294567
"NOL10",0.0111051225269904,0.0118313848419037,0.0140708018623172
"CEP120",0.0110661618518746,0.0121312801711972,0.0144156614915146
"NIPSNAP2",0.0110570245151128,0.0122025815647283,0.0144974251950533
"LCOR",0.0109956156155901,0.012691481450848,0.0150690276184532
"EIF4H",0.0109946653001824,0.0126991815865906,0.0150750905598988
"IFIT5",0.0109791047733266,0.0128258536016195,0.0152223526919773
"CASC3",0.0109404500456563,0.0131453767575624,0.0155952091681879
"DEXI",0.0109371435657879,0.0131730324368391,0.0156248294944712
"RAD51C",0.0109283709454438,0.0132466568462563,0.0157089511508757
"C4orf3",0.0109129123842916,0.0133772788170681,0.0158606169899633
"UBE2K",0.0109121203428439,0.0133840019721862,0.0158653517157549
"COG4",0.0109116121663999,0.0133883171435131,0.0158672306766106
"OPA1",0.0108947776747841,0.0135319637307382,0.0160342045266157
"LFNG",0.0108908995098719,0.0135652479713174,0.0160675725077135
"RSPRY1",0.0108393735989583,0.0140143810330345,0.0165855391089385
"TBRG1",0.0108172894472276,0.0142108652166677,0.0168146475242819
"CHMP6",0.0108070028923528,0.0143032122038489,0.0169204700445287
"C16orf72",0.0108031214099118,0.014338195318307,0.0169584027655678
"FBXL20",0.0107978735181864,0.0143856136271759,0.0170075643615026
"YWHAE",0.0107452581034923,0.0148687278587517,0.0175608710252113
"SOAT1",0.0107415703872316,0.0149031183949072,0.017597912253393
"KDM3B",0.0107345284969318,0.0149689836828329,0.0176720969255789
"PCIF1",0.0107130070689458,0.0151718733432441,0.0179079869762256
"EHD4",0.0107028191440309,0.0152687599714391,0.018018686894214
"TMED7",0.0106619255056157,0.0156631591964634,0.0184766148264351
"MBIP",0.0106477792447583,0.0158016645068906,0.0186362163380779
"DPH7",0.0106447064205014,0.0158318923847591,0.0186680784216312
"ARHGAP4",0.0106153384377567,0.0161233652272642,0.0190079104869898
"TMEM80",0.0106115883783764,0.0161609215348537,0.0190483220362137
"UBE4B",0.0105583871694016,0.0167020660046036,0.0196821588845815
"INSIG2",0.0105081213680853,0.0172279035600603,0.020293590492718
"MRPS10",0.0104848381951783,0.0174763543850684,0.0205737435053712
"PI4KA",0.0104836911031594,0.017488675596649,0.0205840790943143
"AP1S2",0.0104630038007332,0.0177121940849436,0.0208345015223016
"POLDIP2",0.0104406240824471,0.0179568138488519,0.0211136965586743
"NAAA",0.0103575830290469,0.0188905377991718,0.0222025896236171
"ZMYM5",0.0102987974211708,0.0195769422892128,0.0229953897705952
"GTF2I",0.0102886201503754,0.0196979629531591,0.0231328673840696
"DYM",0.0102846404888044,0.0197454635671502,0.0231839665156115
"CGRRF1",0.0102379076393411,0.0203107869518442,0.0238429193625769
"IREB2",0.0102234856907018,0.0204880756557031,0.0240461824941329
"FAM32A",0.0101895609921541,0.0209104413261343,0.0245319913176207
"CEP192",0.0101818988508929,0.0210068794956001,0.0246401581490268
"CCDC6",0.0101673945285625,0.0211904971368516,0.0248455052167402
"MGRN1",0.0101588907899286,0.0212987991536531,0.0249624159469715
"HIPK1",0.0101505313154279,0.0214057334069844,0.0250784514940959
"MAP3K7",0.0101502594699668,0.0214092186840547,0.0250784514940959
"MFSD14A",0.0101213138996958,0.0217831629944359,0.025504380202188
"NCL",0.0101160930179667,0.021851212615321,0.0255789018570485
"UIMC1",0.0100887176558494,0.022211062490746,0.0259949043890889
"NASP",0.0100563521814538,0.0226431461535947,0.0264899286321845
"CTDSPL2",0.0100494495814999,0.0227362361563152,0.026593480487121
"SRCAP",0.0100012495664676,0.0233955889442458,0.0273536839557346
"CKAP2",0.00998386479194098,0.0236374441052818,0.0276253418740997
"SOS2",0.00997658363053366,0.0237393816299703,0.0277388994839942
"ATP13A3",0.0099712483108192,0.0238143189396772,0.0278208686788752
"DNAJC10",0.00994546253356457,0.0241793926274034,0.0282416860832935
"CSNK2A1",0.00992172021175804,0.024519815545922,0.0286335479109702
"STK24",0.00992041634128238,0.0245386304441318,0.0286497629853946
"HADHB",0.00991167156935509,0.0246651413965601,0.0287916854382019
"URI1",0.00989942942856223,0.024843197874214,0.0289937080411509
"DHX36",0.00989291522659612,0.024938397010332,0.0290989687661212
"CCNT2",0.0098464719392251,0.0256263227899121,0.0298896624633693
"NRDE2",0.00981305286512534,0.0261314316464092,0.0304604654490434
"CUEDC2",0.00980309114482601,0.026283652180624,0.0306317598704205
"MXI1",0.00977809210177226,0.0266690296139653,0.0310684305705284
"SNX1",0.00977319555513458,0.0267450821184262,0.0311507850245076
"ZRANB1",0.00974021207140454,0.0272622734184744,0.0317404513437847
"WDR20",0.00966862288243311,0.0284145815542612,0.0330489389620505
"NDUFS2",0.00964442316707055,0.0288134781068612,0.0334994868487852
"PCBP1",0.00963426294019574,0.0289823860519969,0.0336891255468412
"FBXO42",0.00960602059801555,0.0294563829395145,0.0342195677882187
"FIP1L1",0.00956342872030646,0.0301838165583041,0.035043616028139
"ZFP91",0.00955696255223668,0.0302955920304472,0.0351663632676171
"VEZT",0.00947975258153125,0.031657971507937,0.0367184455007244
"MBD1",0.00945577633971706,0.0320915860658885,0.0371991021569494
"BFAR",0.00942535965575774,0.0326489935129467,0.037822593242425
"REST",0.00940930642595975,0.0329465088518858,0.0381596471596573
"SUPT5H",0.00939077952191716,0.0332927508967637,0.0385529922717654
"RBM10",0.00938597070677447,0.0333831282598273,0.0386499484952423
"DCUN1D1",0.00935344076899748,0.0340000287815453,0.0393563368409363
"YIPF5",0.00929450187160921,0.0351425904178607,0.0406546049977322
"SEC23A",0.0092731567537693,0.0355643837002609,0.0411261834591955
"BNIP2",0.00923519119567846,0.0363252829379126,0.041989368423856
"NDEL1",0.00920351705313833,0.0369706651819016,0.0427098998285057
"ME2",0.00919337973852394,0.0371792716740417,0.0429423543262183
"SCAF4",0.00915885593705153,0.0378972385891746,0.0437629148977316
"KPNA1",0.00915455869274929,0.037987425222917,0.0438583463241148
"CCNQ",0.0091349431695265,0.0384014195100107,0.0443275174165208
"AC007952.4",0.00912618890709713,0.0385874161643423,0.0445311469210454
"SIKE1",0.00912591961036674,0.0385931498694607,0.0445311469210454
"LMBRD1",0.009115674786473,0.0388118148558916,0.0447745668801989
"PIK3C2A",0.00910620587773416,0.0390148538684025,0.0449909386276102
"VTA1",0.00907282180234045,0.0397379109980785,0.0458065725348735
"PPP1R15B",0.00907141573288965,0.0397686126100777,0.0458328725936489
"TLNRD1",0.00902644106049651,0.04076130948107,0.0469676309881004
"SNU13",0.00897297097670756,0.0419687701947687,0.0483397725667847
"KHSRP",0.00896718643066423,0.0421011929555646,0.0484826894110841
"RFFL",0.00894050348295354,0.0427166181475047,0.0491816530652332
"GIGYF2",0.0089317344821578,0.0429205229931477,0.0494066309439839
"ASXL2",0.00891901694165487,0.043217704361777,0.0497290235103243
"COX19",0.00890718734374943,0.0434956954802744,0.0500191891830935
"METTL15",0.00883268532772617,0.0452813932199854,0.0520521078707585
"APTX",0.00882071646314358,0.0455739521804849,0.0523780522192956
"MRPS17",0.00876802708377165,0.0468808636720554,0.0538374984512914
"LRIF1",0.00876016590035436,0.0470785305887249,0.054043140387452
"FBRSL1",0.00873459674562109,0.0477263135594079,0.0547543099895932
"NUP62",0.00872783752304488,0.0478988020653493,0.0549413533853977
"VAMP4",0.00872314868658384,0.0480187639239055,0.0550572215280606
"TM2D3",0.00871090635833637,0.0483331691760833,0.0554067809174352
"UQCRC2",0.00870799785053897,0.0484081186133664,0.0554817561390033
"PTTG1IP",0.00868213629963708,0.049078848379426,0.0562394059111246
"ATXN10",0.00868073841231139,0.0491153242424919,0.0562701093036395
"WAKMAR2",0.00866574620884344,0.0495079566306395,0.0567087591520056
"MRPL9",0.00866158022821146,0.0496175262280962,0.0568230664901863
"SSB",0.00864100538421974,0.0501616528934706,0.057423582158135
"RWDD1",0.00863741252264648,0.0502571815723921,0.0575216107323243
"PAPOLG",0.00863031757831982,0.0504462731346752,0.0577266665600969
"NEDD1",0.00861169604548345,0.0509454041288574,0.0582863560623857
"TERF2",0.00860942694041648,0.0510065068853648,0.0583447781967605
"BLOC1S4",0.0085942748333297,0.0514160998185457,0.058801726120698
"MED14",0.00858132111690462,0.0517684451882491,0.0591930362844981
"CLIP4",0.00854557498556734,0.0527512453627726,0.06030492487184
"ILKAP",0.00853657816796915,0.0530010445004233,0.0605785782962558
"ZNF720",0.00851690205310469,0.0535508030050653,0.0611949011139283
"ABCF1",0.00851630384557521,0.0535675914685495,0.0612020526076685
"ADA2",0.00850664739554218,0.0538392046425845,0.0615002864352793
"DHX16",0.00849924478854399,0.054048200153168,0.0617147621395309
"MTF2",0.00847779597448093,0.054657584198839,0.062373822769223
"NT5C2",0.00845214466584604,0.0553938793474981,0.0631768498366677
"GLUD1",0.00840263220616541,0.0568384663849042,0.0647862652733994
"EMC10",0.00838892931659941,0.0572437582971926,0.0652098634306709
"KANSL2",0.00838132447295514,0.0574697228164817,0.0654416201037209
"SP110",0.0083507776501757,0.0583848531687833,0.0664316301129539
"SMARCC1",0.00834852014483884,0.0584529618012904,0.0664961076510275
"PRKACB",0.00833821975862204,0.0587645610801202,0.0668375007823206
"TXNDC12",0.00832107100673659,0.0592863907161051,0.0674178248565844
"FEM1B",0.00831579607123094,0.0594476761267255,0.0675880073647356
"MTCH1",0.00829625101840119,0.06004845854722,0.0682577041025705
"CSNK1E",0.00826300411524585,0.0610819748062873,0.0694053641396172
"ZMYND11",0.00820482166851738,0.0629260776752325,0.0714728089600256
"CAMTA1",0.00819901571247231,0.0631125977532178,0.0716706561433572
"GDI2",0.00817379722195123,0.0639280684893273,0.0725825227700665
"SNUPN",0.00813253367667277,0.0652811300064731,0.0740898120674911
"HUWE1",0.00811948162373363,0.0657140010533028,0.074551976209603
"VPS53",0.00809882306964583,0.066403975532945,0.0753053474726783
"DMTF1",0.00807991812095729,0.0670405998614225,0.075997652895375
"TCP1",0.00806763846446136,0.0674568027003155,0.0764545509544138
"FUS",0.00803867247268615,0.0684469937854005,0.0775465746356233
"PPCS",0.00803556262148707,0.0685540094318562,0.0776526803387153
"KDM3A",0.00802387031744436,0.0689575940681214,0.0780946096500237
"NUP37",0.00802185544735544,0.0690273383566479,0.0781583655813048
"PPTC7",0.00800832613645085,0.0694971548260192,0.0786750026974725
"IARS2",0.00800784029029297,0.0695140749514586,0.0786788322527512
"SEC22C",0.00800630456363924,0.0695675805620456,0.0787240611811934
"GTPBP6",0.00797825993987411,0.0705506327292494,0.0798054257342151
"COQ4",0.00794758744434486,0.071638816083696,0.081020587483643
"ANKRD11",0.0079045511048744,0.0731887845872948,0.0827413374871343
"VCPKMT",0.00787096063128562,0.0744175284154252,0.0841140947394888
"MTREX",0.0078499607039235,0.0751942350387382,0.0849754800787763
"AKT2",0.00779789293035113,0.0771485980496201,0.0871501752894834
"NME6",0.00777224707344441,0.0781263205285695,0.0882374999829083
"MRPL18",0.00772352962958712,0.0800113980279122,0.0902849656981352
"GABPA",0.00772339041544938,0.0800168372868366,0.0902849656981352
"ACIN1",0.00771539845552223,0.0803295965846887,0.0906026810305086
"ZNF394",0.0077090345208654,0.0805793539550914,0.0908667452826913
"TMEM203",0.00761897470654506,0.0841818944438392,0.0947820942478872
"UFSP2",0.00761347615977664,0.0844060013724058,0.095016013940814
"PAPOLA",0.00756906844954739,0.0862336919502336,0.0970546509710994
"MTO1",0.00756296974518928,0.0864871747548629,0.0973210957744944
"CSGALNACT2",0.00756147375592548,0.086549444948025,0.0973723139833374
"TMEM209",0.00753891676909354,0.0874927698778892,0.0984145497445891
"UPF2",0.00753089224072935,0.087830346372465,0.0987751495968975
"ARID4B",0.00751251008685374,0.0886076081887215,0.0995914559645812
"ZDHHC5",0.00750543675729205,0.0889081663454479,0.0999099502706387
"DLD",0.00749075272956921,0.089534738937255,0.100594607133835
"MRPL52",0.00744292141872231,0.0916004066261304,0.102875664407936
"MFSD8",0.00741181005431734,0.0929644350116097,0.104347102411641
"PRKACA",0.00739426957646028,0.0937406272213302,0.10517770760818
"C1orf131",0.00737341694351027,0.0946701406075954,0.106155806566653
"AC087190.1",0.00737307538584285,0.0946854269169871,0.106155806566653
"ARID4A",0.00735945386831318,0.0952966678067948,0.106799890723697
"HNRNPDL",0.00734659454801772,0.0958766024478584,0.107429113828215
"SET",0.00728811468367927,0.0985496729383815,0.110296687679159
"MAPKAP1",0.00723596188818282,0.100983430880066,0.112977035664089
"DGKD",0.00722456455859654,0.101521621332113,0.113557286986575
"PRELID3B",0.00718761283378624,0.103282229931017,0.115459957753235
"TDG",0.00717141742262638,0.104061491027922,0.116286365286346
"PITPNB",0.00716449489454404,0.104395998270313,0.116637743549993
"TBC1D14",0.00715186642449593,0.105008424849008,0.117299435945115
"PARVG",0.00714460016967672,0.105362097400856,0.117671888949611
"CHD3",0.00714175581423985,0.105500798694749,0.117804157927739
"ZNF800",0.00710853281342612,0.107131624813355,0.119533308392248
"LNPEP",0.00708490107995299,0.108303749345402,0.120794740202547
"CISD1",0.00708356418403131,0.108370360962654,0.120845843805631
"SRPRB",0.00707176965103378,0.108959436019941,0.121456126227062
"DCTN4",0.00706457004569605,0.109320261474636,0.121834968301166
"LSM7",0.00703998000526101,0.110559778106287,0.123169145170354
"STK16",0.00703560192800481,0.110781624508058,0.123392641173023
"MPHOSPH6",0.00693348273853024,0.116056602234711,0.129119634798648
"CUTC",0.00689611054568411,0.118035684343455,0.131271220322266
"PIGC",0.00688689368395328,0.11852781946882,0.13179332059552
"NUS1",0.00688282499525001,0.118745578696571,0.132010195750664
"DCXR",0.00685289124289253,0.120357310604547,0.133776379658371
"COIL",0.00684220487259075,0.120936830562621,0.13439481056022
"PDCL3",0.00678501189964582,0.124075585149798,0.137803802960181
"TMEM230",0.0067320290895661,0.127039663816579,0.14104193430792
"PPIP5K2",0.0067117927794088,0.128186202149223,0.142260493964347
"FLOT1",0.00667809968515349,0.130112994794397,0.144343715545912
"NTMT1",0.00663505805244788,0.13260700563841,0.147054363054844
"ELP5",0.00662656257977419,0.133103614811533,0.147548771559151
"MAN2A1",0.00661455626231549,0.133807906363016,0.148301211247492
"YWHAG",0.00661397374196534,0.133842150240043,0.148310882210702
"FAAP20",0.00659160252779623,0.135162394179083,0.149688230748634
"CLASP2",0.006583893779926,0.135619651957732,0.150166015846512
"BUD23",0.00656903325427342,0.136504500302071,0.151116982048693
"DDHD2",0.00656844797006389,0.136539441175116,0.15112687718716
"UBA7",0.00655724042018572,0.137209852820758,0.151811091679849
"DHX30",0.00655459062375429,0.137368728440187,0.151957946268437
"ZDHHC2",0.00654697415494825,0.137826184108309,0.152434972794955
"SRP68",0.00649444132497273,0.141013423435578,0.155930368532645
"GTF2H2",0.00645394651577568,0.143508736096107,0.158599120401326
"FAM192A",0.00643909396906763,0.14443239986145,0.159559229803222
"LYPLA1",0.00643078424965151,0.144951156199072,0.160101885182251
"FAM215B",0.00642930857886446,0.145043427927978,0.160173361793161
"L3MBTL2",0.00642094737668615,0.145567092655775,0.160721113699728
"VIRMA",0.00639195277212132,0.147394251250339,0.162676678364408
"STAMBP",0.00638762262053177,0.147668623313299,0.162917623139121
"HNRNPM",0.00635711079003709,0.149613026039909,0.165000172171528
"DMAC2L",0.00635429045241821,0.149793737028064,0.165168127415501
"BRWD3",0.00634462640203926,0.150414216575748,0.165820832082369
"C9orf85",0.00633588946024497,0.15097685600219,0.166409536712447
"HIGD2A",0.00633066479931595,0.15131407788222,0.166749605735962
"HADHA",0.00632046496682718,0.151974071692352,0.167445176241887
"RAD17",0.00631618267438566,0.152251815526509,0.167687616418432
"ANXA11",0.00631191191615006,0.152529195915833,0.167961289629182
"LSG1",0.00629223592814633,0.153812095987413,0.169341902231264
"IKZF1",0.00627142049568597,0.155178200429373,0.17078123478423
"TTC17",0.00625856419930259,0.156026541672214,0.171649869430041
"KCTD18",0.00617096377943435,0.161900902030917,0.177843137895235
"PAFAH1B2",0.00615966029541487,0.16267089995458,0.178621437849239
"DPM3",0.0061504270967745,0.163301916395792,0.179280456760927
"NVL",0.00613661732023904,0.164249147559533,0.180286316452503
"POGZ",0.00608643254090233,0.167726252491802,0.183998674873982
"TFCP2",0.00608299200120522,0.167966643531692,0.184227615060614
"RPAIN",0.00606705180074156,0.169083764453793,0.185347951528752
"NUTF2",0.00605711822142777,0.169782742713685,0.186079068574757
"RPAP3",0.00605617779441804,0.169849028125992,0.186116619809251
"ZBTB11",0.00605268354863445,0.170095487820628,0.186351550464372
"MAN1A2",0.00598912363434923,0.174625458367412,0.191206323291521
"NDUFV2",0.00593704210230206,0.178404004277233,0.19527007021832
"PRDX4",0.00592745831936496,0.179105891629046,0.196001401270574
"TSFM",0.00590017787792567,0.181115068380836,0.198162796955839
"CCNT1",0.00589880152552626,0.181216876899745,0.198236869667103
"CORO7",0.00587472312319704,0.183004829505732,0.200117416573342
"CCDC174",0.0058712426035196,0.183264354814015,0.20036351207281
"KRT10",0.00585285741697238,0.184639774191068,0.201801541397374
"PCNX1",0.00585273304168972,0.184649104809228,0.201801541397374
"NSUN2",0.00579122767000378,0.189306094935594,0.20677448294788
"CNPY3",0.00578998616766237,0.189400980799079,0.206839252236799
"GRSF1",0.00577807175621515,0.190313361357431,0.207796591435166
"BDH2",0.00577213656942752,0.190769071399948,0.208255041881385
"PPP2R2A",0.0057163939237746,0.195088305667646,0.212930184514621
"CENPT",0.00571532609329919,0.195171741184413,0.212981254180212
"TIMMDC1",0.00569237882135893,0.19697106667749,0.214864083995791
"VBP1",0.00565506856207639,0.199922490144993,0.218042693323831
"TSN",0.00562359849534467,0.202436927684832,0.220660807146332
"RBM27",0.00561994542272376,0.202730291866776,0.220866364611261
"SLC25A38",0.00561983064833041,0.202739513971279,0.220866364611261
"GRPEL1",0.00560716679878493,0.203758930212235,0.221935326535515
"PHF12",0.00559835413335639,0.204470531393131,0.222626962993046
"ATP5MC2",0.00558150806386657,0.205835837322538,0.224029566763781
"RAB3GAP2",0.00557122507503597,0.206672480639672,0.224898044837629
"VAPA",0.00556219640734505,0.207409103062628,0.225657376825158
"RAD50",0.00552867375213399,0.210160781193517,0.228522817642044
"CITED2",0.00552815449244952,0.210203610980913,0.228526634309964
"ANKHD1",0.00550330113144235,0.212260968524301,0.230720170013697
"TMC8",0.00548474805310948,0.213806244598857,0.232269512824029
"IGHA1",0.00546864180534441,0.215154292506773,0.233690291169756
"SMARCAD1",0.00545922942548975,0.215944912110487,0.234417599773282
"PRKRIP1",0.00545540255921043,0.216266958084401,0.234723353947066
"TDP2",0.0054266540114863,0.218697320910719,0.237272508705077
"STRADA",0.00539890868411986,0.221061417321741,0.239687125885637
"TADA2B",0.00539859947634179,0.221087866805385,0.239687125885637
"RPP38",0.00535784436755262,0.224593916345747,0.243397322730092
"ARHGEF9",0.00531793761232111,0.228065308652338,0.247080115097328
"ECHS1",0.00531780139964705,0.228077222556291,0.247080115097328
"HERC1",0.00526976506208498,0.232306427439752,0.251567906890225
"RTCB",0.00523679750297675,0.235240970730681,0.254536540068998
"TRA2A",0.00523043702819378,0.235810142435037,0.255029502760036
"NFYC",0.00521925350667771,0.236813269175585,0.256019107226283
"BRD3",0.00521817787809459,0.236909908445146,0.256075950880266
"MRPL19",0.00519736082741842,0.238785696949479,0.258007523827918
"SRP9",0.00511356495724102,0.246442307452472,0.266033189248471
"ERO1B",0.00503882337581104,0.25341536510893,0.273458986634442
"PLGRKT",0.00501952129204053,0.255238271709744,0.275374946199561
"HIST3H2A",0.00501007280427265,0.256133911012631,0.276238688217742
"SYNC",0.00500387910511129,0.256722206230769,0.276819128744004
"HAUS3",0.00500340407548836,0.256767364600641,0.276819128744004
"YRDC",0.00500250216374091,0.256853119405006,0.27686022440317
"MED16",0.00499805656235949,0.25727610279126,0.277264733807306
"XRN2",0.00497024734912026,0.259933019800633,0.2800761422101
"AASDHPPT",0.00491749580771586,0.265024992471133,0.285351103416492
"SNX2",0.0048896126361515,0.267744070017886,0.288171950915547
"XPOT",0.00486038257364119,0.270615011071737,0.291208006730038
"CFDP1",0.00485224161343505,0.271418349357549,0.291964361737197
"MRPS2",0.00484088347059674,0.272541881422493,0.29311869260317
"SLC25A3",0.00483785482480548,0.272842007592822,0.293387187443013
"COA5",0.00483393961178141,0.2732303237986,0.293750396211148
"WDR48",0.00476876600577188,0.279749855812804,0.300648328769234
"NDUFB11",0.00474584968305178,0.282067173399601,0.302970691516999
"SLMAP",0.0046750822727358,0.289305227957494,0.310572956204092
"THOC2",0.00456130411442867,0.301202582979546,0.323106203816376
"MT-ATP8",0.00453206545277306,0.304311855999625,0.326381344725931
"CCT7",0.00452658852614219,0.30489664026578,0.326948205392014
"FOPNL",0.00452597730263541,0.304961948255444,0.32695791242587
"PRKD3",0.00452119861925688,0.305472860835421,0.327445272441067
"AKAP10",0.0044447645394191,0.313721938603195,0.336225688209804
"CAND1",0.00444214484682011,0.314007240434575,0.336469410288671
"WASHC3",0.00444066784270571,0.314168171154335,0.336549158590645
"LYSMD3",0.00443748577133053,0.314515066077665,0.336827264426643
"NSMCE4A",0.00441911991397318,0.316522147533353,0.338664713082446
"TNK2",0.00432721160249225,0.32669217353369,0.349160520885952
"YPEL5",0.00424656286337154,0.335789206821889,0.35872122473528
"ZC3H13",0.00424626757116756,0.335822812075818,0.35872122473528
"RAB5A",0.00416028325594584,0.345700156039373,0.368662258146943
"TMEM156",0.00415073088867143,0.346808786475294,0.369776677122438
"IK",0.0041456426598332,0.347400239856282,0.370339360609815
"WDR60",0.00412738610088706,0.349527651506274,0.372538916294602
"SMIM14",0.00411099072898624,0.35144521408008,0.374445386660573
"PDCD7",0.00407616309179287,0.355540635678312,0.378669997171037
"ELP4",0.00402225932653711,0.361938329761178,0.385342658467113
"CS",0.00400601274118601,0.363880654646399,0.387339627253639
"RCOR3",0.00390151151911019,0.37652934500609,0.400144185989284
"MCM3",0.00385630961664758,0.382083561240272,0.405898310716223
"C1orf43",0.00383175361205973,0.385121849642223,0.408976464483939
"USP14",0.00383053704154357,0.385272757563401,0.409061977887922
"NSMCE2",0.00379575361305513,0.389602696892862,0.413373845927889
"CCDC28A",0.0037956281890914,0.389618363384889,0.413373845927889
"SYS1",0.00377315686936607,0.39243139800468,0.416282402847819
"SDHC",0.00373338534503715,0.397440216890952,0.421518711782885
"GGA3",0.00371444114136964,0.399839538880017,0.423908682957071
"SSRP1",0.00368217427335708,0.403946200239814,0.428106366847884
"ACTL6A",0.00367828842904011,0.40444245609056,0.42855415766606
"SAMD1",0.00367287354077219,0.405134591925679,0.429204431392215
"TRIM5",0.00367233209064593,0.405203839478507,0.429204431392215
"ZFAND5",0.00364998731659893,0.408067740274216,0.432001768028005
"CBX1",0.00364277710375258,0.408994431094972,0.432903958026585
"ZDHHC17",0.0036198181662319,0.411953554458349,0.435877309031845
"CNOT4",0.00361532892178784,0.412533643257249,0.436411637169846
"FBXL15",0.003604288133916,0.413962363873064,0.437843359204776
"RASSF3",0.00358367424979862,0.416637703283902,0.440512703563041
"MRPS28",0.00357893484096756,0.417254238712847,0.441084328010016
"AFF4",0.00356331572184136,0.419289885942311,0.443075057653947
"UBE4A",0.00356000829435769,0.419721692638609,0.44338224609511
"TOP1",0.00355992049768131,0.419733158639933,0.44338224609511
"CNOT8",0.00353334773814423,0.423211939915002,0.446975794073413
"DCP1A",0.00345934026357059,0.432989163661133,0.457052854921632
"CHID1",0.00345447802843808,0.43363606289213,0.457569498462066
"RANGAP1",0.00338962148998991,0.442318225635954,0.466476778696455
"YTHDF1",0.00338215943018459,0.443323490611911,0.467452127619091
"EP400",0.00338000229316996,0.443614336310738,0.467673956582262
"STIM2",0.0033726986087729,0.444599897247959,0.468627965688274
"DDX1",0.00335739970250279,0.446668378978456,0.470552223785171
"GTPBP8",0.00332853952528538,0.450585277214633,0.474506546688068
"SND1",0.0033176236018883,0.452071839060833,0.475899570480268
"DHX9",0.0033056383187084,0.453707217564896,0.477534652025928
"MRPL4",0.0032978368415576,0.454773511016355,0.478570278114621
"FAM133B",0.00329428918968646,0.455258864969983,0.478907606010053
"MRPL23",0.00323532045229706,0.46336895561017,0.487174451882473
"ACTR1B",0.00315822589274614,0.47409230046867,0.498088295430931
"KLHL28",0.00315381782896602,0.474709527574012,0.49864662466296
"PLRG1",0.00310787006691796,0.481169435196749,0.505340939169408
"FAM207A",0.00306031071660345,0.487906010722536,0.512138294079715
"MPV17",0.00289942935919196,0.511066464041923,0.535481934200767
"KIF3A",0.00288713229759804,0.512860077173355,0.537264377889607
"MAP3K4",0.00284356082838695,0.519241583127342,0.543753528132632
"TFG",0.00283941937386166,0.519850269572896,0.544292878176486
"RSRP1",0.00281601628963703,0.523296819124081,0.547802794083062
"FBXO9",0.00280404203264418,0.52506478015565,0.549554565507768
"CYP20A1",0.00279362864382106,0.526604765555439,0.550868772031715
"OFD1",0.0027910450233894,0.526987201415176,0.551169626529603
"TSC22D2",0.00278662355534502,0.527642010128018,0.551755193030594
"GNAS",0.00278428510954431,0.527988495937135,0.551939359261954
"MAP3K2",0.00277993479365497,0.528633387423009,0.552493660798872
"EVL",0.0027724695922514,0.529740963760877,0.553551686691517
"CNDP2",0.00276160743469419,0.531354634248992,0.555138079139878
"FBXO28",0.00272718780656838,0.536484385827219,0.560296001873818
"OBI1",0.00266914926687927,0.545190254203181,0.568877155732296
"PHTF2",0.00265375086145733,0.547511753375965,0.57109445632109
"SNX13",0.0026271487932536,0.551533826436748,0.575083351139286
"ZNF830",0.00254746258413791,0.563668092208837,0.587208989409887
"NUMB",0.00247757870155602,0.574414485189547,0.598082584722617
"GPBP1L1",0.00245750975121033,0.577518414339561,0.601206703231511
"JAK1",0.0024354968798091,0.580932050280731,0.604543791626071
"UROS",0.00242350088145955,0.582796291273067,0.606375231807924
"XPO1",0.00240386255511002,0.585854200088067,0.609120681737361
"MRPS7",0.00239786766159116,0.586789153806882,0.609983645488391
"DCAF16",0.00238641025549302,0.588577952423869,0.611733737390474
"GPCPD1",0.00237250635132261,0.590752089113539,0.613883629881618
"TBC1D22A",0.0023558483286341,0.593361738084976,0.616485238067551
"PAN3",0.00232719427117576,0.597862994019828,0.621050888515325
"NR1D2",0.00231117960480841,0.600385470090535,0.623448338782596
"TIFA",0.00229694048141028,0.602632312445392,0.625669703453487
"TASOR",0.0022921876319148,0.603383123518743,0.62633733057527
"CNOT2",0.00228272133093391,0.604879773584634,0.627778793584623
"KDM5C",0.00228076234020827,0.605189703557127,0.627988315849674
"MTX1",0.00227815738669558,0.605601940856164,0.628303905793649
"IPO8",0.00226237265486338,0.608102579980386,0.630785685319651
"SLC2A3",0.00225500572825938,0.609271231759075,0.631772417303077
"ERAP1",0.00225284682967274,0.609613897606298,0.632014979109491
"NDUFAF4",0.00224629429029811,0.610654457337937,0.632980864285374
"TRIM52",0.00221275804803854,0.615992383480753,0.638172501388617
"VPS8",0.00219324355248866,0.619107882272336,0.64128586914397
"U2SURP",0.00217200749769894,0.622506019139642,0.644575981336113
"PIKFYVE",0.00216173454876044,0.624152765877492,0.646165991321693
"PLCG2",0.00213829214437139,0.627917595475652,0.649716408208027
"CFAP298",0.0021359071052321,0.628301176094104,0.649997585521348
"CREBZF",0.00211497148297787,0.631672505269594,0.653369033747443
"C1orf50",0.00207544070426641,0.638059158026026,0.659857620364281
"MED11",0.00207266885218152,0.638507999358071,0.660204321698828
"CDC16",0.00203877345946349,0.644007297218871,0.665535279416088
"CDK10",0.00203383562385172,0.644810065763493,0.666246418171986
"NOC2L",0.00191016688297727,0.665048530084305,0.686913463097561
"TUBGCP3",0.0018870902079328,0.668852787734925,0.690455012907978
"CD46",0.00188648579038152,0.668952542616109,0.690455012907978
"WBP11",0.00186887485149983,0.671861663911147,0.69333451538558
"CLPX",0.00183449227742042,0.677555416106856,0.698837990845262
"WAPL",0.00177410152395877,0.687600678968671,0.708821416489166
"SMC5",0.00176681049381157,0.688817234743313,0.709949595376509
"ATXN2L",0.00175987622616374,0.689975009617481,0.710764756451046
"RANBP3",0.00172260135603888,0.69621096182909,0.71680745972554
"PFDN4",0.00169829445015489,0.700288542254205,0.720750311241622
"SUCLA2",0.00169727094349851,0.700460430240411,0.720799578710564
"POLE3",0.00168902742979052,0.701845406837787,0.722096920612713
"RICTOR",0.00167959727121301,0.703430964322801,0.723600135335243
"HCG18",0.00167691341110724,0.703882456403982,0.72393644250928
"HK1",0.00167552384612226,0.704116256854211,0.724048776510382
"MAN2C1",0.00165058402500102,0.708317228151148,0.727982268791242
"GALK2",0.00162054278798116,0.713389301632371,0.732935941503861
"DCTPP1",0.00161803248426493,0.713813711690552,0.733242363440348
"KTN1",0.00157480603252716,0.721135679609358,0.740501867471658
"CPSF2",0.00156599089852059,0.722632011155396,0.741907304157421
"FAM168B",0.0015489104207987,0.725534366134947,0.744361118442421
"MAU2",0.00154136010864058,0.72681859330404,0.745283991581348
"TMEM167A",0.00148663478431595,0.73614953502403,0.754319657538727
"SURF1",0.00147864508741753,0.737515117932974,0.755452567047311
"LCMT1",0.00146832100445217,0.739280916585963,0.757127874396056
"DRG1",0.00145119010702605,0.742213962320249,0.759863933240319
"PTGES3",0.00143111356393955,0.745656110718742,0.763119090596466
"ATF1",0.00142956512724878,0.745921804133562,0.76325660662399
"KDM4C",0.00142082299776987,0.747422416114834,0.76465746918842
"GANAB",0.00140355012621727,0.750390165645074,0.76755854324695
"MRPL11",0.0013380761312449,0.761672855188791,0.778688238233466
"GLOD4",0.00131425310486893,0.765790862634974,0.782760551114047
"AMD1",0.00131078676365687,0.766390603459261,0.783235833885217
"TRAM1",0.00129763724476806,0.768666982302308,0.785424138737871
"NUDC",0.0012954927443809,0.769038417287896,0.785665544256856
"DHX15",0.00128255124656721,0.771281052549165,0.787679753543445
"TENT4B",0.00126896424647743,0.773637605315354,0.789947604021932
"P4HTM",0.00126348110947572,0.774589202615274,0.790780334726853
"RGS14",0.00121689727527696,0.782687344724925,0.798486720649686
"SRBD1",0.00120864484439137,0.784124435210487,0.799812428473737
"CUL3",0.00120293444277734,0.785119284420068,0.800686661001831
"MYO9A",0.00118042623181736,0.789044002994481,0.804406901491655
"WBP4",0.00117799856716947,0.789467632715485,0.80463963138425
"FXN",0.00117360786267279,0.790233972703152,0.805196327025021
"GTF3C3",0.0011296253745513,0.797921618615344,0.812408163243755
"DUSP11",0.00112911637346275,0.798010702676978,0.812408163243755
"EIF2AK4",0.00112479831085462,0.798766544582032,0.813035228916072
"PARN",0.00111000244372266,0.801357867598569,0.815530016894219
"TGS1",0.00107890538969162,0.806811249388895,0.820911017620126
"AK2",0.00107824110352695,0.806927846466583,0.820911017620126
"OST4",0.00106363066358095,0.809493385918213,0.823376891661998
"NUP58",0.00106043666842305,0.810054513547974,0.823803470295857
"ARHGEF6",0.00103713530264502,0.814151082331363,0.827824718423702
"EZH1",0.00102548728084023,0.816200813431209,0.829763709578832
"SMIM15",0.00101353668574059,0.818305096596,0.831466647100691
"LUC7L2",0.000961837264539805,0.827423329596709,0.84029082502465
"GTPBP4",0.000947598114940702,0.829938837116315,0.842551008090834
"MAT2A",0.000922102004099418,0.834447355986451,0.846536574095523
"TTF1",0.000919584465133559,0.834892834414559,0.846840689985587
"AMMECR1",0.000907565348714326,0.837020344519973,0.84885050468506
"PIGK",0.000905217425728489,0.837436091307997,0.849123964180404
"AK6",0.000899880214384415,0.838381320172549,0.849934106548553
"SLC30A5",0.000896201372444217,0.839032984976802,0.85038505105706
"UBLCP1",0.000895717159650421,0.839118765969071,0.85038505105706
"GNL1",0.000876492611506907,0.842526035711328,0.853540407800983
"PDCL",0.000872163865986045,0.843293651705982,0.85416917109013
"RNF114",0.000861651236513124,0.845158473668214,0.855759764627118
"RAD23B",0.000818744645433564,0.852778511309896,0.863324979573787
"H2AFJ",0.000783675793985668,0.859016851758228,0.869489018185096
"ARIH1",0.000761367022715009,0.86298993333479,0.87290245258298
"FTSJ3",0.000710711884642577,0.872024085450686,0.881733469839837
"GARS",0.000638454382840479,0.884939593299431,0.894132700782773
"PRR12",0.000615267833419319,0.88909067944568,0.89805266404906
"TMEM147",0.000609353108159232,0.890150083903394,0.89881033489342
"MRPL33",0.000603412726017033,0.891214281288773,0.899728574405133
"ZMYM6",0.00059786646943825,0.89220804949164,0.900575405287498
"MPHOSPH9",0.00057010702586604,0.897184449540523,0.905284031376653
"FBXO11",0.000515410917570904,0.907001411765892,0.91438268993855
"WDR70",0.000514607822378234,0.907145662454521,0.91438268993855
"WDR7",0.000512451121268011,0.907533060840439,0.914614556893468
"UBXN2A",0.000480316413799205,0.913307827143642,0.920115287113685
"CCAR1",0.000457873666326128,0.917343634944798,0.923700832692163
"IMMP1L",0.000448218028122237,0.919080639303783,0.925289567925444
"ZNF7",0.000394260803360136,0.928794170450006,0.934583053783836
"CTDP1",0.00037405984791724,0.93243361313948,0.937920415293641
"ANKRD13A",0.000367912032951973,0.933541499161353,0.938790944014284
"ELMSAN1",0.000345623293915714,0.937559174126728,0.942412283272277
"MTDH",0.000344787009674725,0.937709950819611,0.942412283272277
"FBXO34",0.000336311188545901,0.93923821218883,0.943785008513396
"PYM1",0.000325661489532322,0.941158758499838,0.945551375004504
"NR2C1",0.000315440716564529,0.943002275064231,0.947076070964802
"ORMDL1",0.000312594390829569,0.943515720433039,0.947428017822533
"ZNF281",0.000298495128593677,0.946059411776762,0.949818155337112
"POGLUT1",0.000293656617969926,0.946932470454152,0.950530486749487
"C11orf54",0.000292137857452188,0.947206528108601,0.950641398958243
"SNX27",0.000228849132494429,0.958632030661416,0.961610176424603
"HSF1",0.000200781581585403,0.963701922093395,0.966362244859699
"CEP290",0.000178152627318597,0.967790508667932,0.970294710432641
"CAAP1",0.000105812123665471,0.980866102685765,0.982726045304201
"NCAPD2",0.000104393330017346,0.981122613479524,0.982813621086348
"MRPL12",9.84337921894016e-05,0.982200089113124,0.983723404777784
"PHF20L1",9.50065932091856e-05,0.982819736456887,0.984004876535302
"AGL",8.97780091457561e-05,0.983765099200508,0.984781735541397
"PTBP2",6.88208323979946e-05,0.987554511478005,0.988404825333247
"KMT2A",5.43461272286433e-05,0.990171952254034,0.99085388886027
"ARID5A",3.33268899723223e-05,0.993973012420267,0.994315171804921
"IMMT",5.78554732436237e-06,0.998953705446324,0.999125612812602
"TNKS",3.56162485139436e-06,0.999355893377311,0.999355893377311
"MT1X",-4.437539400131e-05,0.991975009283171,0.992487304863795
"MAPK8",-9.66330225220174e-05,0.982525672086338,0.983879945927946
"ACSL3",-0.000112310233269224,0.979691302660805,0.981718250183551
"DBNL",-0.00014279064328143,0.974181347129096,0.976365233577221
"SKIL",-0.000166663880783113,0.969866619707906,0.972208484605442
"OXCT1",-0.000216528752339122,0.960857288870035,0.963676024661371
"PIK3C3",-0.000245799515428205,0.955571049977732,0.958705151470841
"ADNP2",-0.00026835539632004,0.951498825405183,0.954784387647604
"ARMC1",-0.000316212212475481,0.942863109890078,0.947076070964802
"CPNE1",-0.000350074514099716,0.936756685435709,0.941779943911493
"TC2N",-0.000367464784913738,0.933622101927488,0.938790944014284
"BOD1L1",-0.000389626456179823,0.929628974430696,0.935261138894098
"RPRD2",-0.000406893218745515,0.926519042162315,0.932455181480065
"ING4",-0.000437144209369429,0.92107324273213,0.927135034076747
"OTUD6B-AS1",-0.000471480137619333,0.914896565599074,0.921396437231297
"PMPCA",-0.000475061049800843,0.914252685978607,0.920907558216232
"MAP2K1",-0.000487908358495926,0.911943092505426,0.918899662559212
"ZNF224",-0.000542158996296668,0.902198745530663,0.909711850975748
"RRP7A",-0.000552783136427954,0.900292144552811,0.907946892962161
"CWC27",-0.000556596009023484,0.899608028700554,0.907414415620899
"COPS7B",-0.000561543646297709,0.898720421570775,0.906676460713304
"RPL26L1",-0.000592365867744332,0.893193804552862,0.901413855193825
"MRPS23",-0.00061410104288804,0.889299651230831,0.898107658202188
"HSD17B4",-0.000637803980082334,0.8850559923612,0.894132700782773
"LMBR1L",-0.000671627212551633,0.879006179149547,0.888329666704429
"TMEM161B",-0.000675799657450108,0.878260354108805,0.887730291840065
"SDAD1",-0.000682413614955077,0.877078329992355,0.886689729329547
"MAGOHB",-0.000721696752709298,0.870063515763527,0.879904150620779
"EIF3J",-0.000767086807250077,0.861970933505782,0.872023510101933
"FKBP3",-0.000773935767396837,0.860751069331235,0.870941019316354
"ZNF148",-0.000779930009230807,0.859683710968489,0.870012489665482
"HIBCH",-0.000865143789181763,0.844538837412915,0.855281359652181
"TMF1",-0.000886042517523211,0.840833081967651,0.851973827126218
"MRPS26",-0.000927793288181305,0.833440479481155,0.845662721149524
"NGDN",-0.000935849985639249,0.832015591937452,0.844364347885537
"CBFA2T2",-0.000938456322071985,0.831554759645058,0.844044055720761
"THAP6",-0.000951836098407353,0.829189965752294,0.841937819872875
"TSPAN3",-0.000964085895353564,0.82702624453957,0.84003434695281
"DGUOK",-0.000994359342407059,0.821684610270411,0.834754580473978
"BSDC1",-0.00101467694451115,0.818104260942405,0.831407932260406
"SART1",-0.00101965774431043,0.817227124595497,0.830661778270204
"AL390728.6",-0.00114632411289242,0.795000514077077,0.809627297672327
"FUBP3",-0.0011575479832384,0.79303873735368,0.807770967665543
"SUZ12",-0.00116065469550256,0.792495957967973,0.807359598196295
"NDUFA10",-0.00117753130705847,0.789549177182447,0.80463963138425
"AEBP2",-0.00118598912608864,0.788073508173416,0.803558461316473
"SLC30A9",-0.00123771588695124,0.779065264915147,0.794931060338278
"SLC12A9",-0.00125371442204295,0.776285047375083,0.792233309103421
"PAM16",-0.00125526560116117,0.776015635960838,0.792097449280715
"CARD19",-0.00128721670155945,0.770472353290727,0.786992147157417
"BRCC3",-0.00137406486433772,0.755464717713178,0.772477294044509
"SMIM30",-0.00138095659246708,0.754277664584491,0.771399223396985
"DESI1",-0.00143331637928745,0.745278185794245,0.762866645973257
"TCF20",-0.00146638787758157,0.739611705687577,0.757333198283333
"MRPL46",-0.00148491630121163,0.736443184516317,0.754487535414919
"PSEN1",-0.00152126723780232,0.730239907780235,0.748396110742149
"UNKL",-0.00153209811872725,0.728395007085121,0.746636998444219
"TYW5",-0.00153422082694808,0.728033615087409,0.746398195605578
"WDR82",-0.00154162084731179,0.72677423162872,0.745283991581348
"STK4",-0.0015438204979502,0.726400022936737,0.745117707961227
"PAXBP1",-0.00155361169110385,0.724735119890458,0.743672407627709
"ARMCX3",-0.00156149653160672,0.723395319746161,0.742428677090709
"LENG8",-0.00156493797921193,0.722810810805731,0.741959807912912
"CEBPZOS",-0.00160153937314534,0.716604353096992,0.735978883230203
"METTL26",-0.00162757635910788,0.712200628089877,0.731844068327151
"PDE12",-0.00165658367088577,0.707305805114806,0.727071336987487
"PPIH",-0.00167430173982974,0.704321904753606,0.724132126380322
"TMEM131",-0.00171105955212767,0.698146059496103,0.718672493409733
"ATAD1",-0.00174125942509713,0.693086934676189,0.713717445843021
"BTAF1",-0.00174346343636401,0.69271824760379,0.713464195476383
"ABHD14B",-0.00176435044282271,0.689227892088093,0.710120990749157
"STXBP5",-0.00176593138177465,0.688963974762711,0.709974932858312
"SF3A3",-0.00179423877467725,0.684244854571297,0.70548715536072
"METTL14",-0.0018008563735783,0.683143403337195,0.704476483356242
"PWWP3A",-0.00184050726324379,0.676557993102282,0.697933094765791
"CDK5RAP1",-0.00185068705047499,0.674871243054035,0.696316645593831
"MCL1",-0.00189308886629215,0.667863068322723,0.689575440236572
"PUM2",-0.0019016103720587,0.666458096755735,0.688247060828773
"NAGK",-0.00202391729259685,0.646423789273175,0.667795069899696
"NR1H2",-0.00204045678228751,0.643733725864198,0.665370872260843
"CABIN1",-0.00206879112051947,0.639136136198134,0.660736254639551
"GINM1",-0.00214367717827883,0.627051901963251,0.648936191989034
"PCNX4",-0.00215366526676039,0.625447584799483,0.647391159902867
"USP25",-0.00217454379098496,0.622099743166394,0.644270083264982
"DNAJC24",-0.00222162712996858,0.6145787092024,0.636821440164798
"MED1",-0.00222570951606188,0.613928483691129,0.636261117548653
"LEPROT",-0.00225953030932957,0.608553356851733,0.631140633480063
"STX2",-0.00232143927716736,0.598768911126583,0.62188079189916
"EXOSC7",-0.00240452785303689,0.585750483951022,0.609120681737361
"AKR1A1",-0.00241364790900353,0.584329579399306,0.607752955524117
"AGGF1",-0.00241430942080464,0.584226578287311,0.607752955524117
"SEPHS2",-0.00244530766967282,0.579409480069069,0.603067317005986
"NSRP1",-0.00250829319520643,0.569679429544997,0.593258707134119
"RBM33",-0.00252102507889961,0.567722111524184,0.591326328347412
"EEFSEC",-0.0025561051680967,0.562345840372211,0.585936540739206
"CD37",-0.00256936820869523,0.560319610548822,0.583929993994935
"SEC14L1",-0.00260039288733497,0.555593750699528,0.579108837709049
"FBH1",-0.00260719955905389,0.554559528055631,0.578134525033063
"CCNL2",-0.00265014416376594,0.548056213278989,0.571559790342272
"RPF1",-0.00266685183505393,0.545536309988335,0.569136067788943
"DIDO1",-0.00267156458128951,0.544826559624002,0.568599742240025
"CCDC25",-0.00267267832650586,0.544658894069824,0.568526848479493
"SNRPA1",-0.00270476669100756,0.539839280717239,0.563597251576898
"EIF5",-0.00271196126726299,0.538761605577834,0.56257320366841
"METTL17",-0.00273800195794311,0.534870011156386,0.558710371107282
"MAP3K12",-0.00278415310266464,0.528008058757135,0.551939359261954
"PAIP1",-0.00279572163996862,0.526295057435261,0.55064390167664
"ABCA5",-0.00280258086208974,0.525280726451665,0.54968159563145
"PIGBOS1",-0.00285153335965714,0.518070864461191,0.542625313434573
"ANKRA2",-0.00291501169112379,0.508798386820296,0.533201627154627
"SLC25A46",-0.00293529286936614,0.505854291962322,0.530211928743917
"CRTC2",-0.00293993738337394,0.505181340084717,0.529602083075825
"PURB",-0.0029406288447929,0.505081193358785,0.529592620566707
"ACSF3",-0.00294303837440871,0.504732294676567,0.529322283771239
"ZNF264",-0.00295821303427243,0.502537934148002,0.527116129447426
"BCL2A1",-0.00296972847878627,0.500876093896028,0.525467844354462
"IL27RA",-0.00297211845196924,0.500531552548267,0.525201188555792
"CPSF7",-0.00303587067249433,0.491387528904396,0.515699587936502
"REEP3",-0.00309689110054212,0.482720048448354,0.506786293638336
"RLF",-0.00309781764460288,0.482589083286452,0.506740334609008
"PLEKHM2",-0.00316062261690851,0.473756890877475,0.497825899435886
"MAP2K4",-0.00316381028345791,0.473310995059267,0.497447288116539
"GFM1",-0.00319823909795174,0.468509779983451,0.492490295037768
"TTC19",-0.00323633018016047,0.463229411601895,0.487115856745108
"CDKAL1",-0.00327046717436839,0.458525496193702,0.482256638414368
"ELF1",-0.00329551117053575,0.455091652956238,0.478818372009714
"NUDT16L1",-0.00332234893570395,0.451427989481566,0.475307875881678
"KRCC1",-0.00332897190626474,0.450526451381481,0.474506546688068
"IVD",-0.00336148592252649,0.446115368074406,0.470054843953671
"RGS1",-0.00336433776163935,0.445729643928012,0.469733579421506
"DYRK1A",-0.00345041974956224,0.434176426820383,0.457973392500919
"GALNT11",-0.00345166392542592,0.434010722207282,0.457881705839304
"ZNF644",-0.00345801427751126,0.433165524940088,0.457155988914435
"MAP7D3",-0.00351677024759153,0.425390710024124,0.449113679683961
"NDUFC1",-0.00351862980797718,0.425145983437192,0.448936856056861
"ANKRD49",-0.00356452184659494,0.41913248334766,0.442989269542935
"THUMPD1",-0.00359932174190834,0.414605987754379,0.438444323294842
"BACH1",-0.00362211932697851,0.41165639194148,0.435642197735594
"UBR4",-0.00366010093803362,0.406769999540939,0.430706364972115
"COP1",-0.00366666693089134,0.405928796561418,0.429893980614971
"MGMT",-0.00368368839570063,0.40375293246778,0.427979581160448
"ANKRD17",-0.00372748474313471,0.398186607645561,0.42223327196424
"HDLBP",-0.00381162244451511,0.387623640472329,0.411407706067418
"PIP4P1",-0.00381412228439218,0.387312436508136,0.411152489677678
"INO80D",-0.00384013909734013,0.384082665996106,0.40794745152949
"SH3GLB2",-0.00386749751002738,0.380704182949095,0.404506894204779
"LUC7L",-0.00391359641303923,0.375052886303431,0.398648020335687
"C11orf58",-0.00391835572078331,0.37447240633908,0.398103827628084
"ZNF654",-0.00393863205950987,0.372005586165101,0.395553689497177
"ANAPC1",-0.0039480063300363,0.370868525505242,0.394416810656261
"SSU72",-0.00394924129236929,0.37071889061476,0.394329830207355
"ITGAE",-0.00395279766658937,0.370288189998056,0.393943796498024
"LEMD3",-0.00397511190457021,0.367592885175646,0.391147903449442
"HNRNPH2",-0.00399372550933081,0.365353948271814,0.388836686935687
"BBX",-0.00407075338742339,0.356179459708956,0.379280875747243
"BLCAP",-0.0040926785669165,0.353594822673539,0.376666625619247
"SIRT1",-0.004123075195493,0.350031199752273,0.373007211763882
"FAM177A1",-0.00416609987406367,0.345026197424197,0.368011058805182
"RBM12",-0.0041817651790357,0.343215263718965,0.366146680017368
"ZC3H14",-0.00419947174797781,0.34117568189502,0.364037646993548
"DDX55",-0.0042131160111478,0.339609333101862,0.362432876237242
"PPP4R3B",-0.00421527951670921,0.339361388891444,0.362234782779995
"PRPF39",-0.00422595216016656,0.338139971658262,0.360997339323625
"AHCTF1",-0.00423389099481353,0.337233255089097,0.360095476497856
"METAP1",-0.00424467547063991,0.336004035813626,0.358848852655053
"ZNF267",-0.00426898415628781,0.333243910924564,0.356097372732775
"NDUFV3",-0.00433010753028299,0.326368523616091,0.348878767566069
"H2AFY",-0.00435808568891219,0.323252409446003,0.345611295750583
"RBM7",-0.00436115929131952,0.322911268014318,0.345310080901419
"SDHD",-0.0043626152783888,0.322749748890516,0.345200872387133
"MRPL38",-0.00441104258698139,0.317407519559197,0.339549512916999
"RBM4",-0.00442178212269785,0.316230692900331,0.338415169791332
"PRKX",-0.00442753540012957,0.315601434542014,0.337803966401139
"VPS50",-0.00443165639989153,0.315151210579471,0.337384202594932
"TLK2",-0.00443213073563021,0.315099415950124,0.337384202594932
"HNRNPD",-0.00444039893335956,0.314197476688376,0.336549158590645
"CUL5",-0.00456377636753673,0.300940654302552,0.322884822375195
"SMARCA4",-0.00461931678641161,0.295096288116527,0.316672752314117
"MRPL21",-0.0046718874984873,0.289634913092063,0.310869457966956
"TIA1",-0.00471790940862758,0.284910083251246,0.305911214457093
"TAF1",-0.00473574508612326,0.283093082655048,0.304016444270351
"TRAPPC12",-0.00475137199232022,0.281507565881397,0.302425503309183
"RBM48",-0.00476808803992391,0.279818226003214,0.30066620993357
"DSTYK",-0.00481378337621749,0.275235426321942,0.295851358938992
"IPO9",-0.00485879114374692,0.270771922795454,0.291322920267897
"CCSER2",-0.00491094497415667,0.265662092521456,0.285984086263142
"ZNF32",-0.00493320570029864,0.263501421805782,0.28376325060871
"DNAJC9",-0.00495250881458526,0.261637663506416,0.281808395162952
"SENP6",-0.0049620591493837,0.260718934500935,0.280870889215836
"COG2",-0.0050102093865184,0.256120948602559,0.276238688217742
"HERC4",-0.00511079931029611,0.246697910331267,0.266259657352892
"KLF12",-0.005137044624674,0.244279775934371,0.263747735041903
"ACYP2",-0.00515169512825062,0.242937200260987,0.262346898535276
"EHMT2",-0.00518784298219105,0.239646815499284,0.258841719323888
"RNF20",-0.00518873616793628,0.239565912346428,0.258802431702127
"ATXN2",-0.00520276219866835,0.238297984913214,0.257528428470733
"ALKBH5",-0.00522411355213099,0.236376968401843,0.255594965646793
"CARD8",-0.00523589026725201,0.235322095865086,0.254549045443492
"NSL1",-0.0052365092962886,0.235266740063775,0.254536540068998
"AP5M1",-0.00524023946707056,0.23493336989112,0.254270529945473
"FUBP1",-0.0052613903870727,0.233049409589832,0.252278481753791
"C12orf29",-0.00526329638649156,0.232880165694497,0.252142236031374
"PITHD1",-0.00528805266490069,0.230689840142091,0.249863837291434
"VPS13D",-0.00536752502483216,0.223757539849764,0.242536147259759
"THRA",-0.00540188602306523,0.220806853253261,0.239471810245932
"ISG20",-0.0054247152376967,0.218861925514734,0.23740677698612
"SLC35E2B",-0.00542753352115584,0.218622678638476,0.237235811845935
"AC009950.1",-0.00546506943006188,0.215454118379705,0.233928514108508
"RBM25",-0.00546748196774674,0.215251603534776,0.233752301895389
"PTOV1",-0.00549369835794679,0.213059768195563,0.231501845719314
"PPP1CB",-0.0054937922315752,0.213051948897546,0.231501845719314
"ARHGAP45",-0.00553730854742219,0.20944948807395,0.227791995637312
"HDAC2",-0.00555987400024681,0.207598889039171,0.225821587702725
"PGPEP1",-0.00559111106992713,0.205056743054589,0.22322341086969
"ATP8A1",-0.00560217000694844,0.204162187349969,0.222332889802889
"TRIAP1",-0.00562220965490799,0.202548423640348,0.22074094097088
"PARG",-0.00563629800206904,0.201419486222559,0.219592957029735
"TET2",-0.00565049409388467,0.200286563754151,0.218398782089892
"EIF4E",-0.00571370299096933,0.195298613280732,0.213079695961632
"CELF1",-0.00580533113340625,0.188230650519823,0.205638447522784
"PHYKPL",-0.00581363830177842,0.187599309341873,0.20498725059127
"GORASP2",-0.00588689503774456,0.182099371255659,0.199164762088425
"BCCIP",-0.00593776246398375,0.178351329976923,0.195249186254639
"HSPA8",-0.00602058242470233,0.17237223153843,0.188774714471708
"CBFB",-0.00604991931086792,0.1702906476574,0.186530200562534
"NDUFAF3",-0.00607334400089757,0.16864213060385,0.184898710256475
"POU2F1",-0.00607362924744845,0.168622130388791,0.184898710256475
"PLPBP",-0.00613132492000139,0.16461325539211,0.180617753509335
"SIN3A",-0.00613337013753137,0.164472476028265,0.180497362287816
"EXOC3",-0.00616393564455847,0.162379337252973,0.178334978857573
"NDUFA4",-0.00617351125782899,0.16172774726536,0.177686515521034
"RFX7",-0.00618076793578963,0.161235269655391,0.177178935004184
"EGLN2",-0.00620384698498498,0.159676528606551,0.175499240594039
"IFT57",-0.00622179725661089,0.158472080998889,0.174208385618601
"RAD23A",-0.00622932778516137,0.157968842035644,0.173688026846607
"GGCT",-0.00623073237536231,0.157875112252757,0.173617815026116
"CRTAP",-0.00624563696550131,0.156883106977874,0.172559541588835
"XRRA1",-0.00626457284033225,0.155629615900681,0.171245612952435
"LIN7C",-0.00628700189009438,0.154154739376983,0.169686997208148
"RIOK1",-0.00631648583527023,0.152232140212193,0.167687616418432
"ZNF195",-0.00638601197338249,0.147770778532166,0.162999385999041
"EXOC1",-0.00638794616081223,0.147648109297543,0.162917623139121
"DNAJB9",-0.00641006821675512,0.146250623425357,0.16144513263973
"MFF",-0.00644083357770084,0.14432398049819,0.159469767044768
"TXNL1",-0.00648273515703105,0.141731312265517,0.156664584801671
"SURF2",-0.00648854632061343,0.14137458849617,0.156300001586407
"CWF19L1",-0.00656713529777928,0.136617831476315,0.151184850826417
"NTPCR",-0.00659790525405026,0.134789422880542,0.149303626030438
"BRD8",-0.00660046059165337,0.13463843457452,0.149164807805397
"HSPA9",-0.0066282772373118,0.133003267448773,0.147465660132062
"DLST",-0.00664060753001323,0.132283382354378,0.146723476764055
"C2CD5",-0.00670840717686367,0.128378804926375,0.142447043572373
"THOC1",-0.00671541665321536,0.127980293400839,0.142059103370068
"SLC16A1-AS1",-0.00674950574648661,0.126055916653997,0.139976497438485
"ACOT13",-0.00683223987245991,0.121479195785503,0.13494592620515
"PIM3",-0.00683364475623251,0.121402617169842,0.134886639455385
"SMYD3",-0.00689650795284279,0.11801450085613,0.131271220322266
"SHPRH",-0.0069434027355536,0.115535682694918,0.128564692288505
"UPF3B",-0.00694454899997301,0.115475608650649,0.128522450685096
"CD84",-0.00698989229864584,0.113118874233993,0.125923558139814
"AP2A2",-0.0070122561839616,0.111970542665719,0.124669117619379
"GTF2F1",-0.00703476103863117,0.11082427435569,0.123416494070756
"ANKRD36",-0.00705466526951272,0.109818206157198,0.122366452106141
"AGFG1",-0.00708307365771539,0.108394809850132,0.120849920362357
"NBAS",-0.00709426030925141,0.10783832729759,0.120298725192628
"ZNF292",-0.00710966421789718,0.107075760683514,0.11949391726048
"NAA20",-0.00711210017160809,0.106955561579499,0.119382700960255
"GARS-DT",-0.00713520729959751,0.105820679188265,0.118138645301997
"UFM1",-0.00717280351677648,0.103994615246423,0.116233981502348
"MTFP1",-0.00720041674319763,0.102669444469578,0.114797001011387
"ZNF827",-0.00720598644119193,0.102403787154848,0.11452199556359
"BANP",-0.00726358089260301,0.0996886669148136,0.111549967675952
"TSR2",-0.00730287395714771,0.0978694872829056,0.109556521588645
"INTS8",-0.00730507347095884,0.0977684439179634,0.109464495482798
"ANKRD10",-0.00731373140189032,0.0973715172121664,0.109041090180561
"DNAJC2",-0.00732581877241488,0.0968195219843046,0.108443835377294
"DCAF10",-0.00733020828920892,0.0966196859695925,0.108240866394617
"GNL3L",-0.00737083174038024,0.0947858897621996,0.10624794431975
"ADNP",-0.00738248337534339,0.0942650976910764,0.105725346927931
"STAT5B",-0.00738357423551854,0.0942164572749137,0.105691188898243
"METTL23",-0.00740815418792131,0.0931257855594216,0.104508025810264
"TIMM10B",-0.00742438185093829,0.0924112944249016,0.103746270658205
"SMAP1",-0.00743204874239167,0.0920752618966481,0.103388991913315
"RANBP1",-0.00745876399456622,0.0909120203202861,0.102122277174624
"SLC30A7",-0.00751536401122061,0.08848657202917,0.0994746531206066
"CBR1",-0.00752229777936601,0.0881930630833417,0.0991638774696038
"SMCHD1",-0.00764247929986865,0.083229329843048,0.0937277397883733
"SMU1",-0.00767223574074613,0.0820359425704443,0.0924017244611284
"CCT6A",-0.00768979553536756,0.0813382396529725,0.0916336206363784
"EPRS",-0.00769205686819579,0.0812487412113016,0.0915505397285934
"PDXK",-0.00769446882562467,0.0811533694949732,0.0914608073501617
"PET117",-0.00769592599398477,0.0810957953398123,0.0914136467251725
"AK3",-0.00770332466196482,0.0808039780551955,0.0911023706026762
"TTC14",-0.00771632729057635,0.0802931964051496,0.0905792037086043
"ISCA2",-0.00773391634848015,0.0796064234828757,0.0898567747683965
"RPA1",-0.00773649990882016,0.0795059505732423,0.089760797344927
"MRPS5",-0.00776495462551579,0.0784061723887455,0.0885363656350085
"ICE1",-0.00784022180605242,0.0755566792879384,0.0853684720104001
"R3HDM2",-0.00790596933482917,0.0731372729274755,0.0826991887654645
"ATG14",-0.00799915174143328,0.0698172347452108,0.0789911949268377
"CWC22",-0.00805811341878964,0.067781103787137,0.0768071310607994
"GOSR1",-0.00808998730044248,0.0667008976174681,0.0756273150512534
"SAMHD1",-0.00811442373319968,0.065882380717243,0.0747284146621031
"GIMAP7",-0.00812266236872403,0.0656082942818992,0.0744465846088243
"SNRNP48",-0.0081503203143695,0.0646950247754592,0.0734389617177674
"C6orf226",-0.00823122797637973,0.0620834985316938,0.0705295726087186
"GPATCH2",-0.00826762965041666,0.0609373086397627,0.0692545244063943
"GMPR2",-0.00835140214008167,0.0583660240364487,0.0664232096533855
"TXN2",-0.00836695574519007,0.0578986887570721,0.0659042653850574
"PAFAH1B3",-0.00836998655514079,0.0578079857721054,0.0658139105401522
"PNPLA2",-0.00838600998408,0.0573304135792529,0.0652957796830527
"EIF2S2",-0.00839398501124906,0.0570939465248173,0.0650519539702486
"RSAD1",-0.00839972410405106,0.0569242794841569,0.0648713553650823
"DNAJA2",-0.00841288193792358,0.056536872187687,0.0644551394968295
"FAM98B",-0.00843846131146061,0.0557900151557859,0.0636161601109334
"UCHL3",-0.00847040872891905,0.0548687860548208,0.0625902619333893
"PMS2",-0.00847322076447224,0.0547883096887984,0.0625107294682561
"SEC63",-0.00848043194097836,0.0545823860571058,0.062300241116241
"TMX2",-0.0084940724985897,0.0541946292775511,0.0618698065922465
"POLR2M",-0.00850488163028041,0.0538889955801724,0.0615450662825628
"EID2",-0.00866052530231901,0.049645304119016,0.0568436776082981
"CAMLG",-0.00872385797037782,0.0480006010145479,0.0550472559385462
"SLC33A1",-0.00874538514773304,0.0474520863046053,0.0544504492798354
"ARFGEF1",-0.00874736115671478,0.0474020025295385,0.0544037201227642
"KRIT1",-0.0087676016823709,0.0468915423534321,0.053839123697777
"RRP8",-0.00877159418062165,0.0467914007503078,0.0537453796760453
"ATPAF1",-0.00877885550832604,0.0466097301828419,0.0535472923152159
"CUL4B",-0.00878192691374109,0.0465330657876492,0.0534697861521979
"OSBP",-0.00889926074334873,0.0436828115438129,0.0502244313932029
"PPM1B",-0.0089138712045915,0.0433384422184598,0.049848214164593
"ECI2",-0.00891656691237718,0.0432751555367471,0.0497852739468675
"POM121C",-0.00892621471469921,0.0430492951602873,0.049545050192394
"NFU1",-0.00898005106651081,0.041807169091642,0.0481631846899154
"RBM14",-0.00908360153827886,0.0395032023308355,0.0455450529551311
"TCTN3",-0.0091147987086489,0.0388305625719341,0.0447873049549674
"TRPM7",-0.00922021500548433,0.0366292264232285,0.0423238695768994
"TMEM134",-0.00923068791343595,0.0364164507568187,0.0420863813479082
"NPC2",-0.00923587616693512,0.0363114329245436,0.0419817084060965
"CLINT1",-0.00928605986448794,0.0353088967238361,0.0408388672157086
"MIA3",-0.00931536980757361,0.034734361796931,0.0401903465585831
"YME1L1",-0.00934100845028737,0.0342383569610745,0.0396243191273925
"LAS1L",-0.00943565519557648,0.0324593991764539,0.0376104521558114
"WDR61",-0.00944908940483205,0.0322134244806387,0.0373328859584192
"MCTS1",-0.00946228789665074,0.0319733228566415,0.0370694100225015
"B3GNT2",-0.00947833955994949,0.0316833862061366,0.0367405907083133
"COA4",-0.00948009997431182,0.0316517259567799,0.0367184455007244
"PIAS1",-0.00949448197438727,0.0313940869794281,0.0364269182520335
"MRFAP1",-0.00955001472083405,0.0304160897992997,0.035299184088165
"RIOK2",-0.00958443241586266,0.0298231842161264,0.03463183749533
"NEMF",-0.00959283190956499,0.0296800057086913,0.0344724606672489
"FAM217B",-0.00961268049044786,0.0293440118971253,0.0340958410927813
"NGLY1",-0.00961758850258777,0.0292614362011941,0.0340066921018477
"VDAC2",-0.00966675087840467,0.0284452680974096,0.0330780108407652
"DHX40",-0.0096822604862896,0.0281918886228872,0.0327964885260649
"MRPS16",-0.00969040163239183,0.0280596673566599,0.0326492065419234
"COPS2",-0.00970099865825677,0.0278883607858477,0.0324563782313469
"ARFRP1",-0.00972957058023302,0.0274309663489794,0.0319304579251489
"RNASEH1",-0.00974221133385951,0.0272306804447671,0.0317100209867735
"USP9X",-0.00979961955925869,0.0263368796542928,0.0306876392443364
"S1PR1",-0.00983454453778547,0.0258056204640811,0.0300867133675505
"ECHDC2",-0.00983527242576538,0.0257946475488396,0.0300799541640963
"NGRN",-0.00985518777081883,0.025495985131896,0.0297436101137253
"C5orf24",-0.0099895507030463,0.0235581046626717,0.0275381545252309
"ZNF254",-0.0100193397982785,0.023146202851355,0.0270675515034357
"CMC4",-0.0100780030417856,0.0223533033806591,0.0261561101768454
"STAT6",-0.0101315172087407,0.0216507040401763,0.0253544009432812
"SRP72",-0.0101501400782562,0.0214107495378017,0.0250784514940959
"CDKN2AIPNL",-0.0101636932482285,0.0212375768488046,0.0248956830668117
"EEF1E1",-0.0101773144939405,0.021064764798345,0.0247030696142012
"EIF2B5",-0.0101929987716706,0.0208672978698288,0.0244863184371986
"SSBP1",-0.0103074092118061,0.0194750449614084,0.0228803236943007
"GAPVD1",-0.0103451107256364,0.0190343843774962,0.0223671334415705
"ANXA7",-0.0103828088042269,0.0186025050288033,0.0218684788081321
"MZT2B",-0.0104511155224028,0.0178417719086556,0.0209826746930608
"ZNF518A",-0.0104637956966264,0.0177035920850644,0.0208285986231567
"RABGGTB",-0.0104751796020935,0.0175803379718545,0.0206877757222957
"PMM2",-0.0104980662406091,0.0173348175170072,0.0204112559580319
"HMBOX1",-0.0105008917603876,0.0173047157648996,0.0203799408359871
"POLR2D",-0.0105147337799801,0.0171579108790726,0.0202152398194142
"TRIP11",-0.0107008617437002,0.0152874370016588,0.0180370653377266
"AQR",-0.0107474548122271,0.0148482752607219,0.0175402796372593
"CHM",-0.0107711993072123,0.0146287778103503,0.017284500230485
"FNTA",-0.0107789223446492,0.0145580040412008,0.0172043756582877
"TMED4",-0.010787337473244,0.0144812317940994,0.0171171281650001
"THAP9-AS1",-0.0107990767455798,0.0143747294373401,0.0169981541179696
"NKAPD1",-0.0108408014853613,0.0140017599595484,0.0165739773696324
"HLTF",-0.0108486750257815,0.0139323458370806,0.0164951709116139
"SZT2",-0.0108521072762007,0.0139021818838383,0.0164628119618721
"CHMP2B",-0.010890852307858,0.0135656535263851,0.0160675725077135
"USP36",-0.0109658308819712,0.0129347933646104,0.0153485134820571
"ECHDC1",-0.0110102429716626,0.012573480391284,0.0149319714005196
"SPPL3",-0.0110118507915395,0.0125605693061386,0.0149196870646388
"CNBP",-0.0110678871756931,0.0121178584654066,0.0144026571372071
"GATA3",-0.0110803123822589,0.0120215878557455,0.0142911574182027
"UQCC2",-0.0110858983912394,0.0119785287567466,0.0142428823924328
"KRR1",-0.0111451370639995,0.0115302392239348,0.013715462621676
"SLC35E3",-0.0111743216803115,0.0113149081424788,0.0134648333587401
"ZNHIT3",-0.0111750843491353,0.0113093291811445,0.0134609504814277
"PRRC1",-0.0111959193690748,0.0111578616577123,0.0132833863077886
"SCAMP1-AS1",-0.0112271479322132,0.0109342081954137,0.0130197947207016
"PJA2",-0.0112489888170112,0.0107801639916823,0.0128468962722283
"CLOCK",-0.0112647211707726,0.0106704017899816,0.0127213077340252
"TAF15",-0.0112686731345967,0.0106429861961752,0.0126912260509172
"ADI1",-0.0112748553995611,0.010600224169895,0.0126428284168745
"HEXD",-0.0113293549519877,0.0102298186917966,0.0122085639089778
"DDX19A",-0.0113326221427938,0.0102079838379854,0.012186352001399
"CASP2",-0.0113342606271897,0.0101970493655993,0.0121769572452975
"GPALPP1",-0.0113532082853829,0.0100713570446868,0.0120342777844818
"DCAF8",-0.0114010237933568,0.00976027839443923,0.0116649677212586
"ARGLU1",-0.0114044749461831,0.00973816074385868,0.0116409276518525
"PRPF19",-0.0114140845656088,0.00967681006389426,0.011569969160945
"NUP107",-0.0114765672307172,0.00928623735497929,0.0111121291964463
"WIPI2",-0.0114972288457382,0.00916021374666895,0.0109658418734583
"NLRP1",-0.0115022059130137,0.00913008567079614,0.0109320267652796
"PRDX3",-0.0115216544289493,0.00901320281778298,0.0107965240677977
"MIATNB",-0.0115220479718213,0.00901085153526941,0.010795932616571
"DUSP1",-0.0115631953029224,0.0087680122865283,0.010513655335115
"ZNF451",-0.0115836618768449,0.00864941621195572,0.0103757290038982
"CDK12",-0.0116113740505486,0.00849112009380019,0.0101900454233258
"BAG5",-0.0116172443485662,0.00845792244133892,0.0101523017821276
"SLC25A5",-0.0116259865616914,0.0084086986813897,0.0100973877554209
"OLA1",-0.0116281510608432,0.00839655092924858,0.0100848840671198
"TAZ",-0.0116587130026348,0.0082266967210439,0.00988496203074367
"ENOPH1",-0.0116598827620447,0.00822025707680442,0.00987926677634146
"TRRAP",-0.0116668760089378,0.00818185254989156,0.00983717977243893
"SPECC1L",-0.011678546307883,0.00811812071218003,0.00976459386986555
"PARL",-0.0116998687772701,0.00800282476187687,0.00963388929495203
"POLR2H",-0.0117054794039748,0.00797273137450455,0.00959965086981986
"DDX27",-0.0117253399521436,0.0078670190721729,0.00948022285869145
"CBX7",-0.0117865371925337,0.00754913261023041,0.0091047019569743
"DDX10",-0.0117938954278177,0.00751169672112269,0.00906143240829496
"SAFB",-0.0118171585926055,0.00739443521533561,0.00892368302980286
"RBMX2",-0.0118272984410551,0.0073438395955157,0.0088644643258852
"ADAT1",-0.0118426232910252,0.0072679612456305,0.00877651999991782
"TBL1X",-0.0118531128999605,0.00721643009938004,0.00871610385236841
"FCF1",-0.0118766063736974,0.00710220408307289,0.00858349139755035
"HMCES",-0.0119161893264762,0.00691341750913529,0.0083605456852048
"MKLN1",-0.0119432591535466,0.00678691924201828,0.00820927671896154
"SLC25A26",-0.011955098460621,0.00673225051821051,0.00814484596416309
"SFPQ",-0.0120565522677821,0.0062797678765885,0.00760375227056925
"KHDRBS1",-0.0120984418243766,0.00610106531066215,0.00739199324277015
"GABPB2",-0.0121157878470086,0.00602841716673158,0.00730549636635612
"TMEM219",-0.0121393762659039,0.00593087531703047,0.0071902893914437
"FAF1",-0.0121662626177506,0.00582143221540324,0.00706202547191059
"TAF3",-0.0121782675886048,0.00577315561747986,0.00700492284943486
"ARMC10",-0.0122296947013805,0.00557040717564462,0.00676173903609995
"TYW3",-0.0122427000641191,0.00552016274951853,0.00670214871531266
"DNAJB1",-0.0122811025177355,0.00537417814497316,0.00652899736174414
"DICER1",-0.0123088372950408,0.00527092382334732,0.00640757357483677
"BLMH",-0.0123224706229753,0.00522082790530926,0.00634933077749685
"RBM17",-0.0123397700796798,0.00515788009323829,0.00627540278457211
"MT1F",-0.0123434137589009,0.00514470954179252,0.00626068924976929
"UTP3",-0.0123802238581191,0.00501334912746912,0.00610211206886922
"MTLN",-0.0124479928267124,0.00477941414587965,0.00582347065321856
"REXO2",-0.0124494038874175,0.00477464999638479,0.00582000879818663
"KLHDC2",-0.0124848987527096,0.00465621400266985,0.00567931076254295
"CCDC91",-0.0124951966010599,0.00462235440996987,0.00563919475876257
"MIGA1",-0.0125095944860525,0.00457538755232699,0.00558424033055953
"RALGAPA1",-0.0125280867433786,0.00451569876338246,0.00551254803881094
"PPHLN1",-0.0125558416812714,0.00442743540066599,0.00540934508065392
"HDAC4",-0.0125911861795831,0.0043173006074865,0.00527700339236836
"OXR1",-0.0126257625947043,0.00421196868844172,0.00515150715850659
"PUS7L",-0.0126668463107078,0.00408984673012229,0.00500319705229863
"EMG1",-0.0126770800300015,0.00405993104844998,0.00496973868020035
"ERP29",-0.0126870205165007,0.00403106285566286,0.00493648068207175
"TNPO1",-0.0127253142817316,0.00392158710683755,0.00480444019075461
"QARS",-0.0127676631481277,0.00380366815917306,0.00466587575793876
"NOL4L",-0.0127777645093685,0.0037760214571801,0.00463391822405632
"IFRD1",-0.0128821926752758,0.00350072654893271,0.00430061777687527
"UBR3",-0.012919130362197,0.00340781011659564,0.0041882411498528
"GTF2H1",-0.0129260260720542,0.00339071476389552,0.00416811214208138
"UBE2R2",-0.0129663157838285,0.00329238272795945,0.00405151988458614
"DCP2",-0.0130322902203741,0.00313695961713974,0.00386189563541965
"TEFM",-0.0130625346975493,0.00306797051374951,0.00377856423520071
"NEPRO",-0.0131042236306085,0.00297514331434181,0.00366579032074509
"DDX39B",-0.0131236378718148,0.00293279509479604,0.00361591113511977
"PHF20",-0.0131456902072428,0.00288536017605265,0.00355893746672708
"GATAD1",-0.0131463185836239,0.00288401884906481,0.00355803811308952
"TP53",-0.0131571109792041,0.00286107015184625,0.00353047552495337
"IQCB1",-0.0131695784697779,0.00283476717321723,0.00349950442029281
"ZBTB4",-0.0132069740159439,0.00275719163433121,0.00340446096850075
"PTAR1",-0.0132246670905579,0.00272116814562482,0.00336069470088641
"BANF1",-0.0132283591948548,0.00271370538282882,0.00335219036875687
"DDX56",-0.0132693375520554,0.00263212326233043,0.00325348796271044
"EPM2AIP1",-0.0132882363058188,0.00259525924252817,0.00320928653565398
"HIST1H2AC",-0.0133299537686467,0.00251555030751245,0.00311270563918722
"IPO5",-0.0133569508464079,0.00246516760255893,0.00305101237352481
"XPA",-0.0133636872634005,0.00245274069101989,0.00303692562765394
"MMGT1",-0.0133654314840516,0.00244953242049586,0.00303359949454974
"REV3L",-0.0136188551506393,0.0020221811702928,0.00251506889829697
"UBXN1",-0.0136298843466544,0.00200523860435179,0.00249453055832461
"C2orf68",-0.0136417597504065,0.00198714185247461,0.00247254730177316
"BCL2L13",-0.0136428595332441,0.00198547351631913,0.00247100044472094
"ITPR1",-0.0136557805563696,0.00196596877648389,0.00244777432067788
"LYRM1",-0.0136728061605034,0.00194053659076357,0.00241662709781827
"MED17",-0.0137537374782973,0.00182372467436559,0.00227317622417903
"RASA2",-0.0137735138638219,0.00179618042931073,0.00223973410322978
"GOPC",-0.0138727998945794,0.00166358571587488,0.00207662375014278
"IARS",-0.0138965055051885,0.00163328856844597,0.00203968052423893
"AVL9",-0.0139014683663235,0.00162701037436709,0.00203227687423631
"CCDC59",-0.0139600739330907,0.00155453330229733,0.00194299947375313
"TPRKB",-0.0139616503900761,0.00155262542274653,0.00194103225575453
"ASXL1",-0.0139957803707703,0.00151184523982006,0.00189045708559255
"TRIM24",-0.0141617054145761,0.00132728563382915,0.00166039261812635
"CDYL",-0.0141641441169636,0.00132473515198567,0.0016579157414601
"UBXN11",-0.014180420820576,0.00130782787426049,0.00163746135398578
"BLOC1S6",-0.0143021467618488,0.00118756192777417,0.00148848607380278
"DUS1L",-0.014336932150105,0.00115512052164614,0.00144969995072498
"NMD3",-0.0143760569760729,0.00111961187043145,0.00140635059238115
"TOPORS",-0.0144199421121934,0.00108098524604083,0.00135871242430565
"SNRNP70",-0.0144656331819709,0.00104208165764861,0.00131038048339544
"AKAP11",-0.0145545301948956,0.000970077138610261,0.00122195239046442
"DTWD1",-0.0145968806003749,0.000937420027578544,0.00118261020192891
"MZT2A",-0.0145985919644483,0.000936122027031748,0.00118122909707089
"WDR33",-0.0146723681056246,0.00088172339804136,0.00111282874905893
"CMTM7",-0.014703692327108,0.000859525218072165,0.00108528363402899
"EI24",-0.0147050378484403,0.000858583412098216,0.00108433002849084
"CACUL1",-0.0147297164346934,0.000841478326002771,0.00106315972021065
"GTF2F2",-0.0147357254402451,0.000837361521022633,0.0010582181257194
"RAN",-0.014740793102982,0.000833904164775669,0.00105430737560935
"NOL8",-0.0147643141565814,0.000818029862888371,0.00103446248109382
"METTL9",-0.0147880005507295,0.000802327676943712,0.00101526855179553
"LINC00342",-0.0149016369173351,0.000730811496248278,0.00092699179751091
"SEC22B",-0.0149089296511079,0.000726430397464341,0.000921635771679274
"FAM136A",-0.0149090614172654,0.000726351464005713,0.000921635771679274
"GGPS1",-0.0149161139726925,0.000722138294062345,0.00091679068700095
"AASDH",-0.0149367803017513,0.000709922684221694,0.000901479274786211
"CSPP1",-0.0149421707293369,0.000706768190832355,0.000897669738880605
"LIX1L",-0.0149447935081476,0.000705238048097567,0.000895922084271707
"CNOT11",-0.014970677108422,0.000690301641616331,0.000877330667193115
"CDK5RAP3",-0.0149735925702744,0.00068863779377158,0.000875407449125202
"RANBP2",-0.0149799484985727,0.000685023391669238,0.000871003271140147
"UBAP2",-0.0149981312216573,0.000674780632296516,0.000858355227600646
"ECE1",-0.0150561765072923,0.000643027247154369,0.000818500735974856
"RABGAP1",-0.0150784225127101,0.000631230388660241,0.000804012934230402
"CTC1",-0.0150832936648241,0.000628674273532308,0.000800932678160845
"TMEM256",-0.0150907378352176,0.0006247865746285,0.000796154258219874
"PEX26",-0.0151107268715006,0.000614457737169599,0.000783507759637935
"HNRNPC",-0.0151245837735155,0.000607391019810541,0.000775006938998653
"GID8",-0.0151315794721317,0.000603852166174826,0.000770829956030768
"HSD17B11",-0.0151462753053191,0.000596480517572571,0.00076158716347359
"RNF145",-0.0151815314725423,0.000579135645621481,0.000740091550649087
"ZFC3H1",-0.0152106436406144,0.000565168613053867,0.00072256048813662
"MPLKIP",-0.0152646141995277,0.00054010168453561,0.000691120869775641
"OSBPL9",-0.0152869857889655,0.00053001796793245,0.000678799992793495
"CACYBP",-0.0153101469516557,0.000519763387764764,0.000665975487144798
"PRPS1",-0.0153214389926397,0.000514831180550683,0.000660092393858498
"ZNF567",-0.0153507593357142,0.000502227408942173,0.000644216663158664
"NUCKS1",-0.0153729334421321,0.000492887239411716,0.000632654733979879
"FBXO25",-0.0153945240502306,0.000483948704002285,0.000621318724908611
"SETDB2",-0.0154014621816679,0.000481108559534554,0.000617808870529127
"LTV1",-0.0154112368715958,0.000477133632265433,0.00061283992723242
"OAZ2",-0.015451839773571,0.000460947899908339,0.000592443430841943
"NPIPB5",-0.0154905885545428,0.000445980333567947,0.000573459667853298
"MTA1",-0.0155094271956241,0.000438868521366809,0.000564564817659118
"CENPK",-0.0155127510126384,0.000437624780654384,0.000563089489741705
"CAMK1D",-0.0155311210081993,0.000430810039921093,0.000554566545298204
"BRWD1",-0.0155340992962508,0.000429714558906729,0.000553278913683187
"PDS5A",-0.0155512886483757,0.000423442584673385,0.000545445102420592
"ZSCAN16-AS1",-0.0155595152337765,0.000420471244417772,0.000541857843138822
"BCLAF1",-0.0155644519312512,0.000418697530248888,0.000539691737814712
"ZNF585A",-0.0156714561255366,0.000381927160104466,0.00049295151110974
"TBC1D10A",-0.0157391725798885,0.000360240859936221,0.000465477963083441
"UBE3A",-0.0157683403349826,0.000351259346049369,0.000453973608903476
"HNRNPH3",-0.0158016721018471,0.000341252191141191,0.000441334609459857
"MCFD2",-0.0158199272216679,0.000335885148847889,0.000434490203673254
"AP3M2",-0.0158289581147039,0.000333259344079607,0.000431381583026876
"GOLGA3",-0.015831999249725,0.000332379441341871,0.000430338452456884
"PRMT1",-0.0158475566006566,0.000327912080556745,0.000425027879615477
"CUTA",-0.0158958264459094,0.000314406222128816,0.000408159250170355
"DALRD3",-0.0159216024980365,0.000307409162861313,0.000399343329134991
"TMEM71",-0.0159435000285632,0.000301579770249147,0.000391858176769068
"SNAPC5",-0.0159767790541432,0.000292918367992298,0.000380859408226227
"CYHR1",-0.0159892053114189,0.000289744404181505,0.000376816844283488
"MRPL32",-0.0160861321893964,0.000266070201534825,0.000346493392632849
"SNRPF",-0.0160905127572701,0.000265044319643645,0.000345234779419288
"NME3",-0.0160990299014187,0.000263060301021845,0.000342804141152234
"TRIM56",-0.0161002071274711,0.000262787170937641,0.000342525014014257
"CCS",-0.0161044644188423,0.000261801647657027,0.00034131699779781
"USP15",-0.0161066043511853,0.000261307582895331,0.000340825779126495
"YBX1",-0.0161648185923721,0.000248197793762413,0.000324017425280131
"COG5",-0.0161978041224941,0.00024104591380052,0.000314822213709803
"HIST1H1D",-0.0162255286514373,0.000235184727811898,0.000307305224380114
"AIDA",-0.0162443807908938,0.000231275907431385,0.000302265701369735
"H1FX",-0.0162636731469075,0.000227338988418409,0.000297187179641878
"METTL2B",-0.0162742615056731,0.000225205083928963,0.000294530141268032
"CNOT10",-0.01638383871481,0.000204198631506471,0.000267599198718289
"ATXN3",-0.0164583238118402,0.000190985827936732,0.000250396939311592
"TMEM101",-0.0164640738808687,0.000189999972658144,0.000249160613964155
"MAVS",-0.0164974933682221,0.000184364192608353,0.000241988411797595
"GPANK1",-0.0165424403611964,0.000177031941417319,0.000232469417875612
"ZNF326",-0.016603574657936,0.000167498344509103,0.000220398546136949
"IKBKE",-0.0166124825924779,0.000166150195622601,0.000218674125217064
"DFFA",-0.0166341455142571,0.000162914149468944,0.00021465813573192
"RPRD1A",-0.0166376891156362,0.000162390477143704,0.000214016656045172
"PDK3",-0.0166450871102797,0.000161302304329142,0.000212678991098224
"PTGER2",-0.0166798047294151,0.000156286708278033,0.000206159407288227
"EEF1AKMT2",-0.0167068188270086,0.000152485960208561,0.000201237148213478
"STK17A",-0.0167387831240894,0.00014810113999596,0.000195628142194663
"MRPL24",-0.0168039141872344,0.000139531336366812,0.000184643926904351
"UBAP2L",-0.0168296961830969,0.000136269833031301,0.000180451189240811
"NME1",-0.0168732976988932,0.00013091697982453,0.000173481415125438
"CCDC84",-0.0169365792039805,0.000123499478071557,0.000163839070201298
"ZNF160",-0.0169451728300632,0.000122523286998612,0.000162655400647769
"RBBP6",-0.0169744855676304,0.000119247955971278,0.000158379597830226
"GTF2H5",-0.0169934478759879,0.000117173323069986,0.000155659737984631
"PUM1",-0.0170347292880473,0.000112773910371331,0.000150021049914895
"ATP2B1",-0.0170606188253196,0.000110094828338737,0.000146624918035
"CHD1",-0.0170814796680327,0.000107979921421754,0.000143841233853594
"MGA",-0.0170973441164026,0.000106397280042756,0.000141765472629183
"NUP98",-0.0171303359449079,0.000103175828105381,0.000137599337528333
"MALSU1",-0.0171850841424735,9.80322727038797e-05,0.000130859799943718
"ZNF330",-0.0172273304776258,9.42297619866402e-05,0.000125928575917763
"SNHG30",-0.0172330713420696,9.37239190146658e-05,0.000125339028373962
"LARP4",-0.017252093822644,9.20660618517633e-05,0.000123178626031871
"NAE1",-0.0173132672357449,8.69204159152887e-05,0.000116454923305592
"SETD5",-0.0173384374943637,8.48831338003213e-05,0.000113804100034018
"UBE2B",-0.0174131366647303,7.90993747246531e-05,0.000106074196100527
"CDK4",-0.0174291658516996,7.79078042014206e-05,0.000104500382649124
"KRI1",-0.0174447819191471,7.67632793553548e-05,0.000103012740617253
"RING1",-0.0174990053293157,7.29113822552924e-05,9.78888781861306e-05
"PKN2",-0.0175105313135903,7.21165110933e-05,9.68440763572689e-05
"SAFB2",-0.0175548443639241,6.9136212455521e-05,9.28848050835617e-05
"VMA21",-0.0175813293460822,6.74109887535296e-05,9.06298095386339e-05
"SUMF2",-0.0175962288104979,6.64584293162827e-05,8.93698267436916e-05
"SVBP",-0.017622378423805,6.48173416960584e-05,8.72235216340569e-05
"MRPL50",-0.0177221072745621,5.89039328151233e-05,7.94499089165691e-05
"PLEKHF2",-0.0177229615318303,5.88555597797877e-05,7.94030903992865e-05
"ZNF146",-0.0177732744515437,5.6071979966272e-05,7.56828489465799e-05
"NAMPT",-0.0177933421977458,5.49969015038981e-05,7.42662619750594e-05
"BRIX1",-0.0178124333424077,5.39922903344997e-05,7.29266073493173e-05
"KDM1A",-0.017825179132302,5.33312889196093e-05,7.21008260527493e-05
"SYNCRIP",-0.0178847596819691,5.03418282660462e-05,6.81226323357998e-05
"INTS10",-0.0178861708499986,5.0272986200337e-05,6.804531807088e-05
"PSMC5",-0.0178898850240256,5.00922210999093e-05,6.78164428214938e-05
"APPBP2",-0.0178904157951781,5.00664393690027e-05,6.7797331223822e-05
"DDX42",-0.017892837067596,4.99489877132186e-05,6.76540472125906e-05
"NOM1",-0.0179152501140414,4.88740986946586e-05,6.62444639956521e-05
"LRCH4",-0.0179368974800493,4.7856775067778e-05,6.49261383505895e-05
"KIAA0319L",-0.0179812441223805,4.58350444949822e-05,6.22414202347748e-05
"SMAD2",-0.0181179703266776,4.0099425510808e-05,5.45802953322754e-05
"ATP5F1A",-0.0181581571562321,3.8547601709944e-05,5.25295805716752e-05
"TSNAX",-0.0181585124471694,3.8534139743081e-05,5.2523550700466e-05
"PELP1",-0.0181586391378145,3.85293405163296e-05,5.2523550700466e-05
"BAZ2B",-0.0181831477012538,3.76115154016754e-05,5.13020717001966e-05
"SURF6",-0.0181889774680828,3.73962716140351e-05,5.10204531973643e-05
"PDCD11",-0.0181914308146298,3.73060404054131e-05,5.09092995623998e-05
"TIMM13",-0.0182039673388368,3.68481791047026e-05,5.02962933199933e-05
"FGFR1OP2",-0.018239073362268,3.55942485233959e-05,4.86075593087352e-05
"AFG3L2",-0.0183213125718888,3.28135405357816e-05,4.4852374786915e-05
"KLHL24",-0.0183221791072731,3.27853703877263e-05,4.48244113604953e-05
"RBM34",-0.0183260073933307,3.26611915793224e-05,4.46651401080051e-05
"MRPL35",-0.0183629017562332,3.14871270718262e-05,4.31204482896923e-05
"MARCH9",-0.018404546431256,3.02100929044805e-05,4.14008629947749e-05
"TTF2",-0.0184222100310888,2.96834405780913e-05,4.06887161886478e-05
"MAP3K3",-0.0184937083250684,2.76394855676989e-05,3.79137810053024e-05
"FAM120AOS",-0.0185167901523405,2.70087176842361e-05,3.70572868698725e-05
"BRAF",-0.0185499493358756,2.61264724942503e-05,3.58637359793535e-05
"RWDD3",-0.0185536152316081,2.60306364329214e-05,3.57406234226646e-05
"DIS3L2",-0.0186092271085957,2.46171789586997e-05,3.38398874427537e-05
"KDM7A",-0.018741012695777,2.15534326311287e-05,2.96774580554656e-05
"IGSF8",-0.0187540882466072,2.12700802695895e-05,2.9294243252809e-05
"NOL7",-0.0187553430165362,2.12430761720046e-05,2.92639864213536e-05
"DIS3",-0.0187725167513351,2.08767422199318e-05,2.87661512048941e-05
"SGF29",-0.0187985062113324,2.03337762967733e-05,2.80379378023361e-05
"NSUN6",-0.0188366694091016,1.95607884267683e-05,2.6978477061314e-05
"CDC26",-0.0188785122677768,1.87454540329796e-05,2.58600946688054e-05
"TIMM10",-0.0189054418110818,1.82379476222043e-05,2.51778982375894e-05
"TRIM14",-0.0189822791657253,1.68608563047786e-05,2.32878557137294e-05
"DRAM2",-0.0190071617288724,1.64365618969245e-05,2.27072255157892e-05
"PRPF8",-0.0190350060465716,1.59738324032253e-05,2.20784575333044e-05
"LSM6",-0.0190622753176966,1.55327125304888e-05,2.14840850136128e-05
"PSMA1",-0.0192283496339788,1.30868769569044e-05,1.81356530456673e-05
"NUP50",-0.0192447947094185,1.28657612446754e-05,1.78334854171365e-05
"CREBRF",-0.0192722190695589,1.25049288178954e-05,1.7341600164545e-05
"PRPF3",-0.0193136710352933,1.19778023824723e-05,1.6614555476594e-05
"RMDN1",-0.019390817873079,1.10527072542329e-05,1.53570008514467e-05
"RPP21",-0.0193943860498589,1.10116145803939e-05,1.53035638310018e-05
"FBXL3",-0.0194142794704245,1.0785173538972e-05,1.5003214123625e-05
"ZMYM4",-0.0194176135630393,1.07476602168137e-05,1.4954608853273e-05
"PCF11",-0.0194859087713718,1.00061049730193e-05,1.39294567911829e-05
"NOP56",-0.0194962289721465,9.89838883155918e-06,1.37828068732683e-05
"MCCC2",-0.0195145340493822,9.71005013980378e-06,1.35237985651904e-05
"L3MBTL3",-0.0195247790886458,9.60613930438233e-06,1.33854906825869e-05
"LYRM2",-0.019553940598152,9.31615009214588e-06,1.29845238214753e-05
"ZNF580",-0.0195986927150839,8.88733173862308e-06,1.23987450947857e-05
"PDCD2",-0.0196754340981093,8.19554128211445e-06,1.14418654652052e-05
"GTPBP10",-0.0196768685329675,8.18311405814683e-06,1.14272606693776e-05
"HSPH1",-0.0196918505003873,8.05438973432633e-06,1.12502074347283e-05
"HELQ",-0.0197088433852318,7.91073059498684e-06,1.1054860836274e-05
"ORC2",-0.01973795965552,7.67025621443714e-06,1.07239665908849e-05
"GPATCH2L",-0.0197756744149428,7.36914128986349e-06,1.03104114532226e-05
"SP1",-0.0197761758782716,7.36521479567937e-06,1.03073990831901e-05
"PPP1R21",-0.0197977363520907,7.19827415367831e-06,1.00810528629345e-05
"ARRDC2",-0.0198071405614419,7.12659725387344e-06,9.98548294105893e-06
"CNTRL",-0.0198154803621959,7.0636045628488e-06,9.89960687708638e-06
"UBA3",-0.0198482566650401,6.8211572242538e-06,9.56673884830191e-06
"USP34",-0.0200555223101107,5.46266782085684e-06,7.68183531933703e-06
"PHF10",-0.0200913262235337,5.25593012618033e-06,7.3964808458499e-06
"COX14",-0.0200914555168854,5.25519732074037e-06,7.3964808458499e-06
"MCPH1",-0.0201126890938718,5.13616832392981e-06,7.23495159929231e-06
"RPS6KB1",-0.0201200203943519,5.09567411197727e-06,7.17965040940895e-06
"MORF4L2",-0.0201306076939447,5.03773461965953e-06,7.09973656873452e-06
"IFITM3",-0.0201475999016524,4.94606061143068e-06,6.97561375239872e-06
"MRPS27",-0.0201502875823816,4.93170754203085e-06,6.95705928016585e-06
"ADD3",-0.0201702368070285,4.82641228176135e-06,6.81308909522021e-06
"ARFGEF2",-0.0202758332492609,4.30396511079322e-06,6.09073416701491e-06
"ORC4",-0.0202771791192653,4.29766973927557e-06,6.08330650868719e-06
"ARL16",-0.0202921349578452,4.22830422185275e-06,5.98803707051857e-06
"ZNF131",-0.0203562549569574,3.94288624860358e-06,5.58655652776305e-06
"RARS",-0.0203777592897609,3.85136883343108e-06,5.46221465590567e-06
"UBQLN1",-0.0204995576531679,3.37023751808314e-06,4.78685739371925e-06
"AP002387.2",-0.0205031916083016,3.35680784921095e-06,4.76894823261159e-06
"SHLD2",-0.0205082813083691,3.33808456467904e-06,4.74466800927234e-06
"CASD1",-0.020553705584488,3.17536113534738e-06,4.51558573981869e-06
"FBXO21",-0.020578343103649,3.09031307006257e-06,4.39679303872795e-06
"MITD1",-0.0205919042724318,3.04443711598849e-06,4.33364401619522e-06
"ASNSD1",-0.0206068564706873,2.99461282216019e-06,4.2637652431149e-06
"ZNF407",-0.0206232241001026,2.94096897531778e-06,4.18943913836934e-06
"TCERG1",-0.020640874462145,2.8841544946119e-06,4.11052131502805e-06
"LGALS8",-0.0206441594558526,2.87369736613947e-06,4.09662229384414e-06
"DLG1",-0.0206744563115581,2.77895293892304e-06,3.96350294012778e-06
"MATR3.1",-0.0206963353034037,2.71240452845405e-06,3.87048738506628e-06
"RAB21",-0.0207140654170722,2.65960007538567e-06,3.79980227092958e-06
"UBE2E1",-0.0207222698382552,2.63550060299588e-06,3.76814993963397e-06
"NUP88",-0.0207263608802253,2.62356211856388e-06,3.7520036990879e-06
"TAGAP",-0.0207329860908214,2.60433843304058e-06,3.72542824829728e-06
"TPR",-0.020802519739637,2.41056638458778e-06,3.4507910904493e-06
"NCBP2AS2",-0.0208279921344222,2.34310755873655e-06,3.35752986473787e-06
"POLR2J3",-0.0208817857246561,2.20655084405127e-06,3.16497371807156e-06
"TOMM6",-0.0210424487764474,1.84270517579112e-06,2.64831911021216e-06
"HTATSF1",-0.0210642921587968,1.79793137133466e-06,2.58524916630307e-06
"TGIF1",-0.0211749773797762,1.58665749780947e-06,2.28428371990801e-06
"POP5",-0.0212515447162766,1.45469908141699e-06,2.09742273907109e-06
"ST3GAL2",-0.0212553249459725,1.44846530293872e-06,2.08895293813395e-06
"HNRNPU",-0.0213283691147022,1.33293651868401e-06,1.92664189171636e-06
"THADA",-0.0213357367480647,1.32178851043111e-06,1.9110036872203e-06
"SPOP",-0.0213771398148386,1.26079006364833e-06,1.82372121700451e-06
"AGO3",-0.0213883075629304,1.24480622999363e-06,1.80104899395643e-06
"JAK3",-0.0213901446514381,1.24219563835466e-06,1.79771938498937e-06
"NARS",-0.0214339744103351,1.18145055577574e-06,1.71151311818758e-06
"SSH2",-0.0214716904654803,1.13147557734015e-06,1.64034324158169e-06
"CEP57",-0.0215289481167918,1.05947512112538e-06,1.53749548164313e-06
"TRIM23",-0.021559308328226,1.02310781834133e-06,1.48546156387704e-06
"ASF1A",-0.0215998078349467,9.76461248790893e-07,1.4195079484674e-06
"TECR",-0.0216832128614065,8.86761210097008e-07,1.29072280317651e-06
"ZNF280D",-0.0216978931813975,8.7181696905043e-07,1.26960667104012e-06
"KAT6A",-0.0217410618416495,8.29264062904416e-07,1.20854632236722e-06
"CLPP",-0.0217477490583831,8.22853817406273e-07,1.19980591740222e-06
"PTEN",-0.0217901096008601,7.83342713627833e-07,1.14248126765495e-06
"NDUFS4",-0.0218140492554444,7.61828331448966e-07,1.11138209397123e-06
"MRI1",-0.0218206992496929,7.55953777011075e-07,1.10308896610303e-06
"ANKRD36B",-0.0218891864857332,6.97936979728857e-07,1.01919842366435e-06
"ATP1A1",-0.0219114479248876,6.80020709913976e-07,9.9353453142786e-07
"CAMK2G",-0.0219690482773987,6.35696184632484e-07,9.29475779895345e-07
"SMIM10L1",-0.0220035766836021,6.10474992461657e-07,8.93273075575818e-07
"AC139887.2",-0.0220148470545359,6.02453418217841e-07,8.81757558973078e-07
"ATP9B",-0.0220393727663569,5.85347077161336e-07,8.57152232920555e-07
"FBXO33",-0.0221348525864215,5.23103342344331e-07,7.67165436715935e-07
"KARS",-0.0221779837378307,4.97126251121664e-07,7.29620649373513e-07
"PRPSAP2",-0.0222139146949127,4.764397333985e-07,6.99612867739284e-07
"OARD1",-0.0222486753330031,4.57218618096648e-07,6.71727656313882e-07
"LYSMD2",-0.0222604158493728,4.50897267319014e-07,6.62608070204326e-07
"WASHC4",-0.0222930384109673,4.33771993533543e-07,6.37764438759664e-07
"HEATR1",-0.0223268897896425,4.16665609003315e-07,6.12768350082811e-07
"CBWD5",-0.0224516413938814,3.59068843164659e-07,5.28464957324132e-07
"HECA",-0.0224787153402377,3.47625339875944e-07,5.11752400040271e-07
"POM121",-0.0225245717266922,3.29041375243869e-07,4.85008489200449e-07
"PRDX2",-0.0225742090707334,3.10006588400065e-07,4.57183022527576e-07
"NAA35",-0.022621397358709,2.92899589849112e-07,4.32613066379426e-07
"EIF3B",-0.0226910999789728,2.6928766228265e-07,3.98345607835776e-07
"LAGE3",-0.0228039790274921,2.34898443300352e-07,3.48095296395116e-07
"SACS",-0.0228189901295617,2.30658028163882e-07,3.42073095097852e-07
"TRIM52-AS1",-0.0228736245779136,2.15840243581724e-07,3.20424903115448e-07
"CREB1",-0.0228743390625623,2.15652694070888e-07,3.20228272340318e-07
"PPWD1",-0.022906337060171,2.07412905864173e-07,3.08386750801374e-07
"SDR39U1",-0.0229067875782457,2.07299093925781e-07,3.08369169678937e-07
"PCM1",-0.0229276228227446,2.02101032168062e-07,3.0071971299559e-07
"TLK1",-0.0229337480147435,2.00597007639952e-07,2.9863468452956e-07
"SLC7A6OS",-0.0229760923187946,1.90491426438702e-07,2.83953878035839e-07
"WRN",-0.0229766916784384,1.90351981477014e-07,2.83818808708159e-07
"SNHG17",-0.0229868512482687,1.88003247835593e-07,2.80388728873612e-07
"YDJC",-0.0230762975428203,1.68498662597318e-07,2.51557725922326e-07
"METTL5",-0.0230947453857187,1.6472671989632e-07,2.46116117233268e-07
"PHF6",-0.0231214222897743,1.59416268859557e-07,2.38488379565443e-07
"NKTR",-0.0232245538970606,1.40400813362797e-07,2.10257543742482e-07
"GSTK1",-0.0232420280238462,1.37404268453433e-07,2.05876155775033e-07
"JADE1",-0.0232494090223168,1.36157208948686e-07,2.04060262612109e-07
"C2orf74",-0.0232497221209447,1.36104552028943e-07,2.0403395831628e-07
"POLM",-0.023254538252033,1.35297052879487e-07,2.02875766598447e-07
"CPSF6",-0.0232610008869333,1.34220770110499e-07,2.01313836356703e-07
"USP12",-0.0232633189459691,1.33836743979548e-07,2.00789663399363e-07
"MOAP1",-0.0232745692135755,1.31987991312363e-07,1.98067184484238e-07
"NAIP",-0.0232799395945766,1.31114213002015e-07,1.96857609394914e-07
"THUMPD3",-0.0233367185747521,1.22211830764883e-07,1.83728701605147e-07
"WHAMM",-0.0233854099847713,1.15045770336467e-07,1.73134649714021e-07
"SLC38A2",-0.0234244946712047,1.09589381998219e-07,1.65094216737597e-07
"CENPC",-0.0234296414651953,1.08889802030143e-07,1.64082844023644e-07
"GMCL1",-0.0235029349094114,9.93843281316661e-08,1.49953716277581e-07
"UBASH3A",-0.0235610151893135,9.242720304118e-08,1.39637874727148e-07
"ZNF44",-0.0235612636204472,9.23984825838164e-08,1.39630780233266e-07
"UBE2D3",-0.0235613077501553,9.23933817703023e-08,1.39630780233266e-07
"NUDT4",-0.0235736098301551,9.09820029445678e-08,1.37561758874565e-07
"NKAP",-0.0235910489890205,8.90169752822629e-08,1.34759691502399e-07
"P2RY10",-0.0236274506980358,8.50467841831195e-08,1.2878892904437e-07
"N4BP2L2",-0.0236387573247938,8.38489031260443e-08,1.27008033611824e-07
"MPRIP",-0.0237232097189901,7.54041140204006e-08,1.14395382585896e-07
"DEAF1",-0.0237420384441982,7.36368813945701e-08,1.11772670322602e-07
"CRYZL1",-0.0238425970465079,6.4857128508195e-08,9.85746942703005e-08
"RNASET2",-0.0239105106625123,5.95107677783805e-08,9.04962277153186e-08
"DCTN6",-0.0239711484958128,5.50999852456118e-08,8.38766669061015e-08
"CCNB1IP1",-0.0240661920293111,4.88169565917323e-08,7.44096909811561e-08
"AL121839.2",-0.0240999295939468,4.67583244407641e-08,7.13092053659724e-08
"ERICH1",-0.0241197648897175,4.55875456085599e-08,6.95602034856787e-08
"SMAD4",-0.0241290019873515,4.50520727706946e-08,6.87792610830777e-08
"TWISTNB",-0.0241329490827181,4.48251244113659e-08,6.84507680186176e-08
"SMIM19",-0.0241693026377682,4.27863357433827e-08,6.53717621820558e-08
"TRMT6",-0.0241782612815861,4.22978930787028e-08,6.46764942313656e-08
"PNPT1",-0.0242008700009737,4.10891373325776e-08,6.28778478612272e-08
"IFNAR2",-0.0242171530646758,4.02393953444436e-08,6.15937228711895e-08
"SKI",-0.02422364228774,3.99055212568095e-08,6.10987591002573e-08
"ATP5MC1",-0.0242464128598968,3.87550804314974e-08,5.93999281297106e-08
"NIPSNAP1",-0.0242588028184208,3.8142679776244e-08,5.84921516779763e-08
"RYBP",-0.0242965728584027,3.63331639192448e-08,5.57466601633186e-08
"MX2",-0.0243192592812928,3.52866061758467e-08,5.41552033519992e-08
"PEX1",-0.0243787932730324,3.26773412657408e-08,5.02302849607209e-08
"SLC35C2",-0.0244159478838038,3.11448343979099e-08,4.78999146654279e-08
"STAT3",-0.0244208283957867,3.0948784899221e-08,4.76109946623273e-08
"KANSL1-AS1",-0.0245136820304012,2.74390642901737e-08,4.2278855157606e-08
"TRIM27",-0.0245192413859537,2.72416601272935e-08,4.19858203818165e-08
"GPSM3",-0.0245668156222631,2.56077887655194e-08,3.94990627136939e-08
"CFAP97",-0.0246064546773422,2.43194297255481e-08,3.75217747716712e-08
"DGCR6L",-0.024635389662022,2.34189290885564e-08,3.61516111189084e-08
"GTF2H3",-0.0246657472167841,2.25089626329737e-08,3.47561346500647e-08
"ERGIC3",-0.0246856183329853,2.19320121616418e-08,3.39012911392187e-08
"ZNF33A",-0.0247296771908097,2.07035170168448e-08,3.20279054836045e-08
"REX1BD",-0.0247601303321748,1.98937154345924e-08,3.07915510268577e-08
"DDX24",-0.0248019730195127,1.88310257583937e-08,2.91622493226176e-08
"SAMD8",-0.0248501788901796,1.76749869659611e-08,2.73938731323109e-08
"WDR36",-0.02488815879823,1.681300645901e-08,2.606486890898e-08
"PARP11",-0.0249059154544096,1.64241479377857e-08,2.54824206658864e-08
"SIVA1",-0.0249315168447257,1.58788308900488e-08,2.46429279393761e-08
"BMS1",-0.0249952338677473,1.45968743833125e-08,2.26715750710348e-08
"KHDC4",-0.0250362893627178,1.38247352936437e-08,2.14780437120175e-08
"MBD5",-0.0250451706851954,1.36630001681934e-08,2.12381270333083e-08
"ITFG2",-0.0250636460828898,1.3332417923605e-08,2.07409028297624e-08
"FCHSD2",-0.0250871654255045,1.29228105918406e-08,2.01144550508242e-08
"GPRIN3",-0.0251082139086112,1.25666219180447e-08,1.95705269527534e-08
"ZNF217",-0.025246256165705,1.0456155962339e-08,1.63056556085629e-08
"CLK4",-0.025370329871918,8.8562773044565e-09,1.38479105981978e-08
"PGRMC2",-0.0254855960071565,7.58489486608688e-09,1.18823204748509e-08
"GNG10",-0.0255732775147067,6.73845351685702e-09,1.05762602862471e-08
"VAPB",-0.0255988735406342,6.50919161619842e-09,1.022194587229e-08
"YTHDC2",-0.0256403941420696,6.15333584055064e-09,9.67618720380961e-09
"EIF5B",-0.0256585692078989,6.00358746906133e-09,9.44837540486988e-09
"DENND6A",-0.0256990533718471,5.68266015386898e-09,8.95300103396219e-09
"EML4",-0.0257626533649039,5.21191334294012e-09,8.22025518294924e-09
"SMARCA2",-0.0257648016102822,5.19669408680455e-09,8.19847612174485e-09
"RAB11FIP2",-0.0258066302927903,4.90883182407218e-09,7.75486016893382e-09
"NUFIP2",-0.0259948355393962,3.79445916969461e-09,6.00582698645562e-09
"ISCU",-0.026020503024269,3.66301646242922e-09,5.80410351135186e-09
"HBP1",-0.0260808672413945,3.37111951558233e-09,5.3459608798266e-09
"TCF3",-0.0261032538541984,3.26872981637369e-09,5.18642033654488e-09
"CTDSP2",-0.0261441187206221,3.08957805745245e-09,4.91020718346011e-09
"RNPC3",-0.0262817786197495,2.55368202200496e-09,4.06518759569785e-09
"GIMAP6",-0.0263894078979434,2.19884507298294e-09,3.50416439928074e-09
"TBCA",-0.0264962863716024,1.89419877956779e-09,3.02198279079001e-09
"DENND4A",-0.0265207439535539,1.83049708920846e-09,2.92276073694494e-09
"RANBP6",-0.0265213590695401,1.82892218660743e-09,2.92104857064094e-09
"SLC25A39",-0.0265670603870509,1.71553200045361e-09,2.7414550416927e-09
"R3HDM1",-0.0265822276371589,1.67943708984675e-09,2.68451275197726e-09
"PRMT9",-0.0265852523556632,1.67232791614603e-09,2.67388441503184e-09
"TTC37",-0.0266153521119559,1.60316176619339e-09,2.56611847565849e-09
"PQBP1",-0.0266392028222511,1.55034248638771e-09,2.48294035020264e-09
"AC245407.2",-0.0267310367878327,1.36235416577538e-09,2.18307207374869e-09
"TOMM40",-0.026739197354044,1.3467674296378e-09,2.15869065114586e-09
"POLR2C",-0.0267734856266819,1.28315477869985e-09,2.05786301705396e-09
"PPP1CC",-0.0268024014584162,1.23179385454733e-09,1.97658362303398e-09
"RNF214",-0.0268219068515016,1.19828572896395e-09,1.92334621837573e-09
"WAC-AS1",-0.0268373364352053,1.17241045248846e-09,1.88233412979638e-09
"UTP23",-0.0268638838980016,1.12915985567972e-09,1.81339515921817e-09
"ATF6",-0.0268939807283672,1.08200689232318e-09,1.73862981979052e-09
"IFT80",-0.0269414553827289,1.01150467996195e-09,1.62624210233439e-09
"SRSF1",-0.0270120608128498,9.1486605953887e-10,1.47331713439732e-09
"UBN2",-0.0270314790323984,8.89906754872605e-10,1.4335194177715e-09
"PSMB5",-0.027067415717825,8.45455342262234e-10,1.36229177965847e-09
"JMY",-0.0272254233190528,6.74387555128784e-10,1.08966929952974e-09
"RSBN1",-0.0272632745714085,6.38717677168624e-10,1.03260838378416e-09
"NDUFAF2",-0.0272797194931876,6.23800353516511e-10,1.00877230234779e-09
"SYNE3",-0.0273692848302635,5.48332389499778e-10,8.87470857079563e-10
"PRRC2B",-0.0274364500874909,4.97660350483669e-10,8.06356832174821e-10
"TMEM168",-0.0275823790333919,4.02809331605545e-10,6.55044162084899e-10
"BLOC1S5",-0.027729656747829,3.25046234224059e-10,5.29475536241657e-10
"SCO1",-0.0278077332875891,2.8998042831663e-10,4.73018874368861e-10
"EXOSC6",-0.0278153976156311,2.8674434612211e-10,4.6787145975904e-10
"MPHOSPH10",-0.0278459092443488,2.74207590177474e-10,4.47792782835481e-10
"PBX2",-0.0278574471479117,2.6960769257622e-10,4.40404696248732e-10
"MSH3",-0.0278982275674941,2.53945478038179e-10,4.15170497428381e-10
"SREK1",-0.0279026021814853,2.52319096372389e-10,4.12627627494746e-10
"TARSL2",-0.0279037379605784,2.51898505838026e-10,4.12055760183114e-10
"LRRC58",-0.0279115890854883,2.49009822322968e-10,4.07445125940621e-10
"MRPL20",-0.0279293804165286,2.42583022602979e-10,3.97040982080686e-10
"TARDBP",-0.0279346831294302,2.40699052711221e-10,3.94068420945807e-10
"CDKN2AIP",-0.0282310058575121,1.55339219440663e-10,2.55614819759099e-10
"DHPS",-0.028268536459752,1.46911296027278e-10,2.41814911501143e-10
"KIF2A",-0.0282745309419673,1.4560721940264e-10,2.39736305713354e-10
"CLCN3",-0.0282852362801344,1.43306397365924e-10,2.36014956500637e-10
"RPAP2",-0.0283386701106747,1.3234313575519e-10,2.18255902135699e-10
"KLHL9",-0.0283966953347216,1.21365847015346e-10,2.00334650057708e-10
"MTRNR2L8",-0.0284399515322558,1.13766684729863e-10,1.88004541270959e-10
"MLH3",-0.0284841773924206,1.06478486102338e-10,1.76060586408759e-10
"RYK",-0.0284896671642249,1.05606276558147e-10,1.74668093157641e-10
"KIAA0586",-0.0286173888490927,8.71758699841744e-11,1.44390469178689e-10
"CCDC7",-0.0287786884528655,6.83430884539837e-11,1.13456163980164e-10
"NUDT3",-0.0287933187687942,6.68465471840538e-11,1.11003466352492e-10
"IKZF5",-0.0288097358835412,6.52053786152643e-11,1.08340097344744e-10
"NFIA",-0.0288269140009467,6.3530331521077e-11,1.05587156648699e-10
"MRPS31",-0.0288512305965001,6.12309540804537e-11,1.01794709701258e-10
"ZNF675",-0.0288703547606775,5.94799423278975e-11,9.89686300629087e-11
"MRPS24",-0.0288825962643905,5.83849183914805e-11,9.72579953256764e-11
"DDX50",-0.0289796674569048,5.03724448480184e-11,8.40070730148301e-11
"CD8B",-0.0290635350917367,4.43240066807882e-11,7.40049200886932e-11
"MRPL1",-0.0291704785669341,3.76336151810617e-11,6.29247904005553e-11
"CEP135",-0.0291756256545642,3.73378597110815e-11,6.24482419110232e-11
"MRPL42",-0.0291972282057013,3.61211719461307e-11,6.04481000146592e-11
"CHD6",-0.0291998100677605,3.59783791045655e-11,6.02264802291863e-11
"SGK3",-0.0292332956281644,3.41757184446382e-11,5.7258367137572e-11
"AC016831.1",-0.0293285087794406,2.95193814877886e-11,4.95427794418213e-11
"TRIM4",-0.0293486080598167,2.86189594187624e-11,4.80593447390486e-11
"HEBP2",-0.0294279973727089,2.53179288591357e-11,4.25774891577826e-11
"FBRS",-0.0294668256281756,2.38421761615566e-11,4.01305322476013e-11
"TPT1-AS1",-0.0295206493879944,2.19349140949773e-11,3.69630967584831e-11
"JAGN1",-0.0295555414565316,2.07791772133994e-11,3.50663699083268e-11
"ORC3",-0.0295700664152384,2.03158350169886e-11,3.42944040426192e-11
"EVI2A",-0.0296294236927089,1.85252493659392e-11,3.13172627442811e-11
"DGKE",-0.0296339614789158,1.83949044912511e-11,3.11059601114784e-11
"ZNF507",-0.0296756179714125,1.72395526581639e-11,2.91607334252761e-11
"LINC01934",-0.0296806755347947,1.71042116245803e-11,2.89402264809492e-11
"TMEM116",-0.0296894474574632,1.68719368795523e-11,2.85555320745365e-11
"ENTR1",-0.0296899949730675,1.68575418856544e-11,2.85394795920254e-11
"UTP18",-0.0297009251950421,1.65726738222723e-11,2.80653788621931e-11
"USP22",-0.0297168876175529,1.61651051490186e-11,2.7391134439095e-11
"ESYT2",-0.0298184614456137,1.37922290803438e-11,2.34181815410336e-11
"ACADM",-0.0298903258755185,1.23230774343578e-11,2.09726869834516e-11
"MAP3K13",-0.0298969574997213,1.21954992025170e-11,2.07616407044608e-11
"CCNC",-0.0299209328902464,1.17449665739805e-11,2.00063733083161e-11
"TNRC6A",-0.0300198699605805,1.00521140103723e-11,1.71579696411993e-11
"AARSD1",-0.0300500124621569,9.58564160733134e-12,1.63665537666891e-11
"NPHP3",-0.030051603627073,9.561615751368e-12,1.63303293408612e-11
"TSPYL1",-0.0300662361400897,9.3434194917126e-12,1.59623615772586e-11
"LY9",-0.0300960667812678,8.91359476715194e-12,1.52332219818204e-11
"AKAP17A",-0.0301104548686348,8.71326483478061e-12,1.48989394585893e-11
"PNO1",-0.0301400373745994,8.31513791093218e-12,1.42307366131737e-11
"NFX1",-0.0301583008435527,8.07830233050707e-12,1.38335572023887e-11
"EXOSC8",-0.0301902987923018,7.67919586037252e-12,1.31578674352845e-11
"ORMDL3",-0.0302376294948236,7.12403672731589e-12,1.22102333999292e-11
"NONO",-0.0303059543987037,6.39137434207256e-12,1.09706638145676e-11
"NOB1",-0.0303537356857168,5.92342468595626e-12,1.01794631208686e-11
"ZNF431",-0.0303678062602757,5.79214228569509e-12,9.95679709093756e-12
"PRH1",-0.0303680089646098,5.79027199110611e-12,9.95652686754696e-12
"ZNF430",-0.0304036176931339,5.47074179048432e-12,9.41544308152054e-12
"FKBP5",-0.0304100906342436,5.41454366309034e-12,9.32148334415908e-12
"CMPK1",-0.0304314875830184,5.2327721780083e-12,9.01389208612456e-12
"CCT3",-0.0304884906222234,4.77721153327355e-12,8.23647387463241e-12
"PGK1",-0.0305495421607422,4.33239981207064e-12,7.47844006764318e-12
"N4BP2L1",-0.0305688940544432,4.20007538221968e-12,7.25433525154852e-12
"ZCCHC9",-0.0305782947160016,4.1372334781992e-12,7.15004489304006e-12
"TBC1D1",-0.0305880757824116,4.07282719607783e-12,7.04083035800248e-12
"TAF8",-0.0306457646396751,3.71247820682853e-12,6.42361516465835e-12
"CARS2",-0.0307139488495027,3.3267346811257e-12,5.76131763012591e-12
"GSPT1",-0.0308217504544447,2.79563354160844e-12,4.84876817183773e-12
"RBL2",-0.0308235252745983,2.7876257530723e-12,4.83632264980782e-12
"GATAD2B",-0.0308498646914846,2.67139605634068e-12,4.63744142158066e-12
"TLE4",-0.0308576040808974,2.63815673465603e-12,4.58110754162558e-12
"NME4",-0.0308700905419885,2.5853827419052e-12,4.49349416745006e-12
"TMEM18",-0.0308796030389482,2.54587433764528e-12,4.42615065820951e-12
"SP140L",-0.0308820444044433,2.53583043411937e-12,4.41000792432727e-12
"C20orf27",-0.0309236896444616,2.3703657264227e-12,4.12595555614516e-12
"SNRK",-0.0309877059457554,2.1364571045257e-12,3.71991872124127e-12
"SOD2",-0.0310325193150766,1.98634368710359e-12,3.4616580238219e-12
"REXO4",-0.0310339647865866,1.98167808754851e-12,3.45456300084941e-12
"ZNF37A",-0.0310474199756593,1.93876084231347e-12,3.38076148080585e-12
"ANKRD12",-0.0310666340213452,1.87905137914977e-12,3.27860901099324e-12
"FAM107B",-0.0311093735141314,1.75262883783796e-12,3.06170087331356e-12
"EEA1",-0.0311997549072263,1.51213545027537e-12,2.64396246600495e-12
"ILF3",-0.0312172470401926,1.46948240654458e-12,2.57015701078456e-12
"YTHDC1",-0.0312346707856376,1.42817025495351e-12,2.49865307699874e-12
"OCIAD1",-0.0312782804343849,1.32970093897108e-12,2.32918078881855e-12
"METAP2",-0.0314296787848755,1.03685355290562e-12,1.82005220461718e-12
"AC025159.1",-0.0315382363846727,8.66845061728338e-13,1.52392725310499e-12
"RLIM",-0.0315994511855849,7.83375488324536e-13,1.37927244415092e-12
"DYNLT3",-0.0316147464435863,7.63783553149654e-13,1.34518485178963e-12
"KATNBL1",-0.0316167859920542,7.61207677933989e-13,1.34105456930959e-12
"TAF7",-0.0316326862575358,7.41416459311531e-13,1.30658352380795e-12
"ZC3H7A",-0.0316825777050214,6.82538343760074e-13,1.20355365714003e-12
"G3BP1",-0.031714013286692,6.47823845780619e-13,1.14303345223951e-12
"ZNF639",-0.0317189284623592,6.42555035043301e-13,1.13408134335611e-12
"SCARB2",-0.0317414614009286,6.18934429311179e-13,1.09305588063098e-12
"TRNT1",-0.0317724376572438,5.87849036028862e-13,1.03910541283447e-12
"TMEM87B",-0.0318052694893318,5.56574596632707e-13,9.8412277323678e-13
"SOD1",-0.0318469623606808,5.1920503741426e-13,9.18885407262996e-13
"PACS1",-0.0318562234750726,5.11244816899783e-13,9.05073066043722e-13
"MRPL17",-0.0318686117682817,5.0078377116974e-13,8.87093958560966e-13
"AC005261.1",-0.0319325857767926,4.5001815559743e-13,7.97653406627711e-13
"TOMM22",-0.0319775688292461,4.17384154421509e-13,7.40261429813187e-13
"TOMM70",-0.0320118198773062,3.9410518266522e-13,6.99401319587865e-13
"MEF2A",-0.0320238725028199,3.8622070309119e-13,6.86037508058067e-13
"ATP5PD",-0.0320484433474447,3.70623898392952e-13,6.58937319504385e-13
"PIAS2",-0.0320884697666699,3.46530954616937e-13,6.17045927767658e-13
"PPA2",-0.0322098208321661,2.82504208259608e-13,5.04273482311069e-13
"POGK",-0.032352744862882,2.21881316670882e-13,3.97036395471417e-13
"PPIG",-0.032468140169983,1.82429151280499e-13,3.27347399580815e-13
"ZNF75A",-0.0324841644112189,1.77526811597635e-13,3.18649113343254e-13
"SMIM4",-0.0326495421871609,1.33918208279365e-13,2.40969853411663e-13
"ENTPD4",-0.0326744859908398,1.28328231944914e-13,2.31054425050757e-13
"SBDS",-0.0326831451437316,1.26441823802635e-13,2.27728503235486e-13
"MSH6",-0.032790403245198,1.05217868687606e-13,1.89914985345455e-13
"CA5B",-0.0329182131140643,8.44630469704879e-14,1.52737781267105e-13
"LPIN2",-0.0329687131802846,7.74219825453143e-14,1.40223297772941e-13
"MDFIC",-0.0329783230765107,7.6149020180881e-14,1.38003774646486e-13
"YBEY",-0.0330100024977703,7.20966228246098e-14,1.30741208067592e-13
"DUT",-0.0330229553973839,7.05014482850766e-14,1.27888394954078e-13
"MAPKAPK5",-0.0330810661801792,6.37616532093731e-14,1.15734768411267e-13
"FNBP4",-0.0331887853840723,5.29018406679255e-14,9.62032221407956e-14
"GALT",-0.0331941260862596,5.24135726093345e-14,9.53451280142259e-14
"PLSCR3",-0.0332355182921037,4.8776622206426e-14,8.87847567377851e-14
"NDUFAF8",-0.033290476727527,4.43287111850807e-14,8.07644104726298e-14
"MACO1",-0.033301814583885,4.34620228996081e-14,7.92350304556218e-14
"POLR1D",-0.0333697220616618,3.86091419935949e-14,7.04098943416296e-14
"DBP",-0.0334154813568455,3.56437797085654e-14,6.50837724367521e-14
"OSGEP",-0.0334201213177031,3.53559059394914e-14,6.45784177625155e-14
"CRYBG1",-0.0334527293724939,3.33963280676235e-14,6.10183774690436e-14
"RPL22L1",-0.0335045668512481,3.04988881362772e-14,5.57946294768786e-14
"PCBP1-AS1",-0.0335160140638919,2.98931801118743e-14,5.47382365501618e-14
"RIF1",-0.0335424935438645,2.8537036827111e-14,5.23044017783567e-14
"FBXO22",-0.0336169953537386,2.50377519576735e-14,4.59196637355628e-14
"THYN1",-0.0336286309656917,2.45307717483491e-14,4.50040547352919e-14
"MYLIP",-0.0336838268752842,2.22600899195374e-14,4.08769802882626e-14
"TRAF3",-0.0337226496765585,2.07881473748614e-14,3.81981386477061e-14
"NUDT2",-0.0337295845356421,2.05354883786956e-14,3.77458122887345e-14
"NMRK1",-0.0337577973127436,1.95383828872705e-14,3.5958543806465e-14
"SRSF10",-0.0337668781505983,1.92276945164965e-14,3.53979602565339e-14
"PTCD3",-0.0337893601223853,1.84792624725496e-14,3.40308851363936e-14
"SEPTIN1",-0.0337995859765363,1.81483946569607e-14,3.34427614921546e-14
"ELMO1",-0.0338844166654811,1.56191626908236e-14,2.88003088702624e-14
"RTRAF",-0.033918038979671,1.4715662798634e-14,2.71515657732256e-14
"PRDM2",-0.0339237368630093,1.45677304293391e-14,2.68871544157887e-14
"DENR",-0.0340049525176623,1.26115956493338e-14,2.33286422386785e-14
"TASOR2",-0.0341588047692051,9.58832133589104e-15,1.77928874853763e-14
"XPO4",-0.0341780417600847,9.26452623287203e-15,1.71975172358519e-14
"GART",-0.0341828356169786,9.18552620501786e-15,1.70563189468255e-14
"ZC3H8",-0.0342914753219483,7.5628101701132e-15,1.40611173092444e-14
"PLCL2",-0.0343181860068461,7.20920239740344e-15,1.34208469999067e-14
"PIBF1",-0.0344000845743818,6.22337320387957e-15,1.1604185133445e-14
"SLC50A1",-0.0344581347100441,5.60623086584685e-15,1.04668852529078e-14
"BBIP1",-0.0344655186758787,5.53218276632548e-15,1.03319557319678e-14
"DPYD",-0.0344774277967223,5.4147789826191e-15,1.01159419630287e-14
"EDEM3",-0.0344841250118763,5.34983680133844e-15,9.99783006089357e-15
"FKBP1A",-0.034487817585754,5.31435884071293e-15,9.93472292770137e-15
"ATF4",-0.0345385381254092,4.84985335427261e-15,9.09269280484917e-15
"SYNRG",-0.034539483291623,4.84158825217069e-15,9.08012614443887e-15
"MT-ND4L",-0.0345834641154748,4.47195063356542e-15,8.39773088280525e-15
"LINC00909",-0.0345835234543834,4.47147118895156e-15,8.39773088280525e-15
"BORCS5",-0.0346500585175019,3.96452169504472e-15,7.45689323352749e-15
"TRMT13",-0.034658795877909,3.90230155962848e-15,7.34461679551837e-15
"DNAJC19",-0.0347507561011604,3.30303076822567e-15,6.22881726960662e-15
"UBE2H",-0.0347966685394164,3.03872899101783e-15,5.73412107006352e-15
"DNMT1",-0.0348253923783879,2.88408380940387e-15,5.44407115955027e-15
"HDDC3",-0.0348378233097144,2.81958470659902e-15,5.3257804077847e-15
"PHB2",-0.0348751667267782,2.63424671307773e-15,4.9773218128764e-15
"ERGIC1",-0.0349418807139978,2.33252793162421e-15,4.41010160657122e-15
"RRP1B",-0.035012260631649,2.05110462236373e-15,3.8843336804099e-15
"NSMCE3",-0.0350329134869056,1.97506414875738e-15,3.74154916316099e-15
"CCT4",-0.0350404486396956,1.94801790412458e-15,3.69151615871277e-15
"RCSD1",-0.0350620112910332,1.87262132522163e-15,3.54979619771301e-15
"THAP5",-0.0350917030827163,1.77348398844219e-15,3.36406297024348e-15
"CEPT1",-0.0351056902099348,1.72859167439962e-15,3.27997871747e-15
"TXNIP",-0.0351496667113768,1.59461383380927e-15,3.02872405297369e-15
"OTULIN",-0.0352107852248292,1.42524784380205e-15,2.70969593332598e-15
"UFL1",-0.0353301939941742,1.14387563352627e-15,2.18116967915181e-15
"CXCR3",-0.035387405338357,1.02921378255364e-15,1.96510857562475e-15
"APOL3",-0.0354335348478617,9.45073086500399e-16,1.80564259656158e-15
"AL365361.1",-0.0354560278209487,9.0654084432414e-16,1.7331629563197e-15
"CHCHD7",-0.0354724667370858,8.79362718186139e-16,1.68175587959784e-15
"ZNF480",-0.0355096276771891,8.20848771022474e-16,1.57191863498604e-15
"PRKDC",-0.0355177580924369,8.08567379231708e-16,1.5489102202026e-15
"ZNF24",-0.0355398956228274,7.76037650869044e-16,1.48757613022786e-15
"ACBD6",-0.0355724219520469,7.30568243133028e-16,1.40134080167959e-15
"TBRG4",-0.0357006740202323,5.75491829354901e-16,1.10570529329279e-15
"SGSM3",-0.0357051035971567,5.70760333725159e-16,1.09697720225219e-15
"MOCS2",-0.0358459451972702,4.3876112346502e-16,8.45517125191876e-16
"CWF19L2",-0.0358642091830023,4.24017278821925e-16,8.17375928528367e-16
"PCNX2",-0.0358841304898172,4.08491978220832e-16,7.879705865979e-16
"FXR1",-0.0361797911098777,2.34272626464599e-16,4.53712930693852e-16
"USE1",-0.0361955404463338,2.27407667515514e-16,4.40711358319495e-16
"DNAJC4",-0.0362810108224351,1.93469735938008e-16,3.75190558982883e-16
"FASTKD2",-0.0364023515047023,1.53704095558482e-16,2.98572260489938e-16
"NIT2",-0.0364303168767889,1.45750148112162e-16,2.83216269083211e-16
"BNIP3L",-0.0364371031322363,1.43882019259163e-16,2.79866899576391e-16
"TRAF3IP3",-0.0364387719724995,1.43426247381609e-16,2.79073769595551e-16
"CDC42SE2",-0.0366352401962781,9.86241442048264e-17,1.92350176549816e-16
"GIMAP4",-0.0366489615736937,9.60709735174319e-17,1.87496473500105e-16
"C12orf10",-0.0367592662055421,7.77802895499821e-17,1.52106003655618e-16
"HNRNPH1",-0.0368088296577834,7.0724196308554e-17,1.38446961584815e-16
"LINC01578",-0.0368222519385702,6.89245288377904e-17,1.35060472557396e-16
"METTL16",-0.036831690964434,6.76860624285117e-17,1.3267837937083e-16
"ANAPC13",-0.0368578697435967,6.43649094316114e-17,1.26210814310569e-16
"SMG6",-0.0368776321713504,6.1964712536505e-17,1.21545362558949e-16
"AL359220.1",-0.0369092047779666,5.83120689051076e-17,1.14457867097766e-16
"NAA15",-0.0369316933826885,5.5840685586391e-17,1.09643940752738e-16
"DGKH",-0.0369570729197745,5.31755332433083e-17,1.04481473701862e-16
"ZMYND8",-0.0370487633512134,4.45514628968198e-17,8.76847620576757e-17
"ZNF92",-0.0370575073876397,4.3804980277561e-17,8.62447646928133e-17
"PPM1K",-0.0371282353476722,3.82034444329684e-17,7.53694565663314e-17
"SNRPE",-0.037130774216844,3.80160923264066e-17,7.50253068254924e-17
"NOLC1",-0.0371311370014837,3.79893952798671e-17,7.49980860620202e-17
"MRPL40",-0.0371462128254031,3.68961794615309e-17,7.28646262420718e-17
"KPNA5",-0.0372395237868447,3.07879907528491e-17,6.08638783182173e-17
"FMC1",-0.0372890358439703,2.7963846324017e-17,5.53185414687497e-17
"ZNF121",-0.037290514084928,2.78835810887694e-17,5.51785404453277e-17
"VPS35",-0.0373810480668991,2.33776867171527e-17,4.63407623465523e-17
"ZNF652",-0.0373854233528183,2.31791556720981e-17,4.59785845618546e-17
"DAP3",-0.0373912889757604,2.29156073851855e-17,4.54713247260834e-17
"RBM12B",-0.0374199707560729,2.16688792170269e-17,4.30121331999182e-17
"TPD52",-0.037429655486272,2.1263212596116e-17,4.22213158895203e-17
"PPIL3",-0.0377047541304928,1.24057534353672e-17,2.47603842604239e-17
"TXLNG",-0.03780251691289,1.02343552015581e-17,2.04405747187133e-17
"SLC35D2",-0.0378682581492729,8.98978496668112e-18,1.79672043419363e-17
"NSD3",-0.0378955099342366,8.51880215310726e-18,1.70434692302442e-17
"THAP7",-0.0379564351716455,7.55214663657736e-18,1.51251124230833e-17
"PCNP",-0.0380129596811645,6.75253962737799e-18,1.35330207980417e-17
"ASH1L",-0.0380289366877253,6.5420868499621e-18,1.31157670824352e-17
"REV1",-0.0381155598460523,5.50889530317014e-18,1.10558354634064e-17
"PRPF6",-0.0381490912684813,5.15374083596803e-18,1.03537994257332e-17
"FRA10AC1",-0.0381529431702361,5.11441887242e-18,1.02783549400087e-17
"UBA2",-0.0381791756125896,4.85439069861872e-18,9.7659116442963e-18
"AC118549.1",-0.038250149714539,4.21449537752496e-18,8.49034562709708e-18
"MRPL14",-0.0383111611188653,3.73150962953038e-18,7.52255774083613e-18
"ZNF638",-0.038312291760797,3.72309559426359e-18,7.50819972028452e-18
"MDM4",-0.0383769453670025,3.2718695892158e-18,6.60281460157022e-18
"EIF1AX",-0.0384200126620461,3.00171625921199e-18,6.06183978406535e-18
"PRORP",-0.0385700643428822,2.22152368326422e-18,4.50034703629545e-18
"PHF14",-0.0385780935399293,2.18595994507896e-18,4.42984630432319e-18
"RREB1",-0.0387231421065706,1.63223387170288e-18,3.31349747200041e-18
"TBC1D15",-0.0387985350016076,1.40171455914947e-18,2.84851923698486e-18
"ZNF766",-0.0388954821859459,1.1519874665588e-18,2.34759858192137e-18
"MARCH8",-0.0389137630988526,1.1100854283505e-18,2.26379526651689e-18
"ING5",-0.0389385920774086,1.05557577167915e-18,2.15338939452413e-18
"CHMP3",-0.0389425348825049,1.04716643152319e-18,2.13698430477977e-18
"MT-CO3",-0.0390033841932732,9.25470152519831e-19,1.88929839355295e-18
"C8orf33",-0.0390054141210428,9.21660837240517e-19,1.88218298877087e-18
"CCNL1",-0.0390884014081318,7.78506017642417e-19,1.59207493826099e-18
"DDX3X",-0.0391041687714098,7.53904238251932e-19,1.54284909602825e-18
"ZNF708",-0.0391178014404124,7.33253313049816e-19,1.50164491030498e-18
"SCAPER",-0.0391264009970381,7.20515039998863e-19,1.47607804457998e-18
"ODF2L",-0.0391462365483683,6.91960772302519e-19,1.41808039796271e-18
"SPG7",-0.0392005295314517,6.19395635443061e-19,1.27071211902403e-18
"ANKZF1",-0.0393155610413144,4.89568911201138e-19,1.00578809187028e-18
"ZNF493",-0.0393621829044296,4.44966763291961e-19,9.14479076468486e-19
"THUMPD3-AS1",-0.0393621959916884,4.44954824708024e-19,9.14479076468486e-19
"VPS51",-0.0394125124448619,4.01317411682048e-19,8.26819140976981e-19
"NUP160",-0.039540337437831,3.08570177520554e-19,6.37090540585953e-19
"NDUFB5",-0.0395524106026046,3.00992166872196e-19,6.22107565384497e-19
"LINC-PINT",-0.0395664359012556,2.92419485755859e-19,6.05034550093646e-19
"MARCH6",-0.0395766726524044,2.86315202162169e-19,5.92615368577822e-19
"CBWD1",-0.0396008056447147,2.72418231603034e-19,5.64454460633452e-19
"ERGIC2",-0.0396248639231945,2.59228044071436e-19,5.37507453493823e-19
"STN1",-0.0396831092261299,2.29850787430856e-19,4.77445595621206e-19
"GTF3A",-0.039719692087757,2.13107651908132e-19,4.43459245574673e-19
"RPIA",-0.0397223166221303,2.11953890036964e-19,4.41216335564052e-19
"MED13L",-0.0397364570799143,2.05843052693373e-19,4.28802803675228e-19
"PPAN",-0.0397644492995191,1.94254989717229e-19,4.04808175057919e-19
"MRPS35",-0.0398114323790925,1.76236961974326e-19,3.67653649513294e-19
"MFNG",-0.0398323060209942,1.68771567360557e-19,3.52588191768352e-19
"TMA16",-0.0398790051223333,1.53182635975876e-19,3.20250892191293e-19
"AC005670.3",-0.039902087383439,1.46011722391886e-19,3.05588811862313e-19
"CEP95",-0.0399168399868556,1.41603392453002e-19,2.96469350481573e-19
"MRPS18B",-0.0401352727763016,8.98205932254718e-20,1.88733654311801e-19
"KAT8",-0.0402077525381373,7.71867413652329e-20,1.62598528747638e-19
"TRIM28",-0.0402663168133403,6.82753339418552e-20,1.44034933165177e-19
"LONP2",-0.0403770560489079,5.41141620259567e-20,1.14451058840924e-19
"PTDSS1",-0.0403924768196292,5.23879467228474e-20,1.10840460994972e-19
"PNN",-0.0404331863445441,4.80880538338366e-20,1.0177995953469e-19
"DDX17",-0.040487084495336,4.29276121675183e-20,9.09902559874604e-20
"DKC1",-0.0406025709913048,3.36422253359983e-20,7.14912664178508e-20
"UQCRH",-0.0406260137465447,3.20155940702207e-20,6.80843881215232e-20
"LINC00513",-0.0407199208218819,2.62435061695601e-20,5.58298894061066e-20
"SLC16A7",-0.0407419336726111,2.50469347943809e-20,5.33038392621538e-20
"DNAJA3",-0.0407750732039346,2.3346548823884e-20,4.97397880368086e-20
"SNHG9",-0.0408013641612814,2.20791907856748e-20,4.70569332036458e-20
"FNDC3A",-0.0408339736145909,2.06014047613192e-20,4.3939583292766e-20
"CEP63",-0.0410814286691726,1.21568164439472e-20,2.59953705563728e-20
"TRMT10B",-0.0411652583209071,1.01603360766716e-20,2.17422213835108e-20
"RNF111",-0.0412486995655032,8.49576427612356e-21,1.82338928998634e-20
"COX11",-0.0413066341268947,7.50169439539183e-21,1.61122867058453e-20
"NOA1",-0.0414149607772914,5.94167965480302e-21,1.27852803234784e-20
"SRM",-0.0414303213571813,5.74818869074877e-21,1.2378092875373e-20
"MT-ND6",-0.0414377119057206,5.65732662259068e-21,1.21869467496283e-20
"EIF5A",-0.0414500512691796,5.50877734530565e-21,1.18713436896242e-20
"RPL7L1",-0.0415547758228156,4.39382532365709e-21,9.4827006242462e-21
"AC016831.5",-0.0415650377255667,4.29740130839021e-21,9.2780447267325e-21
"PER1",-0.0416781499689057,3.36378481577581e-21,7.27047874648159e-21
"MRPL57",-0.041736699500387,2.9624641213438e-21,6.40544697665557e-21
"AIMP1",-0.0417659298581547,2.78021845079304e-21,6.01587104840251e-21
"GOLGA8B",-0.0417771452732151,2.71327574700795e-21,5.87320619799263e-21
"MBTPS1",-0.0418791086413458,2.17337131763475e-21,4.71329630525865e-21
"NXPE3",-0.0419398094519798,1.90396663451789e-21,4.13522200292152e-21
"CEBPZ",-0.0419949291775135,1.68810063991718e-21,3.67049791215812e-21
"NFE2L2",-0.0420967673137035,1.35102849859662e-21,2.94309506515875e-21
"CAPN7",-0.0421839957601039,1.1158994144038e-21,2.43453731100409e-21
"BRI3",-0.0421958488753638,1.08724675892193e-21,2.3729170720444e-21
"SDCBP",-0.0422048709171881,1.06592668121017e-21,2.327259906534e-21
"PSMB8-AS1",-0.0422346123664673,9.98531478952924e-22,2.1825742593736e-21
"APRT",-0.0424192669633012,6.649821901596e-22,1.46064871096281e-21
"CSTF2T",-0.0425246663833014,5.26861204062466e-22,1.1604555484802e-21
"ZNF91",-0.0426872748587328,3.67464710153219e-22,8.11129850136919e-22
"TFAM",-0.0428273034619258,2.69149398076295e-22,5.9524212390389e-22
"PURA",-0.0429248027091425,2.16562651540721e-22,4.79307742100027e-22
"LSM2",-0.042991015311713,1.8678784021436e-22,4.13723676572356e-22
"PIK3CA",-0.0430055563642349,1.80812653167327e-22,4.00641685172896e-22
"ZNF277",-0.0430209513660561,1.74692680582313e-22,3.87376520238231e-22
"OTUD1",-0.0431031080050941,1.45338911311084e-22,3.2302476196559e-22
"MTHFS",-0.0433079927805106,9.17253674457667e-23,2.04412513648311e-22
"TNRC6C-AS1",-0.043445689322795,6.72394343320107e-23,1.50075112264841e-22
"XPO6",-0.0434861742373943,6.13608528434956e-23,1.37007021408527e-22
"WDR74",-0.0435379648876552,5.45770377644742e-23,1.22047611961187e-22
"ZNF26",-0.0435770575360841,4.99532944078033e-23,1.11836882549365e-22
"SLC39A10",-0.0436425691477731,4.30586417861592e-23,9.66242571664701e-23
"HEIH",-0.0437638073990538,3.26915534971088e-23,7.36161599865155e-23
"OXA1L",-0.0437716935268168,3.21102041249722e-23,7.23350799900536e-23
"EIF3K",-0.0438459615745905,2.71137151540817e-23,6.11980242623391e-23
"C12orf76",-0.0438930663729723,2.43521315498172e-23,5.49862426447311e-23
"PPIL4",-0.0439837210690781,1.97977036197691e-23,4.4737268055248e-23
"SETD1B",-0.0440233991571725,1.80800601456593e-23,4.08876690920512e-23
"PHC3",-0.0440711003384111,1.62094660839401e-23,3.66716297702841e-23
"ARHGEF18",-0.0440815090051297,1.58274970155438e-23,3.58214223731857e-23
"RPS4Y1",-0.0441101664796414,1.48212909212322e-23,3.35572040647454e-23
"SCOC",-0.0442106708381907,1.17678666277769e-23,2.67063025539397e-23
"METTL4",-0.0442398089058394,1.10054881623994e-23,2.49956612738825e-23
"RBMS1",-0.0447790526595962,3.16137963362321e-24,7.24238802941194e-24
"NOP14",-0.044820295421834,2.87195296688444e-24,6.58713127211222e-24
"WDFY2",-0.0450094133915714,1.84706116847164e-24,4.26335167242143e-24
"NIFK",-0.0450605358453405,1.63879760830964e-24,3.78715375725473e-24
"PECAM1",-0.0450876619868131,1.53791844436998e-24,3.55544232246552e-24
"ZCCHC7",-0.0451939408620442,1.19859221596602e-24,2.77538564111336e-24
"ALG13",-0.0452351681574789,1.08794585903664e-24,2.52219438879973e-24
"CNOT7",-0.0453567431301375,8.17229962110909e-25,1.89913656129092e-24
"PIK3CD",-0.0454032452145736,7.32364160200978e-25,1.70328151224013e-24
"ASAP1",-0.0454781385563475,6.13672500424994e-25,1.42952487874552e-24
"CCNY",-0.0455750211904347,4.87994352157443e-25,1.13950308346286e-24
"AC058791.1",-0.0457409673901477,3.2920215949339e-25,7.69948873632026e-25
"ACAP1",-0.0457455884297107,3.25606801005386e-25,7.61846508632569e-25
"NOL9",-0.0457675542893776,3.09041497076326e-25,7.23670097102179e-25
"ZNHIT6",-0.0458325645505672,2.64752398815065e-25,6.20710343651938e-25
"WDR6",-0.0459196193055332,2.15147601678687e-25,5.04615763097874e-25
"TAF9",-0.0460940169853064,1.41815601005269e-25,3.33967695722294e-25
"IL16",-0.0461845908209458,1.14142568325982e-25,2.69454348948257e-25
"STAG2",-0.0462686204826617,9.32866834175989e-26,2.20758226393764e-25
"MPHOSPH8",-0.0463196402837982,8.25160406008515e-26,1.9550885771388e-25
"RBIS",-0.0464266663704553,6.37646571750687e-26,1.51388965482639e-25
"EBAG9",-0.046453393268193,5.97835409631435e-26,1.42111222935702e-25
"TKT",-0.0465229183278295,5.05445707831112e-26,1.20247664916677e-25
"NSUN5",-0.046569222101031,4.51916889119287e-26,1.07601022513777e-25
"PMPCB",-0.0465887509624378,4.31062485129046e-26,1.02761901705087e-25
"FXYD2",-0.0466857720468736,3.40782598835563e-26,8.13733962379742e-26
"ZNF33B",-0.046739320337783,2.99265527215751e-26,7.15185544481064e-26
"PUM3",-0.0467573173540319,2.86470527151734e-26,6.84889635461078e-26
"NOC3L",-0.0467667434824627,2.79986954681556e-26,6.69664271855639e-26
"USP3",-0.0467913785091499,2.6372105989606e-26,6.31019678927912e-26
"NDUFS5",-0.0469810845597801,1.6616088668901e-26,3.99060774147325e-26
"ANKH",-0.0470444978705312,1.4232783921158e-26,3.42246339055732e-26
"RRP15",-0.0471252170099405,1.16834600523844e-26,2.81410152608612e-26
"SIPA1L1",-0.0471285950068548,1.15872694250078e-26,2.79208996260967e-26
"SNRPD2",-0.0473991934805768,5.96409108796606e-27,1.44250093230373e-26
"NPDC1",-0.0474090038673499,5.82178979062221e-27,1.40866953634872e-26
"SUPT20H",-0.0474095196293418,5.81440244059908e-27,1.40746801269312e-26
"CCT2",-0.0475864211462139,3.75854181743203e-27,9.12093738743841e-27
"USP11",-0.0477425593698714,2.55384598491284e-27,6.21044052900144e-27
"BIRC2",-0.0477534319760189,2.48592536119284e-27,6.05033425429346e-27
"TTC39B",-0.0477950671509217,2.24199592055432e-27,5.46580549088158e-27
"PREPL",-0.0479087532557439,1.69030419553167e-27,4.1312228698192e-27
"WDR75",-0.0479183284403868,1.65051650583667e-27,4.03567603362337e-27
"GNB5",-0.04795247811235,1.5160308588643e-27,3.70996688493445e-27
"BICDL1",-0.0479765009186093,1.42799473160374e-27,3.49600058133149e-27
"CIAPIN1",-0.0481115510659033,1.01959134942188e-27,2.50036494634597e-27
"NXT1",-0.0482668234211896,6.91379499132675e-28,1.70050683409188e-27
"SAE1",-0.0483203409162099,6.04565081330301e-28,1.48886959859818e-27
"TNRC6C",-0.0484241880828557,4.6578463522598e-28,1.1500171197678e-27
"NDE1",-0.0485377396437838,3.50000194268993e-28,8.6672395785743e-28
"MORC2",-0.0486116643299673,2.90476398337551e-28,7.208577400247e-28
"ZNF83",-0.0486386517356774,2.71347402294401e-28,6.74250150549406e-28
"SKP1",-0.0486576395306711,2.58642802948896e-28,6.42956360452943e-28
"DEGS1",-0.0486792249707313,2.449155399513e-28,6.0909247676378e-28
"MED28",-0.0487279507949872,2.1652847688515e-28,5.38956534328263e-28
"SRFBP1",-0.0487615096387636,1.98900728544992e-28,4.95716567025512e-28
"CCNG1",-0.0488966963768586,1.41195866438126e-28,3.52504456932298e-28
"CIRBP",-0.048938796369503,1.26880487164368e-28,3.17037571538824e-28
"TRAF5",-0.0490062683914463,1.0688221013882e-28,2.6775836436501e-28
"DYRK2",-0.0490400630359772,9.80748899724438e-29,2.45800457317742e-28
"ZNF138",-0.0491284304825235,7.83032209797612e-29,1.96501865429349e-28
"ZFP14",-0.0491915537393786,6.66541786718182e-29,1.67485554016691e-28
"TECPR1",-0.0491930839787226,6.63942531168781e-29,1.66976806194416e-28
"ZKSCAN1",-0.049221533725488,6.17408899028075e-29,1.55408424476014e-28
"XPC",-0.0492766305808657,5.36297659114626e-29,1.35108885772614e-28
"ETFB",-0.0492926584546341,5.14753718440259e-29,1.29793866011921e-28
"HSPE1",-0.0494612124754778,3.34191100856038e-29,8.4411937339213e-29
"SLC25A36",-0.0495517148742573,2.64851286351304e-29,6.69558797857233e-29
"GADD45A",-0.0497053654580738,1.78288359267176e-29,4.51311822326144e-29
"ATP5PO",-0.0499254859571931,1.00918427169723e-29,2.56353976709105e-29
"CRTAM",-0.0500193214177741,7.91193740667434e-30,2.01243677057292e-29
"ITK",-0.0501391960666965,5.79403673370784e-30,1.47438447882268e-29
"YLPM1",-0.0501683882837723,5.37011591145107e-30,1.36710966611273e-29
"ICAM2",-0.050263391035784,4.19242325550523e-30,1.06776353904454e-29
"RBMX",-0.0503031259880321,3.77951171157067e-30,9.63021572452817e-30
"PDE4D",-0.0504001613216975,2.93307263890181e-30,7.48332668011297e-30
"TCEAL8",-0.0504327998311009,2.69301242391896e-30,6.87386394721871e-30
"OMA1",-0.0504540797053576,2.54710575342883e-30,6.50429641429189e-30
"TULP4",-0.0505146222170113,2.17353068040934e-30,5.5552156176513e-30
"PCBP2",-0.0505296138605779,2.08976115785571e-30,5.34581507458512e-30
"NMT2",-0.0506058131151208,1.71104124595874e-30,4.38473179960855e-30
"LINC00667",-0.0506585371310961,1.48970635705428e-30,3.8225930892713e-30
"ELP2",-0.0507860989548665,1.0648583102413e-30,2.73605503939983e-30
"RNMT",-0.050838999871822,9.26226417767229e-31,2.38301369635376e-30
"MFSD14C",-0.0508707759612954,8.51729400566756e-31,2.19231677417803e-30
"G3BP2",-0.0510367215791034,5.49238588245922e-31,1.41811402704811e-30
"ZMYM2",-0.0511855483894639,3.7012931468105e-31,9.56935754860436e-31
"GPR171",-0.0512257274548993,3.32654549371269e-31,8.61197434719738e-31
"EIF3G",-0.0512350900441267,3.24478110697132e-31,8.40404090629115e-31
"MARF1",-0.0513010621162044,2.7225291187698e-31,7.06083857130303e-31
"ZNF770",-0.0515429406362283,1.42795975339049e-31,3.71999197073309e-31
"HAX1",-0.0517038509777625,9.28006017859977e-32,2.42298785974941e-31
"TBL1XR1",-0.0518578868936479,6.13535823986139e-32,1.6098736835248e-31
"NOL11",-0.0519341884451279,4.99601832803128e-32,1.31210386455119e-31
"NBPF19",-0.0520911361511623,3.27117203622807e-32,8.60663280876303e-32
"PYCR2",-0.0520971907341541,3.21808300344593e-32,8.47078732609951e-32
"CSKMT",-0.0521115534860736,3.09554192448045e-32,8.15192100819228e-32
"LSM4",-0.0521340596680834,2.91277696343462e-32,7.67409778399002e-32
"MAP4K2",-0.052183527138071,2.54786740086827e-32,6.72183628408825e-32
"PIGP",-0.0522194648892699,2.31159221845953e-32,6.10125975190136e-32
"PPT1",-0.0524057453127175,1.39433934380766e-32,3.69703479297908e-32
"SNHG12",-0.0524161592154984,1.35541467703017e-32,3.59546786987647e-32
"ERAP2",-0.0525626534335714,9.09580554243487e-33,2.42055044929631e-32
"ATP5MG",-0.0526581367422982,7.00927271417033e-33,1.86785387504622e-32
"AAK1",-0.0527226561788542,5.87608719556942e-33,1.56875603034678e-32
"AL499604.1",-0.0527228681968795,5.87268102054777e-33,1.56856719170145e-32
"ELK4",-0.0527721220090061,5.13226613374239e-33,1.37269814861071e-32
"IRF2BP2",-0.0527896468558348,4.89183379994894e-33,1.30899346433256e-32
"IGBP1",-0.0527952837726021,4.81690189731691e-33,1.28953633474002e-32
"PRKRA",-0.0527986880705109,4.77220160182438e-33,1.27815832764071e-32
"NCBP2",-0.0528865799116331,3.75052373185453e-33,1.00683805679162e-32
"IPO7",-0.0530274149820038,2.54730644722641e-33,6.85414123670364e-33
"NOP58",-0.0531551818294144,1.79174749252118e-33,4.8300725540506e-33
"CTSA",-0.0533040486435324,1.18789309651135e-33,3.2126731860977e-33
"PHF1",-0.0533116148517236,1.1633002769181e-33,3.14762626138174e-33
"SEMA4D",-0.0533666201325245,9.99085929881812e-34,2.70834301514603e-33
"FOXK1",-0.0534637962838791,7.6327341121421e-34,2.07006302658749e-33
"ZBTB24",-0.0536879849794574,4.09383226623522e-34,1.11444276961869e-33
"ABI2",-0.0537612920835904,3.33748624822924e-34,9.1067934623044e-34
"EDEM1",-0.053805249900019,2.95234780830068e-34,8.05967377258972e-34
"TRA2B",-0.0538586842449859,2.54318049462732e-34,6.94920782076822e-34
"RASGRP2",-0.0539216315183422,2.13289903541973e-34,5.84460593769894e-34
"OXLD1",-0.0541085581886726,1.26343239144214e-34,3.47190026433178e-34
"ANTKMT",-0.0542942599474243,7.49635490140322e-35,2.06683181626924e-34
"MALT1",-0.0542997056172922,7.3822798991348e-35,2.03634602628246e-34
"IL17RA",-0.0543072791842434,7.22649189305142e-35,1.99431960505294e-34
"PRKAG2",-0.054386689874799,5.77730888774661e-35,1.59665807206768e-34
"ZC3H6",-0.0545631301720458,3.50954280985009e-35,9.72697320498271e-35
"JUN",-0.0545648741251004,3.49226674334486e-35,9.68370911847345e-35
"IFRD2",-0.0546515279623326,2.73233037279939e-35,7.59096755578875e-35
"KAT6B",-0.0547547326389045,2.03884498488997e-35,5.6778950896888e-35
"POLR3E",-0.0547993742196231,1.79602171332974e-35,5.00646436348798e-35
"DZIP3",-0.0548251335590129,1.66921767860939e-35,4.65746190498212e-35
"NHLRC3",-0.0549239318167793,1.26012558450338e-35,3.52108168131424e-35
"UBE2D2",-0.0549912930729337,1.04001753802901e-35,2.90884597258163e-35
"CCT8",-0.0550222413659453,9.52142292935246e-36,2.66434810136719e-35
"DIMT1",-0.055040111240899,9.04804724167389e-36,2.53310455532797e-35
"UGP2",-0.0551275379110202,7.04854984268308e-36,1.97617808421004e-35
"ABRACL",-0.0551629451080778,6.36982575469703e-36,1.78847474813039e-35
"ZNF107",-0.0551964071014096,5.78822352303844e-36,1.6259620645674e-35
"CTBP1-DT",-0.0552969913925884,4.33911552294313e-36,1.22125614621528e-35
"TSPYL2",-0.0553134778210941,4.13873552891876e-36,1.16542300843391e-35
"SAP25",-0.055623063922666,1.69884714205079e-36,4.81174443937583e-36
"PLCG1",-0.0556786140696646,1.44723124407603e-36,4.10307706857067e-36
"SPNS3",-0.055710046109567,1.32164911943712e-36,3.7506956455901e-36
"CASP8AP2",-0.0559138415826986,7.32792971273728e-37,2.08671864235321e-36
"LARP1",-0.0559465067907325,6.66561836321591e-37,1.90091138012811e-36
"TNFSF10",-0.0562050557789388,3.14313380898114e-37,9.0078371290919e-37
"RPS6KA5",-0.0563725927668283,1.92756792039256e-37,5.54605185807997e-37
"TMEM154",-0.0564017963395248,1.76982295546881e-37,5.09470580345951e-37
"USP10",-0.056498901021301,1.3319820669306e-37,3.84383305511452e-37
"COTL1",-0.0566219892949222,9.28400250404715e-38,2.68317367247747e-37
"PSMA3-AS1",-0.0566341867288893,8.95740738604215e-38,2.59007222525756e-37
"NAA25",-0.0566731273295325,7.98926724553598e-38,2.31243133620792e-37
"RFLNB",-0.0567785634884503,5.85915076525793e-38,1.70181830323234e-37
"RBM43",-0.0569353620087038,3.69060367593556e-38,1.07463870563815e-37
"SDHAF3",-0.0569913776474278,3.12788890342169e-38,9.11242621889065e-38
"RAB30-DT",-0.0574677348924293,7.61081550806509e-39,2.22953930105213e-38
"CBX3",-0.0574690193923902,7.58174462522858e-39,2.22214320533679e-38
"SUCLG2",-0.0574982433534274,6.94937337202543e-39,2.03988676960666e-38
"PRRC2C",-0.0576285869912102,4.70992086890002e-39,1.38673050101555e-38
"SMIM27",-0.0577698779296693,3.08647878748072e-39,9.10589579331875e-39
"MSL3",-0.0578339076340963,2.54762403175207e-39,7.51995473465874e-39
"NBEAL1",-0.0578621537462495,2.34070547867863e-39,6.91269321243913e-39
"ENOSF1",-0.0580196216690935,1.45857317235922e-39,4.31850599987356e-39
"AL133453.1",-0.0580735000924543,1.2402683103963e-39,3.67589975523881e-39
"ATIC",-0.0581497789112856,9.85637466155712e-40,2.92869373890439e-39
"ZNF721",-0.058201302991906,8.43786385676257e-40,2.5084841296933e-39
"HMGA1",-0.0582868415685869,6.51726318268455e-40,1.94247864706475e-39
"NUDCD3",-0.0584641645656893,3.81081702052023e-40,1.13932451251356e-39
"YIPF4",-0.0585547112808907,2.89564281726832e-40,8.66605358082569e-40
"AKIRIN1",-0.0585945139281351,2.56599967923551e-40,7.68345705085873e-40
"MBNL1",-0.0587332408481092,1.68281947738803e-40,5.04672177635666e-40
"TTC28-AS1",-0.0587642739480902,1.53106106490498e-40,4.59397362376239e-40
"UBTF",-0.0587810871452898,1.45460813687005e-40,4.36682979932268e-40
"ZNF43",-0.0588053237610654,1.35103316532219e-40,4.05798695444578e-40
"AC114760.2",-0.0588369259708568,1.22692212122233e-40,3.69092720939141e-40
"PA2G4",-0.0588834069079172,1.06469260572756e-40,3.20455381899979e-40
"AGO2",-0.05889752251574,1.01978775277176e-40,3.07257979217703e-40
"FAM118A",-0.0590209815468605,6.99258264171381e-41,2.11121508122809e-40
"NUMA1",-0.0591045337522296,5.41428905891273e-41,1.63809724156173e-40
"FCGRT",-0.0591865927696187,4.20996338000496e-41,1.2757198730234e-40
"CSDE1",-0.0592111418806534,3.9044635182205e-41,1.18376327427739e-40
"GABPB1-IT1",-0.0593829684869816,2.30243415637241e-41,6.99516326023859e-41
"RGL4",-0.0593889112621894,2.26069651058797e-41,6.875545850098e-41
"C19orf53",-0.0595582955944707,1.34108899365894e-41,4.08298021537233e-41
"CEP85L",-0.0602151834958712,1.74533110947876e-42,5.35013945584945e-42
"LST1",-0.0602168712961045,1.7361608608682e-42,5.32483742657835e-42
"MAX",-0.0602303346508798,1.66470642576127e-42,5.10838106997069e-42
"PCMTD1",-0.0602633085085159,1.50181946920661e-42,4.61097451401418e-42
"RNF138",-0.0602797904761428,1.42644604735399e-42,4.38187337590984e-42
"RBPJ",-0.0603406117015556,1.17945577677832e-42,3.62506450271582e-42
"SMIM26",-0.0603939889762352,9.98035127574252e-43,3.07234118721481e-42
"PLAC8",-0.0604401918192249,8.6359058316938e-43,2.66269945325222e-42
"NPAT",-0.0605097478826117,6.94413566073276e-43,2.14449077896805e-42
"EPC2",-0.0606152709944638,4.98606190771084e-43,1.54307730604981e-42
"ANXA2R",-0.0606195531147561,4.91942722138738e-43,1.52326643637206e-42
"TTC32",-0.0609431210454243,1.77501677921962e-43,5.51384153972444e-43
"LETMD1",-0.0611493028242877,9.24431061896981e-44,2.88549588171066e-43
"MT-CYB",-0.0611886103804141,8.16114543315302e-44,2.55013856223039e-43
"AC127502.2",-0.0612036693794309,7.78048858190313e-44,2.43250132533733e-43
"AL118516.1",-0.0612243884623566,7.28546634353998e-44,2.27896288421175e-43
"WDR73",-0.0612696381229748,6.31063169179921e-44,1.97615255348798e-43
"LINC01184",-0.0613745442160773,4.52131446221914e-44,1.41889198997935e-43
"CLDND1",-0.0614904900394503,3.12557782585804e-44,9.8193828777767e-44
"RERE",-0.0615367418337492,2.69703952116901e-44,8.47766019309588e-44
"FOXJ3",-0.0615461438520633,2.61735624203014e-44,8.2316420339173e-44
"CUX1",-0.0615513879187449,2.57393425238906e-44,8.10384933634085e-44
"GPBP1",-0.0615540972122969,2.5517822878874e-44,8.03845997680302e-44
"OGT",-0.0616043552971535,2.17359795364518e-44,6.85827975384679e-44
"NINJ1",-0.0616283925479266,2.01298404506778e-44,6.35495017378271e-44
"KIAA0355",-0.0616941462993815,1.63145736423432e-44,5.15607950023374e-44
"YEATS4",-0.0617233331486088,1.48605190617964e-44,4.7042122433094e-44
"LTA4H",-0.061766883599414,1.29272163993313e-44,4.09667293963542e-44
"NT5DC1",-0.0618227237989093,1.08101750657349e-44,3.42764525270327e-44
"KLHL36",-0.0618290999398469,1.05915427468565e-44,3.36086836156156e-44
"HIF1A",-0.0618441252700226,1.0093580812194e-44,3.20742983490824e-44
"TMEM245",-0.0619958897181568,6.2018039880235e-45,1.97506217963795e-44
"IFNAR1",-0.0620943298143107,4.51894404105683e-45,1.44229010250534e-44
"MYCBP2",-0.0621877441507344,3.34482629302925e-45,1.06990260952592e-44
"PITPNC1",-0.0622327524243305,2.89299863157038e-45,9.26907830578117e-45
"C15orf40",-0.0624244962457575,1.5571784460985e-45,5.01402832616314e-45
"RRS1",-0.0626886522711216,6.61277862929697e-46,2.13637962164947e-45
"FUT8",-0.0626988054682814,6.39817510867814e-46,2.06934856603435e-45
"GIMAP8",-0.0628408990208089,4.02990923733478e-46,1.30411094027782e-45
"ZSWIM7",-0.0628731340625143,3.62817266917279e-46,1.17475986368982e-45
"PRDX6",-0.0630300274305223,2.17458338764956e-46,7.0567719983357e-46
"RBM26",-0.0630683674876259,1.9185166402588e-46,6.23276618959426e-46
"HPS4",-0.0630925492025839,1.77268256280696e-46,5.76543427813882e-46
"CNN2",-0.0631350435480982,1.54263508630755e-46,5.02848857073441e-46
"TUG1",-0.0632219684822656,1.16051461242866e-46,3.78927580192999e-46
"SNHG15",-0.0632798714846535,9.59875158158464e-47,3.13591591861551e-46
"AP1M1",-0.06337323992092,7.06526444773303e-47,2.31342630818165e-46
"HMGN1",-0.063471750470426,5.11093254796962e-47,1.67823389654234e-46
"TUT4",-0.0634840405241674,4.90840326495649e-47,1.61264215805128e-46
"FAM200B",-0.0636866053409948,2.51784138432569e-47,8.30516125181664e-47
"TRAPPC6A",-0.0637340253306077,2.15291744969489e-47,7.10548337173578e-47
"SLC25A37",-0.0637390148620405,2.11772407614063e-47,6.99727818677053e-47
"ZRANB2",-0.0638731516637299,1.35902157723012e-47,4.49552271306855e-47
"BNIP3",-0.06391419901706,1.18630021871868e-47,3.93088761185461e-47
"NHP2",-0.0639973857354394,9.00418656145638e-48,2.98871115335148e-47
"NUDCD2",-0.0642937302294237,3.36187820461585e-48,1.11716615924684e-47
"ARL2",-0.0645031863482863,1.6710052018585e-48,5.57833557334958e-48
"COX7A2L",-0.0647638860460595,6.97779713729752e-49,2.33477011870888e-48
"CNIH1",-0.0647979605334668,6.22349949265174e-49,2.08478265425313e-48
"DDT",-0.0654839083558505,6.14193640128773e-50,2.07781922958581e-49
"SFI1",-0.0656199038186163,3.86948091058914e-50,1.31057243894779e-49
"HNRNPA0",-0.0656290945532558,3.75039795972865e-50,1.27172187525921e-49
"TPP2",-0.0657408968277735,2.56321716892058e-50,8.71703814263688e-50
"AFF1",-0.0657523214974922,2.4653522270128e-50,8.38912596217704e-50
"KDM5B",-0.0657756831813839,2.27666326720553e-50,7.75159162800147e-50
"GIMAP2",-0.065784634331425,2.20823847568415e-50,7.52743813529399e-50
"SHISAL2A",-0.0658304590234126,1.88873462423031e-50,6.44587530007433e-50
"CDC37L1",-0.0658645280303929,1.68142566920243e-50,5.74174264947387e-50
"ESF1",-0.0659411552005212,1.2942375760262e-50,4.42998162065035e-50
"TRMT11",-0.0661044508288696,7.40203577017487e-51,2.53659386180757e-50
"CTBS",-0.0662041933339851,5.25817662589894e-51,1.80617745565748e-50
"STYX",-0.0662280482892553,4.84486964193986e-51,1.66519115073651e-50
"CBL",-0.0662894019471973,3.92448493356518e-51,1.35045035132509e-50
"AC243960.1",-0.0663393820310214,3.30508413400554e-51,1.13933268012101e-50
"EIF3D",-0.0663655531051952,3.02062774741605e-51,1.04189249068143e-50
"TRMT10C",-0.0664315090385351,2.40728005173841e-51,8.31814010743381e-51
"MRPS21",-0.0664734859724033,2.08325024127605e-51,7.21134627891387e-51
"VEGFB",-0.0664971296288413,1.92025985778774e-51,6.65110267786792e-51
"GOLGA8A",-0.0665193832161814,1.77847281222065e-51,6.17103521470234e-51
"ABCD2",-0.0667937842078851,6.8922814233258e-52,2.39867901990237e-51
"U2AF1L4",-0.0668210291693597,6.27183783763959e-52,2.18405761008756e-51
"AC008555.4",-0.0671820563805752,1.79036166666345e-52,6.27598432246559e-52
"RDH14",-0.0676707992865747,3.24493189563507e-53,1.14092826239752e-52
"OIP5-AS1",-0.0677520980223839,2.43950380161214e-53,8.59817834746497e-53
"MRPL3",-0.0679178519563486,1.36213893410714e-53,4.81554226583375e-53
"CXCR4",-0.0681025864847119,7.1028319122327e-54,2.51871013263554e-53
"RSL24D1",-0.0683035886981514,3.49032375603037e-54,1.24071936819869e-53
"TMEM131L",-0.0685331690479103,1.54637457004276e-54,5.51044083451167e-54
"EBLN3P",-0.0685530191679276,1.44108619046119e-54,5.14155490421144e-54
"AKTIP",-0.0688744029801823,4.5880004855991e-55,1.64398636389038e-54
"CD2AP",-0.0689552542831758,3.4372308418974e-55,1.23697743982091e-54
"SECISBP2",-0.0690194842242236,2.73194278768734e-55,9.83770228131279e-55
"MSI2",-0.0691568659626339,1.67044127746934e-55,6.02270763315869e-55
"MIF",-0.069403631120917,6.88686574073372e-56,2.49386066574108e-55
"MRNIP",-0.0696141507736743,3.22588230081158e-56,1.16960872940218e-55
"NCOA3",-0.0696198436245533,3.16029603340934e-56,1.14654435369382e-55
"EIF3F",-0.0696728127201201,2.6102953599676e-56,9.47597541045077e-56
"UBE2G2",-0.0703691573147894,2.08528903947882e-57,7.62724977813145e-57
"C1orf162",-0.0706227872094154,8.25462279637961e-58,3.02115035847345e-57
"LRPPRC",-0.0706375330872396,7.82083817855181e-58,2.86419102039969e-57
"SENP7",-0.0707521322291612,5.13912382823876e-58,1.88683434552897e-57
"STX17",-0.0707677430879347,4.85315581661371e-58,1.78296723174203e-57
"PHF3",-0.0708023280236409,4.2748221228882e-58,1.57149058685808e-57
"ZNF706",-0.0709577929587805,2.41475667100733e-58,8.89953441464464e-58
"RNF216",-0.0713515588868094,5.65169261439434e-59,2.10023257511892e-58
"LUC7L3",-0.0715226721809556,2.99926998045242e-59,1.11742032861471e-58
"UBAC2",-0.0715406459329066,2.80591211954059e-59,1.04672408464505e-58
"PCMTD2",-0.0715769453582651,2.45246133916452e-59,9.15459557047152e-59
"SERBP1",-0.0716041020671334,2.21736969849071e-59,8.29301974750838e-59
"EIF2D",-0.0716399023696732,1.94141834461182e-59,7.26563001859879e-59
"MAP4K4",-0.0717609212277063,1.23820471244115e-59,4.63987478317728e-59
"JPX",-0.0717873557970433,1.12223179466025e-59,4.2080072197196e-59
"RPS26",-0.0717965012869013,1.08468262457448e-59,4.06983564494957e-59
"TARBP1",-0.0719305946152534,6.58233057745893e-60,2.47614921140397e-59
"COA1",-0.0719460243918719,6.2143093666207e-60,2.33922059836784e-59
"CHURC1",-0.0722408504207446,2.06500902665447e-60,7.80860927971099e-60
"TATDN1",-0.0723640624897602,1.30130909294549e-60,4.93359977051481e-60
"CDKN1B",-0.0724527912228914,9.32721811448426e-61,3.54312363930605e-60
"TMEM41B",-0.0724568261535179,9.18694140830986e-61,3.49211925867213e-60
"TMEM263",-0.0727813735694504,2.7077749456875e-61,1.03332816706078e-60
"KNOP1",-0.0731086160051734,7.85668658963101e-62,3.0081068813528e-61
"MKRN1",-0.0731630999654871,6.3905023511101e-62,2.44835858039894e-61
"ZNF506",-0.0731983559268816,5.5905241011311e-62,2.14328008415395e-61
"ORAI2",-0.0734402438555481,2.22944426888008e-62,8.57546663847188e-62
"CD96",-0.0734595240677701,2.07164891138189e-62,7.97907453475916e-62
"LRRC8C",-0.0735517287164036,1.45792974347138e-62,5.62648583602633e-62
"AC092338.3",-0.0737668814767393,6.41144927686783e-63,2.48091499315285e-62
"SRSF6",-0.0742114379596817,1.16533089083876e-63,4.5303699916755e-63
"SRSF8",-0.0744363723329987,4.89857003310334e-64,1.91333931669332e-63
"CD48",-0.0745422330862401,3.25490233634355e-64,1.27476363738738e-63
"NSMCE1",-0.0745669380981262,2.95849282433491e-64,1.15945787559235e-63
"GCHFR",-0.0746873628926862,1.85669055141436e-64,7.29127397622991e-64
"POU2F2",-0.0747247737914812,1.6062645424341e-64,6.32065641206973e-64
"ERO1A",-0.0749058938695539,7.95680189029291e-65,3.13950662500899e-64
"CYTIP",-0.0749308004588333,7.22317077817406e-65,2.85197476649101e-64
"AC092683.1",-0.075012412651911,5.25983287196811e-65,2.07818821562737e-64
"TIMP1",-0.0751156438309022,3.51972574623359e-65,1.39255589088561e-64
"TRADD",-0.0751651679119544,2.90219382500324e-65,1.14901570237867e-64
"ZNF302",-0.0751809623097828,2.72894359459798e-65,1.08116020257692e-64
"HPCAL1",-0.0752318793401923,2.23758529394716e-65,8.87097252961864e-65
"NFIC",-0.0753492943621671,1.41495875276943e-65,5.61730892834422e-65
"PBXIP1",-0.0754548954490649,9.36414149600513e-66,3.72259852084691e-65
"SMIM20",-0.0757576781671366,2.85788105713293e-66,1.14079702637751e-65
"LINC00861",-0.0758868229169096,1.72017012344008e-66,6.88068049376033e-66
"ANAPC16",-0.0760540733479102,8.90194147156205e-67,3.56814371260129e-66
"TRDMT1",-0.0762097886524355,4.81460016936794e-67,1.93382558288642e-66
"MTAP",-0.0765739066134211,1.13829178059924e-67,4.59746478724309e-67
"BTG2",-0.0766930093925768,7.09149376721394e-68,2.8661864933969e-67
"ABCE1",-0.0768967209304997,3.15124566252714e-68,1.27987699445197e-67
"CYB5A",-0.0769016322483896,3.09013941242582e-68,1.25593638216915e-67
"GGNBP2",-0.076906413340793,3.03178816082087e-68,1.23308277051721e-67
"CD69",-0.0771696862008814,1.05925670903861e-68,4.31725104693715e-68
"SDCCAG8",-0.0775553169997934,2.25536612250651e-69,9.22462202956216e-69
"ERCC6L2",-0.0775732298142402,2.09860338846492e-69,8.58949499560432e-69
"DCK",-0.0776442222018492,1.57711352091203e-69,6.45960802222744e-69
"MDN1",-0.0777733056356058,9.37523680565611e-70,3.84536882953234e-69
"ST3GAL1",-0.0779495117354237,4.60291798786879e-70,1.89061196787939e-69
"COX4I1",-0.0782189546720744,1.54613862556841e-70,6.36864471424776e-70
"GPATCH4",-0.0785283571457305,4.39714251490892e-71,1.81894607093599e-70
"MTRNR2L12",-0.0785377555227235,4.23203248764787e-71,1.75314132702847e-70
"FTX",-0.0785731669405393,3.66356555486466e-71,1.51981748785677e-70
"ICE2",-0.0786481077173968,2.6992015846805e-71,1.12135522588728e-70
"ZBED5",-0.0788695792724236,1.09249000994242e-71,4.55165013461315e-71
"SNRPN",-0.0798100327905844,2.2802228589867e-73,9.6382947319496e-73
"ZNF22",-0.0802703096529728,3.37463684651832e-74,1.43687834080326e-73
"LINC00476",-0.0809444802872549,2.01470971414597e-75,8.69301622762908e-75
"INPP4B",-0.0809959297343917,1.6232227258201e-75,7.00904196319941e-75
"DANCR",-0.0811461330973443,8.63159506358823e-76,3.74100152942392e-75
"FGD3",-0.0812902119377775,4.70442930957803e-76,2.04656760084337e-75
"ZNF141",-0.0813307443048299,3.96524807362045e-76,1.72629376808105e-75
"MTR",-0.0814160356376743,2.76652271359583e-76,1.20532458856214e-75
"EIF3M",-0.0815087169590677,1.87010219115957e-76,8.15381390474073e-76
"TIMM9",-0.0815770087285673,1.40096137917994e-76,6.11290355540077e-76
"JMJD1C",-0.081998540683722,2.34319035829321e-77,1.02549867186748e-76
"HIST1H4C",-0.0822194371191923,9.14583510241068e-78,4.01174291435554e-77
"C18orf25",-0.0824993978782207,2.76565542835844e-78,1.21957430573742e-77
"STAT5A",-0.0828930503763449,5.1100337457789e-79,2.2706052087513e-78
"RPS6KA3",-0.0832836371366762,9.49034610848988e-80,4.24291473711871e-79
"DENND11",-0.0833032704147516,8.71844263885897e-80,3.90081513603144e-79
"SEC62",-0.0833692494528863,6.55481961700274e-80,2.93728694017116e-79
"WWP1",-0.0839685007954549,4.86311199003077e-81,2.19614661119338e-80
"TMPO",-0.0839852103570721,4.52166294728993e-81,2.04353849530708e-80
"NORAD",-0.0840704100591795,3.11884325132523e-81,1.41173808229768e-80
"DDX18",-0.0841133685248761,2.58582846842347e-81,1.1713823116506e-80
"TAF1D",-0.0841857341254736,1.88535455728987e-81,8.54733282914877e-81
"COMMD6",-0.0845554452502736,3.73727779107396e-82,1.69961334285773e-81
"LGALS3BP",-0.0847554662010361,1.55242641541516e-82,7.11008851567605e-82
"NIPAL3",-0.0849071837156327,7.96159015943989e-83,3.65503649341743e-82
"HDAC7",-0.0850024652958998,5.23117791630783e-83,2.40916054275603e-82
"SLC25A6",-0.0850703644214198,3.87696798291154e-83,1.78832840608586e-82
"WDR43",-0.0851125088103079,3.21871880759052e-83,1.48705832350684e-82
"KLF9",-0.0854368463875296,7.6636326532509e-84,3.55475123549036e-83
"LIMD2",-0.0857291526821566,2.0926069739846e-84,9.75319304955773e-84
"CD44",-0.0858506052200944,1.21865439033257e-84,5.68444567946461e-84
"ZFAND1",-0.086076952737735,4.43998852231575e-85,2.07771443572457e-84
"CDK6",-0.0861963220847774,2.60411622507183e-85,1.22254632472678e-84
"RALA",-0.0863832977320359,1.12732410165218e-85,5.30097708640975e-85
"SUPT3H",-0.0869311611027098,9.59482419315896e-87,4.5300664671519e-86
"DOCK10",-0.087012844946553,6.63617731132969e-87,3.13572866125595e-86
"ZNF274",-0.0870334249873527,6.04717350881685e-87,2.85973738268865e-86
"NAP1L4",-0.0874067804287662,1.11578657347902e-87,5.31553406972135e-87
"AC044849.1",-0.0875146726647997,6.83733632843529e-88,3.26529159744173e-87
"FYB1",-0.0880603903393083,5.68879300762128e-89,2.73476136975144e-88
"MRTO4",-0.0881535197442835,3.71584760083186e-89,1.7907550792732e-88
"MT-ND4",-0.0882489849978837,2.40022182520441e-89,1.15960841629992e-88
"EBPL",-0.0883736489581005,1.35543471223106e-89,6.5538989579758e-89
"SLC12A6",-0.0890226691078077,6.82858410614988e-91,3.32671674978567e-90
"SELENOM",-0.0890683045676246,5.5299223372042e-91,2.69630105904621e-90
"ATP8B2",-0.0896829807250051,3.19264740277501e-92,1.56455874409177e-91
"HBS1L",-0.0897829117771317,2.00436335390409e-92,9.83068338640553e-92
"CCDC57",-0.0907520228486607,2.13556974389836e-94,1.05903851122332e-93
"ATXN7",-0.0908741359523203,1.20075115276391e-94,5.95966327913221e-94
"ATP6V0E2",-0.0912379944474328,2.14947928319913e-95,1.07142140599943e-94
"PLEKHO1",-0.0914720279179352,7.08254940816051e-96,3.54554497504125e-95
"NFKB2",-0.0916304052460627,3.33579589093207e-96,1.67423538152825e-95
"N4BP2",-0.0918395237213059,1.23188595652149e-96,6.2042644534687e-96
"PRMT2",-0.0927407390078831,1.63942137659907e-98,8.35084753794375e-98
"UGCG",-0.0928726137536735,8.68234980485518e-99,4.43036146319739e-98
"CFAP36",-0.0929204166180255,6.89403459121177e-99,3.52092522356088e-98
"FAM162A",-0.0934079666292648,6.51482198322951e-100,3.33898989122839e-99
"ITM2B",-0.0936844802789805,1.69982281543696e-100,8.73507533450008e-100
"GIMAP5",-0.0940353867996508,3.07188232347432e-101,1.58841459644419e-100
"CCNI",-0.094195343817328,1.40534253324734e-101,7.27972442355928e-101
"MT-ND2",-0.0946447792446232,1.5502609159605e-102,8.09534271658796e-102
"R3HDM4",-0.0950793466690753,1.82098188724077e-103,9.56056615053602e-103
"TMEM14B",-0.0952362805245468,8.3822436030709e-104,4.40883256299077e-103
"SLC25A45",-0.0952730366644168,6.98813752083982e-104,3.67889993397836e-103
"CHD2",-0.0957516613337157,6.49899044593739e-105,3.44008492457086e-104
"C12orf65",-0.095870173438747,3.60265648326542e-105,1.91220451878892e-104
"AC026979.2",-0.0962972918922717,4.27096342519305e-106,2.28571265444033e-105
"LYRM7",-0.0963483217496694,3.30827322579655e-106,1.77213677311793e-105
"GZMK",-0.0971546290297178,5.74119390636167e-108,3.09247627282428e-107
"CARS",-0.0971603618943374,5.57738981286688e-108,3.0070305744325e-107
"FOS",-0.0971756731821701,5.16240660198521e-108,2.79106113216168e-107
"ZC3HAV1",-0.0978922140102538,1.3658956468273e-109,7.43313249003769e-109
"SC5D",-0.0980069488830409,7.61624124025075e-110,4.14860300734183e-109
"PPP1R14B",-0.098055544753318,5.94572884279341e-110,3.24170506888511e-109
"CRLF3",-0.0988739236605397,9.01818147184219e-112,4.96341578734345e-111
"SNHG1",-0.0991224320199177,2.51013368488949e-112,1.38283383664243e-111
"TOB1",-0.0992277334422236,1.45854020580574e-112,8.04272834548666e-112
"C12orf57",-0.100131683854181,1.34720875204551e-114,7.47848831603489e-114
"SLC38A1",-0.100228799933856,8.12352134575238e-115,4.52240479516406e-114
"TACC3",-0.100289088593911,5.93271904257458e-115,3.30911353891012e-114
"UBQLN2",-0.100372622607541,3.83706383289287e-115,2.1463922037318e-114
"GPR183",-0.102151806848717,3.2736034617115e-119,1.85802571479172e-118
"CBX5",-0.10215624754926,3.19726965756248e-119,1.81647421796218e-118
"CD7",-0.102533277722086,4.29673752734016e-120,2.45070054061835e-119
"SPOCK2",-0.102652282203274,2.2768733441983e-120,1.29992022362284e-119
"ESD",-0.102991905273181,3.702131134158e-121,2.12197102088031e-120
"SEPTIN6",-0.103074947209425,2.37222506598159e-121,1.36238854579891e-120
"KDM6B",-0.10319401216856,1.25237061097562e-121,7.22100991169673e-121
"ATXN7L3B",-0.104029217929342,1.38843632169525e-123,8.0615303713215e-123
"PGGHG",-0.104040720562832,1.30462713716225e-123,7.58249292118701e-123
"SRSF5",-0.104205922502764,5.33096441977641e-124,3.10767955945241e-123
"PSMG4",-0.104228841442262,4.70796686775338e-124,2.74725938106251e-123
"GYPC",-0.10425107129073,4.17322904460332e-124,2.43766906605372e-123
"NAA16",-0.104505410597333,1.04852948462385e-124,6.14939794614916e-124
"HELB",-0.10454424755896,8.48882752951398e-125,4.98354197995305e-124
"LARS",-0.104672963327258,4.2128184634097e-125,2.47822883697744e-124
"TSTD1",-0.104678152274802,4.09541996878931e-125,2.41160900289802e-124
"MRPS33",-0.104737848290875,2.95831697334762e-125,1.74555718264938e-124
"SYNJ2BP",-0.104836851884817,1.72424849363575e-125,1.01946411444669e-124
"ZNF331",-0.105207395846039,2.27579240419898e-126,1.35106286549586e-125
"ZNF433-AS1",-0.105300817908077,1.36427246346233e-126,8.12413069430644e-126
"MHENCR",-0.105444179812133,6.215588904635e-127,3.71656406519945e-126
"MRPS25",-0.105557601054087,3.33451187955275e-127,2.00001888998561e-126
"SMAP2",-0.105738857455635,1.23088066511866e-127,7.40567124810523e-127
"SFXN1",-0.106288615622713,5.92702808180768e-129,3.58458763907037e-128
"MCRIP2",-0.106397369676757,3.24642862604416e-129,1.96749146762968e-128
"STX16",-0.106891496353632,2.09003837898306e-130,1.27731893361194e-129
"IPCEF1",-0.107842095070431,1.02943240030206e-132,6.31791035961518e-132
"DDX21",-0.107893005629844,7.73438258288386e-133,4.75684990176942e-132
"OCIAD2",-0.107975092780695,4.87626187237007e-133,3.00220699176005e-132
"BTF3L4",-0.108423068180428,3.90874011853744e-134,2.41676569882336e-133
"NECAP2",-0.108791925827881,4.85384061210728e-135,3.00751829824814e-134
"ETFRF1",-0.108832672054605,3.8531515333887e-135,2.39002312828763e-134
"CCDC66",-0.109160398960888,5.99712267031164e-136,3.73182836829243e-135
"SOCS1",-0.109160734727566,5.9856865276774e-136,3.72870419066035e-135
"TMEM204",-0.109307298150515,2.60027781399297e-136,1.62154663679476e-135
"PEBP1",-0.109561942428995,6.09151525419723e-137,3.8109673474052e-136
"ITPKB",-0.109586783713699,5.28637693996346e-137,3.31082141972712e-136
"EIF2A",-0.109930469942598,7.41131992368689e-138,4.64666573856183e-137
"EIF4A2",-0.110082400533968,3.10335144894818e-138,1.95202149581026e-137
"TTC39C",-0.110380222480498,5.61283710336895e-139,3.54584883095438e-138
"BCAS4",-0.110581160988883,1.76589314799168e-139,1.1192334761317e-138
"MT-ND1",-0.110945345666992,2.15951777892322e-140,1.37020931562246e-139
"FBXO32",-0.111281499801416,3.08510181537568e-141,1.95962969955885e-140
"PNISR",-0.111308516724301,2.63776356493821e-141,1.68099581572597e-140
"RIPOR2",-0.111409452912348,1.46862341831395e-141,9.37982341455018e-141
"EEF1D",-0.111482356669604,9.6176914455519e-142,6.14986466110875e-141
"CCND2",-0.112099368737172,2.64389264675059e-143,1.70169480209462e-142
"TMEM238",-0.112177203301719,1.67773645497193e-143,1.08224242800187e-142
"ARL14EP",-0.112314582922485,7.51198416569376e-144,4.86187661147129e-143
"GNL3",-0.112509060524879,2.40436098903589e-144,1.56135710260073e-143
"SNHG16",-0.112560916016208,1.77390532983297e-144,1.15452830649375e-143
"TMEM161B-AS1",-0.112625109138101,1.21717394883405e-144,7.9485561692399e-144
"DOCK9",-0.112838846762949,3.46749656189125e-145,2.26949211911171e-144
"LINS1",-0.113096244341822,7.61869359478345e-146,5.00903248562007e-145
"CLNS1A",-0.113870235685761,7.82767503373323e-148,5.21725313028183e-147
"CCDC18-AS1",-0.114192193888831,1.15476141146309e-148,7.72321441130436e-148
"ILF3-DT",-0.114504808343616,1.79132561911016e-149,1.1994452186945e-148
"ADSL",-0.114517787605694,1.6577688217934e-149,1.11129785377892e-148
"CRTC3",-0.114592184870275,1.06307333319576e-149,7.13462149253323e-149
"CNST",-0.11464986845108,7.53119161246276e-150,5.06026423718307e-149
"DMAC1",-0.114686406834192,6.05340817707456e-150,4.07675646873202e-149
"MAPKAPK5-AS1",-0.115168234003403,3.37402732474487e-151,2.28021474551363e-150
"ABRAXAS1",-0.115986879486343,2.42916232130872e-153,1.65902366762001e-152
"UQCRB",-0.116177769877371,7.64877729403028e-154,5.25469191878297e-153
"PNRC1",-0.116402600966956,1.95618789302168e-154,1.34708104671114e-153
"IL4R",-0.116505309478526,1.04832705932827e-154,7.24480008182629e-154
"GIMAP1",-0.116604322799094,5.74246072133226e-155,3.97323591814085e-154
"APEX1",-0.117421781759077,3.91093526245656e-157,2.72546231959203e-156
"ZBTB20",-0.117748723612612,5.26404997865398e-158,3.67724260528088e-157
"TCP11L2",-0.118902650817735,4.24081970534814e-161,2.96959567801004e-160
"THOC3",-0.119012421691281,2.14547628195485e-161,1.50416262372999e-160
"STT3B",-0.11967432620966,3.47686362812126e-163,2.45833715409255e-162
"RHOH",-0.119921800681717,7.39937497717842e-164,5.25735542388276e-163
"ZBTB25",-0.120088118602757,2.61080492360528e-164,1.85955860490121e-163
"CEP68",-0.120095629828338,2.49073244691915e-164,1.77621312656369e-163
"SCML4",-0.120693674481213,5.80888495712455e-166,4.17320634991445e-165
"TOMM7",-0.121331222282566,1.03484000696433e-167,7.49002505663351e-167
"FOXO1",-0.121582996448929,2.09643331781538e-168,1.52496501165744e-167
"OTULINL",-0.121834921393864,4.22858964550792e-169,3.09528501507456e-168
"SIRPG",-0.122307904708903,2.07404454843612e-170,1.52780062300516e-169
"AC008105.3",-0.123259575139996,4.63948448596103e-173,3.44376549583723e-172
"SINHCAF",-0.12375110379901,1.94678336575569e-174,1.45246533013762e-173
"C11orf1",-0.124020449958142,3.40627438848627e-175,2.54791077810581e-174
"TRIM44",-0.12406469495148,2.55717525801665e-175,1.9152451803599e-174
"TNRC6B",-0.124318958830232,4.91243981223922e-176,3.7031258351147e-175
"TMEM106B",-0.124912890117495,1.02763845112075e-177,7.82783050840602e-177
"GRAMD1A",-0.125379843213664,4.84902287362967e-179,3.72292218514341e-178
"APBA2",-0.125575511740837,1.3440783868869e-179,1.03742145877645e-178
"HSPB1",-0.126705442655266,7.81762191481731e-183,6.12345263732051e-182
"ATP6V1G1",-0.126787460944668,4.54012923540914e-183,3.56584204272945e-182
"DARS",-0.126811021179044,3.88369297490907e-183,3.05440102438045e-182
"PCGF5",-0.126849278783153,3.01359083981752e-183,2.37330487276686e-182
"SNHG3",-0.127402913640485,7.60485644894019e-185,6.00535675016853e-184
"EIF3L",-0.128295450695687,1.94893582806533e-187,1.55593613086754e-186
"LINC01089",-0.128737062064225,1.00178396874588e-188,8.04194534026386e-188
"NME2",-0.128815802019499,5.89466916666646e-189,4.73856392761624e-188
"NBDY",-0.129710618823448,1.3896660562604e-191,1.12803618980244e-190
"CHCHD10",-0.129866641983203,4.8177133414561e-192,3.92164564993597e-191
"PTMA",-0.130614364165453,2.9518200477203e-194,2.42658813541024e-193
"FBL",-0.131278507762237,3.11655936861712e-196,2.57293225147766e-195
"LSM5",-0.132178117089236,6.31000866270679e-199,5.2466051999502e-198
"PDE7A",-0.132440833765843,1.02283922951687e-199,8.54129540510351e-199
"SPTBN1",-0.132723068982762,1.44234210710943e-200,1.20790955713544e-199
"JUNB",-0.133458828964649,8.55994804826203e-203,7.18936677117037e-202
"TGFBR2",-0.133621480711027,2.74490691599918e-203,2.30874080981002e-202
"DPH5",-0.133718977595037,1.38723238321239e-203,1.16849197264209e-202
"UXS1",-0.133837563653411,6.04450850946816e-204,5.09879295457604e-203
"TRAK2",-0.133906200072201,3.73584851709683e-204,3.1559231949661e-203
"HIVEP2",-0.133995446213489,1.99757474103461e-204,1.68994241555941e-203
"MT-ND3",-0.134423411386682,9.86537208210308e-206,8.39495498406781e-205
"TOMM20",-0.134914494834893,3.08844996273511e-207,2.64750312439771e-206
"GPX4",-0.135066669336846,1.05298149183566e-207,9.03977611602487e-207
"SORL1",-0.135873953786892,3.42114974575034e-210,2.96771974959716e-209
"EPB41",-0.136617597798591,1.69235375171703e-212,1.47909173007208e-211
"SELENOH",-0.138329101001317,7.45412288256651e-218,6.60417106607875e-217
"TNFAIP8",-0.138599095402864,1.04989104287264e-218,9.31597975752026e-218
"DNPH1",-0.138879817477386,1.36220843966645e-219,1.21242809362043e-218
"BZW2",-0.13971108675282,3.14086443358147e-222,2.81708396419375e-221
"AKT3",-0.140026271808499,3.11069207523748e-223,2.79865980515174e-222
"CLN5",-0.141630496915539,2.21469248446092e-228,2.03990375906289e-227
"MGAT4A",-0.141907251164634,2.82565902411763e-229,2.61925522299388e-228
"FXYD5",-0.142144916280437,4.80590692243911e-230,4.46196981361279e-229
"STMN3",-0.142491068340468,3.62121844594029e-231,3.37284000125079e-230
"PSIP1",-0.142547237978506,2.37887787547199e-231,2.21926777082555e-230
"TRIM73",-0.142918047935563,1.47848678710666e-232,1.38596213010708e-231
"SNHG7",-0.14293591995936,1.29295226374003e-232,1.2139965358412e-231
"NCF1",-0.14313843462474,2.82599321741591e-233,2.65771400964745e-232
"CDR2",-0.144291259451467,4.71214050543791e-237,4.47499356496816e-236
"ARHGAP5",-0.144417603059997,1.80824355003075e-237,1.72287073979979e-236
"AC025164.1",-0.144530395333197,7.68405712490346e-238,7.33329064202609e-237
"SVIP",-0.14475087895283,1.43944126533657e-238,1.37825908305373e-237
"UXT",-0.145077912609682,1.19440799761031e-239,1.14552793434177e-238
"PCED1B-AS1",-0.145405098324005,9.84162670351625e-241,9.45446849600602e-240
"MTERF4",-0.145908142469895,2.09573561665335e-242,2.02332481793842e-241
"ADK",-0.146634913628327,7.86117664551338e-245,7.6659662187456e-244
"ZNF609",-0.146958724848515,6.46563406644802e-246,6.32630727175015e-245
"GCC2",-0.147149715924105,1.47760136662027e-246,1.45064512547247e-245
"C1QBP",-0.147870562903842,5.52385339472093e-249,5.45997209695886e-248
"SF1",-0.148353248993946,1.28816939261475e-250,1.27761783444998e-249
"EIF2S3",-0.148883227065676,2.04827014205132e-252,2.04194615190434e-251
"ETS1",-0.14940921208108,3.30928582834509e-254,3.32185997138889e-253
"EPB41L4A-AS1",-0.149423117621793,2.96673398432854e-254,2.98315880915527e-253
"TTC3",-0.149853431265991,1.0033692061195e-255,1.0177280673589e-254
"CLUAP1",-0.151612113970137,8.79682811958998e-262,9.06510018281151e-261
"PFDN5",-0.153648037496767,6.91894486085475e-269,7.24556892455636e-268
"PDE4B",-0.153940513406144,6.47602861514962e-270,6.79398525473819e-269
"ALKBH7",-0.154130760234672,1.38372730341633e-270,1.45692447236517e-269
"BCL11B",-0.154860641893013,3.64386860276888e-273,3.85758912919722e-272
"LRRC75A",-0.15554101908219,1.39808121566023e-275,1.49094459181968e-274
"YPEL2",-0.157162639108424,2.19968804173683e-281,2.38074243921312e-280
"SLC7A6",-0.157576165208151,7.11874316052037e-283,7.71905508375828e-282
"CASK",-0.157592975675163,6.19080849097222e-283,6.72541662608048e-282
"LINC01550",-0.158069610700556,1.17250514407089e-284,1.28093983032707e-283
"PABPC4",-0.158191295081881,4.2506331156989e-285,4.65248204678757e-284
"PLP2",-0.158298804341105,1.73312265292612e-285,1.90054884128426e-284
"DNMT3A",-0.15837588516691,9.10562193158091e-286,1.0023082323172e-284
"LINC01138",-0.158883771434681,1.30010785286275e-287,1.43654502677534e-286
"ZEB1",-0.159127078796421,1.68950486388232e-288,1.88111154576322e-287
"MLXIP",-0.159294802003965,4.13063601840941e-289,4.60791872149625e-288
"BTF3",-0.160068809089672,6.08389360474403e-292,6.8393790388341e-291
"ARHGAP15",-0.160513047391918,1.42018266178319e-293,1.6152840763765e-292
"MLLT3",-0.162389190251386,1.61496628402023e-300,1.8623381037154e-299
"PPP1R2",-0.162531123458843,4.77935983851947e-301,5.53339429909863e-300
"ST13",-0.163365491800878,3.63887903018294e-304,4.23830960389243e-303
"STK17B",-0.163526356487849,9.07426643697903e-305,1.05902884601852e-303
"NCK2",-0.164930463766699,4.64087446771934e-310,5.52720541114443e-309
"SNHG14",-0.164992657248173,2.69853473948707e-310,3.22713660615203e-309
"CISH",-0.165951175349437,6.16911047281755e-314,7.45423494139284e-313
"SGTB",-0.16663512672338,1.50884545507661e-316,1.83845068876296e-315
"NFKBIA",-0.166735651615964,6.22082600082655e-317,7.59568080334445e-316
"EIF3H",-0.167107218347147,2.3410411310025e-318,2.88265466646821e-317
"TMEM63A",-0.167175026550354,1.28557857310476e-318,1.58636573829291e-317
"FCMR",-0.169363875256344,0,0
"SYPL1",-0.169886031387479,0,0
"UBALD2",-0.170508203762457,0,0
"CYLD",-0.172326017380719,0,0
"SMDT1",-0.173066981551117,0,0
"NSA2",-0.173950152148659,0,0
"PPA1",-0.175262044701047,0,0
"PIM1",-0.175428490138765,0,0
"TMEM243",-0.175811677574724,0,0
"YBX3",-0.175853558437049,0,0
"HSPD1",-0.176156868013171,0,0
"EEF2",-0.176535078157382,0,0
"JAML",-0.176710708207483,0,0
"GABPB1-AS1",-0.177482703637139,0,0
"ATF7IP2",-0.178524887476361,0,0
"HINT1",-0.178871967617849,0,0
"RGCC",-0.179536749567064,0,0
"IMPDH2",-0.180599998419114,0,0
"ATM",-0.180870996824578,0,0
"HNRNPA1",-0.181535899469591,0,0
"RPL35",-0.182821434880503,0,0
"EIF4B",-0.183136736171606,0,0
"PDCD4",-0.183740031705674,0,0
"SERP1",-0.184060792849517,0,0
"ANK3",-0.184465564868718,0,0
"TAB2",-0.188203939208093,0,0
"VIM",-0.19010800021048,0,0
"RAPGEF6",-0.191047034901076,0,0
"RPS7",-0.191226407482388,0,0
"CHMP7",-0.192368660014415,0,0
"SESN3",-0.192594625757257,0,0
"COX7C",-0.193135082708643,0,0
"RPL6",-0.193992907811228,0,0
"SNHG25",-0.198081955933562,0,0
"RPS19",-0.198152946910326,0,0
"MAP3K1",-0.199565833804549,0,0
"UBA52",-0.201481352013512,0,0
"HSP90AB1",-0.203348936720852,0,0
"TNFSF8",-0.205511975558845,0,0
"SNHG5",-0.205648247945934,0,0
"THEM4",-0.206246179627967,0,0
"TRAT1",-0.206844033461681,0,0
"SNHG6",-0.207155343264704,0,0
"A1BG",-0.207279845816902,0,0
"PVT1",-0.208526143560124,0,0
"ZNF101",-0.211943240034406,0,0
"FLT3LG",-0.213174270602461,0,0
"TNFRSF25",-0.213602073490642,0,0
"PAG1",-0.214072409108454,0,0
"RSL1D1",-0.21603965848207,0,0
"PIM2",-0.216734778479708,0,0
"NOP53",-0.217098538982303,0,0
"ANP32B",-0.217353139397215,0,0
"PATJ",-0.218277150443317,0,0
"SOCS3",-0.221614335746954,0,0
"BTG1",-0.225201963596948,0,0
"CDC14A",-0.229043940652067,0,0
"CD28",-0.22909980890571,0,0
"SUSD3",-0.231014742702353,0,0
"NACA",-0.231946694830957,0,0
"TMEM14C",-0.233242762277872,0,0
"MCUB",-0.236884524152053,0,0
"PDK1",-0.237072130999733,0,0
"TESPA1",-0.237603249360896,0,0
"RPL26",-0.238234751314216,0,0
"NDFIP1",-0.238649700522099,0,0
"IL6ST",-0.240427406877238,0,0
"NFKB1",-0.240625851720049,0,0
"RIC3",-0.241659428745283,0,0
"BEX4",-0.242013477814968,0,0
"NUCB2",-0.244967061216095,0,0
"RPS27",-0.245938920062917,0,0
"RPS10",-0.247564540796214,0,0
"PCED1B",-0.249330210865196,0,0
"RPL4",-0.251599085746644,0,0
"GPR155",-0.253114777658927,0,0
"RPL17",-0.260319654899993,0,0
"FAU",-0.261889124874841,0,0
"BIRC3",-0.262361018598669,0,0
"RACK1",-0.264273752908333,0,0
"RPL31",-0.264746787710889,0,0
"ZFAS1",-0.265831189691136,0,0
"RPL27",-0.267768889655002,0,0
"RPL23A",-0.268215076082199,0,0
"RGS10",-0.268598445454378,0,0
"NFKBIZ",-0.274718590863835,0,0
"RPS11",-0.276029871107443,0,0
"LINC02446",-0.277347687011582,0,0
"RPL13A",-0.277350621339336,0,0
"CD55",-0.281567769327054,0,0
"RPL15",-0.281949322825047,0,0
"LDLRAP1",-0.282499518529779,0,0
"RPS17",-0.283034490450926,0,0
"MAML2",-0.283342338789579,0,0
"RPL21",-0.283664810308794,0,0
"RPS24",-0.285001789283985,0,0
"NAP1L1",-0.285688362240268,0,0
"SH3YL1",-0.287172015087708,0,0
"FAM102A",-0.287399452607889,0,0
"PRKCA",-0.295284167646344,0,0
"DGKA",-0.295733884999755,0,0
"RPL7A",-0.299642503872722,0,0
"RPL37A",-0.300134314181699,0,0
"EIF3E",-0.301486027880012,0,0
"RPL3",-0.303381568935943,0,0
"PDE3B",-0.303460963300777,0,0
"ITGA6",-0.305078594172838,0,0
"NPM1",-0.307988019058436,0,0
"BEX2",-0.311224380939605,0,0
"FOXP1",-0.312421830928847,0,0
"RPL7",-0.313210902353035,0,0
"TMEM123",-0.31336519320066,0,0
"RPS20",-0.314585957663885,0,0
"SNHG32",-0.315665839806468,0,0
"LEPROTL1",-0.317006363850881,0,0
"RPS15A",-0.322065781870368,0,0
"ABLIM1",-0.322608069156149,0,0
"CAMK4",-0.325244585226814,0,0
"RPL27A",-0.326838392851998,0,0
"RPS3",-0.329278335635562,0,0
"RPL24",-0.329341814931231,0,0
"BCL2",-0.329581360563376,0,0
"CD27",-0.332207441866011,0,0
"RPS15",-0.332394915154506,0,0
"SARAF",-0.334581724352418,0,0
"RPL38",-0.33474180122746,0,0
"PABPC1",-0.338359187640795,0,0
"EEF1G",-0.340587949091737,0,0
"RPL41",-0.341313101884297,0,0
"RPL10A",-0.342610276317946,0,0
"LDHB",-0.342956926162528,0,0
"RPL29",-0.343445557373322,0,0
"SNHG29",-0.345960517542291,0,0
"RPLP0",-0.349600822464657,0,0
"RPL36A",-0.351664603023735,0,0
"RPS9",-0.352581864583893,0,0
"AIF1",-0.353757753904867,0,0
"RPS4X",-0.35677095459241,0,0
"PIK3IP1",-0.358889705540078,0,0
"SNHG8",-0.360410183371498,0,0
"RPSA",-0.360628657270446,0,0
"RPL8",-0.364115514769242,0,0
"RPL14",-0.370369258546988,0,0
"RPS2",-0.371732856022224,0,0
"RPL5",-0.374676751856756,0,0
"RPS29",-0.375501244403225,0,0
"RPS27A",-0.377789950401027,0,0
"RPS14",-0.384125082211617,0,0
"RPL35A",-0.386045201709637,0,0
"EEF1B2",-0.389012573814398,0,0
"OXNAD1",-0.392020971832221,0,0
"SATB1",-0.392842989388289,0,0
"ARMH1",-0.397672942238329,0,0
"PRKCQ-AS1",-0.397728355564454,0,0
"RPL22",-0.39877552355845,0,0
"RPL18A",-0.401089166009828,0,0
"RPL10",-0.40179647066975,0,0
"RPS6",-0.403794786014679,0,0
"RPL23",-0.407082230124654,0,0
"RPL19",-0.409746816660958,0,0
"RPL12",-0.413190678980843,0,0
"SELL",-0.413433428008118,0,0
"RPS5",-0.413929889265352,0,0
"GAS5",-0.415909061752442,0,0
"NOSIP",-0.415949636182337,0,0
"SERINC5",-0.420476971319183,0,0
"RPS16",-0.420576650795459,0,0
"RPL18",-0.429253385533273,0,0
"RPS21",-0.429355690199229,0,0
"RPL39",-0.432281106611266,0,0
"RPL37",-0.433327582582988,0,0
"RPL36",-0.438159261841122,0,0
"MYC",-0.442939549454234,0,0
"RPL11",-0.45350380661735,0,0
"RPL28",-0.456589300586892,0,0
"RPLP2",-0.462473693573862,0,0
"RPS18",-0.470088480987596,0,0
"RPS3A",-0.471139066679654,0,0
"RPS25",-0.471190607529793,0,0
"RPL34",-0.473429395395283,0,0
"EEF1A1",-0.475415696080146,0,0
"TRABD2A",-0.47749341694313,0,0
"RPL30",-0.489753348513589,0,0
"TPT1",-0.491584207486264,0,0
"RPLP1",-0.493677587341805,0,0
"RPS13",-0.496100820929256,0,0
"TCF7",-0.499589126478736,0,0
"RPL9",-0.501192470438558,0,0
"RPS23",-0.508148550183124,0,0
"RPS28",-0.510679128112674,0,0
"RPS8",-0.519758123585758,0,0
"NELL2",-0.52222337096563,0,0
"RPL32",-0.533057009166003,0,0
"MAL",-0.535346550149916,0,0
"TXK",-0.535688026226938,0,0
"RPS12",-0.544344093857438,0,0
"IL7R",-0.568977077038024,0,0
"RPL13",-0.59275571665617,0,0
"LEF1",-0.599556496545738,0,0
"RCAN3",-0.612289182069038,0,0
"LTB",-0.63720622092205,0,0
"CCR7",-0.674812803867076,0,0
