"gene","cor","pval","FDR"
"RPL10",0.436964236071491,0,0
"RPL15",0.40620614734092,0,0
"RPS2",0.397501621332477,0,0
"RPS18",0.394242537053717,0,0
"RPL26",0.393541668999573,0,0
"RPL7A",0.380399072693905,0,0
"RPL32",0.37890686978831,0,0
"RPL19",0.377509435135681,0,0
"RPS23",0.377144488643826,0,0
"RPL18A",0.371497648978027,0,0
"RPS4X",0.370522710748444,0,0
"RPL41",0.365491774122474,0,0
"RPL10A",0.358028759311138,0,0
"RPL29",0.357953800117751,0,0
"RPS8",0.357480512262348,0,0
"RPS15A",0.35526264068995,0,0
"RPL23A",0.354875915827218,0,0
"RPS13",0.354517119458824,0,0
"RPL30",0.347591304682313,0,0
"RPS3A",0.347358044573579,0,0
"RPS12",0.343448799218047,0,0
"RPL36A",0.34127879074833,0,0
"RPL35A",0.338416228830965,0,0
"RPL3",0.338160126125556,0,0
"RPS14",0.333022262126107,0,0
"RPL18",0.331648013641034,0,0
"RPL6",0.326189601653866,0,0
"NACA",0.325251159476099,0,0
"RPL14",0.324994641255825,0,0
"RPL37",0.321628935446278,0,0
"RPS24",0.321513328411852,0,0
"RPS7",0.320341092846805,0,0
"RPS19",0.319839450413378,0,0
"RPS3",0.318360326730652,0,0
"RPL13",0.315386223515329,0,0
"RPL11",0.314184258877442,0,0
"BTF3",0.310264876373063,0,0
"RPL12",0.308482892153943,0,0
"RPS5",0.308475747030548,0,0
"RPS15",0.308474940900283,0,0
"RPL5",0.306580086906359,0,0
"RPS25",0.306099568416031,0,0
"FTL",0.304985578810678,0,0
"RACK1",0.300779310575498,0,0
"RPS16",0.300443774823142,0,0
"RPS6",0.296701896554222,0,0
"RPL8",0.29578656807697,0,0
"EEF1A1",0.29471144751077,0,0
"RPS27A",0.293962545896922,0,0
"RPL22",0.293419112126133,0,0
"RPLP1",0.292017569619914,0,0
"RPL17",0.291288540231827,0,0
"RPLP0",0.289205503192936,0,0
"RPS27",0.28871600469441,0,0
"YBX1",0.284259055610258,0,0
"NME2",0.282681660024256,0,0
"GSTP1",0.281771178904378,0,0
"TPT1",0.280709364169573,0,0
"RPL35",0.278767820907194,0,0
"SLC25A6",0.277465808152438,0,0
"RPL24",0.277326975776686,0,0
"RPS21",0.276479129864133,0,0
"RPL36",0.270994303396014,0,0
"EEF1B2",0.262577199279302,0,0
"RPS10",0.262412294563621,0,0
"RPS29",0.262298358583063,0,0
"S100A10",0.258787171902654,0,0
"RPL37A",0.254574719918268,0,0
"RPSA",0.251687358252684,0,0
"SNHG29",0.251435826677815,0,0
"RPL4",0.248443979051469,0,0
"CST3",0.247478475572882,0,0
"RPL34",0.246512790848077,0,0
"FAU",0.245614539691339,0,0
"FCER1G",0.245472415826281,0,0
"RPL28",0.243053393627168,0,0
"UBA52",0.242790331056742,0,0
"RPS28",0.241689742910677,0,0
"EEF1G",0.238199610760188,0,0
"RPS9",0.236550561951951,0,0
"ARPC3",0.235616955658615,0,0
"RPL27",0.235504742351673,0,0
"HLA-DRB1",0.235259034871054,0,0
"RPLP2",0.234408139969231,0,0
"COX7C",0.232895776486918,0,0
"TMSB10",0.232205105049247,0,0
"RPL27A",0.230684931959043,0,0
"GAPDH",0.229155418013022,0,0
"RPL9",0.228294409292447,0,0
"PPIA",0.228286687202106,0,0
"RPL39",0.227743189093887,0,0
"PFN1",0.227415694311415,0,0
"S100A11",0.226334072843515,0,0
"PRELID1",0.225776179954247,0,0
"HLA-DPA1",0.225284207826931,0,0
"RPL21",0.222753420739241,0,0
"ATP5MC2",0.221575072574633,0,0
"PTMA",0.221547752421583,0,0
"PFDN5",0.219524232108969,0,0
"VAMP8",0.218746162386488,0,0
"CD74",0.216579276959584,0,0
"EIF3K",0.215766123005102,0,0
"IFI30",0.214645988037773,0,0
"TMSB4X",0.214305756102459,0,0
"LGALS3",0.212484366056623,0,0
"UQCRH",0.212223635745777,0,0
"HLA-DRA",0.211684771020863,0,0
"HLA-DPB1",0.210851236685815,0,0
"UQCRB",0.209127520924275,0,0
"RPL38",0.209050911573523,0,0
"TYROBP",0.209032954966933,0,0
"CSTB",0.2086057734117,0,0
"AIF1",0.208113993447262,0,0
"RPL36AL",0.207816030837432,0,0
"COX4I1",0.207466812523605,0,0
"ATP5MG",0.207448794992301,0,0
"SH3BGRL3",0.207098429173227,0,0
"NPC2",0.206698090853158,0,0
"SLC25A5",0.204856261700083,0,0
"CLIC1",0.204679640715414,0,0
"ATP6V1F",0.2042785992797,0,0
"ACTG1",0.203537924393445,0,0
"BRI3",0.20309541046027,0,0
"SERF2",0.202714588898205,0,0
"EIF1",0.201516248639995,0,0
"CHCHD2",0.198686745799691,0,0
"LGALS1",0.19551805673963,0,0
"GNG5",0.194354240558805,0,0
"NDUFA4",0.19316380570073,0,0
"OST4",0.192037791520781,0,0
"SUMO2",0.191119758613493,0,0
"GPX4",0.190259136591544,0,0
"ATP5MC3",0.189010739760999,9.88131291682493e-324,4.59481050632359e-322
"HIGD2A",0.187295685940678,7.8729558291061e-318,3.64067972544347e-316
"COX6B1",0.186916474614653,1.57021374419907e-316,7.20961970114239e-315
"RPS11",0.186582264655656,2.18368359431716e-315,9.95575182377289e-314
"COMMD6",0.186295391051511,2.08329225149377e-314,9.43163219310389e-313
"ANXA2",0.184899242372329,1.15617863719303e-309,5.19798645638031e-308
"NPM1",0.184270184632246,1.5422827757562e-307,6.88602668292801e-306
"LGALS2",0.183717049255217,1.12310384532786e-305,4.98011937989902e-304
"RPL31",0.182678895471545,3.38420657007081e-302,1.49043219963527e-300
"HINT1",0.182391931401341,3.07192678294103e-301,1.34376040491623e-299
"SEC61B",0.181911110463288,1.22716334118861e-299,5.3319835374866e-298
"CPVL",0.181732385879141,4.81990309937898e-299,2.08027017769197e-297
"HNRNPA1",0.181116171296189,5.3302827695458e-297,2.2853146125854e-295
"PPDPF",0.180033903341395,1.98721218358309e-293,8.46395505034008e-292
"MYL12A",0.179695647954879,2.56928111401156e-292,1.0871585576543e-290
"SSR4",0.179422132004772,2.02770837768208e-291,8.52427534877519e-290
"UBB",0.179207503919072,1.02332777690614e-290,4.27420905012279e-289
"PYCARD",0.1789332025936,8.07566108117446e-290,3.3300528560206e-288
"DBI",0.177933078669383,1.46526688221572e-286,6.00388468067378e-285
"BLVRB",0.177883112592773,2.12918408680606e-286,8.66939482891976e-285
"ATP5MF",0.177832384222895,3.11125863506168e-286,1.25889302521183e-284
"COX8A",0.17761929331238,1.5287256772771e-285,6.14718635695153e-284
"HLA-DMA",0.177567834211383,2.24471530987991e-285,8.9705474791127e-284
"APRT",0.177310382182455,1.53128232442502e-284,6.081915195293e-283
"SEC11A",0.17730331198404,1.6141269135333e-284,6.37186441354547e-283
"PSMA7",0.177300671175513,1.64620645131357e-284,6.45911549442671e-283
"FCGRT",0.177218789109362,3.02982393267821e-284,1.1816313337445e-282
"PARK7",0.17706946554341,9.20927536321756e-284,3.5488600417542e-282
"EIF3F",0.17585994333678,7.22827435972377e-280,2.7689851008788e-278
"COX6C",0.17564710429125,3.47910753809121e-279,1.32492601185897e-277
"C1orf162",0.175497855172626,1.04589224618542e-278,3.95971134608446e-277
"HLA-C",0.175053557678653,2.75385364271112e-277,1.03653770249487e-275
"COX5B",0.174006336004258,5.92750541072516e-274,2.21818901901934e-272
"ARPC2",0.174003631740376,6.04576404784066e-274,2.2494411750414e-272
"UQCR10",0.173979867790024,7.19177131743286e-274,2.66054442908916e-272
"PSME2",0.173389990205615,5.30349948702324e-272,1.9508440726698e-270
"DYNLL1",0.171689741895906,1.17607501304266e-266,4.2535808013621e-265
"GAS5",0.171376123558899,1.12307578873948e-265,4.03932925349967e-264
"ZFAS1",0.170881832887688,3.90018555390579e-264,1.3950166450821e-262
"PRDX1",0.168997509090437,2.63776206643281e-258,9.38289649345385e-257
"ATP5MD",0.168708282585748,2.04201823127249e-257,7.22405793948531e-256
"PPIB",0.168506507895505,8.49536467066046e-257,2.98907559118782e-255
"CD48",0.168197460801177,7.51518391101516e-256,2.62990814269795e-254
"TOMM6",0.167503886021712,9.86289406710168e-254,3.43292345109765e-252
"COX7B",0.167125337927876,1.40000673494469e-252,4.84686823638071e-251
"ARHGDIB",0.166012854677012,3.28166019070448e-249,1.13007808907557e-247
"MYL12B",0.165675096328602,3.42405797186995e-248,1.1728757306818e-246
"EIF3H",0.165030494988182,2.96583044318161e-246,1.01056769942935e-244
"EDF1",0.164999768451363,3.66697772461898e-246,1.24293265911954e-244
"CALM2",0.164754132448965,1.99721486384977e-245,6.73435886904344e-244
"NDUFB2",0.164745235134423,2.12356897088225e-245,7.12330855828585e-244
"NDUFA12",0.164240444659457,6.85641709351775e-244,2.28806413729041e-242
"HSP90AB1",0.164118608998717,1.58337668208868e-243,5.25681058453442e-242
"SRP14",0.1640497735662,2.53994114881603e-243,8.3895811211403e-242
"RPL13A",0.163593416348812,5.79698907917531e-242,1.90506128419193e-240
"RPS17",0.163082012263687,1.90852249709968e-240,6.2402902253653e-239
"CLTA",0.163047761158035,2.41075022376048e-240,7.84281253699766e-239
"RNH1",0.163029309605751,2.73399751789691e-240,8.8499499654323e-239
"EIF3E",0.162708026986206,2.43927846275688e-239,7.85666107855125e-238
"COX5A",0.161793606415644,1.20678460767246e-236,3.86768492577798e-235
"HCST",0.161654932969651,3.0820547235363e-236,9.82917353703152e-235
"POLR2L",0.161271853034053,4.09105376877249e-235,1.29830794603104e-233
"SMDT1",0.160374392840649,1.70515077704544e-232,5.38494933199618e-231
"C19orf53",0.159812700816881,7.30593544321881e-231,2.29604980870867e-229
"EEF2",0.15939335027622,1.1970585183674e-229,3.72584463841854e-228
"GSTO1",0.157654427490892,1.19755534228279e-224,3.70955659614297e-223
"EIF4A1",0.157416966671771,5.70999349797713e-224,1.76030942409066e-222
"SERP1",0.157355981895779,8.52460114547052e-224,2.6155577163875e-222
"AP2S1",0.156900883076114,1.68734092324066e-222,5.15275714012266e-221
"CD99",0.156693772764454,6.5453781319221e-222,1.98942619840675e-220
"RPS26",0.156574926500908,1.42363638139802e-221,4.30683267905175e-220
"COX6A1",0.156562480820678,1.54426952067798e-221,4.65004691947407e-220
"RGS10",0.156445431105387,3.31738671709938e-221,9.94294518819509e-220
"FTH1",0.156380320288112,5.07463084898256e-221,1.51397051227249e-219
"COX7A2",0.156096617587636,3.22734354025886e-220,9.58432205487883e-219
"NDUFB8",0.154711006320475,2.57579406216047e-216,7.57985943564859e-215
"YBX3",0.154681279255458,3.120522297958e-216,9.1412947316652e-215
"UCP2",0.154040444577778,1.93295687298349e-214,5.63692017824105e-213
"RPL23",0.154010818363125,2.338185551457e-214,6.78807769512674e-213
"ATP5PO",0.152477499211018,4.20841362889095e-210,1.21630668899286e-208
"ATP6V1G1",0.152128162899093,3.86690246190824e-209,1.11263673503973e-207
"CFL1",0.152050208481755,6.3386411527166e-209,1.81576826649059e-207
"FKBP1A",0.152027552150732,7.31736268785015e-209,2.0868989445437e-207
"NSA2",0.152023485538686,7.50838166125506e-209,2.13198521381427e-207
"MIF",0.151238437702813,1.0720722339434e-206,3.03082779150636e-205
"RAC1",0.151174310215171,1.6058919627599e-206,4.52023676822069e-205
"SLC25A3",0.151019087808112,4.2675490189842e-206,1.19602217960622e-204
"HSPA8",0.150893646457915,9.39442906684517e-206,2.62153162839464e-204
"SELENOH",0.150233465782589,5.90894670733511e-204,1.64182493490504e-202
"TMEM258",0.150060808910196,1.74000096022013e-203,4.81400265660901e-202
"CHCHD10",0.14948154794194,6.45738085081526e-202,1.77893972885864e-200
"CRIP1",0.148033617725765,5.07604244479682e-198,1.38659488555336e-196
"RAN",0.147576859970487,8.43665089821762e-197,2.29491083676726e-195
"SNHG6",0.147321232984419,4.05130348531397e-196,1.09741166376245e-194
"CSTA",0.147187498835558,9.19600719359966e-196,2.48062294047351e-194
"NDUFB11",0.147086398668222,1.70807730068248e-195,4.58842010150141e-194
"SAP18",0.146669928050746,2.17878536370561e-194,5.82870101017774e-193
"RBX1",0.146435399328139,9.10831579401293e-194,2.42663524487406e-192
"BRK1",0.146045393297288,9.77687745287021e-193,2.59407805860171e-191
"PSME1",0.145642742552475,1.12558550516709e-191,2.97430226957215e-190
"EID1",0.145437889578709,3.89129360731753e-191,1.02407458592576e-189
"SF3B5",0.145234613170369,1.33009708486182e-190,3.48625446453256e-189
"PSMB1",0.144948871729535,7.46287599956741e-190,1.9481717427903e-188
"MGST3",0.144775701509255,2.11882782424597e-189,5.50895234303953e-188
"SLC7A7",0.144610459460468,5.72811063967112e-189,1.48335153124923e-187
"ZNF706",0.144595416559835,6.27054946373847e-189,1.61735208080649e-187
"NOP53",0.144570763439333,7.27266973767462e-189,1.86838348736926e-187
"UBL5",0.144325238580063,3.17925177108329e-188,8.13536599446373e-187
"DOK2",0.144156437858367,8.75201261788971e-188,2.23072951528417e-186
"GABARAP",0.143952716161961,2.96591749637976e-187,7.52994112610296e-186
"ITGA4",0.143660438456994,1.7031671784694e-186,4.29039078342837e-185
"COMT",0.143615276133153,2.23053443336607e-186,5.59708524093486e-185
"TOMM7",0.143614527554639,2.24052828866108e-186,5.60045565281537e-185
"SSR2",0.142902931488492,1.55301278139463e-184,3.86700182567262e-183
"RNASEK",0.142082443430276,2.00399969699968e-182,4.97084062773023e-181
"GLRX",0.142077269343897,2.06617942553569e-182,5.10551358813667e-181
"NEDD8",0.141994409750497,3.36989272382388e-182,8.29531767834062e-181
"SPCS1",0.141684942029102,2.08899958573042e-181,5.12279671137073e-180
"TMA7",0.141603407326578,3.37590907574643e-181,8.24740956844618e-180
"LY86",0.141298792907989,2.02333831320609e-180,4.92447076680309e-179
"SRSF9",0.140981735154259,1.29917366992678e-179,3.15013121314831e-178
"LAMTOR2",0.14081234767352,3.50230031322614e-179,8.46040754769629e-178
"ATP5F1C",0.14024816643393,9.43996058794499e-178,2.27190724335895e-176
"TXN",0.140123686914772,1.94901546165317e-177,4.65606129104893e-176
"ATP5PF",0.140091573091145,2.34959746078357e-177,5.59238748570326e-176
"ATP5PD",0.140003953186192,3.9118591120379e-177,9.27669446568988e-176
"ATP6V0E1",0.139990859359227,4.22138647293192e-177,9.97418103129972e-176
"CFD",0.139912103193584,6.67278078546725e-177,1.570893920186e-175
"HLA-DQB1",0.139688316876362,2.44744089663452e-176,5.74084505971445e-175
"NDUFC2",0.13956704466761,4.94513321592996e-176,1.1557686801419e-174
"DDT",0.139338050606532,1.86306479024231e-175,4.33866239281609e-174
"YWHAE",0.139227814510408,3.52520581953026e-175,8.179993718867e-174
"ERH",0.138811861727968,3.89201902686669e-174,8.99890399283392e-173
"NOP10",0.13834871584651,5.59363729102329e-173,1.28415630574769e-171
"AP1S2",0.138281899109941,8.21023046366906e-173,1.87819901137079e-171
"LDHA",0.138157732920978,1.67433201323038e-172,3.81676952593433e-171
"CSF1R",0.137958657252839,5.24130727459147e-172,1.19060432616509e-170
"H3F3A",0.137779730919884,1.45963440492191e-171,3.30408151659597e-170
"ARPC1B",0.13762713278838,3.49240837476066e-171,7.87799714919879e-170
"NAP1L1",0.137611322889873,3.82255756448074e-171,8.59279085848901e-170
"MZT2B",0.137557766952065,5.19047840289504e-171,1.16273900278002e-169
"NDUFB4",0.137551083328028,5.39241536115918e-171,1.20381024303947e-169
"OAZ1",0.137506615613164,6.95097555629714e-171,1.54641291242157e-169
"MICOS10",0.137411419806296,1.19665708417663e-170,2.65313628868475e-169
"RPS27L",0.137211929330525,3.73094117748176e-170,8.24372463584194e-169
"RPL7",0.137072757889522,8.23956390109877e-170,1.81438560189501e-168
"GSTK1",0.136244186869363,9.05668401850028e-168,1.98755838426342e-166
"CALM1",0.136038183549306,2.90028065676803e-167,6.34338411213387e-166
"TOMM20",0.136032029929867,3.00280408533308e-167,6.54550627893817e-166
"SNU13",0.13591229298895,5.90130754172369e-167,1.28204916191675e-165
"CD63",0.135899571831701,6.34024956025667e-167,1.37280186130775e-165
"SET",0.135692203323341,2.03981720180051e-166,4.40192552148551e-165
"ATP5MC1",0.135404387542499,1.02949132006174e-165,2.21426139736867e-164
"CARD16",0.134704493043901,5.1972290651658e-164,1.11413446913521e-162
"RTRAF",0.134496469296421,1.66044545200159e-163,3.54776364893014e-162
"CD4",0.133853580879974,5.94454740183056e-162,1.265953943403e-160
"UBXN1",0.133651950786888,1.81921264701769e-161,3.86150251698116e-160
"EIF3M",0.13352202866731,3.73670831791362e-161,7.90570250005646e-160
"HLA-DRB5",0.133261111599188,1.58246038818475e-160,3.33708421925344e-159
"RGS19",0.132985882686906,7.2308105175271e-160,1.51987880813216e-158
"GNAS",0.132809671079494,1.90945569470175e-159,4.00058775647221e-158
"RNF181",0.132718405825176,3.15576916892088e-159,6.59046761277218e-158
"RBIS",0.132586917122441,6.50420269772954e-159,1.35396168054987e-157
"RRAS",0.132496267454164,1.07039202518528e-158,2.22106345225947e-157
"DAD1",0.132414413714655,1.67790575935138e-158,3.47053095400665e-157
"PSMB9",0.132292078726606,3.28329192274293e-158,6.76943691332412e-157
"SNRPD2",0.13214874061267,7.20362039988257e-158,1.48051550694729e-156
"CIAO2B",0.13208028930762,1.04803617275391e-157,2.14714752607875e-156
"IGSF6",0.132078217851189,1.05999129292022e-157,2.16478978875883e-156
"WDR83OS",0.13191036125271,2.65587961713471e-157,5.40697001299689e-156
"UFC1",0.131534288074392,2.07030086034781e-156,4.20160745137672e-155
"MDH2",0.131253525950638,9.55262766169691e-156,1.93261598380706e-154
"DRAP1",0.130803334812437,1.1013040676816e-154,2.22113474584757e-153
"CD37",0.130511618677703,5.34460042097587e-154,1.07456345109931e-152
"COPE",0.130478268348192,6.4009165214382e-154,1.28295769534956e-152
"BANF1",0.130224751318252,2.51755884109146e-153,5.03045553618091e-152
"NDUFA13",0.130222165621058,2.55293284212927e-153,5.0854422215215e-152
"PSMA6",0.13009379471415,5.1018708121411e-153,1.01317520361354e-151
"HLA-DMB",0.13008552002482,5.33459202155741e-153,1.05615133784595e-151
"NDUFS5",0.129835211350757,2.05349875663878e-152,4.05315577758521e-151
"PGLS",0.129799178922639,2.49268387960383e-152,4.90505636369458e-151
"NDUFA11",0.129658662294666,5.30502919778292e-152,1.04075027352869e-150
"C9orf16",0.129582149977677,8.00098154180434e-152,1.56490496983811e-150
"HLA-B",0.129507306359112,1.19564327305315e-151,2.33150438245365e-150
"ATP5F1D",0.129410356383266,2.01110504477573e-151,3.90987809605948e-150
"SPI1",0.129377556568852,2.39771984495432e-151,4.64755637013002e-150
"SNRPB",0.129282480611186,3.99060783198284e-151,7.71199853858416e-150
"UQCRQ",0.129190456683972,6.5315749946169e-151,1.25849453914136e-149
"FIS1",0.12909925524657,1.06396979181857e-150,2.04395858523247e-149
"H2AFZ",0.128955614988329,2.29283189206705e-150,4.39165493172843e-149
"TRIR",0.128886758576317,3.31190663237134e-150,6.32486240058173e-149
"PSMA2",0.128789277387647,5.57219152408999e-150,1.06101082138114e-148
"POLR1D",0.128687737727646,9.57620836546762e-150,1.81807545331488e-148
"APEX1",0.128310490927407,7.13229032819192e-149,1.35013004633668e-147
"SEC61G",0.128170745262574,1.49827782917049e-148,2.82794480059759e-147
"SEPTIN9",0.128138367734806,1.77921622895364e-148,3.34844356576915e-147
"EIF3L",0.128055916532859,2.75554013933982e-148,5.17083097451767e-147
"SNRPF",0.127994141408517,3.82350698587463e-148,7.15415729091108e-147
"LSM7",0.127869686738214,7.3933303585991e-148,1.37937811935362e-146
"PSMB8",0.127705400362104,1.7637383334257e-147,3.28116148580401e-146
"UQCR11",0.127279491535267,1.67112860603993e-146,3.09996750587464e-145
"MRPS24",0.127131327511435,3.6471250535475e-146,6.74613931333329e-145
"NDUFAB1",0.126803702804589,2.0416591983947e-145,3.75502887795662e-144
"UXT",0.126162060676976,5.87791519748228e-144,1.07496110137007e-142
"CALHM6",0.125872225129295,2.66610331974918e-143,4.86207123719892e-142
"MS4A6A",0.125743537357606,5.21116390098113e-143,9.47670648734603e-142
"TRMT112",0.125719217075044,5.91434110399645e-143,1.07253345398524e-141
"ANXA5",0.125714351547327,6.06600421109712e-143,1.0969640017498e-141
"C1QBP",0.125396647896395,3.16214087914339e-142,5.70242341269479e-141
"RPS20",0.125224031559627,7.7411449908409e-142,1.39211590751956e-140
"PCBP2",0.124711953731861,1.09404668652365e-140,1.95659067639617e-139
"TPI1",0.124501331540342,3.24137339168401e-140,5.78089568533396e-139
"TRAPPC1",0.124446759988821,4.29348113826227e-140,7.63626288162362e-139
"ERP29",0.124175281280334,1.73503856053135e-139,3.07743551804931e-138
"NDUFS6",0.123993661356368,4.40857838426614e-139,7.79812471577568e-138
"PHPT1",0.123592362700117,3.44336512149107e-138,6.07420866390551e-137
"VDAC1",0.123481877684666,6.05666572551324e-138,1.06551233442861e-136
"HSPE1",0.123283304272218,1.66898650213217e-137,2.92818932650505e-136
"POMP",0.123264286719761,1.83897068405697e-137,3.21770167799589e-136
"KRTCAP2",0.123170215137139,2.97054246373151e-137,5.1836366334765e-136
"PHB2",0.122676141629306,3.66404875619989e-136,6.35953127282522e-135
"SEM1",0.122548686490532,6.99367740218098e-136,1.21061677812085e-134
"LIPA",0.122516491467594,8.23329870965741e-136,1.42139668923526e-134
"ATP5ME",0.122452144516574,1.14066534274272e-135,1.96400729492457e-134
"OSTC",0.122257771615508,3.05055145655867e-135,5.238533190918e-134
"PSMD8",0.122154856789678,5.1321198928833e-135,8.78977359431918e-134
"SNX3",0.122093815358155,6.98558071921598e-135,1.19326252179958e-133
"PSMB6",0.122020326600573,1.0123310785408e-134,1.72469247433504e-133
"SUB1",0.121955656710609,1.40289554416664e-134,2.38381778292253e-133
"CYBA",0.121774301778097,3.49939894761523e-134,5.93065675048716e-133
"GNAI2",0.121755602343244,3.84494545827052e-134,6.49926289734813e-133
"ATP5F1B",0.12169070682358,5.33052946562873e-134,8.98693952095844e-133
"C4orf3",0.121584555267898,9.09244295048847e-134,1.52894741977824e-132
"COTL1",0.121475168904112,1.57558033696648e-133,2.64256660661165e-132
"NDUFB10",0.121401888943213,2.27649598175966e-133,3.80827777413748e-132
"ANP32B",0.121346267037197,3.00963790625987e-133,5.0217514961666e-132
"NDUFB5",0.121318436233248,3.46066682460796e-133,5.75947481298507e-132
"CD68",0.121257184202903,4.70524833551859e-133,7.81071223696087e-132
"CORO1A",0.121253180255167,4.8006691300737e-133,7.94872939849032e-132
"VPS28",0.120896701898228,2.86025631718028e-132,4.72380086669008e-131
"SH3BGRL",0.120375037625589,3.85883514027712e-131,6.34063418734875e-130
"TIMP1",0.120293435459809,5.79125613762967e-131,9.49179550253532e-130
"SF3B6",0.12028037570123,6.17987094916658e-131,1.01031526578042e-129
"UBE2L3",0.120066129582153,1.79168784043381e-130,2.92175996951347e-129
"JTB",0.119783479279147,7.27526563793168e-130,1.18341883768768e-128
"EIF3G",0.119460353492285,3.59569268614159e-129,5.8342141478899e-128
"NHP2",0.119283566635311,8.60261116345853e-129,1.39233261680576e-127
"SNHG8",0.119009547723691,3.31669682603269e-128,5.35468709519592e-127
"PPA1",0.118850471802031,7.24945856498238e-128,1.16748743158448e-126
"PSMB3",0.118533334813525,3.43517660663433e-127,5.51844500033515e-126
"SSR3",0.118501652691032,4.01184807977486e-127,6.42888724466892e-126
"COX14",0.118492256020976,4.20077944280805e-127,6.71502373154057e-126
"MTSS1",0.118304580342579,1.05232419479251e-126,1.67801646233663e-125
"MYL6",0.118232281226148,1.49835841364204e-126,2.38338387467287e-125
"RHOA",0.118125627468455,2.52248980894945e-126,4.00259779978891e-125
"B2M",0.117911481084382,7.16810468802108e-126,1.13462860025057e-124
"NDUFV2",0.117395149348756,8.82182164500892e-125,1.39298715438507e-123
"RSL1D1",0.117370527065065,9.94081397586856e-125,1.56585960291419e-123
"FXYD5",0.117003654170458,5.87316919642663e-124,9.22885858681213e-123
"NDUFB3",0.116766237941194,1.84836070818347e-123,2.89740610769486e-122
"NDUFA1",0.116677633362501,2.83364006231053e-123,4.43115598149719e-122
"TBCA",0.116612864001374,3.87164086342158e-123,6.03975974693766e-122
"SUPT4H1",0.116192124507986,2.92785314861858e-122,4.55647146253767e-121
"SSBP1",0.116060380871886,5.50818562704309e-122,8.53109898312846e-121
"CFP",0.115967554920169,8.59408965934276e-122,1.32787915166074e-120
"CCNI",0.115858855992741,1.44618959804797e-121,2.22919796613394e-120
"PFDN2",0.115804022300693,1.88002001506762e-121,2.89103315381181e-120
"PCBP1",0.115776552576537,2.14397743601963e-121,3.28912557364717e-120
"SNRPD1",0.115721835615422,2.78504534289526e-121,4.26250202125388e-120
"DYNLT1",0.115713411160043,2.89947642267466e-121,4.42717225481032e-120
"MICOS13",0.115704558190551,3.02478833561008e-121,4.60764227876227e-120
"HSBP1",0.11538314737832,1.40232150850488e-120,2.13113367278417e-119
"PPP1R14B",0.115146316558822,4.32999315059201e-120,6.56495917024184e-119
"COX7A2L",0.114536698681467,7.8003974923235e-119,1.17990124685286e-117
"ATP5IF1",0.114373472636119,1.6871594770352e-118,2.54607702898039e-117
"GTF3C6",0.114371165300636,1.7056451849283e-118,2.56798765749437e-117
"ABRACL",0.114019044127153,8.97381402918659e-118,1.34794598665786e-116
"ATP5F1A",0.113992364226206,1.01746763957056e-117,1.52478830985644e-116
"RNF7",0.113603564326509,6.32251406905334e-117,9.45310764042755e-116
"ANAPC11",0.113513540045294,9.64260867222955e-117,1.43839282359479e-115
"TSPO",0.113440297867983,1.35899689315316e-116,2.01792336841137e-115
"ENY2",0.113395757370354,1.67415535597718e-116,2.48020177908381e-115
"UQCRFS1",0.113370303183924,1.88600531114471e-116,2.78767086400705e-115
"MRPS21",0.113365655369254,1.9274823779855e-116,2.84248767997224e-115
"PSMB2",0.113271283046414,2.99732064343219e-116,4.41014860126818e-115
"MYDGF",0.113138847574899,5.56591124615268e-116,8.17090916271938e-115
"EIF4E2",0.113066043467486,7.81932374403638e-116,1.14530094839121e-114
"LST1",0.113064098458536,7.89063531115131e-116,1.1531370881353e-114
"RAP1A",0.112956179211091,1.30547688616797e-115,1.90352643266924e-114
"ARL6IP4",0.112912858138477,1.59765424883944e-115,2.32431766449136e-114
"CYC1",0.112858532801108,2.05792011343743e-115,2.9805312783879e-114
"EIF5A",0.1128505323065,2.13607084934462e-115,3.08681309791453e-114
"GADD45GIP1",0.112805011081226,2.64055339397128e-115,3.80733689812252e-114
"PTGES3",0.112672158164371,4.90015405249836e-115,7.04968829686098e-114
"GLIPR1",0.112538003929006,9.14169141983489e-115,1.31194409081784e-113
"SLIRP",0.112537580372682,9.15969615461328e-115,1.31194409081784e-113
"SARAF",0.112487375748563,1.15649525310776e-114,1.65279255377918e-113
"RAB5IF",0.11231169759027,2.61290416558517e-114,3.72597831894238e-113
"GMFG",0.112273792006234,3.11477393514095e-114,4.43187834200055e-113
"SMIM26",0.112237686041155,3.68198929128991e-114,5.22745584908133e-113
"CALR",0.11218847566691,4.62455609389812e-114,6.55128581004298e-113
"CD52",0.112169049720225,5.05980144797477e-114,7.15221715593639e-113
"SOD1",0.112125593442152,6.18720074613098e-114,8.72678379748409e-113
"RAB5C",0.112004548834532,1.08305240380723e-113,1.52427853527131e-112
"EIF4EBP1",0.111893979822876,1.80520619831883e-113,2.53512037481911e-112
"DNAJC15",0.111852706530844,2.18419797698094e-113,3.06071378852264e-112
"LAMTOR1",0.111731609251228,3.81898490901391e-113,5.33998019459094e-112
"LDHB",0.111604768302563,6.85212429502845e-113,9.56048549267547e-112
"UBE2D2",0.111436825984917,1.48427868058577e-112,2.0664989630349e-111
"RNASET2",0.110970928272397,1.25912584471956e-111,1.74926624865116e-110
"PILRA",0.110851166190821,2.17830276135872e-111,3.01977132270586e-110
"RANBP1",0.110283050601277,2.90922657843131e-110,4.02443010016331e-109
"PLD3",0.110253732276352,3.32436292278748e-110,4.58889670834246e-109
"PEPD",0.110230481369766,3.69521198527358e-110,5.08995795588535e-109
"MRPL34",0.110193778986669,4.36639318621007e-110,6.00170477442122e-109
"PLP2",0.110133512603682,5.74234652082941e-110,7.8762608847139e-109
"PSMA5",0.110125381685029,5.95847115576109e-110,8.15542119712416e-109
"ABI3",0.110041578896113,8.71845820055503e-110,1.19078688587328e-108
"SERBP1",0.109890263386879,1.73217277020534e-109,2.36086031880198e-108
"TMEM14C",0.109684369290418,4.40161259780675e-109,5.98656301642876e-108
"COPS9",0.109624414300864,5.7730513852067e-109,7.83537414419878e-108
"BAX",0.109480398761754,1.10683875975244e-108,1.49909500640948e-107
"ARL6IP5",0.109450745912762,1.26543832302326e-108,1.71032311132622e-107
"ARF5",0.109432014216036,1.37711504546526e-108,1.85738391757127e-107
"PID1",0.109108104820742,5.93034268776061e-108,7.96536069721207e-107
"PSMA4",0.109103845176774,6.04513520064326e-108,8.10273401427836e-107
"CAMK1",0.108989568295324,1.01078002948501e-107,1.35202270886074e-106
"WASF2",0.108918501468379,1.39114385352864e-107,1.85696191912256e-106
"TMEM147",0.108853641159693,1.86162575786122e-107,2.47986937374353e-106
"NDUFAF3",0.10858653490731,6.16759109738302e-107,8.19897017750671e-106
"GUK1",0.108539583105802,7.61071491628393e-107,1.00966738459062e-105
"CPPED1",0.108537978637525,7.66558043341523e-107,1.01486641566319e-105
"DYNLRB1",0.108427991555366,1.25395631065182e-106,1.65675778676733e-105
"ATP5PB",0.108409155399862,1.36415730652458e-106,1.79868725100613e-105
"BID",0.108399713208174,1.42298352239625e-106,1.87243807398238e-105
"TXNDC17",0.108034627996427,7.25931683755575e-106,9.53282296274562e-105
"MOB1A",0.108024746788945,7.58605612434009e-106,9.94172618400359e-105
"CDC42",0.107689444152839,3.37113030694319e-105,4.4090298196263e-104
"ELOB",0.107652075876641,3.97959508850525e-105,5.1943343957627e-104
"FAM89B",0.1074170701342,1.12837792569437e-104,1.46984279495882e-103
"GIMAP4",0.107090507075997,4.78336990754462e-104,6.218380879808e-103
"C1orf43",0.107022514483632,6.45792359204327e-104,8.37847641981726e-103
"PDCD5",0.106964906411523,8.32676060067315e-104,1.07814896257516e-102
"MRPL57",0.106768607055499,1.97766054816704e-103,2.55556375026615e-102
"PHB",0.106753701857864,2.11177889022485e-103,2.72343755683579e-102
"SNHG32",0.106670348470017,3.04743171316654e-103,3.92228089682707e-102
"TIMM13",0.106567195219752,4.79601915335588e-103,6.16060079341784e-102
"SNHG5",0.106411178136611,9.51459084689073e-103,1.21975170579744e-101
"TAGLN2",0.106323462909646,1.39784634239986e-102,1.7884698064618e-101
"EIF2S3",0.106040974471726,4.81454740570216e-102,6.14780668728122e-101
"EIF3I",0.105967542053281,6.63642836336217e-102,8.45752701267849e-101
"TMBIM4",0.105879632087685,9.74233938062927e-102,1.23913369646746e-100
"EVI2B",0.105853792200574,1.09054611636881e-101,1.38435207007287e-100
"ZFP36L2",0.105845669390074,1.12989661767487e-101,1.43149720211881e-100
"ENO1",0.105774077522007,1.54408226298949e-101,1.95241964269413e-100
"PTRHD1",0.105760341092716,1.63939495068791e-101,2.06889725355819e-100
"NAAA",0.105549601450368,4.10522948403305e-101,5.17067231121205e-100
"CCT3",0.105398118916696,7.9322270750721e-101,9.97150254058578e-100
"SNRPE",0.105350138893069,9.77040991814141e-101,1.22347454178042e-99
"SIVA1",0.105341720950312,1.01342004897267e-100,1.26657942027975e-99
"PA2G4",0.105224923727335,1.68245034111099e-100,2.09868661047256e-99
"NDUFA6",0.105127128628835,2.57090719631478e-100,3.2007794594119e-99
"STMP1",0.104998858374919,4.48074040696506e-100,5.56781447115005e-99
"PSMG2",0.104879348197696,7.51391957317932e-100,9.31898760857527e-99
"PRDX6",0.104538901881534,3.26600247045861e-99,4.04284894717955e-98
"IGBP1",0.104537742691836,3.28235648312273e-99,4.05533890681996e-98
"DNAJC8",0.10450531059857,3.77456818903312e-99,4.65458180110484e-98
"NDUFS7",0.104446000246733,4.87292092164153e-99,5.99758365906982e-98
"HSP90AA1",0.104286427708715,9.68062637957584e-99,1.18697680267754e-97
"MRPL52",0.104266742112236,1.05353274054254e-98,1.28933288511765e-97
"GTF3A",0.104175280771098,1.56053895611413e-98,1.90621305695903e-97
"MRPL54",0.104108600088128,2.07766427886481e-98,2.533107069938e-97
"MRPL11",0.104095928365461,2.19375347378627e-98,2.66961653934066e-97
"EIF2S2",0.103999853484072,3.31221349342234e-98,4.02312760908373e-97
"SDHB",0.10398967747738,3.45987445365766e-98,4.19461183763665e-97
"VIM",0.10386571922955,5.88368885151691e-98,7.11981338779822e-97
"KCTD12",0.103690901462343,1.24272008916629e-97,1.50100183904153e-96
"ALKBH7",0.103589308127002,1.91790494663725e-97,2.30790271831404e-96
"VDAC2",0.103533086151565,2.43801873770793e-97,2.92833642076459e-96
"LSM4",0.103488141047308,2.95327183096469e-97,3.54064478401211e-96
"UBE2L6",0.103365720097087,4.97641897491255e-97,5.95514536849978e-96
"PSMB10",0.103363265635873,5.02872171420084e-97,6.00663180401037e-96
"GIMAP7",0.103327568604317,5.85441410267566e-97,6.98001416219562e-96
"HMGB1",0.103165646450286,1.16596680548917e-96,1.38758623138545e-95
"SSB",0.103099413852616,1.54502135683247e-96,1.83531527782264e-95
"RBM8A",0.103030714495529,2.06848053199318e-96,2.45262691650621e-95
"UBE2V1",0.102886000546879,3.82205891886117e-96,4.52358490689346e-95
"NDUFS8",0.102732739527717,7.31604569331115e-96,8.64308025884971e-95
"HADHA",0.102682387326426,9.0536605472628e-96,1.06763931480837e-94
"NDUFA7",0.102178869845561,7.58153352736625e-95,8.92415419203075e-94
"PDCD6",0.102081265924124,1.14321675788116e-94,1.34322782042153e-93
"SRP72",0.102001728699988,1.59718427667418e-94,1.87321938536026e-93
"NAA38",0.101982109164467,1.73444488777164e-94,2.03052372575653e-93
"HSD17B10",0.101954188716005,1.95030711986602e-94,2.27911341047159e-93
"CTSB",0.101846978028265,3.05902824143137e-94,3.56831510541022e-93
"TRAPPC5",0.101822324889051,3.39238192702735e-94,3.95005046683004e-93
"CTSH",0.101816961279661,3.46957657577298e-94,4.03268200207437e-93
"TWF2",0.101401263089535,1.97709894027383e-93,2.29385995328544e-92
"SRRM1",0.101339699056647,2.55674016133972e-93,2.96106186127251e-92
"MRPL51",0.101308196027733,2.91606187152512e-93,3.37117581361672e-92
"VPS29",0.101297520631319,3.04891622835312e-93,3.51848193624921e-92
"RPL22L1",0.101252941234492,3.67216001036672e-93,4.23017151372138e-92
"RBM3",0.101163454481437,5.33284572176283e-93,6.13229897028287e-92
"SKP1",0.101143935130764,5.78474461903643e-93,6.64014834461735e-92
"MT2A",0.101070693559137,7.84822563389756e-93,8.99281641661111e-92
"PNRC1",0.101002643686448,1.04178976634049e-92,1.19003642830252e-91
"TMEM59",0.101002538245307,1.04224691820749e-92,1.19003642830252e-91
"EIF3D",0.100998554747118,1.05966520167024e-92,1.20779445697414e-91
"SYF2",0.100636261773595,4.77105768002818e-92,5.42844067144155e-91
"ECH1",0.100509913395488,8.05268468925124e-92,9.13013672122812e-91
"TKT",0.100492989210447,8.63711423567209e-92,9.77564293037432e-91
"GTF2A2",0.100452596845588,1.02086663747566e-91,1.15341895480235e-90
"RWDD1",0.100157307982519,3.45791523901028e-91,3.90009464413807e-90
"ARF6",0.100139897002219,3.71540292318535e-91,4.18322061299164e-90
"PRDX5",0.100061309373615,5.13719738018762e-91,5.77399580544005e-90
"RAB8A",0.100012279309384,6.28728993753065e-91,7.05440468900753e-90
"SNHG7",0.0999304029057465,8.80806542889064e-91,9.86564283505848e-90
"LMNA",0.0998879219930378,1.04905887861e-90,1.17298915027999e-89
"MRPS36",0.0998453429456658,1.24986091772952e-90,1.39510337610015e-89
"NUP214",0.0998136954625065,1.42355546113178e-90,1.58624751383256e-89
"CCT6A",0.0997979921761605,1.51847936921825e-90,1.68911261792422e-89
"TMEM256",0.0996836164901766,2.42920712154138e-90,2.69754492364646e-89
"CLEC2B",0.0995432841968594,4.32020539512091e-90,4.78921399452273e-89
"HMGN3",0.0994595587532855,6.08854552092584e-90,6.73799037649127e-89
"LSM10",0.0994159047691707,7.28040656130365e-90,8.04323414298291e-89
"MRPS15",0.0993978288767557,7.83961819675024e-90,8.64628419178213e-89
"F13A1",0.0993848056474876,8.2688818135614e-90,9.10420762942118e-89
"HMOX1",0.0992513824893571,1.4271205558623e-89,1.56862113389687e-88
"LSM3",0.0989971840233351,4.02834208962328e-89,4.42025198105443e-88
"VAMP5",0.0989883301444716,4.17640061786327e-89,4.57496067682687e-88
"ESD",0.0986473577998846,1.67267601470811e-88,1.82612217862062e-87
"PLAAT4",0.0983718863775705,5.11351078650131e-88,5.56384350114445e-87
"SRM",0.0983582042548936,5.40489852175801e-88,5.87102567615124e-87
"CAPNS1",0.0983557706923804,5.45843438887765e-88,5.91924694030048e-87
"MRPS18C",0.0983344133056084,5.95155388011926e-88,6.44320398325955e-87
"TOMM5",0.0983133821750135,6.48053343117097e-88,7.00416918754606e-87
"MRPL41",0.0983117285036078,6.52406338110906e-88,7.03946438821668e-87
"HNRNPF",0.0982363383021015,8.85142910886133e-88,9.5348006740047e-87
"NDUFS4",0.0982132965335097,9.71600649863666e-88,1.04487418724541e-86
"PLEKHO1",0.0980836798705095,1.64054678146156e-87,1.76134326089256e-86
"TMEM219",0.0980665877294884,1.7577847479107e-87,1.88408914867117e-86
"POLR2E",0.098031978949007,2.0213807039796e-87,2.1630444095147e-86
"TRAM1",0.0979251024776859,3.11104495357713e-87,3.32358168802943e-86
"TUFM",0.0978493196248063,4.22240432389759e-87,4.50343419982092e-86
"S100A4",0.0977352529661562,6.6839096122128e-87,7.11704454432001e-86
"AURKAIP1",0.0977235343792854,7.00663895630701e-87,7.44843688064558e-86
"ATRAID",0.0976930115777024,7.92207762907659e-87,8.40779189682653e-86
"TAF10",0.0975893826639064,1.2016367107966e-86,1.27322357867384e-85
"SNRPG",0.0975176212523668,1.60307231240603e-86,1.69579904420206e-85
"NENF",0.0974934240305925,1.76661317455689e-86,1.86575101012746e-85
"CIB1",0.0973467580210821,3.18148189256573e-86,3.35454621701475e-85
"TBCB",0.097192971474613,5.88982422191674e-86,6.20011740043723e-85
"PYURF",0.0969132686538496,1.80084247375059e-85,1.89263866478268e-84
"MAGOH",0.0968060215202811,2.76189711902967e-85,2.89797762538056e-84
"DPYSL2",0.0968036831475156,2.78775622648141e-85,2.92037763919751e-84
"MRPL36",0.0967487391782233,3.46995847927256e-85,3.6233082572275e-84
"AKR1A1",0.0966817761841386,4.53018866111636e-85,4.72277639163725e-84
"C20orf27",0.0965970033557618,6.34729079897549e-85,6.60648884767963e-84
"MRPS12",0.0965327427008199,8.19468752775407e-85,8.50198831004485e-84
"HLA-DQA1",0.0964032443541178,1.37050263691382e-84,1.41962145142081e-83
"NDUFB7",0.0962259565310696,2.76794658564581e-84,2.86256967978769e-83
"NDUFA2",0.0961231661367445,4.1581017072589e-84,4.29338922692092e-83
"CD81",0.0961071652697908,4.42985710724764e-84,4.56670301151612e-83
"CCT8",0.0960358938824283,5.87219438558394e-84,6.04397240894602e-83
"REEP5",0.0959317161794419,8.86264048979748e-84,9.10741817951569e-83
"MPG",0.0958705610732712,1.12826224844111e-83,1.15758633857492e-82
"TMEM230",0.0956814926637609,2.37754381583479e-83,2.43547763666368e-82
"ARF1",0.0956237291295761,2.98470055091221e-83,3.0525989520704e-82
"DCTN3",0.0956136239962875,3.10580179718766e-83,3.17144492665503e-82
"TXNL4A",0.0955976037702398,3.30791043614292e-83,3.37250585253375e-82
"LAMTOR5",0.0955956032481729,3.3340529104261e-83,3.39381423617902e-82
"RHOG",0.0955564218707107,3.88969882260179e-83,3.95320410950141e-82
"SRSF3",0.0954401468064062,6.14348054766236e-83,6.2339957783019e-82
"PSMC5",0.0950886429439376,2.43777793040705e-82,2.46982383747344e-81
"RAB32",0.0948301343890073,6.69550769618005e-82,6.77292450391713e-81
"SNF8",0.0948015990675599,7.48419147858462e-82,7.55891663531308e-81
"LY96",0.094727132897926,1.00064489704462e-81,1.00906153636555e-80
"LIMD2",0.0946796731868464,1.2039753886564e-81,1.21221410049168e-80
"IAH1",0.0946105672372246,1.57588343385702e-81,1.58420331534012e-80
"AP2M1",0.094603984976484,1.61679436428824e-81,1.62281034331815e-80
"RNF130",0.0946034405056703,1.62022548655467e-81,1.62373681113854e-80
"ID2",0.0945334947532702,2.12718660880925e-81,2.12850171644994e-80
"PRDX3",0.0944175464404455,3.33886867835695e-81,3.3357771332844e-80
"CORO1B",0.0944042827490523,3.51545295714471e-81,3.50678620100999e-80
"COPZ1",0.0943652085793966,4.09165394032735e-81,4.07528732456604e-80
"MAZ",0.0943370754548015,4.56396172465834e-81,4.53872322664179e-80
"UQCRC2",0.0942752285147149,5.80215054908471e-81,5.76121513110037e-80
"CHMP2A",0.0941445784355367,9.62898608295498e-81,9.54640978576578e-80
"CYCS",0.0940194084186881,1.56334548761982e-80,1.5475686065521e-79
"HNRNPR",0.0940058181974109,1.6477448844532e-80,1.62862601251146e-79
"SUMO1",0.0939134191567756,2.35534823150326e-80,2.32447019066343e-79
"TOMM22",0.0938289260177877,3.26444037773164e-80,3.2167407923036e-79
"CALM3",0.0937955964668747,3.7127012107861e-80,3.6528917383935e-79
"CD53",0.0936105233211373,7.57919727016704e-80,7.44578499651918e-79
"HNMT",0.0933926623847611,1.75255087970836e-79,1.71909309018666e-78
"PSMD9",0.0933503093481434,2.06225916426113e-79,2.01982841594956e-78
"EMP3",0.0933493431171474,2.06992766917201e-79,2.02427669640779e-78
"ECHS1",0.0932023099101591,3.63955674172015e-79,3.55392011250321e-78
"EPB41L3",0.0931187307200045,5.01411684981617e-79,4.88876392857077e-78
"TXN2",0.0930592094471303,6.29811835372148e-79,6.13143131157787e-78
"TIMM8B",0.0930508078440086,6.50402362510755e-79,6.322379722064e-78
"GIMAP1",0.0929069344130133,1.12780945743989e-78,1.09466842990492e-77
"TMEM14B",0.0929025687280309,1.14678949790821e-78,1.11142443255355e-77
"NOL7",0.0926606042371309,2.88840397437172e-78,2.79514608820366e-77
"CEBPD",0.0926321220484552,3.21967052099194e-78,3.11106670938833e-77
"FBP1",0.0925819698092657,3.89766931063973e-78,3.76058287884971e-77
"RAB7A",0.0924617684987492,6.1593226253419e-78,5.93384742209277e-77
"ETHE1",0.0924300471611992,6.94918792224951e-78,6.68485031331996e-77
"CTSC",0.0923831687167078,8.30501043352886e-78,7.97724592680502e-77
"ELOC",0.0923211030650507,1.05138665060113e-77,1.00839661866544e-76
"KRT10",0.092312295952091,1.08715266196099e-77,1.04115774164725e-76
"UBE2I",0.0922246363097314,1.5164080550667e-77,1.45010720066497e-76
"ANAPC16",0.0921782696189933,1.8080284853508e-77,1.72642719972878e-76
"PEBP1",0.0921136211856081,2.31019583508633e-77,2.2026815664726e-76
"COA4",0.0920352017657823,3.10931592558108e-77,2.96025166208999e-76
"MRPL43",0.0920259831335252,3.2197644063954e-77,3.060903783701e-76
"SERPINB6",0.0919962111854055,3.60388564017178e-77,3.42104921326571e-76
"BLVRA",0.091865951723943,5.89844033400145e-77,5.59099600619698e-76
"CSNK2B",0.091642817630073,1.36945658910555e-76,1.2961786488113e-75
"PABPC4",0.0914850422643616,2.48122343375504e-76,2.34502781169783e-75
"SPINT2",0.0914788696604953,2.53953966119265e-76,2.39664428083983e-75
"CHCHD1",0.0914654692100168,2.67088800075731e-76,2.51693288455645e-75
"PGK1",0.0913866686807092,3.59232520442728e-76,3.38033624614276e-75
"ITM2B",0.0913494688371324,4.13144795382359e-76,3.88200203963046e-75
"MRPL21",0.0913255860393199,4.51935468741075e-76,4.24033365888365e-75
"CUTA",0.0912465384805943,6.08135004087433e-76,5.69763533496677e-75
"CAPZB",0.0912135664714815,6.88244489987135e-76,6.43886535863686e-75
"TGFBI",0.0910880640080307,1.10185875289476e-75,1.02935549296402e-74
"RSL24D1",0.0910821269973627,1.12664583433679e-75,1.05099497571994e-74
"MRPL14",0.0910071706015383,1.4918035160098e-75,1.38763447739188e-74
"NDUFS3",0.0909984696798179,1.54119641009388e-75,1.43152160099681e-74
"SRSF7",0.0909084742745987,2.1582238698542e-75,2.00176809934615e-74
"PET100",0.090880636210862,2.39498324402954e-75,2.21818619768916e-74
"M6PR",0.0908445899458236,2.74041856497268e-75,2.5344956842333e-74
"LGALS9",0.0906318885583663,6.062062807597e-75,5.59854416781497e-74
"MORF4L1",0.0906277611159781,6.15606531460932e-75,5.67726023458415e-74
"CCT7",0.0905165847856529,9.31524561802873e-75,8.57850641978919e-74
"LMO2",0.0904875004878083,1.03804914763596e-74,9.5459235536864e-74
"GDI2",0.0903837604437786,1.52693601421637e-74,1.40218209305486e-73
"MRPL40",0.0903784051294225,1.55764195651494e-74,1.42835326154075e-73
"POLR2J",0.0898320132408416,1.18021756262338e-73,1.08072538902741e-72
"TMEM50A",0.0896003550031524,2.77473823258496e-73,2.53723945166031e-72
"HSPD1",0.0895096936148582,3.87484245176402e-73,3.53818477189285e-72
"RAC2",0.0893698565849199,6.48129986140116e-73,5.90985004263537e-72
"TALDO1",0.0893274123603877,7.57534745610727e-73,6.8977214389365e-72
"ZNF385A",0.0891674905621146,1.36252282381763e-72,1.2389006687353e-71
"CEBPB",0.0891209944765767,1.61576985219067e-72,1.46710996116163e-71
"CANX",0.0889610490190211,2.90243719554854e-72,2.6317056588209e-71
"SNRPC",0.0888667008763943,4.09827710571714e-72,3.71080363390388e-71
"KDELR2",0.0888465513332191,4.41144532799635e-72,3.98878450467156e-71
"VSIG4",0.088838054989647,4.55054438856722e-72,4.10881790398663e-71
"SELENOW",0.0888087508573194,5.06471177109192e-72,4.5667052933216e-71
"NDUFB1",0.0887541992363901,6.18102252385068e-72,5.56549927947278e-71
"MGST2",0.0886099697374098,1.04595902480193e-71,9.40491489801071e-71
"PDIA6",0.0885249065058441,1.42585678216345e-71,1.28030468900502e-70
"YWHAB",0.0885084348947219,1.51396979728269e-71,1.35754023097066e-70
"AKR7A2",0.0884726742469714,1.72439707729232e-71,1.54408667750906e-70
"ST13",0.0884112140121711,2.15636329344111e-71,1.92821767427317e-70
"MRPS34",0.0883958290388863,2.28041501715413e-71,2.03633197531805e-70
"EFHD2",0.0883794155016748,2.4206120458001e-71,2.15854578299034e-70
"TBXAS1",0.0882532443377295,3.82775056449309e-71,3.40864610103552e-70
"SNRPD3",0.088191451920333,4.78970035961497e-71,4.25941210551474e-70
"ZDHHC1",0.0881326230139996,5.92842822014453e-71,5.26483460867156e-70
"DECR1",0.0880399678959554,8.29290277161233e-71,7.35455514293401e-70
"GHITM",0.088033030837137,8.50381639932989e-71,7.53128691781966e-70
"SPCS2",0.0879762982271356,1.04419915937722e-70,9.23517125383619e-70
"RNASE6",0.0877966438109797,1.99881384532726e-70,1.76539165547731e-69
"SNX2",0.0877857755389916,2.07880012659905e-70,1.83353569749349e-69
"ANXA1",0.087770985729115,2.19279628794737e-70,1.93145077117976e-69
"UQCC2",0.0876498774947503,3.39396847021166e-70,2.98540107012911e-69
"MRPL18",0.0875257458798876,5.30736493735516e-70,4.6621276261109e-69
"SEPTIN7",0.0874140755471064,7.93086276168067e-70,6.95723652020605e-69
"PSMA3",0.0873506999403276,9.95910302672548e-70,8.72465940392703e-69
"NAA10",0.0873141107090287,1.1357585370819e-69,9.9363523906327e-69
"LEPROTL1",0.0872320912344356,1.52446924781394e-69,1.33190471124797e-68
"ETFB",0.0872132469083466,1.63106641435607e-69,1.42311643753924e-68
"MTDH",0.0871765245291585,1.86060461931963e-69,1.62120515551485e-68
"PPP4C",0.0871638169818666,1.9473143370641e-69,1.69447755620336e-68
"CLNS1A",0.0870683155398336,2.74164372028687e-69,2.38246999263587e-68
"ISCU",0.0870241525676787,3.21115554568499e-69,2.78673203790411e-68
"LAMTOR4",0.0869798942464981,3.76205061306751e-69,3.26044386465851e-68
"ARF3",0.0868585621392252,5.8043685985041e-69,5.0237275811117e-68
"ATP5MPL",0.0868358247435717,6.29532579371387e-69,5.44138039899915e-68
"EIF4B",0.0866945751575439,1.04201103613916e-68,8.99463926395319e-68
"METTL26",0.0866466118261393,1.23624812419067e-68,1.06570843621976e-67
"PPP1R7",0.0866340411428004,1.29286912561985e-68,1.11303653181687e-67
"S100A6",0.0866160706130352,1.37832931341719e-68,1.185033728428e-67
"OAS1",0.0865242529578868,1.91114657881247e-68,1.64094999353209e-67
"NDUFA3",0.0864818983177701,2.22187130585444e-68,1.90521785882141e-67
"JAGN1",0.0864292965898264,2.67872064415196e-68,2.29392029765077e-67
"CD302",0.0863922518005014,3.05554481137436e-68,2.6131568175479e-67
"EIF2A",0.0861431108969633,7.39398555943557e-68,6.31512698044668e-67
"PAIP2",0.0860017026294583,1.21959094530981e-67,1.04026769169114e-66
"NCL",0.0858724049435114,1.92584562707658e-67,1.64051639338076e-66
"MTPN",0.0858205640905756,2.31252650427364e-67,1.96731886841886e-66
"ERCC1",0.0857226683380959,3.26599978001486e-67,2.77481398632759e-66
"GABARAPL2",0.0856822880842409,3.76538259315877e-67,3.19489998795674e-66
"KLF2",0.0856470390212718,4.26310405181632e-67,3.61247848579305e-66
"MS4A7",0.0855639210847672,5.71181633640442e-67,4.83376457018068e-66
"LRPAP1",0.0855181783000387,6.70873169128157e-67,5.67001683673067e-66
"CALHM2",0.0855045516322564,7.03794899010711e-67,5.94050609673447e-66
"LSM12",0.0854828438339644,7.59597395599901e-67,6.40316867072104e-66
"IGFBP7",0.0854416013468858,8.78046495692133e-67,7.39203252680217e-66
"MCUB",0.0854239139937333,9.34325456002537e-67,7.85561428852003e-66
"BTF3L4",0.0853474850271278,1.2218554466706e-66,1.02597823109539e-65
"PDLIM2",0.0852866883081004,1.51228579147284e-66,1.26656380517402e-65
"LILRB4",0.085259699343689,1.66236316098248e-66,1.39045724860472e-65
"NME1",0.0852303617201323,1.84237919072711e-66,1.53904037171191e-65
"CD164",0.0851921775154064,2.10607486997228e-66,1.75705266858255e-65
"PPP1CC",0.0851733558935362,2.24957266364182e-66,1.87435436607685e-65
"HDLBP",0.085135993215416,2.56393409649946e-66,2.13353590497911e-65
"RHOC",0.0850964069660453,2.94487614973513e-66,2.44738487719964e-65
"H2AFV",0.0850209401713254,3.83422518008721e-66,3.18240689947238e-65
"PSMB7",0.0849878984016661,4.30353681986449e-66,3.56736201943697e-65
"MARCO",0.0849570106099007,4.79387322906864e-66,3.96873852749238e-65
"CCT5",0.084947970599173,4.94764163475455e-66,4.09080867731813e-65
"CD33",0.0849298740615163,5.27038387985395e-66,4.35210015793042e-65
"EZR",0.0849253535832925,5.35422710105338e-66,4.41570270728912e-65
"PLAC8",0.084900146569698,5.84671882452871e-66,4.81573252798968e-65
"RAB10",0.0848599483265585,6.72715792669254e-66,5.53387807082688e-65
"BAG1",0.0848476895394631,7.02107670611041e-66,5.76833129382726e-65
"MPLKIP",0.0848015337973237,8.24718110230774e-66,6.76707863831943e-65
"PDIA3",0.0847807287330329,8.86751213325805e-66,7.26687006971046e-65
"NBDY",0.0847700820106389,9.20272792099035e-66,7.53204305442371e-65
"MRPL33",0.0846694338691027,1.30664017063001e-65,1.06807935159832e-64
"EIF6",0.0845889477485359,1.7288901532274e-65,1.41145458411024e-64
"SNX5",0.0844809241593096,2.51653899777499e-65,2.05189842211527e-64
"FAM174C",0.084427217405043,3.03237760898078e-65,2.46938523780397e-64
"RAP2B",0.0843698846502049,3.69975494663707e-65,3.00907205082015e-64
"MRPL20",0.0843377287845378,4.13618466122538e-65,3.35980671226764e-64
"VDAC3",0.0843230301061512,4.35241239839597e-65,3.53101727659342e-64
"IER5",0.0842721570330475,5.19151131647493e-65,4.20648864366191e-64
"NUDC",0.0842298047493185,6.01171396288452e-65,4.8649795244643e-64
"LYSMD2",0.0841995084601138,6.67650077739553e-65,5.3962129878725e-64
"SRI",0.0841770243986667,7.21677408341763e-65,5.82561040100321e-64
"SFT2D1",0.084166127867465,7.49406828987637e-65,6.04191757268488e-64
"RAB13",0.0840586328599742,1.08677362493523e-64,8.75096075600831e-64
"FAM204A",0.0839399840061898,1.63707503750809e-64,1.31657438420216e-63
"TMEM176B",0.083876622641932,2.03696493036875e-64,1.63614279890909e-63
"MTLN",0.0838025795070814,2.62910705995844e-64,2.10914982728264e-63
"ARL5A",0.0837856201384082,2.78726640611185e-64,2.23326271202576e-63
"CBR1",0.0837146647120178,3.55850435398685e-64,2.8476832123252e-63
"CACYBP",0.0836439356195533,4.53866388660649e-64,3.62756913603586e-63
"FLNA",0.0836346210350223,4.6863654960005e-64,3.74100249335477e-63
"NUCKS1",0.0835972767733912,5.32820993952943e-64,4.24813191484157e-63
"RAB2A",0.0835790189451565,5.6731771203509e-64,4.5176074633643e-63
"EIF5B",0.0835481089640933,6.30866854359492e-64,5.01748404806309e-63
"LSM2",0.0835371422115239,6.5507908337943e-64,5.20365887828028e-63
"PSMD4",0.083471708124665,8.20046402138514e-64,6.506103440496e-63
"CHURC1",0.0834035985618611,1.03583308019867e-63,8.20805796965263e-63
"MXD4",0.0833814339709593,1.11760066036136e-63,8.84516708457145e-63
"DNPH1",0.0833781127911658,1.13039491753005e-63,8.93550268142799e-63
"CTDNEP1",0.0833702849900294,1.16113047519144e-63,9.16726670291386e-63
"VKORC1",0.0833422482218415,1.27820836240143e-63,1.00793190477306e-62
"PTP4A2",0.0831874856524181,2.17092422808324e-63,1.70980090664366e-62
"CREG1",0.0831563878515345,2.41444477329852e-63,1.89928498934807e-62
"SSNA1",0.0828533944622946,6.78857188276919e-63,5.33364252051551e-62
"BUD31",0.0828112514375995,7.83597844792135e-63,6.14910599658701e-62
"COX16",0.0827696508980571,9.02764751389792e-63,7.07566464951273e-62
"KDELR1",0.0827157433100572,1.08442183806716e-62,8.48917409872648e-62
"ILF2",0.0826747779896627,1.24643819196196e-62,9.74570151541271e-62
"LAPTM5",0.0826514406522647,1.34929698249461e-62,1.05372118994814e-61
"ACP1",0.0826034308201366,1.58825615115579e-62,1.23883979790152e-61
"PSMB4",0.0824750572139372,2.45507152350925e-62,1.91265138907327e-61
"TPP1",0.0823640663788769,3.57567115562466e-62,2.78231911797044e-61
"CD300A",0.0822281857058751,5.66198089813356e-62,4.40043989610044e-61
"METTL7A",0.0821183985106331,8.20361408582531e-62,6.36812920762986e-61
"ATG3",0.0820634216322028,9.87562125207677e-62,7.65685892047246e-61
"TMEM179B",0.0820607098987884,9.96636071276352e-62,7.71796881033864e-61
"SSU72",0.0820546649114493,1.01716378183802e-61,7.86752487887615e-61
"HEBP1",0.08204501501809,1.05080960768234e-61,8.11806849658168e-61
"TMEM173",0.0820226867225219,1.13297269331278e-61,8.74239000775557e-61
"CAMK2D",0.0819333354303998,1.53097201524823e-61,1.1799420031806e-60
"PSMA1",0.0817646521700711,2.70029162772013e-61,2.07867871556006e-60
"OSTF1",0.0817579890123003,2.76143572457527e-61,2.12322266994065e-60
"BLOC1S1",0.0816256216393696,4.30673098103977e-61,3.30744678188037e-60
"MAN2B1",0.0816123676261834,4.50253278837088e-61,3.45372005591387e-60
"NDUFC1",0.0815106881538138,6.33116918628279e-61,4.85064962272128e-60
"EIF4H",0.081435868003287,8.13373525766098e-61,6.22432648440865e-60
"NDUFV3",0.0813976291416779,9.24399117031075e-61,7.06559608460351e-60
"C18orf32",0.0813760166009863,9.93700916416265e-61,7.58634402462134e-60
"ITGB1BP1",0.0813438174805635,1.10666263094997e-60,8.42886337972953e-60
"SCP2",0.0812013200865138,1.78125635636226e-60,1.3550944360857e-59
"RNPEP",0.0811524559692451,2.09665173400345e-60,1.59316001478149e-59
"MGST1",0.0811354030059534,2.21934322639313e-60,1.68441125998465e-59
"LMAN2",0.0811262435753831,2.28816910517932e-60,1.73461437786076e-59
"RER1",0.0811047194967655,2.45839073691925e-60,1.86147621413044e-59
"FBL",0.0810966374570423,2.52551543555559e-60,1.91006856656389e-59
"MDH1",0.0809803448704613,3.72013707102436e-60,2.81028791106321e-59
"RHOQ",0.0809053939231894,4.77354985204178e-60,3.60186034290425e-59
"PSENEN",0.0809000764491578,4.85869736441041e-60,3.66184013238568e-59
"CAPZA1",0.0808237466136139,6.26157419208608e-60,4.71365480460062e-59
"POLR2F",0.0807535556837668,7.9048726187162e-60,5.94380317463051e-59
"CMTM3",0.080752482431123,7.93307863260567e-60,5.95809177117043e-59
"BST2",0.0807395968397313,8.2796541401458e-60,6.2111797106957e-59
"IDH3G",0.0807278877191386,8.60764888413535e-60,6.4497591291542e-59
"ZNHIT1",0.0807169286395823,8.92634943414282e-60,6.68083077880238e-59
"C17orf49",0.0807085698553695,9.17730971806261e-60,6.86072784234842e-59
"SCIMP",0.0806527004185748,1.10450484578433e-59,8.24747909066642e-59
"HMGN2",0.0806392572266733,1.15482856843896e-59,8.61331814755049e-59
"MRPL23",0.0805313040657155,1.65114716810609e-59,1.23009513996764e-58
"IER5L",0.0804980492247038,1.84320586694962e-59,1.37159940030251e-58
"STX10",0.0804600275801686,2.09019884515762e-59,1.5536104849082e-58
"RAB4A",0.080180538785074,5.25829695484063e-59,3.90392367954567e-58
"TTYH3",0.0801767730016821,5.3239494969946e-59,3.94813849296026e-58
"SASH1",0.080156652885946,5.68880971077553e-59,4.21388490475524e-58
"TUBB",0.0799831754474379,1.00676547737076e-58,7.44891394342661e-58
"ENSA",0.0799722537652755,1.04356093201373e-58,7.71234414823846e-58
"CLEC4A",0.079946355739927,1.13625506747977e-58,8.38781676951427e-58
"CASP4",0.0797990491737892,1.842731975555e-58,1.3587524840254e-57
"SUMO3",0.0797887164282136,1.90623722926556e-58,1.40397950196419e-57
"EMC6",0.0797805679965585,1.95785132198891e-58,1.44035562029047e-57
"COA6",0.0797488875605392,2.17209581138211e-58,1.59615758035048e-57
"DDOST",0.0797412891237116,2.22686144385051e-58,1.63454659722088e-57
"MAPKAPK3",0.0797391257997847,2.24270361955052e-58,1.64431067191054e-57
"VMA21",0.0797036603644864,2.51902099499228e-58,1.84481243456787e-57
"FGD2",0.0796480754283642,3.02184468675711e-58,2.21055621492266e-57
"SDHD",0.0796381395884392,3.12172619910315e-58,2.28104462900607e-57
"SNX17",0.0795667665929975,3.94267862895308e-58,2.87766645364625e-57
"AIMP1",0.0793576752085012,7.80391674432763e-58,5.68307727815265e-57
"ATOX1",0.0792677045031782,1.04631522494711e-57,7.61106153517709e-57
"CAPZA2",0.0792621906668255,1.06527672210643e-57,7.7402934892447e-57
"PFDN4",0.0792607147020903,1.07041022632927e-57,7.76887422113864e-57
"EEF1D",0.0791779175331224,1.40154696710934e-57,1.01608231411712e-56
"RPP21",0.0791566940015849,1.50173524090051e-57,1.08749820465211e-56
"LSM5",0.0791544950335779,1.51251512987919e-57,1.09408077662993e-56
"TPPP3",0.079112382101901,1.73449680377706e-57,1.25325137362195e-56
"PEA15",0.0790957131417803,1.83107179528219e-57,1.32155616529062e-56
"TPGS1",0.0790901117973249,1.86471203025485e-57,1.34433693584297e-56
"PSMC4",0.0790865570674399,1.88637940721201e-57,1.35844497022142e-56
"RTN4",0.0789391964283951,3.04382561561578e-57,2.18952522616628e-56
"PRCP",0.0788638244517273,3.88642225707171e-57,2.79253026551412e-56
"TXNIP",0.0788507758076692,4.05427545331524e-57,2.90990901161451e-56
"ARL4A",0.0787596501143752,5.445888030505e-57,3.90439414280059e-56
"NAGA",0.0787257407143595,6.07742339348042e-57,4.3523494523664e-56
"UBAC1",0.0787177372669235,6.23682037627575e-57,4.46156631116124e-56
"YWHAQ",0.0787145820561342,6.30079801988822e-57,4.50235832017178e-56
"PKM",0.0786532626573553,7.68244226075784e-57,5.48358668094225e-56
"SMCO4",0.0786300621836264,8.28055547498705e-57,5.90399957544781e-56
"POLR2I",0.0785979720746151,9.18501107214197e-57,6.54166795171035e-56
"NAA20",0.0785718400238854,9.99372772546176e-57,7.10982343897137e-56
"FIBP",0.0785476933732783,1.08038890532289e-56,7.67775825802455e-56
"ORAI3",0.0785138580116847,1.20503123296554e-56,8.55413618664352e-56
"MFNG",0.0784878468887593,1.31050096798575e-56,9.29264322753535e-56
"CHCHD5",0.0784846691063109,1.32400089128782e-56,9.37809821684614e-56
"GET3",0.0784803594278338,1.34253092761688e-56,9.49895653048269e-56
"COMMD9",0.0784615473696862,1.4264878333576e-56,1.00819675034467e-55
"TIMP2",0.078446588860997,1.49696255022419e-56,1.05685229554541e-55
"PPP1CA",0.0784280057517533,1.58936221436729e-56,1.12086394072046e-55
"MRPL4",0.0784172082212625,1.64563692553908e-56,1.15928764482481e-55
"EMC7",0.0783464190283758,2.06705344645019e-56,1.4545765230781e-55
"DNAJC7",0.0783025907353698,2.3801937461765e-56,1.67311338900615e-55
"MRPS7",0.0782611546845635,2.71955291317873e-56,1.90958628632528e-55
"PABPN1",0.0782052472687201,3.25499332791706e-56,2.2830798271869e-55
"RNASEH2C",0.0781896632734184,3.42213392916954e-56,2.39771591530775e-55
"HNRNPDL",0.07816119911613,3.74978582746291e-56,2.62444469697242e-55
"GNB1",0.0781273062630325,4.18090585761632e-56,2.92302208663154e-55
"GLB1",0.0780551768625423,5.26971382735189e-56,3.68027263411825e-55
"IDH2",0.0780423998777828,5.49013221813095e-56,3.83007715303661e-55
"NONO",0.0779890264732776,6.51462754595277e-56,4.53990298519895e-55
"SEC11C",0.0777211942141845,1.53460445521023e-55,1.06828271430441e-54
"PDK4",0.0777168447793232,1.55606824143508e-55,1.08206077283037e-54
"FAM200B",0.0776639154309726,1.84250476336048e-55,1.27986865214546e-54
"RBMX",0.0776539647799641,1.90194676720251e-55,1.31974312656689e-54
"IER3IP1",0.0775367986724422,2.76334555705034e-55,1.91540675977986e-54
"MRPS33",0.0775359155601847,2.77113118281647e-55,1.91874901364212e-54
"OXA1L",0.0775039554819314,3.06809048449928e-55,2.12209591844533e-54
"DHRS4L2",0.0774265244628394,3.92558433872085e-55,2.70940650414486e-54
"MCRIP2",0.0773685974280307,4.71964185548318e-55,3.25398949652802e-54
"IMP3",0.0773511591588529,4.98863555257289e-55,3.43579006035712e-54
"OLA1",0.0773363654444509,5.22877016717368e-55,3.59734942213415e-54
"CYTOR",0.077198017303395,8.11247011642561e-55,5.57538551313582e-54
"IL18",0.0771116573778376,1.06672339146904e-54,7.3234010990144e-54
"KLF3",0.0771040691449506,1.09267943262416e-54,7.49365110890766e-54
"SDHC",0.0770748370561472,1.19868402111867e-54,8.21193688118758e-54
"TMEM208",0.0770626946951978,1.2456710378232e-54,8.52481426941585e-54
"THOC7",0.07702524924797,1.40243642951481e-54,9.58751155721106e-54
"P4HB",0.0770202028922593,1.42501346830208e-54,9.73157931834141e-54
"MRPL15",0.0769682061024361,1.67979988934303e-54,1.14594567793538e-53
"TMEM134",0.0767347845526918,3.51042437327893e-54,2.39226183080082e-53
"PPT1",0.076731549741983,3.54640896023124e-54,2.41424307134984e-53
"CALCOCO2",0.0767304907564543,3.55826892427539e-54,2.41977237560492e-53
"HNRNPA0",0.0767202719118705,3.67476248318108e-54,2.49637065226803e-53
"MRPL27",0.0766916745497377,4.02134805112101e-54,2.72895254538338e-53
"COMMD1",0.0766027832762179,5.32043693524126e-54,3.60675483965989e-53
"NDFIP1",0.0765266367814293,6.76051084157766e-54,4.5781953125914e-53
"CNIH1",0.0764894991490769,7.59765735103333e-54,5.13973183809716e-53
"GPBAR1",0.0764666137328165,8.16414123705388e-54,5.51718688608422e-53
"FUNDC2",0.0764661936795711,8.17492263584602e-54,5.51871211099762e-53
"CCT2",0.0764555208146858,8.45366810525339e-54,5.70094242848026e-53
"H2AFJ",0.0764444097006411,8.75391840029401e-54,5.8972807204478e-53
"AIP",0.0763616463795191,1.13510248354931e-53,7.63893292983183e-53
"GPSM3",0.076278730779724,1.47215069921325e-53,9.89688850125295e-53
"ZC3H15",0.0762770955309891,1.47971462886935e-53,9.93741961338195e-53
"CNBP",0.0762501622841042,1.61001260088222e-53,1.08012658840534e-52
"HSP90B1",0.0762110476605699,1.81984382433925e-53,1.21963446364102e-52
"JPT1",0.0761709597553407,2.06316720550869e-53,1.38127657584936e-52
"RAB34",0.0761423058532102,2.25669228802783e-53,1.50927953230291e-52
"CRTAP",0.0760052341420225,3.46366893882246e-53,2.3141168947303e-52
"CLTB",0.0759109477042197,4.6486571244312e-53,3.10261919830593e-52
"POLR2K",0.0759031647409512,4.76287347648046e-53,3.17557599245463e-52
"UBE2M",0.0758303937776933,5.97558230222407e-53,3.98003290376529e-52
"MTCH2",0.0757940234353605,6.69236784586448e-53,4.44829460309309e-52
"C14orf119",0.0757487619916645,7.70501777432306e-53,5.11613180215051e-52
"CAMTA1",0.0757150158852929,8.55804950001869e-53,5.67672258843453e-52
"WASHC3",0.0756951367505389,9.10390986963682e-53,6.03262154514113e-52
"CNPY2",0.0756469366238515,1.05756807549828e-52,7.00071137093644e-52
"TRAPPC6A",0.0755976865259644,1.2324333666039e-52,8.14620664754596e-52
"MARCKS",0.0755975046324995,1.23312982925472e-52,8.14620664754596e-52
"TMEM141",0.0754914724017842,1.71369930533187e-52,1.13093672810586e-51
"BNIP3L",0.075475003763465,1.80349697277337e-52,1.18898568245772e-51
"RABAC1",0.075466673216833,1.85068954512758e-52,1.21885698017863e-51
"TAF9",0.0754450302567896,1.97912306268317e-52,1.30211816136289e-51
"TMEM176A",0.0751306082467346,5.23422909559428e-52,3.44024357003831e-51
"RHEB",0.0750628409385213,6.45143691251271e-52,4.23596374965591e-51
"ADA2",0.0750063090133809,7.67967152547188e-52,5.03730430151013e-51
"UBE2N",0.0749702126644143,8.58300415376051e-52,5.62412640601675e-51
"MLEC",0.074955200864973,8.98914008222553e-52,5.88429655129707e-51
"IFITM3",0.074935782702333,9.54299427994378e-52,6.24053989579354e-51
"OCIAD1",0.0749092471941293,1.03551831787862e-51,6.76482905140888e-51
"HAX1",0.0748934305719424,1.08716565788346e-51,7.095071037437e-51
"PSMB5",0.0748404209750666,1.27969697402295e-51,8.34316033214963e-51
"MRFAP1",0.0748385261147026,1.28717444740765e-51,8.38346818160676e-51
"NUDT16",0.074812935519979,1.3925251401954e-51,9.06051030917085e-51
"KTN1",0.0748042049898871,1.43039627124798e-51,9.29757576311188e-51
"DDX18",0.0747388804372077,1.74826359045663e-51,1.13523154309089e-50
"SELENOT",0.0747090571738816,1.9158840855338e-51,1.24282901500459e-50
"MRPL3",0.0747075417444105,1.92481624079687e-51,1.24737340769959e-50
"SLC3A2",0.0747040956418866,1.94528269694922e-51,1.25937601800493e-50
"DEK",0.0746937144259264,2.00825558042532e-51,1.2988458169504e-50
"SRSF2",0.0746567688015477,2.24928812481351e-51,1.45328256687052e-50
"PSMF1",0.0746314724178609,2.43072452932864e-51,1.56894422760455e-50
"GLRX5",0.0746245767490301,2.48266237939988e-51,1.60087213587996e-50
"CHMP4A",0.0745872930353744,2.7832230699557e-51,1.79289414476549e-50
"SPAG7",0.0745694769429162,2.93937632978042e-51,1.89160262017877e-50
"COPRS",0.0744277269775457,4.53601031558937e-51,2.91330662531008e-50
"PNKD",0.0744148863351336,4.71763673201043e-51,3.02695542150997e-50
"MEAF6",0.0744045049085763,4.86975744481311e-51,3.12146630670496e-50
"PDCD2",0.0743811862691087,5.22948767370635e-51,3.34873424328139e-50
"TIMM10",0.0743392928046415,5.94349188656337e-51,3.80219036300506e-50
"SNRPB2",0.0743180850717692,6.34113876391102e-51,4.0525698279921e-50
"DGUOK",0.0741658559430879,1.00882682943953e-50,6.43462551112465e-50
"PPM1G",0.0741620439579726,1.02061236829431e-50,6.50339022867852e-50
"SNAPIN",0.0741276644866059,1.1332915969991e-50,7.21428692130989e-50
"CKLF",0.0740999174428565,1.23319856837174e-50,7.84256142597117e-50
"RAP1B",0.0740720009638716,1.34256250386154e-50,8.52968562315957e-50
"SRP9",0.0740246195150953,1.55072203640993e-50,9.84252398403713e-50
"CERS2",0.0739497934738922,1.94675322733813e-50,1.23440552338757e-49
"RNASEH2B",0.0739204198600738,2.12842958881261e-50,1.34828308786427e-49
"HMGN1",0.0738839033302253,2.37798320157747e-50,1.50489376803642e-49
"ITPA",0.0738645941885616,2.52150331776224e-50,1.59416137492117e-49
"IFI27L2",0.073838522733614,2.72905894831393e-50,1.72370025672043e-49
"CCT4",0.0737244940083284,3.85586168085863e-50,2.43302617172307e-49
"MARCKSL1",0.0736866696857141,4.32376824368621e-50,2.72561593083004e-49
"PLAAT3",0.0736511746726729,4.81412031910579e-50,3.031771881896e-49
"XRCC6",0.0736076779733405,5.49108479796865e-50,3.45474081458203e-49
"NAGK",0.073603360114264,5.56325076558222e-50,3.49674616081353e-49
"AP3S1",0.0735482021263182,6.57258593515157e-50,4.12715046985172e-49
"MARVELD1",0.0735259918795272,7.02873236874039e-50,4.40930361969238e-49
"HNRNPC",0.0734856035471255,7.94045738192325e-50,4.97642992164289e-49
"IKZF1",0.0734757955536886,8.17907350277956e-50,5.12101758771711e-49
"AOAH",0.0734385870391943,9.15103091478897e-50,5.72403614901872e-49
"CWC15",0.0733950050917318,1.04365644193645e-49,6.52184537171485e-49
"NDUFA9",0.0733834217894643,1.08074862801881e-49,6.74712306441059e-49
"HIKESHI",0.0733824858179879,1.08380249353064e-49,6.75966988739629e-49
"YWHAH",0.0733406836526229,1.22932045256868e-49,7.65988509136637e-49
"CCDC88A",0.0732881281279547,1.44016033769036e-49,8.9649981021225e-49
"DNASE2",0.0732220024042723,1.75726423461251e-49,1.09284617241896e-48
"MRPS26",0.0731293741304641,2.32151058589715e-49,1.4423665578789e-48
"ANTKMT",0.0731147361465045,2.42587093811098e-49,1.5057611172896e-48
"RPS19BP1",0.0730694785366696,2.77899331409944e-49,1.72329527926052e-48
"PCBD1",0.0730656694481795,2.8109505801636e-49,1.74128345294596e-48
"ICAM2",0.0730653815921479,2.81338043216168e-49,1.74128345294596e-48
"SECTM1",0.072967875112859,3.7692396491864e-49,2.33066451660294e-48
"NRG1",0.0729524153390088,3.94800926106011e-49,2.43887518665107e-48
"LSM8",0.0727282125713763,7.72234028518413e-49,4.76591334664272e-48
"DPM3",0.0727249350011776,7.79833266215993e-49,4.80822910998318e-48
"TMED10",0.0724491639952021,1.77476913376104e-48,1.09219157528222e-47
"CAMLG",0.0723943156729361,2.08935269189632e-48,1.28456498835107e-47
"IMPA2",0.0723392902036865,2.4606878943949e-48,1.50999937709124e-47
"MIEN1",0.0723009566301652,2.75751581178494e-48,1.69054520506588e-47
"ANXA4",0.0722745847815228,2.98215448456777e-48,1.82480795208807e-47
"SELENOF",0.072259680956352,3.11706820575636e-48,1.90556180963802e-47
"EIF3A",0.0722592645198603,3.1209238963681e-48,1.90611899104595e-47
"TMEM70",0.0722368447277513,3.33566461034692e-48,2.03535275093176e-47
"SARNP",0.0721733007678362,4.02755979114689e-48,2.45521865234322e-47
"DRAM2",0.0721004195499671,4.99851961234734e-48,3.03853671082973e-47
"MMP24OS",0.0719813734440071,7.10970790265967e-48,4.3178469945421e-47
"LRP1",0.0719300557351328,8.27432357985312e-48,5.02042838387714e-47
"NUTF2",0.0718266131517673,1.12301935905142e-47,6.80751622705886e-47
"TCEA1",0.071820360918364,1.14392876464293e-47,6.92777813124256e-47
"NT5C",0.0718077214895954,1.18738967166417e-47,7.18426236855497e-47
"PRR13",0.071758395615822,1.37329810066501e-47,8.30133697824953e-47
"MPC2",0.0717571262241884,1.37844662161966e-47,8.3246860339232e-47
"GRHPR",0.0717544597657186,1.38932414438174e-47,8.3825577919174e-47
"EBPL",0.0717267956146634,1.50734284882193e-47,9.08616164178137e-47
"SSR1",0.0715673236866464,2.41023902122367e-47,1.45152441147926e-46
"RBCK1",0.0715363072053382,2.64030910793563e-47,1.58860233873376e-46
"MRPS16",0.0714867735894918,3.05388162600652e-47,1.8357316292262e-46
"MRPS23",0.0714651428625559,3.25413826139898e-47,1.9542941655192e-46
"APOBEC3C",0.0714585134327453,3.31809082111701e-47,1.99085449267021e-46
"SUCLG1",0.0714458149210892,3.44410347956502e-47,2.06454869691703e-46
"SH2B3",0.0713758742756676,4.22847873555079e-47,2.53239327788675e-46
"GIMAP2",0.0713413948672289,4.67821887955483e-47,2.79914870852477e-46
"PRKDC",0.0713159303340262,5.04064703992864e-47,3.01321781500444e-46
"H2AFY",0.0713082482634514,5.15537300104192e-47,3.07895616316839e-46
"PCGF5",0.0712827949487612,5.55439172780505e-47,3.31420571850782e-46
"MRPL16",0.0712802140696143,5.59652846693171e-47,3.33627304741399e-46
"CIITA",0.0712790047458338,5.61638180533119e-47,3.34502813318437e-46
"NIFK",0.0712662241239931,5.8305328314692e-47,3.46938139254886e-46
"LSM1",0.0712021336887092,7.03332314354906e-47,4.18124279442944e-46
"PSMD7",0.0711628982466324,7.88839368851013e-47,4.68527162746923e-46
"NANS",0.0711125754768351,9.13812244884305e-47,5.42256688669202e-46
"ZNF511",0.0710861012930544,9.87277395945561e-47,5.85314456167726e-46
"P2RY13",0.07103409946379,1.14912304358658e-46,6.80642505414414e-46
"PNRC2",0.0710235296679225,1.18511610424009e-46,7.01320078505515e-46
"PLXND1",0.070992446068704,1.29759577449396e-46,7.66481299641781e-46
"RAD23A",0.0709416388832015,1.50476195281055e-46,8.88042742251187e-46
"NINJ1",0.0708443594759428,1.99759463369746e-46,1.17781672664457e-45
"LAGE3",0.0708282149094804,2.09368219848566e-46,1.23334836696963e-45
"SRP19",0.0708052893735394,2.23808156025416e-46,1.31721272918959e-45
"COA3",0.0707266179651531,2.81320612379871e-46,1.65419586244077e-45
"MPC1",0.0706312471090874,3.71075902038713e-46,2.17998674210402e-45
"MARCH2",0.0706124079343766,3.91921837608717e-46,2.30036443941871e-45
"CALML4",0.0705840978992893,4.25458514658791e-46,2.49494422454802e-45
"PLIN2",0.0705790797170702,4.31694337686239e-46,2.52922094314997e-45
"CBX3",0.0705651831870275,4.49441504231323e-46,2.63081762965062e-45
"STAB1",0.0705391366241595,4.84683862639439e-46,2.83454681727889e-45
"C11orf58",0.0704975580113259,5.46725573650766e-46,3.19449581571756e-45
"AC090559.1",0.0703978543344584,7.29596509133975e-46,4.25532234246248e-45
"PIN4",0.0702993646046569,9.69831241828933e-46,5.65138385202566e-45
"HNRNPAB",0.0701959880316375,1.30694352707483e-45,7.60894999485834e-45
"CHMP3",0.0701773172763744,1.37922884317551e-45,8.01883202823681e-45
"RNF114",0.0701687650052873,1.41365489831345e-45,8.20807337370518e-45
"C12orf10",0.0701550377546139,1.47070847398467e-45,8.53169055607236e-45
"HSD17B11",0.0701544212419081,1.47332392193575e-45,8.53921134343064e-45
"TMEM167A",0.0701286562608345,1.586866506395e-45,9.1890641881943e-45
"PRDX2",0.0699524151252897,2.63493525387457e-45,1.52444779567327e-44
"HAGH",0.0699515437065653,2.64154181170552e-45,1.52690550794478e-44
"NCBP2AS2",0.0699416859668313,2.71743475340004e-45,1.56937311271292e-44
"SCAMP2",0.0699252526254911,2.84880490758287e-45,1.64377566592616e-44
"TP53",0.0699013721416307,3.05105031513114e-45,1.75890469636322e-44
"REX1BD",0.0698818670368782,3.22679201507022e-45,1.85856330120682e-44
"PSMD3",0.0698517148175656,3.51848322086405e-45,2.02476981083323e-44
"NIPSNAP2",0.0698454314504917,3.58249514961188e-45,2.05977563042516e-44
"FAM49A",0.0697763640973948,4.36725617471711e-45,2.50875035271682e-44
"CEBPA",0.0696922642763824,5.5569909676994e-45,3.18653317315199e-44
"FUOM",0.0696645035375143,6.01658327391452e-45,3.4470230190551e-44
"HPRT1",0.0695736592319725,7.80162773056942e-45,4.4618143045677e-44
"ERP44",0.0695606075149762,8.09812206711244e-45,4.62729410966337e-44
"AUP1",0.0695528646398136,8.27928679411922e-45,4.72664045018764e-44
"GLUD1",0.0695206423302371,9.07753806644485e-45,5.17779572177656e-44
"CUEDC2",0.0695085533062542,9.39638931733111e-45,5.35494933454239e-44
"PARP1",0.0694976073711197,9.6946918104191e-45,5.52009100973203e-44
"PRMT1",0.0694538811818883,1.09833125895425e-44,6.24832739057099e-44
"HMGA1",0.0694311226957325,1.17200474663052e-44,6.66159677759964e-44
"TPM4",0.0693759669137265,1.37159169916402e-44,7.78919707051566e-44
"NECAP2",0.0693708716382645,1.39165385550532e-44,7.89620250704773e-44
"SLC31A2",0.0693646741439988,1.41644980460747e-44,8.0298564229674e-44
"CTSZ",0.0693101319272505,1.65452216427693e-44,9.37128301971026e-44
"LAPTM4A",0.0693062531445312,1.67289550165539e-44,9.46706772527707e-44
"ATP1B3",0.0693029405712406,1.68874739065892e-44,9.54842847783918e-44
"ECI1",0.0692003427413107,2.26113408382893e-44,1.27736318138817e-43
"CASP1",0.0691604752735354,2.53240233782479e-44,1.42936118004165e-43
"MSN",0.0690868720014622,3.12106643008014e-44,1.76008572023858e-43
"HCK",0.0690608552602817,3.36019685119854e-44,1.89329107177192e-43
"MRPS35",0.0690347080113149,3.61888763225257e-44,2.03727639401766e-43
"DUSP7",0.0690254681422574,3.71496417364648e-44,2.08954631278778e-43
"SLC35D2",0.0688735210790732,5.71306909814977e-44,3.2078412264893e-43
"RNF13",0.0688659765439737,5.83632567148216e-44,3.27420904654901e-43
"SS18L2",0.0688615196056201,5.91037889503886e-44,3.31288250792048e-43
"NOB1",0.0687938585969624,7.15649376486701e-44,4.00788413786756e-43
"CAMK1D",0.0687613797015139,7.84429770972771e-44,4.38928119038697e-43
"EIF3J",0.0687240297551486,8.71689253486983e-44,4.87333007519406e-43
"C7orf50",0.0686989786316287,9.35559818029754e-44,5.22589668845956e-43
"ACAA1",0.0686891544863683,9.61859872884788e-44,5.36817311815182e-43
"CCDC115",0.0686086028078675,1.20717211440674e-43,6.73146620901745e-43
"TAX1BP1",0.0685670128542173,1.3572570164969e-43,7.56186052048275e-43
"GSN",0.0685611150604868,1.37999218262207e-43,7.68191693060642e-43
"EIF1AX",0.0685464986893816,1.43798238035735e-43,7.99785045569887e-43
"TPRKB",0.0685341441201658,1.48888507482215e-43,8.27385577201597e-43
"C19orf38",0.0684731091474742,1.76789720762334e-43,9.81592326085208e-43
"LAIR1",0.0684601506134426,1.83352209469939e-43,1.0171569872394e-42
"SURF1",0.0684520378516697,1.87583460437298e-43,1.03973914629372e-42
"DNAJC19",0.0684114686901858,2.10244892554255e-43,1.16435024328165e-42
"PRXL2C",0.0683792888937148,2.30140429448265e-43,1.27344370961373e-42
"TUBA1B",0.0683562388034103,2.4553222194695e-43,1.35745141322336e-42
"HEBP2",0.0683342870806859,2.611412745523e-43,1.44251588007815e-42
"FABP5",0.0682960913848254,2.90689469991737e-43,1.60436796992882e-42
"ZCRB1",0.0682268007529705,3.53033497837559e-43,1.94679630749605e-42
"GALK1",0.0682229363119673,3.56877988580177e-43,1.96632178558984e-42
"TLE5",0.0682174470879788,3.62410572085655e-43,1.99510718000215e-42
"MYADM",0.0681863671694825,3.95383927183896e-43,2.17477956209732e-42
"MAP2K2",0.0681611968090848,4.24261647934125e-43,2.33163829263627e-42
"KLF10",0.0681583786958072,4.27622697606215e-43,2.34811649219901e-42
"AKR1B1",0.0681086966613915,4.91420735753422e-43,2.6961507146336e-42
"DUSP23",0.0680935468338955,5.12696822440213e-43,2.81049892335135e-42
"SNHG16",0.0679823593466688,6.99566546348365e-43,3.83163605842582e-42
"LRRC25",0.0679740708565768,7.15947952515897e-43,3.91804483904304e-42
"STOML2",0.0679696684494544,7.24803473513448e-43,3.9631568306808e-42
"MDFIC",0.0679633759620255,7.3765040949711e-43,4.02999894606269e-42
"ACADVL",0.0679205912549956,8.3121421945904e-43,4.53733630419716e-42
"GRB2",0.0678554061104181,9.96932570723382e-43,5.43277900914409e-42
"ITGB1",0.0678330421582472,1.06104976787348e-42,5.77732228529261e-42
"PLXNB2",0.0677781419321367,1.23637657699468e-42,6.72630416761643e-42
"TMEM126A",0.0677720213604422,1.25762668270459e-42,6.83616720724559e-42
"CDK2AP1",0.0677687341283997,1.26918922740648e-42,6.89323075354831e-42
"KHDRBS1",0.0677580990326874,1.30732656977706e-42,7.09441090757478e-42
"CTNND1",0.0677418628237566,1.36775903910219e-42,7.41159658324578e-42
"TRAPPC2L",0.0677417822439468,1.36806578884441e-42,7.41159658324578e-42
"EVA1B",0.0676919288838718,1.5715846139765e-42,8.50705584522064e-42
"PGAM1",0.0676877873794234,1.58978857595794e-42,8.59840538074495e-42
"GIMAP6",0.0676689738894483,1.67515948513947e-42,9.05257304406757e-42
"CAST",0.0676158386340428,1.94169721681198e-42,1.0484193312461e-41
"GTF2H5",0.0675686572675784,2.2134990586221e-42,1.19418274212662e-41
"TMED2",0.0675644503313694,2.23949822510262e-42,1.20720328970145e-41
"SFT2D2",0.0674945632704182,2.71864250987368e-42,1.46305000905422e-41
"AKT1",0.0674930059159971,2.73040735488456e-42,1.46816089829922e-41
"NDUFAF8",0.0674901716211505,2.75194878682667e-42,1.47805282196957e-41
"VAMP3",0.067489985410054,2.75336994639373e-42,1.47805282196957e-41
"DUT",0.0674604176312201,2.98854522367884e-42,1.60296949280007e-41
"TMED9",0.0674403402635584,3.15952033960203e-42,1.69327273829334e-41
"YIF1A",0.0674158589847768,3.3812125788743e-42,1.81058480030043e-41
"CCDC50",0.0674153160443584,3.38630069587857e-42,1.81181080207586e-41
"HLA-F",0.0674084879170628,3.45094376212186e-42,1.84487282543162e-41
"EPSTI1",0.0673902882720141,3.62930109291868e-42,1.93761482282679e-41
"JUND",0.0673901780248635,3.63040898994268e-42,1.93761482282679e-41
"MRPL17",0.0673548520429296,4.00330077249138e-42,2.13487390453947e-41
"TIAM1",0.067256533653084,5.25390488925991e-42,2.79948808667232e-41
"TMBIM6",0.0672171276424615,5.85806127077003e-42,3.11883952853332e-41
"ETFA",0.06718813869166,6.34616823374404e-42,3.37593205795061e-41
"LYL1",0.0671636590325927,6.78970593720293e-42,3.60891266317338e-41
"NDUFA8",0.0671417206365541,7.2133253754117e-42,3.83093260708904e-41
"DHPS",0.0671259392079278,7.53421603408256e-42,3.9980749675943e-41
"CMTM7",0.0670868685480935,8.39105766850454e-42,4.44911608074516e-41
"PARVB",0.0670635029454657,8.94909155631443e-42,4.74111446281339e-41
"SPN",0.0670373887069615,9.61654470778091e-42,5.0905568633012e-41
"LSM14A",0.0670244074982005,9.96652536012823e-42,5.27151022724429e-41
"AMD1",0.0669318508960172,1.2857269269578e-41,6.79493561234676e-41
"NIPSNAP3A",0.0667671415975252,2.02115056893314e-41,1.06728619765687e-40
"UBE2A",0.0667589280980574,2.06719915216253e-41,1.09071290229016e-40
"ARL6IP1",0.0667134347840566,2.34180483279673e-41,1.23459645663893e-40
"CARD19",0.0666882727644744,2.50896730458591e-41,1.32164803335144e-40
"HINT2",0.0666091753681112,3.11567528136297e-41,1.63990908711739e-40
"PTPMT1",0.0665955318176955,3.23418526695575e-41,1.70090295842986e-40
"MEF2C",0.0665645241349307,3.52045798447907e-41,1.84845458163159e-40
"DDRGK1",0.0665529427880616,3.63372742856654e-41,1.90638179680225e-40
"MTIF3",0.0665371681293816,3.79386055725143e-41,1.98878163948548e-40
"NDUFB6",0.0664433560313592,4.90198001470528e-41,2.56759050284806e-40
"FADS1",0.0664048999776401,5.44436240142346e-41,2.84937770305703e-40
"ZNF467",0.0663603351422427,6.14793527954379e-41,3.2150026655708e-40
"MCTS1",0.0662995984620027,7.25451563373874e-41,3.79061615922716e-40
"ABCE1",0.0662775161009115,7.70416582856453e-41,4.02232012694571e-40
"ZDHHC12",0.0662307316557619,8.75043684603036e-41,4.56489348438361e-40
"UFD1",0.0661870631741398,9.85406195744596e-41,5.13648930052376e-40
"DBNDD2",0.0660811639177365,1.31393240534377e-40,6.84344198889426e-40
"MLX",0.0659638864788893,1.80602461423803e-40,9.39132799403774e-40
"CDC123",0.065922569862121,2.01992640241633e-40,1.04951874231487e-39
"ARL14EP",0.0658975170471993,2.16170849879482e-40,1.12228555101825e-39
"ILK",0.0658674073041628,2.3452587881254e-40,1.21660299634005e-39
"NUDCD2",0.065814647498527,2.70501935372672e-40,1.40098362368214e-39
"HTATIP2",0.0658110731451986,2.73128838408047e-40,1.41345811339224e-39
"PBDC1",0.0657748567079134,3.01218643735729e-40,1.55633639229458e-39
"CEBPG",0.0657456029956933,3.25990982274929e-40,1.68298693719928e-39
"FUS",0.0656941314984729,3.74593936785818e-40,1.93236744761066e-39
"PMVK",0.0656236478605535,4.53036213456758e-40,2.33515640598651e-39
"SND1",0.0656069529010206,4.73890772007208e-40,2.44070712647149e-39
"TSPAN4",0.0655730889846418,5.1916882449881e-40,2.67177978521884e-39
"MRPL12",0.0655704561178469,5.22864250279725e-40,2.68866017181171e-39
"CDC26",0.06555328297768,5.47618072688139e-40,2.81371381157382e-39
"POLE4",0.065421112653257,7.81470407640491e-40,4.01208518561819e-39
"CISD3",0.0653892873344246,8.51240879869246e-40,4.36682524268898e-39
"TEX264",0.0653824135363904,8.67105181543914e-40,4.44468641751013e-39
"MRPL13",0.0653772598369478,8.79192122316896e-40,4.50307737332245e-39
"CD47",0.0653568475286493,9.28733174127439e-40,4.75305815755023e-39
"FKBP3",0.065322070551359,1.01961161178018e-39,5.21403283938774e-39
"FAM49B",0.0653075747298353,1.06005399108557e-39,5.41229458855521e-39
"MPHOSPH10",0.0652738589999908,1.16039360757356e-39,5.91992767173462e-39
"BX284668.5",0.0652371679631046,1.2803413941552e-39,6.52671668170137e-39
"SAMHD1",0.0652175613175224,1.34941198413789e-39,6.87340140464886e-39
"APH1A",0.0651516715972559,1.60982544282933e-39,8.18696772731899e-39
"VPS25",0.0651390688543682,1.66505212071828e-39,8.46118322569083e-39
"SCARB2",0.0651286189401259,1.71227041315533e-39,8.69430482726873e-39
"EPRS",0.0651243290696503,1.73203763803413e-39,8.78778343936752e-39
"COA8",0.0650939218256532,1.87880701006722e-39,9.52497774720059e-39
"CCDC12",0.0650440058846053,2.14701502596205e-39,1.08761934883242e-38
"POLR3GL",0.0650267912197287,2.24807710527359e-39,1.13792425172332e-38
"CIAO2A",0.0649966540716546,2.43652034486226e-39,1.23234630567486e-38
"RNASE2",0.0649839377204165,2.52067036271822e-39,1.27391256270396e-38
"ITGB2",0.0649714927640114,2.60582094325012e-39,1.31591925012491e-38
"EPB41L4A-AS1",0.0649313970120469,2.90009553774144e-39,1.46338413962105e-38
"UBE2B",0.064847274225007,3.62919962009823e-39,1.82986279910561e-38
"CRYL1",0.0648273164624368,3.82736391857013e-39,1.9282765765621e-38
"AHR",0.0647853941116042,4.27933375000722e-39,2.15430845237533e-38
"C1orf122",0.0647833759861527,4.30238236677973e-39,2.16422870571344e-38
"SELENOS",0.0647622347767343,4.55137654344347e-39,2.28770277501964e-38
"NDUFV1",0.064759113121975,4.58933666152398e-39,2.30499344815409e-38
"GSPT1",0.0647538499107549,4.65405271370223e-39,2.33568505957428e-38
"PRMT2",0.064706659953897,5.27636636882326e-39,2.64594855706908e-38
"CD2BP2",0.0647012796607178,5.35237557609326e-39,2.68198757582258e-38
"YY1",0.0646302389544241,6.46421737923493e-39,3.23660814486983e-38
"MT1X",0.0645632793621366,7.72136705005408e-39,3.86307034637172e-38
"STX8",0.0645579271550074,7.83176701252592e-39,3.91527873660948e-38
"VPS35",0.0645544410988227,7.90451637845549e-39,3.94859869090439e-38
"METTL5",0.0645489082017161,8.02136234277609e-39,4.00387816554606e-38
"VASP",0.0645429363126549,8.14940664454242e-39,4.06465782871862e-38
"QARS",0.0645351018943722,8.32047203777016e-39,4.1467849093552e-38
"PTEN",0.0645346040695544,8.33146194016285e-39,4.1490680462011e-38
"GPI",0.0644481136535509,1.04772839096762e-38,5.21367686635231e-38
"C12orf45",0.0644011593289072,1.18638308057563e-38,5.89911218406039e-38
"CCR2",0.0643569600238544,1.33351627412096e-38,6.62562115016049e-38
"SMS",0.0643254572375704,1.44932414402673e-38,7.19549425493024e-38
"LILRB2",0.0643121935091146,1.50102474770328e-38,7.44646300124984e-38
"TNFAIP8L2",0.0643025512631348,1.53975620523667e-38,7.63275778920534e-38
"UCHL3",0.064300617154931,1.54764403951838e-38,7.6659889149518e-38
"UBE2R2",0.0642604652816411,1.72077728977743e-38,8.51705823701766e-38
"PMF1",0.0642302769047466,1.86350855454857e-38,9.21646629652209e-38
"ATP6AP2",0.0642128483547001,1.95120720296586e-38,9.64283620763432e-38
"DNPEP",0.064205673822439,1.98848983112548e-38,9.81959051617573e-38
"CAPG",0.0641944028721236,2.04849470435268e-38,1.01081971920574e-37
"STARD7",0.0641549226636192,2.27323168535634e-38,1.12086077159154e-37
"MIF4GD",0.0640653625312365,2.87803718779646e-38,1.4179918381883e-37
"FCGR3A",0.0640422782345369,3.05830405901772e-38,1.5056623937704e-37
"MED28",0.0640344343512018,3.12207758979677e-38,1.53589136142434e-37
"U2SURP",0.0640120093339379,3.31178568425181e-38,1.62798029763449e-37
"NDUFS2",0.0639696628856119,3.70181562309079e-38,1.81694877512432e-37
"GLRX3",0.0639216389391538,4.19963464567313e-38,2.05972990121877e-37
"EBNA1BP2",0.0638578264311484,4.96546581146824e-38,2.43349172319799e-37
"POLD4",0.0638390878771987,5.21565490832543e-38,2.55417170018902e-37
"TOR2A",0.0638294285054133,5.34947721088534e-38,2.61772603652847e-37
"MRPS25",0.0638255965178555,5.40350679342657e-38,2.64216789884015e-37
"POP5",0.0637779000666371,6.12317543432037e-38,2.99180662353132e-37
"SEPTIN2",0.0637085058484105,7.34357837974831e-38,3.58539415011241e-37
"COPS6",0.0637078521910392,7.35615407031976e-38,3.58882753965713e-37
"RAB14",0.0637027787216502,7.45449302803049e-38,3.63406535116486e-37
"CTNNBIP1",0.0636971422090413,7.56527841009022e-38,3.68529815101009e-37
"MRPS5",0.0636726872303125,8.06520454250662e-38,3.92587475249533e-37
"MYD88",0.0636619982919104,8.29390169129856e-38,4.03416375277738e-37
"ATXN10",0.0636084244650772,9.54096873185155e-38,4.63377581170345e-37
"RNF5",0.0635532440090698,1.10203924132512e-37,5.34827739755534e-37
"ASGR1",0.0635255309950516,1.18472686931493e-37,5.74525973928454e-37
"EXOSC1",0.0634651324796939,1.38691909548898e-37,6.71571744517251e-37
"ECI2",0.0634639032028187,1.39137197936888e-37,6.73224379255165e-37
"PLEKHB2",0.063435720558078,1.49744894285284e-37,7.24009294699722e-37
"SELENOK",0.0633693652297491,1.78001910776201e-37,8.59988336093375e-37
"PQBP1",0.0633128140688337,2.0622597049896e-37,9.94863586445803e-37
"RPA3",0.0632974887704738,2.14612718820296e-37,1.03455155744051e-36
"CNOT7",0.0632673802424333,2.32089319847087e-37,1.11796596479914e-36
"CCDC59",0.0632445764368045,2.46260841955167e-37,1.18534772551506e-36
"EIF2AK4",0.063208357556149,2.70557184880464e-37,1.3013277971145e-36
"TMEM160",0.0632005195623401,2.7612082797837e-37,1.32710188591831e-36
"NUDT14",0.0631326394649683,3.29315505976679e-37,1.58159390630046e-36
"ORAI1",0.0631206624197806,3.39706575043347e-37,1.63028937496711e-36
"ANAPC15",0.0630765906051946,3.8082683458054e-37,1.82627624227734e-36
"SMAP1",0.0630758737408455,3.81535037023572e-37,1.82831815669179e-36
"PLEKHJ1",0.0630627137566246,3.94771077850026e-37,1.89034612278186e-36
"EIF1B",0.0630598446525414,3.97716813561734e-37,1.90304408795171e-36
"SYNCRIP",0.0630270553471496,4.32973789615317e-37,2.07021588919466e-36
"SAT2",0.0629960311469539,4.69186970402056e-37,2.24170955452613e-36
"BZW1",0.0629585910612754,5.16918020807519e-37,2.46794046217395e-36
"PPIG",0.0629432644724643,5.37822214699307e-37,2.56585189238269e-36
"RCC2",0.0629280681316219,5.5937797899066e-37,2.66672535786858e-36
"FAM207A",0.0629113736727207,5.84049642225948e-37,2.78229388062604e-36
"TIMMDC1",0.0629082391401786,5.88801132241086e-37,2.80286656627117e-36
"SNN",0.0628849987992174,6.25249211198786e-37,2.97418324268989e-36
"CD86",0.0628541698278857,6.77080320763812e-37,3.21600733428094e-36
"TRIM28",0.0628122489989339,7.54473677590224e-37,3.58098430257999e-36
"SPG21",0.0627387907047925,9.1187266813665e-37,4.32488179744811e-36
"ARF4",0.0626955174606787,1.01944842086198e-36,4.83155862127414e-36
"SMIM25",0.0626826542996243,1.0537927004411e-36,4.99067589075034e-36
"HNRNPM",0.0626776788334565,1.06738333181713e-36,5.05134480276617e-36
"HM13",0.062632499844321,1.19904240941539e-36,5.67027067827266e-36
"CD180",0.0626040267208359,1.29018324217898e-36,6.09682212399032e-36
"FAM162A",0.0625425156736346,1.51125166822394e-36,7.13628249458922e-36
"LILRB1",0.0625246303792147,1.58232440302243e-36,7.46644911455336e-36
"KLF13",0.0624593041326515,1.87131431010582e-36,8.82366266833581e-36
"DDIT4",0.0624191050305972,2.074620730015e-36,9.7751780248305e-36
"ELOVL1",0.0624101753310324,2.12268114116637e-36,9.99435469666262e-36
"DCXR",0.0624066372459198,2.14202802123533e-36,1.00781173033994e-35
"SLC66A3",0.0623815053123128,2.28459031068457e-36,1.07410585848743e-35
"MRPL47",0.0623712676085719,2.34533183110855e-36,1.10186344518119e-35
"TPMT",0.0622441831652554,3.24721975740836e-36,1.52447430815531e-35
"SSBP3",0.062203554281421,3.60269179964319e-36,1.69013237035435e-35
"TTC3",0.0621980788700511,3.65346470554067e-36,1.71271039128677e-35
"ALDOA",0.0621701123067912,3.9240993802642e-36,1.83825031749858e-35
"EMC4",0.0621686459363462,3.93882672812497e-36,1.84381520158214e-35
"TSN",0.0621673923904502,3.9514601315233e-36,1.84839254996256e-35
"SNW1",0.0621448464399537,4.18568087346889e-36,1.95654137002437e-35
"YPEL3",0.0620619523823989,5.17173853586559e-36,2.41571683125496e-35
"SMIM12",0.0620498207271684,5.33422933248615e-36,2.48981980522821e-35
"HSPB11",0.0620181025828056,5.78342867006871e-36,2.69754446758104e-35
"CMPK1",0.0620117795986902,5.87737136243042e-36,2.73938820737038e-35
"DPY30",0.0619860255017129,6.27593261561706e-36,2.92304947866941e-35
"CIRBP",0.0619536237431827,6.8157218275781e-36,3.17217707489149e-35
"TRMT10C",0.0618976549185141,7.85895288346982e-36,3.6550905867517e-35
"LYRM2",0.0618352182936835,9.21084808870937e-36,4.28076313900247e-35
"UBE2E3",0.061753896970535,1.13235063281196e-35,5.25885078681823e-35
"FCN1",0.0617421804266616,1.16652022684161e-35,5.4136573108047e-35
"ATF4",0.0617179850262612,1.24035871053872e-35,5.75220794557856e-35
"TCF7L2",0.0616992416413818,1.30073531510935e-35,6.02788863995558e-35
"ZNRD1",0.0616711519911587,1.39672753183427e-35,6.46810732553296e-35
"ANP32A",0.0616686402611444,1.4056463641999e-35,6.50475665606159e-35
"APPL1",0.0616655203136082,1.41680373847965e-35,6.55170528779803e-35
"PIP4K2A",0.0616487705787484,1.47822470817171e-35,6.83085421891767e-35
"PAPOLA",0.0616212733392777,1.58484413441406e-35,7.31831735106747e-35
"TIPRL",0.0615917684482456,1.70775700974089e-35,7.88027005065042e-35
"RILPL2",0.0615577360157209,1.86133377803469e-35,8.58281686538217e-35
"DNMT1",0.0615405120880246,1.94421265071893e-35,8.95859978701376e-35
"TRAPPC3",0.0615261928787957,2.01589817724039e-35,9.28230782322494e-35
"AHSA1",0.0614945542323745,2.18373571302323e-35,1.00479779716506e-34
"ANXA7",0.0614881078628723,2.21959854594495e-35,1.02057393369656e-34
"ZNHIT3",0.0614812838939084,2.2581998106146e-35,1.03758591724052e-34
"NUDT5",0.061431507046835,2.56069257228612e-35,1.17573927042414e-34
"STOM",0.0614106340490283,2.69921688119117e-35,1.23846421607595e-34
"COMMD7",0.0613833376158049,2.89166261498356e-35,1.32582321313057e-34
"POLR2J3",0.061289859155371,3.65995403973974e-35,1.67571021593176e-34
"KXD1",0.0612687635342392,3.85964094811431e-35,1.76588802106657e-34
"COX20",0.0612593652277008,3.95205372840254e-35,1.80689236141794e-34
"CD151",0.0612073980381962,4.50416712083561e-35,2.0578671799781e-34
"PSMG4",0.0611805357005477,4.81894365620003e-35,2.20012984698442e-34
"KLF11",0.0611596872710688,5.07822991403893e-35,2.31687529693362e-34
"ADRM1",0.0611489528120423,5.2170896927853e-35,2.37855201909099e-34
"CREBL2",0.0611147291148144,5.68548503332584e-35,2.59027657324078e-34
"CDKN1A",0.0610910670911931,6.03352941713802e-35,2.74691065024976e-34
"CDK2AP2",0.0610801392765781,6.20133340909842e-35,2.82132343573459e-34
"SDF2L1",0.0610194255101796,7.22166630423097e-35,3.2809170283222e-34
"TIMM9",0.0609750557326164,8.07124125201599e-35,3.66432088818734e-34
"CCNDBP1",0.0609730101574536,8.11271818547515e-35,3.68057025457366e-34
"PIN1",0.0609555364352359,8.47576358218218e-35,3.84258357360276e-34
"PCNP",0.0608768166626318,1.03219891086839e-34,4.67631612943455e-34
"ITGAE",0.0608560247733028,1.08730174970875e-34,4.92251155777236e-34
"TMEM126B",0.060839757464711,1.13244279855623e-34,5.12329467355207e-34
"TMED3",0.0608016868878793,1.24549590483529e-34,5.63082436306123e-34
"MRPS6",0.0607624524830853,1.37374069268006e-34,6.20627860740456e-34
"CAPN2",0.0607620405629137,1.37515445253735e-34,6.20833328153892e-34
"DDX54",0.0607550382942919,1.39940941059596e-34,6.3134331179082e-34
"TXNL1",0.0607358415835231,1.46810588169077e-34,6.61874476188442e-34
"PFDN6",0.0607276033630554,1.49860453705441e-34,6.75154194355619e-34
"FOXN3",0.0606424358153248,1.85324232128221e-34,8.34345673712171e-34
"CZIB",0.0606101916534374,2.00827109604145e-34,9.03512652937618e-34
"MRPS14",0.0605749374352015,2.19254447497838e-34,9.85047392852883e-34
"SAMD1",0.0605641571232662,2.25217689248747e-34,1.01113683786157e-33
"YWHAG",0.060533901533377,2.4282834028364e-34,1.08944606721849e-33
"SLC25A11",0.0605040935991499,2.61514985961513e-34,1.17221182020771e-33
"NXT1",0.0605039040728352,2.61638257676882e-34,1.17221182020771e-33
"CYB5A",0.0604929200902667,2.68881948490246e-34,1.20383245817832e-33
"ZNRD2",0.0604897621921129,2.71001140307113e-34,1.21248195048255e-33
"CXXC5",0.0604761002849368,2.80362136057786e-34,1.25349756135228e-33
"PDCL3",0.0604691528629485,2.85244934028404e-34,1.27444838019316e-33
"SFPQ",0.0604146677529635,3.26584674813301e-34,1.45814426533884e-33
"HCLS1",0.0604141258784712,3.27024359883324e-34,1.45910110674338e-33
"PFKL",0.060384008193311,3.52409648784979e-34,1.57128103735121e-33
"METAP2",0.0603627352772635,3.71510313160139e-34,1.65530472635839e-33
"GAS2L1",0.0603134727322596,4.19782130626752e-34,1.86909870266684e-33
"FUCA2",0.060289285874041,4.45713831718368e-34,1.98319680174895e-33
"RCN1",0.0602735362402626,4.6344880128141e-34,2.05927765236503e-33
"CHP1",0.0602526121776788,4.88099067723103e-34,2.16588960301799e-33
"HACD4",0.0602526020094285,4.88111357862721e-34,2.16588960301799e-33
"STUB1",0.0602334137134692,5.1186010448387e-34,2.26971391536204e-33
"PDHB",0.0602285639205143,5.18042064012904e-34,2.29555395100585e-33
"GTPBP6",0.0602213384270351,5.27390107393453e-34,2.33537862877238e-33
"SH3BP1",0.0602061015231456,5.47655763446381e-34,2.42346097918788e-33
"ADGRE2",0.0602049788739304,5.4917916645787e-34,2.42854229757394e-33
"GNPDA1",0.060200778787706,5.54915989525046e-34,2.45223625678167e-33
"SYNGR1",0.0601642067427655,6.07452536019446e-34,2.6825700669781e-33
"PRPF40A",0.0600891768685439,7.31196260925762e-34,3.22683339688711e-33
"MRPS28",0.0600511787391163,8.03110353731121e-34,3.5393712934345e-33
"SHMT2",0.0600376129353171,8.30451274215073e-34,3.65737520358393e-33
"NUTM2A-AS1",0.0599998102764611,9.11614695499924e-34,4.0120962193518e-33
"TAX1BP3",0.0599978919112089,9.15937297883945e-34,4.02838183865534e-33
"RRAGA",0.0599479500177309,1.03592145662185e-33,4.55299084193471e-33
"NME4",0.05993659778592,1.06530221682698e-33,4.67894610022922e-33
"RALBP1",0.0599221467062623,1.10390334824774e-33,4.84520018749551e-33
"EIF4A3",0.0599003973884397,1.16463318594758e-33,5.10828946194079e-33
"PYM1",0.0598941446869875,1.18269856939386e-33,5.18401525948265e-33
"GPR65",0.0598839447791247,1.21276748468089e-33,5.31221697958327e-33
"FLI1",0.0598679482802912,1.26146070490409e-33,5.52176917075664e-33
"NUBP1",0.0598657160199451,1.26840832342448e-33,5.54842938233114e-33
"RALA",0.0598641569365838,1.27328329587584e-33,5.56599328663079e-33
"TM9SF3",0.0598557651010966,1.29984448516906e-33,5.67826801415957e-33
"LACTB",0.0598300980936793,1.38454748295244e-33,6.04420795996904e-33
"SEC31A",0.0597914103860951,1.52268620545471e-33,6.64276987473976e-33
"DEGS1",0.0597609815748693,1.64088147871774e-33,7.14876628076627e-33
"HLA-A",0.059753981063118,1.66933794093854e-33,7.26785059155085e-33
"ARL2BP",0.0597491455109253,1.6892797165401e-33,7.34972908930148e-33
"CAPN1",0.0597416283729603,1.72075112399774e-33,7.4816271166967e-33
"SMIM4",0.0597391856467455,1.73110272637504e-33,7.52158325540403e-33
"DAP3",0.059712172130288,1.84978560481073e-33,8.03186586555644e-33
"CCDC124",0.0596697431208696,2.05271169957648e-33,8.90700773663414e-33
"COMMD3",0.0596283361326067,2.27203388554297e-33,9.8454801706862e-33
"IMP4",0.05962547109126,2.28804280975257e-33,9.90822016745028e-33
"DTD1",0.059622712414622,2.30356325954312e-33,9.96876239457362e-33
"NDUFAF2",0.059621736132056,2.30908088604628e-33,9.98596503424425e-33
"HSPH1",0.0595971890304069,2.45221024376018e-33,1.0597869905276e-32
"MTMR11",0.059595583698044,2.46187179262395e-33,1.06325270083038e-32
"MZT2A",0.0595830510041164,2.53860987340929e-33,1.09566402136345e-32
"WAS",0.0595346637115822,2.85783714669473e-33,1.23262076533655e-32
"ENG",0.0595327266943373,2.87141453720861e-33,1.23765231117767e-32
"PTMS",0.0595219184325879,2.9483587840597e-33,1.2699717077846e-32
"KRAS",0.0594849972167315,3.22697606653639e-33,1.38905871374711e-32
"TNFRSF1A",0.059422044154956,3.7636116244199e-33,1.61897818315577e-32
"LAP3",0.0594110416578778,3.86610821605109e-33,1.66196444825463e-32
"HIGD1A",0.0594027232442928,3.94543649534012e-33,1.6949406682702e-32
"TNFSF12",0.0593487232150471,4.50119865342681e-33,1.93241114604013e-32
"DESI1",0.0593273510151724,4.74204524140897e-33,2.03445996639375e-32
"MAP1LC3B",0.0593266281724542,4.75041103478295e-33,2.03669940656853e-32
"LPAR6",0.0592829896336183,5.28357131032268e-33,2.26378826360219e-32
"IL10RA",0.0592750334081237,5.38699419827044e-33,2.30657410314834e-32
"NTAN1",0.0592555815666181,5.64839265511731e-33,2.41689980497221e-32
"RUFY1",0.0592513697269624,5.70663057830196e-33,2.44020649695686e-32
"POLR2G",0.0592422878673062,5.83424426140861e-33,2.4931285378455e-32
"UBE2D3",0.0592104315262059,6.30469188489087e-33,2.69238623105432e-32
"MAF1",0.0592092552931156,6.32276533219201e-33,2.69832450630264e-32
"GFER",0.0591970540088273,6.51330659427324e-33,2.77780941313076e-32
"APOBEC3G",0.0591872767308391,6.67010018071086e-33,2.8428063574669e-32
"ZDHHC7",0.0591449474874253,7.39330434766274e-33,3.14896397018214e-32
"MGMT",0.0591161537999009,7.92922996376578e-33,3.37500557432082e-32
"MRPL38",0.0590781750563279,8.69552893842669e-33,3.69874207275784e-32
"GGCT",0.0590548884397276,9.20129917915642e-33,3.91130734641226e-32
"CPNE1",0.0589974448161488,1.05773274031762e-32,4.49328199528627e-32
"RPL26L1",0.058947448662544,1.19400987967428e-32,5.06886554820414e-32
"NID1",0.0589415216220165,1.21127986595777e-32,5.13881117444995e-32
"SCNM1",0.0588858243058653,1.38618168699433e-32,5.87697461794455e-32
"IPO7",0.0588787614252669,1.41008114517698e-32,5.9743883075103e-32
"HAUS1",0.0588719409208533,1.43354868782169e-32,6.06984578479896e-32
"SMIM30",0.0588308909213091,1.58321001098048e-32,6.69915137979583e-32
"ZNF593",0.05882745860855,1.59640497979552e-32,6.75057207001712e-32
"IMPDH2",0.058825495576852,1.6040005643251e-32,6.77826348135816e-32
"MRPL32",0.0588149638007468,1.64536823211834e-32,6.94854137947431e-32
"NUDT1",0.0588132271554332,1.65229060686603e-32,6.97322645948547e-32
"CDV3",0.0587630992099688,1.8650623452901e-32,7.86606750710625e-32
"AGPAT2",0.0587204948654792,2.06713854769432e-32,8.7126659881335e-32
"MPHOSPH8",0.058671780013505,2.32495231237368e-32,9.79293511405804e-32
"SRSF5",0.0586596184695719,2.39414589743549e-32,1.00712804028573e-31
"POLE3",0.058643781237258,2.48732609557044e-32,1.04564604822877e-31
"TXNDC12",0.058633281949364,2.55107591174482e-32,1.07174986714056e-31
"HSPA1A",0.058622621315854,2.61746531140258e-32,1.09892804319198e-31
"FH",0.0586070232282888,2.71770590721361e-32,1.14027401447187e-31
"PAK1",0.0585991348245239,2.76984254883982e-32,1.16139641588011e-31
"RWDD4",0.0585327211733037,3.25006029563122e-32,1.36186992581984e-31
"SNAP23",0.0585078871558511,3.45013128090559e-32,1.4447703695073e-31
"DMAC1",0.0584884916478517,3.61485254067211e-32,1.51277022290312e-31
"ZFAND1",0.0584439416020809,4.02336553853819e-32,1.68264008375299e-31
"RTF2",0.0584203815949784,4.25761040364942e-32,1.77945576199008e-31
"ALDH2",0.0583874904466817,4.60743897324446e-32,1.92442322017965e-31
"SLC39A1",0.0583582763634559,4.94200663448643e-32,2.06283371706416e-31
"PRDX4",0.0583138149745048,5.49802999244329e-32,2.29344369659007e-31
"HSPB1",0.058261795780544,6.22783920667066e-32,2.596202899162e-31
"TOMM40",0.0582481548271937,6.43463618827653e-32,2.6806843425291e-31
"SPCS3",0.0582230904062796,6.83254379184254e-32,2.84462305520184e-31
"LARS",0.0582050271861106,7.13436118638825e-32,2.96837110030061e-31
"SYPL1",0.0581966997364053,7.27792644509834e-32,3.02615901127596e-31
"SCAND1",0.0581429128152155,8.27684693608822e-32,3.43709474433837e-31
"C15orf61",0.0581370354580988,8.39393113533737e-32,3.48348142116501e-31
"PPP1R18",0.0580450002839889,1.0457181232156e-31,4.33695011511709e-31
"SUGT1",0.0580415944921934,1.05425066729729e-31,4.36953829710798e-31
"CAP1",0.0579684643765574,1.25509132908744e-31,5.19863164716062e-31
"FNBP1",0.0579667786457586,1.26014321686052e-31,5.21621942835997e-31
"BTN3A2",0.0578948355410868,1.49564143273695e-31,6.18708155625494e-31
"TIMM17B",0.0578719772545898,1.5792453438619e-31,6.52875757098462e-31
"GLO1",0.0578291203395888,1.74869339882077e-31,7.22465926226272e-31
"ERGIC3",0.0578187605439688,1.79229185778883e-31,7.40006217303885e-31
"DENR",0.0578059052689751,1.84789541317473e-31,7.6247768673634e-31
"QKI",0.0577961618320121,1.89117704763621e-31,7.79839503592154e-31
"DERA",0.057792726158231,1.90667754700129e-31,7.85730772710779e-31
"NME3",0.0576997640570305,2.37749617603436e-31,9.79129150359189e-31
"MALSU1",0.0576784706662128,2.50064158660852e-31,1.02918967779425e-30
"FNTA",0.0576647400072293,2.58338658464307e-31,1.06256955203172e-30
"CTNNA1",0.0575943602495053,3.05213953959752e-31,1.25457469075266e-30
"ATF5",0.0575866202914202,3.10858544490276e-31,1.27696587375003e-30
"ORMDL2",0.0575440504365147,3.43807429474295e-31,1.41141997363132e-30
"TMEM35B",0.0575285294613026,3.56664117553796e-31,1.46327217810093e-30
"KDSR",0.0575136579919375,3.69430171886994e-31,1.51468710120101e-30
"LILRA2",0.0575120922448954,3.70800362738482e-31,1.51934275213224e-30
"CCDC85B",0.0575041262159243,3.77849976474373e-31,1.54724904977551e-30
"IGFLR1",0.0574356304020558,4.44224177427533e-31,1.81789337842342e-30
"UBE2K",0.0573957736963668,4.88045665497295e-31,1.99596186887523e-30
"GMPR2",0.0573751475581076,5.12381999187937e-31,2.09416733759009e-30
"CCDC107",0.0573675359362108,5.21663891912761e-31,2.13075838248783e-30
"KLHDC3",0.057349934319449,5.43772127566182e-31,2.21965999613081e-30
"SSBP4",0.0573299404540819,5.70015151985392e-31,2.32501394394265e-30
"FDPS",0.0573297284932782,5.70299991192606e-31,2.32501394394265e-30
"USF2",0.0573138191346454,5.92087699161073e-31,2.41231954963423e-30
"EIF2S1",0.057294551573885,6.19583311787464e-31,2.5227562015799e-30
"AIMP2",0.0572886732155992,6.28221601487562e-31,2.55632096042142e-30
"RAB11A",0.0572716082014203,6.53981897112866e-31,2.65947160923913e-30
"PFDN1",0.0572494042928023,6.8907509630808e-31,2.80042195448745e-30
"CSNK2A1",0.0572406947676747,7.03345336716343e-31,2.85662340646274e-30
"FHL3",0.0571917849236215,7.89104822309712e-31,3.20292452641572e-30
"HDGF",0.0571743199413429,8.22179380121034e-31,3.33508101936314e-30
"DMAC2L",0.0571493053369801,8.71961431961231e-31,3.53480169725548e-30
"TRIAP1",0.0571090764803097,9.58369253792989e-31,3.88265491179963e-30
"IRF2",0.0571035270922356,9.70937548445776e-31,3.93111300102436e-30
"DSTN",0.0570118311575854,1.20395410955381e-30,4.8714993157821e-30
"PABPC1",0.0569949087582834,1.25266221597186e-30,5.06541860474816e-30
"MRPL9",0.0569832565546952,1.28733309980026e-30,5.2023685943239e-30
"COPS5",0.0569674473552626,1.33590043879875e-30,5.39527101733194e-30
"ADAM15",0.0569274045347935,1.4672057107427e-30,5.92187641605252e-30
"SDF4",0.056908708078841,1.53282467400377e-30,6.18287036728998e-30
"CORO1C",0.0569012991308376,1.55962644012695e-30,6.28706200086046e-30
"NUBP2",0.056895829435079,1.57971095697968e-30,6.36406268543028e-30
"ZBTB7A",0.0568824462279878,1.62994263441321e-30,6.56234366616364e-30
"CSDE1",0.0568626906049974,1.70700315962461e-30,6.86832719416391e-30
"PRKX",0.0568316408117179,1.83548858820432e-30,7.38071622362408e-30
"WARS",0.0567623274710555,2.15797894015516e-30,8.67210158818404e-30
"SDAD1",0.0567381661869557,2.28313112576127e-30,9.16934919862186e-30
"UROS",0.0567351547799172,2.29922628956629e-30,9.22826472328093e-30
"ZNF581",0.0567276360540801,2.33990513223779e-30,9.38571612522147e-30
"MRPS22",0.0567140661620466,2.41513900830544e-30,9.68149222276745e-30
"CDA",0.0566405105741017,2.86671219364386e-30,1.14845883302292e-29
"EAPP",0.0565758743585975,3.3321160335221e-30,1.33408282010032e-29
"RPL7L1",0.0565467691304558,3.56546606163842e-30,1.4266271497557e-29
"IRF5",0.0565098166200035,3.88522896171835e-30,1.55361163052283e-29
"VTI1B",0.0564790124890766,4.17342104042137e-30,1.66679381959827e-29
"UTP11",0.0564742427310636,4.2199032039124e-30,1.68431894834334e-29
"SEC13",0.0564090913506204,4.90870746195285e-30,1.95803894693054e-29
"SMC3",0.0564074528017093,4.92739796493416e-30,1.96428413946944e-29
"NCBP2",0.05633722707814,5.79843005796774e-30,2.31009453509435e-29
"PTPN18",0.0563362550315107,5.81150106686154e-30,2.31387810005299e-29
"NUP62",0.0563302683362716,5.89265061215959e-30,2.34474616245367e-29
"ZSWIM7",0.0563070868550869,6.2176221334856e-30,2.47253597617849e-29
"MRPL22",0.0562923371095912,6.43358736265818e-30,2.55684742700117e-29
"XPA",0.056275559564389,6.68830511454218e-30,2.65644707432798e-29
"STRAP",0.0562682843346808,6.80184543649444e-30,2.6998864105374e-29
"CCDC6",0.056263305825406,6.88064241758416e-30,2.72949013550489e-29
"HAUS4",0.0562525618752603,7.0537917402951e-30,2.7964634247808e-29
"STAU1",0.0562294905857254,7.44035624099388e-30,2.94791103452842e-29
"DCTN2",0.0562204145778792,7.59812472233266e-30,3.0085785597787e-29
"HNRNPUL1",0.0562182432355382,7.6363586929495e-30,3.02186957079187e-29
"APLP2",0.0561922579845038,8.10900421537871e-30,3.20694522238007e-29
"TMEM109",0.0561533003398116,8.87251280608772e-30,3.50675506145372e-29
"RNF126",0.0561512729910928,8.91414243242854e-30,3.52105906696415e-29
"MRPL2",0.0561418199630713,9.11082448593634e-30,3.59655351963121e-29
"THG1L",0.0561352777587194,9.24945870777866e-30,3.64905519038142e-29
"PDCD7",0.0561136586286221,9.72264354814772e-30,3.83339794949503e-29
"HEXA",0.0561087828431837,9.83263771940095e-30,3.87440636612305e-29
"LY6E",0.056099458863906,1.00464298363014e-29,3.95624007057271e-29
"HSPA5",0.0560920780143353,1.02189330847832e-29,4.02172478971955e-29
"TFAM",0.0560823306542488,1.04512573096595e-29,4.11065855545174e-29
"CNIH4",0.0559556749601406,1.39918246414439e-29,5.49988298292095e-29
"ARRB2",0.0559262154772343,1.49728609102864e-29,5.87836880128526e-29
"NSL1",0.0559012451042017,1.58576385573839e-29,6.22196072851536e-29
"RAB18",0.0558720311010281,1.69588200611424e-29,6.64999400822749e-29
"BSG",0.0558627342762747,1.73249179144511e-29,6.78943817059059e-29
"MPV17",0.0558620678332911,1.73514608620623e-29,6.79572641385307e-29
"SLC35B1",0.0558425556576599,1.8146729747578e-29,7.10289772586577e-29
"ACAA2",0.0558402624728139,1.82425378185383e-29,7.13608397807958e-29
"EEF1E1",0.0558244939657858,1.89150683125085e-29,7.39469518449153e-29
"IKBIP",0.0558008236644208,1.99710606646713e-29,7.80281513235256e-29
"TATDN1",0.0557789920756074,2.09967865001233e-29,8.19862459600713e-29
"CHPT1",0.0557310266496999,2.34375987159489e-29,9.14617324213704e-29
"MVP",0.0557033855895697,2.49699379310584e-29,9.73827579311277e-29
"RRP7A",0.0556672588784497,2.71234611140506e-29,1.0571781291533e-28
"EIF4A2",0.0556652232481868,2.72501459910645e-29,1.06147680593352e-28
"SQOR",0.055602215852189,3.14754177994877e-29,1.22532684806905e-28
"CD14",0.0555557069551077,3.50055240177371e-29,1.36193366881508e-28
"IL13RA1",0.0555493989899982,3.55136220737281e-29,1.38087200783973e-28
"YIPF3",0.0555350838295708,3.66939953930005e-29,1.42591192181444e-28
"SLC1A5",0.0555092421014457,3.89242023022135e-29,1.51166938035111e-28
"ARRB1",0.0554269686560093,4.6959510779669e-29,1.82263712702384e-28
"SERPINB9",0.0554258505453141,4.7079342670098e-29,1.82619331603484e-28
"TMEM243",0.0554225431638116,4.74355853793526e-29,1.83891005835886e-28
"URM1",0.0554210802450057,4.75940103097932e-29,1.84394747304369e-28
"NFIC",0.0553905854458463,5.10185653742565e-29,1.97544373345058e-28
"ADI1",0.055369792218883,5.34927121311747e-29,2.07000489143589e-28
"DDX39A",0.0553561641593931,5.51784944375033e-29,2.13396399634645e-28
"HADHB",0.055353024266573,5.55743077141862e-29,2.14798846651726e-28
"DCAF7",0.0553508672502751,5.58478510860961e-29,2.1572731976813e-28
"DDAH2",0.0553459838663503,5.64720858604591e-29,2.18008517507819e-28
"BFAR",0.0553186487139407,6.00962819468962e-29,2.31861340479265e-28
"SNX10",0.055293843951234,6.35842124472323e-29,2.4502630439487e-28
"NUCB1",0.0552915827090552,6.3911994220246e-29,2.46142921226575e-28
"ZBTB8OS",0.055287323807655,6.45339084514209e-29,2.48390323016943e-28
"YIF1B",0.0552565844758378,6.92042983278498e-29,2.66208334744207e-28
"FDX1",0.055242257278166,7.14941997672275e-29,2.74853592216764e-28
"MRPS18B",0.0552303160854066,7.34600671794704e-29,2.82076201020102e-28
"MFF",0.0551773504010327,8.2846446551402e-29,3.17741643941811e-28
"COA1",0.0550561444311677,1.09041687572243e-28,4.17960855738723e-28
"SNAP29",0.0550444150970926,1.11976133905808e-28,4.28954728346864e-28
"TRIM8",0.0550364405837282,1.14015801483929e-28,4.3650993424421e-28
"BCKDK",0.05498863422162,1.2703953084142e-28,4.86083878645007e-28
"CEP57",0.0549820937273375,1.28932478651331e-28,4.93035361363682e-28
"ARL2",0.0549643218168489,1.34218502169611e-28,5.12946034855997e-28
"XRCC5",0.0549630029642036,1.34619239594273e-28,5.14174016007861e-28
"MYC",0.0549462660612564,1.39809095769996e-28,5.33681654489948e-28
"ACO2",0.0549411797296331,1.41425261563275e-28,5.39449902712344e-28
"ANAPC5",0.0549409870105996,1.41486860488965e-28,5.39449902712344e-28
"PPCS",0.0549355381772929,1.43239532529617e-28,5.45810908532512e-28
"FKBP8",0.0549064474226386,1.52967770708669e-28,5.8253726327525e-28
"ZYX",0.0548987038036866,1.55665955570534e-28,5.9246407781519e-28
"ERAP2",0.0548632407474227,1.68638445565063e-28,6.41460221262174e-28
"EAF2",0.0548459287675355,1.75355228014312e-28,6.66617584359752e-28
"SNX6",0.0547714248804098,2.07422794740874e-28,7.88060547624658e-28
"PIH1D1",0.0547429197040742,2.21175231401184e-28,8.39817271607781e-28
"FAM50A",0.0547363033475496,2.24494488726254e-28,8.51921055107719e-28
"ZNF22",0.0547267073363896,2.29396549617828e-28,8.7001362754881e-28
"APIP",0.0547027042275134,2.42128288033846e-28,9.17225592001824e-28
"ELOF1",0.0546669654440744,2.62394528922422e-28,9.93416479674715e-28
"IQGAP2",0.0546206006135379,2.9121233014651e-28,1.10187529244214e-27
"MYO1G",0.0546014239566629,3.0402987787352e-28,1.14970176948199e-27
"ZNF428",0.0545965032080625,3.07408112120445e-28,1.16179808398585e-27
"DGCR6L",0.0545627485460382,3.31607000756544e-28,1.25252259212244e-27
"CLPP",0.0545405408331817,3.48548824934243e-28,1.31574640969346e-27
"TMEM11",0.0545264067441559,3.59775682840208e-28,1.35733553071533e-27
"USE1",0.054498135043599,3.83319579063757e-28,1.44531797021477e-27
"MSRA",0.0544968760324508,3.84402868084529e-28,1.44855888706592e-27
"COA5",0.0544931082041734,3.87662990081715e-28,1.45999429772485e-27
"NQO2",0.0544725444287275,4.05945132963215e-28,1.52795859930457e-27
"UBE2V2",0.0544713171612875,4.0706287801194e-28,1.5312754632477e-27
"IK",0.0544184490401898,4.58224315540738e-28,1.72273183438487e-27
"SRFBP1",0.0543999061007743,4.77639535839106e-28,1.79468273651908e-27
"SLC35F6",0.0543952085063092,4.82686284591487e-28,1.81259339120956e-27
"MTHFD2",0.0543713639150049,5.09130278308598e-28,1.91078807059123e-27
"RABGAP1L",0.0543336196356715,5.53956001029599e-28,2.07781642564636e-27
"GNPTG",0.0543212609738358,5.69467522365642e-28,2.13476128534752e-27
"BCAT1",0.0542908903177518,6.09440406312304e-28,2.28328541114922e-27
"PAK2",0.0542818144088214,6.21917148912316e-28,2.32868225682957e-27
"UBA2",0.0542728341256758,6.34511728122218e-28,2.37446758836025e-27
"TCEAL8",0.0542692729623751,6.3957591245327e-28,2.39203608158433e-27
"ABHD17A",0.0542682316319256,6.41064306348907e-28,2.39621842915868e-27
"SMARCB1",0.0541931306472601,7.57977343960361e-28,2.8315899162143e-27
"NOL12",0.0541908829182822,7.61784604659774e-28,2.8441715862557e-27
"ARPC5",0.0541647247779738,8.07511329297852e-28,3.01315754805435e-27
"SHTN1",0.0541453316205559,8.43159903473334e-28,3.14436475523408e-27
"NRROS",0.0541406496508871,8.51997613624249e-28,3.17549369637501e-27
"ENDOG",0.0540971692656311,9.38586686150045e-28,3.49620840399044e-27
"ADH5",0.05409678760869,9.39384132663548e-28,3.49716669054848e-27
"TRADD",0.0540780454660001,9.79382482734757e-28,3.64397827196829e-27
"IPO5",0.0540756368323576,9.84643825092263e-28,3.66144981254871e-27
"PDAP1",0.0540751917485657,9.85619115928325e-28,3.66297253531572e-27
"HDDC2",0.0540505653920742,1.0411013642768e-27,3.86694792445668e-27
"XIST",0.054022372407294,1.10843023668066e-27,4.1146659129992e-27
"AC007952.4",0.0540215920193642,1.11035407608951e-27,4.11944543759512e-27
"LRRC59",0.0539955518728198,1.17648342064868e-27,4.36228732261142e-27
"MS4A4A",0.0539764790931494,1.2273832703519e-27,4.54841401960973e-27
"UBE2E1",0.0539487703292095,1.30524471547294e-27,4.83418437526992e-27
"SDHA",0.0539040006706666,1.44152444880396e-27,5.33586579848877e-27
"PGP",0.0538740119860317,1.54060964054145e-27,5.69937532163736e-27
"FRG1",0.0538511657965721,1.62060189719664e-27,5.99187703166823e-27
"ARID1B",0.0538493930353551,1.62697843145753e-27,6.01201961487216e-27
"TMEM106A",0.0538409943982718,1.65752770535137e-27,6.12141150282074e-27
"SEPTIN6",0.0538007679396875,1.81192001445866e-27,6.6877823110635e-27
"ALG5",0.053768578619985,1.94566845938881e-27,7.17735476130095e-27
"TMEM205",0.0537578375099368,1.99244157430293e-27,7.34570999546535e-27
"TCP1",0.0537539966567671,2.00943615026137e-27,7.40414891109396e-27
"RNPS1",0.0537482124328269,2.0353011482944e-27,7.49518750515243e-27
"ADSL",0.05374663178539,2.04242649983697e-27,7.51715131321465e-27
"RPAIN",0.053688488190949,2.32244806172041e-27,8.54291406339656e-27
"GLIPR2",0.0536787159846186,2.37311284933588e-27,8.72432287711556e-27
"SNRNP25",0.0536566117792926,2.49179313047332e-27,9.15543060538269e-27
"NDUFA10",0.053644858602419,2.55727513853732e-27,9.3906972472437e-27
"BUB3",0.0536333891331465,2.62282092492712e-27,9.62593121767471e-27
"NDUFA5",0.0536322633400219,2.62934371004591e-27,9.64440293418541e-27
"CNDP2",0.0536318043393907,2.63200774907375e-27,9.64870790911861e-27
"FMC1",0.0536121936275553,2.74836340481234e-27,1.00695555646605e-26
"METTL23",0.0535793790341607,2.95457636663059e-27,1.0818963460162e-26
"LASP1",0.0535631834050328,3.06193563605775e-27,1.12057497500497e-26
"SF3A3",0.053560976228713,3.07686319547925e-27,1.12540182641427e-26
"SMARCE1",0.0535463067171123,3.17792617251674e-27,1.16105496844658e-26
"DAZAP1",0.0534836293313865,3.64812700852665e-27,1.33209104642987e-26
"NUCB2",0.0534649770997847,3.8009313982429e-27,1.38710427690104e-26
"SIGLEC10",0.0534338038127257,4.07060375103054e-27,1.48468105262939e-26
"PRKACB",0.0534323314688599,4.08379950535867e-27,1.4883026226325e-26
"CHRAC1",0.0534321831750916,4.08513092434038e-27,1.4883026226325e-26
"GRN",0.0533967638795021,4.41578202542944e-27,1.60786123918055e-26
"RPS6KA4",0.0533870413208655,4.51109803206088e-27,1.64164410677696e-26
"LIMS1",0.0533712940776841,4.66982369154309e-27,1.6984516055646e-26
"MRPL55",0.0533479006880558,4.91589703543204e-27,1.7869465136096e-26
"TGFB1",0.0533440563726904,4.95754727742041e-27,1.801075256679e-26
"ARPC1A",0.0533139188108231,5.29642066310373e-27,1.92310865804451e-26
"CLEC11A",0.0533082112163153,5.36313786786496e-27,1.94624184734068e-26
"TRIOBP",0.0532859391164007,5.63154624634016e-27,2.04250030245413e-26
"CAPRIN1",0.0532672403840487,5.86714506260044e-27,2.12675795830209e-26
"RAP2A",0.0532501292696819,6.09129092854746e-27,2.20677210248552e-26
"SLC25A39",0.0532472179877411,6.13026335167102e-27,2.21964904578961e-26
"AHCYL1",0.0532146533071933,6.58341016780477e-27,2.38239225412902e-26
"KCNE3",0.053207379107719,6.68908532828549e-27,2.41928147571622e-26
"BZW2",0.0531904547429142,6.94150548280314e-27,2.50917400869166e-26
"EMC8",0.0531867255828825,6.99838175309105e-27,2.52832162218256e-26
"TNFSF10",0.0531617282733465,7.3917479158737e-27,2.66894456259712e-26
"CENPX",0.0531579853049013,7.45250588603823e-27,2.68938255887467e-26
"SNRNP40",0.0531548083893721,7.50446368192034e-27,2.70662383714497e-26
"ISCA2",0.0531345348783168,7.84459614369506e-27,2.82772357651903e-26
"THAP12",0.0531089229722054,8.29622013397761e-27,2.98885526696556e-26
"C1orf56",0.0530353281835363,9.74246038364786e-27,3.50793595793861e-26
"MED10",0.0530074307806,1.0353761371314e-26,3.72597282478525e-26
"ATP6V0B",0.0530018475538992,1.04805952548126e-26,3.76952075998095e-26
"MED8",0.0529923357046481,1.07002327430973e-26,3.84638016539766e-26
"HIST1H1D",0.0529856914789551,1.08563552383424e-26,3.90033539472967e-26
"GLOD4",0.0529783307529404,1.10319515655868e-26,3.96122320774314e-26
"MRPL42",0.0529602126854821,1.14762605621629e-26,4.11847621282942e-26
"CHMP5",0.0529570234115675,1.15562871546974e-26,4.14489767531916e-26
"FCGR1A",0.0529565331009014,1.15686392038635e-26,4.1470304654381e-26
"DGLUCY",0.0528972849898572,1.3161760639843e-26,4.71290035300572e-26
"PSMC2",0.0528930251958494,1.32843448620571e-26,4.75416520933983e-26
"MPST",0.0528883246168343,1.34209275237387e-26,4.80039142478918e-26
"CLINT1",0.0528842882661409,1.35393203812396e-26,4.84006406118967e-26
"DCPS",0.0528682914942129,1.40188024145312e-26,5.00594191018615e-26
"KIAA0930",0.052867757253211,1.40351027877057e-26,5.00899974904116e-26
"UBE2F",0.0528270736046854,1.53332252767852e-26,5.46927275162025e-26
"MRPS11",0.0528253934052443,1.53893229800449e-26,5.48625974519881e-26
"RPP25L",0.0527936899273729,1.64867923381383e-26,5.87427042361627e-26
"NSMCE1",0.0527844163732977,1.68222352791956e-26,5.99049236509969e-26
"CDC42SE1",0.0527452990659875,1.8313251464808e-26,6.51786640919005e-26
"COMMD8",0.0527420058440338,1.8444599933667e-26,6.56100769069013e-26
"SULT1A1",0.0526983027464826,2.02787039471846e-26,7.20946344613251e-26
"GNL3",0.0526860241235082,2.08257824445198e-26,7.39989657221852e-26
"DENND6B",0.0526617741234224,2.19495931925802e-26,7.79493507014615e-26
"HIST1H1E",0.052648728063785,2.25788434913812e-26,8.01400398921063e-26
"YWHAZ",0.0526188217685555,2.40896002724806e-26,8.54553820076929e-26
"VSIR",0.0525664313277724,2.6981527111174e-26,9.56617779396169e-26
"HDHD5",0.0525324404971457,2.90392525612324e-26,1.02900996760492e-25
"TRAPPC4",0.0525307725920518,2.91441333906117e-26,1.03216148561718e-25
"PSMC3",0.0525226803839484,2.96583403439177e-26,1.04979822518602e-25
"HNRNPK",0.0525060537476584,3.07432445086368e-26,1.08760527294489e-25
"BCAP31",0.0524497218829647,3.47197543495934e-26,1.22694153744142e-25
"GIMAP5",0.0524362387385882,3.57447748015272e-26,1.262475024905e-25
"CMC2",0.0524310468337704,3.6147425958567e-26,1.27600019441528e-25
"NFE2L2",0.0524253846576564,3.65916749633883e-26,1.29097822186908e-25
"ELAVL1",0.0523930163416693,3.92371457322495e-26,1.38355817794435e-25
"RPF2",0.0522456708626257,5.38843412206372e-26,1.89900503572349e-25
"C6orf226",0.0522245437904095,5.63877220798144e-26,1.98614860035211e-25
"HSPA4",0.0521768549463047,6.24701821342856e-26,2.19919499259035e-25
"KCNAB2",0.0521660895222717,6.39307974107977e-26,2.24939120889948e-25
"SPNS1",0.052135265797981,6.83027032005095e-26,2.40191037762139e-25
"NOLC1",0.0521297173548668,6.91205634601816e-26,2.4280332492741e-25
"RNF125",0.0521086209547933,7.23198334017361e-26,2.53903796877896e-25
"C22orf39",0.0520858606749996,7.59361481880298e-26,2.66311280265062e-25
"TMOD3",0.0520729583547724,7.80651706705895e-26,2.73629623671574e-25
"RYBP",0.0520705296114134,7.84725059484137e-26,2.74908551682917e-25
"ALYREF",0.0520567423831998,8.08250632459998e-26,2.82997003490862e-25
"NDUFB9",0.0520532609119902,8.14300889056866e-26,2.8496129490563e-25
"POP7",0.0520226191542953,8.69525022731263e-26,3.04122366135181e-25
"PARL",0.0519774093458416,9.57849843280122e-26,3.34833687116388e-25
"MRPL44",0.0519640616713914,9.85587254821345e-26,3.44343868737905e-25
"HEXB",0.0519559480680469,1.00283539629016e-25,3.5018103320294e-25
"THAP11",0.0519457924267868,1.02484668351757e-25,3.57674254937613e-25
"EFCAB14",0.0519190872591951,1.08503876515417e-25,3.78477422715953e-25
"DDX46",0.0519158517360854,1.09256540361529e-25,3.80897599515637e-25
"FXR1",0.051892732474564,1.14787356949151e-25,3.99964127496666e-25
"MALT1",0.0518854126376073,1.16595649211012e-25,4.06046386762825e-25
"CCDC57",0.0518810292566865,1.17692005367356e-25,4.09644109004444e-25
"TMX1",0.0518692171117012,1.20697543281665e-25,4.19879578294196e-25
"DPP7",0.0518621968880361,1.22519711905578e-25,4.25989589085238e-25
"ARMC10",0.0518262655485241,1.32281653609573e-25,4.5968407164164e-25
"C9orf78",0.0518039861632472,1.38717751157298e-25,4.81791159330657e-25
"LTBR",0.0517518928529039,1.55003052230715e-25,5.38064214553163e-25
"TINF2",0.0517329260116645,1.61391498409687e-25,5.59940279048399e-25
"DBP",0.0517096799189384,1.69578120443045e-25,5.88028254819643e-25
"CTSL",0.0517076769007593,1.70302491588259e-25,5.90223945686504e-25
"MRPL45",0.0517036475487147,1.71768967341016e-25,5.94987851560052e-25
"ANAPC13",0.0517028777910329,1.72050539709051e-25,5.95644488810908e-25
"PDLIM5",0.0516882818394895,1.77477052334735e-25,6.14102852386463e-25
"EIF5",0.0516729458139002,1.83361488684644e-25,6.34125148367728e-25
"IL27RA",0.0516560168483537,1.9008183946101e-25,6.57015391708797e-25
"FAM177A1",0.0516496560410919,1.92669512254177e-25,6.65604280861016e-25
"MEA1",0.0516233995925068,2.03725644242895e-25,7.03423904441867e-25
"PPIE",0.0516064616422602,2.11189187694074e-25,7.28805331093515e-25
"ANXA11",0.0515941423948739,2.16787146204647e-25,7.47725084991415e-25
"VAPA",0.0515805077713941,2.23154374211968e-25,7.69276580749882e-25
"SIRPA",0.0515655418185801,2.30356812858482e-25,7.93682813435772e-25
"EIF4G2",0.0515306186239375,2.48072133098202e-25,8.5426542004136e-25
"BOLA2",0.0515175978755787,2.55017098152088e-25,8.77714350577681e-25
"EEA1",0.0515121650700454,2.579714820544e-25,8.87410932423054e-25
"EMILIN2",0.0515081137240706,2.6019667550498e-25,8.94590163154138e-25
"MCUR1",0.0514510424802333,2.93640552339951e-25,1.00903871329556e-24
"ZNF524",0.0514421527791703,2.99220086490467e-25,1.0276662280845e-24
"MRPS2",0.0514098962839512,3.20362128053477e-25,1.09969481284105e-24
"IFNGR1",0.0513773891866537,3.43165303252709e-25,1.17734614375095e-24
"MDP1",0.0513124337952186,3.93656913708487e-25,1.34985956533302e-24
"RPIA",0.0513049265262804,3.99947581747407e-25,1.37070441727513e-24
"IDH3B",0.0512990874472643,4.04909178226339e-25,1.38697461367054e-24
"ARL3",0.0512985918227348,4.05333118993373e-25,1.38769255016557e-24
"MAPRE1",0.0512850608081312,4.17078550693042e-25,1.42714933255114e-24
"SNAPC2",0.051276427500604,4.24748175679495e-25,1.45262529812417e-24
"CINP",0.0512535102777943,4.45791792208214e-25,1.52378883989228e-24
"NORAD",0.0512392809638889,4.59374254880564e-25,1.56938729609328e-24
"NLN",0.0512223003769253,4.76120442127491e-25,1.62548827781032e-24
"BRIX1",0.0512221238285724,4.76297692772038e-25,1.62548827781032e-24
"KCMF1",0.0512172230528323,4.81244146776121e-25,1.64150400749663e-24
"NAGPA",0.0512127133234914,4.85840863227855e-25,1.65631055741819e-24
"PUF60",0.0512076110959821,4.91093977512698e-25,1.6727980781128e-24
"RUNX3",0.0512075145927701,4.91193874960214e-25,1.6727980781128e-24
"CCDC25",0.051202369461349,4.96549228267776e-25,1.69014705773164e-24
"NAXE",0.0511849262737728,5.15139301804503e-25,1.75250228054774e-24
"ARHGEF10L",0.0511716702745418,5.29726555115981e-25,1.80118157448575e-24
"MBD2",0.0511695095077076,5.32142808047867e-25,1.80844752719259e-24
"ISG20",0.0511523560013813,5.51715998403804e-25,1.87398183298333e-24
"PDHA1",0.0511393022395261,5.67087589614218e-25,1.92518356327344e-24
"NASP",0.0511279263440494,5.80828938443435e-25,1.97080007729706e-24
"MGAT2",0.0511152060021398,5.96585277013717e-25,2.02320224378565e-24
"UFM1",0.0511085956263203,6.04939847132588e-25,2.05046103158973e-24
"BCAP29",0.051107262794003,6.06638346780342e-25,2.05514215439871e-24
"KRCC1",0.0510941909518114,6.2354894740904e-25,2.11132629996136e-24
"TLN1",0.0510433987947006,6.93807302099203e-25,2.34799188384226e-24
"KIF2A",0.051030906065222,7.12256697098415e-25,2.40916920429213e-24
"RNPEPL1",0.0510180134612899,7.31806313798188e-25,2.47400212821382e-24
"TIGAR",0.0510108003618727,7.42974810153539e-25,2.51044828858769e-24
"OAZ2",0.0509961589607017,7.66166914436175e-25,2.58746197394877e-24
"CYBRD1",0.0509737757693664,8.03015570946861e-25,2.71049155699165e-24
"KARS",0.0509584443469651,8.29262998678407e-25,2.79762827172695e-24
"SMIM19",0.0509385149970357,8.64656358110883e-25,2.91551315750513e-24
"ZNF32",0.0509023587557794,9.3273017313555e-25,3.14341235860466e-24
"LINC01578",0.0508713464715602,9.95331313637089e-25,3.35264043937904e-24
"KIF5B",0.0508374549638617,1.06851127656994e-24,3.59726573297647e-24
"TYW3",0.0508336016812247,1.0771617481259e-24,3.62450372004525e-24
"ATF7",0.0508322652007889,1.08017827202463e-24,3.63276578342205e-24
"IRF8",0.0507574082154851,1.26319598217987e-24,4.24606998371365e-24
"SAP30",0.0507520353326508,1.27745579411465e-24,4.29177416247963e-24
"AP1S1",0.0507117267812458,1.38964557080186e-24,4.66626837415522e-24
"PHF20",0.0506999294500892,1.42428962182553e-24,4.78011975723092e-24
"ARHGAP31",0.0506907345177051,1.45188359743343e-24,4.87020435740105e-24
"DNAJC4",0.0506806979845775,1.48260799978382e-24,4.97069093247047e-24
"CPM",0.0506780094715155,1.49094703697929e-24,4.99606165497098e-24
"LZIC",0.0506734941658353,1.50505696474928e-24,5.04073398333515e-24
"DPH3",0.0506548552365337,1.56471555718502e-24,5.23783273899475e-24
"LARP1",0.0506484417974093,1.58578038856125e-24,5.30560322250414e-24
"CYP51A1",0.0506107546890045,1.71536151403502e-24,5.73618307947454e-24
"CHMP2B",0.05055491165143,1.9268864053727e-24,6.44019751594364e-24
"RNF141",0.0505216655286501,2.06488278370919e-24,6.89785920626074e-24
"ATP6V0C",0.050519744656483,2.07314843133754e-24,6.92189940406354e-24
"DCTN6",0.05050700927844,2.12878478783819e-24,7.09668008056871e-24
"ISCA1",0.0504986175372522,2.16625113190671e-24,7.21786403909627e-24
"ATL3",0.0504877016177945,2.21596609514451e-24,7.37971424895348e-24
"NELFCD",0.0504798692054728,2.25233247799011e-24,7.49696681877017e-24
"NUDT21",0.0504650426897282,2.32279921302915e-24,7.72754476112576e-24
"TCN2",0.0504388843913488,2.45248846925446e-24,8.15480757573362e-24
"LLPH",0.0503882322526388,2.72434367398066e-24,9.05410726147372e-24
"SNHG17",0.0503094993593194,3.20728342420329e-24,1.06536443757271e-23
"SYNJ2BP",0.0502848120546996,3.37550195796127e-24,1.12066665004314e-23
"APBB1IP",0.0502655381090262,3.51288345235203e-24,1.16534619179754e-23
"BCCIP",0.0502654286900187,3.51367897187024e-24,1.16534619179754e-23
"SSRP1",0.0502333865461077,3.75448389209107e-24,1.24457392306183e-23
"PPA2",0.0502305510734395,3.7765644005497e-24,1.25125270875941e-23
"ARHGAP18",0.0502130948064524,3.91536208940325e-24,1.29657566070571e-23
"KIAA2013",0.0501905081372649,4.10247449665597e-24,1.35784355272754e-23
"SRSF1",0.0501863869369495,4.13755841805211e-24,1.36875591203216e-23
"DUSP3",0.0501790790997666,4.2005025110026e-24,1.38886890991986e-23
"CMTM6",0.0501535140743426,4.42825470126492e-24,1.46342628565539e-23
"FGD5-AS1",0.0501463680876735,4.49407530876523e-24,1.48442058923194e-23
"TPGS2",0.0501148018540186,4.79661408098239e-24,1.58354306783682e-23
"TUBA1C",0.0501120172172486,4.82425157289545e-24,1.59185548842636e-23
"NUB1",0.050106136826846,4.88313365820903e-24,1.61046394820404e-23
"BHLHE40",0.0500933413559404,5.01372935702395e-24,1.65269266076237e-23
"G3BP1",0.0500763153806762,5.19288136708783e-24,1.71087602903443e-23
"CBL",0.0500724174410817,5.23478029937587e-24,1.72380303449437e-23
"GNS",0.0500646357875018,5.31942925262557e-24,1.75078723851032e-23
"PLPBP",0.050039113199894,5.60669344330708e-24,1.84439701991718e-23
"MANF",0.0500366155563311,5.63561728566469e-24,1.85297035588589e-23
"TIMM50",0.0499992007212091,6.08700946015546e-24,2.00037052005312e-23
"SMIM14",0.0499865124024893,6.24807663270213e-24,2.05226017859531e-23
"RXRA",0.0499627182999229,6.56158519222413e-24,2.15414313055066e-23
"DDA1",0.0499487538895621,6.75278197746474e-24,2.21578867319345e-23
"FKBP5",0.0499320806489879,6.98830563766347e-24,2.29190935654677e-23
"AGTRAP",0.0499294578183852,7.02608866243362e-24,2.30313407597951e-23
"WDR18",0.0499090982578213,7.32634007069529e-24,2.40034036526727e-23
"CD300C",0.0498617349261623,8.07488739997052e-24,2.64424992551387e-23
"DNTTIP1",0.0498580141689254,8.13680330195226e-24,2.66317818892007e-23
"RPN2",0.0498557546871572,8.1746318108349e-24,2.67420749587393e-23
"RBM17",0.0498372456564345,8.49114127266626e-24,2.77634588885057e-23
"SF3B2",0.0498284289328235,8.64614776263411e-24,2.82560124256907e-23
"ABT1",0.0498165891884402,8.85871845296206e-24,2.89360965007449e-23
"DDX21",0.0498021658445006,9.12467871543758e-24,2.97897982873136e-23
"NKAPD1",0.0497842583748302,9.46591117094835e-24,3.08882605447175e-23
"RMDN1",0.0497832844997286,9.48482675521272e-24,3.09343921477316e-23
"KIAA1143",0.0497616249196116,9.91533071162488e-24,3.23221807789826e-23
"GBP1",0.0497374684314488,1.04183174304426e-23,3.3944734295262e-23
"NOP58",0.049721044455415,1.07746457967012e-23,3.50880567846296e-23
"RAB4B",0.0496959097384347,1.13434574496766e-23,3.69218418950257e-23
"PHF5A",0.04968193926249,1.16723713005659e-23,3.79733325627456e-23
"PTGIR",0.0496720151555076,1.1911739789363e-23,3.87131543154297e-23
"KDM2B",0.0496665701053835,1.20451325350621e-23,3.91270386512754e-23
"MSRB2",0.0496494542337873,1.24741448960522e-23,4.0500307952378e-23
"WDR1",0.0496478772563668,1.25144252566496e-23,4.06107213591727e-23
"DNAJC21",0.0496212694260862,1.32138126314848e-23,4.28588291464091e-23
"WDR61",0.0495887963150489,1.4119994194544e-23,4.57750838334893e-23
"RBM4",0.0495412724082523,1.55581766232819e-23,5.0412229959523e-23
"SNRPA1",0.0495206732029939,1.62257591333254e-23,5.25490568429957e-23
"CSK",0.0495032072345234,1.68139649832264e-23,5.44268046507038e-23
"MRPL58",0.0494824914196693,1.7539040588637e-23,5.67455016346007e-23
"NUP93",0.0494465113970777,1.88726980044634e-23,6.10298935469012e-23
"WAC",0.0494366153157149,1.92568002499074e-23,6.22409010573643e-23
"SNX27",0.0494118427402647,2.02525874680821e-23,6.54267720900018e-23
"CLN8",0.0494115945266374,2.02628186194133e-23,6.54271759312128e-23
"RALB",0.0493944218623217,2.09832275124791e-23,6.77195488114605e-23
"IMMT",0.0493692073429926,2.20871896691913e-23,7.12468689179594e-23
"CCS",0.0493196132169396,2.44290597030304e-23,7.87618189827781e-23
"PAGR1",0.0492901196315121,2.5936655213874e-23,8.35808391511302e-23
"MBNL1",0.0492569417638614,2.77428857195531e-23,8.93569363922323e-23
"RPP30",0.0492533502107078,2.79457319668999e-23,8.99655239948832e-23
"NOA1",0.0492507389683855,2.80941328381109e-23,9.03983180884344e-23
"CTDSP2",0.0492419728893006,2.85980520458571e-23,9.1974063062533e-23
"SMIM10L1",0.0492276245656103,2.94422484574447e-23,9.46420638100781e-23
"NUDT22",0.0491410054862686,3.50886743365041e-23,1.12736514965026e-22
"LILRA1",0.0491332641391019,3.56426786138382e-23,1.14459673286701e-22
"COMMD5",0.0491095391219298,3.73950529894326e-23,1.19968073862035e-22
"TMEM18",0.049072900441268,4.0270209777529e-23,1.2912795349169e-22
"METRNL",0.0490625213480222,4.11237501926903e-23,1.31799583538355e-22
"PRKCSH",0.0490461493206419,4.25066761602479e-23,1.36164384691462e-22
"TSR3",0.0490359624001415,4.33902875317648e-23,1.38926172839093e-22
"ARL4C",0.0490341968226928,4.35452717582802e-23,1.39353479665401e-22
"CMC1",0.0490319235558683,4.37456288580812e-23,1.39925494677479e-22
"SUPT16H",0.0490253286109919,4.43320614256325e-23,1.41731242305948e-22
"ADK",0.0490018942952402,4.64795407169426e-23,1.48523468213962e-22
"NCOA4",0.0489677886617049,4.9790162428748e-23,1.59023932690535e-22
"NKAP",0.0489571471769989,5.08701366316576e-23,1.62393128477984e-22
"FGR",0.0489378821756742,5.28846091042441e-23,1.68740738955582e-22
"MAP3K20",0.048902790587213,5.67590305748942e-23,1.80951802916821e-22
"UROD",0.0489027160779327,5.67675489224688e-23,1.80951802916821e-22
"ZFHX3",0.0488589845401686,6.19919746217213e-23,1.97507895522157e-22
"MRPL19",0.0488576669374354,6.21565573925777e-23,1.97934851234406e-22
"SDF2",0.0488477922641088,6.34038568423785e-23,2.01807556144326e-22
"ATP6V1D",0.0488387549140692,6.45670912670222e-23,2.05409016640148e-22
"MRPL37",0.0488273277746508,6.60682134722619e-23,2.10081342838617e-22
"TMEM9B",0.0488066827628847,6.88683485424785e-23,2.18877608475212e-22
"ST6GAL1",0.0487519584561845,7.68720174914748e-23,2.4419501532866e-22
"MESD",0.0487320740599864,8.00027554069456e-23,2.54015614764377e-22
"WAC-AS1",0.0487162716395938,8.25805323832214e-23,2.62071748357341e-22
"PARVG",0.0487107492894518,8.35006184182928e-23,2.64824637222329e-22
"ALG3",0.048710575143685,8.3529797529811e-23,2.64824637222329e-22
"HMGN4",0.0487083946709116,8.38960036561968e-23,2.65855471204218e-22
"ACADM",0.0487053523910847,8.44096056593654e-23,2.67352146300749e-22
"TMED7",0.0486690235071958,9.07885214912661e-23,2.87415593219783e-22
"SMIM20",0.0486679416609932,9.09856232317563e-23,2.87898790225997e-22
"CENPB",0.0486335928097758,9.7468746413385e-23,3.08262171118834e-22
"COPB2",0.0486260113242081,9.89601812817902e-23,3.12826276180815e-22
"CNOT6L",0.0485908171537293,1.06184830414459e-22,3.35500532993269e-22
"MGAT1",0.0485903449733353,1.06285225718648e-22,3.35653927464647e-22
"SAMM50",0.048580127861458,1.08480754862436e-22,3.42420481218631e-22
"TMCO1",0.0485414770265079,1.17200079723037e-22,3.69762824623264e-22
"CYB5R3",0.048501226098171,1.270179527875e-22,4.00542730806759e-22
"UBXN4",0.0484969077602782,1.28118447035384e-22,4.03816371035576e-22
"GADD45B",0.0484705754450261,1.35036220039145e-22,4.25206463294467e-22
"CS",0.0484585739761261,1.38310567377312e-22,4.3530511093861e-22
"KATNBL1",0.0484204339072146,1.49246919207518e-22,4.69496868294205e-22
"PDIA4",0.0483886302632626,1.59017531901752e-22,4.99990044454562e-22
"BCL11A",0.0483798344617781,1.61829758099792e-22,5.08585365989346e-22
"PRNP",0.0483698498425837,1.65081768950291e-22,5.18553795334393e-22
"ACBD6",0.0483441900674698,1.73738924610724e-22,5.45482928190991e-22
"CX3CR1",0.0483045054419018,1.88020438906563e-22,5.90036025923941e-22
"A1BG",0.0482976322414513,1.9060936079436e-22,5.97870640398587e-22
"EI24",0.0482697111952917,2.01494115629524e-22,6.31706007063213e-22
"BORCS7",0.0481982605159439,2.32230247861124e-22,7.27714726356688e-22
"FAM32A",0.0481893498386753,2.36375089077268e-22,7.40344618619367e-22
"CDK5",0.0481152452887079,2.73805132401664e-22,8.57163649501148e-22
"TMBIM1",0.0481002523135081,2.82062939622669e-22,8.82588434566052e-22
"IFI35",0.0480952532171732,2.84870754809859e-22,8.90943607071993e-22
"COMMD10",0.0480841119797734,2.91228300873725e-22,9.10387262122887e-22
"HHEX",0.0480761756504496,2.95842463912492e-22,9.2436491861461e-22
"PKN1",0.0480652171851999,3.02332825462939e-22,9.44188476626661e-22
"SRA1",0.0480494615864778,3.11912045773608e-22,9.73634804406142e-22
"TAPBPL",0.0480404670149123,3.17514689658024e-22,9.90645831733035e-22
"LENG1",0.0480201062127365,3.30567819159106e-22,1.03087478864935e-21
"ZMAT5",0.0479802940935249,3.57644396695889e-22,1.1147760347661e-21
"NFU1",0.0479580602359411,3.73709233883256e-22,1.16428949959586e-21
"EXOSC6",0.0479212760500408,4.01869515803191e-22,1.25142051241455e-21
"ATG101",0.0478771508955145,4.38431246675246e-22,1.3646172552767e-21
"THRAP3",0.0478642197144431,4.49756417822369e-22,1.39919416097166e-21
"RUFY3",0.0478253384689069,4.85581758182705e-22,1.50992137486784e-21
"LHFPL2",0.0478152747282716,4.95305640431396e-22,1.53941849071189e-21
"ZCCHC17",0.0478118033055182,4.98704329144091e-22,1.5492379207672e-21
"TMEM101",0.0477953777634799,5.15101254227295e-22,1.59940792319784e-21
"HVCN1",0.0477863801156869,5.24308220040059e-22,1.62721544417035e-21
"PIAS2",0.0477836641198882,5.27119261371035e-22,1.63515577293535e-21
"GRSF1",0.0477694302341887,5.42096944483439e-22,1.68081207786676e-21
"ACAT1",0.0477019592297253,6.19023494051297e-22,1.91840981354145e-21
"PPP1R11",0.0476683851813896,6.61232887751416e-22,2.04824005516874e-21
"URI1",0.047651536491918,6.83475954070998e-22,2.11612784632025e-21
"WDR45",0.0476485129448356,6.87545166747255e-22,2.12770908676947e-21
"ZMAT2",0.0476362792570066,7.04255921207659e-22,2.17838166932555e-21
"LRPPRC",0.0476313562527415,7.11093398309959e-22,2.19848073574913e-21
"DHX9",0.047628479245577,7.15119591402266e-22,2.20987314307316e-21
"BORCS8",0.0476185114823832,7.29244096066038e-22,2.25244574328794e-21
"MTMR14",0.0475924265917885,7.67526622254176e-22,2.36956001548571e-21
"ZEB2",0.0475896684609458,7.71688935861164e-22,2.38127462858207e-21
"NSMCE4A",0.0475753010531138,7.9373475633012e-22,2.44813664243983e-21
"MRPL35",0.0475693789424272,8.03002170179646e-22,2.47554097606811e-21
"DNASE1L1",0.0475646639869552,8.10457008989518e-22,2.49733397248841e-21
"LFNG",0.0475472243865271,8.38630734930314e-22,2.58291882870545e-21
"WBP11",0.047495336596509,9.28313577820876e-22,2.85777560761405e-21
"ZFAND3",0.047493723264906,9.31249119166457e-22,2.86544999880401e-21
"CFAP298",0.0474706039206644,9.74338802069262e-22,2.99661254375126e-21
"TMEM242",0.0474514171232383,1.01159239694227e-21,3.10970996097067e-21
"EIF3B",0.0474456271290494,1.02310872758767e-21,3.14361931770411e-21
"ALDH3A2",0.0474451753748411,1.02401270523406e-21,3.14490429491713e-21
"HP1BP3",0.0474362021752804,1.04213305671841e-21,3.19903717837601e-21
"GNG10",0.0474334524640685,1.04774902310465e-21,3.21475221591446e-21
"RRP36",0.0474220695085771,1.0713176772669e-21,3.28550954174606e-21
"BLOC1S2",0.0474203334063862,1.07495812107072e-21,3.29511310407759e-21
"HNRNPA3",0.0474114726847904,1.09372972954938e-21,3.35106780364537e-21
"PVT1",0.0473699501893292,1.18610774735825e-21,3.63238484219363e-21
"RRP1B",0.0473297913876894,1.28278207729844e-21,3.9265868408653e-21
"R3HDM2",0.047328713977689,1.28548034481648e-21,3.93298665044512e-21
"SF3A1",0.0473165579247554,1.31631581352598e-21,4.025426819446e-21
"SLC35A4",0.0472971340617182,1.36711259711767e-21,4.1787945957223e-21
"TMED4",0.0472683548470385,1.44596065361391e-21,4.41772027913943e-21
"DDX49",0.0472675537192417,1.44821872828916e-21,4.4225320976151e-21
"SQSTM1",0.0472651820517549,1.45492402847025e-21,4.44091379552871e-21
"HK1",0.0472319524757686,1.55216644566121e-21,4.73549744072135e-21
"WNK1",0.0472273370480002,1.56617189580461e-21,4.77597590835565e-21
"AC096667.1",0.0472180309798351,1.59479230100969e-21,4.86096297398151e-21
"GPN3",0.0472048106482406,1.63634253154512e-21,4.98526190551675e-21
"STT3B",0.047170944849596,1.74772857710159e-21,5.32210480157841e-21
"TAF1D",0.0471628092875317,1.77558507909606e-21,5.40439012791157e-21
"AP2B1",0.047152989081499,1.80979547742379e-21,5.50334237709799e-21
"NTMT1",0.0471426940974265,1.84636002531706e-21,5.61189427413268e-21
"PTGES2",0.0471419165324652,1.84915118907539e-21,5.61774040266263e-21
"PSMC1",0.0471134927740676,1.95409766841753e-21,5.93378438336542e-21
"IDH3A",0.0471060385067553,1.9825820470954e-21,6.01745718372978e-21
"SNAPC5",0.0471024447205238,1.99646105182167e-21,6.05674266611692e-21
"PSMD13",0.0470992063869667,2.0090496180753e-21,6.09207832666019e-21
"DHX30",0.0470743912495576,2.10815710725152e-21,6.38961100765279e-21
"EPS8",0.0470283281936475,2.30511544984999e-21,6.98330249056099e-21
"ASCL2",0.0470245529394933,2.32204252047517e-21,7.03129245910022e-21
"COX17",0.0469881062928611,2.49191378354338e-21,7.54214578525472e-21
"OTUD6B-AS1",0.0469686197431929,2.5877219246591e-21,7.82846343002009e-21
"PSMG3",0.0469612790551934,2.62475055879091e-21,7.93677492648873e-21
"STK24",0.0469536689029851,2.66369179638459e-21,8.05076596162176e-21
"NGRN",0.0469511342250622,2.67678821522952e-21,8.0865734509547e-21
"NRGN",0.0469387960929049,2.74145330260036e-21,8.27806375048263e-21
"OAF",0.0469036510277677,2.93424266396448e-21,8.85607785851098e-21
"E2F4",0.0468756200189775,3.09757025367194e-21,9.34032129588827e-21
"CFDP1",0.046852736982366,3.23754337029877e-21,9.7533065515655e-21
"ZC3H13",0.0468360803511389,3.34334723004452e-21,1.00673627754922e-20
"SLBP",0.0468230656368203,3.42839126004678e-21,1.03186448245201e-20
"GALNT1",0.046815857451191,3.47640989211965e-21,1.0458307454267e-20
"FAM192A",0.0468047735135311,3.55154846432221e-21,1.06744311782832e-20
"EMG1",0.0468029852924664,3.56382047498434e-21,1.0706345129953e-20
"NCK1",0.0467960065789817,3.61211578061466e-21,1.08463996121054e-20
"FERMT3",0.0467737138480829,3.77076810537911e-21,1.13175487780363e-20
"TMEM250",0.0467305936792736,4.09745584686291e-21,1.22881150060904e-20
"SKA2",0.0467305327887545,4.09793640688123e-21,1.22881150060904e-20
"FAM78A",0.0466996400695094,4.34907770834927e-21,1.30351523536357e-20
"MVB12A",0.0466664690315461,4.63570205540992e-21,1.38751314224094e-20
"ELP5",0.0466664625497683,4.63575984965578e-21,1.38751314224094e-20
"MAGT1",0.0466586068109838,4.70633131841009e-21,1.40798470218978e-20
"MAP3K8",0.0466299314383473,4.97307046893748e-21,1.48709737717789e-20
"RAD50",0.0466296318227251,4.97593498096572e-21,1.48726699292576e-20
"TMEM248",0.0465946172499975,5.32218343732666e-21,1.59002379202828e-20
"ALDH16A1",0.0465328328036921,5.99222861321535e-21,1.78937675470278e-20
"LYAR",0.0465313097413877,6.00975860306005e-21,1.7937841030987e-20
"ARFGAP3",0.0465252953548414,6.07947934824161e-21,1.81375803228185e-20
"RFK",0.0465145555076087,6.20597444052269e-21,1.85064387507802e-20
"SURF4",0.0465084266915958,6.27932320660533e-21,1.87165462428927e-20
"FBXL15",0.0464999633744916,6.38202222947907e-21,1.90139033196721e-20
"LARP7",0.0464981139959781,6.40468390799601e-21,1.907264195969e-20
"MAP4",0.0464942135022606,6.45274052420558e-21,1.92069159327388e-20
"TCEAL4",0.0464509223221667,7.01065850074655e-21,2.08484166898636e-20
"SF3A2",0.0464459163907142,7.07817341478242e-21,2.10395292411852e-20
"POLR2H",0.0464378787892265,7.18792386491797e-21,2.13559518593295e-20
"SMIM7",0.0464267566793813,7.34257261570708e-21,2.18054197771044e-20
"VPS36",0.0464232602202943,7.39186597502124e-21,2.19417424678072e-20
"CDC37",0.0464075522684338,7.61738627642114e-21,2.25974886614531e-20
"TUBGCP2",0.0464073894814223,7.61975868828425e-21,2.25974886614531e-20
"SERTAD3",0.0463726293571647,8.14344607542535e-21,2.41284530399559e-20
"CALU",0.0463314452844453,8.81013524369331e-21,2.60918643950917e-20
"CCDC90B",0.046327350847646,8.87929508574095e-21,2.62846622702729e-20
"ARPC4",0.0463250390010226,8.91858175323779e-21,2.63888931766277e-20
"UTP18",0.0463235233890413,8.94443073744513e-21,2.6453286703618e-20
"KMT2E",0.0463160052847891,9.07375241358585e-21,2.6823503710299e-20
"BCKDHA",0.0463147480838991,9.09555770655151e-21,2.68756917353786e-20
"ITPRIPL2",0.0462761800969038,9.79026589142764e-21,2.89152287322548e-20
"G6PC3",0.0462642546272214,1.00155089144083e-20,2.95669880127128e-20
"EHD4",0.0462408146315512,1.04732722577812e-20,3.09042682756952e-20
"PSMD14",0.0462313448189526,1.06640232572883e-20,3.14527957028176e-20
"LMAN1",0.0462302425652193,1.06864480226403e-20,3.15045831049971e-20
"SINHCAF",0.0462247482670471,1.07989239842157e-20,3.18216813262687e-20
"TAF12",0.0462022580442695,1.12716620807212e-20,3.31996088765191e-20
"OCEL1",0.0461800168638367,1.17592775166261e-20,3.46200830571338e-20
"ZNF277",0.0461670599840296,1.20528989646499e-20,3.54683944987017e-20
"UTP6",0.0461651726566245,1.20962690852169e-20,3.55798482770079e-20
"CCNY",0.04615694678223,1.22871058140052e-20,3.61247606902223e-20
"ARL1",0.0461443171411523,1.25859172644351e-20,3.69864858692478e-20
"BRD7",0.0461199991536553,1.31816498821457e-20,3.87196013325822e-20
"LRRC41",0.0460973391556623,1.37618218298314e-20,4.04054578350697e-20
"RBBP4",0.0460512261702334,1.50215581867703e-20,4.40841195381463e-20
"RSU1",0.046018733528406,1.59770289858148e-20,4.68669169253125e-20
"IFITM1",0.0460050550056927,1.63970062407401e-20,4.80770916678223e-20
"RPS4Y1",0.0459998174428554,1.65606912644868e-20,4.85350453808454e-20
"RILP",0.0459962405124417,1.66734053626267e-20,4.88432698269889e-20
"SLC52A2",0.0459870165800085,1.69675763777614e-20,4.96825370735537e-20
"MAP2K1",0.0459642571506962,1.77155566977756e-20,5.18258084326251e-20
"PDS5A",0.0459294390622619,1.89233731686332e-20,5.53092180107139e-20
"MTHFS",0.0459104049915708,1.9617708355782e-20,5.73127454401319e-20
"SVBP",0.0459010269279466,1.99690097587482e-20,5.8312751095235e-20
"UBL7",0.0458378090319417,2.25049384629543e-20,6.56884452701381e-20
"RBM42",0.045817989232294,2.33636934633851e-20,6.8164286382134e-20
"REEP3",0.0458085495184226,2.37840101940291e-20,6.93593162144794e-20
"ETNK1",0.0458024570606383,2.40592460250893e-20,7.01303731501254e-20
"WIPI2",0.0457911306330083,2.45793290125444e-20,7.1614120624308e-20
"TMEM183A",0.0457770154834665,2.524304322342e-20,7.35148276331178e-20
"C12orf57",0.0457659649073255,2.57749954592963e-20,7.50302700555234e-20
"PRPF8",0.0457657029826729,2.57877375088053e-20,7.50336236548339e-20
"C16orf87",0.0457619889542889,2.59690883364605e-20,7.55273485580616e-20
"COPS2",0.0457572198054572,2.62038092793155e-20,7.61757796471885e-20
"SRP68",0.045750547148244,2.65357382021492e-20,7.71060902696202e-20
"DR1",0.0457472957152255,2.66989824147162e-20,7.75456312933479e-20
"PRRC2C",0.0457443921933481,2.68455980249101e-20,7.79365029655911e-20
"CYTH2",0.0457217097661309,2.80186966521027e-20,8.13057113965545e-20
"SYNGR2",0.0457152355549153,2.83627319346588e-20,8.22671713911204e-20
"PTBP1",0.0457059021937169,2.88660623500905e-20,8.36896048609431e-20
"MPZL1",0.045703771593804,2.89821937920134e-20,8.39886851430146e-20
"DDB1",0.0456615154236054,3.13832392022198e-20,9.09060808032085e-20
"MRM2",0.0456417975480349,3.25699203225145e-20,9.43012809337919e-20
"TMX2",0.0456224808428475,3.37754425917136e-20,9.77479728827687e-20
"FBXO6",0.0456208651198775,3.387825361841e-20,9.80017041669286e-20
"AASDHPPT",0.0456075764455257,3.47356529565575e-20,1.00437077820792e-19
"ARAP1",0.0456002541632218,3.52172244712243e-20,1.01784067511922e-19
"POU2F2",0.0455728477152745,3.70789922339005e-20,1.07069311205295e-19
"C1D",0.045540389563564,3.9410097716021e-20,1.13749876332376e-19
"EMC3",0.0455319103647348,4.00425614534714e-20,1.15472402160256e-19
"TTYH2",0.0455195745088682,4.09806491000128e-20,1.18124987655157e-19
"SIDT2",0.0454731632839841,4.47087243643768e-20,1.28813654443692e-19
"FDFT1",0.0454583640534936,4.59665550988958e-20,1.32378771223422e-19
"RNF187",0.0454476422573258,4.68996221517552e-20,1.35005848737423e-19
"KCNK6",0.0454091553758359,5.04057939824975e-20,1.45034271218973e-19
"THYN1",0.0454022352964128,5.10631437782649e-20,1.46860414402704e-19
"HNRNPD",0.0453837783529639,5.28581266348327e-20,1.51955378256619e-19
"C15orf40",0.045370407530211,5.4197291123829e-20,1.55736024294571e-19
"TATDN3",0.0453541069132821,5.58753224973798e-20,1.60486618388659e-19
"THOC6",0.0453515196212911,5.61463468306557e-20,1.61193547397634e-19
"TAOK3",0.0453481831375625,5.64977696212296e-20,1.62130567609858e-19
"WBP1",0.0453230160983498,5.9219531592478e-20,1.69865860668898e-19
"UBAC2",0.0453183384362988,5.97395072594282e-20,1.71281474755331e-19
"TSG101",0.0453075871804675,6.09518000319894e-20,1.74679926253696e-19
"R3HDM1",0.0453060512663014,6.11269604197276e-20,1.75104399007662e-19
"RNASEH1",0.0453018850898657,6.1604593075948e-20,1.76394575662843e-19
"MRPL10",0.0452991077010306,6.19250550950973e-20,1.77233778375623e-19
"TECR",0.0452969528733222,6.21748190427978e-20,1.77869986072944e-19
"MAFB",0.0452252046737572,7.10844267801934e-20,2.03179063565109e-19
"COMMD4",0.0452172374253768,7.21484872141598e-20,2.06129437874877e-19
"JOSD2",0.0452012327477011,7.43337812750385e-20,2.12279179521217e-19
"HNRNPH3",0.0451744439810308,7.81388525687571e-20,2.23047147940976e-19
"HDAC5",0.0451703246265263,7.87407967565921e-20,2.24666336801312e-19
"KIF22",0.045166236510655,7.93427066889636e-20,2.26284001367555e-19
"TMEM203",0.0451571151159997,8.07021277688145e-20,2.30059698447955e-19
"PAPSS1",0.0450831459294427,9.2610884762586e-20,2.63892107373671e-19
"FAM120A",0.0450806365550927,9.30439755914675e-20,2.65009545965315e-19
"TRAF7",0.0450109269556067,1.05908764252123e-19,3.01386083414612e-19
"PPP1R2",0.0450043126764815,1.07217098192322e-19,3.04975172977632e-19
"PCMTD1",0.0449769310910422,1.1280535846301e-19,3.20589065271962e-19
"ERLEC1",0.044975643826755,1.13075042177892e-19,3.21214490153433e-19
"MTHFD2L",0.0449711124326946,1.14029454644363e-19,3.23783635687546e-19
"LYPLA1",0.0449670115062575,1.14900061086238e-19,3.26112667896672e-19
"SNHG15",0.0449605747424179,1.16279818473279e-19,3.29884112531117e-19
"KHSRP",0.0449440022154128,1.19908036494118e-19,3.40028308481349e-19
"CETN2",0.0449119532021181,1.27244780561605e-19,3.6067544192462e-19
"SIGLEC14",0.0448679151697581,1.38054471031665e-19,3.91144264971117e-19
"COPA",0.0448322917277281,1.47458551192025e-19,4.17605713218359e-19
"PPIH",0.044815688318306,1.5205522310685e-19,4.30435292695123e-19
"AC245297.3",0.044813084134724,1.52788927077247e-19,4.323232141163e-19
"FLII",0.0448111363370617,1.5333998637038e-19,4.33692910337197e-19
"PTTG1IP",0.0447799918320703,1.62422701849457e-19,4.59181035708901e-19
"PSMD6",0.0447678695249551,1.66099924610607e-19,4.6937185156223e-19
"ST3GAL5",0.0447571330808243,1.6942537346823e-19,4.78560151759739e-19
"MRPS10",0.0447502763850973,1.71583464445511e-19,4.84444548111749e-19
"ATP6AP1",0.0447462229868195,1.72871991167932e-19,4.8786977803888e-19
"CYSTM1",0.0447390784679855,1.75166468326966e-19,4.94129723724957e-19
"NUDT3",0.0447380633427607,1.75494910103348e-19,4.94840613244372e-19
"AIDA",0.0447135301699918,1.83620271312965e-19,5.17526180444115e-19
"OXLD1",0.0447019929001072,1.87568837459464e-19,5.28425001615565e-19
"ANKRD11",0.0446595560732771,2.02827909250299e-19,5.71164804039337e-19
"UBA1",0.0446560833879293,2.04129559863514e-19,5.74580335024519e-19
"ELK3",0.0446146647108987,2.20305301186798e-19,6.198420338476e-19
"TMEM60",0.0445950940650152,2.28382840286229e-19,6.42289534323651e-19
"CCDC66",0.0445827915691489,2.33609613152209e-19,6.56703706273297e-19
"TTC37",0.0445791309956342,2.35187515937946e-19,6.60852421086051e-19
"RALY",0.0445766250455196,2.36273781597958e-19,6.63616686362334e-19
"LPXN",0.0445748333279113,2.37053483351983e-19,6.65517888647327e-19
"FAAP20",0.0445718995369121,2.3833567409349e-19,6.68827548366387e-19
"MORF4L2",0.0445697186326542,2.3929325936144e-19,6.71223813304144e-19
"ZFR",0.0445647142269105,2.41504972473337e-19,6.77134340317185e-19
"AK2",0.0445478937058858,2.49087924349971e-19,6.98093169801607e-19
"REST",0.0445400344510555,2.52711171205683e-19,7.07941203974725e-19
"FARSA",0.0444903072017276,2.76873982701105e-19,7.75295053636224e-19
"SEC63",0.0444767931085217,2.83826009872017e-19,7.93917635656127e-19
"ELK4",0.044476665656192,2.83892389024395e-19,7.93917635656127e-19
"EBAG9",0.0444590398378563,2.93221471284767e-19,8.19652765586174e-19
"DNAJA1",0.0444425071715078,3.02246960686895e-19,8.44153073117757e-19
"LETMD1",0.0444226256957258,3.13464713672704e-19,8.75105888881882e-19
"C8orf33",0.0444050573003697,3.23719054418025e-19,9.03343602716506e-19
"DSE",0.0443742479308229,3.42508176513507e-19,9.55363177401312e-19
"SUCLA2",0.0443641356366501,3.48906944166701e-19,9.72792229343335e-19
"BCL7C",0.0443617480675307,3.50434879433902e-19,9.76631687238519e-19
"ENTR1",0.0443520981975803,3.56677994538221e-19,9.93602984785044e-19
"SERTAD1",0.0443423662553336,3.63085474280987e-19,1.01095603641188e-18
"HNRNPA2B1",0.0443421643459808,3.63219607768616e-19,1.01095603641188e-18
"PDCD10",0.044315813054292,3.81152154202386e-19,1.0604121385072e-18
"ARHGAP1",0.0443153673288208,3.81462880700424e-19,1.06082074297876e-18
"PITPNA",0.0442764078108152,4.09611941530832e-19,1.13861215520421e-18
"CATSPER1",0.0442730818113718,4.12108016264354e-19,1.14505892587787e-18
"ZPR1",0.0442663478091503,4.17207806054309e-19,1.1587315900453e-18
"TSEN34",0.0442534548571359,4.27146450740614e-19,1.18582595287081e-18
"LEPROT",0.0442462256040186,4.32821146580637e-19,1.20106476766526e-18
"TUSC2",0.0442415537907818,4.36527895260324e-19,1.21083187399972e-18
"SERPINA1",0.0442340064827826,4.4258250219082e-19,1.22710026517489e-18
"CEBPZOS",0.0441879605295769,4.81360076845919e-19,1.3334724593498e-18
"ZNF562",0.0441739339133283,4.93826069226756e-19,1.36742086063901e-18
"SAR1B",0.0441314419207787,5.33569535753412e-19,1.47684017719863e-18
"PAFAH1B2",0.0441210947121221,5.43716221662115e-19,1.50428154659852e-18
"NOP56",0.0441160644015451,5.48717668887625e-19,1.51747039230179e-18
"TSTA3",0.0441128069537979,5.51980640262716e-19,1.52584229934279e-18
"PTDSS1",0.0441096870316754,5.55123819868653e-19,1.5333282008611e-18
"EXOSC7",0.0441096488569489,5.55162388448938e-19,1.5333282008611e-18
"SMAD2",0.0441075475497936,5.5728946286508e-19,1.53854668767101e-18
"REPIN1",0.0440981544050735,5.66896636465393e-19,1.56373618426798e-18
"UTP3",0.0440977608349421,5.6730272550634e-19,1.5641898828484e-18
"DCTD",0.0440925801417328,5.72675070666043e-19,1.5783305268165e-18
"SAMD4A",0.0440890674233129,5.76346294461155e-19,1.5877727278049e-18
"DUS1L",0.0440756868158096,5.9054484744971e-19,1.62619623240724e-18
"ABCF1",0.0440434750528649,6.26158313434512e-19,1.72353270458122e-18
"PRKCB",0.0440392974847926,6.30929765292258e-19,1.73592830450577e-18
"SRSF8",0.0440297908247968,6.41922159906497e-19,1.76542228684565e-18
"HMOX2",0.0440257915696076,6.46602765190435e-19,1.77753983093116e-18
"VPS26A",0.0440179161380725,6.55918699839175e-19,1.80238440694347e-18
"IRF2BP2",0.0439871010441747,6.93661708739889e-19,1.90528888518542e-18
"NEU1",0.0439816327148255,7.00580037591426e-19,1.92347547216577e-18
"FAM136A",0.0439810557879607,7.01313906782396e-19,1.92467411297551e-18
"ING4",0.0439787353050969,7.04273310926085e-19,1.93197687073537e-18
"FAM133B",0.0439758810696676,7.07930352288957e-19,1.94118640437048e-18
"NCEH1",0.0439633635319193,7.24191437666269e-19,1.98493453321398e-18
"VBP1",0.0439593657079557,7.29462183801053e-19,1.99853498854339e-18
"MED4",0.0439403066579883,7.55115212509876e-19,2.06706802781773e-18
"SNX4",0.0439332842942166,7.64790090172455e-19,2.09266738959276e-18
"CD300E",0.0439225531562095,7.79811618041718e-19,2.13286878546772e-18
"TTC39C",0.0439050170025424,8.04988436523028e-19,2.20080031167655e-18
"NTPCR",0.0438977702739797,8.15625550525403e-19,2.22894040274439e-18
"SH3BP2",0.0438898323400477,8.27436610303625e-19,2.2602635506775e-18
"TMEM218",0.0438875825312307,8.30814775402474e-19,2.26853431292941e-18
"CISD2",0.0438859334279507,8.33299608903883e-19,2.27435989377898e-18
"ATF6",0.0438814784037188,8.4004910205748e-19,2.29181537577755e-18
"HMG20B",0.043875425353016,8.49306246028615e-19,2.31609462375284e-18
"POP4",0.0438538570818902,8.83117906629726e-19,2.40728645369299e-18
"XPO1",0.0438465753265646,8.9483071775191e-19,2.43818773852099e-18
"ABHD14B",0.0438254557219696,9.29676716680405e-19,2.53206860066846e-18
"NR1H2",0.0438207576641997,9.37608583453138e-19,2.55259796857679e-18
"LIMD1",0.043816485243272,9.44879842704727e-19,2.57131235883581e-18
"MIS18BP1",0.0437980335903564,9.76927775625361e-19,2.6574077392431e-18
"FAM126A",0.0437869724440713,9.96651641139663e-19,2.70992134596312e-18
"SLC39A3",0.0437816553638291,1.00627233772611e-18,2.73493161815231e-18
"ECSIT",0.0437546392765536,1.05659013512716e-18,2.87048448796191e-18
"ZCCHC10",0.0437447197194553,1.07568246327623e-18,2.92112762888016e-18
"CCDC91",0.0437419473990044,1.08107904076498e-18,2.93455166034065e-18
"WASHC2A",0.0437413637712678,1.08221852834705e-18,2.93641355931216e-18
"NCKAP1L",0.0437183607629325,1.12808732899605e-18,3.05958834014261e-18
"BRD2",0.0437084079489057,1.14852377913366e-18,3.11371145147041e-18
"DPM1",0.0436833115462992,1.20169259769062e-18,3.25649136770578e-18
"SPATS2L",0.0436614326720702,1.25002316393723e-18,3.38604600976135e-18
"PWP1",0.043644237014242,1.28935131423542e-18,3.49111685836892e-18
"EIF2B1",0.0436371763896212,1.30585127959952e-18,3.53431487630741e-18
"FBXO7",0.0436138010256406,1.36197916035082e-18,3.68468578525333e-18
"SLC44A1",0.0435997532114638,1.39684932197852e-18,3.77586743652982e-18
"UTP23",0.0435858687856695,1.43217985132944e-18,3.86975474019482e-18
"EIF2B5",0.0435610024492025,1.49767418156665e-18,4.04503239527012e-18
"TNFRSF14",0.0435398312746232,1.55576061513272e-18,4.20016439631744e-18
"STAMBP",0.0435365118676104,1.56506747030136e-18,4.22352930501501e-18
"PRKAR2A",0.0435343450731485,1.57117229948499e-18,4.23823727786075e-18
"MTR",0.0435303447917575,1.58250472438834e-18,4.26702856546861e-18
"INTS11",0.0435096089307565,1.6425536947592e-18,4.42594847704971e-18
"HSF1",0.0435095219209428,1.64281034759816e-18,4.42594847704971e-18
"PNPO",0.0435052038378758,1.65559726750664e-18,4.45854272455822e-18
"IMPDH1",0.0435006414805531,1.66921432595828e-18,4.49334450987688e-18
"TPM3",0.043493676828847,1.69021495429673e-18,4.54798487702287e-18
"TADA3",0.0434796297966221,1.73336812876722e-18,4.66216255323596e-18
"MGAT4B",0.0434627268233765,1.78673904157226e-18,4.80371617738322e-18
"TNNT1",0.0434567352958302,1.80604410785449e-18,4.85360296980072e-18
"HSPA9",0.0434314886424285,1.88967813772916e-18,5.07625571106165e-18
"PCID2",0.0434305757322091,1.8927728997467e-18,5.08246028741607e-18
"CDC5L",0.0434162939226906,1.94184483360924e-18,5.21206610812032e-18
"PRPF38B",0.0434153668748543,1.94507321261872e-18,5.2185677490649e-18
"GTF2B",0.0434102430427405,1.96301242462368e-18,5.26451633679111e-18
"ARL8A",0.0434098812072149,1.96428541642743e-18,5.26574897968992e-18
"DUSP6",0.0433956852382318,2.01487750681271e-18,5.39913782247744e-18
"TSPYL1",0.0433900158506316,2.03543988799272e-18,5.45198089981997e-18
"OSBPL1A",0.0433891431136927,2.03862357914959e-18,5.45825022804567e-18
"ORMDL1",0.0433722217940787,2.10133251159363e-18,5.62382252172682e-18
"CNPPD1",0.0433665600191653,2.1227368535547e-18,5.67875966525336e-18
"LPP",0.0433432537723649,2.21313632364635e-18,5.91815140821417e-18
"CYFIP1",0.0433364879084356,2.24008420127557e-18,5.98773952066806e-18
"C1orf131",0.0433200442001452,2.30693612249333e-18,6.16388958193225e-18
"UBE2D1",0.0433130435960096,2.33599141327854e-18,6.23894736368204e-18
"DUSP22",0.0432950214449655,2.4124633362282e-18,6.44053098504797e-18
"SF3B3",0.0432849055340019,2.45646499181279e-18,6.55529858078977e-18
"NMI",0.0432821562518605,2.46855999951763e-18,6.58486091342279e-18
"FUBP1",0.043253105623636,2.60001187509708e-18,6.93265110353315e-18
"CLN6",0.0432429240277475,2.64769932079281e-18,7.05689806620529e-18
"ESYT1",0.0432419248898615,2.65242524397339e-18,7.06658478579578e-18
"BRI3BP",0.0432308493187279,2.70537382383045e-18,7.20468537041478e-18
"PHACTR4",0.0432182487329349,2.76688278203487e-18,7.36546016895301e-18
"PSMB8-AS1",0.0432124265978009,2.79576755745321e-18,7.43929271144762e-18
"DNAJB12",0.0431862876176932,2.92916012610554e-18,7.79103642416075e-18
"YPEL2",0.0431824514982482,2.94925822566473e-18,7.84127217780429e-18
"ANKRD40",0.0431395182949673,3.1836946258105e-18,8.46109975677225e-18
"EIF4EBP3",0.0431363106836767,3.20193066295175e-18,8.50607267622062e-18
"OPN3",0.0431359444242533,3.20401948393017e-18,8.50813049178175e-18
"UQCRC1",0.0431349677049727,3.20959640957535e-18,8.51944532824553e-18
"UQCC3",0.0431269859424263,3.25553172895772e-18,8.63783295625913e-18
"CYB561A3",0.043115859001009,3.32065249497251e-18,8.80700706778042e-18
"CWC27",0.0430886087557899,3.48561649231354e-18,9.24073758035947e-18
"RP2",0.0430831985877227,3.51931767036109e-18,9.32626385506251e-18
"TRG-AS1",0.043082797098675,3.5218314208721e-18,9.32910663613991e-18
"UBXN6",0.043061088011472,3.66042542203436e-18,9.69226755920263e-18
"CYSLTR1",0.0430593334941622,3.67185885501898e-18,9.71856673237649e-18
"SREBF2",0.0430590657755395,3.67360655934463e-18,9.71921898863798e-18
"PSMD2",0.0430560579843328,3.69329836843678e-18,9.76732583221395e-18
"HDAC1",0.0430456591902695,3.76218487068169e-18,9.94544093621612e-18
"C16orf54",0.0430434140363889,3.77722349442156e-18,9.98112036852456e-18
"PPP2R5E",0.0430287302467171,3.87705310414133e-18,1.02407351269731e-17
"DTNBP1",0.043023630960192,3.91232699158305e-18,1.03296920650525e-17
"HAUS2",0.0430058038881134,4.03815223642463e-18,1.06575611816604e-17
"PIK3IP1",0.0430003679156865,4.07730864283799e-18,1.07565184000543e-17
"ITPK1",0.0429930616246092,4.13052833904616e-18,1.0892480841949e-17
"EMC10",0.0429844059697099,4.19446488388564e-18,1.10565821084184e-17
"ZFAND6",0.0429485903176184,4.46957153133316e-18,1.17769662571636e-17
"NNT",0.0429468675779113,4.48324400914978e-18,1.18081862144978e-17
"BCAS2",0.0429456623686474,4.49283365732603e-18,1.18286315972057e-17
"RAB3D",0.0428952756211445,4.91239530024127e-18,1.29279866560008e-17
"CTNNBL1",0.0428796923632867,5.04981791394516e-18,1.32842426553763e-17
"IDH1",0.0428684652251845,5.15117073548618e-18,1.35453612272695e-17
"TPR",0.0428562412240499,5.26380676864997e-18,1.3835925708583e-17
"SURF2",0.0428486919030422,5.33457945887167e-18,1.40162611269218e-17
"HDAC2",0.0428382211107696,5.43429726113112e-18,1.42724707783216e-17
"PPID",0.0428263252808064,5.54982017159096e-18,1.45699658519383e-17
"ESYT2",0.0428159644654025,5.65240899385476e-18,1.48332775947368e-17
"CRLS1",0.0427721287013668,6.1075676806289e-18,1.60212289969171e-17
"MLF2",0.0427556038582174,6.28838137957858e-18,1.64888542127953e-17
"REL",0.0427506952974694,6.34310115239607e-18,1.66188736789203e-17
"HIST1H4C",0.0427310813309885,6.56648461157242e-18,1.71971769317637e-17
"MAPKAPK5-AS1",0.0427082518204984,6.83628215319349e-18,1.78965186654972e-17
"HSD17B4",0.0426887465239891,7.07544058460464e-18,1.85151181668272e-17
"STAC3",0.0426882760326526,7.08131021572245e-18,1.85229908430655e-17
"FYTTD1",0.0426491420050854,7.58673109830892e-18,1.98370343822504e-17
"INTS10",0.0426398745505339,7.71154146521487e-18,2.01552359490517e-17
"GLG1",0.0426149436304304,8.05744863466095e-18,2.10423245102037e-17
"C5orf15",0.0426101937988822,8.12506640043779e-18,2.12103547888848e-17
"TRNAU1AP",0.0425808876494042,8.55482560380471e-18,2.23232329540636e-17
"FGL2",0.0425671723054714,8.76358616544175e-18,2.28587658481345e-17
"PSIP1",0.0425615659334511,8.85036092237728e-18,2.30758101536329e-17
"VPS26C",0.042537128241825,9.23861481591953e-18,2.40784188076743e-17
"ZMIZ1",0.0425351327266886,9.27105098496949e-18,2.41532330288501e-17
"ZNF106",0.0425325280880109,9.31355731062e-18,2.42542115965221e-17
"SGPL1",0.0424967064744593,9.91803288971149e-18,2.5817991527138e-17
"PIEZO1",0.0424906068097769,1.00247513689821e-17,2.6085305612054e-17
"MEF2A",0.042483719627402,1.01466106555625e-17,2.63917868156334e-17
"DPM2",0.0424723923628843,1.03502180169458e-17,2.6910566844059e-17
"GBGT1",0.0424555563769154,1.06603162768699e-17,2.77056955345066e-17
"ACSL5",0.0423803245109813,1.21618142187133e-17,3.15826655643602e-17
"PAIP1",0.0423784761423388,1.2201217100352e-17,3.16722852877621e-17
"TMA16",0.0423736788184386,1.23040735417867e-17,3.19264818074256e-17
"STX11",0.0423581638699644,1.26426134720323e-17,3.27917786930837e-17
"RTN1",0.0423088646428446,1.37805131895611e-17,3.57288916256383e-17
"PRPSAP1",0.0423062511107867,1.38435803110067e-17,3.58780380037859e-17
"YIPF4",0.0422984584699298,1.40333199645302e-17,3.6355227471136e-17
"HRAS",0.0422805943768373,1.4478023207198e-17,3.74922888973599e-17
"HTATSF1",0.0422720264302536,1.46962169760054e-17,3.80421066384082e-17
"PHYKPL",0.0422633982348496,1.4919223580664e-17,3.85885151662878e-17
"JDP2",0.0422499745918451,1.52728300221951e-17,3.94873408800682e-17
"HPCAL1",0.0422363116266322,1.56412314716914e-17,4.04236856477965e-17
"N4BP2L1",0.0422147203157885,1.6241360971512e-17,4.19579293414082e-17
"RFX5",0.042161483017381,1.78198902421638e-17,4.60175386628514e-17
"PRKAG1",0.042141441779599,1.84525579971376e-17,4.7632320762946e-17
"WDR11",0.0421378707454428,1.85675930495556e-17,4.790295668834e-17
"STX7",0.0421377281940872,1.85721997664092e-17,4.790295668834e-17
"UNC50",0.0421244389169798,1.90066484578278e-17,4.90039992496923e-17
"NELFE",0.0421048398403045,1.96657339691201e-17,5.06831057786956e-17
"LINC00963",0.042101666260106,1.97745570368019e-17,5.09432878059114e-17
"LYZ",0.0420706050819727,2.08715173082845e-17,5.37478930206181e-17
"SRGAP2",0.0420253522284287,2.25779197436558e-17,5.81190665687585e-17
"CSNK1A1",0.0420235889782212,2.26471235474332e-17,5.82740372997147e-17
"MOB4",0.0420201169933947,2.27840038468198e-17,5.86029562591622e-17
"ZDHHC24",0.0420165616183156,2.29250175770969e-17,5.89422413797163e-17
"QSER1",0.0420102114915188,2.3179022644404e-17,5.95716524810922e-17
"AC100810.1",0.0420060607545453,2.33465506465116e-17,5.99784003513953e-17
"WBP2",0.0419987958514124,2.36426495439567e-17,6.07149992652026e-17
"RAB30-DT",0.0419972361321498,2.37067011851518e-17,6.08553463412659e-17
"TRAPPC12",0.0419748620012335,2.46445845167088e-17,6.32378280464419e-17
"PBX2",0.0419570397485468,2.54177727030525e-17,6.51959827573542e-17
"FNIP2",0.0419465197774062,2.58853450040498e-17,6.63689994282052e-17
"GOPC",0.0419398338701278,2.61869074803306e-17,6.71156132334364e-17
"IFI27",0.0419383368863408,2.62549011609015e-17,6.72632489575291e-17
"HPF1",0.0419351701966852,2.63993080607299e-17,6.75938696747847e-17
"CAT",0.0419350493547784,2.64048341686022e-17,6.75938696747847e-17
"ACLY",0.041932901569982,2.65032431097196e-17,6.78189707084288e-17
"STARD3NL",0.0419193913644773,2.71306138223912e-17,6.93969157985622e-17
"GLA",0.0419052273719856,2.78040765604429e-17,7.10914658974358e-17
"RBM15B",0.0418947808097141,2.83113264775718e-17,7.23598608826687e-17
"RBMX2",0.0418897921222066,2.85567704920056e-17,7.29583789128824e-17
"LRRC58",0.0418746101922915,2.93167109824386e-17,7.487036958592e-17
"SRSF10",0.0418407067038791,3.10865326181509e-17,7.93589164707843e-17
"ZSCAN16-AS1",0.0418314383945842,3.15884307551986e-17,8.06083960225288e-17
"CD163",0.0418101984057776,3.27689675753856e-17,8.35879811201917e-17
"ARHGAP21",0.0417791841444291,3.45713338170584e-17,8.81507739785885e-17
"SPATA6",0.0417697870874462,3.51364906039727e-17,8.95213066391653e-17
"IFT20",0.0417539731017822,3.61082170486896e-17,9.19608958195188e-17
"PCMT1",0.0417377487142768,3.71327077090257e-17,9.45328941046923e-17
"TSSC4",0.0417333853937481,3.74130881914096e-17,9.52092503738938e-17
"AATF",0.0417113413247661,3.88618489465944e-17,9.88572141769163e-17
"OGDH",0.0417059848910751,3.92221542480219e-17,9.97345744704216e-17
"RAB6A",0.0417055791645846,3.9249579663478e-17,9.97651271069322e-17
"C8orf76",0.0416841765252184,4.07234434110647e-17,1.03470789891379e-16
"SZRD1",0.0416683916755939,4.18452959672616e-17,1.06279500232268e-16
"MMADHC",0.0416632760954465,4.22153668343829e-17,1.0717736662188e-16
"GPR108",0.0416344446696811,4.43622571832276e-17,1.12583791847987e-16
"PRKACA",0.0416198286771801,4.54913949840609e-17,1.15404110943107e-16
"AAMP",0.0416157147943532,4.58142876785283e-17,1.16177711880451e-16
"YDJC",0.0415903230463479,4.78578793992893e-17,1.21312416300313e-16
"GOLPH3",0.041587300700012,4.81070350343454e-17,1.2186865261808e-16
"ZNF688",0.041587204774098,4.81149638696033e-17,1.2186865261808e-16
"CBX5",0.0415618305392642,5.02581999195971e-17,1.2724739393018e-16
"OIP5-AS1",0.0415408930846918,5.20973678960736e-17,1.3174935928093e-16
"ARPP19",0.0415254968074439,5.34919943707906e-17,1.35223417241897e-16
"PES1",0.0414985330894761,5.60236787501789e-17,1.41568031314855e-16
"CKAP2",0.0414760893462796,5.82208067629176e-17,1.47062623091349e-16
"POLR2C",0.0414689405497548,5.89383212964104e-17,1.48765426322229e-16
"STK32C",0.0414689151166681,5.89408894835521e-17,1.48765426322229e-16
"SNX1",0.0414482642694573,6.10630225684299e-17,1.54061577594706e-16
"APH1B",0.0414407267917086,6.1856218130518e-17,1.56002008639257e-16
"SIRT2",0.041414544210256,6.46912707734465e-17,1.63088507393806e-16
"LTV1",0.0414038306248342,6.58879441188895e-17,1.66040696857022e-16
"MAPRE2",0.0413879000838651,6.77078072106789e-17,1.70560445090247e-16
"RWDD3",0.0413691149683792,6.99175386777243e-17,1.76058399610886e-16
"IFNAR2",0.0413506289716192,7.21614731291644e-17,1.81638171476754e-16
"MBP",0.0413434914579629,7.30467412852624e-17,1.83795026459693e-16
"BBIP1",0.0413160792216139,7.65473574793279e-17,1.92528202144976e-16
"NUP42",0.0412746779124784,8.21502938841482e-17,2.06540195186787e-16
"RGS14",0.0412739345071123,8.22545101126592e-17,2.06721932635619e-16
"WDR46",0.0412705584368524,8.27294361900195e-17,2.07834835038489e-16
"GUSB",0.0412662097519886,8.33451707723841e-17,2.09300479278671e-16
"PIGT",0.0412609851833536,8.40909010419191e-17,2.11091311882662e-16
"COQ2",0.0412138715453781,9.11198503914858e-17,2.28647252493984e-16
"PUM3",0.0412125221265202,9.13294815275713e-17,2.29084487954086e-16
"CPSF6",0.0411874252328752,9.53160794676403e-17,2.3899159507107e-16
"ARHGEF6",0.0411742143065266,9.74830537143509e-17,2.44330348333995e-16
"EIF4G1",0.0411529363926355,1.01075803847672e-16,2.53237133943431e-16
"CISD1",0.0411438333438194,1.02652431123403e-16,2.57087752066891e-16
"PHF19",0.0411406802668823,1.03204171534157e-16,2.58369608086671e-16
"TUBB4B",0.0411001936337019,1.10553956215449e-16,2.7655576218656e-16
"SMIM15",0.0410994597485354,1.10691836469168e-16,2.7679372317551e-16
"ERGIC1",0.041082909576654,1.13846656413439e-16,2.84572684795599e-16
"ROMO1",0.0410759666956014,1.15196366214624e-16,2.87835304852751e-16
"CD1D",0.0410646272857002,1.17434773911577e-16,2.93315095024517e-16
"TXNRD1",0.0410525575228491,1.19864478005938e-16,2.9926827250692e-16
"ERAP1",0.0410435610151211,1.21707697814754e-16,3.03753136334895e-16
"APOBEC3A",0.0410340257650723,1.23691805721978e-16,3.08586030922575e-16
"RPS6KA5",0.0410276851117359,1.25028796985177e-16,3.11801398953019e-16
"ZFPM1",0.0410159711406064,1.27536390121306e-16,3.17932456544219e-16
"MBNL2",0.0410031519927134,1.30337410229914e-16,3.24789989926275e-16
"MAT2A",0.0410013299332029,1.30740427327772e-16,3.25668921323585e-16
"PPP2R3C",0.0409998336979736,1.3107229464783e-16,3.26370013673098e-16
"JPX",0.0409769510097898,1.36252414842693e-16,3.39007737775402e-16
"PHAX",0.0409717923993014,1.37447800808193e-16,3.41850581034285e-16
"ATP1A1",0.0409338569417609,1.46561806431553e-16,3.64378315989967e-16
"VAMP2",0.0409301444706376,1.47485106310998e-16,3.66533043476929e-16
"ADGRE5",0.040917292329675,1.50725970853438e-16,3.74443566886093e-16
"FAM210B",0.0409150452412937,1.51299775586105e-16,3.75724874240292e-16
"YTHDF2",0.0408933954548511,1.56939658435239e-16,3.89581038615697e-16
"AGAP3",0.0408896393384638,1.57939027596314e-16,3.91911561770232e-16
"SNRPA",0.0408889116677084,1.5813335913166e-16,3.92243435639222e-16
"CBWD1",0.0408736443350675,1.62265441076219e-16,4.02338745893313e-16
"CHMP1B",0.0408309239618992,1.74401728515776e-16,4.3226523369492e-16
"COX19",0.0408230867179826,1.76723368419835e-16,4.37851927726754e-16
"CCDC43",0.0407932589885455,1.85841261122622e-16,4.60266382749754e-16
"CCZ1",0.0407748980297277,1.91682912103257e-16,4.74552647402097e-16
"NEXN",0.0407675498428555,1.94071172860811e-16,4.80281641093614e-16
"TRA2B",0.0407547481945479,1.98302146973901e-16,4.90564806843346e-16
"SH3KBP1",0.0407411376330102,2.02900211226417e-16,5.017478867379e-16
"ZNF124",0.040690568357896,2.20923354619406e-16,5.46108361132505e-16
"ELMSAN1",0.0406802952457765,2.24773121524184e-16,5.55412667460904e-16
"GNA15",0.0406702049131399,2.28618744955867e-16,5.64699639391179e-16
"PRPF19",0.0406091887124591,2.53293965913138e-16,6.25410043982324e-16
"STX12",0.0405922695137959,2.60589145778269e-16,6.43177327399357e-16
"THEMIS2",0.0405908900036247,2.61193010284313e-16,6.44422084062744e-16
"PAK1IP1",0.0405656322332586,2.72496306622743e-16,6.72053748219292e-16
"DNAJB11",0.0405633091425004,2.73559826146958e-16,6.74419769411807e-16
"RDH11",0.0405511746699033,2.79181882793643e-16,6.88018084966137e-16
"AGPAT3",0.0405496751821286,2.79884472691798e-16,6.89487091402853e-16
"DKC1",0.0405359444907813,2.86399614664691e-16,7.05268583240476e-16
"UPF3A",0.0405331867014127,2.87726084700767e-16,7.08265654886983e-16
"CIZ1",0.0405170085926867,2.9563043920035e-16,7.27446394292309e-16
"PRPF31",0.0405137879170531,2.97229362839847e-16,7.31102923641782e-16
"PPP1R9B",0.0404973129554586,3.05542727283009e-16,7.51266090554578e-16
"APOL3",0.0404943535944756,3.07060131400626e-16,7.54676011536846e-16
"LSM6",0.0404941540863517,3.07162695458695e-16,7.54676011536846e-16
"MRPS18A",0.0404831091613631,3.1289370920601e-16,7.68465050606869e-16
"TRPV2",0.0404543045547982,3.28340416075368e-16,8.06096266087194e-16
"GNB4",0.0404234556491194,3.45717208822458e-16,8.48435636814478e-16
"CIAO1",0.0404156944597774,3.5022979165074e-16,8.59184414985559e-16
"PPP1CB",0.0403682629267381,3.79096665762927e-16,9.29510492250038e-16
"PTGER2",0.0403681249004358,3.79183999078213e-16,9.29510492250038e-16
"TM9SF2",0.0403658007840029,3.80657517446036e-16,9.32769404975639e-16
"TBC1D5",0.0403630014717155,3.82439809268045e-16,9.36782188876777e-16
"CCDC112",0.0403574054164623,3.86027446177136e-16,9.4521243818108e-16
"RSRC1",0.0403382166444486,3.98583074831413e-16,9.75586701874695e-16
"IMPACT",0.0403076616550185,4.19411270789379e-16,1.02617859678399e-15
"MTAP",0.0402710428656065,4.45789553768941e-16,1.09030660034005e-15
"TBC1D1",0.040236967768226,4.71800614554279e-16,1.15305291756301e-15
"VRK2",0.0402152936276511,4.89117773237581e-16,1.19492394865664e-15
"RTL8C",0.0402096457625104,4.93732221925175e-16,1.20574213683274e-15
"SGK3",0.0402062874510477,4.96496357487895e-16,1.21203522563221e-15
"RNF135",0.0401920672581155,5.08370583423638e-16,1.24055452585173e-15
"ABCF2",0.0401864117589118,5.1317046327477e-16,1.25179562141705e-15
"DDX28",0.0401775525062862,5.20779313289621e-16,1.26987769274464e-15
"ADAP2",0.0401623626290711,5.34084818617276e-16,1.30183174537961e-15
"MYCBP",0.0401333316438192,5.60452928895684e-16,1.36558986137398e-15
"BBX",0.0401253242259659,5.67948850962871e-16,1.38333365731137e-15
"BMS1",0.0401058251273095,5.86618057908767e-16,1.42826826133936e-15
"ABHD16A",0.0401005091489884,5.91811834522961e-16,1.44037211154197e-15
"TFG",0.0400476573438553,6.4597711511153e-16,1.57161061376627e-15
"CPNE3",0.0400266334230569,6.68856392103125e-16,1.62666276576846e-15
"TMEM199",0.0400263902809791,6.69125607325814e-16,1.62670641450519e-15
"GPS2",0.0400172884416291,6.79280644621397e-16,1.65077435933894e-15
"SUMF2",0.0400019029633868,6.96792794538815e-16,1.69269664234307e-15
"POLDIP2",0.0399953628455854,7.04370967993032e-16,1.71046423360348e-15
"INIP",0.0399619286877879,7.44398791259929e-16,1.8069882919448e-15
"TARDBP",0.0399474616406077,7.62405955432978e-16,1.85000605527478e-15
"TCF12",0.0399460536055075,7.64181288933685e-16,1.85361920740228e-15
"DFFA",0.0399330764715284,7.80736563151426e-16,1.89306685761885e-15
"SCLT1",0.0399271417823091,7.88424870614777e-16,1.91099311582181e-15
"STIP1",0.039919882303822,7.97930907664675e-16,1.93331014080131e-15
"ACYP2",0.0399091845634602,8.1214537920212e-16,1.96634589967157e-15
"TSR2",0.0399091638486865,8.1217314422641e-16,1.96634589967157e-15
"BLCAP",0.0398765421017614,8.57078462780954e-16,2.07429008151174e-15
"POGLUT1",0.0398677153088654,8.69643720447985e-16,2.10391384386407e-15
"CCNG1",0.0398495064435236,8.96140809017501e-16,2.1672079184084e-15
"CASC4",0.0398002731976325,9.71831607241507e-16,2.34937932236054e-15
"SEC61A1",0.0397779052146982,1.00826807890512e-15,2.43655376738774e-15
"TRIM44",0.0397723192560001,1.01757537115422e-15,2.45812796748223e-15
"GOSR2",0.0397584127909498,1.04111545824789e-15,2.51405500809281e-15
"DPF2",0.039755803780096,1.04559122938034e-15,2.52392155816865e-15
"ATF6B",0.0397545082513267,1.04782075295671e-15,2.52836062416763e-15
"B4GALT1",0.0397351334883394,1.08172761997269e-15,2.60920440078359e-15
"JUNB",0.0397077266733074,1.13154390031569e-15,2.72834830936454e-15
"VPS51",0.0397070828019245,1.13274100499884e-15,2.73021789514612e-15
"SRGAP2B",0.0397066900598791,1.13347181507726e-15,2.73096260915899e-15
"CXorf38",0.0396770432821853,1.19000007291272e-15,2.86609392560898e-15
"ABRAXAS1",0.0396496034903885,1.2447900445866e-15,2.99693966108355e-15
"SS18",0.0396453826558038,1.2534355708923e-15,3.01663267135939e-15
"C3AR1",0.0396409497284656,1.26257920627609e-15,3.03750939480915e-15
"ZNF652",0.0396400118302705,1.26452217869151e-15,3.04105370908204e-15
"BLOC1S4",0.0396388163360927,1.26700306327069e-15,3.04516744770965e-15
"ODC1",0.0396387343003557,1.26717347916741e-15,3.04516744770965e-15
"BAD",0.0396353900834433,1.27413979929602e-15,3.06077219318828e-15
"STX17",0.0396125734908192,1.32268600090144e-15,3.17621260008751e-15
"TENT5A",0.0396113587497394,1.32532103758215e-15,3.18018102198178e-15
"TWISTNB",0.0396032035121069,1.34314588853615e-15,3.22175860777438e-15
"MTX1",0.0395588195948344,1.4443751423187e-15,3.4632906190264e-15
"DNAJB6",0.0395549824078978,1.4534718139391e-15,3.48381211530607e-15
"AC093673.1",0.0395477108724664,1.47086521748341e-15,3.52419741598356e-15
"MOB2",0.0395386253250453,1.49288603985046e-15,3.57563604217236e-15
"GCHFR",0.0395193856239431,1.54059511223778e-15,3.68854022064623e-15
"MLXIP",0.0394504180616617,1.72428187204235e-15,4.12680252850356e-15
"SLU7",0.0394423248492184,1.74720332124264e-15,4.18011614993527e-15
"ZFP91",0.0394154850652708,1.82538729765256e-15,4.36555499261273e-15
"NEMF",0.0394124438850789,1.8344606728647e-15,4.3856345628235e-15
"C8orf82",0.039411237712485,1.83807158326163e-15,4.3926450461557e-15
"UGP2",0.0394094626078782,1.84339843608985e-15,4.40374962186188e-15
"NCSTN",0.0394035139529035,1.86136064281741e-15,4.44501984566577e-15
"GCLC",0.0393898292155402,1.90333922947915e-15,4.54359077125665e-15
"PSMD1",0.0393858543769475,1.91570601947734e-15,4.57142674902186e-15
"GSDMD",0.0393754240223777,1.94853517561453e-15,4.6480533260606e-15
"NKIRAS2",0.039371525642323,1.96094689300126e-15,4.67593745314556e-15
"TMEM192",0.0393610313033498,1.99474713845776e-15,4.75478386390853e-15
"ACTR10",0.0393524400518488,2.02284448269235e-15,4.81998350421431e-15
"TMEM165",0.0393399693020567,2.06432433536123e-15,4.91701094449175e-15
"NDUFS1",0.0393384917156996,2.06929420595204e-15,4.92703592840512e-15
"AFG3L2",0.0393242844905732,2.11768564257958e-15,5.0404032536986e-15
"SHLD2",0.0393184754495045,2.13779136034224e-15,5.0863878231737e-15
"BCL10",0.0393034443134114,2.19069237872503e-15,5.21033889047238e-15
"DERL1",0.0393001177614836,2.20257302361931e-15,5.23667196287602e-15
"RTCA",0.0392936561332949,2.22583207439371e-15,5.29002821205025e-15
"METTL21A",0.0392877631330843,2.24725509494417e-15,5.33898329712607e-15
"PIAS1",0.0392493503081492,2.39195943769111e-15,5.68068429919745e-15
"DELE1",0.039221803312446,2.50134259727249e-15,5.93828088549399e-15
"NAA15",0.0392125192442373,2.53930595468082e-15,6.0261974892242e-15
"SHARPIN",0.0391844153327739,2.65771715261456e-15,6.30489587615488e-15
"GNB2",0.0391650747187542,2.74234713547283e-15,6.50328034983557e-15
"CHID1",0.0391646192989665,2.74437159165562e-15,6.50569816344874e-15
"KCNQ1",0.0391582137289451,2.77300236546857e-15,6.57116299928387e-15
"CHCHD3",0.0391560106262377,2.78291731617797e-15,6.59224540978272e-15
"ETV6",0.0391493878879699,2.81293327455599e-15,6.6609107605982e-15
"PNISR",0.0391345717440795,2.8812429448474e-15,6.8201706855364e-15
"WDR13",0.039108232210206,3.0067370410553e-15,7.11462558618129e-15
"UBC",0.0390873106945473,3.11023880115065e-15,7.35684545073048e-15
"ECHDC1",0.0390829778716626,3.13210835024796e-15,7.40586905022107e-15
"EIF4EBP2",0.0390372879690025,3.37214216464317e-15,7.97051784370203e-15
"ADAMTS2",0.0390345214638686,3.38724393947618e-15,8.00329097232437e-15
"HOTAIRM1",0.0390288826294531,3.41823163613692e-15,8.0735613324883e-15
"GART",0.0390161088091032,3.48946499920055e-15,8.23880248170107e-15
"DBNL",0.0390013337293885,3.57368264899182e-15,8.4314947046549e-15
"ASRGL1",0.0389983172988397,3.59112061967518e-15,8.468982411373e-15
"SF3B4",0.0389874780534828,3.65447640521008e-15,8.61269757820533e-15
"SLC30A7",0.0389837606240605,3.676457330138e-15,8.66134816423342e-15
"SARS",0.0389767209298881,3.71843982065059e-15,8.75706780607199e-15
"NARS",0.0389740487864148,3.73449891094208e-15,8.79168943615965e-15
"TLR7",0.0389600820615233,3.81955400442912e-15,8.98865598861291e-15
"NOP14",0.038941385142334,3.93640697004953e-15,9.26028296660635e-15
"NCF2",0.0389364406371173,3.967893344392e-15,9.33096313534101e-15
"CAB39",0.0388961526883733,4.23385718984804e-15,9.95279282755127e-15
"GTF2F2",0.0388901454028501,4.27498990733548e-15,1.00458383521197e-14
"DDX50",0.0388884605397053,4.28659687127232e-15,1.00658063636623e-14
"COPS3",0.0388877138681557,4.29175058133956e-15,1.00742542652619e-14
"CHD6",0.038887487975233,4.29331095117915e-15,1.0074264261665e-14
"SNHG3",0.0388762107280371,4.3719232524731e-15,1.02550112813445e-14
"EFTUD2",0.0388660261959948,4.44413506011286e-15,1.04206194781495e-14
"TCF4",0.0388550751161108,4.52309220135324e-15,1.06019185052719e-14
"LARP4",0.0388451533972351,4.59581904399682e-15,1.07684880531435e-14
"RFXANK",0.0388337866943827,4.68055326960275e-15,1.09630614570941e-14
"PHACTR2",0.0388227781500679,4.76408286087204e-15,1.11525731013821e-14
"GNA12",0.0388226702970559,4.76490843349131e-15,1.11525731013821e-14
"SH3GLB1",0.0388174690754157,4.80488935325417e-15,1.12420866183475e-14
"SEMA4A",0.0387825377581717,5.08208952331006e-15,1.18863611177418e-14
"ZBTB24",0.0387640495557571,5.23511463593997e-15,1.22398454868456e-14
"FOXK1",0.0387620300113833,5.2521025242275e-15,1.22751305927252e-14
"RNF115",0.0387578850713534,5.28713884766806e-15,1.23525575242883e-14
"LRMDA",0.0387560963039993,5.30232990224874e-15,1.23835800097974e-14
"RAB9A",0.0387518017388343,5.33897699132894e-15,1.24646725718945e-14
"MZT1",0.0387446321517952,5.40071401588467e-15,1.26042619101793e-14
"SMC5",0.0387389851011714,5.44983477868698e-15,1.27143172458449e-14
"MED11",0.0387276607947211,5.54966795568551e-15,1.29425613635115e-14
"TST",0.0387072521707563,5.73415262446422e-15,1.33679885094639e-14
"SYS1",0.038674922150293,6.03882755602865e-15,1.40732071986067e-14
"CLPTM1L",0.0386683851899685,6.10234038614616e-15,1.42161035120224e-14
"SLC39A10",0.038666754517723,6.11828611629358e-15,1.42481238549945e-14
"TDG",0.0386644566509399,6.14082572722617e-15,1.42954713261641e-14
"GMPS",0.0386614059010948,6.17087664082993e-15,1.43602643323986e-14
"TM2D1",0.0386601518440428,6.18327146228009e-15,1.43839379974133e-14
"PIGF",0.0386533948298453,6.25047920625497e-15,1.45350583266145e-14
"H1FX",0.0386493824851333,6.29072715822844e-15,1.46233995053396e-14
"VARS",0.038627307009833,6.51677192950151e-15,1.51434247923879e-14
"MRPL28",0.0386237503549742,6.55393097550879e-15,1.52243089829365e-14
"CTR9",0.0386051389303939,6.75180572260569e-15,1.56783322267393e-14
"RBM27",0.0385785137260689,7.04514279140485e-15,1.6353622958607e-14
"ARPC5L",0.0385742447665076,7.09332759829651e-15,1.64595709216386e-14
"VPS4B",0.0385603072519026,7.25291301565378e-15,1.68238476758662e-14
"SNX15",0.0385559163081067,7.30391772182253e-15,1.69360900182948e-14
"UBE2E2",0.0385498544590516,7.3749119819814e-15,1.70945865275143e-14
"SLC31A1",0.0385364784742869,7.5339782937616e-15,1.74570420450296e-14
"GBP4",0.0385281708388751,7.6344669300099e-15,1.76835559588136e-14
"DNM1L",0.0385047986029797,7.92430574235106e-15,1.8341778825878e-14
"TEN1",0.0384663067946891,8.42541754154151e-15,1.94946937683845e-14
"GCH1",0.0384543795259135,8.58693055007034e-15,1.98613034587908e-14
"ATP6V1E1",0.038451159569958,8.63105338591615e-15,1.99562284358647e-14
"POLR2M",0.0384406378420347,8.77679335237642e-15,2.02859550743609e-14
"BRD4",0.0384198199396313,9.07232128239992e-15,2.09615303291424e-14
"ZNF580",0.0384179258180267,9.09969100217514e-15,2.1017267052473e-14
"RABIF",0.038384321456548,9.59899871954277e-15,2.21625954744365e-14
"GAA",0.0383527460297662,1.00926806740061e-14,2.32941228818236e-14
"FGFR1OP2",0.0383169564822027,1.0682501161185e-14,2.46466544966186e-14
"GUCD1",0.038304463639177,1.08962695090619e-14,2.51309044537467e-14
"API5",0.0382919307592668,1.11149512157743e-14,2.56261375252575e-14
"EIF4E",0.0382888641677819,1.11691132842271e-14,2.57418438597673e-14
"RETREG2",0.0382867152544677,1.12072220123988e-14,2.58204823161102e-14
"BTBD1",0.038282144913343,1.12886981546959e-14,2.59989440958738e-14
"SCAMP1",0.0382778069514412,1.13665706534952e-14,2.61689823651237e-14
"SELENON",0.038272183450798,1.14683075583194e-14,2.63938226564379e-14
"GANAB",0.0382682644362602,1.15397372079049e-14,2.65487770731971e-14
"FUCA1",0.0382622230961301,1.16507076842027e-14,2.67945582762089e-14
"DDX1",0.0382499476938314,1.18794328453409e-14,2.73108836082163e-14
"DDX24",0.038240520431361,1.20580833513839e-14,2.77117613123392e-14
"IRAK1",0.038234925401794,1.21653587493374e-14,2.79483791849575e-14
"HDAC3",0.0382179501888562,1.24966095990035e-14,2.86992020375838e-14
"UCHL5",0.0381988237563448,1.28804789641202e-14,2.95702910686929e-14
"LYPLAL1",0.0381970864743585,1.29159157749497e-14,2.96411338982716e-14
"CNPY3",0.0381890982231354,1.30800973932867e-14,3.00072822551871e-14
"DYNC1LI1",0.0381611894659944,1.36699841820931e-14,3.13494430020796e-14
"EMC2",0.0381421839502346,1.40865916219808e-14,3.22934115299943e-14
"FLT3",0.0381218082342389,1.45471123671154e-14,3.33373470671522e-14
"TBRG4",0.0381169403907549,1.46593062857207e-14,3.35825721492413e-14
"SIGLEC9",0.0381158071297182,1.46855475718693e-14,3.36307870464386e-14
"CREB3",0.0381107049145887,1.48042657577769e-14,3.38906706208796e-14
"NIT1",0.03810151375095,1.50205126078822e-14,3.437355907509e-14
"TCEA2",0.0380712621860761,1.57544417845152e-14,3.60403731847885e-14
"PTAFR",0.0380119468012214,1.72973549656871e-14,3.9556014146188e-14
"ZNF710",0.038005274314291,1.74799582210278e-14,3.99594807637478e-14
"MYOF",0.0379993961539203,1.76423937446272e-14,4.03165750450818e-14
"C3orf38",0.0379937254870672,1.78005023224405e-14,4.06635328283274e-14
"PAM16",0.0379817436522826,1.81391761429973e-14,4.14225842503579e-14
"REEP4",0.0379631520883258,1.86772649679618e-14,4.26363234846914e-14
"RPF1",0.0379616669604294,1.87209195475913e-14,4.27209140469179e-14
"PTPN11",0.0379563677558386,1.88775065738995e-14,4.30630646791491e-14
"MRPS30",0.0379498539894244,1.90717489299112e-14,4.34908427517596e-14
"MITD1",0.0379478658489603,1.91314265109485e-14,4.36115687436198e-14
"CYB561D2",0.0379170554077174,2.00800839981701e-14,4.57579950032219e-14
"CEBPZ",0.0378858646643306,2.1087555555247e-14,4.80368876371109e-14
"CRIPT",0.0378628710139749,2.18619372983761e-14,4.97833915123766e-14
"BAG6",0.0378542244417182,2.21603172212843e-14,5.04451102990839e-14
"GALNT2",0.0378509674549264,2.22737463942875e-14,5.06854953098829e-14
"SNHG30",0.0378399607216139,2.26613137650087e-14,5.15493131815412e-14
"GMEB1",0.0378333847538015,2.28960231112874e-14,5.20649292667631e-14
"SIKE1",0.0377946406329267,2.43282147212514e-14,5.53022689976761e-14
"HIVEP3",0.0377670869742408,2.54000019784928e-14,5.77183618142375e-14
"ACTR3",0.037746015825696,2.62508433128631e-14,5.96308630201669e-14
"PPP1R8",0.0377311650942621,2.68672859824128e-14,6.10097542792496e-14
"OTUB1",0.0377118222854987,2.76915803319642e-14,6.28594989723479e-14
"TXNDC9",0.0377045054112656,2.80098304097366e-14,6.35596361979091e-14
"CLPX",0.0376937632136198,2.84835936183795e-14,6.4612048032722e-14
"NOL10",0.0376799441696582,2.91046602096852e-14,6.59977478800356e-14
"SMIM29",0.0376480963785571,3.05871520844385e-14,6.93351619729184e-14
"ELMO1",0.0376284857930836,3.15366948161843e-14,7.14625699124875e-14
"ATP6V1A",0.0376183704250247,3.20377530559914e-14,7.25725728777075e-14
"VHL",0.0375983331205883,3.30535120841991e-14,7.48473022851013e-14
"DENND10",0.0375904433578391,3.34621037237713e-14,7.57460347929006e-14
"CSRP1",0.0375790923228439,3.40586732640686e-14,7.70695039187627e-14
"ACBD3",0.0375686107064153,3.46188307654669e-14,7.83096821717795e-14
"BPTF",0.0375668527920255,3.47136600791392e-14,7.8496764007107e-14
"COQ4",0.0375641313778336,3.48609686835687e-14,7.88023433161397e-14
"ESF1",0.0375628839528891,3.49286963876229e-14,7.89278814706704e-14
"SLC46A2",0.0375619450544309,3.49797582832844e-14,7.90156856685218e-14
"USP14",0.0375613452484953,3.50124170866522e-14,7.90618724168073e-14
"ADD1",0.0375564603716821,3.52795123956848e-14,7.9637225679799e-14
"GLMP",0.0375554616852579,3.53343647619432e-14,7.9733244150861e-14
"CD44",0.0375493380902226,3.56725386169279e-14,8.04682979114951e-14
"SEC14L1",0.0375114269096394,3.78381532726266e-14,8.53236517892666e-14
"RHOB",0.0375110850829048,3.78582560223792e-14,8.53392581785804e-14
"ATXN3",0.0374919758172793,3.89989297953513e-14,8.78493637770022e-14
"MICAL2",0.0374896280421082,3.91413840558383e-14,8.81395896965208e-14
"BRD3",0.0374827781302918,3.9559941909353e-14,8.90511348821806e-14
"SEC23IP",0.0374779698744206,3.98563720027996e-14,8.96872270928484e-14
"ABR",0.0374732028881133,4.01524136207442e-14,9.03220033984357e-14
"UBE2J2",0.0374714028985346,4.02647588781608e-14,9.05432611938913e-14
"KPNB1",0.0374661514071954,4.05942968705113e-14,9.12525965068369e-14
"BSCL2",0.037430142628957,4.29264347076493e-14,9.64280840726306e-14
"SEC62",0.0374266669204061,4.31583936482666e-14,9.69155187231628e-14
"DNAJC3",0.0374001184022332,4.4971295865048e-14,1.00951515059057e-13
"PHF11",0.0373397362960737,4.93780017988901e-14,1.10805262962223e-13
"PRRG4",0.0373392649552078,4.94140179196532e-14,1.10847661819763e-13
"UBL3",0.0373376338237479,4.95388554800889e-14,1.11089210383823e-13
"PURA",0.0373004504848336,5.24702674889563e-14,1.17622060846088e-13
"ZADH2",0.0372943513663368,5.29671149848569e-14,1.18694739498776e-13
"TIMM17A",0.0372709095044252,5.49201616638913e-14,1.23028763533575e-13
"CRELD2",0.037266302286637,5.53122513663843e-14,1.23864239137313e-13
"CLDND1",0.0372548180136929,5.63016209355292e-14,1.26036201222896e-13
"VPS35L",0.0372534878000773,5.64173370885298e-14,1.26251586695867e-13
"DHX29",0.037250212076999,5.67032921623665e-14,1.268476549617e-13
"PTRH2",0.0372269827019637,5.87723918328769e-14,1.31430903186889e-13
"SFXN3",0.0372060201372525,6.07031838883628e-14,1.35654957712551e-13
"TNFRSF1B",0.0372007373146859,6.11995226168117e-14,1.36716945970062e-13
"WSB2",0.0371957307537917,6.16735867801952e-14,1.37728458370122e-13
"LAMP2",0.0371951948281318,6.17245462216505e-14,1.37794728358264e-13
"DAP",0.0371759624393804,6.35809444046291e-14,1.41890049664105e-13
"BTK",0.0371673125506446,6.44336620274712e-14,1.43743462427929e-13
"DNAJC1",0.0371634928134444,6.48137859132073e-14,1.44541663796798e-13
"COLGALT1",0.0371631094726641,6.48520558481924e-14,1.44577207149173e-13
"NUTM2B-AS1",0.0371615798804684,6.50049804061576e-14,1.44868242048008e-13
"PIGBOS1",0.0371519570401042,6.59752089042048e-14,1.46979870077709e-13
"RPUSD3",0.0371449829287575,6.66872610014711e-14,1.48515076616279e-13
"C1orf174",0.0371426451487159,6.69276332002394e-14,1.48999139387328e-13
"JKAMP",0.0371326246128676,6.79676375827795e-14,1.5126245641489e-13
"PRPF38A",0.0371219297672366,6.90951540753743e-14,1.53718909788307e-13
"DNAJC2",0.0371179691395164,6.95173563520435e-14,1.54605072148104e-13
"GORASP2",0.0371170089560113,6.96200930827622e-14,1.54780385514355e-13
"SON",0.0370573374481669,7.63063037676187e-14,1.69587027322885e-13
"PREP",0.0370413075078123,7.82075161031012e-14,1.73752731383486e-13
"ASAH1",0.0370394107533129,7.84355363207441e-14,1.74199541043052e-13
"GLRX2",0.0370328381893308,7.9230730468284e-14,1.75905263735141e-13
"GNL2",0.0370173751383643,8.11329417548201e-14,1.80066734631713e-13
"RMND5B",0.0370088559166008,8.2200051766889e-14,1.82372561733667e-13
"BROX",0.037002808390761,8.29659196299705e-14,1.84008689169041e-13
"TRIM69",0.0369634164297918,8.8129048668779e-14,1.95392966123861e-13
"HCCS",0.0369448941529147,9.0664689487619e-14,2.00945977316962e-13
"ATP6V0D1",0.0369193126832252,9.42849713135954e-14,2.08898324532586e-13
"AGPAT1",0.0369176873572618,9.45197273400747e-14,2.09346806294781e-13
"RNF41",0.0368366190307756,1.06987186767038e-13,2.36879291084063e-13
"VGLL4",0.0368357813063019,1.07124106106875e-13,2.37101354849883e-13
"SMARCC2",0.0368235321002485,1.09145918738548e-13,2.41493738179548e-13
"RPS6KB2",0.0368208227336726,1.09598156928709e-13,2.42411502547475e-13
"CSNK1G2",0.0368163171231692,1.10354298800836e-13,2.44000590996112e-13
"SLC43A3",0.0368130976712486,1.10897732678939e-13,2.45118443620161e-13
"MCRIP1",0.0368076836260479,1.11817543301297e-13,2.47067158816586e-13
"DUSP12",0.0367936359503026,1.14239258937189e-13,2.52245894392688e-13
"DCUN1D1",0.0367825459166952,1.1618743954979e-13,2.56460103527221e-13
"MFSD10",0.0367617136847128,1.19935694182007e-13,2.64643382458867e-13
"PDE4DIP",0.0367416253577565,1.23662535982041e-13,2.72773852793096e-13
"NSMCE3",0.036723176827816,1.27185268947273e-13,2.80448716336732e-13
"PRELID3B",0.0367167596814709,1.2843358654172e-13,2.83104882285018e-13
"PMAIP1",0.0367037604613385,1.30999314522494e-13,2.88662206337178e-13
"TBL1XR1",0.036686827918578,1.3441703582411e-13,2.96092511032763e-13
"ILF3",0.0366840533423259,1.34985358829603e-13,2.97243269749269e-13
"ME2",0.0366705515753251,1.37784834254323e-13,3.03304664047088e-13
"OTULINL",0.0366685129595673,1.38212451346813e-13,3.04142559489895e-13
"RAB1A",0.0366537473226803,1.41348839258592e-13,3.10938629072417e-13
"MYCL",0.0366510512774238,1.41929012540062e-13,3.12108840755558e-13
"CABIN1",0.0366483999225206,1.42501850552392e-13,3.13262132589536e-13
"DEF8",0.0366351565756109,1.45397327422585e-13,3.19518770445966e-13
"GTF2H3",0.0366329211945676,1.45891732571857e-13,3.20496463070988e-13
"BAK1",0.036626134125463,1.47402990230508e-13,3.23706566740945e-13
"MAX",0.0366232426532449,1.48051488978054e-13,3.25020461052534e-13
"LAS1L",0.0366108558320397,1.50861475772668e-13,3.30964823501271e-13
"ATG5",0.0366082068673414,1.51469168163146e-13,3.32185431804949e-13
"KYNU",0.0365993546183086,1.53517440980020e-13,3.36563465257248e-13
"C5orf56",0.0365694897742056,1.60630519269792e-13,3.52038585562841e-13
"APEH",0.0365498058118302,1.65494782744994e-13,3.62576386968221e-13
"USO1",0.036524484268782,1.71965505885194e-13,3.76609823245317e-13
"ILKAP",0.0365240759949584,1.72071847231717e-13,3.76609823245317e-13
"ATXN2",0.0365240648979766,1.72074738517091e-13,3.76609823245317e-13
"SLC50A1",0.0365190920186384,1.7337522226527e-13,3.79327877304954e-13
"MAD2L2",0.0365104195683609,1.75666343301917e-13,3.84210779235342e-13
"AHNAK",0.0365058788994855,1.76877752150844e-13,3.86729674915422e-13
"MED30",0.036502380699944,1.77816633533487e-13,3.88651210498243e-13
"RREB1",0.036486655247783,1.82098018058712e-13,3.97874643574789e-13
"DHRS4",0.0364815345879049,1.83513896516188e-13,4.00832984495884e-13
"PSMD11",0.0364699806017073,1.86748463005894e-13,4.07760387689766e-13
"GARS",0.0364664390457911,1.87751098411899e-13,4.0976281015567e-13
"KLF9",0.0364662945037253,1.87792131252992e-13,4.0976281015567e-13
"KLHL5",0.0364590401229905,1.898628730536e-13,4.141415903467e-13
"PIGX",0.0364585622273177,1.90000071790986e-13,4.14301268027903e-13
"PPP2CB",0.0364328913209722,1.97514818788337e-13,4.30542402974981e-13
"AL121933.2",0.0364089864275231,2.04774731722499e-13,4.4621730500554e-13
"PAXX",0.0363994175449322,2.07753709190904e-13,4.52556363829715e-13
"MRPL48",0.0363798468834335,2.13979623527865e-13,4.65805004276866e-13
"SMARCA4",0.0363474340159033,2.24696437212028e-13,4.88969658659049e-13
"SMAD5",0.0363401254428703,2.27184798476181e-13,4.94218543459273e-13
"KCTD20",0.0363379808913486,2.2792008027797e-13,4.95651528290084e-13
"EID2",0.0363316318502261,2.30110647101192e-13,5.00247256324083e-13
"FCHO2",0.0363206145879317,2.33961042573356e-13,5.08447059288321e-13
"GPS1",0.036305990731725,2.39169794728196e-13,5.19592366130987e-13
"AP1AR",0.0363055363197945,2.39333459554555e-13,5.19773504581076e-13
"XPNPEP1",0.0363003956039147,2.4119266240808e-13,5.23635578950339e-13
"NSRP1",0.0362901186072774,2.44952094012147e-13,5.31619127266054e-13
"KDM1B",0.036276430062449,2.50049019267003e-13,5.42499112176468e-13
"PCIF1",0.0362710355946464,2.52086138272343e-13,5.4673556421278e-13
"CIR1",0.0362675537334211,2.53409644814601e-13,5.49421982762802e-13
"GAR1",0.0362663909479067,2.53853155082268e-13,5.50199305658722e-13
"ZNF280D",0.0362583943603195,2.56923936692709e-13,5.5666852950087e-13
"FRMD4B",0.0362424652414164,2.63150027012786e-13,5.69967639638934e-13
"FAM3C",0.036227749956083,2.69033228435059e-13,5.82515425046344e-13
"BLOC1S6",0.0362186548917364,2.7273385249267e-13,5.9033064561603e-13
"LINC01003",0.0362168954329627,2.73455495477558e-13,5.91694812072764e-13
"MDM4",0.0362065566312916,2.777340050243e-13,6.00751736895195e-13
"CHPF2",0.0361850462537827,2.86847438739789e-13,6.20257287375214e-13
"PSME3",0.0361689527801293,2.93857321292738e-13,6.35202770634119e-13
"TM9SF4",0.036163642990463,2.96206827043036e-13,6.40067756434117e-13
"TSNAX",0.0361618646062448,2.96997853417878e-13,6.41562930606387e-13
"ZNF146",0.0361588472990987,2.98344702345581e-13,6.44257372576814e-13
"CGGBP1",0.0361503354117811,3.02176605614018e-13,6.52314553099416e-13
"UBQLN1",0.0361197882924688,3.16330571751476e-13,6.82641373839685e-13
"SERINC5",0.0361194919751348,3.16471009582369e-13,6.82716866389956e-13
"GSS",0.0361082729460789,3.21833486592e-13,6.94053961424587e-13
"PLEKHO2",0.0360661434592691,3.42779082803116e-13,7.38978282406717e-13
"TPK1",0.0360363008561493,3.58420229259236e-13,7.72440933496769e-13
"ACTR1A",0.0360286935478735,3.6251819730455e-13,7.81012582146308e-13
"LCMT1",0.0359887205172976,3.84819035102298e-13,8.28781913922914e-13
"HERPUD1",0.0359873540151817,3.85604749908021e-13,8.30197921817268e-13
"TERF1",0.0359778640505338,3.9110494068896e-13,8.41759769288673e-13
"MTIF2",0.0359739816521057,3.93377240118113e-13,8.46368977243158e-13
"PPHLN1",0.0359632484339698,3.99726879880014e-13,8.59744790811698e-13
"COPG1",0.0359469083411929,4.09587179539838e-13,8.80660046609403e-13
"DDX39B",0.0359431337261816,4.11898680256238e-13,8.85336007961117e-13
"PNP",0.0359418261069248,4.12702424348434e-13,8.86769165360691e-13
"CCDC32",0.0359396562996291,4.14039522042152e-13,8.89347002555041e-13
"TAF1B",0.0359364256682343,4.16038215267436e-13,8.93343749798137e-13
"SCYL1",0.03587267730385,4.5747253995536e-13,9.81988469386937e-13
"C5orf24",0.0358624501492259,4.64486673415921e-13,9.96714194131479e-13
"ASPSCR1",0.0358595414913053,4.66500744071188e-13,1.00070437942905e-12
"PHF10",0.0358587596882707,4.67043556186561e-13,1.00153692704598e-12
"SLTM",0.0358426120226721,4.78394713745318e-13,1.02553886648582e-12
"ARL11",0.0358197501681237,4.94930198799161e-13,1.06063492453683e-12
"GGPS1",0.0358137484803718,4.99363275739812e-13,1.06978088919244e-12
"MCFD2",0.0358126417018847,5.00185031701143e-13,1.07118686577347e-12
"IARS2",0.0357905948026311,5.16833730924095e-13,1.10647538822837e-12
"IRF1",0.0357833587778423,5.2241568711113e-13,1.11805592011817e-12
"RAD23B",0.0357794103706917,5.25486451668644e-13,1.12425620889055e-12
"AC020656.1",0.0357702548051973,5.32675289966461e-13,1.13925993632074e-12
"MT1F",0.0357678362526923,5.34590373807599e-13,1.14297822986473e-12
"CD2AP",0.0357492385960532,5.49544140903391e-13,1.17456215523557e-12
"UBE2G2",0.0357424166032386,5.55131799464747e-13,1.18611329034151e-12
"CTSO",0.0357346551380243,5.61556793207155e-13,1.19944529172653e-12
"CARHSP1",0.0357155372059577,5.77695753954535e-13,1.23350999706519e-12
"TMEM170A",0.0356955656214125,5.95041597335085e-13,1.27012835514255e-12
"CCM2",0.035693220361968,5.97111762996834e-13,1.27412707766694e-12
"AGPS",0.0356923072965487,5.979196385931e-13,1.27543055691984e-12
"G3BP2",0.0356735566802811,6.14749384714277e-13,1.31089839151523e-12
"NIPA2",0.0356716491949593,6.16487299484042e-13,1.31417147739864e-12
"CARD8",0.0356590672653373,6.28072166611119e-13,1.33842633529967e-12
"SLC25A46",0.0356206745283415,6.6475938874558e-13,1.41614092883807e-12
"GNAI3",0.0356176245531303,6.67762463022155e-13,1.42207045579126e-12
"TFDP1",0.0355856004412669,7.00109224732914e-13,1.49046600490657e-12
"UBN2",0.0355550536231728,7.32394789322892e-13,1.55868634650769e-12
"SERPING1",0.0355494669896323,7.38455491594126e-13,1.57106830515293e-12
"RB1",0.0355453920023295,7.4290729599185e-13,1.58002031348595e-12
"TSR1",0.0355233900503138,7.67402714579989e-13,1.63158133799371e-12
"BIRC3",0.035508335937457,7.8461789056139e-13,1.66763500443022e-12
"MAT2B",0.035503862014808,7.89806726534643e-13,1.67811248690032e-12
"THUMPD3",0.0355022214315121,7.91717895331815e-13,1.68162127768313e-12
"INO80",0.0354926413644891,8.02969006716372e-13,1.70495944554995e-12
"ACTR2",0.0354879485825942,8.0853746444927e-13,1.71622017863757e-12
"ARL8B",0.035483382384375,8.139920932131e-13,1.72723199326831e-12
"PLEKHF2",0.0354757284964625,8.23216291215403e-13,1.7462327225847e-12
"CCDC22",0.0354729977934524,8.26532006837976e-13,1.75269184810647e-12
"SH2D3C",0.0354577103743517,8.4533805015667e-13,1.79198380377023e-12
"NOTCH2",0.0354421532779529,8.64906856506952e-13,1.83286644485303e-12
"S1PR4",0.0354370896584703,8.71371621623489e-13,1.84596200209112e-12
"CAND1",0.0354269738399111,8.84428897758832e-13,1.87301036443921e-12
"TMEM189",0.0354133271956989,9.02348374108986e-13,1.91033465467023e-12
"TOMM70",0.0353958042250948,9.25881157147369e-13,1.95951442019355e-12
"PMPCB",0.0353876240206414,9.37072116215094e-13,1.98255061450213e-12
"KRR1",0.0353451326072731,9.97372852852219e-13,2.10943869629705e-12
"TMEM50B",0.0353380922563213,1.0077251753607e-12,2.13063774829692e-12
"EDEM2",0.0353274300572789,1.02360423901946e-12,2.16350435632124e-12
"IPO9",0.0353189286160532,1.03644102931592e-12,2.18992141768645e-12
"BABAM1",0.0353117460374981,1.04740940888072e-12,2.21237471879079e-12
"RPAP3",0.0352990635342996,1.0670554221549e-12,2.25313659590046e-12
"CSNK2A2",0.0352975316316034,1.06945277823458e-12,2.25746243439539e-12
"TXNDC15",0.0352943293282536,1.07448131858627e-12,2.26733769769476e-12
"MXI1",0.0352846391299919,1.08983947827923e-12,2.29899667070047e-12
"CMAS",0.0352835685051177,1.09154948780425e-12,2.30185387102433e-12
"MAPKAP1",0.0352467806350847,1.1519340010828e-12,2.42840140768806e-12
"SNRNP35",0.0352442006347134,1.15628977970724e-12,2.43679037559396e-12
"VPS26B",0.0352394578830093,1.16433910311086e-12,2.45295520779033e-12
"SMNDC1",0.0352390361194048,1.16505757010567e-12,2.45367036722971e-12
"CUTC",0.0352377579490704,1.16723756901714e-12,2.45746212091609e-12
"METTL9",0.0352286088603409,1.18295920199351e-12,2.48975223462483e-12
"PTPN6",0.0352199581664326,1.19801542264993e-12,2.52062133449323e-12
"PIGC",0.0352196133366957,1.19861946729362e-12,2.52107291463903e-12
"MOB3A",0.0352088427104078,1.21763775379757e-12,2.56024255215507e-12
"EVI2A",0.035200633804113,1.23233120453896e-12,2.59029617473546e-12
"TMEM80",0.0351960189765292,1.24066771797894e-12,2.60697267322157e-12
"ALG13",0.0351861068088128,1.25876119083964e-12,2.64362543969052e-12
"MPHOSPH6",0.0351860162993804,1.25892759199349e-12,2.64362543969052e-12
"DYNLT3",0.035183435562968,1.26368135565569e-12,2.65274743726164e-12
"PLOD3",0.03518110652287,1.26798660722426e-12,2.66092229989298e-12
"STX5",0.0351767105711672,1.27615181598132e-12,2.67632227297151e-12
"ZHX1",0.0351644729206498,1.29915518383915e-12,2.72368220860578e-12
"DOCK2",0.0351550461474833,1.31715183003419e-12,2.76051827375894e-12
"NME6",0.0351547354654322,1.31774909770157e-12,2.76087626489319e-12
"CBFB",0.0351533053024928,1.32050192931698e-12,2.76574878369399e-12
"UBE2Z",0.0351464600230959,1.33375631253357e-12,2.7926061990111e-12
"ERGIC2",0.0351425981828128,1.34129142197018e-12,2.80656776529895e-12
"RAP1GDS1",0.035140225989527,1.34594066735978e-12,2.8153860680088e-12
"ZNF207",0.035131533399751,1.36311273245379e-12,2.85038495797993e-12
"SMARCD2",0.0351307965636445,1.36457818345596e-12,2.85252798181914e-12
"RCN2",0.0351238208477582,1.37852859380011e-12,2.88075988258937e-12
"CD84",0.0351210756873955,1.38405679730412e-12,2.89064892546396e-12
"ESRRA",0.0351210276169796,1.38415379501672e-12,2.89064892546396e-12
"TTC1",0.0351166817263039,1.39295065744048e-12,2.90808208844556e-12
"HDGFL2",0.0351103915544932,1.40578032263276e-12,2.93392063466296e-12
"ZNF91",0.0351020810811312,1.42290857703188e-12,2.96871096606651e-12
"RAB35",0.0350942415933705,1.43925369913962e-12,3.0018455052287e-12
"MCM5",0.0350905567108251,1.44700008613116e-12,3.01703013127636e-12
"GNPTAB",0.0350865997832068,1.45536391556922e-12,3.03349194764814e-12
"FBXW5",0.0350823620377262,1.46437391451882e-12,3.05128957920658e-12
"PHF23",0.0350809856403096,1.46731207138927e-12,3.05642804059657e-12
"PLSCR3",0.0350754569204688,1.47917246052388e-12,3.08014233175671e-12
"ILF3-DT",0.0350607419530862,1.51119969219595e-12,3.14481093130073e-12
"RPE",0.0350574141912305,1.51853637454554e-12,3.15906313907706e-12
"ELP2",0.0350178298671578,1.60853327581837e-12,3.34521183027566e-12
"SEPHS2",0.0350156789146879,1.61357068020878e-12,3.35461033515467e-12
"IDS",0.0349915379045124,1.67117998255519e-12,3.47326459295739e-12
"GTF2H1",0.0349870753744441,1.68204800693659e-12,3.49473003751845e-12
"SIL1",0.0349655970024954,1.73533387475625e-12,3.60428344728006e-12
"STRN4",0.0349636462909593,1.7402546438342e-12,3.61334463251526e-12
"ALG2",0.0349479083825919,1.78045820297685e-12,3.69563526966083e-12
"CPNE2",0.0349349623856937,1.81421143504598e-12,3.76448872772042e-12
"DDX19A",0.0349283388822819,1.83172237220578e-12,3.79960609985909e-12
"CITED4",0.0349209049201899,1.85157346998539e-12,3.83955369784926e-12
"RIN2",0.0349086338338999,1.88480388382293e-12,3.90700513632027e-12
"ARHGEF2",0.0349084493132749,1.88530800832013e-12,3.90700513632027e-12
"PPP6C",0.0349018357337922,1.9034644016361e-12,3.94336913158147e-12
"TOP2B",0.0348992861562631,1.91050951863192e-12,3.95669821613022e-12
"FKBP15",0.0348855633599574,1.94887060126646e-12,4.03485394070965e-12
"N4BP2L2",0.0348760913540528,1.97578859446346e-12,4.08927601040807e-12
"CRBN",0.0348639432894868,2.01084584958858e-12,4.16050368495892e-12
"NOSIP",0.0348607463048616,2.02017276194675e-12,4.17846596193076e-12
"SMC1A",0.0348445953933221,2.06794411223627e-12,4.27590871370732e-12
"TBC1D9B",0.0348310964300246,2.1087201221245e-12,4.35882952446808e-12
"NMRAL1",0.0348104830890026,2.17251242356438e-12,4.48925803707494e-12
"CELF1",0.0347944513041656,2.22343109665469e-12,4.59300986590379e-12
"EXOSC8",0.0347334439726571,2.42812157268075e-12,5.01424531468426e-12
"CCAR1",0.0347305947088523,2.43812016222006e-12,5.03328760529741e-12
"ALKBH5",0.0347256352316469,2.455620275538e-12,5.06779906402072e-12
"RNASE4",0.0347177551242616,2.48367986172294e-12,5.12407374913776e-12
"MCRS1",0.0347121145644441,2.50395769072271e-12,5.1642631697161e-12
"SNAPC3",0.0346973208436228,2.55791566083892e-12,5.27386814913094e-12
"FNBP4",0.0346831618786189,2.61062564825792e-12,5.38083108781337e-12
"IRF3",0.0346622198217561,2.6905454876194e-12,5.54379105246595e-12
"PSMD12",0.034646535867023,2.75196570937557e-12,5.66854152163457e-12
"MRPL1",0.0346005446053169,2.94010932092282e-12,6.05415640701474e-12
"MARCH1",0.0345821070216384,3.01902686712346e-12,6.21468360501026e-12
"GABPB1-IT1",0.0345571722576367,3.12906625205981e-12,6.43915286580903e-12
"ARPIN",0.0345491036597597,3.16550877071783e-12,6.51207619371696e-12
"IFI16",0.0345401512208704,3.20643036442725e-12,6.59416460587739e-12
"CNP",0.0345335295431774,3.2370313263552e-12,6.65498279035361e-12
"GGNBP2",0.0345028576246895,3.38255257531297e-12,6.95195091192894e-12
"SHISA5",0.0345011568719826,3.3908067431672e-12,6.96670354022991e-12
"STX18",0.0344839535390428,3.47541679694657e-12,7.13827675870308e-12
"APOOL",0.0344808278508088,3.49101034575931e-12,7.1680307575153e-12
"SCOC",0.0344792073110703,3.4991219355624e-12,7.18240818352283e-12
"CNOT11",0.0344769217316023,3.51059379208952e-12,7.20367169888671e-12
"ABCB7",0.0344703420679022,3.54382492991524e-12,7.26955722315313e-12
"STX6",0.0344587757000225,3.6029910223634e-12,7.38858532745665e-12
"ATF1",0.0344442102905153,3.67887745781252e-12,7.54181528241871e-12
"DYNC1I2",0.0344358508406599,3.72313602244066e-12,7.63013061389073e-12
"LRRK1",0.034432266998765,3.74226992699443e-12,7.66691629979808e-12
"SCFD1",0.0344214527327712,3.80059285072858e-12,7.78394119443747e-12
"USP6NL",0.0344162566025416,3.82893239142083e-12,7.83950294182748e-12
"RAD21",0.0343979414824077,3.93048432748899e-12,8.0448800304027e-12
"TNFSF13",0.0343677334747412,4.10377665095323e-12,8.39691846974439e-12
"RRAGC",0.0343595214639432,4.15216667180953e-12,8.49324708792888e-12
"FAR2",0.0343477152653337,4.22271734428868e-12,8.63483009694407e-12
"ATXN7L3B",0.0343298008942144,4.33201878127829e-12,8.85553823492126e-12
"PTS",0.0342992240267496,4.52501918967463e-12,9.24715095768735e-12
"DOK1",0.0342922850966199,4.56997729346079e-12,9.33607857300889e-12
"TCAIM",0.0342834943735428,4.62756251202903e-12,9.45073807661702e-12
"CLN3",0.0342463167701914,4.87906727498376e-12,9.96123668818823e-12
"LINC00667",0.0342307838127681,4.98807194544766e-12,1.01805730689874e-11
"ATG4C",0.0342119413920886,5.12350880600742e-12,1.04537018626196e-11
"NUFIP2",0.0342113948374116,5.12749068691061e-12,1.04585301534528e-11
"AKT2",0.0342048741695858,5.17523109755192e-12,1.05525814568665e-11
"IQSEC2",0.0341987619112217,5.22037683484674e-12,1.06412845178834e-11
"SEH1L",0.0341887415524321,5.29522465860795e-12,1.07904578029046e-11
"TRIM14",0.0341839232879911,5.3315885407542e-12,1.08611404068102e-11
"SEC23A",0.0341687928629136,5.44737762247387e-12,1.10900385936779e-11
"GOLGA7",0.034165373825931,5.47388203088848e-12,1.11404942684602e-11
"ZBTB4",0.0341613993644955,5.5048509817332e-12,1.12000016517098e-11
"OARD1",0.0341384604136622,5.68697547809204e-12,1.15669114813597e-11
"GSK3A",0.0341352738226091,5.71273818805833e-12,1.1615661755493e-11
"SCAF11",0.0341171839147591,5.86117246005952e-12,1.19137301433047e-11
"KCTD5",0.0341117496110967,5.90649658227005e-12,1.20020900419386e-11
"TAF11",0.0341010560989688,5.99668972466809e-12,1.21815404071231e-11
"ATP10D",0.0340825646631154,6.15584898035315e-12,1.2500930457593e-11
"BAZ1A",0.034075416907723,6.21847417219515e-12,1.26241460617094e-11
"PYCR2",0.0340734103926412,6.23616624610634e-12,1.26560941308127e-11
"COPS8",0.0340495766903634,6.45012580664326e-12,1.30862157543743e-11
"SIGIRR",0.0340334765716228,6.59871369644654e-12,1.33834813504997e-11
"TRMT1",0.0340203284769356,6.72254111387601e-12,1.36260899095909e-11
"GOLIM4",0.0340003942244059,6.91463499379898e-12,1.40110632080922e-11
"ATP5F1E",0.0339866535090424,7.05016675338574e-12,1.42812201381162e-11
"AP2A2",0.0339814168427953,7.10250087980413e-12,1.4382730902675e-11
"DEDD2",0.0339609860671838,7.31034617746044e-12,1.47965400129333e-11
"JMJD8",0.0339608820213042,7.31141975615905e-12,1.47965400129333e-11
"XBP1",0.0339494772214216,7.43003951286098e-12,1.50318986894569e-11
"HACD2",0.0339481088495961,7.44439784754172e-12,1.5056242319583e-11
"RDX",0.0339213546293149,7.73065554702659e-12,1.56303135576047e-11
"MPP1",0.033914671173723,7.80383257303721e-12,1.57733412668882e-11
"UBE2Q2",0.0339060709595305,7.89899543388622e-12,1.596070425686e-11
"BRCC3",0.0339051628042774,7.90911045682154e-12,1.59761563486623e-11
"SWAP70",0.0339048557930819,7.91253281366884e-12,1.59780840410767e-11
"RTCB",0.0338498329360939,8.5499125890118e-12,1.72597861244972e-11
"ICE2",0.0338432274667077,8.62973263016771e-12,1.74154891046464e-11
"MRPL30",0.0338147204387117,8.98266576232568e-12,1.81220872998743e-11
"DNAJA2",0.033812206085475,9.01446504893447e-12,1.81805753042996e-11
"SLC8A1",0.0337956454086669,9.22668239958915e-12,1.86027847570664e-11
"ERO1A",0.0337683471738522,9.58722718730065e-12,1.93236951465082e-11
"OSGEP",0.0337486664796611,9.85568869298124e-12,1.98586145653161e-11
"PLEKHA3",0.033741919131421,9.94941273358601e-12,2.00412252760535e-11
"SLC35E3",0.0337311999822168,1.01001053105549e-11,2.03384391230271e-11
"PSMD10",0.0337195458045121,1.02664800018594e-11,2.06670371679221e-11
"CDIPT",0.0336978087692017,1.05840012382132e-11,2.12996033621983e-11
"GID8",0.0336965055327351,1.06033407976499e-11,2.13318919589763e-11
"UBE2G1",0.0336805848705231,1.08424104753524e-11,2.18060781042037e-11
"RBM28",0.0336799028326156,1.08527692588611e-11,2.18201329757351e-11
"SNHG25",0.0336736347438539,1.09484239967875e-11,2.20056184275697e-11
"TBCC",0.0336704773491845,1.09969199944485e-11,2.20962321676162e-11
"WTAP",0.033669766427624,1.10078683820304e-11,2.21113682610191e-11
"CELF2",0.0336430165895505,1.14276735401984e-11,2.294074578706e-11
"HIST1H1C",0.0336430055080683,1.14278506585215e-11,2.294074578706e-11
"TTC32",0.0336333293647961,1.15835377940852e-11,2.32460705762268e-11
"GIT1",0.0336155081735806,1.18757323058405e-11,2.38250669191234e-11
"PPARGC1B",0.0336137654684545,1.19046900600357e-11,2.38757631501459e-11
"SRSF4",0.0335998226428407,1.21388755491195e-11,2.43379003731805e-11
"CTU1",0.0335992651587798,1.21483323414314e-11,2.43493199933211e-11
"FOPNL",0.0335894141971418,1.23166328531069e-11,2.46790099322236e-11
"SMAP2",0.0335768309074544,1.25349391733003e-11,2.51086621930527e-11
"PEF1",0.0335709422564128,1.26383982463777e-11,2.53080699805286e-11
"UBAP2",0.0335605798861583,1.28224916916515e-11,2.56687727927494e-11
"ZYG11B",0.0335589530329694,1.28516312069095e-11,2.57191531479233e-11
"CCDC28A",0.0335445475118482,1.3112502836782e-11,2.6233109816232e-11
"OAS3",0.0335428910992945,1.3142829484252e-11,2.62856589685041e-11
"OTUD4",0.0335367980500636,1.32549771357318e-11,2.64935850499313e-11
"NAA25",0.0335364814185702,1.32608305502115e-11,2.64971040068115e-11
"HAT1",0.033535859027659,1.3272343772419e-11,2.65119264370998e-11
"ADIPOR1",0.0335191909377232,1.35843443694853e-11,2.71267876150673e-11
"DCAF6",0.0335152437615449,1.36592748193168e-11,2.7268006531069e-11
"MAP7D1",0.0335088026620185,1.37824182727524e-11,2.75004157299425e-11
"TNFSF13B",0.0335087103785518,1.37841904608686e-11,2.75004157299425e-11
"ARRDC2",0.033490414062244,1.41399925443161e-11,2.82015747787745e-11
"STK16",0.0334819202543784,1.43082107048182e-11,2.85195061893452e-11
"ATMIN",0.0334696786027559,1.45541069690841e-11,2.90007043760697e-11
"SLC25A13",0.0334608437165438,1.47341384494260e-11,2.93413756756642e-11
"TMEM268",0.0334350676476563,1.52719409568031e-11,3.0402996849429e-11
"PRKCD",0.033425559812944,1.54751307717149e-11,3.07980315450606e-11
"NCOA1",0.0334148506193376,1.57071656759904e-11,3.12502122269089e-11
"APOL2",0.0334100803146972,1.58116169213367e-11,3.14483588168154e-11
"TTC9C",0.0333937468291115,1.61744346745734e-11,3.21601013769005e-11
"ACOT9",0.0333777064922183,1.65386702545901e-11,3.28742251237999e-11
"TRIM5",0.0333751174534956,1.65982087869423e-11,3.29824443482702e-11
"ACTN4",0.0333522770784631,1.71326294364048e-11,3.40339499758467e-11
"SLC30A1",0.0333473809197235,1.7249364235617e-11,3.42553325341670e-11
"GGA2",0.0333419304049556,1.73802322514875e-11,3.45046377173046e-11
"KPNA4",0.0333349519951678,1.75492052915828e-11,3.48294160201432e-11
"RBBP7",0.0333346232732625,1.75572044076982e-11,3.4834612729218e-11
"CXXC1",0.0332920176457271,1.86247607425225e-11,3.69413912521724e-11
"SART3",0.0332882646864133,1.87217872197201e-11,3.71224656846763e-11
"TTC28-AS1",0.0332715528220668,1.91598871419395e-11,3.79795190927483e-11
"AP1M1",0.0332703104584892,1.91928534837626e-11,3.80332211367857e-11
"IFNAR1",0.0332672181491395,1.92751498098563e-11,3.81846144030018e-11
"COPB1",0.0332494289561646,1.97553315395892e-11,3.91238961111351e-11
"TMC6",0.0332390457042561,2.00409980634831e-11,3.96774989183455e-11
"SBDS",0.0332292200155903,2.03150471251577e-11,4.01954813839459e-11
"ADIPOR2",0.0332254312042156,2.04216984215082e-11,4.03818190534039e-11
"KPNA2",0.0332210639226845,2.05453132857721e-11,4.06138498357522e-11
"MIR4435-2HG",0.0332131126054857,2.07722572153636e-11,4.10499368779805e-11
"DNAJC10",0.0332024937570766,2.1079168021262e-11,4.16437393254959e-11
"EIF2AK1",0.0332010907442718,2.11200491201477e-11,4.17117748638915e-11
"SIRPB2",0.0331727713878755,2.19620144761942e-11,4.33614155897777e-11
"IVD",0.0331643681224223,2.2218113935474e-11,4.38536797616642e-11
"UNC119",0.0331268363795675,2.339808140214e-11,4.61523207556105e-11
"NOC2L",0.0331266500900888,2.34040885141596e-11,4.61523207556105e-11
"AC005280.2",0.0331225766855928,2.35358180560189e-11,4.63979555708486e-11
"P4HA1",0.0331145537423456,2.37973974940689e-11,4.68993459289504e-11
"TM2D2",0.0331131694987205,2.38428162333435e-11,4.69745563891254e-11
"TOR1AIP1",0.0331031647972585,2.41736153102283e-11,4.76117996709516e-11
"RNF168",0.0331022692008749,2.42034457835906e-11,4.76560547454274e-11
"IWS1",0.0330904151641056,2.46016905827294e-11,4.84254620956491e-11
"CCDC47",0.0330746072880878,2.51427618031734e-11,4.94754528613205e-11
"U2AF2",0.0330553037929051,2.5819294981321e-11,5.07912840197727e-11
"RASGRP2",0.0330329485162064,2.66250690032496e-11,5.23604789571805e-11
"THOC5",0.0330119915546751,2.74027664956817e-11,5.38735227127371e-11
"COPS4",0.0330075110414915,2.75718973835029e-11,5.41895760961743e-11
"CTBP2",0.0330014054678143,2.78040169985534e-11,5.4629197586839e-11
"SREK1IP1",0.0329905736029124,2.8220534706619e-11,5.54307468721636e-11
"SAP30L",0.0329879275876655,2.83232064575089e-11,5.55986775639517e-11
"GINM1",0.0329805557313162,2.86111842516913e-11,5.61469556973172e-11
"SP110",0.0329793362063842,2.86590998266268e-11,5.62239431144188e-11
"ARRDC4",0.0329686963778031,2.90804879674868e-11,5.70333471982762e-11
"MAPKAPK5",0.0329592112496895,2.9461252942025e-11,5.77626140359388e-11
"GPALPP1",0.0329562185651375,2.95823988639745e-11,5.79825765199427e-11
"SETDB1",0.0329197690919206,3.1097605774125e-11,6.09339890380403e-11
"ZFP36",0.0329072971645129,3.16333035379939e-11,6.196490381391e-11
"VAMP7",0.0328852567771103,3.26021555313179e-11,6.3843422537735e-11
"RASGRP4",0.0328722294676844,3.31884024493707e-11,6.4952151589246e-11
"CERS6",0.0328660893927826,3.34682792425912e-11,6.54800966505094e-11
"IMPAD1",0.0328657761377944,3.34826197826548e-11,6.54883626806365e-11
"AC245014.3",0.0328572042322708,3.38773761435796e-11,6.62404509675428e-11
"SERTAD2",0.0328297577309435,3.51722373028235e-11,6.87515290756278e-11
"SMIM27",0.0328289728290691,3.52099705923748e-11,6.88045124102127e-11
"WDFY2",0.0328154416263993,3.58667306754465e-11,7.00667514764154e-11
"ULK2",0.032802751392001,3.64935577912856e-11,7.12697716865107e-11
"HCFC1",0.0327834519617713,3.74674420821485e-11,7.31496441615892e-11
"GATAD1",0.0327273760896768,4.04436928280749e-11,7.89365292037857e-11
"FLVCR2",0.032723995530883,4.06303290353565e-11,7.92768987868891e-11
"HCFC1R1",0.032696384502615,4.21865788281692e-11,8.22886144421715e-11
"RNF4",0.0326925930079346,4.24047834901914e-11,8.26893278058733e-11
"MAD1L1",0.0326745342072759,4.34593351558343e-11,8.47201854257366e-11
"JOSD1",0.032660508054533,4.42960615815475e-11,8.63253168810773e-11
"ELP4",0.0326531193593422,4.47431494530769e-11,8.71703730241409e-11
"REPS1",0.0326497123869679,4.49507887036528e-11,8.75485577820241e-11
"KIAA1191",0.0326480231310242,4.50540903596866e-11,8.77233627033417e-11
"MBNL3",0.0326384469458283,4.56440998801981e-11,8.88454307349376e-11
"ARCN1",0.0326180501778255,4.6926097460322e-11,9.1313361875e-11
"DICER1",0.0326089888512039,4.75068672417781e-11,9.24157026812715e-11
"PLEKHM2",0.0325893440327859,4.87902196062367e-11,9.48837133465835e-11
"PLAGL1",0.0325797747291061,4.94275842643813e-11,9.60943485067881e-11
"SNRNP27",0.0325704659189442,5.0055411189761e-11,9.72857196164853e-11
"RBM7",0.0325465237382592,5.17062301853268e-11,1.00464025876292e-10
"DTWD1",0.0325443889389773,5.18559849928186e-11,1.00724766529705e-10
"XIAP",0.0325212864611354,5.35039947603809e-11,1.03894679687674e-10
"UXS1",0.0324928296974069,5.5604485241303e-11,1.07941060705306e-10
"MIR181A1HG",0.0324871443749113,5.60337023799127e-11,1.08741663431521e-10
"LNPEP",0.032452872265167,5.86905912479516e-11,1.13829505014751e-10
"TNIP2",0.0324408014763885,5.96553899112011e-11,1.1566606597338e-10
"HS1BP3",0.0324287950052408,6.06304305675587e-11,1.17521379489334e-10
"SMARCA5",0.032424961794662,6.09449939052844e-11,1.1809574694487e-10
"PNN",0.0324051709494368,6.25946506026796e-11,1.2125606463248e-10
"DERL2",0.0323927094251753,6.36556979513707e-11,1.23274600220513e-10
"NFKBIE",0.0323872901239956,6.41225987613454e-11,1.24141658008657e-10
"HIST2H2AC",0.0323719895875804,6.54589705804942e-11,1.26690994181799e-10
"RPN1",0.0323579483349285,6.67092986728994e-11,1.29072325047325e-10
"CSE1L",0.0323020991165211,7.19178191022354e-11,1.39108443641432e-10
"DAPK1",0.032290189036949,7.30789474740344e-11,1.41312158287604e-10
"FAM241A",0.0322330403826855,7.89103983670884e-11,1.52497289262248e-10
"ADAMTSL4",0.0322303788932652,7.91927882489307e-11,1.52997347395875e-10
"NSMCE2",0.0322285631028532,7.93860144073462e-11,1.53324897754522e-10
"WDR43",0.0322205195075088,8.02475271059776e-11,1.54942585888488e-10
"ERBIN",0.0322197340631196,8.03321407507682e-11,1.5505971354218e-10
"WBP4",0.0322080710889226,8.15988718328429e-11,1.5745785283035e-10
"DCAF13",0.0321921974512132,8.33543550706143e-11,1.6079740605696e-10
"CTCF",0.032191912543871,8.33861982273929e-11,1.60810916688752e-10
"CDC42BPB",0.0321912939144011,8.34553813668298e-11,1.60896408269463e-10
"MAP3K13",0.0321816724279691,8.45386323057187e-11,1.62936321984883e-10
"PLOD1",0.0321813222278154,8.45783183697945e-11,1.62964295573229e-10
"GPN1",0.0321801086559018,8.47159861185477e-11,1.63180986055185e-10
"PPP2R1A",0.032167949117596,8.6107517359808e-11,1.65798123112412e-10
"MARCH5",0.0321677897595195,8.61259017650665e-11,1.65798123112412e-10
"SLC15A3",0.032151593270021,8.80145702298366e-11,1.69383569461344e-10
"AMZ2",0.0321409730139125,8.92749140949881e-11,1.71758036805632e-10
"SLC39A6",0.0321357662712576,8.98992460437706e-11,1.72907819039623e-10
"ZRANB2",0.0321290285977045,9.0713488589216e-11,1.7442207458467e-10
"SSBP2",0.0320877435512239,9.58625165256307e-11,1.84213099432156e-10
"IRF2BPL",0.0320845448809356,9.62731696712745e-11,1.84947329510929e-10
"USP1",0.0320741539198786,9.76190898136473e-11,1.87477302715382e-10
"SLC12A7",0.0320402166613799,1.02144318967184e-10,1.96109822358705e-10
"CCNC",0.0320355298557737,1.02785161232225e-10,1.97281688057345e-10
"PEX26",0.032019278695289,1.05037823094459e-10,2.01545603649534e-10
"AKAP7",0.0320113017004488,1.06161145713943e-10,2.03640668845058e-10
"CBX1",0.0319898071861985,1.09246786572401e-10,2.09497540364255e-10
"PSPC1",0.0319845078344908,1.10020904190493e-10,2.10919553961874e-10
"WASHC2C",0.0319429938938457,1.1627355018206e-10,2.22840427435956e-10
"RABL6",0.0319278814932437,1.18634870592824e-10,2.27298654104156e-10
"DPP8",0.0319120614473887,1.21156968389832e-10,2.32062193300525e-10
"NR1D2",0.0319093547617915,1.21593698086332e-10,2.32829814081903e-10
"LIX1L",0.0319025851686518,1.22692734564451e-10,2.34864802948035e-10
"CYP20A1",0.0318820969688063,1.2607846453955e-10,2.41274602255114e-10
"CIAPIN1",0.0318617298177417,1.29534636971964e-10,2.47815378178634e-10
"CLMN",0.031839906216935,1.33340724533713e-10,2.54966912110646e-10
"LGALS3BP",0.0318398449917049,1.33351554588608e-10,2.54966912110646e-10
"ADCY7",0.0318365398558395,1.33937473525465e-10,2.56011574728036e-10
"CDC34",0.0318146839179066,1.37875811598001e-10,2.63461630544704e-10
"RTF1",0.0318007054281272,1.40453770833774e-10,2.68308560748849e-10
"USP12",0.0317811114472569,1.44146803858625e-10,2.75282126307002e-10
"RAB22A",0.0317747964388447,1.45357138203667e-10,2.77511681725313e-10
"SRPRA",0.0317583185982612,1.4856223742063e-10,2.83547147718501e-10
"GTPBP4",0.0317563149072588,1.48956653062117e-10,2.84216142624268e-10
"SPOP",0.0317507936368489,1.50048787129778e-10,2.86215629899289e-10
"TULP4",0.0317292978037749,1.54375792498432e-10,2.94382586343106e-10
"JUP",0.0317266239481099,1.54922480074711e-10,2.95338084806738e-10
"NCOR2",0.0317125591021359,1.5782942530093e-10,3.00791197938835e-10
"COPS7A",0.0316976391877476,1.60971350730884e-10,3.06688794770966e-10
"FMN1",0.0316865707003912,1.63341624519944e-10,3.11113173622276e-10
"CASP7",0.0316643145428275,1.68211375269864e-10,3.20294248087382e-10
"RAB31",0.0316581504744502,1.69585000142359e-10,3.22814845904625e-10
"TIMM10B",0.0316494575703056,1.71540803448321e-10,3.26441846421055e-10
"ANKRD17",0.0316436728515239,1.72854492757995e-10,3.28845132563991e-10
"NAP1L4",0.0316366907459788,1.74453200663067e-10,3.3178907787682e-10
"HEIH",0.0316323424557577,1.75456128600195e-10,3.33598524686538e-10
"GPR183",0.0316026737083669,1.82451125540665e-10,3.46796414195614e-10
"CHMP6",0.0315989648620977,1.83344492604687e-10,3.48289978028975e-10
"CPNE8",0.0315936150483934,1.84640659712718e-10,3.50649349070148e-10
"SCAMP4",0.0315841372275184,1.86958984959447e-10,3.54947938013918e-10
"PDE4A",0.0315691639017371,1.90679608881712e-10,3.61905537349811e-10
"TARS",0.0315592055227127,1.93194051215373e-10,3.66570424258008e-10
"PITPNB",0.0315560100642121,1.94007732136422e-10,3.68006462892234e-10
"RSF1",0.031551525272788,1.95155373711062e-10,3.70074952959993e-10
"PTPN2",0.0315489769192011,1.95810440112483e-10,3.71099762672194e-10
"CCDC174",0.0315456884938919,1.96658920573565e-10,3.72598727478273e-10
"RFC1",0.0315421821843524,1.97567576116159e-10,3.74210792210653e-10
"OSBPL11",0.0315404262542284,1.9802416311322e-10,3.7496590581895e-10
"FYB1",0.0315284001851461,2.01179074104782e-10,3.80828457822912e-10
"SLC30A5",0.0315264715470175,2.01689579522929e-10,3.81683232338919e-10
"DLGAP4",0.0315236195717661,2.02446809900497e-10,3.83004280331917e-10
"MED31",0.0315158247685693,2.0453061098898e-10,3.86720553604747e-10
"CCDC88C",0.0315072002991176,2.06860627633319e-10,3.9101188417463e-10
"YRDC",0.0314990545245866,2.09085117766043e-10,3.95101299596427e-10
"HNRNPUL2",0.0314855172675554,2.12833730478946e-10,4.0206757254762e-10
"PNKP",0.0314822410258957,2.13750777708677e-10,4.03682186372804e-10
"ARHGEF1",0.0314738528066158,2.1611633750801e-10,4.08030670465691e-10
"SLFN11",0.0314411713079716,2.25579176052326e-10,4.25772473983311e-10
"ZFPL1",0.0314369061941212,2.26843599727069e-10,4.28034236267282e-10
"PLA2G7",0.0314354052646573,2.27290205673812e-10,4.28751978884691e-10
"UBE3C",0.0314338738505269,2.27746767567657e-10,4.29488078424996e-10
"PEX16",0.031429913800409,2.2893153808114e-10,4.3159661547388e-10
"MAPK9",0.0314207864026333,2.3168525403193e-10,4.36660941660178e-10
"GOSR1",0.0314167578932509,2.32910912632172e-10,4.38843203836053e-10
"ATPAF2",0.0314110491112542,2.34658640228274e-10,4.42007575454712e-10
"SDCCAG8",0.0313450526098168,2.55816899750979e-10,4.81721526756207e-10
"NAA50",0.0313420184026477,2.56833193889693e-10,4.83494648805429e-10
"TCOF1",0.0313409701931454,2.57185202536169e-10,4.84016570121849e-10
"TMPO",0.03133224516748,2.60133573154473e-10,4.89423060913123e-10
"CLPTM1",0.0312903467593406,2.74758072213354e-10,5.16787844134008e-10
"CXCL16",0.0312893133034563,2.75128758089298e-10,5.17268529375438e-10
"CHN2",0.0312891888393273,2.75173434533365e-10,5.17268529375438e-10
"CPSF1",0.0312602846103176,2.85742784479658e-10,5.36980779890074e-10
"GDE1",0.0312526341887838,2.88606005041675e-10,5.42204084921592e-10
"FAM120AOS",0.0312413129503551,2.92894524180217e-10,5.50101290845002e-10
"BBC3",0.0312274145289993,2.98244435998491e-10,5.59986797753547e-10
"SPPL2A",0.0312044066104891,3.07311294068723e-10,5.7684352502201e-10
"NOC4L",0.0312036573596993,3.07611035722753e-10,5.77238795730175e-10
"LONP2",0.0312024057864448,3.08112370900019e-10,5.78012022372275e-10
"TOX4",0.0311839150264187,3.15612727354043e-10,5.91911007210334e-10
"POLL",0.0311647296838088,3.23583214942097e-10,6.06683386485704e-10
"RCOR1",0.031163807146366,3.23971392255957e-10,6.07235319474542e-10
"MAP1S",0.0311512598324098,3.29296302925858e-10,6.17037413934009e-10
"UNC93B1",0.0311496062586719,3.30004399082021e-10,6.18185323974827e-10
"ACSS1",0.0311265410381472,3.4003778951471e-10,6.36612102174156e-10
"TAF8",0.0311229158178952,3.41641611196181e-10,6.39429832577067e-10
"PITPNC1",0.0311187595878812,3.43489443478372e-10,6.42702502045948e-10
"ZBTB7B",0.0311161240470404,3.44666239161309e-10,6.44718067705956e-10
"SCAP",0.0311077812181321,3.48417406978808e-10,6.51546589480302e-10
"DYM",0.0311049139330714,3.49715798165869e-10,6.53785757241073e-10
"HARS",0.0310955554897039,3.53986532129098e-10,6.61578755486079e-10
"TCF25",0.0310694375721169,3.66176601811521e-10,6.84163728752608e-10
"FAM98B",0.0310650218149427,3.68277683413781e-10,6.87890860479175e-10
"LUZP1",0.0310619803350193,3.69731704058975e-10,6.90339786720003e-10
"CARM1",0.0310618335130823,3.69802035888936e-10,6.90339786720003e-10
"KLHL36",0.0310575737330938,3.71848286244205e-10,6.93959586377913e-10
"WDFY1",0.0310543818872631,3.73388778126784e-10,6.9663370305268e-10
"ACER3",0.0310386249162101,3.8108537924933e-10,7.10583739994286e-10
"ZDHHC5",0.0310356561956751,3.82552710006719e-10,7.13114380818744e-10
"EVI5",0.0310344492457452,3.83150837188873e-10,7.14023753586864e-10
"ZNF644",0.0310015987848126,3.9978566857846e-10,7.44809329029338e-10
"ZNF131",0.0309814358106383,4.10342767022732e-10,7.64037697355527e-10
"MR1",0.0309674778739782,4.17809864978558e-10,7.7771738524186e-10
"PECAM1",0.0309626190985149,4.20440162225633e-10,7.8238850538912e-10
"MED29",0.0309601684073813,4.21772968592363e-10,7.84643160536482e-10
"ATP6V1C1",0.0309497630025181,4.27478014154782e-10,7.95028056201683e-10
"DEAF1",0.0309408628238626,4.32417488380868e-10,8.03983578339385e-10
"C1orf35",0.0309355847126864,4.35373034346031e-10,8.09246346355499e-10
"KLF16",0.0308871561835997,4.63427960126455e-10,8.61145985608115e-10
"XPOT",0.0308824957805175,4.66219018695906e-10,8.66083766725193e-10
"P2RX4",0.0308820716204605,4.66473855970788e-10,8.66308589660035e-10
"CNOT2",0.0308815064750151,4.66813609151287e-10,8.6669093938785e-10
"ZNF787",0.0308296652918855,4.99028402233211e-10,9.25970156508401e-10
"TEX261",0.0307969805770847,5.20443626409978e-10,9.65430383202922e-10
"RCSD1",0.03077396508228,5.36058929411431e-10,9.94112148097853e-10
"CYBC1",0.0307712482027522,5.37932147276457e-10,9.97300321153432e-10
"AP3D1",0.0307696558867556,5.3903297500918e-10,9.99055104554661e-10
"HSDL2",0.0307685738062417,5.39782312010461e-10,1.00015760960381e-09
"SP1",0.0307650928200633,5.42199784019479e-10,1.00434947117085e-09
"TRIP11",0.0307549343940582,5.49315158374434e-10,1.01723865426661e-09
"ATP6V1B2",0.0307408746132865,5.59313715879947e-10,1.03545810597849e-09
"NGDN",0.0307254221872557,5.70507511500537e-10,1.05587925370339e-09
"SP140L",0.0307155897407131,5.77743655097913e-10,1.06896611120431e-09
"PRRC1",0.0307100325953964,5.81872939751286e-10,1.07629868912852e-09
"JADE1",0.0306630324446743,6.17967947121027e-10,1.14273764343374e-09
"PRPF6",0.030659370669444,6.20870085116744e-10,1.14777639378806e-09
"MTRF1L",0.0306565286211398,6.23131710232371e-10,1.1516285161417e-09
"AP5M1",0.0306556668678962,6.23819056789057e-10,1.15256979841677e-09
"PISD",0.0306462925219967,6.31344121876247e-10,1.16614032668383e-09
"RECQL",0.0306330256636647,6.42145373478173e-10,1.18575275182478e-09
"PDXK",0.0306325010076305,6.42576208830619e-10,1.18620997318775e-09
"TAF15",0.0306196613119047,6.53208206851984e-10,1.20549313887108e-09
"TMEM107",0.0306162035369036,6.56100650338994e-10,1.2104860673396e-09
"DOCK10",0.0306138891886223,6.58043588964287e-10,1.21372484186746e-09
"CKAP5",0.0306130563995237,6.58744103374428e-10,1.21467084171064e-09
"PUDP",0.0305609312204677,7.04068374561563e-10,1.29787547178575e-09
"TAPBP",0.0305556920907695,7.08788722283411e-10,1.30620500656499e-09
"SCO1",0.03055243466643,7.11739143510368e-10,1.31126898551113e-09
"KLF4",0.0305491684459604,7.14709559674429e-10,1.3163669101941e-09
"AP2A1",0.0305437223574442,7.1968933813063e-10,1.32516176765008e-09
"SLC35E1",0.0305433997932246,7.19985342768253e-10,1.32532985757227e-09
"ST14",0.0305412699163241,7.21942831072119e-10,1.32817785972177e-09
"ASCC2",0.030536112936761,7.2670394070207e-10,1.33655719093898e-09
"TRAK1",0.0305284882864365,7.33799458856726e-10,1.34884091329882e-09
"TLNRD1",0.0304984316513801,7.62434369238378e-10,1.40107865638639e-09
"SRGAP2C",0.030481526593449,7.79015691198227e-10,1.43114290148051e-09
"KLHDC7B",0.0304669614564414,7.93583557081143e-10,1.45749218398392e-09
"ZNF24",0.0304664561408268,7.94093707330657e-10,1.45771641161533e-09
"CITED2",0.0304663944846971,7.94155975249812e-10,1.45771641161533e-09
"ACIN1",0.0304659039029857,7.94651594536102e-10,1.45821270493955e-09
"PPP3CB",0.0304589215389587,8.01738446213521e-10,1.47080042527241e-09
"TNRC6B",0.0304581785656988,8.02496156439263e-10,1.47177340418918e-09
"MTERF4",0.0304472155262723,8.13758170823701e-10,1.49200521039724e-09
"DARS",0.0304389680640887,8.22332007785444e-10,1.50729824983096e-09
"SUZ12",0.0304357038321456,8.25749695291073e-10,1.51313431285435e-09
"OXR1",0.0304122045087733,8.50765911511771e-10,1.55853381752326e-09
"CLPB",0.0303893926230298,8.75756606514251e-10,1.60386089690898e-09
"ZDHHC2",0.0303751773590546,8.91690143477257e-10,1.6325797479841e-09
"NAPA",0.0303715288249457,8.95825073699867e-10,1.63968660648373e-09
"C6orf89",0.0303643039714758,9.04068341116271e-10,1.65430707755419e-09
"SETD1B",0.0303568082822403,9.12698795921937e-10,1.66962757976791e-09
"AIFM1",0.0303535752193591,9.16446061788208e-10,1.67600898418555e-09
"PGRMC2",0.0303519487626831,9.18336866682641e-10,1.67899262211336e-09
"PLIN3",0.0303472187417783,9.23857303439632e-10,1.68860874716775e-09
"TGOLN2",0.0303279380152249,9.46696684788882e-10,1.72986574578697e-09
"BSDC1",0.0303180876991403,9.58576646819051e-10,1.75058539111609e-09
"PIK3AP1",0.0303064262760725,9.72828893246252e-10,1.77611231101981e-09
"TAP1",0.0303014242495177,9.79005354521221e-10,1.78688487881883e-09
"C18orf21",0.0302999236811047,9.80865688602818e-10,1.78977578016196e-09
"EEF1AKMT2",0.0302755781760209,1.01153414829777e-09,1.84521613865307e-09
"R3HCC1",0.0302734383579286,1.01427398476806e-09,1.849692895039e-09
"ITFG1",0.0302682203040725,1.02098558634653e-09,1.86140824725638e-09
"SLC33A1",0.0302648179176476,1.02538513016294e-09,1.86890296528008e-09
"GNL3L",0.0302406908732646,1.05711790216184e-09,1.92619794500303e-09
"MCMBP",0.0302398569319937,1.05823167969256e-09,1.92768483239438e-09
"KYAT3",0.0302143482278674,1.09285827653401e-09,1.99020097954464e-09
"CDS2",0.0302061100273519,1.10427532669887e-09,2.01042701491802e-09
"ZBTB38",0.030202017229807,1.10999055378329e-09,2.0202639429837e-09
"PGRMC1",0.0301939141743293,1.12139094168874e-09,2.04043984162251e-09
"SUPT20H",0.0301887522146304,1.12871286863473e-09,2.05318547669043e-09
"EGLN2",0.0301884087358032,1.12920172295475e-09,2.05349774000255e-09
"COX15",0.0301710549884944,1.15417084457771e-09,2.09831565509579e-09
"PLSCR1",0.0301697872974016,1.15601578823644e-09,2.10107979029835e-09
"C6orf62",0.0301617651669485,1.1677576976281e-09,2.12182524121367e-09
"RASSF1",0.0301534310732564,1.18007934919456e-09,2.14361215114634e-09
"AP3M1",0.030136453233145,1.20557381435879e-09,2.18930852010064e-09
"PUM1",0.0301337825619321,1.2096327481375e-09,2.19606349171121e-09
"CNOT8",0.0301253519243244,1.22253337896864e-09,2.21886209572272e-09
"SDHAF2",0.0301231418046497,1.22593745032787e-09,2.22441677506239e-09
"ING2",0.0301208870656341,1.22941976638158e-09,2.23011027390147e-09
"HEXIM1",0.0301108366527209,1.24505969881434e-09,2.25784775633726e-09
"TCERG1",0.0300632477156785,1.32178753743689e-09,2.39631826305417e-09
"SLC18B1",0.0300458836060527,1.35091583685387e-09,2.44844040531689e-09
"RHBDF2",0.0300451827597698,1.3521045488121e-09,2.44990899776365e-09
"BAZ1B",0.0300419307223737,1.35763371436688e-09,2.45923913453027e-09
"MCTP1",0.030026014027623,1.38501499993308e-09,2.50743487403993e-09
"RBM18",0.0300178216523341,1.39931730499748e-09,2.53261957857246e-09
"HYOU1",0.0300170115352539,1.40073940926851e-09,2.53448488977204e-09
"RASSF4",0.0299653119859246,1.49446735291601e-09,2.70331982195537e-09
"GTF2F1",0.0299540018243148,1.51577237632226e-09,2.74109228053361e-09
"ZRSR2",0.0299362898116022,1.54973263411274e-09,2.80172272360957e-09
"SPTSSA",0.0299341256110753,1.55393267481403e-09,2.80853158479789e-09
"UBE2Q1",0.0299288918706748,1.56413564177724e-09,2.82618312723021e-09
"HBP1",0.0299187059356654,1.5841802194838e-09,2.86160232727067e-09
"GPBP1L1",0.0299141200588782,1.59328613352095e-09,2.87724809718678e-09
"CBR4",0.0298729486884846,1.67735540944553e-09,3.02822055793374e-09
"TRIM27",0.0298663493710731,1.69122672201873e-09,3.05241198727329e-09
"SLC43A2",0.0298636338210523,1.69696702666565e-09,3.06191876550541e-09
"TRAF3IP3",0.0298633780043706,1.6975087659087e-09,3.06204283936832e-09
"TRIO",0.029862583391301,1.69919258130399e-09,3.06422639870808e-09
"WDR33",0.0298600409340767,1.70459108694149e-09,3.07248225563521e-09
"ATG12",0.0298599803916135,1.70471984279297e-09,3.07248225563521e-09
"PEX2",0.0298573246479365,1.71037715642495e-09,3.08182068207491e-09
"PI4K2A",0.0298468983769906,1.73276481079824e-09,3.12129086953472e-09
"NRBP1",0.0298231151189121,1.78490689875463e-09,3.21432190891168e-09
"SIGLEC7",0.0298146412498168,1.80385177470609e-09,3.24753514723226e-09
"GALNT6",0.0298100709869004,1.81415061045816e-09,3.26516848821411e-09
"ZBTB20",0.0297867266421719,1.86765600584584e-09,3.35960127308863e-09
"ZNF37A",0.0297413358212219,1.97612852720821e-09,3.55275092617217e-09
"CYB5B",0.0297348510035142,1.99211826619726e-09,3.58050351342617e-09
"COMMD2",0.0297293976865235,2.00566211954841e-09,3.60384584012112e-09
"NFYC",0.0297278253059199,2.00958391597993e-09,3.60989075251223e-09
"CRCP",0.0297176732367494,2.03508540812158e-09,3.65468597286522e-09
"GOLT1B",0.0297044400884278,2.06880013397331e-09,3.7142019044213e-09
"B3GAT3",0.0296973951717567,2.08697011239357e-09,3.74474626043126e-09
"ARMT1",0.0296825028033538,2.12589306351359e-09,3.81353053288639e-09
"CHCHD7",0.0296615269062612,2.18191778910854e-09,3.91294619575863e-09
"SNX20",0.0296611141236768,2.18303459788073e-09,3.91386485369146e-09
"OGFR",0.0296355749322153,2.25322616394782e-09,4.03858975232507e-09
"SYNE3",0.0296128765373746,2.31745167234365e-09,4.15255525235339e-09
"GIMAP8",0.0296104566997303,2.32440291498574e-09,4.16385845921906e-09
"TAP2",0.029600685434003,2.35267907241685e-09,4.21218039679941e-09
"KDM5C",0.0295979434165818,2.36067395764935e-09,4.22532574006688e-09
"GSK3B",0.0295950994385351,2.36899408358086e-09,4.23904579798299e-09
"STAT6",0.0295906427732906,2.38208964251521e-09,4.26130100736212e-09
"SRGAP1",0.02957107455884,2.44042856979741e-09,4.36325174285238e-09
"WDR36",0.0295686728726309,2.44768391534866e-09,4.37501536940012e-09
"YTHDF1",0.0295682273545612,2.44903210592648e-09,4.37621690691913e-09
"LYN",0.0295679891142092,2.449753346275e-09,4.37629778250121e-09
"CAMTA2",0.0295623351264308,2.46693086727769e-09,4.40576839579469e-09
"TRPC4AP",0.0295610429421904,2.47087312208992e-09,4.41159200011311e-09
"BCL2L13",0.0295332037001531,2.55731189409255e-09,4.56466424106843e-09
"EXOC5",0.0295283128836799,2.57279864909824e-09,4.59104147030374e-09
"TSPAN14",0.0294974647280266,2.67260521781256e-09,4.76782755032199e-09
"PLAGL2",0.0294930287370539,2.68726407041822e-09,4.792657738812e-09
"PPIP5K2",0.0294925825092304,2.68874296922109e-09,4.79397465787313e-09
"CASP3",0.0294827040413613,2.72168615268932e-09,4.85137559265162e-09
"NBPF9",0.0294613900208444,2.79410965678625e-09,4.9790987938437e-09
"PRPF4B",0.0294435415626546,2.85619821110905e-09,5.08833990608695e-09
"SNX29",0.0294323284931219,2.89588951463235e-09,5.15763100900408e-09
"ACTR6",0.0294242863057965,2.9246869414443e-09,5.20605533651647e-09
"RABGGTB",0.0294221758825899,2.93229000408056e-09,5.21815433931214e-09
"DDX41",0.0294085502870878,2.98184319683646e-09,5.30487849857632e-09
"UFL1",0.0294042204576027,2.99775982890043e-09,5.33172998140149e-09
"CDH23",0.0293926448551809,3.04071951859162e-09,5.40665151424392e-09
"NRDC",0.0293902145279048,3.0498148527247e-09,5.42133480410206e-09
"ANP32E",0.0293845376248765,3.07116359959892e-09,5.45778565572424e-09
"GHDC",0.0293742851427665,3.11008868345377e-09,5.52544295737642e-09
"SMARCA2",0.0293533059972898,3.19124197916964e-09,5.66806600086261e-09
"BIN2",0.0293506157511904,3.20179659616e-09,5.68525265044977e-09
"SPTLC2",0.0293501431275621,3.20365434244317e-09,5.68699155826079e-09
"PLRG1",0.0293462187096668,3.21912067840307e-09,5.71288028288965e-09
"MPDU1",0.0293384977861977,3.249761724816e-09,5.76567755726466e-09
"TFEB",0.0293084292458676,3.3718199586434e-09,5.98059244171435e-09
"ITPR1",0.029307124158005,3.37721758247954e-09,5.98852550779856e-09
"CRLF3",0.0292969383732951,3.41963427229076e-09,6.06207893724271e-09
"NCOA7",0.0292912233594095,3.44365997738498e-09,6.10299882113068e-09
"ZC3H6",0.0292888976951077,3.45348395419517e-09,6.11873429651328e-09
"POLR2D",0.0292868241311036,3.46226602182265e-09,6.1326156567113e-09
"SCAF1",0.0292855777905219,3.46755504584658e-09,6.14030398435743e-09
"KLHDC2",0.029278028483587,3.49976011774604e-09,6.19563768178502e-09
"GNAQ",0.0292661880399009,3.55085831958244e-09,6.28437855685531e-09
"PPTC7",0.0292431500971034,3.65236951856936e-09,6.46226845127577e-09
"PCSK7",0.029236393414694,3.68267318308556e-09,6.51410551565463e-09
"USP16",0.0292361498091068,3.68377031064617e-09,6.51426631825275e-09
"SERPINB8",0.0292301942654426,3.71069150319598e-09,6.56008104633828e-09
"WDR73",0.0292240574868901,3.73863225321588e-09,6.60767272927098e-09
"RARS2",0.0292155060339933,3.77790877179501e-09,6.67526784623386e-09
"PWWP2B",0.0292109734689049,3.79888923957687e-09,6.71050721337534e-09
"ARHGAP17",0.0291872282072438,3.91066885016349e-09,6.90607477794828e-09
"AC118549.1",0.0291490132316135,4.0973181985769e-09,7.23371639421513e-09
"BRPF1",0.0291451111742039,4.11685739848687e-09,7.26623086090622e-09
"POM121C",0.0291395520941491,4.14485069529927e-09,7.31364497175455e-09
"MAPK1IP1L",0.0291095999497253,4.29889518918788e-09,7.58339167705785e-09
"HDAC9",0.0290931401177121,4.38590594438428e-09,7.73477392643525e-09
"KPNA6",0.0290798958496866,4.45716054226878e-09,7.85829448547061e-09
"SNUPN",0.0290698767497703,4.51181080943744e-09,7.95248112722515e-09
"CHTOP",0.0290691982082489,4.5155354714889e-09,7.95687987001065e-09
"CNOT3",0.0290626900523292,4.55141247328974e-09,8.01791683049735e-09
"RARA",0.0290431725837574,4.66067612632838e-09,8.20816573499726e-09
"SGMS1",0.0290203492672909,4.79168626399557e-09,8.43430583825648e-09
"TICAM2",0.0290142161593772,4.82749793206271e-09,8.49503169670399e-09
"NPTN",0.0290106684410073,4.84833207073015e-09,8.52937549617039e-09
"LINC00623",0.0290076990247236,4.86583733959695e-09,8.55784594853318e-09
"SLC25A36",0.0290014539385614,4.90285420976613e-09,8.62060786366809e-09
"GXYLT1",0.028975086543596,5.06218662910193e-09,8.89834271974094e-09
"PITHD1",0.0289650740467352,5.12400029819903e-09,9.00455426996214e-09
"LMO4",0.0289638765696277,5.13144208996878e-09,9.01518482780403e-09
"STT3A",0.0289624704923876,5.14019366272772e-09,9.02811008478006e-09
"SPTLC1",0.0289551814603811,5.18579463892511e-09,9.10573216501252e-09
"H3F3B",0.0289446340254032,5.25247807430933e-09,9.22032078445733e-09
"TRIM56",0.0289369323095281,5.30169640904189e-09,9.30419695097241e-09
"FBXO25",0.0289327247754081,5.32877416007983e-09,9.34918263207501e-09
"OSBP",0.0289312799238435,5.33810355609237e-09,9.36301338990573e-09
"MKNK1",0.0289284653738598,5.35632273301583e-09,9.39242507409114e-09
"CUL2",0.0289253361622381,5.37664980200278e-09,9.42551606232494e-09
"GGCX",0.0289208861965737,5.40568566379239e-09,9.47385191862261e-09
"TLR5",0.0288950630085375,5.57721639658772e-09,9.77182650920403e-09
"UBE2S",0.0288799158530076,5.68028317842466e-09,9.94971680116916e-09
"FBXO22",0.028857668633157,5.83502795819875e-09,1.02180067626126e-08
"VCP",0.0288444047639655,5.92923046074031e-09,1.03801617097979e-08
"GAB3",0.028842225531702,5.94484861579768e-09,1.04046904403012e-08
"ADPRHL2",0.0287990215029958,6.26287455194738e-09,1.09583377971101e-08
"FAM53B",0.0287607027195639,6.55874087791799e-09,1.14729231136561e-08
"TLK1",0.0287575134214618,6.58396988873326e-09,1.15139441003941e-08
"YME1L1",0.0287542578051448,6.60982085231345e-09,1.15560302991837e-08
"PGGT1B",0.0287525308854401,6.62357336314079e-09,1.15769476114939e-08
"NAGLU",0.0287507946959703,6.63742774631022e-09,1.1598031640921e-08
"MTPAP",0.0287377978408822,6.74203853503066e-09,1.17744692408385e-08
"TGFBRAP1",0.0287274560578505,6.82642275738087e-09,1.19186248466245e-08
"POR",0.0287249436376362,6.84707752151838e-09,1.19514639725829e-08
"PRKAR1A",0.0286926630533757,7.11792624987408e-09,1.24208772349555e-08
"KATNA1",0.0286386336810526,7.59473893461976e-09,1.32493505423682e-08
"TBRG1",0.0286364971585046,7.61421859127727e-09,1.32797551616188e-08
"ZBED4",0.0286230181383649,7.73823780150832e-09,1.34924189407393e-08
"IDE",0.0286203686195592,7.76284571525381e-09,1.35316809802243e-08
"FAF1",0.0285887955731209,8.06200605360583e-09,1.40493747485987e-08
"RPP38",0.0285699066292284,8.24630983297869e-09,1.43666872601464e-08
"TRIQK",0.0285561572229423,8.3830354430877e-09,1.45970337435583e-08
"CASP2",0.0285517219210076,8.42760885674573e-09,1.46707017312643e-08
"TMED5",0.0285500457288895,8.44451399169619e-09,1.46961783823229e-08
"SLC30A9",0.0285456808184125,8.48869088651852e-09,1.47690902443754e-08
"LRRC8D",0.0285328711340478,8.6196377904037e-09,1.49928895902938e-08
"SCAMP3",0.0285245628517059,8.70561681886638e-09,1.51383731628635e-08
"ENOPH1",0.028522604657038,8.72600246493922e-09,1.51697475719701e-08
"RIN3",0.0285171229641849,8.78331633582145e-09,1.52652858947941e-08
"TM7SF3",0.0284957916279623,9.00984931647975e-09,1.5654794545059e-08
"ACTB",0.02849482875433,9.02020762472899e-09,1.56685871109459e-08
"SNRNP48",0.0284888087378312,9.08523210593592e-09,1.57773048964134e-08
"CDK11B",0.0284860053387944,9.11566796673059e-09,1.58257269784994e-08
"MTCH1",0.0284857904935725,9.11800457673817e-09,1.58257269784994e-08
"CRK",0.0284732268342172,9.25566142315432e-09,1.60560428867902e-08
"LCORL",0.0284667241094367,9.32770139860518e-09,1.61766779680069e-08
"ANKRD12",0.0284657203652113,9.33886975590353e-09,1.61917093732511e-08
"MARCH7",0.0284612452822593,9.38882100890622e-09,1.62739564154375e-08
"CNOT9",0.0284560790288198,9.44681017160721e-09,1.63700880757455e-08
"DDX19B",0.0284506490985666,9.5081342289539e-09,1.64675390578511e-08
"CEP63",0.0284434007720313,9.59059804745192e-09,1.66059191653393e-08
"GLS",0.0284420675292793,9.60584178793312e-09,1.66278662393259e-08
"TTL",0.0284410078111966,9.61797495818997e-09,1.66444185723929e-08
"STX2",0.0284348516065195,9.68875518706055e-09,1.67624267987787e-08
"TOR4A",0.0284038884200268,1.00524980200908e-08,1.73870884803815e-08
"SEL1L",0.0283979858279548,1.01233298337524e-08,1.75049245041968e-08
"LAT2",0.0283936991702986,1.01750740578353e-08,1.75897007878306e-08
"C20orf194",0.0283900165289966,1.02197324052834e-08,1.76621856892164e-08
"RPA2",0.028382938870014,1.03060966672458e-08,1.78066906388442e-08
"CEP104",0.0283787651001253,1.03573586286744e-08,1.78904855288255e-08
"MAN1A2",0.0283771041897674,1.03778266708745e-08,1.79210589136415e-08
"NFATC1",0.0283760311384305,1.03910711957925e-08,1.79391453124162e-08
"GYPC",0.0283609003182938,1.05795869855906e-08,1.82597297106675e-08
"MIEF1",0.0283517304781581,1.06954477103663e-08,1.84547783787077e-08
"UBE4A",0.0283457623086656,1.07715168555598e-08,1.85810818339712e-08
"SLC39A11",0.0283375808215732,1.08766514839545e-08,1.87524478580882e-08
"HDHD2",0.0283302825447832,1.09712776456717e-08,1.89105568365491e-08
"RCHY1",0.028322153363632,1.10776188355981e-08,1.90887687893697e-08
"HIP1",0.0283106724988631,1.12295127236743e-08,1.93453606634026e-08
"HMGCS1",0.0282720878504184,1.17549709384377e-08,2.02451933640452e-08
"MED15",0.0282717316848893,1.17599308758957e-08,2.02483490666352e-08
"FLAD1",0.0282694830337431,1.17912924235535e-08,2.02969495214265e-08
"ARHGEF3",0.0282239999723585,1.24433655357352e-08,2.14137024131711e-08
"ZNF217",0.0282025227270587,1.2763326888002e-08,2.19584847921671e-08
"SFSWAP",0.0281852496767193,1.30264415807594e-08,2.24052026551107e-08
"PLEKHA2",0.0281571066917864,1.34664610279807e-08,2.31497261537831e-08
"ALDH9A1",0.028154063670235,1.35148952827618e-08,2.32268202974781e-08
"POLG",0.0281420343596843,1.37080219506646e-08,2.35524772050432e-08
"ELF4",0.0281379124462724,1.37748125903529e-08,2.36609542875947e-08
"MMGT1",0.0281329083779407,1.38563224309695e-08,2.3794650243527e-08
"LARP4B",0.0281283037021792,1.39317404890715e-08,2.39178170051045e-08
"RAE1",0.0281004002665393,1.43973616060169e-08,2.47106360120238e-08
"GPBP1",0.0280871962236231,1.46229311114554e-08,2.50911359701994e-08
"SLAIN2",0.0280781272668904,1.47798440825547e-08,2.53536594039372e-08
"PRKD3",0.028068297976875,1.49517593793179e-08,2.56417722441601e-08
"CNOT4",0.0280357789688397,1.55344750438892e-08,2.66340549348884e-08
"GOLGA3",0.028018816215894,1.58471281141594e-08,2.71629090312597e-08
"SLC35C2",0.0280071376860121,1.60659270299683e-08,2.75306542064623e-08
"UBE2J1",0.0280037093832468,1.61307119051949e-08,2.76343553517417e-08
"MPHOSPH9",0.0279987478971051,1.62249189389233e-08,2.77883929128543e-08
"ADSS",0.0279823388065247,1.65403106389738e-08,2.832107142997e-08
"NBR1",0.0279750866053764,1.66815916593512e-08,2.8555426864791e-08
"MTA1",0.0279636692568041,1.69063923295203e-08,2.89325889350554e-08
"PJA2",0.0279528606020681,1.71219173501979e-08,2.92936820626801e-08
"LONP1",0.0279428115101427,1.73246885735945e-08,2.96327698349937e-08
"ARFIP1",0.0279247306286953,1.76954135965146e-08,3.02588768155931e-08
"MTF2",0.0278984206363519,1.82486592767852e-08,3.11898582948214e-08
"ARMC1",0.0278983818249671,1.82494876769823e-08,3.11898582948214e-08
"CDYL",0.0278972948730409,1.82727026957699e-08,3.12212924920597e-08
"YIPF5",0.0278948827335421,1.83243234199807e-08,3.13012321427322e-08
"AKIRIN2",0.0278867931207665,1.84984800961594e-08,3.15903877980839e-08
"ZNF121",0.0278846919323919,1.85439776703481e-08,3.16597340289645e-08
"MOV10",0.0278662720322573,1.89475074085169e-08,3.2340143148626e-08
"CIDEB",0.0278587215845765,1.91153694040917e-08,3.26180552245887e-08
"INSIG1",0.0278313954412326,1.97350396888722e-08,3.36665736352461e-08
"PHKB",0.0278289351144357,1.97917795216005e-08,3.37544732936886e-08
"JADE2",0.0278248943679411,1.98853106763979e-08,3.39050569710297e-08
"PPP1R10",0.0278145059941487,2.01277444292886e-08,3.43093779450276e-08
"BCL7B",0.0277948768319532,2.05936878750702e-08,3.50943762314305e-08
"MAFG",0.0277801733178192,2.09495522068439e-08,3.56914213123966e-08
"STK38L",0.0277746518149959,2.10847231606062e-08,3.59122593374808e-08
"BTBD2",0.0277723998809093,2.11400950992694e-08,3.59971003873409e-08
"PBX3",0.0277578748746879,2.15006514699329e-08,3.66014245638563e-08
"XPR1",0.0277507868116842,2.16787598178569e-08,3.68949240433244e-08
"TRIM34",0.0277276407708213,2.22704027744081e-08,3.78918758374555e-08
"SRD5A1",0.0277261857089194,2.23081151067629e-08,3.79460686287923e-08
"ZNF672",0.0277190039705905,2.24951614593904e-08,3.82541831594678e-08
"CNN2",0.0277096767871884,2.27403588999093e-08,3.86609988230076e-08
"BRMS1",0.0276839346809184,2.3430615972427e-08,3.98240503558657e-08
"DRG1",0.0276593262274277,2.41094619821083e-08,4.09671015412517e-08
"HGSNAT",0.027641463340732,2.46141427968616e-08,4.18136868189142e-08
"CARD8-AS1",0.0276333624401618,2.48463829180549e-08,4.21971361520166e-08
"SUDS3",0.0276293381767222,2.49625414449688e-08,4.23832922409462e-08
"KIAA0100",0.0276242434390314,2.51103548519956e-08,4.26119101734783e-08
"CREB3L2",0.0276212956936333,2.51962651959566e-08,4.2746493940939e-08
"YAF2",0.0276111791903396,2.54932795921369e-08,4.32390600155866e-08
"NUDT16L1",0.0276062428283558,2.56394388816303e-08,4.3475570277547e-08
"MARK4",0.0275979717637871,2.58861590362752e-08,4.38824282798758e-08
"GPATCH8",0.0275796839585708,2.64398776504584e-08,4.47999709286695e-08
"EPS15",0.027579638913105,2.64412556253392e-08,4.47999709286695e-08
"KRIT1",0.0275567757454005,2.71497260553385e-08,4.59883114814918e-08
"RAB21",0.0275257126004213,2.81418710145035e-08,4.7656414582238e-08
"TMEM19",0.0275225902350357,2.82435221436378e-08,4.78160466417132e-08
"TBC1D2",0.0275056993301743,2.87996257611301e-08,4.87447783470736e-08
"KMT5A",0.0274969407577941,2.90921542997533e-08,4.92270274272355e-08
"ELOA",0.0274842865850917,2.95198893145003e-08,4.99377484771557e-08
"RNF14",0.0274790447392166,2.96988552599477e-08,5.02273743346137e-08
"FOXK2",0.0274746322742119,2.98503202537999e-08,5.04703508287021e-08
"CPSF3",0.0274708848386727,2.99795453186586e-08,5.06756074133148e-08
"HUWE1",0.027461438531019,3.03077009946994e-08,5.12169293238538e-08
"SPART",0.0274517929743019,3.06463732259545e-08,5.17757359772519e-08
"VAV1",0.0274479730794787,3.07815087789506e-08,5.19904742590467e-08
"RNF220",0.0274303254563534,3.14133657127807e-08,5.30438522755719e-08
"DDX55",0.0274202333215258,3.17803414950559e-08,5.36473447218049e-08
"MILR1",0.027420042062206,3.17873361681872e-08,5.36473447218049e-08
"PHF14",0.0274065408109146,3.22848912030579e-08,5.4472865688975e-08
"CDK9",0.0274032629515036,3.24068235392181e-08,5.46643500763153e-08
"SLC37A2",0.0273933530322139,3.27781832846191e-08,5.52763632676801e-08
"C12orf49",0.027386242069417,3.30471964855222e-08,5.571550782481e-08
"QTRT2",0.027362468490336,3.39622072194837e-08,5.72432516373177e-08
"C2orf49",0.0273562661791298,3.42049380890988e-08,5.76373683469093e-08
"WBP1L",0.0273497333652488,3.44624227177724e-08,5.80561344457087e-08
"ARHGAP27",0.0273437718970027,3.46990281107598e-08,5.84395182073515e-08
"RAB5A",0.0273431337046805,3.47244505624181e-08,5.84671243019752e-08
"JAK1",0.0273225995057816,3.55521431201676e-08,5.98140786278496e-08
"RING1",0.0273223048824094,3.55641569283909e-08,5.98187456363738e-08
"GRPEL1",0.0273100299524418,3.60682040202255e-08,6.06507929420623e-08
"CMTR2",0.0273031284868126,3.63546354135082e-08,6.11165696356925e-08
"SAMD9",0.0272872715211596,3.70211287874263e-08,6.22208690991168e-08
"TOR3A",0.0272790843361407,3.73698723603818e-08,6.27906965120976e-08
"UBLCP1",0.0272738465001048,3.7594653502386e-08,6.31519944925913e-08
"SMARCD1",0.0272735763712483,3.76062815362418e-08,6.3155140509891e-08
"FTSJ3",0.0272712083309867,3.77083661997229e-08,6.33101563218377e-08
"THAP1",0.0272484589488612,3.87028681873895e-08,6.49630201309722e-08
"DRG2",0.0272287114487898,3.95867237795245e-08,6.64293545227169e-08
"OTUD5",0.0272232531410498,3.98344584643056e-08,6.68277491831859e-08
"SMARCAD1",0.027213715406279,4.02709579683305e-08,6.75425341676093e-08
"TOR1A",0.027192180389069,4.12736450065207e-08,6.9193045439012e-08
"AKIRIN1",0.0271921215017336,4.12764197537016e-08,6.9193045439012e-08
"C2CD2L",0.0271894665530443,4.14017079255117e-08,6.93851040926127e-08
"DESI2",0.0271884367369888,4.14504045721819e-08,6.94487368530811e-08
"SENP6",0.0271851546324927,4.1605975430594e-08,6.96913544470028e-08
"ZBTB44",0.0271772606747235,4.19824686756132e-08,7.03038029503156e-08
"RSRC2",0.0271716285049807,4.22531054808202e-08,7.07180152939234e-08
"FBXW11",0.0271714317802517,4.22625889978668e-08,7.07180152939234e-08
"MFSD14C",0.0271546387211467,4.30797849350691e-08,7.20668030154102e-08
"NOM1",0.0271530489312679,4.31579374754947e-08,7.21594390941665e-08
"ZNF264",0.0271528322766969,4.3168598642525e-08,7.21594390941665e-08
"ZNF430",0.0271500574957174,4.33053663977787e-08,7.23693706915898e-08
"SERINC1",0.027149209815944,4.33472318736558e-08,7.24206397806574e-08
"POLR2A",0.0271432014878851,4.36450998479516e-08,7.28994779194114e-08
"PTPN9",0.0271165627974998,4.49898101242226e-08,7.5126136379731e-08
"TERF2IP",0.0270995555178245,4.58692458090758e-08,7.65551681794165e-08
"LGALS8",0.0270961908294971,4.60451955458793e-08,7.68290195783564e-08
"GFM1",0.0270902517870646,4.63573639766239e-08,7.73299599032887e-08
"VIRMA",0.0270688021848244,4.75019758272508e-08,7.92189055913502e-08
"KIN",0.0270662516429725,4.76398888314731e-08,7.94284420023068e-08
"NIBAN2",0.0270615300507158,4.78962199607119e-08,7.98352543835347e-08
"LUC7L3",0.0270566412329555,4.81630382342534e-08,8.02593332119837e-08
"SDR39U1",0.0270542733779192,4.82927866231726e-08,8.04548380335614e-08
"EMD",0.0270472772431301,4.86781275422575e-08,8.10759448697131e-08
"TTC7A",0.0270466698575611,4.87117220528166e-08,8.11110310107857e-08
"PIK3R5",0.0270437763775154,4.88720692757562e-08,8.13571037519274e-08
"METAP1",0.027039006478178,4.91375190264205e-08,8.17779686830454e-08
"CLIC4",0.0270255461400879,4.98941587476582e-08,8.30158786256334e-08
"CLOCK",0.027022673559596,5.00570897558303e-08,8.32655701642459e-08
"BDP1",0.0269970449567103,5.15337359556105e-08,8.56778137074017e-08
"MPEG1",0.0269873806930764,5.21014525237418e-08,8.65994361074979e-08
"PBRM1",0.0269745434648916,5.28649419344165e-08,8.78459019721284e-08
"FLOT1",0.0269706335860671,5.30996268966574e-08,8.82132369845932e-08
"TTF1",0.0269679450700262,5.32615867885692e-08,8.84595979654174e-08
"AGGF1",0.0269552630206741,5.40320485722044e-08,8.97162047849323e-08
"OGFRL1",0.0269369878721805,5.51613287499661e-08,9.15678057249438e-08
"PICK1",0.0269350374489321,5.52831937861112e-08,9.17465769216314e-08
"DNTTIP2",0.0269312479175529,5.55207150736142e-08,9.21171474593999e-08
"TOB2",0.0268998953154951,5.75241457036729e-08,9.54166844185442e-08
"PDPK1",0.0268733017951245,5.92782249312317e-08,9.83010318147525e-08
"TPCN1",0.0268404328791207,6.15179261740121e-08,1.01989002317684e-07
"RBM22",0.0268398793803763,6.15563349478169e-08,1.02026552087088e-07
"MBD5",0.026837843780884,6.16977906448528e-08,1.02234834050365e-07
"MIA3",0.0268350153171136,6.18948661548861e-08,1.02535149305715e-07
"DHRS7B",0.0268319588336168,6.21085147319661e-08,1.028627588577e-07
"SRSF6",0.0268249990215784,6.2597675639886e-08,1.03646381609366e-07
"DDX42",0.026820653316456,6.29049982798034e-08,1.04108261121337e-07
"NUP210",0.0268205998040093,6.29087917063132e-08,1.04108261121337e-07
"SETD5",0.0268128900621386,6.34576474742845e-08,1.04989729043833e-07
"ZNF622",0.0268119105131348,6.35277127501922e-08,1.05078797226557e-07
"TANGO2",0.0267951440575854,6.47386699400552e-08,1.07054444238038e-07
"MNT",0.0267925274916136,6.49296573995704e-08,1.07342850358738e-07
"SNX11",0.026792152817361,6.49570501267924e-08,1.07360720582296e-07
"LIN7C",0.0267890676014465,6.51830387204298e-08,1.07706736262395e-07
"RSBN1",0.0267711338698302,6.65118229740539e-08,1.09874340886457e-07
"COASY",0.026755759625371,6.76718221579384e-08,1.11762085880228e-07
"BATF",0.0267381981546,6.90208323315786e-08,1.13960945808375e-07
"SETD3",0.0267343810216439,6.93174785304512e-08,1.14421559410031e-07
"DCK",0.0267299319641948,6.96647930616306e-08,1.14965554494264e-07
"TTC17",0.0267269629260786,6.98975074053834e-08,1.15320199526619e-07
"IBTK",0.0267054599064451,7.16055412245668e-08,1.1810809525805e-07
"FAM98C",0.0267002208782461,7.20277742149164e-08,1.18774276685524e-07
"CNOT1",0.0266962481392059,7.23495588127798e-08,1.19274520945744e-07
"ZCCHC7",0.0266692578805191,7.45728770829168e-08,1.22908555558759e-07
"C19orf25",0.0266689843824046,7.45957416181108e-08,1.22914948138368e-07
"TMEM106B",0.0266566378640586,7.56350159813429e-08,1.24595698082243e-07
"ANKIB1",0.0266501085773172,7.61902766265056e-08,1.25478466263037e-07
"MRPS31",0.0266449141614403,7.66348354227642e-08,1.26164827330901e-07
"AQR",0.0266447839743273,7.66460095601536e-08,1.26164827330901e-07
"CLN5",0.0266409624881734,7.69747167738475e-08,1.26673695067079e-07
"ZDHHC3",0.0266122123384765,7.94918246613988e-08,1.30782737702134e-07
"ASL",0.0266118902925961,7.9520466626455e-08,1.30796621173697e-07
"SRPK2",0.0266102595842807,7.96656512836939e-08,1.31002140312582e-07
"RASSF2",0.0266084095119818,7.98306770866181e-08,1.31240173554791e-07
"KLC1",0.0265946391338763,8.10694342982712e-08,1.3324283260904e-07
"NCOR1",0.0265864386670732,8.18159540732459e-08,1.34401544448159e-07
"ZNF92",0.026574196118724,8.29428403611803e-08,1.36201995487767e-07
"CREB1",0.026574075233334,8.29540420463802e-08,1.36201995487767e-07
"ADO",0.0265666933113698,8.36408610381169e-08,1.37294861653339e-07
"ZC3H14",0.0265484368182052,8.53631884414333e-08,1.40086510005029e-07
"MLLT10",0.0265370886916907,8.645103037444e-08,1.41835775632064e-07
"COIL",0.0265337309923935,8.67754675949825e-08,1.42331993212545e-07
"USP22",0.0265272358050916,8.74064131737482e-08,1.43330577225645e-07
"VPS37B",0.0265154305028686,8.85645771146729e-08,1.45192978536438e-07
"FASTK",0.0265090889455996,8.9192838078789e-08,1.46185932587868e-07
"PPP1R15A",0.026464271713063,9.37575339921443e-08,1.53628518113172e-07
"HPSE",0.0264608451549513,9.41156912210203e-08,1.54176362592329e-07
"SOS1",0.0264591922771,9.4288929641696e-08,1.54421080318831e-07
"MAP3K7",0.0264514495018618,9.5104569602716e-08,1.55717497118863e-07
"SLC27A3",0.0264237718904016,9.80764031283502e-08,1.60542764564586e-07
"PTPN12",0.0264185465077343,9.86474678788522e-08,1.6143673080073e-07
"MED6",0.026409410258628,9.96536805294709e-08,1.63042185430325e-07
"MAVS",0.0264029082748568,1.0037581386521e-07,1.64182167499588e-07
"FAM110A",0.0263990021555595,1.00812073951938e-07,1.64854096177026e-07
"SNTB2",0.0263890992870686,1.01926329017714e-07,1.66634104560778e-07
"DEDD",0.0263828835721153,1.02631790442781e-07,1.67745067237204e-07
"TANK",0.0263799051402255,1.02971504360754e-07,1.6825782918514e-07
"OAS2",0.0263648662239325,1.04703501458276e-07,1.71044781337592e-07
"FAF2",0.026347941948987,1.06686353395344e-07,1.74240023178976e-07
"NSFL1C",0.02632787569689,1.09084430095323e-07,1.78111626844166e-07
"MAP3K7CL",0.0263148932661649,1.10663637957737e-07,1.80644576938574e-07
"RO60",0.0262845052863578,1.14447071850297e-07,1.86773466891561e-07
"MPND",0.0262832964907465,1.14600131762306e-07,1.86976122235174e-07
"TERF2",0.026272284547314,1.16003635951554e-07,1.89218326820448e-07
"DST",0.0262434251243921,1.19761220138853e-07,1.95298271833485e-07
"WDR81",0.0262357340121074,1.20782335389123e-07,1.96913835132003e-07
"CHM",0.0262283156779288,1.21775212919659e-07,1.98482560030683e-07
"FRAT2",0.0262248007801942,1.22248403220087e-07,1.99203665352842e-07
"GATAD2B",0.0262215029172275,1.22693992651424e-07,1.99879443489009e-07
"RABEP1",0.0262198135441036,1.22922859866041e-07,2.00201910634654e-07
"MFAP1",0.0262127458691781,1.23884837227978e-07,2.01667195427188e-07
"ZBED1",0.0262100311606528,1.24256267419162e-07,2.02220984231185e-07
"NBAS",0.0262011853139307,1.25474058585428e-07,2.04151559507932e-07
"TP53I13",0.0261831832118561,1.27988135497362e-07,2.08189746032643e-07
"THUMPD1",0.0261752352548719,1.29113548109544e-07,2.09967623828482e-07
"NELFB",0.0261688218253896,1.30028648622388e-07,2.11402679854681e-07
"GATC",0.0261673643417606,1.30237483008733e-07,2.11689044689564e-07
"C2orf68",0.0261630459134278,1.30858152247684e-07,2.12644497402486e-07
"TAB2",0.0261398140701585,1.34246580306429e-07,2.180959500386e-07
"ZKSCAN1",0.026135644276558,1.34863673750705e-07,2.18988568814162e-07
"PPP4R3B",0.0261217010353041,1.36947144605226e-07,2.223159012473e-07
"NRBF2",0.0261004798321848,1.40177996164672e-07,2.27446703551399e-07
"DDX56",0.0260896391241004,1.41856782135424e-07,2.30112956037267e-07
"IREB2",0.0260802317640854,1.43329345901944e-07,2.32443433208714e-07
"CCL3L1",0.026076087753032,1.43982701779686e-07,2.33444530759251e-07
"BECN1",0.0260471158693198,1.4863162579738e-07,2.4086864195203e-07
"PPP2R5C",0.0260470883034221,1.48636117485073e-07,2.4086864195203e-07
"ADPRH",0.0260384803949751,1.50045161028337e-07,2.43091184308672e-07
"RAB1B",0.026014459136979,1.54045904549763e-07,2.49510429335793e-07
"TLR1",0.0259999906095974,1.5650521286422e-07,2.5343040222185e-07
"GSE1",0.0259864269734697,1.5884516118067e-07,2.57155182166456e-07
"WAPL",0.0259850823323714,1.59078968213154e-07,2.5746931005299e-07
"REV3L",0.0259701983478258,1.61689334632326e-07,2.61628780907193e-07
"BTN3A1",0.0259628950685424,1.62985290337443e-07,2.63659862479911e-07
"GPATCH2L",0.0259182655838847,1.71125673793654e-07,2.76690212822206e-07
"MICU2",0.0259013454638869,1.74313516814761e-07,2.81774209203187e-07
"ERICH1",0.025888026503887,1.76863190601773e-07,2.85824337482746e-07
"PANK2",0.0258747722625746,1.79436247950402e-07,2.89910224414999e-07
"PLBD2",0.0258741897895919,1.79550150064785e-07,2.90021874131591e-07
"GIT2",0.0258731362551267,1.79756345431376e-07,2.90282509434454e-07
"XRCC1",0.025862301676357,1.81890189970453e-07,2.93655134630601e-07
"TBC1D2B",0.0258472546857982,1.84894317931105e-07,2.98430768956862e-07
"VENTX",0.0258350814369703,1.8735974686617e-07,3.02334746064703e-07
"AC004951.1",0.0258333092767135,1.87721298956512e-07,3.02767237031505e-07
"CCDC82",0.0258312027967044,1.88151935476452e-07,3.03386209283823e-07
"DIDO1",0.0258241687781386,1.89596858365609e-07,3.05639955442967e-07
"GLYR1",0.0258102375345906,1.92490327171327e-07,3.10227129227575e-07
"MTG1",0.0258013353754945,1.94361574516726e-07,3.13164966008283e-07
"TAF3",0.0257970584057571,1.95266841004834e-07,3.14545292029186e-07
"LYPLA2",0.0257880204935295,1.97193236148188e-07,3.17569405677455e-07
"CDC27",0.0257788247061053,1.99172128701361e-07,3.20676538476152e-07
"MARK2",0.0257731876193838,2.00394679023648e-07,3.22564682247413e-07
"RAB11FIP2",0.0257659989964799,2.01964245573221e-07,3.25010322108136e-07
"C1orf52",0.0257564978707896,2.04056962913674e-07,3.28296415979902e-07
"SORT1",0.0257405755486625,2.07611084849452e-07,3.33931469146671e-07
"NFKBIL1",0.0257139836003732,2.13680629498852e-07,3.43583302464219e-07
"UPF2",0.0257138223931164,2.13717942388541e-07,3.43583302464219e-07
"RC3H2",0.0257055200939269,2.1564812037721e-07,3.46600280864463e-07
"BICD2",0.025704114873876,2.15976478469776e-07,3.47041876796558e-07
"ARSB",0.0256962099418334,2.17832648200017e-07,3.49937609043899e-07
"TEP1",0.0256869206304307,2.20033590016028e-07,3.53385626832986e-07
"MHENCR",0.0256824701776312,2.21095646257879e-07,3.55003277250374e-07
"CCP110",0.0256802415211529,2.21629352548543e-07,3.55771988197191e-07
"PREX1",0.0256721389972519,2.23580209615177e-07,3.58814644781521e-07
"FAM76A",0.0256605116294588,2.26408763694806e-07,3.63264023831518e-07
"IL10RB",0.0256503322050964,2.28913439694795e-07,3.67191677052553e-07
"RBM26",0.0256148949250777,2.37843405310172e-07,3.81326945512149e-07
"FEM1B",0.0256146457142892,2.37907380932774e-07,3.81335079019257e-07
"DCUN1D5",0.0256040333913322,2.40647181888647e-07,3.85631152363143e-07
"SGMS2",0.0256017665766625,2.41236347418651e-07,3.86479612271306e-07
"C6orf120",0.0255841588455621,2.45860445350776e-07,3.93790332310965e-07
"HRH2",0.02558269551999,2.462485705926e-07,3.94314431366928e-07
"ATP2A2",0.0255765872571836,2.47875097498102e-07,3.96820816321145e-07
"SUCLG2",0.0255509163862853,2.54824995057948e-07,4.07745184875224e-07
"CBFA2T3",0.025519385553561,2.63619201710935e-07,4.21712555442697e-07
"HNRNPH2",0.0255120977629236,2.65693146024002e-07,4.24925253794315e-07
"TXLNA",0.0255078448639522,2.66910699273914e-07,4.26767070165305e-07
"RPS6KA3",0.0254917667109,2.71562559491161e-07,4.34097780282907e-07
"PRKRA",0.0254861239956082,2.73213641900448e-07,4.36629256396816e-07
"CDC73",0.0254591935620169,2.81228073626319e-07,4.49326394041655e-07
"PTPA",0.0254476103611634,2.84744605097769e-07,4.54832611251655e-07
"IFNGR2",0.0254419479448748,2.86479067354428e-07,4.57490252109662e-07
"NAPG",0.0254376801364333,2.8779308355803e-07,4.59475320087469e-07
"MFSD12",0.0254365994538387,2.88126737431956e-07,4.59894600131775e-07
"CES2",0.0254324053837433,2.89425171294519e-07,4.61853231195641e-07
"ASXL2",0.0254310184208474,2.89855800269566e-07,4.62426429508421e-07
"HCG18",0.0254281524239061,2.90747605810867e-07,4.6373491008119e-07
"SPPL3",0.0254219957498804,2.92672331679977e-07,4.6668982150152e-07
"FOXP1",0.0254066842092101,2.97512589836538e-07,4.74291186062976e-07
"SAFB2",0.0253949056804899,3.01288505543784e-07,4.80192463045411e-07
"NUP160",0.0253937960948989,3.01646587580601e-07,4.80644845679747e-07
"EYA3",0.0253752066376449,3.07707183465024e-07,4.90181177596595e-07
"YARS",0.0253644253552438,3.11275820844965e-07,4.95744074821722e-07
"SEC23B",0.0253425928976559,3.18625220327327e-07,5.07324071913211e-07
"SHC1",0.025337615416611,3.20324076231445e-07,5.09903631552096e-07
"PIGS",0.0253049941870926,3.31676383255797e-07,5.27844863618001e-07
"PGM2",0.0252987922376421,3.33878185448792e-07,5.31218327007983e-07
"SKIL",0.0252691872052242,3.44584392065428e-07,5.48117777452477e-07
"DAAM1",0.0252574077234569,3.48935771982258e-07,5.54903018377091e-07
"TENT2",0.0252361279649683,3.56931398493744e-07,5.6747884917694e-07
"PARP4",0.0252310716188885,3.588571037727e-07,5.70400414884473e-07
"GCNT1",0.0252158166899847,3.64727885997565e-07,5.79589674508649e-07
"DLD",0.0251921825701715,3.74006806623917e-07,5.9418897327196e-07
"RAPGEF1",0.0251788610959442,3.79336872243467e-07,6.02509055668353e-07
"PANK3",0.0251571880934882,3.88165467931632e-07,6.16380485501443e-07
"RIPOR1",0.0251541235040735,3.89429731927635e-07,6.18236411108266e-07
"TAOK1",0.025150203218743,3.91052797690027e-07,6.20660900280764e-07
"CRTC3",0.0251309557054764,3.99116761792621e-07,6.33304391138586e-07
"NUP54",0.0251306493240185,3.99246412146131e-07,6.33354881704006e-07
"BTN3A3",0.0251304067718653,3.99349080898605e-07,6.33362555055749e-07
"NCF4",0.0251255071928973,4.01428463516839e-07,6.36504499830521e-07
"FKBP4",0.0251137566959188,4.06458036515493e-07,6.44321578942532e-07
"TSPAN3",0.0251074689960189,4.09174281284375e-07,6.48468616165249e-07
"ASB8",0.0250982216290089,4.13200925435712e-07,6.54529677335649e-07
"PHF6",0.0250510267299886,4.34354050267799e-07,6.87868914245043e-07
"GOLGA4",0.0250383914966098,4.40192219109648e-07,6.96944100395173e-07
"NAA60",0.0250327117465997,4.42841168101438e-07,7.00966680266188e-07
"ISY1",0.0250259721978158,4.46004342279812e-07,7.05801054001346e-07
"MAPK3",0.0250188455799032,4.49372890996155e-07,7.10957990300369e-07
"CEP164",0.0250007271884523,4.58047813499335e-07,7.24328662578089e-07
"ABRAXAS2",0.0249963290629348,4.60177835002853e-07,7.27519243909273e-07
"ASCC3",0.0249750289686788,4.70629417650671e-07,7.43715777222094e-07
"PIGM",0.0249749459547269,4.70670595575196e-07,7.43715777222094e-07
"PHF3",0.0249747511042107,4.70767262134097e-07,7.43715777222094e-07
"PPP1R12A",0.0249698239220878,4.73218041924481e-07,7.47405124034909e-07
"CLIP4",0.024955916736736,4.8020203980155e-07,7.58250733091521e-07
"SLC25A16",0.0249499294927701,4.83239267466183e-07,7.62860526109745e-07
"DUSP11",0.0249414794240172,4.87557388328586e-07,7.69489647011034e-07
"CHAMP1",0.0249352917647815,4.90742958088027e-07,7.74328518318763e-07
"THUMPD3-AS1",0.0249331409874187,4.91854928690099e-07,7.75893959147101e-07
"WRAP73",0.0249307349781206,4.93101735936667e-07,7.77671288295733e-07
"PAFAH1B1",0.0249199409120756,4.98732889311676e-07,7.8636062479391e-07
"CHST15",0.0249175155002841,5.00006707899102e-07,7.88177118806619e-07
"COQ10B",0.0249065104629363,5.05826040034817e-07,7.97156227649807e-07
"CAPN15",0.0249058713742126,5.06165981455896e-07,7.97497825248349e-07
"COG2",0.0248973537064902,5.1071775197004e-07,8.0447365602288e-07
"RANBP9",0.0248793580867755,5.20464608161609e-07,8.1942798473693e-07
"UBTF",0.0248751454133764,5.22772067664028e-07,8.22860774630906e-07
"UBAP2L",0.0248663699118389,5.27610499437635e-07,8.30274762605554e-07
"LCP2",0.024853752255508,5.34643072914057e-07,8.41137121274752e-07
"SLC7A6OS",0.0248455975534552,5.39236164581569e-07,8.4815717431999e-07
"POM121",0.0248402168803834,5.42287607515493e-07,8.52749567902672e-07
"CPT1A",0.0248348798474907,5.45330744463218e-07,8.57326673058493e-07
"CCDC130",0.0248336921305705,5.46010208200171e-07,8.58186474359773e-07
"SUN1",0.0248207945386715,5.53441358137191e-07,8.6965518266509e-07
"OTULIN",0.0248187867563845,5.54606909114241e-07,8.71275207378209e-07
"FBRS",0.0248167882049672,5.55769451444115e-07,8.72889720681514e-07
"TRIP4",0.0247908177806019,5.71091520879316e-07,8.96736964873318e-07
"MED7",0.0247867932266675,5.73502080926431e-07,9.00303703180824e-07
"ARHGDIA",0.0247860521909459,5.73947002120542e-07,9.00783731328095e-07
"CPSF2",0.0247720478643814,5.82418093165956e-07,9.13857182539118e-07
"MED25",0.0247703743849035,5.83438391058752e-07,9.15236283914311e-07
"DCAF12",0.0247695870218011,5.83919031555035e-07,9.15768364895179e-07
"THOC2",0.0247674859222454,5.85203502607467e-07,9.17560541506598e-07
"WDR82",0.0247655022691864,5.86418674013586e-07,9.19020696093914e-07
"NOTCH2NLA",0.0247620893680181,5.88515087063032e-07,9.22082931666523e-07
"UBE2W",0.0247613974453719,5.88940988254499e-07,9.22526967810217e-07
"FMR1",0.0247442686449022,5.99579545365778e-07,9.3896419368603e-07
"NUDT4",0.0247429486913671,6.00407000630323e-07,9.40032629281913e-07
"ATRX",0.0247425983627448,6.00626800147526e-07,9.40149396555871e-07
"HPS1",0.0247384582632255,6.03230219392155e-07,9.43996238903749e-07
"VTI1A",0.0247353693541696,6.0517969987035e-07,9.46729192707515e-07
"ZCCHC3",0.0247352279377827,6.05269096171826e-07,9.46729192707515e-07
"SLC25A1",0.0247320523340935,6.07279907892569e-07,9.49644957414612e-07
"SH3GL1",0.0247308675088288,6.08031794593174e-07,9.50591122481576e-07
"UBA3",0.0247010948550872,6.27222711502869e-07,9.80120645491087e-07
"SLC66A2",0.0246820246856489,6.39820304356997e-07,9.99564828766216e-07
"TRAPPC6B",0.024674081889212,6.45138869530107e-07,1.00763064929745e-06
"MCOLN1",0.0246626705982738,6.52854606662581e-07,1.01918995021306e-06
"LMBRD1",0.0246579495545335,6.56072675908658e-07,1.02396685241867e-06
"NAPRT",0.024656718430277,6.56914373486617e-07,1.02503341864361e-06
"HEATR3",0.0246501041543103,6.61454278793931e-07,1.03186867491853e-06
"CDC40",0.0246168696623111,6.84727210853553e-07,1.06791711950516e-06
"DUSP2",0.0246162129748322,6.85194921756271e-07,1.06838919158239e-06
"NACC1",0.0246150751008298,6.86006075859147e-07,1.06939642068676e-06
"SRSF11",0.0246125216045798,6.87829751309167e-07,1.07198117717274e-06
"UPK3BL1",0.0245953932010871,7.00183959138688e-07,1.09097255149552e-06
"CLIP1",0.0245906451337131,7.03646270870602e-07,1.09583977811313e-06
"TRIM4",0.024578103395995,7.12871277632694e-07,1.10993955059982e-06
"WDR48",0.0245746509404335,7.15431096041801e-07,1.11365734930864e-06
"SLC39A9",0.0245560958851283,7.29341129795667e-07,1.13476435335187e-06
"CRYZL1",0.0245469789826364,7.36270836404783e-07,1.14527087815583e-06
"SNRNP70",0.0245422568019066,7.39885031244288e-07,1.1506163084976e-06
"SLC25A24",0.0245365499907262,7.44275639717999e-07,1.15716630440306e-06
"PIP5K1C",0.024532812642292,7.47164606315442e-07,1.16137903032081e-06
"SEC24D",0.0244905821928234,7.80568574958341e-07,1.21271921149035e-06
"NOL8",0.0244852346230888,7.84899698045459e-07,1.2191556250351e-06
"USP36",0.0244730554595077,7.94850454926558e-07,1.23431562609608e-06
"SMU1",0.0244556660502972,8.09268993333431e-07,1.25640466734787e-06
"MACO1",0.0244409935574218,8.21630426203482e-07,1.27529018922113e-06
"TBCD",0.0244393676026863,8.23011416985774e-07,1.27712749606086e-06
"SETD7",0.0244371085238354,8.24933857452615e-07,1.27980392838443e-06
"ZNF326",0.0244155814477295,8.43471333201331e-07,1.30824949955568e-06
"LDLR",0.0244077515912526,8.50312782158496e-07,1.31822915509916e-06
"TBC1D9",0.0243912456880631,8.64910544908341e-07,1.34053887185458e-06
"APOL6",0.0243853364071687,8.70195120411815e-07,1.34840670405603e-06
"HERPUD2",0.02437779974137,8.76980167607775e-07,1.35859526324306e-06
"TNRC6A",0.0243745673687834,8.79905764751918e-07,1.36280141650811e-06
"FEZ2",0.0243569288917458,8.96036518849002e-07,1.38745286367578e-06
"IL16",0.0243527062192874,8.99940273920428e-07,1.39316435517954e-06
"PI4KB",0.0243504526067396,9.02030378911141e-07,1.39606614225932e-06
"MCPH1",0.0243496147663647,9.02808622181007e-07,1.39693666826e-06
"MKNK2",0.0243322987645859,9.19038410196622e-07,1.42170959799592e-06
"PMM2",0.0243300323759396,9.21183306872946e-07,1.42468722615754e-06
"NRM",0.0243068826478486,9.43369912916141e-07,1.45865221309269e-06
"NEK4",0.0243004559192946,9.49619931292616e-07,1.46796548118157e-06
"TJP2",0.0242838551287375,9.65949287591283e-07,1.49285168008259e-06
"HAVCR2",0.0242824635338569,9.67330341322945e-07,1.49462926723741e-06
"FCHO1",0.0242721603200291,9.77614807966357e-07,1.51015945282133e-06
"FCGR2A",0.0242717303004334,9.78046325238191e-07,1.51046562728818e-06
"KLHDC10",0.0242422115720162,1.0081101830344e-06,1.55652404602067e-06
"SP2",0.0242276457416699,1.02327082956246e-06,1.57955540071229e-06
"CLTC",0.024218112368937,1.03331207098032e-06,1.59467517223519e-06
"RFTN1",0.0242101035522583,1.04182077590857e-06,1.60742318952147e-06
"PHTF2",0.024208768516775,1.04324568208632e-06,1.60923815721392e-06
"CCDC71L",0.0241812450369464,1.07304334625826e-06,1.65480767595902e-06
"PAF1",0.0241697941114318,1.08568021717013e-06,1.67389705309821e-06
"ZC3H7B",0.0241492401091291,1.10872306392978e-06,1.7086105964964e-06
"UHRF1BP1",0.0241464961416174,1.11183467333769e-06,1.71299801884537e-06
"ACBD5",0.0241148068621708,1.14838414302685e-06,1.76888863715343e-06
"CLSTN1",0.0240895188051437,1.17837728785089e-06,1.81422462819183e-06
"PITPNM1",0.0240677133498605,1.2048437233905e-06,1.85409038869268e-06
"GNPAT",0.0240589964920295,1.21558304285066e-06,1.87017220043136e-06
"ANKRD49",0.0240449242938156,1.23311482642234e-06,1.89669408084063e-06
"BUD23",0.0240352222555625,1.24534345525643e-06,1.91504834425893e-06
"ANGEL2",0.0240323352377589,1.24900477075355e-06,1.92022248536179e-06
"RBBP6",0.0240282881595701,1.25415471056049e-06,1.92768224030593e-06
"ZC3H4",0.0240233227663338,1.26050112142518e-06,1.93697703776564e-06
"ANAPC7",0.0240143894762036,1.27199688003117e-06,1.95371478085926e-06
"RBBP8",0.0240126327525904,1.27426934563231e-06,1.95674092590692e-06
"HIF1AN",0.0240111008728852,1.27625414417636e-06,1.95932400507416e-06
"XPC",0.0240101593229748,1.27747554995143e-06,1.96073416557267e-06
"USB1",0.0240061396613707,1.28270262922043e-06,1.96829031087297e-06
"NUMA1",0.0239891054541665,1.30508274075391e-06,2.00215774019925e-06
"UBE2H",0.0239834966768945,1.31253358275191e-06,2.01311120936647e-06
"AC008105.3",0.0239790033786132,1.31853209415759e-06,2.02183249113602e-06
"IFITM2",0.0239594835609204,1.34489832337459e-06,2.061774033987e-06
"UBE3A",0.0239521092742826,1.35499044304535e-06,2.07675381824706e-06
"CDC16",0.0239507618649048,1.35684229995576e-06,2.07895395544556e-06
"POGK",0.0239505976337597,1.35706818284104e-06,2.07895395544556e-06
"ROCK2",0.0239423759113574,1.36842264655644e-06,2.09585242815387e-06
"BMPR2",0.0239368358510687,1.3761251114945e-06,2.10715089210393e-06
"INSR",0.023936574868661,1.37648898734526e-06,2.10720967228026e-06
"GATAD2A",0.0239157261006054,1.40585833114046e-06,2.15115264377295e-06
"PDP1",0.0238942729729887,1.43670766399719e-06,2.19783681869514e-06
"TIAL1",0.023892509742115,1.43927191469928e-06,2.20123939895185e-06
"LTA4H",0.0238761509372168,1.46327312729009e-06,2.23741857016439e-06
"UBE3B",0.0238561947317946,1.49307367672254e-06,2.28244604087408e-06
"DCAF15",0.0238477441801362,1.50586795708813e-06,2.30146108455821e-06
"KDM1A",0.0238393943501258,1.51861323324011e-06,2.32039227566591e-06
"TSC2",0.0238328181576326,1.52872414815881e-06,2.33529026313831e-06
"AGO3",0.0238257253462755,1.53970190262245e-06,2.35150509968807e-06
"ZSWIM6",0.0238225756806259,1.5446009957133e-06,2.35843085996413e-06
"CASP8",0.0238183322781003,1.55122502271546e-06,2.36798651192168e-06
"CNTRL",0.0238179367869106,1.5518437808325e-06,2.36837261600887e-06
"TXNDC5",0.0238089685997982,1.56593864509843e-06,2.38932047805026e-06
"TMEM33",0.0237664432671325,1.63446588521153e-06,2.49329221038159e-06
"NEK9",0.0237629943393292,1.64014827327478e-06,2.50137100616748e-06
"ADPGK",0.0237562610060448,1.65129675526782e-06,2.51778030937444e-06
"TBC1D20",0.0237429408213042,1.67356612633038e-06,2.55113423636988e-06
"KAT8",0.023741703946917,1.6756485801696e-06,2.55370737006073e-06
"GTF2E2",0.0237404792355994,1.67771300945169e-06,2.5562518294164e-06
"TOR1AIP2",0.023732292193702,1.69157638182715e-06,2.576768351988e-06
"CTBP1",0.0237126352277538,1.72531309343437e-06,2.62754104137712e-06
"BAG5",0.0237085538538392,1.73239845802026e-06,2.63771110470912e-06
"SASH3",0.0236934175605404,1.75892037672962e-06,2.67746308933637e-06
"DLST",0.0236885481194994,1.76753528670987e-06,2.68994439260923e-06
"ZC3HAV1",0.0236842632972079,1.77514942613929e-06,2.70089715272051e-06
"BOP1",0.0236792632835796,1.78407431315853e-06,2.71383860511944e-06
"XPO7",0.0236635293927991,1.81244107149835e-06,2.75569363477697e-06
"ZNF721",0.0236459601311248,1.84462896829006e-06,2.80397462801358e-06
"NT5DC1",0.0236451114484622,1.84619762905886e-06,2.80570034049931e-06
"TRMT2A",0.0236419833101408,1.85199059268276e-06,2.81384348674682e-06
"NSD1",0.0236377991580614,1.85976648508275e-06,2.82499489076155e-06
"FRMD8",0.0236332445909958,1.8682664172872e-06,2.83724062526796e-06
"FOXN2",0.0236188648281141,1.89534820332274e-06,2.87769330870343e-06
"PHF2",0.0236166735250346,1.89950811580497e-06,2.88333306957125e-06
"PTCD3",0.0236043524315146,1.92306196964477e-06,2.91771811377554e-06
"WASHC5",0.023599634438115,1.93215529484474e-06,2.93082787695053e-06
"BRD8",0.0235889069561227,1.95298513014777e-06,2.96173008493246e-06
"OLIG1",0.0235802140285063,1.97002248310342e-06,2.98686781161863e-06
"EPN1",0.023575731604362,1.97886333036287e-06,2.99956946868864e-06
"MFSD5",0.0235676418388488,1.99491561838461e-06,3.02319375314185e-06
"TMEM65",0.0235532698334127,2.02374256720044e-06,3.06616180202567e-06
"ATXN7L1",0.0235526324920141,2.02503014911177e-06,3.06739475558016e-06
"MEF2D",0.0235493729732531,2.03162746816741e-06,3.076668123723e-06
"SLF2",0.0235340855545187,2.06284590773818e-06,3.12321431400772e-06
"CEPT1",0.0235337507091141,2.06353482547592e-06,3.12352687868392e-06
"CSF2RA",0.0235322882093234,2.0665463935065e-06,3.12735421962624e-06
"AC025159.1",0.0235300807693978,2.07109993216055e-06,3.13351272746142e-06
"FASTKD2",0.0235207981423835,2.09035395530202e-06,3.16190455762273e-06
"HIPK2",0.0234983760612603,2.13757358016893e-06,3.23257448213354e-06
"RNF38",0.0234900734448845,2.15531695481805e-06,3.25864595177301e-06
"MRTFA",0.0234861616517423,2.16372571664588e-06,3.27059544468024e-06
"PDCD6IP",0.023485044850517,2.16613215974837e-06,3.27346862796707e-06
"RNF2",0.0234391415079321,2.26729746821756e-06,3.42555048056954e-06
"WASHC1",0.0234388424580121,2.26797117822829e-06,3.42576887723984e-06
"LINC00877",0.0234276994161036,2.29321208098402e-06,3.46308724336145e-06
"VPS33A",0.0234235041912366,2.30278469627259e-06,3.47673230496006e-06
"PACSIN2",0.023413510590774,2.32574277941279e-06,3.51057560128665e-06
"AC127502.2",0.0234103909573085,2.33295434161606e-06,3.52064018825696e-06
"RENBP",0.0233698162173016,2.42872742357772e-06,3.66346256762399e-06
"KHDC4",0.0233660321874928,2.43784924941506e-06,3.67636525523249e-06
"TGS1",0.023355348852687,2.46378046514345e-06,3.71460520059122e-06
"SLC25A28",0.023339799346106,2.50199678773767e-06,3.7713450998402e-06
"RCAN3",0.0233357572371943,2.51202395699585e-06,3.78557800223258e-06
"QRICH1",0.023319707549347,2.55222003418861e-06,3.84525773826787e-06
"MFSD1",0.0233157986895044,2.56210276921948e-06,3.85924926196532e-06
"NT5C3A",0.0233055737579482,2.58812838198794e-06,3.89754434635728e-06
"ANKFY1",0.0232997750142953,2.60300053329587e-06,3.91811798478434e-06
"MAP3K11",0.0232855191443392,2.63991234301793e-06,3.97275511592239e-06
"ZNF641",0.0232827685982635,2.64709173392721e-06,3.98263348488142e-06
"RHOT1",0.0232670496069865,2.68848186854277e-06,4.04302708872146e-06
"ZNF639",0.0232606583613314,2.70548783354171e-06,4.06765634796773e-06
"SMARCC1",0.0232599801278702,2.707298538478e-06,4.06943365175448e-06
"STXBP3",0.0232526044972906,2.72706477058043e-06,4.09819343656864e-06
"APPBP2",0.0232311257776561,2.78541840433272e-06,4.18491500339986e-06
"ATE1",0.0232249372073362,2.80245271043691e-06,4.20953105507391e-06
"SLC16A7",0.0232088930551981,2.8470816974921e-06,4.27557571551005e-06
"TM9SF1",0.0232075207937314,2.85093032592831e-06,4.28036246058903e-06
"SAE1",0.023207096504768,2.85212129173323e-06,4.28115771914698e-06
"AGO2",0.0232022774362819,2.86568181120262e-06,4.30051554142924e-06
"FUBP3",0.0231977903980253,2.87836361894332e-06,4.31854601831728e-06
"ASXL1",0.0231946630164925,2.88723442629999e-06,4.33085163944998e-06
"TNPO1",0.0231866637962031,2.91004369688226e-06,4.3640544113078e-06
"MACF1",0.0231796646391641,2.93014307433953e-06,4.39317884744654e-06
"PTOV1",0.0231541241606141,3.00462304964489e-06,4.50380403412851e-06
"RAP2C",0.0231383021082428,3.05167002804095e-06,4.57326661146692e-06
"MBD3",0.0231285506077496,3.08101729605902e-06,4.61617819363251e-06
"TFCP2",0.0231228408568102,3.0983263289206e-06,4.64103763383433e-06
"PYROXD1",0.0230931623483761,3.18980929318572e-06,4.77696631137736e-06
"PCNA",0.0230867916445317,3.20978175726322e-06,4.80576482343249e-06
"WDTC1",0.0230836251010438,3.21975359371262e-06,4.81958029264636e-06
"KPNA3",0.0230467458336194,3.33810102227225e-06,4.99557698062657e-06
"GPANK1",0.0230350721200399,3.37642394147816e-06,5.05176071114621e-06
"FGD4",0.0230348160717547,3.37726921680311e-06,5.05185788114217e-06
"MTHFR",0.0229973791133029,3.50306557114321e-06,5.23881878207002e-06
"GOLGB1",0.0229955017093785,3.50949092780125e-06,5.24721576595503e-06
"SNX19",0.0229811022450085,3.55914973208883e-06,5.32023444136299e-06
"TMEM138",0.022979260276795,3.56555043880733e-06,5.32857191616773e-06
"CHD4",0.0229757305048924,3.57784699291831e-06,5.34571461623658e-06
"CACUL1",0.0229753689576601,3.57910879656149e-06,5.34636602421299e-06
"ATXN2L",0.0229741646302953,3.58331499002723e-06,5.35141435880884e-06
"CHROMR",0.0229602797256676,3.63215251293779e-06,5.42232429182993e-06
"LRP10",0.0229601896263851,3.63247149423331e-06,5.42232429182993e-06
"PWWP2A",0.0229588311206468,3.63728431089181e-06,5.4282569453005e-06
"AFF4",0.0229555362119473,3.64898268473044e-06,5.44446045193475e-06
"RNF146",0.0229419687752959,3.69753421583393e-06,5.51563053302048e-06
"PPP1R35",0.0229264978758619,3.75365307017706e-06,5.59805343845341e-06
"ARID4A",0.0229095507797924,3.8160635192242e-06,5.68850914654789e-06
"FAM91A1",0.0228563060151058,4.01868354199116e-06,5.989170637857e-06
"NCOA2",0.0228493311142098,4.04597782089714e-06,6.02846039412844e-06
"GTF3C2",0.0228313616459162,4.11711705951609e-06,6.13163465454501e-06
"RFC2",0.0228250653917705,4.14232565627198e-06,6.16775903834057e-06
"GON4L",0.022824739879086,4.14363293900355e-06,6.1682868813771e-06
"SUSD1",0.0228204277510951,4.16098811161332e-06,6.19269816887004e-06
"NSUN2",0.0228040777234098,4.22742753912106e-06,6.29013235768093e-06
"STX4",0.0227883709759792,4.29220943520813e-06,6.38505603941577e-06
"RIC8A",0.0227848502914625,4.30686031488058e-06,6.40537874535651e-06
"TSC22D3",0.0227810879912964,4.3225696037806e-06,6.42726587388048e-06
"DHDDS",0.0227710297981628,4.36483710060664e-06,6.48862351075255e-06
"TNFAIP8",0.0227621073350649,4.40266311570877e-06,6.54335193092253e-06
"FAM20B",0.0227426651906584,4.48617714098308e-06,6.6659423481121e-06
"STAG2",0.0227284462525027,4.54821338526883e-06,6.7565703203833e-06
"ELOVL5",0.0227127433344792,4.61767890001378e-06,6.85819068563643e-06
"NFKBIB",0.0227036814776499,4.65822739742349e-06,6.91682664470635e-06
"MTREX",0.0226975614527644,4.68580498405268e-06,6.95618011161593e-06
"MED1",0.0226924765607925,4.70883701197212e-06,6.98876910029974e-06
"MPRIP",0.022686870411417,4.73435574741332e-06,7.0250330297396e-06
"SPINT1",0.022670664478139,4.80887088314223e-06,7.13396656678799e-06
"VEZT",0.0226657436421452,4.83171840105078e-06,7.16621876939353e-06
"SEC22B",0.0226642728914483,4.83856727499258e-06,7.17473305962024e-06
"AAK1",0.0226591272714809,4.86260222969145e-06,7.2087215101952e-06
"TBC1D22A",0.0226503104960969,4.90405102332605e-06,7.26850419528683e-06
"VPS11",0.0226374020586324,4.96534609223638e-06,7.35766779609483e-06
"DHX8",0.0226327218520869,4.98775051292119e-06,7.38748497383935e-06
"BMI1",0.0226256709252654,5.0216865867427e-06,7.43604733819127e-06
"HDAC8",0.0226228367802747,5.03538951655889e-06,7.45463337072999e-06
"CLEC12A",0.0226034601454236,5.13003822867315e-06,7.59301954559442e-06
"BABAM2",0.0225947102781177,5.1733346920321e-06,7.65535286770647e-06
"FBH1",0.0225944284376586,5.17473510699977e-06,7.65567529312535e-06
"DYNLL2",0.0225876093898828,5.20872858149011e-06,7.7042058114158e-06
"AKT1S1",0.0225690363273693,5.30240441520711e-06,7.84096989128617e-06
"TACC3",0.022558352861677,5.35701646478681e-06,7.91991883832605e-06
"YIPF6",0.0225429947781589,5.43646872845934e-06,8.03554761370907e-06
"CCSER2",0.0225407606910763,5.44811994187225e-06,8.05093095267769e-06
"DCAF10",0.02253174927833,5.49535940376595e-06,8.11888561843468e-06
"AL138756.1",0.0225229310901015,5.54196537421095e-06,8.18587356437183e-06
"RANBP2",0.0225139434792587,5.58985600217024e-06,8.25472804700049e-06
"SPG7",0.0225017770058651,5.65531669641924e-06,8.34949151485021e-06
"PRKCI",0.0225008313516301,5.66043532758911e-06,8.35514325371908e-06
"SRRT",0.0224944224887695,5.69524222645703e-06,8.40460409712396e-06
"TRAPPC10",0.0224921638566596,5.70755773624095e-06,8.42085888432632e-06
"INO80E",0.022486141363349,5.74052095510802e-06,8.46756269386404e-06
"EWSR1",0.0224805401291801,5.77134195667287e-06,8.51108606548979e-06
"CYB5R1",0.0224742677124462,5.80604414680196e-06,8.56031195773079e-06
"NSUN5",0.0224590720089185,5.8909443779075e-06,8.68350954065874e-06
"CLCN3",0.0224530551929228,5.92488834137352e-06,8.73155636741455e-06
"GTPBP1",0.0224284057916005,6.0659126396762e-06,8.93735057561759e-06
"CAMSAP1",0.022403445363828,6.21198651878565e-06,9.1504893566822e-06
"NEPRO",0.02240249104575,6.21763766839338e-06,9.1567302696039e-06
"GLTP",0.0223666854614289,6.4332568353855e-06,9.4699647003833e-06
"TMEM87A",0.0223625556937362,6.45858130996144e-06,9.50508192786778e-06
"RPS6KC1",0.0223458382513374,6.56207351526443e-06,9.65519634950499e-06
"U2AF1L4",0.0223415196861015,6.5890650874123e-06,9.6927078790973e-06
"CDK13",0.022333892167249,6.63699769159424e-06,9.76100023975036e-06
"CWF19L2",0.02232817468913,6.67314581836607e-06,9.80970618258445e-06
"DYNC1H1",0.022308744401156,6.79740449111071e-06,9.99010140191844e-06
"PCYT1A",0.022304383887106,6.82559293392898e-06,1.00292529855325e-05
"SH3TC1",0.0223040672275473,6.82764432125498e-06,1.0029990772817e-05
"EFR3A",0.0223002818021841,6.85221281073004e-06,1.00637989420749e-05
"HEXD",0.0222865057127726,6.94233934105587e-06,1.01938545915164e-05
"STK25",0.0222770701573774,7.00472207966993e-06,1.02831226176379e-05
"UVRAG",0.0222641450358339,7.09104667343258e-06,1.04074894953078e-05
"WWP1",0.0222566131527275,7.14181900075747e-06,1.0479631960767e-05
"ALDH3B1",0.0222554811887747,7.14947954223749e-06,1.04884954807264e-05
"RSRP1",0.02225364070817,7.16195173289696e-06,1.05044122153998e-05
"STRN",0.0222307782972124,7.31862600308544e-06,1.07317745739468e-05
"DIS3",0.022227869165934,7.33879553408531e-06,1.07589135615191e-05
"RSPRY1",0.0222200997106056,7.3929234430838e-06,1.08358130791317e-05
"APTX",0.0222091557114489,7.46981559298414e-06,1.09460357965096e-05
"CHD9",0.0222085079082524,7.47439092558815e-06,1.09502617905086e-05
"TNKS2",0.0221929562468583,7.58503763329259e-06,1.11098492393521e-05
"EHMT1",0.0221864097153013,7.63208166262207e-06,1.11762263478433e-05
"ORAI2",0.0221821270017545,7.66300847697043e-06,1.12189771324981e-05
"CDC42SE2",0.0221600999615725,7.82397484715437e-06,1.14520490980053e-05
"ARHGEF11",0.0221513005173174,7.8891776361301e-06,1.15422680262839e-05
"BISPR",0.0221413027786668,7.96389001195588e-06,1.16489435014465e-05
"ZBTB1",0.0221233692996311,8.09960350253019e-06,1.18447781963814e-05
"SLC4A7",0.0221062719031792,8.23104629949499e-06,1.20342804297495e-05
"EXOSC9",0.0221005572852842,8.2754324379914e-06,1.20964438030156e-05
"AFF1",0.0220956354910518,8.31384390021599e-06,1.21498477223473e-05
"CYTIP",0.0220943951584859,8.32355075381073e-06,1.21612881020471e-05
"TFEC",0.0220775477544993,8.45647622627761e-06,1.23527136933487e-05
"RNF20",0.022070716072932,8.51095406079267e-06,1.2429487162096e-05
"NHLRC2",0.0220431912642821,8.73386205278425e-06,1.27492723629595e-05
"ANKRD44",0.0220424935213497,8.73958454995153e-06,1.27547498594198e-05
"RAVER1",0.0220286242993485,8.85407834486255e-06,1.29189324328691e-05
"ATF2",0.0220241223455317,8.8915501950749e-06,1.2970684083577e-05
"EXOC7",0.0220124786605094,8.98917007163168e-06,1.31101344996043e-05
"VEZF1",0.022001606210161,9.0812478754573e-06,1.32384595239159e-05
"ATG14",0.0219918539980753,9.1646045509626e-06,1.33569675513129e-05
"KIF1C",0.0219800722887213,9.26628348392865e-06,1.35021200258731e-05
"EP300",0.021973577281625,9.3227968532806e-06,1.35814101773489e-05
"SPECC1",0.0219729799929999,9.3280103908838e-06,1.35859480923693e-05
"GMFB",0.0219647902706112,9.39977733016441e-06,1.36873950597131e-05
"LENG8",0.0219542700429817,9.49274084036032e-06,1.38196546436907e-05
"PITRM1",0.0219446090250504,9.578884912817e-06,1.39419291649229e-05
"FAM168B",0.0219332155447215,9.68143647706257e-06,1.40880242194882e-05
"MFSD11",0.0219222793880116,9.78085755573853e-06,1.4229499284461e-05
"ZC3H18",0.0219148604490178,9.8488578288895e-06,1.43252090730691e-05
"ZNF330",0.0219058029011428,9.93248947402714e-06,1.44436066610179e-05
"PPM1F",0.0218916081730987,1.00649204603861e-05,1.46328980598562e-05
"GRK6",0.0218874063355503,1.01044442509928e-05,1.46870615359064e-05
"SPTY2D1",0.0218839873264581,1.01367138465289e-05,1.47306589096359e-05
"TDRD3",0.0218791091496129,1.01829259260254e-05,1.47944933673897e-05
"FCGR1B",0.0218622991116732,1.03437173539058e-05,1.50247310184398e-05
"PIP4P1",0.0218426086814724,1.05351439606006e-05,1.52993544192302e-05
"YIPF1",0.0218232157650428,1.07269816710803e-05,1.55709594929537e-05
"BIRC2",0.0218030691960392,1.09298047839232e-05,1.58618148780809e-05
"SART1",0.0218001357864275,1.09596401527599e-05,1.59015487111088e-05
"COMTD1",0.0217862374164596,1.11020589169255e-05,1.61045775102343e-05
"CXorf21",0.0217742227309668,1.1226597533876e-05,1.62815843266831e-05
"RBM14",0.0217682755131384,1.12887359825105e-05,1.63680351065561e-05
"ZFAND2B",0.0217569515326688,1.14079614578036e-05,1.6537201629606e-05
"LATS2",0.0217421535712417,1.15655755871288e-05,1.67619288898751e-05
"FAM20C",0.0217411538148036,1.15762986850232e-05,1.67737147911459e-05
"ARIH2",0.0217370996810885,1.16198794926382e-05,1.68330946152025e-05
"ZNF431",0.0217229010981032,1.1773748235208e-05,1.70521803299186e-05
"PDCL",0.0217191549604571,1.18146678687162e-05,1.71070988996993e-05
"ZCCHC9",0.0217189462300528,1.18169518503947e-05,1.71070988996993e-05
"MRGBP",0.0217140601191708,1.18705374783257e-05,1.71808315749342e-05
"MTFR1L",0.0217011496685127,1.20132436895784e-05,1.73834912039184e-05
"ARHGAP30",0.0216890069804934,1.21489564002552e-05,1.75720160266426e-05
"RNF6",0.0216739781697172,1.23189524876761e-05,1.78139152122438e-05
"BANP",0.0216704920015551,1.23587088300756e-05,1.7867414239819e-05
"TACC1",0.0216702264536199,1.23617421577842e-05,1.78678094953103e-05
"SERINC3",0.0216620480140332,1.245551230271e-05,1.79993273767287e-05
"NFKBIA",0.0216596333802196,1.24833268824629e-05,1.80354961475261e-05
"YLPM1",0.0216377174109771,1.27385053990069e-05,1.83959589456103e-05
"TRIM26",0.0216293769959433,1.28369182491534e-05,1.85339448583897e-05
"TK2",0.0216287769728605,1.28440261304693e-05,1.85400725013731e-05
"EMC1",0.0216053165697265,1.31249006990087e-05,1.89412855830099e-05
"SESN3",0.0216028413200621,1.31548744867378e-05,1.89803114390774e-05
"RAPGEF6",0.0215935928932135,1.32674462347285e-05,1.91384685658718e-05
"COG5",0.0215588236688404,1.3698933792614e-05,1.97564930660243e-05
"PRR14",0.0215560399832148,1.37340521730378e-05,1.98027291243311e-05
"NR3C1",0.0215504181724096,1.38052377337838e-05,1.99009372274585e-05
"SNX9",0.0215483642828573,1.38313325476038e-05,1.99341155194094e-05
"FRAT1",0.0215460384490168,1.38609392333725e-05,1.9972339327143e-05
"TAF7",0.0215443475413195,1.38825015669556e-05,1.99989575310348e-05
"PRKRIP1",0.0215381322988587,1.39620331306248e-05,2.01090550584349e-05
"CRYBG1",0.0215377533776952,1.39668959141715e-05,2.01115845525681e-05
"KANSL1",0.0215305098018275,1.40601655775992e-05,2.0241385801507e-05
"TMUB1",0.0215092210596823,1.43377341842129e-05,2.06363919761214e-05
"RNF167",0.0215061782521269,1.43778314467466e-05,2.06895045090548e-05
"KLHL6",0.0215041978082371,1.44039866058784e-05,2.07225353969904e-05
"PACS1",0.0214786895267857,1.47449491602454e-05,2.12083538910084e-05
"SMC4",0.0214725329969742,1.48283873437357e-05,2.1323629423222e-05
"RAB8B",0.0214692093968988,1.487361833994e-05,2.13839229697472e-05
"ZNRF2",0.0214619777163879,1.49724894932366e-05,2.1521291514035e-05
"ARHGEF7",0.0214605548760201,1.49920161263817e-05,2.15445754499879e-05
"NPL",0.0214030322400727,1.58020892955825e-05,2.27036675764761e-05
"ST8SIA4",0.0213982786731963,1.58708670519599e-05,2.27969075092299e-05
"ACSF3",0.0213980606579382,1.58740282748854e-05,2.27969075092299e-05
"GALNT10",0.0213920810101025,1.59609675739246e-05,2.29166786590348e-05
"BTBD7",0.0213886631193052,1.60108646299749e-05,2.29832234178398e-05
"MYLIP",0.0213847484102817,1.6068197300214e-05,2.30604099582323e-05
"ABHD2",0.0213772220632843,1.61789742473948e-05,2.32142462938019e-05
"SRF",0.0213535885398476,1.65315766393228e-05,2.37096648566628e-05
"FAM104A",0.0213519651184931,1.65560643361821e-05,2.37395261378611e-05
"MARK3",0.021350186199574,1.65829372526978e-05,2.37727935726231e-05
"RPRD2",0.0213425076643559,1.6699409356791e-05,2.39344645065009e-05
"CGAS",0.0213210065708967,1.70297116596377e-05,2.43976646301968e-05
"LCOR",0.0213209797427636,1.70301276589217e-05,2.43976646301968e-05
"DDX27",0.0213041406724091,1.72931550157255e-05,2.47690012327006e-05
"PSMC6",0.0212970657991548,1.74048158778525e-05,2.49179075615252e-05
"IRF9",0.0212935628884096,1.74603553405291e-05,2.49918948650421e-05
"SYMPK",0.0212918834340971,1.74870433284907e-05,2.50245620045643e-05
"GRAMD1A",0.0212911564771152,1.74986073553668e-05,2.5035576578706e-05
"RNFT1",0.0212881731596011,1.75461406601949e-05,2.50980368170795e-05
"EGLN1",0.0212729133648706,1.77912057453382e-05,2.54373378964929e-05
"TMEM245",0.0212660366089548,1.79027059484714e-05,2.55911058313986e-05
"RNF139",0.0212383753295654,1.83579689280783e-05,2.62303003399645e-05
"NDE1",0.0212295417730114,1.85056645467957e-05,2.64354969717465e-05
"RYK",0.0212253226199773,1.85766068569715e-05,2.65309845118098e-05
"TPP2",0.0212138158345565,1.87714050142545e-05,2.6803281001827e-05
"UHMK1",0.0212067745253197,1.88915651431074e-05,2.69689068878671e-05
"RBM41",0.0212042429953308,1.89349445400447e-05,2.70248745485558e-05
"STIMATE",0.0212002909149671,1.90028557020189e-05,2.71158227495858e-05
"EIF2AK2",0.0211960819558979,1.90754360430588e-05,2.72133920103046e-05
"LAMTOR3",0.0211694058888394,1.95416209683003e-05,2.787231860515e-05
"CPT2",0.0211530206899532,1.98333225615583e-05,2.82821432298521e-05
"MAP3K3",0.0211469115701658,1.99431391571958e-05,2.84324780673169e-05
"ADGRE1",0.0211427990148515,2.00173916388254e-05,2.85320549250894e-05
"IFI6",0.0211348227855912,2.01621540799029e-05,2.87283534242019e-05
"TTC19",0.0211347222617035,2.01639848562826e-05,2.87283534242019e-05
"GANC",0.0211320742830255,2.02122678167052e-05,2.87908078867655e-05
"RNF19B",0.0211283247189194,2.02808253079158e-05,2.88821080165964e-05
"WASL",0.0211179447373292,2.04717709377358e-05,2.91476237191338e-05
"VPS4A",0.0210771498157034,2.12389296583683e-05,3.02332521126377e-05
"ASH2L",0.0210461984925569,2.18391541802632e-05,3.10808274704383e-05
"IFFO1",0.0210342015779286,2.20761185398719e-05,3.14111629510177e-05
"EPC1",0.0210298043143888,2.216358506402e-05,3.15286859381378e-05
"TOLLIP",0.0210245712952461,2.2268105543156e-05,3.16704119697698e-05
"MED24",0.0210070854450366,2.26207682373135e-05,3.21649140277547e-05
"RBM12B",0.021006705268327,2.2628494538184e-05,3.21688347914367e-05
"KAT6A",0.0209796180168769,2.31854972139367e-05,3.29534377525853e-05
"CCL3",0.0209636019302393,2.35209525353182e-05,3.34228811926362e-05
"STAT1",0.0209623235237153,2.35479267236998e-05,3.34538682486795e-05
"MGRN1",0.0209577618856519,2.36444167017907e-05,3.35767959561513e-05
"MTMR12",0.0209425290614522,2.39693616548841e-05,3.40301858231841e-05
"C4orf33",0.0209317737674042,2.42013466110015e-05,3.4352010076655e-05
"SLC4A1AP",0.020926644734458,2.43127273646523e-05,3.45025420777639e-05
"SUPT7L",0.0209240262859688,2.43697767749393e-05,3.457592260376e-05
"ZNF33A",0.0209071193059441,2.47412146418393e-05,3.50952286571576e-05
"C15orf39",0.0209050503529682,2.478703659916e-05,3.51525246315359e-05
"HMGXB4",0.0209028861931059,2.48350535230943e-05,3.5212907689118e-05
"HPS5",0.0208996976506804,2.49059600062665e-05,3.53057116445301e-05
"BMF",0.0208964026415356,2.49794363887193e-05,3.54021171586184e-05
"RBM25",0.0208905760569417,2.51098700699181e-05,3.55791855619719e-05
"TRA2A",0.0208853889531206,2.52265332190006e-05,3.5736668722059e-05
"PDE12",0.0208803922223427,2.53394020839252e-05,3.58887090552027e-05
"CUL4A",0.0208701403973595,2.55724813897221e-05,3.62109021253414e-05
"PUS7L",0.0208677213644113,2.56277756519181e-05,3.62812638466035e-05
"SKAP2",0.0208665730447197,2.56540637316805e-05,3.63105397024266e-05
"TBC1D15",0.0208396843980675,2.62769976150774e-05,3.71841054775981e-05
"SLC5A3",0.0208364920126202,2.635190429966e-05,3.72819555148599e-05
"TTBK2",0.0208292606217379,2.65223345808372e-05,3.75148774473105e-05
"TOP1",0.0208155102036906,2.68493016916045e-05,3.79690649085731e-05
"PSMA3-AS1",0.020814798508104,2.68663287904174e-05,3.79848466016952e-05
"PACS2",0.0208096287669765,2.69903218044121e-05,3.81518216947082e-05
"GBA2",0.0208032051144629,2.71451472898814e-05,3.83622972177892e-05
"MBOAT1",0.0207908312160663,2.74457712455403e-05,3.87786824625988e-05
"ATR",0.0207767031713238,2.77928823059758e-05,3.92519895394606e-05
"ZNF598",0.0207742824222279,2.78527748111621e-05,3.932799653816e-05
"SAFB",0.0207738950662314,2.78623698871027e-05,3.93329661249679e-05
"LRRC8C",0.020770966301777,2.79350191808804e-05,3.94269270061086e-05
"DAXX",0.0207471904623608,2.85314908057586e-05,4.02512249894272e-05
"PIP4P2",0.0207459038511222,2.85641112903569e-05,4.02838385800991e-05
"FIP1L1",0.020745787882457,2.8567053277917e-05,4.02838385800991e-05
"ACOT8",0.0207219740031231,2.91773243320702e-05,4.11264963478821e-05
"BCOR",0.0207193262573837,2.92459376947052e-05,4.12052667324312e-05
"SLC22A18",0.0207014414470938,2.97134349678252e-05,4.18473613550347e-05
"EVL",0.0206967629258368,2.98368954180005e-05,4.20104525741921e-05
"PRCC",0.0206755045717534,3.04040437112871e-05,4.27996910169326e-05
"AZIN1",0.0206651532278716,3.06839001860143e-05,4.31842543052732e-05
"STK10",0.020654090580533,3.09856925014752e-05,4.35995160301131e-05
"PPP3R1",0.0206434426828012,3.12788326186053e-05,4.40024255482074e-05
"ZNF654",0.0206395395941769,3.13869444308082e-05,4.41449224951232e-05
"SSH1",0.0206368804474373,3.14608034914068e-05,4.42391923986463e-05
"OS9",0.020622990445784,3.18492967105796e-05,4.47757539423002e-05
"NUS1",0.0206053404920963,3.23495310697679e-05,4.5449406281614e-05
"CBWD2",0.0205877446946192,3.28556543839662e-05,4.61504678849636e-05
"RAB5B",0.0205767351483573,3.31761476519855e-05,4.65878259539644e-05
"WDR74",0.0205765551307117,3.31814126465446e-05,4.65878259539644e-05
"CHML",0.0205710685280225,3.33422611322757e-05,4.68035122659047e-05
"KSR1",0.0205583026113435,3.3719385509963e-05,4.73226320814005e-05
"SLC12A9",0.0205248924608976,3.47256419985072e-05,4.87242753139002e-05
"ING3",0.020516074557113,3.49959409060604e-05,4.90928973837128e-05
"CDK12",0.0205145908734217,3.50416168029372e-05,4.91463230464071e-05
"UCKL1",0.0204972496827313,3.55796883626342e-05,4.98901673077093e-05
"NEDD9",0.0204813267417147,3.60806550039993e-05,5.05816718267414e-05
"GBP3",0.0204586820286385,3.68046487906513e-05,5.15854722387263e-05
"THBD",0.0204565334040893,3.6874056198362e-05,5.167156706238e-05
"SGTA",0.0204552711846177,3.69148878255303e-05,5.17175900849347e-05
"RAB11B",0.0204438672235176,3.72857462838686e-05,5.22258592474611e-05
"WDR6",0.0204408575713554,3.73842089115252e-05,5.23524483005006e-05
"EXOSC10",0.0204345931678062,3.75899448870338e-05,5.26291745671836e-05
"MGME1",0.0203829039465901,3.93290272289767e-05,5.50521345471125e-05
"USP3",0.0203777791914225,3.95055500477221e-05,5.52872743210015e-05
"DOCK11",0.0203755705740025,3.95818577729081e-05,5.53820936290916e-05
"TMEM161B-AS1",0.0203693103888623,3.97989080216102e-05,5.56737533560727e-05
"CDK5RAP1",0.0203523025468773,4.03943133416107e-05,5.64822428884639e-05
"FGD6",0.0203470496226419,4.05799080243664e-05,5.67295021701032e-05
"STAM2",0.020342643031769,4.0736224143152e-05,5.69357329669184e-05
"SUMF1",0.0203196362774593,4.15616705296759e-05,5.80768951023358e-05
"CTDSPL2",0.020304862752604,4.21000620231445e-05,5.88038406769876e-05
"TRAFD1",0.0202998606010295,4.22838500642969e-05,5.9047809602299e-05
"FMNL1",0.0202937708593038,4.25086255834385e-05,5.9348898431568e-05
"MIGA1",0.0202920611722498,4.25719345244108e-05,5.9424472641448e-05
"USP39",0.0202855989584573,4.28120363112816e-05,5.97467391850047e-05
"ARRDC3",0.0202849381378371,4.28366611884263e-05,5.97682208047138e-05
"PRRC2A",0.0202795888309974,4.30364934211107e-05,6.00341000664233e-05
"PIP4K2B",0.0202729364134565,4.32862393100872e-05,6.03694772282431e-05
"RAB3GAP1",0.0202671323059634,4.35052602472612e-05,6.06618683697543e-05
"FBRSL1",0.0202400933274433,4.45395178968359e-05,6.20906199104469e-05
"SCAF4",0.0202393790752565,4.45671520913778e-05,6.21157680601895e-05
"WIPF2",0.0202382735215979,4.46099576846937e-05,6.2162046072042e-05
"RBPJ",0.0202347098923007,4.47482023302732e-05,6.23412657383665e-05
"POLR2B",0.0202309044430521,4.48962765117147e-05,6.25340994270312e-05
"ZFAND2A",0.0202213676100852,4.52694093267825e-05,6.30402572556657e-05
"AEBP2",0.0202125428460482,4.56173002787113e-05,6.35110541944897e-05
"CUX1",0.0201690202211601,4.73704596239031e-05,6.59377242754565e-05
"ARGLU1",0.0201601225406207,4.77366514043775e-05,6.64331644866594e-05
"SRBD1",0.0201568441135737,4.78722532907068e-05,6.65980231233181e-05
"GPAA1",0.0201517734749672,4.80827038415933e-05,6.68716272117024e-05
"GALC",0.0201492262957161,4.81887520210792e-05,6.70047209159078e-05
"ZNF451",0.0201444134137212,4.83897350980271e-05,6.72697326657993e-05
"SOCS4",0.020142474909518,4.8470910154931e-05,6.73681134270123e-05
"SERPINB1",0.0201409208583004,4.85360794150214e-05,6.74442108033588e-05
"SLCO3A1",0.0201388471315668,4.86231706890268e-05,6.75507311246265e-05
"MSRB1",0.0201318967696091,4.89161498969449e-05,6.79431783807813e-05
"APC",0.0201286988698728,4.9051512641942e-05,6.81165793316029e-05
"NUDT19",0.0201248313114045,4.92156955412356e-05,6.83299191365986e-05
"YY1AP1",0.0201220090460636,4.93358330025334e-05,6.84820289147515e-05
"VPS41",0.0201000122516578,5.02817592541786e-05,6.97800877623907e-05
"NFATC3",0.0200391398022072,5.29898693960344e-05,7.35068383265324e-05
"SYK",0.0200374439122244,5.30672600386119e-05,7.35984236268152e-05
"RELA",0.0200361331498315,5.31271490417051e-05,7.36556679622251e-05
"CD300LB",0.0200360425774006,5.31312896792696e-05,7.36556679622251e-05
"SIRPB1",0.0200305275386781,5.33839938851453e-05,7.39901469519227e-05
"CHORDC1",0.0200236244474674,5.37019049252222e-05,7.44148400012604e-05
"RIN1",0.0200205308452542,5.384495723342e-05,7.45971010334177e-05
"NSD3",0.019996011140658,5.499162061222e-05,7.61531019986123e-05
"KAT6B",0.0199938742361663,5.50926413074767e-05,7.62766808863568e-05
"GFPT1",0.0199872001230666,5.54092886209561e-05,7.66822861334052e-05
"SIPA1",0.0199594065428435,5.67465634566127e-05,7.85161897452684e-05
"TET3",0.0199535969636929,5.70299248179506e-05,7.8891395998165e-05
"TMEM127",0.0199502095413784,5.71957638143667e-05,7.90870087428898e-05
"CCDC14",0.0199442305880762,5.74895922603749e-05,7.94763229326644e-05
"RAD54L2",0.0199337466657698,5.80082661744233e-05,8.01762415058105e-05
"NEAT1",0.0199207813957364,5.8655830628909e-05,8.10539695819758e-05
"HOOK3",0.0199205315423163,5.86683768057776e-05,8.10540058558695e-05
"HCP5",0.0198995230043348,5.97324409603138e-05,8.25064695491939e-05
"ALAD",0.0198920152784095,6.01171134544413e-05,8.30200922576905e-05
"XAB2",0.0198828803441776,6.05883225434782e-05,8.36529750792233e-05
"HPS3",0.0198751876928449,6.09878443426299e-05,8.41866320414043e-05
"YKT6",0.0198473607499769,6.2453980294756e-05,8.61920845082605e-05
"GEMIN7",0.0198425199075189,6.27124157708077e-05,8.65303025789021e-05
"WRNIP1",0.0198318954798282,6.32831699086586e-05,8.72992205388143e-05
"RIC1",0.0198260942839945,6.35968874033336e-05,8.77133040155905e-05
"CREBZF",0.0198178823509636,6.40434905910376e-05,8.83104490066831e-05
"ARRDC1",0.0198152910150656,6.41850345689311e-05,8.84867789180707e-05
"CHMP4B",0.0197491021648745,6.79023866974036e-05,9.3571743609832e-05
"CCNT1",0.019735569043717,6.86871196837526e-05,9.46329884725717e-05
"AP1B1",0.0197305254316531,6.8981767859709e-05,9.5018715983778e-05
"CERS5",0.0197295821662481,6.90370060618138e-05,9.50745750359886e-05
"SIAH2",0.0197258129741844,6.9258150259412e-05,9.53385636358566e-05
"DLEU2",0.0197230998683115,6.94177469291387e-05,9.55379450721182e-05
"PTPN1",0.0197125434465694,7.00420382207461e-05,9.6374886509434e-05
"ZNF800",0.019712314433584,7.00556403944079e-05,9.6374886509434e-05
"MFSD14B",0.0197021125693069,7.06641192697388e-05,9.71913125456318e-05
"CALCOCO1",0.0196560335465165,7.34752732934921e-05,0.000101036304014883
"C11orf68",0.0196316689791311,7.50041119143762e-05,0.000103116717038367
"RBM12",0.0196272890279712,7.52821174787959e-05,0.00010347694873837
"SEC22C",0.0196097130809226,7.64075338268829e-05,0.000104979281408158
"PHF8",0.0196078599290335,7.6527116819046e-05,0.00010512127186219
"GTF2I",0.0195872797490804,7.78670954908562e-05,0.00010693923975558
"UBE4B",0.0195846671281717,7.80387817878236e-05,0.000107152295502518
"PRKAA1",0.0195735583540901,7.87727899230204e-05,0.000108137201433765
"ATP11A",0.0195689849192518,7.90768704773578e-05,0.000108531621681241
"RNF166",0.019568330461112,7.91204750285882e-05,0.00010856845174546
"OSBPL8",0.0195494837095264,8.03859727599384e-05,0.000110281582464048
"DENND5A",0.0195427142885737,8.0845169396445e-05,0.000110888056498429
"DIPK2A",0.0195390908499609,8.10919792256e-05,0.000111203023407442
"P2RY8",0.0195240933076811,8.21211283732044e-05,0.000112590466981814
"RNF216",0.0194990445304141,8.38675808780821e-05,0.000114960558671333
"SHPRH",0.0194894412912443,8.45463995986635e-05,0.000115841987513597
"DENND1B",0.0194873946412034,8.46917395907027e-05,0.000116016572600552
"DDX52",0.0194717285724072,8.5812089236702e-05,0.000117526436581005
"MORC3",0.0194649492131905,8.63012395281875e-05,0.000118171367323495
"LIPE-AS1",0.0194630332493884,8.64399585915748e-05,0.000118336285033169
"PRORP",0.0194531780716942,8.71568253541029e-05,0.000119292449755277
"JARID2",0.0194458251299606,8.76953339380478e-05,0.000120004141178381
"DHRS1",0.0194374969111747,8.83090650718364e-05,0.00012081844616971
"RBM6",0.0194087047134379,9.04622564236716e-05,0.000123738146648394
"LUC7L",0.0194078697068905,9.05254352716481e-05,0.000123798408945638
"FOXJ3",0.0193667812366823,9.36862948502359e-05,0.000128093996380238
"RCOR3",0.0193617865860131,9.40775521773625e-05,0.000128601789019477
"KIF13B",0.0193450969517926,9.53961611990152e-05,0.000130376767490484
"PPIL4",0.0193409722928296,9.57247198874106e-05,0.000130798192602595
"CCSAP",0.0193340678743274,9.62770988149799e-05,0.00013152520315007
"GALNS",0.0193268915968137,9.68544163304872e-05,0.000132285968633665
"VTA1",0.0193210802841303,9.73243185796728e-05,0.00013289973391369
"UBXN7",0.0193043372187408,9.86902244773312e-05,0.00013473650638259
"CA5B",0.0193016116033777,9.89142868619964e-05,0.000135013934881839
"PARN",0.0192864973627627,0.0001001655109358,0.000136664176564461
"NUDCD3",0.0192499968544406,0.000103249072416502,0.000140841655040969
"FAM234A",0.0192314953746804,0.000104846081783424,0.00014295988489172
"NFIA",0.0192247073815575,0.000105437830577237,0.000143736474027591
"PMS2",0.0192211110484967,0.00010575261961024,0.000144104916724204
"ATP6V1H",0.0192095349950329,0.000106771910217615,0.000145463246369706
"SAR1A",0.0192064608626258,0.000107044146306149,0.000145778013130393
"XRN2",0.0192064175342344,0.000107047988016974,0.000145778013130393
"CCDC18-AS1",0.0191742315831905,0.000109937978123036,0.000149650645577909
"TES",0.0191563749544526,0.00011157291877722,0.000151844245567317
"TMEM260",0.0191504765223802,0.000112117995579909,0.000152553993985778
"LRMP",0.0191449136204773,0.000112634366628156,0.000153224393685791
"PNPLA6",0.0191439535419268,0.000112723711669659,0.000153309571614027
"CLEC4E",0.0191437319551993,0.000112744342053503,0.000153309571614027
"PRPF18",0.0191299449544824,0.000114034980134885,0.000155032016252257
"SLC35A3",0.019129447510262,0.000114081806672901,0.000155063114927643
"GABPB2",0.0191266528086995,0.000114345221137031,0.000155388530991003
"ATXN1",0.0191175061951165,0.000115211351412401,0.000156532694447825
"RNF44",0.0191146483632206,0.000115483237358888,0.000156869173030097
"G6PD",0.0191084733763443,0.000116072775571028,0.000157636909806343
"SNX30",0.0190921850141444,0.000117641504407832,0.000159733871547043
"POLR3C",0.0190837741949576,0.000118459354814802,0.000160795008397925
"MTMR9",0.0190836375172845,0.000118472689227387,0.000160795008397925
"PYGB",0.0190610571241984,0.000120695192666542,0.000163717702933614
"VPS50",0.0190609888028949,0.000120701976537247,0.000163717702933614
"PRPSAP2",0.0190511338761344,0.000121684282706552,0.000164980952092611
"PSME4",0.0190407812454596,0.000122724312744768,0.000166356197803523
"SLC15A4",0.0190374525243599,0.000123060494073482,0.00016677698108263
"CCDC117",0.019034504707825,0.000123358930894734,0.000167146445921412
"SHROOM1",0.0190246817482878,0.000124358339024297,0.000168465345646223
"CASP8AP2",0.0190180148314086,0.00012504098745525,0.000169354676314914
"NFATC2IP",0.0190131279570637,0.000125543613020331,0.000169999864190258
"RPRD1A",0.0190123992492378,0.000125618725146584,0.000170066003052904
"AC005261.1",0.0190081575151448,0.000126056786751889,0.000170623382277176
"SLK",0.0189924332941103,0.000127693286903778,0.000172802328473048
"TRIM21",0.0189734725594009,0.000129693257411078,0.000175472131343641
"TNRC18",0.0189698593662163,0.000130077708719523,0.000175955513215669
"UBALD2",0.0189532331908919,0.000131860649834603,0.000178330028625281
"ARID1A",0.018943452144124,0.000132920271743143,0.000179725530339413
"NPEPL1",0.0189367176398128,0.000133654506998389,0.00018064285559657
"KAT7",0.0189325100671356,0.000134115179043854,0.000181227649578357
"STIM1",0.0189316683611001,0.000134207513800577,0.00018131457519719
"GTF3C3",0.018928072862218,0.000134602613104947,0.000181810414613275
"ZBTB33",0.0189257419049031,0.000134859340694221,0.000182119184742258
"B3GALT4",0.0189168328542768,0.000135844825275316,0.000183411762008842
"KMT5B",0.0189037082618889,0.000137308982755386,0.000185349948781979
"EPM2AIP1",0.018869157569094,0.00014123479780934,0.000190609564523175
"AL445524.1",0.0188658028895883,0.000141621551723526,0.000191051870360097
"RFX1",0.0188624733398792,0.000142006394563859,0.000191531124668004
"ELF1",0.0188416123634491,0.000144440097312735,0.000194732442732746
"GRINA",0.0188374454513017,0.000144930904253837,0.000195349820267544
"ARFGEF2",0.018837212597688,0.000144958377597355,0.000195349820267544
"CCAR2",0.0188285923080436,0.000145978904597297,0.000196684168233694
"LINC02785",0.0188134867334654,0.000147783534894224,0.000199046779754408
"DNM2",0.0188134002676955,0.000147793924973655,0.000199046779754408
"RNF145",0.0187973931772743,0.000149729296155424,0.000201611369240893
"SECISBP2L",0.0187909926744223,0.000150509819683666,0.000202620206411324
"ACVR1B",0.0187893996892817,0.000150704674220254,0.000202840345301855
"ARID3A",0.018788204656815,0.000150851006910734,0.000202995098470192
"FASTKD5",0.0187771286698667,0.00015221364997574,0.000204786194917485
"PIK3R1",0.0187545370448772,0.000155029022800578,0.000208530624062111
"KIAA0040",0.0187450690068594,0.000156223445035374,0.000210093598495848
"ABCC1",0.0187346164558907,0.0001575521229722,0.000211836436993151
"FBXL20",0.0187307679288739,0.000158044002313263,0.000212453669222605
"RNMT",0.0187065571215648,0.000161171676277093,0.000216613126887669
"NCKAP5L",0.0186977098559716,0.000162329071001489,0.000218123371868751
"OXSR1",0.0186918854184074,0.00016309528483017,0.000219107465032273
"TBK1",0.0186635685613527,0.000166869142198145,0.000224084386349469
"TBC1D23",0.0186567607489592,0.000167788606005079,0.000225272383923036
"IKBKB",0.01864376443543,0.000169557137497366,0.000227599607745791
"AC027644.3",0.018613188150983,0.000173787336685317,0.000233181185015698
"DOP1B",0.0185975454672953,0.000175989672067676,0.000236038354457454
"CD244",0.0185890454629452,0.00017719736704184,0.000237608896899104
"SPSB3",0.0185775535707041,0.000178842548189213,0.000239765304820245
"KIAA2026",0.0185698014048097,0.000179960449702639,0.000241214068607637
"PPP4R2",0.0185662690665175,0.000180472006617153,0.000241849673119323
"WDFY4",0.0185485577349138,0.000183057658499306,0.000245213176313782
"USF3",0.0185464419686579,0.000183368854285108,0.000245579222722754
"VPS37A",0.0185272007821367,0.000186221844924054,0.000249296985946718
"CHKB",0.0185168125989882,0.000187779447026483,0.000251305206912494
"EPC2",0.0185166787432306,0.000187799597009985,0.000251305206912494
"CCNK",0.0185138783984517,0.000188221613342808,0.0002518178807153
"CC2D1A",0.0185044360578933,0.000189651167812233,0.000253625627022598
"PPP1R21",0.0184953278025402,0.000191039806361028,0.000255429926968462
"CNOT10",0.0184848306546891,0.000192652045394204,0.00025753238527402
"NSMAF",0.0184763925750132,0.000193957296521139,0.000259223686556121
"SHKBP1",0.0184727349750644,0.000194525653082368,0.000259885835645605
"RBM39",0.0184726876438369,0.000194533018155483,0.000259885835645605
"BRD9",0.018471721913488,0.000194683349842897,0.000260033011529383
"MIER1",0.0184667556966012,0.000195458148151008,0.00026101403694918
"SH2B2",0.0184523255909186,0.000197725916335318,0.00026398795264072
"STK11IP",0.018447621813464,0.000198470466785204,0.000264872768906908
"ZNF609",0.0184339922615765,0.000200642759830797,0.000267716658521142
"TPD52L2",0.0184322383830594,0.00020092391147391,0.000268015109267995
"AGO1",0.0184320805299349,0.000200949233918265,0.000268015109267995
"STK4",0.0183863317159807,0.000208415848338502,0.000277916416507407
"EPS15L1",0.0183575079057146,0.000213253124491134,0.000284308222396128
"CLK3",0.0183417970097293,0.000215933957815751,0.000287823027156511
"CEACAM4",0.0183408055185396,0.000216104198275076,0.000287990650397868
"VPS45",0.0183345939904405,0.000217173597625518,0.00028935621959819
"EXOC4",0.0183262419941494,0.000218619341094878,0.000291222554372066
"MAPK6",0.018298792313702,0.000223434828502155,0.000297576029566541
"CYTH4",0.0182981111561673,0.000223555580246809,0.000297675612200297
"PIK3C2A",0.0182856794056571,0.000225770200471503,0.00030056267280537
"ITSN1",0.0182842686111379,0.000226022819545638,0.000300837116311362
"STK19",0.018276282294022,0.000227457871073723,0.000302684944980736
"TCHP",0.0182410059870052,0.000233899541873577,0.000311129162541512
"RBM23",0.0182393842094495,0.000234199765483447,0.00031146451966718
"PHKG2",0.0182370038577137,0.000234641071331094,0.000311987327130315
"TMOD2",0.0182229195244188,0.000237268247715686,0.000315415736285699
"SLC7A6",0.0181891379871494,0.00024368249712663,0.000323676751415224
"SLC6A6",0.018174020091487,0.000246605371339093,0.000327424769083119
"PCM1",0.0181673811283116,0.000247899303294934,0.000329075269536888
"SIRT7",0.0181594781615652,0.00024944789071277,0.000331063067747945
"DENND4C",0.0181365489518312,0.000253992377863845,0.000336887247344915
"POLDIP3",0.0181357043650251,0.000254161245387039,0.000337042175877856
"USP33",0.018127023780539,0.000255902962560258,0.000339212895089088
"LRCH3",0.0181246740897488,0.000256376337800568,0.000339770810833343
"NUMB",0.0180898730864217,0.000263484286216984,0.00034904793717388
"KMT2A",0.0180893606833671,0.000263590309240146,0.000349116952131896
"DNAJB1",0.0180785949459895,0.000265827152898327,0.000352007565527464
"CBWD5",0.0180381459319074,0.000274391434326046,0.000363125540847675
"UGGT1",0.0180183751088196,0.000278670972364927,0.000368713647065305
"DENND2D",0.0179960525073862,0.000283578005967242,0.000375129548555767
"DENND1A",0.0179942216312607,0.000283984047407785,0.000375589933180389
"HUS1",0.0179817114956331,0.000286773085902477,0.000379201176089182
"SKI",0.0179486360143099,0.000294271121835169,0.000389036398358359
"CNOT6",0.0179404494833878,0.000296155108870938,0.000391447156968242
"USP10",0.0179361281938483,0.000297154127763839,0.00039268745114168
"H1F0",0.0179157401587997,0.000301910262733983,0.000398728486523829
"SH3GLB2",0.0179122183131848,0.000302739027405475,0.000399741477345104
"CASC3",0.0179112803199364,0.000302960116021797,0.000399951833426817
"ABI1",0.0179094842838305,0.000303383870619159,0.000400429598040456
"ZFP36L1",0.0179024806364493,0.000305041610535274,0.000402535545577938
"STAG1",0.017887620741616,0.00030858702753084,0.000407131122118332
"GCNT2",0.0178855192394152,0.000309091526963113,0.000407713640089486
"NMT1",0.0178164302953875,0.000326113931878254,0.000430079770824978
"S100Z",0.0177932349604636,0.000332022906584785,0.000437783359924622
"NOL11",0.0177725426914754,0.000337378634624692,0.000444754485962177
"INTS8",0.0177683653296123,0.000338469610294456,0.000446101843861219
"GCC2",0.0177602671893509,0.000340593958623591,0.000448810357852458
"RBM47",0.017755623557207,0.00034181772185242,0.000450331284345252
"THOC1",0.0177363879411062,0.000346930937506567,0.000456974748609871
"TRIM13",0.0177280361982946,0.000349173199541216,0.000459834681413717
"NOL9",0.017723701892701,0.000350342202292385,0.000461280337124445
"WDR7",0.0177076862951357,0.000354693586392271,0.000466914656019431
"NBEAL1",0.017707071797861,0.000354861545844284,0.000466965130892008
"CHMP7",0.0177070182392633,0.000354876188444343,0.000466965130892008
"BIRC6",0.0176993580804386,0.000356976259369728,0.000469633063027762
"RPS6KB1",0.0176850654251525,0.000360925767963021,0.00047473251153852
"CHMP1A",0.0176542162192452,0.000369590049913397,0.000486030059544858
"TGIF1",0.0176509314118457,0.000370523985199749,0.000487159277047761
"UTRN",0.0176450194058577,0.00037221044568563,0.000489277243729699
"TAF1",0.0176366435760007,0.000374612024638625,0.000492334195596926
"ETS2",0.0176343101135031,0.000375283667240429,0.000493116797587688
"RIT1",0.0176334399698467,0.000375534409469084,0.000493346137764377
"STYX",0.0175872295829923,0.000389077717884491,0.000510723671043024
"PTBP3",0.0175707332919489,0.000394022004798714,0.000517108951767053
"MFSD6",0.0175608368976344,0.00039701627209667,0.000520932984506251
"ARID5A",0.0175549204933734,0.00039881648756458,0.000523189045692622
"NAB1",0.0175484170980669,0.000400804106920227,0.000525689989505987
"CARD9",0.0175437785302922,0.000402227432883242,0.000527449949460423
"ANKRA2",0.0175289740546279,0.000406801773794341,0.000533340357137417
"FBXO11",0.0175020354150178,0.000415250267766882,0.000544306587066773
"PARP11",0.0175010405119624,0.000415565404801873,0.00054460939892456
"NDST1",0.0174934867627359,0.000417965361781395,0.000547643746644961
"EXOC2",0.0174776740687275,0.000423031295650684,0.000554169285318197
"SNHG1",0.0174606165639778,0.00042856027894398,0.000561298653830331
"NEK7",0.0174438441640359,0.000434062574288016,0.000568390191331031
"MBTPS1",0.017419272003909,0.000442242816143289,0.000578984831488707
"ZNF148",0.0174118847796181,0.000444730066135101,0.000582123422595763
"CD58",0.0174059392023502,0.000446741395451911,0.000584637920791525
"PDPR",0.0173991156381839,0.000449060200523538,0.000587434984479569
"MYO9A",0.0173886201758627,0.000452648736732419,0.000592009681132461
"STIM2",0.0173856947883015,0.000453653723756893,0.000593204243102833
"GAPVD1",0.0173808525518433,0.000455321801559399,0.000595265214720426
"ARMH3",0.0173775046449094,0.000456478449899249,0.000596656871521853
"SMIM3",0.0173743001532535,0.000457588118078628,0.000597986571748292
"RELT",0.017365818329919,0.000460537408417787,0.000601719310211251
"CCR1",0.0173137730850607,0.000479026355929063,0.000625749924996924
"FAM118A",0.0173047812826456,0.000482289971330972,0.000629886075125421
"MAPK8",0.0172789168112578,0.000491793582372326,0.000642168546244139
"CYBB",0.0172600226003271,0.000498846113233508,0.000651246165975748
"TRPM7",0.0172489386781048,0.000503027110640496,0.000656439732772943
"UAP1L1",0.0172441731471797,0.000504834753270054,0.000658665899369272
"SPAG9",0.0172135118146767,0.000516610685913651,0.000673758577881743
"CASP10",0.0171950073936064,0.00052384094194967,0.000682913060447475
"CANT1",0.0171866024689291,0.000527156056480803,0.000687075743591142
"CERT1",0.0171863744591706,0.000527246261069013,0.000687075743591142
"NCOA6",0.0171802194466741,0.000529686731759208,0.000689978249780506
"CIC",0.0171765601483175,0.000531142633512767,0.000691735548051027
"MGA",0.0171694430265407,0.000533984962162404,0.000695297394416614
"MIIP",0.0171685026973727,0.000534361554778948,0.00069564783946087
"TFE3",0.0171620218519015,0.000536963807726615,0.000698754510798413
"POLK",0.0171593020446635,0.000538059404820887,0.000700003465985035
"LMF2",0.0171591025969467,0.000538139828577003,0.000700003465985035
"ZNF143",0.0171586433662995,0.000538325047778398,0.000700103728267848
"LPIN1",0.0171401866001714,0.000545818474109582,0.000709706527693399
"GYG1",0.0171145958311918,0.000556369154821431,0.000723218054711353
"ITGA5",0.0171144416534756,0.000556433291707947,0.000723218054711353
"FAM13B",0.0171007009882422,0.000562177050218386,0.000730536777020038
"ANKHD1",0.0170934500570301,0.000565230234436442,0.000734356921079978
"TMEM30A",0.0170837700543404,0.000569330310712507,0.00073953539958924
"TMEM87B",0.0170731784477847,0.000573848227124046,0.000745254447823686
"FTX",0.0170435713934019,0.000586655001707709,0.000761733750713138
"CEP85L",0.0170369245015517,0.00058956650739679,0.000765360651471188
"CSTF2T",0.0170354032270649,0.000590234752658664,0.000766074536630351
"CCNYL1",0.0170184708136688,0.000597720347239033,0.000775634701949388
"NCBP3",0.0170142518457738,0.000599599198870168,0.000777916876449993
"DPEP2",0.0170115460584538,0.000600807070627067,0.000779327785061036
"ICE1",0.0170049541537635,0.000603759202462976,0.000783000215694172
"TBC1D14",0.0169594636843843,0.000624502690220126,0.000809577576388685
"GM2A",0.016934765170219,0.000636040968821069,0.000824370216646166
"THADA",0.0169338390270154,0.000636477463457706,0.000824722331135446
"C21orf91",0.0169012274042141,0.000652026263568495,0.000844562809909333
"SLC20A1",0.0169009866871372,0.000652142336536416,0.000844562809909333
"USP8",0.0169002605343636,0.000652492601395233,0.000844847420286548
"CCNH",0.0168847629744639,0.000660009794621182,0.000854409800115484
"ARMCX3",0.0168843861381605,0.000660193580410122,0.000854476857172158
"JAZF1",0.0168650605905892,0.000669682837779449,0.000866585387124556
"ZNF350",0.0168480065894095,0.000678161884216563,0.000877382102002004
"SBNO1",0.0168464330585651,0.000678949233049225,0.000878225241710426
"RBL2",0.0168432942727143,0.000680522328382151,0.000880084209737524
"TMEM167B",0.0168405308797958,0.000681910088202484,0.000881702798286974
"ZNF791",0.0168336420531413,0.000685381077645014,0.000886013797259149
"FAM117B",0.0168134582447788,0.000695645620415233,0.000899103562900423
"ANTXR2",0.0168031349968241,0.000700950591341788,0.000905779267135077
"AVL9",0.0167898258819563,0.000707845438423388,0.000914506359679308
"ATG7",0.0167891275023658,0.000708208971487929,0.000914793471949891
"CUL5",0.0167713876034447,0.000717501636522263,0.000926611927956339
"INPP4A",0.0167652634761207,0.000720735844581248,0.00093041751900678
"RUFY2",0.0167571967040201,0.000725016652018861,0.000935757138191807
"PINK1",0.0167527756898598,0.000727372766618207,0.000938610980882255
"ARHGAP5",0.0167474521675798,0.000730219297835227,0.000942096399797779
"RELB",0.0167121688618481,0.000749348691473448,0.000966583667782248
"VPS13C",0.016690801857274,0.000761158312261389,0.000981425794379652
"GOLGA5",0.0166904842554911,0.000761335148189375,0.000981458333209481
"B4GALT3",0.016661530069801,0.000777617605279234,0.00100224893023646
"SRP54",0.0166520356766867,0.000783026788109831,0.0010090197902514
"DDX23",0.0166349302374855,0.000792860403267478,0.0010214882091052
"ALCAM",0.0166240040526095,0.000799201530248607,0.00102945298583953
"LPCAT3",0.0166061405971528,0.000809670234237453,0.00104273027580133
"MYCBP2",0.0166057473527753,0.000809902116134474,0.00104282145979606
"RAB11FIP4",0.0165937263422326,0.000817020270608594,0.00105177753667131
"BAIAP2-DT",0.0165874759046993,0.000820744316467853,0.00105636157153338
"FAM122B",0.0165810855403941,0.000824568007258865,0.00106107200934086
"DHX40",0.0165802290586981,0.000825081739300241,0.00106152209464025
"FAM120B",0.0165794422655088,0.000825553932663766,0.00106191856945464
"ZGPAT",0.0165706298536994,0.000830859851237802,0.00106853132239045
"VPS16",0.0165521452497168,0.00084209228098304,0.00108276175314483
"TRNT1",0.0165480928405093,0.000844573533415277,0.00108573650820701
"IP6K2",0.0165445703495421,0.000846735828716272,0.00108830013005939
"MAPK7",0.0165421974477329,0.000848195337103559,0.00108995962929902
"RERE",0.0165035042176188,0.000872326125528163,0.00112074604815823
"CHFR",0.0164894893095928,0.000881222341882127,0.00113195107963192
"GUF1",0.0164814738063906,0.000886348059897356,0.00113830933143731
"CRKL",0.0164757617942204,0.000890017601470851,0.00114279530978229
"ZFX",0.0164580466198309,0.00090148803271191,0.00115729397655699
"IL1RAP",0.0164487914668879,0.000907535011355982,0.00116482586509093
"DDX17",0.0164478029445054,0.000908183092789581,0.00116542662888399
"MADD",0.0164434252868178,0.000911058270977412,0.00116888451175342
"TSHZ1",0.0164386598389704,0.00091419773134591,0.00117268003026222
"METTL17",0.0164374288862545,0.000915010306320745,0.00117348984213956
"HERC1",0.0164158608839257,0.000929356786815273,0.00119165296847734
"ANKRD28",0.0164120935972006,0.000931883967633028,0.00119465679335767
"MED13",0.0164045928296501,0.000936934619705176,0.00120089382854312
"NCOA3",0.0164030252734831,0.000937993334307407,0.00120201283576923
"DMAP1",0.0163923558448335,0.000945228873978152,0.00121104526620514
"DHX15",0.0163867247151162,0.000949068470985452,0.00121572403663629
"EIF2B4",0.0163733870763536,0.000958220472009099,0.00122720461637723
"PPP3CA",0.0163594840434063,0.000967847392037708,0.00123904370497372
"COP1",0.0163374051198299,0.000983319800070513,0.001258602685974
"HDAC10",0.0163354378741175,0.000984709455207422,0.00126013224214526
"ADNP",0.0163294011826345,0.000988985111014597,0.00126535367761038
"ZC3H7A",0.0162953409712316,0.00101343301070783,0.00129612115988196
"SDE2",0.0162858176435744,0.00102036810356111,0.00130447533618772
"DCAF11",0.0162686391547166,0.00103298903875012,0.00132008903214929
"HOMER3",0.0162676149662177,0.00103374604827733,0.00132079572065275
"DAGLB",0.0162464339199451,0.00104951716786298,0.00134068155973657
"SMC6",0.0162053087002598,0.00108077600047188,0.00138006781598717
"ZCCHC2",0.0162045249132673,0.00108138002489696,0.00138045448181548
"SLC35A1",0.01620436244213,0.00108150527212977,0.00138045448181548
"PCNX4",0.0161877043892608,0.00109441822712491,0.00139638620465247
"PTPRA",0.0161792087670465,0.00110105860845706,0.00140430524648366
"PLAA",0.0161716728967926,0.00110697998607631,0.00141157936376955
"SIN3A",0.0161381390187172,0.00113368828523979,0.00144506752483607
"ENC1",0.0161322156371225,0.00113846745742881,0.00145079780094934
"MECP2",0.0161320120988302,0.00113863200905523,0.00145079780094934
"LRRC47",0.0161308428207887,0.0011395777441716,0.00145171710266961
"MKRN1",0.0161199707416708,0.00114840612326133,0.00146267582962696
"CBLL1",0.0161151471467604,0.00115234320207528,0.00146740163065211
"HERC3",0.0161124735919123,0.00115453076080705,0.00146989816036673
"TRAK2",0.0160949874702391,0.00116893317697399,0.00148794207387527
"RETREG3",0.0160931045667304,0.00117049388878932,0.00148963582386909
"SLC27A1",0.0160878242946444,0.00117488090811453,0.00149492511775422
"RNF11",0.016055514482684,0.00120205752708725,0.00152890381736009
"IKBKG",0.0160404935491987,0.0012148887440812,0.00154492039465364
"DDX6",0.0160348805407282,0.00121971588390882,0.00155075424831613
"PML",0.0160221640366747,0.00123071756947305,0.00156443462493001
"RESF1",0.0160098227733209,0.0012414821750151,0.00157780832372355
"PSTPIP2",0.0160044914293941,0.00124615924998233,0.00158313088390612
"CHERP",0.016000194957461,0.00124994028695917,0.00158762280121123
"LRRFIP2",0.0159926752354805,0.00125658339408685,0.00159574752713186
"POU2F1",0.0159844772022841,0.00126386286850356,0.00160436239425334
"TOPORS",0.0159815908756433,0.00126643504583259,0.00160731238712412
"PPP2CA",0.0159737561526603,0.00127344141628179,0.0016158878339883
"STYXL1",0.0159686688513686,0.00127800998740813,0.00162136716803453
"EXT1",0.0159516655175539,0.00129338958029025,0.00164055723800922
"IFIT5",0.0159403440831826,0.00130372440982311,0.00165334218005775
"NUP85",0.0159317144303851,0.00131165315905366,0.00166267743746305
"TSPAN32",0.0159314941887118,0.00131185609369188,0.00166267743746305
"NKG7",0.0158896318146646,0.00135095926129853,0.00171156756509719
"ARL6IP6",0.0158866406664407,0.00135379401042795,0.00171482340510869
"STARD3",0.0158859910312955,0.00135441040269034,0.00171526857336019
"AGPAT4",0.0158584608307978,0.00138077102155369,0.00174831050137661
"TMEM214",0.0158549065790857,0.00138420854888397,0.00175232032566969
"PXK",0.0158257749343312,0.00141268234240673,0.00178801671255937
"BACH1",0.015822922744693,0.00141549895315334,0.0017912314743383
"RFFL",0.0158162175663352,0.00142214089390733,0.00179928476590894
"AKAP9",0.0158062780115437,0.00143203958299589,0.00181145452526678
"VCPIP1",0.0157746488001858,0.00146396290889046,0.00185111247503063
"ILRUN",0.0157683521706601,0.00147039584412929,0.00185888355690159
"RALGAPA1",0.015765616677758,0.00147319866126085,0.00186206328250737
"FES",0.0157465050475023,0.00149291841733683,0.0018866199168141
"ERVK3-1",0.0157320645931746,0.00150797934299961,0.00190528069215056
"CUL1",0.0157286016151068,0.0015116118635512,0.0019094976009035
"DDHD1",0.0157138101177105,0.00152721845443532,0.00192845958143442
"RHBDD2",0.015708781398663,0.00153255799686637,0.00193482458496741
"CLASP1",0.015701355720998,0.00154047409879629,0.00194443932844749
"GNA13",0.0157000022494938,0.00154192101040576,0.0019458862809682
"OPA1",0.015696920744961,0.00154521992363941,0.00194938714619205
"BRAF",0.0156968485242478,0.0015452973176178,0.00194938714619205
"GPR107",0.0156837281453411,0.0015594169074437,0.00196681571377177
"GGA1",0.0156693755385563,0.00157499855544303,0.0019860811546432
"TASOR2",0.0156575531839391,0.00158794080776804,0.00200201144878098
"MROH1",0.0156512993190814,0.00159482660849904,0.0020103012973954
"MARF1",0.0156478196600698,0.00159866976834034,0.00201475337361015
"RABGAP1",0.0156358224795307,0.00161198568732366,0.00203113961458416
"PCMTD2",0.0156346663707746,0.00161327425434099,0.00203236768293511
"ETF1",0.0156097215769897,0.00164130897674801,0.00206728294075226
"TXNDC11",0.0156068640805599,0.00164454889127342,0.00207096080959037
"FCF1",0.0155569308257025,0.00170212303479056,0.00214262969613729
"METTL22",0.0155545504213934,0.00170491344276431,0.00214572504441216
"SLC8B1",0.015548424530609,0.00171211382102635,0.00215436829491246
"CLCN6",0.0155424673534479,0.00171914270525039,0.00216279243563759
"MED17",0.0155324363501846,0.00173103829392894,0.00217699869923032
"NEK6",0.0155323782621433,0.00173110739938797,0.00217699869923032
"LPIN2",0.0155125626501691,0.00175482998219134,0.00220597462227315
"SIPA1L2",0.0155119656675499,0.00175554928548619,0.00220645041239325
"NRAS",0.015500636155666,0.0017692516834188,0.00222324056646997
"TRMT6",0.0154963696948932,0.00177443715736081,0.00222932391941663
"TUT7",0.0154822540473766,0.00179169310911552,0.00225056678083311
"MOB1B",0.0154733236533088,0.00180268976224129,0.00226394054718722
"CRTC2",0.0154722419318963,0.00180402596907922,0.00226517923270343
"FBXO28",0.0154662515594216,0.00181144212668243,0.00227405009271709
"CTBS",0.0154485286466923,0.00183354769089244,0.00230090865494043
"YEATS2",0.0154475810311609,0.00183473659162381,0.00230195439809545
"HMBOX1",0.0154236156792657,0.00186504057106055,0.00233906870535567
"CYHR1",0.0154211877252964,0.001868136210594,0.00234249735180817
"FHOD1",0.0154205325436688,0.00186897237500355,0.00234309201312413
"WDR55",0.0154118181620807,0.00188012670111236,0.00235661960561499
"ARFGAP2",0.0154059159977777,0.00188771611219038,0.00236567443095636
"AP3B1",0.0154034384528717,0.00189091028744814,0.00236921873445699
"SECISBP2",0.015402953230134,0.00189153644196349,0.00236954468368259
"FBXO42",0.0153947240497354,0.00190218481131533,0.00238242299641235
"PATL1",0.015387910319918,0.00191104325265528,0.00239305493572345
"PRDM2",0.0153847472236532,0.00191516841457138,0.00239775678126767
"GABBR1",0.0153843764982477,0.00191565243224271,0.00239789904221564
"IFIH1",0.0153824581068796,0.00191815887174375,0.00240057230536808
"TRAF3",0.0153751566171015,0.00192772606811398,0.0024120793515597
"MAP2K7",0.0153685832310206,0.00193637668368306,0.00242243529471771
"PROSER1",0.0153536870781188,0.00195611216930739,0.0024466518902813
"SNHG9",0.0153232442539951,0.00199702048327356,0.00249685411524007
"CPSF7",0.0153088767081466,0.00201659867485447,0.00252084568855142
"ABCD3",0.0152904486921276,0.0020419677541214,0.00255157290874
"PHC3",0.0152858474982459,0.00204834754312509,0.00255905094446002
"PLCB1",0.0152841031240433,0.00205077098334397,0.00256158428442385
"VRK3",0.0152569208939137,0.00208887639916401,0.00260867781793747
"UBQLN2",0.0152478051527512,0.00210180000165883,0.00262431113032579
"GTF2A1",0.0152447456141809,0.00210615399116672,0.00262924044327292
"DCTN5",0.0152316023708945,0.00212495221823651,0.00265219600170873
"KPNA1",0.0152250493347162,0.00213438211331444,0.00266345215913602
"UBN1",0.0152135634511588,0.00215100304862987,0.00268367580204853
"RANBP3",0.0152007581724023,0.00216967308361343,0.0027059263231195
"CEP170",0.0151945348492467,0.00217880019572171,0.00271626275122325
"MAN2C1",0.0151861618479778,0.00219113555252638,0.00273111504949091
"MTA2",0.0151747180836402,0.002208098387251,0.00275172838480519
"DCTN1",0.0151718237407593,0.00221240763285528,0.00275656793978157
"ST3GAL2",0.0151609911479816,0.00222860424030335,0.00277621394106675
"IKZF5",0.0151555545617926,0.00223677376354588,0.00278585481823701
"PPFIA1",0.0151507816013723,0.0022439686715944,0.00279427835735759
"SGSM3",0.0151492680625861,0.00224625465121502,0.0027965870407627
"CPQ",0.0151474329713978,0.00224902915059563,0.00279950292654415
"DHX36",0.0151340119421396,0.00226941623498148,0.00282433692911766
"PUM2",0.0151004157948951,0.00232119466492556,0.00288766607623521
"ARHGEF18",0.0150797268385819,0.00235361647711397,0.0029269860745962
"ARFGEF1",0.015079670382053,0.00235370551503673,0.0029269860745962
"NBN",0.0150688934691501,0.00237075844211365,0.00294762630194811
"SSH2",0.0150480775686152,0.00240401726715357,0.00298783025293765
"COG4",0.0150384133349299,0.00241960309925521,0.00300662388955437
"APMAP",0.0150278398962094,0.00243676113866364,0.00302736357929541
"PPM1L",0.0150228395989125,0.00244491408468579,0.00303690978209052
"TFIP11",0.0150117494277884,0.00246308567423896,0.00305889442835661
"CEP350",0.0150091868943943,0.00246730200270138,0.00306354299299746
"GALNT11",0.0149898591310512,0.00249931678655261,0.00310269930510865
"SAMD8",0.0149827737674303,0.00251114795919956,0.00311678908892983
"RBMS2",0.0149772047868617,0.00252048300183797,0.00312777591602435
"LRRFIP1",0.0149740606182123,0.0025257674454483,0.00313373293250907
"ZNF638",0.0149277906769578,0.00260471476747087,0.0032304450966679
"KBTBD2",0.0149188700707405,0.00262019237115957,0.00324901846598105
"SLC2A4RG",0.0149151309610948,0.00262670484358785,0.00325647015652771
"TMED8",0.0149116355948283,0.00263280616167648,0.00326340936065356
"SREK1",0.0149109334315331,0.00263403338057631,0.00326430553327929
"MFSD4B",0.0149047330240125,0.00264489297439822,0.00327713629019217
"HECTD1",0.0148944313811999,0.00266302611556082,0.00329897265062012
"DRAM1",0.014878087289056,0.00269202853179788,0.00333426300265152
"PPP2R2D",0.0148606672247032,0.0027232577641339,0.00337229739192863
"CARD6",0.014854846003109,0.00273376711782108,0.00338428250369287
"DTX2",0.0148547273599984,0.0027339816951365,0.00338428250369287
"DDI2",0.0148462108102461,0.00274942493740209,0.00340274843141677
"UBP1",0.0148285948354502,0.00278162152947616,0.00344193764943209
"POGZ",0.0148238640308401,0.00279032644832447,0.00345204919290132
"LATS1",0.0148166580261922,0.00280363367772927,0.00346784952801285
"MAEA",0.0147893270592626,0.0028546338320433,0.00353025777051543
"ZNF587",0.0147720528263778,0.00288730326984579,0.0035692956595344
"SGSH",0.0147695923422777,0.00289198426171877,0.00357439979197543
"LILRA6",0.014760767972931,0.00290882936766442,0.00359453356103444
"TMEM123",0.0147431529405364,0.00294272331811551,0.00363572342776332
"ZMPSTE24",0.0147386366153115,0.00295147125262962,0.0036458356972952
"DCAF16",0.0147271259368561,0.00297387437294446,0.00367280860176315
"CHIC2",0.0147167397114944,0.0029942220206347,0.00369723314163438
"RPS6KA1",0.0147160738750816,0.00299553078233795,0.00369814383769182
"FAM193A",0.0146851425442682,0.00305690740398059,0.00377319705116689
"NISCH",0.0146837109326262,0.00305977570617133,0.00377601752225566
"DCLRE1C",0.014675988946763,0.00307528943990688,0.00379443945758665
"AKAP10",0.0146593487703267,0.00310896421656596,0.00383525806746342
"PRR12",0.0146537253411985,0.00312042015066066,0.00384865689757613
"TLR8",0.0146312413010408,0.0031666097354139,0.00390488217658469
"SLC9A3R1",0.0146202387066398,0.00318943900301276,0.00393228491820694
"FAM117A",0.0146121043971881,0.00320641319714163,0.00395245983212013
"EPHB2",0.0145953328649681,0.00324167114982988,0.00399516067466184
"ATXN7L3",0.0145905712333755,0.00325174547140705,0.00400681389072883
"USP18",0.0145741293056343,0.00328675181635191,0.00404917816537817
"E2F3",0.014569518725923,0.00329662959639305,0.0040605745827718
"WDR70",0.0145662205792698,0.00330371218011743,0.00406852437779727
"ZSWIM8",0.0145625705766962,0.00331156650865605,0.00407664605001697
"TNK2",0.0145586876782356,0.00331994066507885,0.00408617792123963
"CBX6",0.014527521309964,0.0033878582904685,0.00416660231240369
"IPO8",0.0145101008503764,0.00342636970441677,0.00421236564116867
"STAU2",0.0145001491855068,0.00344854828475436,0.00423882695946454
"SLC9A9",0.0144925541632814,0.00346556260797215,0.00425812342456096
"ATP13A1",0.0144911382008899,0.00346874307489439,0.00426122251743193
"TOB1",0.0144856440605875,0.00348110891575239,0.00427560218565376
"KIDINS220",0.0144639419263619,0.00353034780348166,0.00433443422714589
"GABPA",0.0144470406044675,0.00356913234586431,0.0043812216168232
"FAM102B",0.0144403995067537,0.00358447787441619,0.00439922459885695
"CCDC69",0.0144355516371472,0.00359571767321993,0.00441218275519822
"SLC11A2",0.014408593896367,0.00365880608825165,0.00448874561594489
"HMGCR",0.014404440531462,0.00366861507407619,0.00449992686426094
"IL6R",0.0143927243852356,0.00369641404294602,0.00453230767311222
"OSTM1",0.0143725281623583,0.00374478366340014,0.00458987683393649
"WHAMM",0.0143603004612218,0.00377434768424926,0.0046243616403917
"PRPF4",0.0143557796523033,0.00378533165167225,0.0046369417432216
"ZBTB37",0.0143320793544537,0.00384339175501535,0.00470717332992232
"ATG13",0.0143295268201688,0.0038496928763958,0.00471399880495298
"MOGS",0.0143160662424409,0.00388307682372036,0.00475397869832935
"CCDC186",0.0143132133899302,0.00389018594619532,0.00476178177645462
"ZNF384",0.0142993771716792,0.00392483289516114,0.00480328320666791
"KLHL24",0.0142952133329535,0.00393531418771546,0.00481520016089017
"ERLIN2",0.0142676613661929,0.00400531149147024,0.00489992188128842
"DENND6A",0.0142547975560614,0.00403837818335992,0.00493944083866845
"EED",0.0142534794505246,0.00404178035936574,0.00494266831253
"HEATR5A",0.0142274906731776,0.00410939380781599,0.00502345459059681
"LSP1",0.0142223967685143,0.00412276600812842,0.00503884975205275
"ARSA",0.014217310202048,0.00413615833168827,0.00505426369183652
"MAN1B1",0.0142134724749153,0.00414628872202861,0.00506568657981
"TBC1D8",0.0141984996996801,0.00418602773231448,0.0051132723658498
"AKAP8L",0.0141758059745264,0.00424691775899263,0.005186671490609
"DCP1A",0.0141668626371511,0.00427113366545306,0.00521427858761891
"BAZ2A",0.0141401362328697,0.00434424890137944,0.00530123741942422
"RASSF5",0.014139929024757,0.00434482016488491,0.00530123741942422
"TATDN2",0.0141371865808168,0.00435238737813626,0.00530946973545396
"RASAL3",0.0141342600927338,0.00436047559885647,0.00531833440599035
"ARID2",0.0141274799321699,0.00437926696608421,0.00534024756798439
"ANO6",0.014110843284272,0.00442568722294282,0.00539583786842407
"RNF34",0.0140937274540855,0.00447390946059265,0.00545257715509729
"HGS",0.0140753602888448,0.00452618633869472,0.00551525133760768
"B3GNT5",0.0140715446429592,0.00453711565489,0.00552752855659726
"MAN2B2",0.0140509793777299,0.00459643431718172,0.00559874238371297
"KLHL9",0.0140460894369388,0.00461064186938527,0.00561499162197145
"DIP2B",0.0139830767067412,0.00479731487863518,0.00584122936322817
"ARID4B",0.0138948429266059,0.0050702017498435,0.00617001618956519
"TASOR",0.0138884995843023,0.00509035073695665,0.00619337167281664
"PCBP1-AS1",0.0138821062716922,0.00511073165555962,0.00621700051448572
"ARSD",0.0138788357564588,0.00512118605466114,0.00622854753294688
"PDK3",0.013876773490292,0.00512778814488634,0.0062354057945143
"MED16",0.0138651043606641,0.00516529053466738,0.00627982928102096
"ORC4",0.013864537138906,0.00516711977936056,0.006280361296668
"MSI2",0.0138643670835764,0.00516766830820983,0.006280361296668
"KDM5A",0.0138606443950174,0.00517968936821601,0.00629378922106427
"GABPB1-AS1",0.0138575335614503,0.005189754039407,0.00630483536331786
"NUP133",0.0138449189333213,0.00523074827934867,0.00635344547101375
"RBM38",0.0138359995401679,0.00525991028046357,0.00638527267123966
"FAM168A",0.01383400823612,0.00526644087951311,0.00639106785694433
"ROGDI",0.0138339419231797,0.00526665848266883,0.00639106785694433
"FBXL3",0.0138272232402889,0.00528874770347328,0.00641667028341193
"GBP2",0.0138102852520731,0.00534480711381547,0.00648347034941752
"CARS",0.0137894946673188,0.00541435066738609,0.00656562680299437
"SYAP1",0.0137894315295562,0.00541456309873137,0.00656562680299437
"CSNK1G1",0.0137544593706698,0.00553339231352371,0.00670846101830571
"RBP7",0.0137370946893483,0.00559326443073404,0.00677977793008279
"TSC22D4",0.0137323179645739,0.00560983640704511,0.0067985924558611
"INPP5K",0.0137050202995618,0.00570539344236163,0.00691310446300752
"TUBGCP3",0.0137046752390419,0.00570661068532488,0.00691328547469934
"CCDC149",0.0136924992933902,0.00574971304411394,0.0069641987366873
"KAT5",0.0136760838215576,0.00580828781045413,0.00703383001961841
"FAM172A",0.013674597263772,0.00581361871842968,0.00703896906360833
"H6PD",0.013673257949723,0.00581842537612691,0.00704347155666522
"DUSP18",0.0136625544213472,0.00585696812973948,0.00708747881718381
"ISG20L2",0.0136604410757183,0.00586460530932029,0.00709539427631089
"TMX3",0.0136328264357904,0.00596522696312374,0.00721578463364407
"RGS18",0.0136293084598551,0.00597815678281059,0.00723007416624617
"SYNRG",0.0136245787102372,0.00599558010045029,0.00724979185101142
"ERCC6L2",0.0136211787619504,0.00600813298425291,0.00726361399440772
"MTM1",0.0136146690282721,0.00603223353511099,0.00729138907884775
"TAB3",0.013593157364688,0.00611249538167355,0.00738702540618901
"ITPRID2",0.0135926944609938,0.00611423303620747,0.00738774630018797
"STRIP1",0.0135854624005069,0.00614143867973213,0.00741923381462694
"RBBP5",0.0135741487726137,0.00618421711145103,0.00746951895140559
"FOXO1",0.0135652137034701,0.00621819128876206,0.00750915321832598
"SATB1",0.0135640864447699,0.00622248942609062,0.0075129422873015
"DIAPH1",0.0135581036641146,0.00624534603786231,0.00753913299442861
"TNFRSF10B",0.0135556265575404,0.00625483167881622,0.00754917604188221
"STRN3",0.0135478349458126,0.00628475288918412,0.00758387515462778
"ZDHHC6",0.0135446235546629,0.00629712266515355,0.00759738578721656
"EP400",0.013490055029552,0.00651068867297768,0.00784919896999208
"HBS1L",0.0134890076461838,0.00651485080732379,0.00785275444546905
"SNX14",0.0134755587044595,0.00656850781481375,0.00791595673736117
"TESC",0.0134731229707517,0.0065782680150434,0.00792624364961679
"RIPK2",0.0134684862209666,0.00659688393167685,0.00794719511977595
"TRIM33",0.0134554810695267,0.00664935086208841,0.00800891115928565
"PRRC2B",0.0134397346296112,0.00671337894563813,0.00808452665440128
"OSER1",0.0134393955086747,0.00671476395260242,0.00808469068795761
"TGFBR2",0.0134306589662729,0.00675053360010431,0.00812624665806532
"TRMT1L",0.0134226021002759,0.00678367216701982,0.00816462048880579
"GALNT7",0.0134033998654947,0.00686324273436267,0.00825885380339478
"USP9X",0.0133950925326893,0.00689792591696874,0.00829904708910159
"STK11",0.0133944228240241,0.00690072880268347,0.00830087667569171
"UBXN2B",0.013385322079438,0.00693891907316638,0.00834526510861585
"ARHGAP35",0.013384736186963,0.00694138419829172,0.00834667929044216
"GCN1",0.013352038276499,0.00708021289299382,0.00851203310478031
"AC009950.1",0.0133507856169284,0.007085580668967,0.00851690479964581
"GAS7",0.0133382966543948,0.00713929730382854,0.0085798794774431
"AC103591.3",0.0133059075013407,0.00728031457400838,0.0087461043889646
"LPGAT1",0.0132890482374151,0.00735470182999764,0.00883382924812703
"GIGYF2",0.0132838790546955,0.00737764573404341,0.0088597437362636
"AKAP11",0.0132811385384327,0.0073898357984218,0.00887273682473715
"SNRNP200",0.0132713102108908,0.00743370180826541,0.00892375032573897
"LY75",0.0132595033492578,0.00748670714933103,0.00898571414252301
"AKAP17A",0.0132591474813287,0.00748831001969579,0.00898597202363495
"TRIM41",0.0132445728793741,0.00755422067264758,0.00906338484705716
"NMD3",0.0132372749726117,0.0075874189890369,0.00910152872614876
"ESCO1",0.0132189985974574,0.00767113319112237,0.00920024384574402
"PDS5B",0.0132172220720395,0.00767931447597609,0.00920835004954051
"EML4",0.0132052600775588,0.00773460595008598,0.00927293313349197
"DGKZ",0.0131806497025184,0.00784948486275466,0.00940891779327415
"MED13L",0.0131727986634866,0.00788645302116795,0.00945148035154411
"RAB29",0.0131566894415674,0.00796279509885361,0.00953767538760005
"RNF10",0.0131447705394001,0.00801970437746865,0.00960406328888865
"VPS39",0.0130740719284777,0.00836481810734394,0.0100136524458108
"NFE2L1",0.0130613722893418,0.00842819989529547,0.0100857978044626
"DCP2",0.0130573750117104,0.00844823832588199,0.0101079088748401
"CLEC7A",0.0130406467067448,0.00853256065997914,0.0102050245174035
"RAB3GAP2",0.0130342317607084,0.00856509555111443,0.0102420444399547
"TRIM11",0.0130285047608495,0.00859423501859065,0.0102749912299826
"BRD1",0.0130240566039911,0.00861692873511461,0.0103002209437097
"IPMK",0.0129971269774845,0.00875546631264611,0.0104638894052189
"ARMC8",0.0129891405679702,0.00879693272373265,0.0105115065436407
"HTT",0.012975955639411,0.00886577453053541,0.0105918110925791
"ZBTB11",0.0129745634025845,0.00887307176400619,0.0105985731734642
"ABHD13",0.012957895422127,0.00896085240259605,0.0107014496318773
"NSUN4",0.0129539558437289,0.00898171286565977,0.0107243838237332
"ZMYM4",0.0129333623108022,0.00909146510920767,0.010853428935462
"MPPE1",0.0129198592155431,0.00916407756073762,0.0109380970000397
"FUT4",0.0128706997732627,0.00943282312892563,0.0112512094176097
"TMEM164",0.0128706030459428,0.00943335877645746,0.0112512094176097
"SCYL2",0.012854949335025,0.00952040272674479,0.011352935577997
"NDRG1",0.0128404061290153,0.00960191267259475,0.0114480262693146
"CTDSP1",0.0128375350441472,0.00961807751384255,0.0114651875942951
"RPA1",0.0128329916970663,0.00964370713657162,0.0114936229753617
"MAP4K5",0.0128298182996617,0.00966164478774644,0.0115128820828033
"ATM",0.0128088854833789,0.00978071464322868,0.0116526217519806
"MFN1",0.0128036734939217,0.00981056402260571,0.0116860333914166
"MYSM1",0.0127796122525041,0.00994941916274052,0.0118492530646766
"RMND5A",0.0127642106785291,0.0100392165262511,0.011951799888001
"NR2C2",0.0127545079134638,0.0100961574484772,0.0120173788051924
"AC018755.4",0.0127029431600293,0.010403618509693,0.012378795484608
"PRKCE",0.0126749516262269,0.0105739865047475,0.0125791967349752
"NPEPPS",0.012668692405036,0.0106124204826843,0.0126225997069443
"PPP2R2A",0.0126672020067608,0.0106215903830714,0.0126311859184431
"GRK3",0.0126651079693923,0.010634486169155,0.012641877241849
"PPIL2",0.0126429091413654,0.0107720525607395,0.0128030600841247
"FBXO3",0.0126362694046211,0.0108135053032778,0.0128499694077497
"CLASRP",0.0126154082451613,0.0109446683481423,0.0130010610799768
"GAB2",0.0125539539473149,0.0113393118877086,0.0134673830785224
"MED14",0.0125403786737611,0.0114281738368161,0.0135704323953682
"CSPP1",0.0125214145860873,0.0115533450034704,0.013716551540889
"AC253572.2",0.0124860150999809,0.0117902554844632,0.0139926881771612
"FBXL4",0.0124605158825037,0.0119635681765554,0.0141957735291458
"TNS3",0.0124557348870258,0.0119963138497599,0.0142320204990555
"MARS",0.0124372608967649,0.0121235925387145,0.0143777501549071
"DAPP1",0.0124292846610522,0.0121789146331581,0.0144407130650303
"WDR41",0.0124167727341444,0.0122661463873655,0.0145414817271204
"DCAF5",0.0124017625149978,0.0123715259680074,0.0146610395601098
"APP",0.0123874228136508,0.0124729462965646,0.0147785238513834
"SEC24C",0.0123846485670789,0.0124926524759868,0.0147991641591104
"CTNNB1",0.0123784921351387,0.0125364816797171,0.0148483685317395
"RSBN1L",0.0123752270866496,0.0125597815952424,0.014873244201134
"RASA1",0.0123615919022077,0.012657499377496,0.0149834797897073
"MKLN1",0.012353514578388,0.0127157031246393,0.0150496274275895
"PGS1",0.0123442536041473,0.0127827274284334,0.0151234242272803
"PMPCA",0.0123417123359803,0.0128011738883,0.0151424812265402
"WDR45B",0.0123368141005087,0.0128367954806383,0.0151818439791107
"TADA2B",0.012325472848586,0.0129196096548784,0.0152769959645083
"MAN2A1",0.0123073018719764,0.0130532801828125,0.0154322381124047
"BNIP2",0.012289065414256,0.0131886607099452,0.0155894448486736
"GSR",0.0122818606252468,0.0132424875005559,0.015650212500657
"VPS18",0.012280839219054,0.0132501340966788,0.0156563913381819
"TAGAP",0.0122691816921241,0.0133376832257905,0.0157569637233153
"TLK2",0.0122670074703005,0.0133540682926216,0.0157734424605787
"ARIH1",0.0122625788227,0.0133874978822743,0.0158100440149295
"PIK3CB",0.0122600311690517,0.0134067623056452,0.0158299068332569
"PPP6R1",0.0122405617815095,0.0135547934362052,0.0160017747458046
"DOT1L",0.0122341449005638,0.0136038981731296,0.0160568161846565
"MAP3K4",0.0122327911387925,0.0136142777922169,0.0160661382476873
"TMEM168",0.0122243064200846,0.0136794916537497,0.0161401547232323
"IMPA1",0.0122216298950166,0.0137001206920244,0.0161615490816629
"UPF1",0.0122026867819619,0.0138469097677049,0.016331735076721
"INAFM2",0.0121823466172233,0.014006068915946,0.0165164462954161
"C11orf54",0.0121720552768451,0.0140872108102246,0.0166091063167719
"VCL",0.0121655180755244,0.014138968454471,0.0166640600353623
"AL158152.1",0.0121648048785316,0.0141446252604397,0.0166676927441003
"C16orf70",0.0121622731781275,0.0141647218705835,0.0166883365587184
"SETD2",0.0121607918919624,0.0141764919831925,0.0166991646832584
"SUGP2",0.0121556922895227,0.0142170787989786,0.0167439272593392
"PHRF1",0.0121547024989203,0.0142249682329849,0.0167501717607028
"NLRC4",0.0120625992782524,0.0149762198359579,0.017628372221453
"ZBTB34",0.0120580637538014,0.0150141010385207,0.0176665376451078
"L3MBTL3",0.0120359327543777,0.0152001548026905,0.0178789611541821
"SGTB",0.0119974538430759,0.0155284812837142,0.018258515770208
"TMF1",0.0119670190906301,0.0157925737016019,0.0185622952331464
"SMAD3",0.0119363188849547,0.0160629635541794,0.0188756957039911
"CORO7",0.0119360846375188,0.0160650422194919,0.0188756957039911
"ECD",0.0119349169231526,0.0160754078130217,0.0188844475016335
"PSEN1",0.0119261161475437,0.0161537200447867,0.0189661196173285
"RNPC3",0.0119118945742319,0.016280977129376,0.0191086015111639
"TM2D3",0.0118770606034961,0.0165964054407541,0.0194717522333168
"NUP98",0.0118747158015599,0.0166178295675313,0.0194933554303673
"ZNF592",0.0118724376659871,0.016638667828785,0.0195142636818033
"ITGAL",0.0118704069711287,0.0166572620713462,0.0195325329921926
"TMC8",0.0118451574876268,0.0168899896147029,0.0198018458467198
"HECA",0.0118384976531172,0.0169518477661806,0.0198707699507972
"MID1IP1",0.0118256036844606,0.017072175352552,0.0200081939233203
"ZMAT3",0.0118164369007282,0.0171581756760018,0.020105344674468
"MLLT6",0.0118105735652842,0.0172133830008859,0.0201663846449032
"DTX3L",0.011789317615634,0.0174148307588331,0.0203986998973558
"KIF13A",0.0117611034422543,0.0176854145437669,0.0207081522438681
"SPTAN1",0.0117549762297104,0.017744661277711,0.020773768013002
"PGPEP1",0.0117262037515982,0.0180252070545957,0.0210983891649707
"UBASH3B",0.0117170193020896,0.0181155742080599,0.0212003303367642
"XRCC4",0.0117161829504318,0.0181238228702417,0.0212061502371127
"EBLN3P",0.0117154172654324,0.0181313774540669,0.0212111560602871
"CUL4B",0.0117049474994834,0.0182349537302599,0.0213284716259625
"IL2RG",0.011695096565751,0.0183328805988588,0.0214391381858764
"METTL14",0.0116901612170161,0.0183821151348596,0.0214928324694024
"PAPOLG",0.0116723799632596,0.0185604600166654,0.0216974391744117
"GAPT",0.0116575849739737,0.0187100049930676,0.0218643632355811
"SLC16A3",0.0116429249975703,0.0188592238680451,0.0220347618339152
"BMP2K",0.0116341061377978,0.0189494885014286,0.0221362303425206
"NPHP3",0.0116081145793418,0.0192177237065819,0.0224455246755207
"SRPK1",0.0115835650582203,0.0194741184430403,0.0227408807359745
"LRRC57",0.0115765450644335,0.0195479824126561,0.0228230186004572
"TRAF6",0.0115318309084052,0.0200242309244693,0.0233748415082968
"MIDN",0.0115248016232574,0.0201000134079213,0.0234590745994019
"TAF2",0.0115228190186317,0.0201214330015192,0.0234798408889393
"MAML3",0.0115075988503101,0.0202865325502135,0.0236682306235506
"SCCPDH",0.0114911264297409,0.0204665462862548,0.0238739496679665
"SDCBP",0.0114869260159892,0.0205126715173078,0.0239227385519956
"RNF138",0.0114866448568024,0.0205157621934939,0.0239227385519956
"LEMD2",0.0114735132950161,0.0206605656027666,0.0240872504434199
"SBF1",0.0114203827819719,0.0212555766278548,0.0247720257585476
"TMEM63A",0.0114107456045052,0.0213650883357374,0.0248951731255515
"PSMD5",0.0114085308264321,0.0213903252069121,0.0249200945455369
"TNKS",0.0113757946234802,0.0217663850842383,0.0253536482611296
"ATL2",0.0113549361548796,0.0220089881763358,0.0256316224957003
"MLH3",0.0113388613486653,0.0221975545177017,0.0258465769689929
"PTAR1",0.0113327463925278,0.0222696543443263,0.0259212050027272
"SRCAP",0.011314198261913,0.0224895974482358,0.0261678026383679
"LTB",0.0113082937977459,0.0225600074563455,0.0262402961322998
"RCBTB2",0.011301229996253,0.0226444940638074,0.0263338341241403
"TRAPPC8",0.0112900072467941,0.0227792892301127,0.0264847563699021
"RALGDS",0.0112897444358247,0.0227824541587867,0.0264847563699021
"DIP2A",0.0112869523533006,0.0228161017024145,0.0265150011924058
"LUC7L2",0.0112869058661805,0.0228166622865142,0.0265150011924058
"FBXO34",0.0112799356339623,0.0229008512248859,0.0266080600915132
"STAT5A",0.0112722235472233,0.0229943148704216,0.026707540976829
"ZNF195",0.0112721899723994,0.0229947224907082,0.026707540976829
"CHST11",0.0112657616524474,0.0230728822148796,0.0267935138043284
"DNAJB14",0.0112590147321559,0.0231551637356398,0.0268794208399734
"SIRT1",0.0112570049002101,0.0231797236804024,0.0269031070467776
"HNRNPU",0.0112324032652769,0.0234821909718478,0.0272492748434742
"BRAP",0.0112186890915129,0.0236522836498352,0.0274417355464217
"NFKB1",0.0112147745341265,0.0237010303881749,0.0274933651196997
"PDXDC1",0.0112036491790382,0.0238400470503778,0.0276496711938635
"ARNT",0.0111897507311329,0.0240147080563524,0.0278472541566945
"MAP2K4",0.0111736790704142,0.0242180621600793,0.0280780326691177
"UEVLD",0.0111726628877037,0.0242309699072957,0.0280879676239628
"UBA7",0.0111658913364958,0.0243171358170602,0.0281828029501696
"HNRNPL",0.0111260768250714,0.0248291535542652,0.0287710649920016
"CYB5R4",0.0111156596999804,0.0249646498359517,0.0289228960339927
"ZBTB18",0.0111148654690152,0.0249750066722198,0.0289297178736717
"ELF2",0.0111091841408613,0.0250492001970876,0.029005280285449
"FNDC3A",0.0110921921222634,0.0252722420511536,0.0292583145635137
"CDK19",0.01107968063155,0.0254375680960506,0.0294444512522495
"ZNF414",0.0110787341895132,0.0254501123063044,0.0294537052325732
"S100PBP",0.0110678260183807,0.0255950767543803,0.0296161799656583
"SLC4A2",0.0110413868417787,0.0259494079365618,0.0300154488085227
"NCLN",0.0110353804971786,0.0260304920654992,0.0300984828776642
"KLHL18",0.0110252163543661,0.0261682043799596,0.0302523134206891
"ZCCHC8",0.0109890594865653,0.0266632041898662,0.0308135637138867
"SPOPL",0.0109685072654638,0.0269481599189986,0.0311317607629545
"SESTD1",0.0109316105052003,0.0274663318279405,0.0317247158348059
"SCPEP1",0.0109018846045555,0.0278900273496546,0.0321968682349614
"ZMYM5",0.0108943680971211,0.0279980515428377,0.0323158113190107
"LSM14B",0.0108783762496026,0.0282290803281732,0.0325766606140095
"MIOS",0.010876480533421,0.0282565756972438,0.0326025790525675
"ALOX5",0.0108643557398032,0.0284329794276769,0.0327944252297845
"RNF217",0.0108591295830282,0.0285093069193079,0.0328766036686141
"CTDP1",0.0108404963112997,0.0287828820477368,0.0331802668050299
"TMEM181",0.0107956478945795,0.0294506332232731,0.0339439913632669
"SAMD4B",0.0107757846118275,0.0297506108946406,0.0342775324669697
"NFX1",0.0107463549989698,0.0301998886235164,0.0347827929102731
"NCAPD2",0.0107398658250294,0.030299734262273,0.0348915829978576
"HERC2",0.0107378495768848,0.0303308149470256,0.0349149530524615
"ZNF746",0.0107232390629282,0.0305568570436397,0.0351689053334264
"HERC4",0.0107168527862017,0.0306561138776046,0.0352768718883064
"PLPPR2",0.010712990037416,0.0307162837937246,0.0353398296215698
"NPIPB5",0.010660194794298,0.0315488924020129,0.0362913165264093
"PIK3CA",0.0106506194191658,0.0317019567284536,0.036460910971755
"NFKBID",0.010645716001336,0.0317805851005367,0.036538360493851
"PXN",0.0106221675363788,0.0321605284597739,0.0369686188296478
"SYVN1",0.0106137905704997,0.032296622291185,0.0371184684383334
"SIK3",0.0106012533953138,0.0325012254384137,0.0373403608674872
"EXOC1",0.0105980888041633,0.032553045819374,0.0373932609358813
"HINT3",0.010583313556253,0.0327959289675712,0.0376655746205527
"SRXN1",0.0105808510840413,0.0328365588348201,0.0377055484030907
"SMAD4",0.0105745634825201,0.0329404974529698,0.0378181912591819
"ATXN7",0.0105660545591073,0.0330816045092234,0.0379734587930341
"IRF7",0.0105530586570273,0.0332981194054606,0.038215214506462
"NGLY1",0.0105246375821977,0.0337758500176209,0.0387497524391419
"UNC45A",0.0105220543506842,0.0338195607518224,0.0387930255682669
"MEMO1",0.0105075476446393,0.0340659275255038,0.0390617808714331
"RNF40",0.010496475144915,0.0342550021445129,0.0392716281005093
"EMSY",0.0104730306909216,0.0346583022303051,0.0397269562037881
"PPP1R15B",0.01046384990367,0.0348173348745256,0.03990218197516
"RARS",0.0104571238633736,0.0349342406963458,0.0400290750917067
"ADD3",0.0104478466727461,0.0350960380668001,0.0402073527595937
"SLFN5",0.0104297340516111,0.0354137724646591,0.0405641831097316
"RPGR",0.0104269427301775,0.0354629558720169,0.0406061507455673
"HDAC7",0.0104174076971264,0.0356314040605513,0.0407918143038035
"NBPF10",0.0103242687590957,0.0373130176878109,0.0427094194679788
"PARG",0.01031481863476,0.0374873533692503,0.0429013833679559
"PDCD4",0.0103064733552164,0.0376418827670487,0.0430706166549794
"VPS13D",0.0103054985704956,0.0376599681392488,0.0430836956588614
"SUN2",0.0102947760637032,0.0378593933021399,0.0433041894413522
"AAGAB",0.0102943592340132,0.037867163914717,0.0433054264589079
"GTF3C1",0.0102931627508972,0.0378894765000835,0.0433232905089263
"CMIP",0.0102914099326661,0.0379221840769214,0.0433530319113525
"WIPF1",0.0102800105637516,0.0381354826725226,0.0435891798767499
"MAPK1",0.0102786842593567,0.0381603658582562,0.0436099220770257
"TMEM43",0.0102769849221345,0.038192267796138,0.0436386766170486
"NBPF14",0.010258477083487,0.0385411893017467,0.0440295852372522
"CCDC159",0.0102518752183866,0.0386663056446047,0.0441647252546173
"KIAA0513",0.0102201273844415,0.0392728110423044,0.0448337469031703
"RASA3",0.0102093450361909,0.0394806243716874,0.045063039876993
"IQSEC1",0.0102084726407723,0.0394974792059953,0.0450743311086927
"NHLRC3",0.0102032297208892,0.0395989020540072,0.0451821099572863
"RLIM",0.0101974683058441,0.03971060987441,0.0453015838461552
"ATP2C1",0.0101950921570226,0.0397567587456752,0.0453462396264096
"C1GALT1",0.0101931294808257,0.0397949115840337,0.0453817610701135
"NCBP1",0.0101872886080932,0.0399086372772754,0.0455034374309758
"PPP2R5A",0.0101764278580359,0.0401208364408594,0.0457292773095288
"ABHD18",0.0101505807723256,0.0406296929596169,0.0462848200282526
"DGKA",0.0101484405751942,0.0406720715931161,0.0463249457237568
"TPRG1L",0.0101300579701399,0.0410376159496107,0.0467248550224727
"TMCO3",0.0100963412560066,0.0417153205816932,0.0474797794384461
"MAML1",0.0100843337970495,0.0419589468973764,0.0477402850990536
"TMEM259",0.0100736260567614,0.0421772170736211,0.0479801973879147
"ERC1",0.0100636082936299,0.0423822915492092,0.0481965493570315
"FRA10AC1",0.0100602684819829,0.0424508483076525,0.0482606248972084
"PPM1B",0.0100601371395615,0.042453546306704,0.0482606248972084
"CUL3",0.0100369438781777,0.0429322551227346,0.0487876811768622
"ERN1",0.010000401783563,0.0436957380662445,0.0496204539976963
"PLCL2",0.0099991005889879,0.0437231343155866,0.0496428571657502
"REXO1",0.00999072253956881,0.043899879151095,0.0498347917980341
"TTLL4",0.00998158180718574,0.0440934014016384,0.0500457013804711
"NSUN3",0.00998014557435023,0.0441238738508433,0.0500715090815705
"AC004687.1",0.00997259124666431,0.0442844462667018,0.0502361144437756
"NPAT",0.00996291715080122,0.0444907956718769,0.0504613544463439
"RANGAP1",0.00992884715516011,0.045223982678799,0.0512839488286118
"PNPT1",0.0098942700304476,0.0459784707308309,0.0521304062191592
"CWC22",0.00989269528821004,0.0460130832092125,0.0521513831751474
"PPP6R3",0.00988329542074579,0.0462201469208459,0.0523769002565301
"DENND1C",0.00988183535202332,0.0462523801402979,0.0524042542926652
"PPP4R3A",0.00987234865236214,0.0464622746593085,0.0526328549683925
"GDAP2",0.00984896910062452,0.0469829755303099,0.0532133981076323
"ATP11C",0.00983082913975805,0.0473903564856968,0.0536654133091484
"DEF6",0.00981898290276315,0.0476579951361603,0.0539590522055792
"MON1B",0.0097944732537225,0.0482157698869524,0.0545810271460272
"BAG4",0.00976536243176344,0.0488853698596856,0.0553100112673199
"ODF3B",0.00975555877080676,0.0491126210492253,0.0555574189538152
"ATP8B4",0.00975284519427137,0.0491756788252774,0.0556093178541216
"ELMOD2",0.00973141415966436,0.0496760816716336,0.0561555705853249
"AMPD2",0.00973009105352661,0.0497071149295242,0.0561808418389909
"PRKAG2",0.00971742041948589,0.0500051269561591,0.0564979392520374
"KHNYN",0.00970643599554217,0.0502646902395788,0.056781295517542
"TRAPPC11",0.00967325330543215,0.0510556682420975,0.0576547001917563
"ANKZF1",0.00967126015093491,0.05110350917688,0.0576986603437602
"MINDY2",0.0096594697515729,0.0513872780356527,0.0580089342637865
"ADAM17",0.00965737428522676,0.0514378490619121,0.0580558986797104
"ATXN1L",0.00965332956242677,0.0515355803557084,0.0581560654040189
"FOXJ2",0.00962720449406825,0.0521705820334944,0.0588521254721803
"MBD1",0.00961549788853359,0.052457241168883,0.0591651880361235
"COQ8A",0.00960443067241289,0.0527294533581995,0.0594618500332666
"ACOX1",0.00958545493490981,0.053198932888026,0.0599808240189969
"ZMYND8",0.00955886222626613,0.0538627354388376,0.0607186747746883
"NRDE2",0.00952716871943374,0.0546628794111682,0.061599213456554
"NARF",0.00952443250006992,0.0547324213045972,0.0616668457232792
"TIA1",0.00947860405582738,0.0559081744320023,0.0629614258552587
"GORASP1",0.00947851026898539,0.0559106019836086,0.0629614258552587
"NPLOC4",0.00947208806054363,0.0560770415277497,0.0631378724957655
"LNPK",0.0094637175979924,0.0562945916314765,0.0633607764642175
"VPS53",0.00943146337736801,0.0571394662157381,0.06430052221114
"RNF111",0.00942788148793931,0.0572339383539387,0.0643956407548487
"AKAP8",0.00940235862607607,0.05791086969696,0.065134636973266
"MAP4K2",0.00939155949076883,0.0581992868776329,0.0654476608035079
"NHSL2",0.00938485676846931,0.0583788988764504,0.065638240938892
"SPAST",0.00937109559624284,0.0587490985032778,0.0660430046379962
"WIPI1",0.0093597484366903,0.0590558213827997,0.0663762825750425
"ATG9A",0.00935019299922597,0.059315142450626,0.0666561763973881
"SP100",0.00931296373780967,0.0603345207113213,0.0677899491643689
"MCM3AP",0.00930787426815076,0.0604749977392057,0.0679359943369109
"CDK5RAP2",0.00930407013882475,0.0605801743796579,0.0680423402036616
"TIPARP",0.00930125043223043,0.0606582314661514,0.0681181943645905
"NF1",0.00929772426410352,0.0607559625738837,0.0682161119846207
"SLC39A7",0.00928436273734125,0.0611274745633888,0.0686213404410229
"ADAM9",0.00928057774920028,0.0612330559996129,0.0687279480827833
"TNNI2",0.00926897019847674,0.0615577882780761,0.0690804509121623
"WDR44",0.00926635653181172,0.061631104403368,0.0691507400186143
"ASNSD1",0.00924952616461241,0.0621049472849015,0.0696703220797873
"NIPBL",0.00924384537886664,0.062265563190276,0.0698384019566609
"TLR6",0.00920361546492083,0.0634128643892943,0.0710882916114791
"KDM2A",0.00916869957511491,0.0644227237764749,0.0722078798007096
"FRS2",0.0091540008271892,0.064851802411787,0.072663649846644
"CHUK",0.00912616370088297,0.0656708708624382,0.0735686482027037
"CMPK2",0.00912057656973554,0.0658362876172613,0.0737411982758044
"RBM33",0.00909393016218565,0.0666299319250736,0.0746172252694908
"PPP1R12C",0.00904856781219186,0.0679991310634028,0.0761373874964492
"RRN3",0.00904805045328194,0.0680148792714605,0.0761418517038622
"DGCR2",0.00901528674184588,0.0690183200740088,0.0772518333608459
"DPP9",0.00901354791747115,0.0690719123933396,0.0772984547682767
"ARMH1",0.00900097566209587,0.0694604198862215,0.0777197992297612
"ARL16",0.00898533384893364,0.0699462859100892,0.0782499144603278
"PDE7A",0.00896336874460658,0.0706332712602897,0.0790048027192666
"RELL1",0.00895512801145074,0.0708924335947353,0.0792809837782547
"HSD17B12",0.00892456395479484,0.0718604576922305,0.0803496723833333
"ARHGAP19",0.00889401078740488,0.0728389322075541,0.0814156158687337
"ITGAV",0.00888435313489685,0.0731504798438629,0.0817497335593247
"HIPK3",0.00887964070545105,0.0733028940804998,0.0819059261783147
"SELPLG",0.00887670865023172,0.0733978566460906,0.0819978816094548
"CAMK2G",0.00887266575587373,0.0735289617496581,0.0821160079984969
"BCLAF1",0.00887183841474934,0.0735558147942911,0.0821318290752398
"ANKRD10",0.00885687807473995,0.074042768311422,0.0826613005773662
"TRRAP",0.00884490261078902,0.0744344612931332,0.0830842590365076
"PAXBP1",0.00883076072994799,0.0748991917514532,0.0835885825545437
"RFNG",0.00880845566319852,0.0756369946607748,0.0843974325118676
"SENP5",0.00880433197349078,0.0757740448021171,0.0845357859812004
"FAM76B",0.00877873160642532,0.0766294088547063,0.0854458823502185
"RC3H1",0.00877107290761343,0.0768868270650846,0.0857033950446552
"PARP6",0.00876294940965465,0.0771606375791218,0.0859937971573825
"NADSYN1",0.00872737934132598,0.0783689329588059,0.0872953324114435
"ARHGAP15",0.00871660526861052,0.0787379461002774,0.0876912890165485
"RNF19A",0.00868223214199754,0.0799246884360335,0.0889823616397044
"STK40",0.0086537485606273,0.0809190696483776,0.0900739437592153
"SREBF1",0.00861869641677624,0.0821565244890322,0.0914199621075962
"MANBA",0.00859753922104592,0.0829108394955482,0.0922117806037071
"SLC35F5",0.00858090621312987,0.0835077861659662,0.0928437931716409
"MAPKAPK2",0.00856935752966294,0.0839243038434616,0.0932908556117051
"CLK4",0.00856868931126963,0.0839484553515599,0.0933016823941629
"POLD3",0.00851179842153863,0.0860253895846564,0.0955936100533926
"FAM199X",0.00849334058001795,0.0867080872337938,0.0963357056378206
"FAM13A",0.00847905997646118,0.0872392777884335,0.0969092457793958
"TTC31",0.00846654916375741,0.0877067932401869,0.097395159423151
"CDK11A",0.00845763613558149,0.0880410945103305,0.0977496219962064
"SMG5",0.00845347486787949,0.0881975227721019,0.0979065093324053
"BICRAL",0.00844967763478692,0.0883404618913602,0.0980483713843076
"DOP1A",0.00844592818572871,0.0884817854538214,0.0981883920171478
"AP4E1",0.00841329531718537,0.0897194867143697,0.0995277513688878
"ITSN2",0.0084111515684164,0.0898012804112032,0.0996014201442744
"SACM1L",0.00839695431558682,0.0903444859764123,0.100186742413719
"MINK1",0.0083600166083226,0.0917701647134259,0.101698056548223
"DVL3",0.00835908380939999,0.0918064004861874,0.101715162165725
"IER3",0.00835881041238657,0.0918170231227216,0.101715162165725
"SYTL1",0.00835753122902958,0.09186673795641,0.101752824898169
"PURB",0.00834674389558167,0.0922868431022064,0.102148234269736
"RIOK3",0.00833941576680182,0.0925731110229299,0.102430066785583
"ABCB10",0.00832992700764296,0.0929448411762738,0.1028238041311
"MOAP1",0.00832767300937914,0.0930333193313202,0.102904102058939
"TRIM24",0.00828816410215962,0.0945952014193281,0.104613825416592
"IFIT3",0.00825646211288482,0.0958635939779306,0.105980346211257
"CTSA",0.00824160451107432,0.0964627118213439,0.106624482897623
"STK26",0.00822100199350108,0.0972984402108961,0.107511538133699
"RRBP1",0.00821873708994831,0.0973906666742,0.107595081236992
"ANKLE2",0.00820987590919857,0.097752164013319,0.107976029657435
"ACSL3",0.0082048031261714,0.097959593426091,0.10818669529862
"PBXIP1",0.00816187118181236,0.099729221735271,0.110103509808006
"STAT3",0.0081393509868377,0.100667634119947,0.111101647339335
"KIF3B",0.00812132253331312,0.101423936659059,0.111917260257499
"STRADA",0.00811858277221954,0.101539266037144,0.112006339806521
"PIK3C3",0.00810446817701066,0.102135071091211,0.112644369717973
"TMX4",0.008080297749327,0.103161811115363,0.113757377816532
"IQGAP1",0.00806122816624537,0.103977648944984,0.114617963437736
"MRE11",0.00805733746978527,0.104144729253064,0.114782597409659
"KDM4A",0.00803791968538869,0.104981788409375,0.115685463516986
"CRNKL1",0.00803222707814505,0.105228194198081,0.11593725820939
"RRAGD",0.00801836878074901,0.105829972534965,0.116560606020987
"YTHDC2",0.00799529339550126,0.106838043788729,0.117650875231882
"EHMT2",0.0078628727280057,0.112770872030445,0.124120813588083
"IFIT2",0.00783369658977983,0.114112324018077,0.125575928215711
"UBA6",0.00783021173372478,0.114273386033252,0.125731798296954
"FAM111A",0.00781390925162055,0.115029226858359,0.126541922630589
"HMGXB3",0.00781324368212444,0.11506016836712,0.126554456338555
"PPM1M",0.00779299299315254,0.116004731476779,0.127550039330955
"RALGAPB",0.00778825638413035,0.116226540497686,0.127772223328582
"REV1",0.00778067762821013,0.116582136432728,0.128141383916041
"TRIM52",0.00774810801213566,0.118120042095564,0.129809735618178
"HDAC4",0.00770424374073629,0.120216364838013,0.132091097413662
"GBF1",0.00770125350681748,0.120360325290573,0.132226836234714
"ZNF318",0.00768772044014989,0.121013543199923,0.132921900012946
"NACC2",0.00767080383823493,0.121833975255249,0.133800365700167
"ERCC5",0.00763333698066167,0.123666544214998,0.135766865736459
"STK3",0.0076156389519913,0.124539633857157,0.1367022023722
"NSUN6",0.00759337057872508,0.125645011728144,0.137892152216986
"MBTD1",0.00759092598683292,0.125766822816814,0.138002442528145
"MTOR",0.00756997408509642,0.126814607776249,0.139128583416952
"FRYL",0.00756873148209972,0.126876961977946,0.139164740801681
"NKTR",0.0075663463271391,0.126996716648145,0.139257578519663
"FPR1",0.00755720479914571,0.127456512386822,0.139738096730277
"GPR155",0.00755144594720306,0.127746832274043,0.14000897107536
"ADAM10",0.00754499356510639,0.128072725602639,0.140342387534104
"SPECC1L",0.00753864310297644,0.128394102006661,0.140667003102459
"KANSL3",0.00753606794082557,0.128524601143193,0.140766074742181
"TTC14",0.00752126190633272,0.129276914151529,0.141566093067828
"USP47",0.00750774600025974,0.129966656099609,0.142297333263803
"SEC24B",0.00750129914488353,0.130296655730761,0.142634519648452
"OAT",0.00749202865635149,0.130772329855499,0.143131033556129
"IST1",0.00746527375864151,0.132152693472897,0.144568526114149
"PELI2",0.0074491519057757,0.132989900991757,0.145459810613387
"ZBTB16",0.00742602896566818,0.134197834858789,0.146731427609491
"CLCN5",0.00736481151684909,0.137436779008087,0.150146086280519
"SPEN",0.00734344087467163,0.138581561108417,0.151371187213749
"STARD4",0.00733779297090261,0.13888533167244,0.151677401694902
"MFSD14A",0.0073052192412226,0.140647315333189,0.153549868375559
"CNTLN",0.00729997063846439,0.140932824516189,0.153835627367697
"SMG7",0.00721295068704267,0.145731645276623,0.158993372349318
"VIM-AS1",0.00718813255114087,0.147122942420879,0.160484234074603
"PI4KA",0.00717814310536088,0.147685805693602,0.161044523312967
"SOX4",0.00717813371937298,0.147686335327323,0.161044523312967
"IDI1",0.00717235271315809,0.148012822535337,0.161373360238089
"AP5Z1",0.00714421756085372,0.149609656168419,0.16308686883892
"DDX59",0.00713698252948863,0.150022403168657,0.163509265675738
"TWF1",0.00709656479484354,0.152344163239157,0.165955933503332
"ASPH",0.00708764146707422,0.152860421924214,0.166490304767389
"ARHGAP45",0.00704383386047703,0.155414232363621,0.169243354133235
"RPRD1B",0.00703243015892081,0.156084306353795,0.169944466756554
"COG3",0.00701470503605231,0.157130170640974,0.1710256766526
"ZFAND5",0.00700894011373489,0.157471469969648,0.171339545644286
"BST1",0.00700773432286316,0.157542927100651,0.171388491018251
"CSNK1D",0.00698415869147433,0.158944998302876,0.172884731016939
"ATAD2B",0.00697440399214203,0.159527876103366,0.173475887609813
"SRRM2",0.00697416659786897,0.159542081376093,0.173475887609813
"BRAT1",0.00695316918652557,0.160802319393628,0.174758135933247
"PTPRJ",0.00695134696013989,0.160912040794365,0.174848028214622
"XPO6",0.00694933071500492,0.16103351051526,0.174950653981505
"FBXL17",0.0069185893901307,0.162894126134098,0.176883021233168
"EZH1",0.00690309234147876,0.163838208498166,0.177848518077989
"KANSL2",0.00689510281195295,0.164326539697592,0.178348703772374
"PCF11",0.00689092211473052,0.164582506287004,0.178596571522304
"RASSF3",0.00688847721554601,0.164732336303477,0.178701437661829
"ATP2B4",0.00688844437268836,0.164734349701235,0.178701437661829
"TRIM38",0.00686425933991762,0.166222024470345,0.18028503709516
"ECPAS",0.00685204166784765,0.166977390830109,0.18107397457858
"G2E3",0.00684301620308131,0.167537051244547,0.181650455494422
"PNPLA2",0.00683272592937281,0.168176858916123,0.182283104741834
"WDR37",0.00682903373427249,0.168406871289935,0.182471311252057
"SUGP1",0.00682416133309552,0.168710768148973,0.182769998828054
"CYTH1",0.0068125141859155,0.169438880393185,0.183528076236487
"N4BP2",0.00680518426935544,0.169898310957762,0.1839949255839
"SEC24A",0.00678828328559043,0.17096120265464,0.185115040305426
"KRI1",0.00678139294189066,0.171395957920479,0.185554754444344
"MAP3K2",0.00676785483003775,0.1722525726292,0.186450953887551
"MSH3",0.00676014367383943,0.172741920189308,0.186918133261839
"METTL16",0.0067497450438177,0.17340345905557,0.187602605936792
"SF1",0.00671443072687948,0.175664215064098,0.189953253436607
"TMEM131L",0.00662060429541574,0.181777506205369,0.196498175851321
"FAM214B",0.00661539501673947,0.182121486262801,0.196837145586874
"FNIP1",0.00655787462512417,0.185951829276673,0.20087637956569
"PPIF",0.00654006143319002,0.187150020901742,0.202103291962949
"ZBTB21",0.00651926739469228,0.188555917800839,0.203587560347337
"TSC22D2",0.00648982876935511,0.190559578010909,0.205648059350329
"NUP107",0.00642361470531454,0.195123456777,0.210538209862383
"ZXDC",0.0064159571160822,0.195656392388892,0.211078067709663
"TMEM41B",0.00634365236110777,0.200741173619524,0.216527550485305
"ZFYVE16",0.00631236791709546,0.202970869629958,0.218823215651016
"ZNF655",0.00630412789289699,0.203561140120428,0.219423047142799
"MON2",0.00630179873060839,0.203728214933844,0.219566582900234
"PAN3",0.00630003014663191,0.203855145150641,0.219666812534163
"AFTPH",0.00629529692835911,0.204195128500858,0.219996548829181
"TMCC1",0.00625811228973681,0.206880430829232,0.222852563924866
"MSL2",0.00624656443307089,0.207719556582994,0.223719249595459
"LILRA5",0.00624449377456725,0.207870281755952,0.223807118591059
"CWF19L1",0.00621331060487339,0.210149731648395,0.226223705136633
"SLC25A40",0.00621032289505152,0.210369075417051,0.226422176932666
"CAPN7",0.00620918062192117,0.210452979561795,0.226474832061679
"NSF",0.00619543475932015,0.211464562901535,0.227525607482888
"AC016831.5",0.00619406456278892,0.211565590513142,0.227596482715533
"PCNT",0.0061617710263487,0.213956773288194,0.23009238376541
"CHST2",0.00611918482793927,0.217139798711409,0.233437903828905
"CCNG2",0.00611471938399321,0.21747552265285,0.233760008908277
"AKNA",0.00605798945238158,0.221773155473419,0.238221239179511
"SNRK",0.0060499610307255,0.222386237021021,0.238840162321515
"ZNF445",0.0060396759195962,0.223173419911564,0.239645831897075
"ANKRD13A",0.00601756336181364,0.224872576065447,0.241430357785689
"VPS8",0.00601007953452782,0.225449730467467,0.242009874821154
"DLG1",0.00600381630571708,0.22593356443604,0.242489041140405
"NR4A1",0.00591813602107952,0.232626877940674,0.249590057638039
"IRAK4",0.00591303643389047,0.233029645559745,0.249980766421506
"DHRS7",0.00590368747815618,0.233769314116832,0.250732693769445
"TMEM8A",0.00589262757683595,0.23464649569861,0.251631839183833
"SMPD4",0.00586656862681893,0.236722489818453,0.253774035284759
"CLU",0.00584020377906453,0.238836032401041,0.255955052766817
"DCAF8",0.00582628194709123,0.239957434405711,0.257114271821015
"TAZ",0.005813006872467,0.241030191982857,0.258178269837363
"PLXDC2",0.00580881350942187,0.241369758082949,0.25849922478561
"AP3S2",0.00578768904642765,0.243085475443128,0.260250598316324
"ENGASE",0.00577156802233577,0.244400570477306,0.261615293199418
"STXBP5",0.00576211096936365,0.245174363192811,0.262400202894736
"ANAPC4",0.00575738543520397,0.24556165802143,0.262771268434833
"WWC3",0.00575496274994957,0.245760382488412,0.262940458805153
"RUBCN",0.00574027051792052,0.24696795084064,0.264145136914307
"FURIN",0.00572487604765761,0.248237688955311,0.265415491048173
"LONRF1",0.00570806456922721,0.249629511296829,0.266859553523064
"CLASP2",0.00569558598433656,0.250666132917587,0.267923484317064
"RIF1",0.00566009465314346,0.253630884725735,0.270868747560938
"ACAP2",0.00563168087842228,0.256021946712583,0.273377219696068
"MEPCE",0.00556730310259926,0.261497235447997,0.279177622409355
"ABL2",0.00554617069680229,0.263312050767157,0.281068790876599
"ATF3",0.00553080384126218,0.264637176207395,0.282390156381519
"ANKS1A",0.00551000168093112,0.266438314245733,0.284265268033434
"EIF4E3",0.00549959188349971,0.267342797578423,0.285183270970953
"RBSN",0.00548720562454672,0.268421758538131,0.286287061742316
"GLE1",0.00546507032552045,0.270357393584214,0.288304029989161
"SZT2",0.00545350610308945,0.271372430912919,0.28933878750498
"RASGEF1B",0.00541754538836778,0.274545509319417,0.292625556031265
"ALDH1A1",0.00541533931476592,0.274740988959254,0.292785705764973
"TM6SF1",0.0053981055829159,0.276271336713102,0.294319669883268
"MEX3C",0.0053604551934313,0.279634863404816,0.297853916696739
"ODR4",0.00531088605982819,0.284105447377773,0.302416748820076
"SPIDR",0.00530719040278415,0.284440681633468,0.302723816027465
"CCDC84",0.00528112335266851,0.286812833180136,0.305198271204504
"ZBED5",0.00523943076983413,0.29063463297687,0.309214234000371
"ING1",0.00523658329989562,0.290896893686783,0.309442407119328
"GRAMD4",0.00522155931187699,0.29228328389725,0.310866104805454
"SMURF2",0.00520208092984903,0.294087315372723,0.312682095536707
"CYLD",0.005182718489877,0.295887993303095,0.31450721206756
"ENTPD6",0.00518257833022042,0.295901054788927,0.31450721206756
"ARAF",0.00517990847810272,0.296149932145353,0.314720069059261
"RRM2B",0.00517330117486334,0.296766451625425,0.315271743981458
"Z83843.1",0.00504758431779611,0.308660469672157,0.32769233857946
"GPR132",0.00498573437684361,0.314626188757531,0.333916384592828
"CEP95",0.00495691214004428,0.317431950623501,0.33675030755037
"IFIT1",0.0049567022304791,0.317452444698781,0.33675030755037
"PPP4R1",0.00490567673714662,0.322459942079289,0.341894147563269
"ARFRP1",0.00485672528825687,0.327312063124986,0.346868275768728
"PLEC",0.00485448662477372,0.327535089500406,0.3470478182366
"LAMP1",0.00483781460080706,0.329199138075056,0.348753922418248
"FAS",0.00479760734372127,0.333234752493621,0.352971496669454
"RHOT2",0.00478369467323229,0.334638575455452,0.35440048053306
"EDC4",0.00475301100002826,0.337748084773195,0.357576631369038
"PIAS4",0.00472540984833602,0.340561015759403,0.360436818052374
"LSG1",0.00471138837990534,0.341995725147042,0.361836954502689
"TMEM175",0.0046898513345316,0.344206964348747,0.364116454151852
"ZMYM6",0.00468930947912664,0.344262714838351,0.364116454151852
"NT5C2",0.00468021254495481,0.345199541795135,0.365047669647452
"IL1B",0.00467405417167916,0.34583466954569,0.365659586908182
"DYRK1A",0.00467229158553568,0.346016586229403,0.365792191255577
"SUPT5H",0.00464030454817124,0.349328558515385,0.369112630623242
"KBTBD11",0.00461640230189051,0.351816517244878,0.371680831044931
"SHFL",0.00457790222786324,0.355847476708943,0.375816731519363
"DSTYK",0.00451704749763657,0.36227810688078,0.382483441608964
"CSNK1G3",0.00449639304333863,0.364477144314831,0.384742382568762
"HGF",0.00449023185867913,0.3651347249883,0.385373689203498
"ST3GAL6",0.00447612554281581,0.366643074139712,0.386839514664357
"TAPT1",0.00446787086415883,0.367527523237263,0.387646331938423
"TRANK1",0.00443135613737562,0.371455822218075,0.391662050983684
"DHX16",0.00442989335789414,0.371613730521175,0.391764743754126
"GOLGA2",0.00441785206898521,0.372915179484536,0.393072756753971
"ZNF267",0.00441494321115842,0.373229998075344,0.393340551447139
"MBOAT7",0.00440810527737755,0.373970698795461,0.394057015625296
"NUP50",0.00440698348844732,0.374092300329747,0.394121001193618
"DISC1",0.00439802391658435,0.375064392408776,0.395080845501858
"VAMP4",0.00439064982123808,0.37586563397727,0.395860438322571
"TCF20",0.0043513460242709,0.380154040573653,0.40031185079275
"ITCH",0.00434856961197153,0.380458105548907,0.400566884911957
"RANBP6",0.00434234132000196,0.381140754142721,0.401220364604875
"MAN1A1",0.00433977696788984,0.381422036967901,0.401451189616354
"DCTN4",0.00433529850889707,0.381913582888694,0.401903208000879
"RAB24",0.00426744820146727,0.389408141231494,0.409457252936932
"ACPP",0.00424948696360416,0.391406968537158,0.411492158868068
"RB1CC1",0.00424399393479146,0.39201950499868,0.412069211781369
"ENTPD1",0.00424302857545568,0.392127213812243,0.41211551659423
"AZI2",0.00421366077059791,0.395412464217125,0.415433348481283
"USP19",0.00420020350080674,0.396923412084715,0.416893779556014
"TENT4A",0.00418776767909631,0.398322766419689,0.418287362498146
"ADAP1",0.00417624772281434,0.399621709782258,0.419583352113257
"WDR75",0.00417315195924322,0.399971209326593,0.419882213260963
"BOD1L1",0.004158908662371,0.401581588024513,0.421436083785168
"EDEM1",0.00413393091989751,0.404415004620484,0.424272036932914
"PPWD1",0.00413227740347102,0.404602996761837,0.424400486233981
"CCNT2",0.00412932642223791,0.404938630551821,0.424683734682082
"P2RX7",0.00410093311128112,0.408176479356947,0.427940814146863
"MYO5A",0.00406536725199589,0.412253937271278,0.432145723752308
"ACAP1",0.00405168020334028,0.413829505567872,0.43372708742859
"PDE8A",0.00401898246943902,0.417607861946747,0.43747464372868
"NIN",0.00400575155237056,0.419142506583507,0.438940243872796
"CNST",0.00399748108301186,0.420103474884792,0.439875448229686
"HECTD4",0.00392200669466254,0.428932678419156,0.448974965252323
"CAMKK2",0.00390537748894868,0.430892414232975,0.450953360773405
"VMP1",0.0038900736959651,0.432700532168914,0.452699296260755
"FOXO3",0.00388367260560081,0.433458111116306,0.453345365325842
"INPP5D",0.00385009256100271,0.437444906969641,0.457145815612826
"IP6K1",0.00382023577010815,0.441007315684645,0.460794280461974
"SENP2",0.00381546432378596,0.441578164771386,0.461316288321761
"SUSD6",0.00381485219662709,0.441651429409077,0.461318385607351
"ZMYM2",0.0037805143710523,0.44577240702022,0.465397607329287
"DHX57",0.00374947539449565,0.449516257458668,0.469230611220158
"CHD3",0.00372498768585998,0.452482448469549,0.472250745025287
"BRWD1",0.00369749843164228,0.45582535069833,0.475663011028528
"WASHC4",0.00369572375275704,0.456041641546362,0.475812020527179
"SCAF8",0.00367243388764589,0.458885461928952,0.478701978815346
"SLMAP",0.00365947307009791,0.460472343187941,0.48027999835649
"CPEB2",0.00363605451679648,0.463347403980895,0.483045264633223
"UBR1",0.00362802569344658,0.464335388375608,0.48399731192138
"ACAP3",0.00362626812189893,0.464551822115116,0.484144960781272
"HIVEP1",0.00362320572625955,0.464929070696575,0.484460132575185
"NAA16",0.00360922278150136,0.466653756494466,0.486179018272477
"RLF",0.00360068919969837,0.46770804829894,0.487199019257818
"ZNF410",0.00354639738693548,0.474446413734313,0.494059205809223
"TSC1",0.00350669473473173,0.479407623299583,0.498984719170659
"C16orf72",0.00349824934442167,0.480466591652714,0.500006544664792
"C1RL",0.00345081511366035,0.486437991207918,0.506139433474776
"VRK1",0.00343411973794998,0.488549244045883,0.5082545084289
"AC104695.4",0.003392966268822,0.493774427542937,0.513576275459087
"B3GNT2",0.00339258212751829,0.493823341787583,0.513576275459087
"USP4",0.00337894569722216,0.49556140152286,0.515301078294088
"ARHGEF40",0.00337371068334027,0.496229507687822,0.51591293283619
"SNX13",0.00329917945814973,0.50579326271974,0.525687202255193
"KDM3A",0.00329845825779354,0.505886277838072,0.525699480372982
"CHD2",0.00326630867696881,0.510041821904841,0.529932716259339
"GNG2",0.00323823136787116,0.513685552664331,0.533461704836201
"OSGIN2",0.00323345605916241,0.514306613193442,0.534021012640632
"MICAL1",0.00320658106685795,0.517809151770712,0.537399238307725
"DOCK5",0.00319932221774582,0.518757288310306,0.538296952159147
"KLHL8",0.00317645236140772,0.521750357201899,0.541229260138614
"TBL1X",0.00317411917596299,0.522056208987363,0.541459772025663
"UBR3",0.0031683312761456,0.522815328889593,0.542160249756723
"C18orf25",0.00316652249994459,0.523052677602767,0.542319512299858
"PIKFYVE",0.00315679118370508,0.524330575505327,0.543557429274858
"FAM214A",0.00305416622529679,0.537903789651708,0.557093126572573
"DDIT3",0.00305101504397223,0.53832334043545,0.55743846864669
"CDKN2D",0.00302685098279712,0.541546009080247,0.560596236454352
"MED23",0.00301743178786863,0.542804814766635,0.561809491734484
"RNGTT",0.00296688913730403,0.54958426448023,0.568735378555788
"OGT",0.00294786735787228,0.552146484560255,0.571295563535734
"GNL1",0.00289621850942511,0.559132987366699,0.578154761254114
"NUP153",0.00287778575043475,0.561636723719654,0.580558222794354
"FIG4",0.00286644697309157,0.563179566961252,0.582060107999225
"MIR29B2CHG",0.00283551857739778,0.567398288671187,0.586139543778086
"AP1G2",0.00281707985638916,0.569920563249729,0.588651200778358
"PHC2",0.00278582046534351,0.574208782398698,0.592985748484474
"DHX38",0.00272962259563345,0.581956296805696,0.600603390007983
"DHX58",0.00269228356787824,0.587130762440634,0.605654008292011
"C4orf48",0.00268340108848665,0.588364831467154,0.606830320044346
"INO80D",0.00267142838844947,0.590030127604626,0.608450947134812
"GPD2",0.0026666303357623,0.590698102956358,0.609042764538853
"PTK2B",0.00266301575636798,0.591201547187407,0.609464779696063
"TAF13",0.00264896310291855,0.593160694065443,0.611387093357694
"SFXN5",0.00264041692628571,0.594353609405469,0.612519144745464
"HSPBAP1",0.00260121453672243,0.599839660999795,0.618074481189348
"MDM2",0.00255936201288549,0.605721738015989,0.624036048999922
"TUG1",0.00250996878709138,0.612696626303318,0.631121393585947
"RBMXL1",0.00250487815091979,0.613417495501239,0.631662933970896
"ZMIZ2",0.00250148937661924,0.61389757670294,0.632056760746634
"BRWD3",0.00249812614885243,0.614374202475029,0.632446905203265
"GTPBP2",0.00247236458023795,0.618030439922693,0.635806303521296
"TEPSIN",0.00239643089156939,0.628862305425172,0.646641449384143
"MBD4",0.00234300900084996,0.636531223887737,0.654111610071303
"GPAT4",0.00234190728747098,0.636689793434035,0.654170722534826
"SHOC2",0.00232941142162592,0.638489486134204,0.655915730439993
"HNRNPH1",0.00232340765413229,0.639354925869371,0.656700585447931
"TOR1B",0.00230152138015539,0.642513971685056,0.65984064922098
"PHKA2",0.00228384862200594,0.645069572833517,0.662360097466168
"RICTOR",0.0022341727630105,0.652275447524093,0.669392039668811
"RAB20",0.00223378696985914,0.652331538194397,0.669392039668811
"KMT2D",0.00219537703568289,0.657925777093365,0.674597953896491
"CEP135",0.00217540347179502,0.660842452785103,0.6773739770948
"FAM160B1",0.00215613949191748,0.66366039842565,0.680047074929987
"NDST2",0.00213640580450218,0.666551993536192,0.68290197913488
"UHRF1BP1L",0.00211281090989442,0.670015886233577,0.686233641429549
"GDI1",0.00206240992321835,0.677438566343466,0.693506843533775
"RBMS1",0.00203400649649072,0.681635507436723,0.697582718170304
"ZDHHC17",0.00202839688978024,0.6824655642252,0.698321805404448
"CDK16",0.00202715648592703,0.682649159419623,0.698399282250733
"MTMR10",0.00202610111506572,0.682805382216822,0.698448735103761
"FEM1C",0.00200973026724355,0.685230437189627,0.700727707252762
"FAM13A-AS1",0.00200959973723758,0.685249786008224,0.700727707252762
"HERC6",0.00197843327152762,0.689875560270915,0.705123835995248
"RNF169",0.00191209956835308,0.69975938919346,0.715000360738393
"TENT4B",0.00187668851420515,0.705056720085323,0.719958549815833
"FBXO38",0.00184710331696009,0.709493533652347,0.724330155559182
"ATG4B",0.00184664990744383,0.709561607438421,0.724330155559182
"ZNF518A",0.00179520612138889,0.717300185373422,0.73211436230609
"IL15",0.00177242853419532,0.720735914367418,0.735273291776657
"TECPR1",0.00171467844184122,0.729471992632902,0.74395111536002
"EXOC3",0.00170590852921026,0.73080176057305,0.745189887848468
"SNTB1",0.00166441926340605,0.737103623226844,0.751260840171692
"CLK2",0.00165755132640156,0.73814852433274,0.752206917790046
"PPP1R12B",0.00164336859513414,0.740307841883783,0.754170412015045
"TLE4",0.00162245519205937,0.743495634833149,0.757298731892669
"TDRD7",0.00162043576885112,0.743803685834419,0.757493324224009
"LINC-PINT",0.00161260872008992,0.744998042638588,0.758441898821532
"TUBA4A",0.0016120287061039,0.745086573448401,0.758441898821532
"NFKB2",0.0015985721116352,0.747141472437761,0.760414068945459
"ADAR",0.00159003562289802,0.748445976487966,0.761622013798034
"UBR5",0.00158661590535107,0.748968763138346,0.7620342248244
"STK17A",0.00157285082603849,0.75107425365591,0.764056366776927
"DIAPH2",0.00154608535200134,0.755173566559213,0.768105839733597
"CENPC",0.00151778894883764,0.759514859097331,0.772400125321414
"GARS-DT",0.00150090612563144,0.762108680394958,0.774794534685452
"ATG2B",0.00149531536970948,0.762968216600896,0.775424840545401
"CNEP1R1",0.0014777267133849,0.765674240645637,0.777820410712
"TOPBP1",0.00145044583519159,0.76987706976883,0.781832807793476
"SLC16A6",0.00141935789143565,0.774674653080709,0.78658150941727
"EDRF1",0.00139065274892658,0.779112172383064,0.790963180807269
"USP7",0.00135868619335162,0.784062353180541,0.795739093038223
"SLC25A44",0.00133111595821496,0.788338778920808,0.799953801682337
"PDZD8",0.00130152333545872,0.792936002970432,0.8043666065858
"NFAT5",0.00124216470744125,0.802178960898015,0.813233102545216
"TREM1",0.00123722859270598,0.802948849554058,0.813886151873019
"ISG15",0.00122613518961037,0.804679790909315,0.815512987843911
"PTBP2",0.00119532744559579,0.809491826754279,0.819876421528036
"GALNT4",0.00116970933787991,0.813498764491147,0.823677041181684
"TRIM25",0.00116540117021843,0.814173089369686,0.824230896103103
"UHRF2",0.00115493267896999,0.815812216059047,0.825632059835277
"XAF1",0.00112704323051642,0.820182983581574,0.829925701110833
"RGL2",0.00112265909694061,0.820870566440229,0.830491646684488
"AREL1",0.00111830114988417,0.821554178792318,0.831053398984605
"TNPO3",0.00110428814779977,0.823753254005855,0.833147721673786
"KDM5B",0.00108661192171553,0.826529175619278,0.83582472398613
"ARHGAP25",0.00105675323855571,0.83122317298622,0.840440234563921
"CCDC93",0.00104535195220083,0.833017135567304,0.842122569591307
"LTN1",0.00103161000011427,0.835180551079844,0.844177812285856
"IKBKE",0.0010228245982049,0.836564304589838,0.84544447516619
"PRKD2",0.000989652244709935,0.841793675697315,0.850463835278468
"TMEM39A",0.000968674156587173,0.845104333946705,0.853542193131196
"INTS6",0.000955743455560617,0.847146360738972,0.855471149496818
"EAF1",0.000835312624927084,0.866212422288288,0.873906688778928
"TXNRD2",0.000815582364311407,0.869343771205102,0.876792580586046
"SAP30BP",0.000814699407927779,0.869483951677906,0.876797368093888
"TRERF1",0.000660878906417996,0.893963672567323,0.900361047946616
"RIPK1",0.000618541558995644,0.900720221772233,0.906883781610177
"CREBRF",0.000606676591545622,0.902615045528299,0.908650257308383
"CERK",0.000583784017212283,0.906272526114219,0.911765086878548
"SYNJ1",0.000512880930466783,0.917612784927538,0.922887240891857
"FBXW7",0.000460096549388526,0.92606616018987,0.931099910089955
"USP24",0.000451544779917026,0.927436530471909,0.932043480017873
"ZNF276",0.000436485672333176,0.929850183838811,0.934324086632386
"ERLIN1",0.0004170018122266,0.932973985072181,0.937317439378848
"EDEM3",0.000398980742200558,0.935864180864998,0.940075206659425
"KMT2B",0.00035079117588961,0.943596809727404,0.947548587897504
"RTN3",0.000299980489477441,0.95175577697437,0.955297193818925
"AMFR",0.000293035729973256,0.952871349526987,0.956268658632416
"DNAJC5",0.000265573450755891,0.957283640723093,0.960398929186627
"C11orf21",0.000242291340006707,0.96102534616213,0.963854080720934
"HSPA6",0.000227797428674923,0.963355124833835,0.966041059196754
"SLC38A10",0.000204392808056991,0.967117879743366,0.969363857169616
"UBR2",0.000201721477085823,0.967547397073661,0.969644249017784
"PAG1",0.000175757496590571,0.971722559005664,0.973527057722481
"ARHGAP9",0.000150172346299428,0.975837561520763,0.97734721121371
"USP38",0.000117673995191116,0.981065365803317,0.981975444992374
"FCHSD2",9.4291672259471e-05,0.984827248320494,0.985588438031671
"ZZEF1",3.52739501272163e-05,0.994323670185125,0.994477281133709
"USP25",-3.0719934744745e-05,0.995056498176307,0.995056498176307
"MAFK",-5.9738429689137e-05,0.990386965878723,0.990693018711195
"WDR26",-7.64077681896325e-05,0.987704745736653,0.988162652433796
"SLC16A5",-9.18927999027394e-05,0.985213213191387,0.985822309459203
"SNIP1",-0.000123203885057501,0.980175743781317,0.981236704073024
"DDX5",-0.000138885715867722,0.977653064210893,0.978862656619443
"BTG1",-0.000140851220016531,0.977336895888388,0.978697457692409
"TDP2",-0.0001558412218529,0.974925745317727,0.976585065014229
"GMCL1",-0.000176358560479133,0.971625895165755,0.973527057722481
"MARCH6",-0.000205506474649068,0.966938818593846,0.969334455183735
"PLK3",-0.000224281884011917,0.963920268029037,0.966458078863247
"PNPLA8",-0.000252170734464443,0.95943750315378,0.962410659345766
"ZDHHC20",-0.000280324612262253,0.954913439589134,0.958169499054565
"WWP2",-0.000310968708536708,0.949990876623713,0.953673582766618
"TET2",-0.000345693952646362,0.944415047754853,0.948223172947413
"VSTM1",-0.000379763212095399,0.938947193898134,0.943025773083543
"DGAT1",-0.000455886545351405,0.926740761184844,0.931488850785697
"YTHDC1",-0.000457971326082895,0.926406694285263,0.931297661304782
"EPB41",-0.000495272549464963,0.920431765373056,0.925578634517733
"TTLL3",-0.000555625555501949,0.910774041837416,0.916151514427507
"VOPP1",-0.000585987326935479,0.905920421957268,0.91155250415781
"CD36",-0.000601786159070391,0.903396204930806,0.909153898759838
"ANKRD50",-0.000602356172317886,0.903305150647408,0.909153898759838
"ADNP2",-0.000653036997253443,0.895214584745265,0.901480669099525
"UNC13D",-0.00068619154274285,0.889927709708873,0.896435660907926
"BLZF1",-0.00069105314707232,0.889152876338563,0.895794541147814
"TTC13",-0.00070776062263725,0.886490881935568,0.89325166842815
"RETN",-0.00075548425418054,0.87889424886714,0.885734957528932
"FBXO33",-0.000784819608142373,0.874230137217873,0.881171712338239
"KIF1B",-0.000795626829930961,0.872512958192127,0.879577840444694
"OSBPL2",-0.000808350199400934,0.870492089219225,0.877677275440782
"DMXL1",-0.000829529967640638,0.867129960646256,0.874696068124628
"CD83",-0.000852025260559269,0.863561634083161,0.871368145114461
"ANKRD13D",-0.000852573237918132,0.863474745319578,0.871368145114461
"RBM5",-0.000906919140008521,0.854865882271228,0.862862756754589
"KAT2B",-0.000927596468346025,0.851594887694277,0.859695197712888
"SULF2",-0.000949820654538375,0.848082037946987,0.856282456904054
"SH3BP5",-0.000981659595160435,0.843054709722776,0.851604960328484
"USP48",-0.00102124965174715,0.836812421698353,0.845563230540836
"ETV3",-0.00116436558435822,0.814335202337222,0.824266119438896
"YPEL5",-0.00118687095664841,0.810813962776117,0.821087063196086
"LPCAT2",-0.00119757144558986,0.809141078012946,0.819649403701425
"CXCR4",-0.00121812534997235,0.805930189402706,0.816524576869033
"ST3GAL1",-0.00121916922286079,0.805767204502616,0.816487225223029
"AC005632.3",-0.00124441613245113,0.801827868555473,0.813004482541602
"ZFC3H1",-0.00126049404816422,0.799321808831459,0.810590443354458
"MGAT4A",-0.00127192353247605,0.797541552986166,0.808911799159085
"FYN",-0.0013185868704599,0.790284287366069,0.801802300016915
"CDK17",-0.00137495586657241,0.781541807280455,0.793305371642155
"CHD8",-0.00146815708026633,0.767147738071849,0.779183316014614
"F11R",-0.00147765201283069,0.765685739491439,0.777820410712
"STXBP2",-0.00147769101772201,0.765679735363135,0.777820410712
"AL390728.6",-0.00149758790813316,0.762618795780957,0.775191408994492
"DOCK8",-0.00150948551075287,0.760790235964988,0.773575622371185
"SUCO",-0.00161711114490434,0.744310926751193,0.757890679425484
"TYK2",-0.00165679087817851,0.738264250175773,0.752206917790046
"DMTF1",-0.00166608432202044,0.736850371104874,0.751120973473934
"PPP6R2",-0.00167624827485087,0.735305074523864,0.749663787790157
"FBXW2",-0.00173014075244522,0.72712944992023,0.741678912680569
"TMUB2",-0.00177860958299419,0.719803015537889,0.734437308525185
"AL133330.1",-0.0017806028751619,0.71950225904265,0.734246157793524
"GOLM1",-0.00187792857218601,0.704870969488582,0.719882419383039
"LEMD3",-0.00189484198314854,0.702339238807383,0.717409945099243
"SUPT6H",-0.00190998339077882,0.700075552583942,0.715210529813546
"PIBF1",-0.00196930283540222,0.691232920426311,0.706399672745057
"INTS3",-0.00198577420317875,0.688784956483025,0.70412029184764
"PER1",-0.00199527680345043,0.687374165265129,0.702789062843722
"SETX",-0.00204352318532667,0.680228198846395,0.696252546929891
"AL021155.5",-0.00209930340200175,0.672002050067115,0.688050177468686
"SP3",-0.00210549606039264,0.671091187186555,0.687226248947447
"ARNTL",-0.00212516577248293,0.668201226498477,0.684483344992269
"GABARAPL1",-0.0021699444296511,0.661640518660232,0.67808464742858
"PICALM",-0.0021907197037216,0.658605409111491,0.67518787309387
"EIF4G3",-0.00220983037622665,0.655818441173556,0.672543733273817
"NFAM1",-0.00221441779794495,0.655150154080811,0.671964844347144
"AL627171.2",-0.00221702409754953,0.654770596141169,0.671681958392953
"SEC16A",-0.00223289770841753,0.652460835874757,0.669418613542501
"CLCN7",-0.00223408377147135,0.652288385876553,0.669392039668811
"TOP3A",-0.00224754679367473,0.650332207720853,0.667657899268126
"TMEM131",-0.00235507896260882,0.634795086607696,0.652431082822388
"AC012368.1",-0.00238809578871681,0.630056236362001,0.647663396984375
"CEP192",-0.00239354381580613,0.629275744265937,0.646963819021387
"ABCA1",-0.00242636983645123,0.624581827173843,0.642341977620884
"NXPE3",-0.00245913247786816,0.619912111488827,0.637640770539985
"TP53BP2",-0.00248139268501728,0.616748033433311,0.634587852582209
"PIM3",-0.00249190237951408,0.615256644524986,0.633153952734821
"GMPPA",-0.00249614601256932,0.614654897197215,0.632635263029375
"GRK2",-0.00250686027318734,0.613136768823138,0.631474298657492
"SBF2",-0.00270399300006221,0.585505770393258,0.604074001199355
"EPG5",-0.0027043622115637,0.585454566555049,0.604074001199355
"ASGR2",-0.00273370338663456,0.581392072263702,0.600116753162501
"SLC49A4",-0.00274721378641259,0.579525904813837,0.598285872710059
"DNAJC13",-0.00275661863996664,0.578228490591181,0.597041666361612
"TMTC2",-0.00284664959815903,0.565878243268415,0.584662583293923
"PTGER4",-0.00286096487264678,0.563926236975725,0.582738780236368
"C2CD5",-0.00288055942876781,0.56125962654903,0.580261070309553
"AGO4",-0.00289675892895918,0.559059663587685,0.578154761254114
"IL4R",-0.00291994406275614,0.555918323827646,0.575014415794884
"TUT4",-0.00292481751502904,0.55525911996816,0.574424343667924
"DENND4A",-0.00304916748348099,0.538569402428441,0.557604079853146
"GZF1",-0.00308807060735711,0.533400143045394,0.552517204172141
"CDKN1B",-0.00310147163342255,0.531625304736809,0.550766878359114
"PHACTR1",-0.00313136179057627,0.52767745055068,0.546764374978409
"TBC1D10B",-0.00315191923412043,0.524970951038273,0.544047052508689
"SOAT1",-0.00315424197676329,0.524665596726509,0.543817655012396
"BTN2A1",-0.00319327981104233,0.519547219004942,0.539030239717628
"ATP2B1",-0.00321521390418254,0.516682715789479,0.53631616194021
"TCP11L2",-0.00322015387068487,0.51603870723544,0.535733577716844
"GLT1D1",-0.00324366179187359,0.512979764633791,0.532814214060511
"TRIP12",-0.0032609934731488,0.510730563030716,0.530563168334541
"HIPK1",-0.00333139279197391,0.501647820859744,0.521462426500639
"ACSS2",-0.00352276990703082,0.477395479968334,0.496970306691589
"PLEKHM1",-0.00353546456009522,0.475809750249054,0.495399215682274
"CDC14A",-0.00357525526717751,0.470858130073668,0.490401469449313
"EGR3",-0.00363827999695191,0.463073755698025,0.48283773464149
"PCNX3",-0.00364558231116532,0.462176485574136,0.48197979503978
"CARS2",-0.00380351655567528,0.443009433592551,0.462587592431964
"ARHGAP4",-0.00380777640096899,0.442498826495565,0.462128956724035
"TMEM71",-0.00385231756244073,0.437180092248715,0.456942834552499
"CBX4",-0.00386232211442559,0.435990513758881,0.455773064116744
"PPM1A",-0.00386912687930574,0.435182469287551,0.455001825931461
"UPP1",-0.00387635572168626,0.434325014405501,0.454178669562464
"SCAPER",-0.00388698820145832,0.43306560950283,0.453008039412073
"EXOC6",-0.00389135738483314,0.432548697914565,0.452613588217051
"GAK",-0.00396524406492343,0.423861517067381,0.443738593385224
"PARP9",-0.00400911111584501,0.418752519339527,0.438602784372124
"MIB1",-0.00403370163903776,0.415904492365883,0.435760751509424
"HMGB2",-0.00404788829194293,0.414266636521612,0.434114957080109
"MICU1",-0.00412772491724509,0.405120849521675,0.424806021996003
"RGCC",-0.00414823430096737,0.402791001929782,0.422636782251768
"RELCH",-0.0041595265581236,0.401511646721335,0.42143099884467
"DSC2",-0.00420013329939754,0.39693130324116,0.416893779556014
"XRN1",-0.00424015423621398,0.392448021045526,0.412385730928215
"RAB11FIP1",-0.00428169121343384,0.387827522080245,0.407861497392382
"HELZ",-0.00430258488111638,0.385515932792212,0.40549636862661
"SMG1",-0.00431984547654814,0.383612655440107,0.403560014839008
"PSTPIP1",-0.00433274350368247,0.382194188693,0.40213313466577
"TPST2",-0.00444769372360867,0.369694995404971,0.389868936349859
"ZNF292",-0.00446930792962673,0.367373453113654,0.387546966833598
"YOD1",-0.00448415257678329,0.36578428992814,0.385996331376492
"ATP9B",-0.00456929633077525,0.356752481850112,0.376711069564121
"MLKL",-0.00460584088525536,0.352919409232848,0.372785161588099
"ABCD1",-0.00464037356001456,0.349321391358957,0.369112630623242
"MAP3K5",-0.0046414795161341,0.349206546121624,0.36910419258635
"CCND3",-0.00471597400154882,0.341526088764912,0.361399133485459
"CCNL2",-0.00475107635526997,0.337944763448833,0.35772635686196
"UBAP1",-0.00478095514799287,0.334915448825688,0.354635691151047
"VPS54",-0.00487530259218843,0.325465107952315,0.344967437603681
"R3HCC1L",-0.00489629822957566,0.323385897784262,0.34281976457431
"HK3",-0.00493156901246544,0.319912542501345,0.339248779713957
"LPCAT1",-0.00494438064287609,0.318656956574705,0.337972663313342
"NECAP1",-0.00497809189570312,0.31536856912818,0.334649420838525
"RASA2",-0.0050223625463799,0.311084137094601,0.330211297516059
"RBM10",-0.00504919717745203,0.308505909004388,0.327581967343678
"MSL1",-0.00508699704405907,0.30489819751159,0.323804286530517
"SAMD9L",-0.00511629920984269,0.302120868003834,0.320907383011784
"MAST3",-0.00517586472866335,0.296527147679076,0.315069219444335
"GASK1B",-0.00520795392617123,0.293542590938325,0.312154194108857
"ABHD3",-0.00531411169708538,0.28381306743336,0.302155204499847
"HEATR5B",-0.0053323108462329,0.282167268401962,0.300452449939852
"SLC19A1",-0.00533294428574604,0.28211010151432,0.300440993124479
"SLFN12",-0.00541145653223535,0.275085272157496,0.293104353513434
"ATP2B1-AS1",-0.0054442911529242,0.272183129865159,0.290155373414629
"LINC01410",-0.00554285786198594,0.263597337585759,0.281326931013882
"PIK3CG",-0.00566440079218488,0.253269877682359,0.270527831730011
"LILRB3",-0.00567470471783458,0.252407496687043,0.269651177153782
"RNF144B",-0.00568484856277586,0.251560514774401,0.268790687019223
"CMTR1",-0.00568565786324668,0.251493026002189,0.268762933367146
"BCL3",-0.00573639258669723,0.247287373715665,0.264443088443214
"DENND4B",-0.00575314586025475,0.245909489622737,0.263056516162855
"SCO2",-0.00580000765756592,0.242083925612196,0.259221193253946
"VAV3",-0.00582065335683837,0.240411868616571,0.257558569820235
"TGFBR1",-0.00585582655119293,0.237582028629279,0.25465332009039
"GRIPAP1",-0.00587780443384426,0.23582579913366,0.252854624642484
"MAML2",-0.00595380402322033,0.229823608539112,0.24662324576201
"NIBAN1",-0.00607551157311337,0.220439305215644,0.236827756715247
"SMCR8",-0.00608529256200976,0.219697246377492,0.236069705070188
"DOK3",-0.00610799555400385,0.217981741950457,0.234265238610103
"GMIP",-0.0061568245226422,0.214324753279603,0.230449834368402
"PLEK",-0.006186163465006,0.212148836559865,0.228186005630265
"GBA",-0.00624581593165349,0.207774031552138,0.223740698647462
"TLE3",-0.00632377118491656,0.202156059268799,0.217981067239541
"ATP11B",-0.00633910531907294,0.201064134307267,0.216839781027028
"ASH1L",-0.00649350751612274,0.190308340456494,0.205411169742471
"SENP7",-0.00650292148889934,0.189666530411411,0.20475256259521
"C3orf62",-0.0065426100798654,0.186978239360691,0.201951471741927
"LMBR1L",-0.00657453532590099,0.184836300118912,0.19970464068255
"INTS1",-0.00659950018221475,0.183174040582235,0.197941702341744
"KCNE1",-0.00662484431773149,0.181497884272522,0.196228674479009
"MBD6",-0.00672233778275222,0.175156119888515,0.189435469455102
"PLXNC1",-0.00672942880264324,0.174701395322727,0.188975243662378
"NRIP1",-0.00676028434965735,0.172732983646811,0.186918133261839
"ZNFX1",-0.00683077870332281,0.168298135688019,0.182384019157053
"TCIRG1",-0.00683855805707659,0.167814015940433,0.181920284527522
"ATG16L2",-0.00691598409589298,0.163052553489222,0.177025361611475
"CES1",-0.00693161736007725,0.162103639546558,0.176054179235769
"ZNF335",-0.00693209596286262,0.162074655016823,0.176052234325321
"MX1",-0.00696543813093669,0.160065042644263,0.173986078925278
"OTOF",-0.00696910044064422,0.159845459793701,0.173776575433153
"BAP1",-0.00701303288142708,0.157229109035532,0.171104597730045
"C9orf72",-0.00702123534848907,0.156744235710954,0.17063429998196
"HK2",-0.00710274759157194,0.151987236874886,0.165594980061934
"NLRP1",-0.00712921533386822,0.15046647528876,0.163965655785125
"ZBTB43",-0.00723801210289752,0.144336953141432,0.157498303495302
"EGR2",-0.00727162026259711,0.142482713769143,0.155501195033957
"FBXO9",-0.00732968768280893,0.139322167484712,0.152128809629958
"THAP9-AS1",-0.00737277088143553,0.137012280540328,0.149707595648622
"PRR14L",-0.0073776022590731,0.136755101381981,0.149451810659512
"ITGAX",-0.00738547837455597,0.136336646446812,0.14901966049243
"SLC40A1",-0.00740710609155683,0.135192656990256,0.147794201512144
"ARHGAP24",-0.00744265721762233,0.133328327917035,0.145805336982244
"KDM4C",-0.00748157565098463,0.131310293986377,0.143671259636269
"INPPL1",-0.00748160535762803,0.131308762706051,0.143671259636269
"MTRNR2L8",-0.00753828156527983,0.128412417104654,0.140667003102459
"USP34",-0.00755189825444168,0.127724011602704,0.140007661888911
"C5AR2",-0.00756846062504889,0.126890556835391,0.139164740801681
"DGKD",-0.00764091960900582,0.123293938572668,0.135380759552146
"CWC25",-0.00780271339240635,0.115550580231439,0.127072270497425
"ELL2",-0.00793265612792096,0.109612800572431,0.120665409098099
"RNF31",-0.00793579969342266,0.10947219986408,0.12053112617688
"TMEM120A",-0.00802400246465142,0.105585008771107,0.116310591591653
"PLCB2",-0.00807883889488959,0.103224043721621,0.11380661768627
"TNFAIP2",-0.00811882731752976,0.101528967737061,0.112006339806521
"DPYD",-0.00815869497910979,0.099861149330397,0.110230363301789
"IFI44L",-0.00817247170674015,0.0992899214729363,0.109637208189628
"GLUL",-0.00823850962110792,0.0965878863292386,0.106744618657475
"MIA2",-0.00827521354407463,0.0951117171833628,0.10516708062256
"SAP25",-0.00834012554585973,0.0925453528833346,0.10241685719089
"STAT5B",-0.00834834794786838,0.0922242769290314,0.102096437899889
"GIGYF1",-0.00835394973970725,0.0920060458350122,0.101872266245232
"OGA",-0.00835555233322718,0.0919436893770896,0.101820637192487
"OTUD1",-0.00836849134372479,0.0914414789714667,0.101351161592412
"SLC22A15",-0.00837274911276914,0.0912767023252949,0.101185851173623
"UBXN11",-0.00837882291026746,0.0910420581710038,0.100943018427655
"RAB12",-0.00843368739305863,0.0889444321988806,0.0986848764448248
"PHIP",-0.00847852292147204,0.0872593055546555,0.0969148643267867
"FAM107B",-0.00858761205551706,0.0832667008766486,0.0925916560418109
"SLC36A4",-0.00861463480592003,0.082300899406731,0.0915491448039823
"MAU2",-0.00861776788043378,0.082189512325234,0.0914409525336939
"PSD4",-0.00862770202460751,0.0818371416395504,0.091080222618953
"SLC12A6",-0.00869638924262538,0.0794341615539307,0.0884514554351819
"IL6ST",-0.00874704680832043,0.0776989505763835,0.0865639315146286
"ARL5B",-0.00875834521804521,0.0773161788581374,0.0861523135847817
"ELL",-0.00877165378594708,0.0768672783657565,0.0856963595901338
"FRY",-0.00879661702020502,0.0760309941362913,0.0847932224010939
"PHF12",-0.00880191698678041,0.075854400520174,0.0846108526822203
"CRYBG3",-0.00887502684907579,0.0734523717347637,0.0820446263993893
"KDM4B",-0.00891835960799427,0.0720582777552371,0.0805569487458824
"MLLT1",-0.00916643105025088,0.0644887921243788,0.072269420151156
"PPM1K",-0.00920368844024803,0.0634107675276466,0.0710882916114791
"ACTN1",-0.00922331153208312,0.0628489960132264,0.0704805820525945
"LITAF",-0.0094076737452774,0.0577693532863896,0.0649867581539681
"ROCK1",-0.00946847629225992,0.0561708261352134,0.0632324688574808
"CPEB4",-0.00948657217060901,0.0557022503639656,0.0627486286508288
"MAPK8IP3",-0.00955331317101185,0.0540021183452314,0.0608652009343712
"BIN3",-0.00963482907442547,0.0519845846645312,0.0586525272077684
"OSBPL9",-0.00968535518946896,0.0507659957492775,0.0573375883602272
"MTMR6",-0.00972607137826076,0.0498014955593846,0.0562776893439441
"PIK3CD",-0.00973552856741392,0.0495796826577861,0.0560563858760928
"ATF7IP",-0.00975410895381124,0.0491463032806831,0.0555858084275231
"SELENOO",-0.0097684822715693,0.0488132366312121,0.0552380517305484
"ICAM3",-0.00979350804526577,0.0482378472395728,0.0545964725575165
"TTN-AS1",-0.00989276716438589,0.0460115029093016,0.0521513831751474
"CLEC2D",-0.00997663561858801,0.0441984191411982,0.0501473125692459
"WSB1",-0.0100065511797171,0.0435664605020042,0.0494823272438553
"BMT2",-0.0100123673914682,0.0434444848309502,0.0493524468846415
"PRPF3",-0.0100320179411591,0.0430345117639197,0.0488953017128144
"KDM7A",-0.0100528494827982,0.0426034747363557,0.0484225588910055
"STX3",-0.0100702403433096,0.0422464321785113,0.0480504922564445
"ATP6V0A1",-0.0100925042269044,0.04179304177705,0.0475598791465322
"AC020916.1",-0.0101059994553524,0.0415202297073654,0.0472660395859828
"MIR22HG",-0.0101479906792282,0.0406809848713625,0.0463269474155147
"FAAP100",-0.0101706225685736,0.040234653117063,0.0458428624216589
"TNIP1",-0.010170779512557,0.0402315725252952,0.0458428624216589
"SLC25A29",-0.0101834057617278,0.0399843913688587,0.0455817837157935
"NOTCH1",-0.0102348142837921,0.0389912381733259,0.044520154485734
"SPG11",-0.0102362736785585,0.0389633529812614,0.044496162850712
"FOLR3",-0.0104293297062404,0.0354208934700915,0.0405651626261051
"RHOU",-0.0105178326466429,0.0338911001144169,0.0388681987848955
"PGGHG",-0.0105272420019437,0.0337318296718853,0.0387061087018407
"UBXN2A",-0.0106043152493172,0.0324511546561744,0.0372894524749863
"NUAK2",-0.0106493183204408,0.0317228041189908,0.036478407436296
"YTHDF3",-0.0107385494545254,0.030320023154704,0.0349087373116759
"BTG2",-0.0107653925859085,0.0299085966668105,0.0344534261247208
"TBC1D10C",-0.0107818969427527,0.0296580231455255,0.0341769387405006
"B4GALT5",-0.0108582983378891,0.0285214634240919,0.032884764774278
"CSF2RB",-0.0108650165376274,0.0284233410895442,0.0327891500737186
"LRCH4",-0.0109098888997705,0.027775388103236,0.0320702447976368
"SMARCD3",-0.0109156760234083,0.0276927569491975,0.0319805402228157
"BCL2L11",-0.0109727329588847,0.0268893570830165,0.0310693731492859
"LINC02035",-0.0109906003452643,0.0266419455003716,0.0307944929779335
"TPCN2",-0.0110359043868618,0.0260234109792827,0.0300956703608211
"LTB4R",-0.0110447194147759,0.025904513308862,0.029968874046028
"ZRANB1",-0.0111132207891688,0.0249964652598958,0.0289493946498328
"KDM6B",-0.0112617381813289,0.0231219195157249,0.0268456432827839
"APOBR",-0.0113095770416903,0.0225446886567235,0.0262271903618379
"ITPR2",-0.0113244966135987,0.0223672479325567,0.0260301209986288
"CHD1",-0.0113349324181902,0.022243856142776,0.0258958325244258
"SLC2A6",-0.0114548820809048,0.0208675430646389,0.0243241760533799
"UNKL",-0.0116670723841486,0.01861398729531,0.0217560848076976
"CEMIP2",-0.0117620713383117,0.0176760714009125,0.0207009562680006
"SIN3B",-0.0118966647942097,0.0164182317979476,0.0192662013159168
"TNFAIP3",-0.011924044521089,0.0161722027468099,0.0189843772589026
"VCPKMT",-0.0119285115609439,0.0161323717167686,0.018944490203947
"NXF1",-0.0119286147907436,0.0161314522730006,0.018944490203947
"ARFGAP1",-0.0119875800445041,0.0156137304517383,0.0183554187297174
"DDX60",-0.0120298228435864,0.0152518766922681,0.0179365394560842
"TP53INP1",-0.0120378229179638,0.0151841854154867,0.017863422929286
"STX16",-0.0120608478785037,0.01499083773053,0.017642371108426
"TRPS1",-0.0121265422979031,0.0144510520103157,0.017013295274556
"VPS9D1",-0.0121694964849059,0.0141074498438416,0.0166299399652277
"PARP12",-0.0123531437617335,0.0127183808407607,0.0150500452500611
"ATP13A3",-0.0123685888928724,0.0126072710677428,0.0149267507118812
"KDM6A",-0.0124082729671257,0.0123257211151266,0.0146094321675814
"SNX18",-0.0124530737166729,0.0120145749582155,0.0142510733381252
"UIMC1",-0.0125159665454306,0.0115895286600781,0.0137569872653732
"NLRC5",-0.0126322410037913,0.0108387241903944,0.0128775739417532
"MUS81",-0.0126653439533126,0.0106330322050519,0.012641877241849
"JUN",-0.0127407490843508,0.0101773945034299,0.0121118477969127
"KIAA0232",-0.0127708572859611,0.010000375978231,0.0119077495094846
"R3HDM4",-0.012879802598547,0.00938253559668569,0.0111947171863146
"BTAF1",-0.0129069381006942,0.00923404462896814,0.0110195769452423
"NDEL1",-0.0130556513398947,0.00845689226553593,0.0101163932976866
"RSAD2",-0.0130724104120564,0.00837308614620579,0.0100216971178658
"OSCAR",-0.0130980526413054,0.00824629594639575,0.00987359348196155
"EXTL3",-0.0131608261607591,0.00794312817395127,0.00951587931128063
"PCED1A",-0.0131633655637185,0.00793107682080502,0.0095032003216531
"SLA",-0.0133069407333444,0.00727577772952376,0.00874227635874849
"CHSY1",-0.013503403445375,0.00645785327626113,0.00778695140817928
"PCGF3",-0.0135184031053848,0.0063989424581989,0.00771735347883377
"IL17RA",-0.0135359859289407,0.00633050225488994,0.00763623469315399
"KLF7",-0.0136655562950956,0.00584613541010287,0.00707569277341671
"BAZ2B",-0.0138363128455126,0.00525888344339261,0.00638522344570963
"CD300LF",-0.0138408522023488,0.00524402631246236,0.00636837860568023
"NFKBIZ",-0.0139511887226893,0.00489436473035427,0.00595715684608263
"HELZ2",-0.0139572530945775,0.00487577241108425,0.00593564320973288
"ENTPD4",-0.0141096691235733,0.00442898020027347,0.00539883596621549
"PFKFB4",-0.0141469093579051,0.00432561314721143,0.00527979251791984
"SLC36A1",-0.0141677751857873,0.00426865703049367,0.00521223795085176
"FAM8A1",-0.0142500268110721,0.00405070433951665,0.0049526458723382
"PELI1",-0.0143694966161588,0.00375209361913724,0.00459796594554126
"RAP1GAP2",-0.0143792845659771,0.00372853852396422,0.00457083097976602
"TRPM2",-0.0144017231972327,0.00367504552435443,0.00450696054644261
"MTF1",-0.0144763042277259,0.0035022224804676,0.00430071857711442
"SVIL",-0.0144957790801925,0.00345832885743784,0.00425004195578067
"AL360012.1",-0.0145170572442344,0.00341094366101927,0.00419419739058666
"DDX3X",-0.0145360779570221,0.00336908680279227,0.00414430324173991
"CDK5RAP3",-0.0145463423695839,0.0033466938023586,0.00411754003733744
"GK",-0.0145525703996992,0.00333317278976295,0.00410168421230286
"QSOX1",-0.0145625948683237,0.00331151418007936,0.00407664605001697
"CREBBP",-0.0147752348447472,0.00288125983777781,0.0035625050018666
"KDM3B",-0.0149634856302364,0.00254361540687611,0.00315527230199577
"SBNO2",-0.015063892010233,0.00237871090175978,0.00295694592511382
"VEGFA",-0.0151016575535658,0.00231926176874296,0.00288581600823408
"GK5",-0.0151950215197595,0.00217808517933062,0.00271589434726242
"PARP8",-0.0152052517778191,0.00216310457659155,0.00269825414814137
"FAM53C",-0.0153034864245219,0.00202398916299715,0.00252959572224779
"TMEM154",-0.0153329835698833,0.00198384840014978,0.00248086431187361
"HBEGF",-0.0154375589199258,0.00184735400019179,0.00231733574835142
"DYNC1LI2",-0.0154642113652665,0.00181397430213527,0.00227678744319964
"AHCTF1",-0.0155282119055409,0.00173607060010244,0.00218281628764094
"JAK2",-0.0155958637718046,0.00165707637917146,0.0020863307037643
"FXYD6",-0.0157201854312694,0.00152047371660394,0.00192031737052164
"MYH9",-0.0157913766582228,0.00144699870044083,0.00183001945431802
"CYFIP2",-0.015912796894499,0.00132919013312596,0.00168431726793061
"SF3B1",-0.0159392447159089,0.00130473202179573,0.00165429594772924
"MOSPD2",-0.0159871478581798,0.00126148718495963,0.00160166072473595
"EML3",-0.0160082971181316,0.00124281894165621,0.00157919721850487
"CPD",-0.016072055285124,0.00118807290586528,0.00151141363579718
"USP32",-0.0161698567338956,0.00110841144888655,0.00141312637260566
"KIAA1109",-0.0161810201856191,0.00109963964317904,0.00140277183250071
"PDLIM7",-0.0161975708273386,0.00108675287277301,0.00138687918358614
"ADM",-0.0162372961907379,0.001056389489284,0.00134919423034615
"CCDC144A",-0.0162693013231374,0.0010324998825909,0.00131972443038371
"REC8",-0.0162862397840777,0.00102005976371316,0.00130433871425618
"ZNF281",-0.0163061116940685,0.00100564212557058,0.0012864112074578
"CLK1",-0.0163673863450855,0.000962364646635256,0.00123226833906579
"CSGALNACT2",-0.0166945044370453,0.00075909958301968,0.000978966274993907
"FAM217B",-0.0167653631474298,0.000720683099001984,0.00093041751900678
"RAPGEF2",-0.0169336482291402,0.000636567421792374,0.000824722331135446
"MNDA",-0.0169825191251685,0.000613908013495708,0.000796002499373366
"NUP58",-0.0171630991668186,0.000536530416993772,0.000698330904627599
"TLR4",-0.0171853839050979,0.000527638308328085,0.000687448260840415
"VPS13B",-0.0172037630915736,0.000520408142536527,0.000678574484346722
"ICAM1",-0.0172156679730031,0.000515774284752714,0.000672803288230721
"CD46",-0.0172591334483228,0.000499180313685054,0.000651551078789726
"N4BP1",-0.0174036703549213,0.000447511159353651,0.000585526929194732
"NBPF19",-0.0175902134618628,0.000388189601565877,0.0005096612209567
"MEFV",-0.0175965234188646,0.000386317752453834,0.00050730651711686
"USF1",-0.0176270979813509,0.000377366664265637,0.000495652624154136
"AP1G1",-0.0179260371224421,0.000299499340102022,0.000395625122999488
"MPP7",-0.0179318218333103,0.000298152834522256,0.000393926826672874
"DENND3",-0.018069078138845,0.000267819306261393,0.000354500549731397
"SRGN",-0.0180731625367116,0.000266962611082944,0.000353438843384659
"P2RX1",-0.0181033176043671,0.000260716680928799,0.000345452270227802
"UBR4",-0.0181294937406262,0.000255406241202009,0.000338623797981119
"ABCA7",-0.018139496192758,0.000253403927404635,0.000336175620085575
"MAP2K3",-0.0181590976580834,0.000249522678874016,0.000331094450303419
"NOD2",-0.0181877483064065,0.000243949813743246,0.000323965352651031
"ARHGAP26",-0.0181892611562545,0.0002436588177887,0.000323676751415224
"PHF20L1",-0.0181898276058217,0.000243549945289989,0.000323633486413667
"PARP14",-0.0182158816633295,0.000238591350197608,0.000317109505477174
"AKAP13",-0.0182741819956026,0.00022783668884331,0.000303126741383393
"TRABD",-0.0184480201580793,0.000198407311757466,0.000264843079653162
"FAM193B",-0.0185122913876489,0.000188461173889886,0.000252086289207257
"SLC24A4",-0.0185338302582102,0.000185234179484364,0.000248026076107916
"ARAP2",-0.0185573719222839,0.00018176656548973,0.000243534094573782
"NR4A2",-0.0186099786676459,0.000174237075941416,0.000233736185172964
"GSAP",-0.0186175733188325,0.000173174615448392,0.00023240722645375
"ITGB2-AS1",-0.0186788828575816,0.000164818086621125,0.000221375994353769
"KMT2C",-0.018853037614819,0.000143102371254729,0.000192969121329538
"SOS2",-0.0188661446670641,0.000141582103334742,0.00019103846123158
"RAF1",-0.0189373565611636,0.000133584684308749,0.000180586186305042
"ECE1",-0.0190545718186548,0.000121340747224474,0.000164549643387357
"NLRP3",-0.0190708199454638,0.000119729493761456,0.000162466724504646
"BEST1",-0.0191927197956075,0.000108269040839974,0.000147409836045845
"ATG2A",-0.019222272118272,0.000105650893717309,0.000143996607563339
"ZNF394",-0.0192449408369488,0.000103683202637756,0.000141404056009445
"MYO9B",-0.0192990793873858,9.91228808750825e-05,0.000135270137180709
"DDX58",-0.0194906811984937,8.44584639960207e-05,0.000115745998287519
"ZNF516",-0.0196262702331905,7.53469222634947e-05,0.000103544040486917
"TFRC",-0.0197281764329756,6.91194043273067e-05,9.51678059580995e-05
"APAF1",-0.01978100657742,6.60858134963499e-05,9.10878340590524e-05
"TRIB1",-0.0199527139802975,5.70731093472226e-05,7.89342683003459e-05
"ZNF316",-0.0199928359786013,5.51417876575906e-05,7.63284013887624e-05
"IFRD1",-0.0200006038142278,5.47750986638874e-05,7.58694883932408e-05
"PYGL",-0.0200725728396165,5.14858395022314e-05,7.14357747401298e-05
"NTNG2",-0.0201567612042516,4.78756873055178e-05,6.65980231233181e-05
"STK38",-0.0203173720791152,4.16437586785053e-05,5.81790448175752e-05
"CCPG1",-0.0203613104971008,4.00779208244885e-05,5.60519462989282e-05
"PHF21A",-0.0206088347828499,3.22499071812868e-05,4.53192748191123e-05
"SEMA4D",-0.0206161941992399,3.20410392898089e-05,4.50355380725625e-05
"KLHL2",-0.0207013972135048,2.97145999612441e-05,4.18473613550347e-05
"MFN2",-0.0207194021918352,2.92439678042342e-05,4.12052667324312e-05
"KIAA0319L",-0.0207428453356619,2.8641798652771e-05,4.03804452260539e-05
"CREB5",-0.0207517843368201,2.84153073469188e-05,4.00960548744447e-05
"TRIM22",-0.020786039365001,2.75630374065918e-05,3.89358726097044e-05
"ASAP1",-0.0209577425061735,2.36448274272619e-05,3.35767959561513e-05
"ACSL4",-0.0212451928815154,1.82447490201816e-05,2.6074283699041e-05
"FGD3",-0.021278878562988,1.76950217657825e-05,2.53054055470898e-05
"WDFY3",-0.0213004256182441,1.73517033526848e-05,2.48473628633668e-05
"ANO10",-0.0213539466861391,1.65261790081571e-05,2.37071754705981e-05
"FNDC3B",-0.0216457271185741,1.26446726443305e-05,1.82645271529219e-05
"ZNF770",-0.0216981012810846,1.20471773178411e-05,1.74286985375873e-05
"GPCPD1",-0.0218253924247441,1.0705284789057e-05,1.55429499269691e-05
"JMJD6",-0.0220066615998218,9.03832270002494e-06,1.31788516126039e-05
"IER2",-0.0220471421602465,8.70152649345719e-06,1.27049351643306e-05
"PARP10",-0.0221562522515955,7.85242226334411e-06,1.14910899034561e-05
"PSAP",-0.0223308735858298,6.65605893490418e-06,9.78681025313869e-06
"TMEM144",-0.0223823377785328,6.33813370244685e-06,9.33206222188785e-06
"CSRNP1",-0.0226352100070054,4.97582754559995e-06,7.37151202064395e-06
"OASL",-0.0228442729240505,4.06588264024009e-06,6.05672439321546e-06
"RABGEF1",-0.0229169124056318,3.78883190162255e-06,5.64921642816775e-06
"PIM1",-0.0232679643533437,2.68605629941023e-06,4.04031795594374e-06
"FLOT2",-0.0232998199731764,2.60288491150287e-06,3.91811798478434e-06
"CFLAR",-0.0233875175890495,2.38648967440656e-06,3.60059057378422e-06
"GBP5",-0.0236074311355085,1.91715034683989e-06,2.90943069513395e-06
"AREG",-0.0236753086869922,1.79116368108674e-06,2.72398253966539e-06
"MAN2A2",-0.0239176891451435,1.40306752558001e-06,2.14738987248345e-06
"ABHD5",-0.0240169490302764,1.26869286376072e-06,1.94910242049998e-06
"AL034397.3",-0.0240758117464875,1.19494819491459e-06,1.83929971799264e-06
"CD93",-0.0240969860490203,1.16944315388488e-06,1.80089794915574e-06
"SLC38A2",-0.0241545425621965,1.10273390386786e-06,1.69978554610488e-06
"SULT1B1",-0.0244093091195312,8.48947625839988e-07,1.31642800711092e-06
"ZNF407",-0.0244968894544951,7.75489759533012e-07,1.20511778761803e-06
"HLA-E",-0.024566843775739,7.21252404806983e-07,1.12244905498087e-06
"FBN2",-0.0245933179183376,7.0169524040104e-07,1.09306424118295e-06
"FAM126B",-0.0246681403978381,6.49145173152724e-07,1.01364347587813e-06
"SLC44A2",-0.0247180412236628,6.16228964821293e-07,9.63173905903683e-07
"PKN2",-0.0247659734925154,5.86129785954e-07,9.18790371493026e-07
"RUNX1",-0.0248889068421765,5.15270652406378e-07,8.11447872458985e-07
"KIAA1958",-0.0250092943297938,4.53926000081915e-07,7.1798605534579e-07
"ALPK1",-0.0251015299848583,4.11755972832496e-07,6.5240043272579e-07
"SORL1",-0.0255704797893266,2.49511786586907e-07,3.99342226542309e-07
"TMEM91",-0.0256234738776189,2.35651183421571e-07,3.77905811610416e-07
"JAML",-0.0258337078635901,1.87639921435398e-07,3.02711400790622e-07
"FAM160A2",-0.02595044088699,1.65218466956614e-07,2.672056845059e-07
"MSL3",-0.0261108415804498,1.38591353035792e-07,2.24928658699854e-07
"LBR",-0.0261393976251495,1.34308087590539e-07,2.18141133733355e-07
"CSAD",-0.0262162919667827,1.23401272941835e-07,2.00930543517464e-07
"RALGAPA2",-0.0265908455784802,8.14139525879825e-08,1.33775108897106e-07
"SPATA13",-0.0270027201149997,5.12031539775169e-08,8.51500690599652e-08
"MTMR3",-0.0271112151745663,4.52645554748599e-08,7.55654286086238e-08
"QPCT",-0.0271531515576331,4.31528883146296e-08,7.21594390941665e-08
"AGFG1",-0.0271733573170905,4.21698532539619e-08,7.05993353933668e-08
"S1PR3",-0.0273267418277186,3.53836484748912e-08,5.95460723229648e-08
"IGHA1",-0.027330234984411,3.52421616875931e-08,5.93233891745911e-08
"MX2",-0.0276270667033343,2.50283389942752e-08,4.24838664522648e-08
"LCP1",-0.0281614219547028,1.33980661510481e-08,2.30382683298501e-08
"ABTB1",-0.0283420110765666,1.08195981622995e-08,1.86590512793625e-08
"NABP1",-0.028452904524606,9.48261526228451e-09,1.64277364752555e-08
"IPCEF1",-0.0284735930475349,9.25162048213532e-09,1.60533344951338e-08
"SIPA1L1",-0.0285644387117491,8.30042175012978e-09,1.44570703283132e-08
"IGLC2",-0.0287475063799901,6.66374501423363e-09,1.16408756670665e-08
"MT-ND6",-0.0290366960723424,4.69749407794999e-09,8.2707578625641e-09
"FAR1",-0.029430414562721,2.90271776933644e-09,5.1683704176799e-09
"CD82",-0.0295753309194435,2.42762178860115e-09,4.34155344182427e-09
"NADK",-0.0296031375028762,2.34555192977477e-09,4.20058179622735e-09
"ITGAM",-0.0297021679302172,2.07464349527423e-09,3.72366010213622e-09
"EGR1",-0.0297777372024886,1.88866726040339e-09,3.39645328995877e-09
"THBS1",-0.0297913582188324,1.85691957358287e-09,3.3412165979365e-09
"DAZAP2",-0.030032810606831,1.3732577089502e-09,2.48684486929891e-09
"MYO15B",-0.0303255802409244,9.49527137708476e-10,1.73454816295843e-09
"GCA",-0.0305309039309155,7.31544171920061e-10,1.34507724197969e-09
"S100A12",-0.0305415549058971,7.21680607532544e-10,1.32807284058149e-09
"SOCS3",-0.0308422950812502,4.90985744785028e-10,9.11307830200192e-10
"PRAM1",-0.0309944309070654,4.03507952949374e-10,7.51527758168657e-10
"MYO1F",-0.0310393608040549,3.80722507209772e-10,7.10111642660924e-10
"KLF6",-0.0311449685737389,3.31998297488419e-10,6.21740520086787e-10
"FOSB",-0.0315186916882864,2.03761766755053e-10,3.85379397596322e-10
"IL1RN",-0.0315493648991563,1.95710569578947e-10,3.71019100279385e-10
"ANXA6",-0.0315999510063773,1.83106539215459e-10,3.47940045459607e-10
"RNF24",-0.032097834605662,9.4578193348457e-11,1.81799056929308e-10
"ADAM8",-0.0322419146103044,7.79759199140999e-11,1.50736370714805e-10
"PGD",-0.0324801507779449,5.6566135506941e-11,1.0974203214622e-10
"GPAT3",-0.0328727362260201,3.31654059874827e-11,6.4926773015713e-11
"STAT2",-0.0329886897179918,2.82935965406901e-11,5.555739884878e-11
"FBXL5",-0.0331565518119816,2.24589483398239e-11,4.43155231795245e-11
"MT-ATP8",-0.0332275255312913,2.03626776081761e-11,4.02774136374373e-11
"GGA3",-0.0332337735041673,2.01875922650236e-11,3.99555097290623e-11
"JAK3",-0.0334690177206948,1.45674991069119e-11,2.90184582209685e-11
"MAPK14",-0.0334858355830322,1.42304263126549e-11,2.83731998608339e-11
"LINC00937",-0.0335421131024534,1.31570972418108e-11,2.63060678021876e-11
"MAP3K1",-0.0340287304019496,6.64315265451059e-12,1.3469392510273e-11
"CYP27A1",-0.0341701247696495,5.43708674770376e-12,1.10725698661951e-11
"IL1R2",-0.0350712459161492,1.48826909595563e-12,3.0980881437996e-12
"TOM1",-0.0351433642647741,1.33979335190716e-12,2.80433952804622e-12
"EHBP1L1",-0.0351778043190026,1.27411543867554e-12,2.67291748217285e-12
"PTPN22",-0.0363974484065443,2.08372000936262e-13,4.53750532815795e-13
"RNF213",-0.0366149270342978,1.49932178565305e-13,3.29037601366707e-13
"FPR2",-0.0368064834110836,1.12022464936245e-13,2.47435495734306e-13
"NLRP12",-0.0372146399305009,5.99018091547971e-14,1.33910328890938e-13
"LUCAT1",-0.037437776236874,4.24212834560979e-14,9.53264106542095e-14
"JMJD1C",-0.0375058426363657,3.81678819589864e-14,8.60072634188923e-14
"PTPRE",-0.0385051888646806,7.91937834835953e-15,1.83369296950213e-14
"LIN7A",-0.0388890753072921,4.28235816829599e-15,1.00595017349594e-14
"CRISPLD2",-0.0389981331157045,3.59218809107665e-15,8.468982411373e-15
"RRP12",-0.0390024959207803,3.56698629714138e-15,8.41876386718676e-15
"TMEM170B",-0.0396116544619597,1.32467909792277e-15,3.17981923617057e-15
"FOSL2",-0.0402418767256465,4.67963182382858e-16,1.14410636055386e-15
"AP5B1",-0.0409984769118437,1.31373949917782e-16,3.26995367846105e-16
"NAIP",-0.0411337771543849,1.04422340191572e-16,2.61318218167854e-16
"MTRNR2L12",-0.0415468932682138,5.15636244109785e-17,1.30450529283577e-16
"NBEAL2",-0.041559089368236,5.04952942210026e-17,1.27797707109762e-16
"NFE2",-0.0417780704860992,3.46378400955571e-17,8.82855814089121e-17
"PADI2",-0.0422669878447483,1.48260428416972e-17,3.83628302786362e-17
"CCL5",-0.0424379139230294,1.0995107306467e-17,2.85643357552438e-17
"ULK1",-0.0426353337811958,7.77343228700613e-18,2.03087976699264e-17
"SIGLEC1",-0.0427545667852349,6.2999035291287e-18,1.65123787237163e-17
"PFKFB3",-0.0436070241975036,1.37869226595347e-18,3.7283432455233e-18
"SGK1",-0.0439404782318437,7.54880350317544e-19,2.06706802781773e-18
"RAB27A",-0.0440996491052327,5.65357006304368e-19,1.56015398926448e-18
"WLS",-0.0441922398717174,4.77619123841672e-19,1.32367560263313e-18
"MCL1",-0.0444494643896171,2.9841591763405e-19,8.33812969686162e-19
"TUBA1A",-0.0444774588994829,2.83479504796414e-19,7.93448471271935e-19
"ITPRIP",-0.0449993078868022,1.08217671452024e-19,3.07686080360301e-19
"C5AR1",-0.0450640396986946,9.59592421848288e-20,2.73192671022243e-19
"LYST",-0.0452377714391911,6.94375251732927e-20,1.98559424899248e-19
"HERC5",-0.0455354330074296,3.97785982521787e-20,1.14762319556419e-19
"TLR2",-0.0455760669472697,3.68553585090853e-20,1.06471035692913e-19
"FCAR",-0.0459595378767487,1.7874687256645e-20,5.22677169374525e-20
"PLAUR",-0.0459829140563918,1.71000578801001e-20,5.00478185875985e-20
"IFI44",-0.0463754056888985,8.10034216755126e-21,2.40117285680984e-20
"LINC01001",-0.0464857063364669,6.55879488268054e-21,1.95136204367986e-20
"EREG",-0.046680516065685,4.51211241188043e-21,1.35175454671513e-20
"HSH2D",-0.0468066595662697,3.53865035510328e-21,1.06406049228698e-20
"IGF2R",-0.0468660236357059,3.15552620728974e-21,9.5106502169431e-21
"F5",-0.0468917911320466,3.00227991228738e-21,9.05720417155102e-21
"TYMP",-0.0471550360400852,1.80261116244455e-21,5.48407174138441e-21
"IRAK3",-0.0484866001443789,1.30783557587907e-22,4.12015937627303e-22
"ZBP1",-0.0491096795027084,3.7384437406915e-23,1.19968073862035e-22
"MAP2K6",-0.0496795069262774,1.17305946034317e-23,3.81435808451115e-23
"MCEMP1",-0.0505092426859478,2.11892198736083e-24,7.06743995166102e-24
"MARC1",-0.0505168216466816,2.08578927453391e-24,6.96051534192399e-24
"SAT1",-0.0520867448775323,7.57923705653635e-26,2.65951114926918e-25
"LMNB1",-0.0521298839764799,6.90958620547494e-26,2.4280332492741e-25
"FFAR2",-0.052491086944114,3.17534376129871e-26,1.12272941073992e-25
"NFIL3",-0.0528776351386768,1.37367316285747e-26,4.90792497590468e-26
"PDE4B",-0.0529518072387212,1.16883676206259e-26,4.18763098926021e-26
"EHD1",-0.0535581863115312,3.09583524268281e-27,1.13170171434943e-26
"PLBD1",-0.054719874313501,2.32951735003576e-28,8.82979819914025e-28
"CLEC4D",-0.0552241453724265,7.44968675941832e-29,2.85887801306901e-28
"RFLNB",-0.0552407285491349,7.17429298836e-29,2.75646129416277e-28
"HLX",-0.0553040700576332,6.21225756763738e-29,2.39536363864708e-28
"LPAR2",-0.055946338967923,1.42956136802735e-29,5.61588610231134e-29
"USP15",-0.0564792681632566,4.170943848065e-30,1.66679381959827e-29
"VNN1",-0.0581723719873042,7.71397406345659e-32,3.20540873471232e-31
"STK17B",-0.0586664393616307,2.35509016908796e-32,9.91342896922983e-32
"MAP4K4",-0.0596434313142307,2.18950623312497e-33,9.4942152399538e-33
"BCL6",-0.0597749979000765,1.58534641988733e-33,6.91146984670074e-33
"DUSP1",-0.0600516106009951,8.02254811178413e-34,3.53800929670916e-33
"PCNX1",-0.0602866298054617,4.48656732422595e-34,1.99492011380761e-33
"S100A9",-0.0605939721538412,2.09105684480191e-34,9.40104306475526e-34
"RIPOR2",-0.0610418658121964,6.82644505711546e-35,3.10353969801724e-34
"CTSS",-0.0613428788771705,3.20225275509904e-35,1.4671892665613e-34
"ANPEP",-0.062875230330491,6.41230587560277e-37,3.04796389417418e-36
"IGKC",-0.0633682296212568,1.78529003183857e-37,8.61891697697458e-37
"DDX60L",-0.0634828460316389,1.32430491790129e-37,6.41732787312348e-37
"CTSD",-0.0636163252310053,9.34596791069977e-38,4.54247719623651e-37
"CCDC88B",-0.0640049996852458,3.37340335823904e-38,1.65701163438843e-37
"CDC42EP3",-0.0652085492343281,1.38239065341337e-39,7.03584676902371e-39
"DYSF",-0.0653134486534368,1.04347741524798e-39,5.33186486686299e-39
"CCNL1",-0.0657760136287861,3.00278409067715e-40,1.55271758810255e-39
"ATP2A3",-0.0658669301445452,2.34828896630973e-40,1.21719958109601e-39
"MEGF9",-0.0660019679510792,1.62888807696719e-40,8.47702685714274e-40
"SOD2",-0.0665697538591816,3.4704671280957e-41,1.82368540481263e-40
"SAMSN1",-0.0674956279550766,2.71062851114303e-42,1.4599508303777e-41
"PROK2",-0.0679063418112881,8.64925065283896e-43,4.71737562986347e-42
"AGTPBP1",-0.0689438113212449,4.68224807212789e-44,2.63132586970104e-43
"IRS2",-0.0695949299916222,7.34139477997017e-45,4.20231563267258e-44
"BCL2A1",-0.069760170295549,4.57473196933452e-45,2.62560414622976e-44
"G0S2",-0.0701771676944092,1.37982373794498e-45,8.01883202823681e-45
"MXD1",-0.0704320193444693,6.60940193534335e-46,3.85836502519503e-45
"CD55",-0.0709989000124631,1.27339930283124e-46,7.52875533016386e-46
"PTGS2",-0.0721149222770369,4.78832586887297e-48,2.91349827773342e-47
"CKAP4",-0.07211935634001,4.72583488577331e-48,2.87818015526777e-47
"EMB",-0.0722930838228489,2.82275364735993e-48,1.72890322734231e-47
"GNLY",-0.072351246936325,2.37478060118901e-48,1.45866504858612e-47
"PTPRC",-0.072581806193458,1.19545110334125e-48,7.36379680592891e-48
"SYNE1",-0.0741909605091872,9.34524204799642e-51,5.96657761525925e-50
"RNF149",-0.0745601552866438,3.02452301250448e-51,1.94446494368957e-50
"CR1",-0.0758051325874358,6.46479168315203e-53,4.30144515485367e-52
"SELL",-0.0774895516679259,3.21208695286763e-55,2.21932240478815e-54
"PADI4",-0.0794551545323759,5.67767714448685e-58,4.13933353979818e-57
"ALOX5AP",-0.0813658452326409,1.02808390604778e-60,7.83959388427954e-60
"BASP1",-0.0852956329842225,1.46558923800509e-66,1.22904465373639e-65
"DMXL2",-0.0910484668025478,1.27806135201838e-75,1.1905279414341e-74
"SLC25A37",-0.0965610814704213,7.32176231987227e-85,7.6085215503777e-84
"MT-ND4L",-0.0967905291239499,2.93778607011159e-85,3.07257302389377e-84
"IVNS1ABP",-0.0984628861223144,3.53634100097524e-88,3.85425448490129e-87
"AQP9",-0.0987143453911458,1.27405853784331e-88,1.39328631317527e-87
"VCAN",-0.10055490336982,6.68386971190937e-92,7.59146886226338e-91
"STEAP4",-0.103656127356371,1.44178264897697e-97,1.73819383044263e-96
"HIF1A",-0.104334450967071,7.87471764640398e-99,9.67379924911183e-98
"CYP1B1",-0.105383090730339,8.46742519506565e-101,1.06236648668324e-99
"SLC11A1",-0.10941999948385,1.45386947071297e-108,1.95682972004069e-107
"MT-ND5",-0.112866017522131,1.98739346105829e-115,2.88483974593977e-114
"FOS",-0.113465788116516,1.20604992206728e-116,1.79493498746289e-115
"CSF3R",-0.116135507594943,3.84182343076854e-122,5.96449997381187e-121
"CXCL8",-0.120534935371715,1.74025101336593e-131,2.86676464644556e-130
"ACSL1",-0.122855400675502,1.47435307517077e-136,2.56584994856333e-135
"VNN2",-0.124907883617758,3.97658434384372e-141,7.13141469308704e-140
"SMCHD1",-0.126736075337026,2.91167425575629e-145,5.33999408831905e-144
"PLCG2",-0.127031439561847,6.1691510188905e-146,1.13786563237314e-144
"S100A8",-0.138704032404004,7.24479346294581e-174,1.66913853662317e-172
"SLC2A3",-0.140193968111381,1.29446181048557e-177,3.1038317633643e-176
"LRRK2",-0.14373458549725,1.09354293129346e-186,2.76546755359136e-185
"NCF1",-0.148359462386343,6.79720789359589e-199,1.86462389420084e-197
"RGS2",-0.155219494796701,9.61994429146338e-218,2.84381366862712e-216
"MT-ATP6",-0.159649984284147,2.16421796694898e-230,6.76867010532739e-229
"NAMPT",-0.17182154412099,4.55010847566759e-267,1.65491023997033e-265
"MT-ND4",-0.173077790024556,5.13284927930603e-271,1.87740487199024e-269
"MT-CYB",-0.177113723483371,6.62477796926544e-284,2.56819236964218e-282
"MALAT1",-0.179044058190221,3.50571372499096e-290,1.45487119587125e-288
"MT-CO3",-0.203984016307406,0,0
"MT-CO1",-0.207813573582822,0,0
"MT-ND1",-0.207949509212705,0,0
"MT-ND3",-0.235611892449946,0,0
"MT-ND2",-0.243004264332231,0,0
"MT-CO2",-0.266223515669534,0,0
