type,pVal
Final_Chronicity_none,9.999000099990002e-05
Final_Chronicity_PT,9.999000099990002e-05
injured_pt_prop_none,9.999000099990002e-05
injured_pt_prop_chronicity,0.00019998000199980003
