"","final_annotation","total","passing","percent"
"1","LOH0. TAL",40237,572,1.42157715535452
"2","LOH1. DTL/ATL",30904,22503,72.8158167227543
"3","LOH2. C-TAL",22285,370,1.6603096253085
"4","LOH3. Low Quality",8765,41,0.467769537934969
"5","LOH4. Macula Densa",6252,4278,68.426103646833
