type,pVal
Final_Chronicity_none,9.999000099990002e-05
Final_Chronicity_PT,0.0024997500249975004
injured_pt_prop_none,9.999000099990002e-05
injured_pt_prop_chronicity,9.999000099990002e-05
