type,pVal
Final_Chronicity_none,0.00029997000299970003
Final_Chronicity_PT,0.019998000199980003
injured_pt_prop_none,0.000999900009999
injured_pt_prop_chronicity,0.031796820317968204
