"gene","cor","pval","FDR"
"MALAT1",0.310433097644849,5.59638499647361e-130,2.01727164930359e-128
"RNF213",0.242710843586413,1.18488762874001e-78,3.31768536047204e-77
"SYNE2",0.220404915378474,7.61017770152445e-65,1.79439979488577e-63
"NKTR",0.218260603479524,1.35417164507268e-63,3.16916587981188e-62
"DDX17",0.215763849432954,3.720721513267e-62,8.64309827081874e-61
"MACF1",0.211415872609554,1.08009765620442e-59,2.3853424294768e-58
"PTPRC",0.211254712022508,1.32954231618226e-59,2.91569559688641e-58
"ARAP2",0.208120228171115,7.31077609901724e-58,1.53869757359182e-56
"FLNA",0.200368200919093,1.11487072558179e-53,2.15816950334846e-52
"MT-CO1",0.196585254374628,1.06325384323783e-51,2.00865304361075e-50
"AC004687.1",0.194923294074711,7.64655502777331e-51,1.42735693851768e-49
"PCSK7",0.193620631974756,3.54499876671451e-50,6.53948007789219e-49
"SYNE1",0.18959683877493,3.777252730771e-48,6.65475537286396e-47
"IKZF3",0.189348749991559,5.01996330099696e-48,8.69757177454501e-47
"XIST",0.183822701886659,2.55617363809418e-45,4.19694268537349e-44
"AKNA",0.181657003240082,2.78774477022184e-44,4.48326543559779e-43
"OGT",0.181574821660618,3.05051202831777e-44,4.88081924530843e-43
"MT-ND5",0.181481632062046,3.37839018005662e-44,5.3779855861206e-43
"MT-CO2",0.178636707952806,7.42456770872851e-43,1.14696770121047e-41
"MT-ND3",0.177658256717974,2.12342653862743e-42,3.23255612870661e-41
"MIAT",0.17548698654325,2.13953176534173e-41,3.17989176119037e-40
"PARP14",0.175352078889975,2.46732850538044e-41,3.64978405324202e-40
"NEAT1",0.173465303587522,1.78981405140417e-40,2.56294834027556e-39
"OGA",0.173094800824695,2.63420217775647e-40,3.73794480970329e-39
"ITGAL",0.170399888086323,4.26712300299159e-39,5.89502102968354e-38
"MT-ATP6",0.1696219069398,9.45352928841408e-39,1.29459684927802e-37
"MT-ND4",0.166803801092266,1.63345636320716e-37,2.17055896399053e-36
"ATP2A3",0.16537962606153,6.76489588023465e-37,8.9137451598386e-36
"LYST",0.162533398791519,1.11456671398343e-35,1.41509360933281e-34
"RESF1",0.162056147989071,1.77414694763432e-35,2.21662343736303e-34
"MT-CYB",0.16009303001267,1.18281794521336e-34,1.44895198288637e-33
"RBL2",0.155028682215104,1.41353101517591e-32,1.63573183158364e-31
"ATRX",0.154828502503578,1.70214611860791e-32,1.9552857977855e-31
"RBM5",0.154073148538515,3.42377034308678e-32,3.91859262624823e-31
"KMT2A",0.154009861954253,3.62964366259445e-32,4.13911364578044e-31
"UTRN",0.153077215733183,8.55720997582894e-32,9.65302535402861e-31
"ANKRD36C",0.152962350471886,9.50700662059672e-32,1.06860117427209e-30
"SMCHD1",0.152582661141487,1.3455257535787e-31,1.48576364902212e-30
"MT-CO3",0.151805325942391,2.73221058102745e-31,3.0063903095095e-30
"ZEB2",0.15171872851879,2.95585898988511e-31,3.24110971758032e-30
"NLRC5",0.151276082685607,4.41599016295268e-31,4.80852262188181e-30
"SLFN5",0.14980340561278,1.66450848571677e-30,1.73418558511886e-29
"GPRIN3",0.149688686220584,1.8447246543472e-30,1.91558162782544e-29
"CCR5",0.148561495170888,5.04344819336791e-30,5.15187411544031e-29
"AHNAK",0.148230741193599,6.76475417627226e-30,6.86545925462454e-29
"ASH1L",0.146550618080314,2.97520731615314e-29,2.9619841725258e-28
"BTN3A1",0.146485179585767,3.15078590448156e-29,3.12685588495385e-28
"LENG8",0.146061094853549,4.56584238660597e-29,4.47452553887385e-28
"XAF1",0.145832628383787,5.57329603158631e-29,5.42790570032754e-28
"NBEAL2",0.14419317922132,2.30884833703258e-28,2.20077458508638e-27
"MT-ND2",0.142578586033013,9.21126177663648e-28,8.70590429141253e-27
"LINC00861",0.142577892058246,9.21670990034745e-28,8.70590429141253e-27
"LUC7L3",0.140885324661746,3.86429616700728e-27,3.54340139758328e-26
"MLLT6",0.140274411647151,6.45480302768236e-27,5.88437857407322e-26
"ANKRD36",0.140064894495565,7.69254453033152e-27,6.99241149191874e-26
"TTC14",0.139865002213167,9.09177180336917e-27,8.24040357669529e-26
"WIPF1",0.138778036762985,2.24624556787714e-26,2.01263602881792e-25
"SLFN12L",0.138590917691207,2.62278333528614e-26,2.34331867221007e-25
"ERAP2",0.136720661427123,1.22006056554538e-25,1.04538522774599e-24
"ATM",0.136636319696737,1.30698425315965e-25,1.11681270242743e-24
"TMC8",0.13633021289085,1.67722058887854e-25,1.42155777479002e-24
"SMG1",0.135119899920481,4.47145182706672e-25,3.65168565877115e-24
"CCDC88B",0.134994707277103,4.94626827624058e-25,4.02896034137414e-24
"WNK1",0.134809125687862,5.74344379159249e-25,4.66617609596737e-24
"SAMD9L",0.13445239894909,7.64994232229312e-25,6.18304616564722e-24
"MDM4",0.132711923441502,3.06344346762702e-24,2.44451875686472e-23
"C6orf62",0.132326300438836,4.15557712467994e-24,3.29921262354336e-23
"MBNL1",0.131550092555942,7.65579346444307e-24,6.06276977386198e-23
"ATF7IP",0.131504327755202,7.93571549868668e-24,6.26861556772832e-23
"HNRNPU",0.131382780885678,8.72932101691735e-24,6.8437876772632e-23
"MT-ND1",0.131241010842345,9.7546786690505e-24,7.62859658507291e-23
"TRIM56",0.130610240500281,1.59650458985086e-23,1.24234203319412e-22
"ITGA4",0.130132772848172,2.31436081695985e-23,1.78325197100395e-22
"MYO1F",0.129752002519939,3.10887699377167e-23,2.36636850788057e-22
"ARHGEF1",0.129499445710158,3.77926512750592e-23,2.85584950358038e-22
"TUG1",0.129278398755895,4.48222032883876e-23,3.37080166696364e-22
"ATR",0.128058596778866,1.14291082405233e-22,8.45322722695312e-22
"ADAR",0.126216781437024,4.61773811486237e-22,3.29868490391991e-21
"TUT7",0.125182862682768,1.00219101838634e-21,7.06263153631365e-21
"MYH9",0.124147807379341,2.16291173691223e-21,1.5039670081944e-20
"ZFC3H1",0.123776773441511,2.84522331166543e-21,1.96533486902704e-20
"VPS13C",0.123155313106566,4.49529490976782e-21,3.0915010607526e-20
"DDX60L",0.123088002416,4.7229419812817e-21,3.2409509963456e-20
"DIP2A",0.122588935537529,6.80635502289236e-21,4.63009313487862e-20
"KIAA1109",0.122146102824004,9.40133716362246e-21,6.34034265486452e-20
"MYO1G",0.121637275164641,1.36062266754837e-20,9.13685799878303e-20
"ANKRD44",0.120798473415683,2.494172092961e-20,1.66066320244707e-19
"APOL6",0.119680099610212,5.558819100446e-20,3.62421137193319e-19
"USP34",0.119146838248507,8.1244680457611e-20,5.26411813874108e-19
"GOLGA8B",0.118951460711496,9.33241312676779e-20,6.00953748779133e-19
"LNPEP",0.118588131990864,1.20691674629004e-19,7.70853547121294e-19
"SETD2",0.11815293562491,1.64058937568179e-19,1.03937137012891e-18
"CELF2",0.117846514185666,2.03505744222641e-19,1.27894591960361e-18
"SLAMF7",0.117841946002196,2.04159636452194e-19,1.28048923982816e-18
"NFATC2",0.117824038271943,2.06743034636139e-19,1.29410410502781e-18
"HELZ",0.117403125436345,2.77682874732501e-19,1.73123955300422e-18
"FYB1",0.117345954700273,2.89011618594094e-19,1.79829451569658e-18
"ZAP70",0.117016601800713,3.63742663039364e-19,2.2588059233494e-18
"NIN",0.116990562996099,3.70406583378404e-19,2.29564238236102e-18
"MT-ND6",0.11694270385111,3.82970812772503e-19,2.36882932712933e-18
"PRPF4B",0.116714695955237,4.48850831788316e-19,2.76541494791387e-18
"CEP350",0.116313181633321,5.93155256535083e-19,3.63307594627738e-18
"HNRNPH1",0.116150733416095,6.63791242329513e-19,4.05779597650166e-18
"SETX",0.116059874717264,7.06856433464166e-19,4.31264936837281e-18
"N4BP2L2",0.115479817526901,1.05465874512942e-18,6.34819544093256e-18
"TMEM259",0.114829771889077,1.64749187943523e-18,9.82230899982675e-18
"IKZF1",0.114491978153565,2.07516155190425e-18,1.23252019446434e-17
"SRSF11",0.114170518050761,2.58320805580347e-18,1.52847933264145e-17
"ITSN2",0.114119262798667,2.67484765911154e-18,1.57972170602143e-17
"SAMD9",0.114107475246179,2.69637239087363e-18,1.58944056725182e-17
"NCKAP1L",0.113702757085256,3.54873180556124e-18,2.07627293698509e-17
"POGZ",0.113349820341082,4.50564721951135e-18,2.62146747317024e-17
"CFLAR",0.113015126340382,5.64655932908362e-18,3.26708672620041e-17
"SPG11",0.112898587385189,6.10728626554615e-18,3.52067090602072e-17
"CCDC88C",0.112379091916279,8.65504534229254e-18,4.97110296582956e-17
"PSMA3-AS1",0.112041072524296,1.084973758251e-17,6.20890092312983e-17
"ANKHD1",0.111898578170312,1.19318122806735e-17,6.81569459238473e-17
"SYTL2",0.111535609593221,1.51928016054675e-17,8.64693753806642e-17
"FAM214A",0.11116900863238,1.9376423693854e-17,1.09288605582601e-16
"TAPBP",0.111038885119338,2.11195693325879e-17,1.18906587840208e-16
"BCLAF1",0.110851531726413,2.3904167612888e-17,1.33863338632173e-16
"CD74",0.110157207737343,3.77590439859228e-17,2.09209120035078e-16
"ADCY7",0.110054542852364,4.03899336197134e-17,2.23391237797921e-16
"TTC39B",0.109816249416345,4.72133508026332e-17,2.60670894572285e-16
"TNRC6B",0.109784206193946,4.82136001153211e-17,2.657255711101e-16
"GBP5",0.10907188218568,7.67157362483737e-17,4.17674564018924e-16
"ARGLU1",0.108957259340195,8.26458193008921e-17,4.49180744068627e-16
"IQGAP1",0.108841996747723,8.90642924523236e-17,4.83227718218835e-16
"DGKZ",0.108733939584877,9.55266685192477e-17,5.17394874743283e-16
"ARHGAP45",0.108602476280595,1.04014645695602e-16,5.6142844905578e-16
"SUGP2",0.108579223973374,1.05591467282041e-16,5.68960208585016e-16
"PARP9",0.108301138332461,1.26376991688841e-16,6.74010622340488e-16
"BIRC6",0.10821661628579,1.33459018432144e-16,7.10572974198986e-16
"MT-ATP8",0.108109696494201,1.42980385444773e-16,7.58691182326241e-16
"MT-ND4L",0.107833586897922,1.70776294868181e-16,9.04652805247662e-16
"FNBP4",0.10741469388044,2.23408867385847e-16,1.17355143739031e-15
"BCL11B",0.106609413523222,3.73355564435532e-16,1.94169660044748e-15
"TRIM22",0.10647521073578,4.06562887934207e-16,2.10740696952343e-15
"MED15",0.106236785815838,4.72886290228491e-16,2.43509262094671e-15
"GARS-DT",0.106085481491423,5.20390024204264e-16,2.67531658345012e-15
"IFI44L",0.105631288159981,6.93056913999494e-16,3.53738173137693e-15
"SLC20A1",0.105630947720473,6.93205460475381e-16,3.53738173137693e-15
"NUP210",0.105629780848173,6.93714848468372e-16,3.53738173137693e-15
"GAK",0.105297784355473,8.54681753446183e-16,4.33702585567513e-15
"PRRC2B",0.105245549213603,8.83155124750079e-16,4.47427216674677e-15
"RNF19A",0.105128712782948,9.50268066903e-16,4.79877722674365e-15
"INPP4A",0.105051121415011,9.97588129487926e-16,5.029640472788e-15
"SECISBP2",0.104934049738796,1.07341066130179e-15,5.39457665679872e-15
"EPB41",0.10485806136407,1.12563386617519e-15,5.64798048692063e-15
"CDK13",0.104825927050776,1.14846382944088e-15,5.75332678774216e-15
"DTHD1",0.104701500360201,1.24124496878361e-15,6.19831882500861e-15
"SF3B1",0.104655310351329,1.27753407672879e-15,6.35928073749444e-15
"KDM5A",0.104649234066551,1.28238499989182e-15,6.3733111880519e-15
"CYLD",0.104438020532245,1.46275875856088e-15,7.23534931679326e-15
"PHC3",0.104351883572497,1.54329311333898e-15,7.62168063532448e-15
"ATP2B4",0.104124068409096,1.77793621115986e-15,8.75291673186393e-15
"PATL2",0.104081906674102,1.82506101238682e-15,8.97083281323679e-15
"GOLGB1",0.104056119855094,1.85448721592001e-15,9.101207995501e-15
"CHD3",0.10375005519777,2.24151236939117e-15,1.09321660815097e-14
"PCM1",0.103628157766448,2.41690148704216e-15,1.17510125013399e-14
"MYCBP2",0.103618067951168,2.43201018922131e-15,1.18061671105232e-14
"SETD5",0.103571722352322,2.5026121127769e-15,1.21114067680067e-14
"CBLB",0.103548774508983,2.53831345647251e-15,1.22652557773463e-14
"NLRC3",0.103504112845845,2.6092397524027e-15,1.25692409578109e-14
"EP300",0.10328708485391,2.98264600461933e-15,1.42802715579942e-14
"LPIN1",0.103220265222977,3.10786180566089e-15,1.48570954612082e-14
"ZNF207",0.103126321565491,3.29270020589714e-15,1.56928690664034e-14
"PUM2",0.102896871662919,3.79086658987004e-15,1.79851098726663e-14
"GLG1",0.102856699881509,3.88541149486677e-15,1.84058163865592e-14
"STAT1",0.102787728127849,4.0531798102952e-15,1.91716016366301e-14
"DYRK1A",0.102374460422036,5.21847390974682e-15,2.45354335546717e-14
"CHD4",0.102138892808124,6.02427777554252e-15,2.82816393773972e-14
"EOMES",0.102119779069542,6.0947893387537e-15,2.85272527855696e-14
"GOLGA8A",0.10205598862878,6.33604478386411e-15,2.95682089913658e-14
"GOLGA4",0.101676614170465,7.97755397298966e-15,3.6953632583893e-14
"BRWD1",0.101591780373034,8.39831750346434e-15,3.87881055830105e-14
"KAT6A",0.101183415742541,1.07494999108673e-14,4.94287855139001e-14
"SRRM2",0.101140469519059,1.1031557648545e-14,5.06514857772141e-14
"SOS1",0.100800139916606,1.35397208328932e-14,6.18057707888692e-14
"TMEM161B-AS1",0.100796096933275,1.35726574979831e-14,6.18660667349927e-14
"PHIP",0.100531829910822,1.59054242568659e-14,7.22890006804802e-14
"NIPBL",0.100220860444214,1.91588506407632e-14,8.64491447617747e-14
"TIA1",0.100156349056392,1.99115755142827e-14,8.97165241563083e-14
"BPTF",0.0998967000862117,2.32465535550033e-14,1.04293550713148e-13
"SUN2",0.0998872547420414,2.33777014147801e-14,1.04732102338215e-13
"PRPF38B",0.0998412673818177,2.40266997263832e-14,1.07486063255261e-13
"DYNC1H1",0.0992972970733919,3.31859358425479e-14,1.47409482722706e-13
"CELF1",0.0992824649369034,3.34786438997605e-14,1.48499331357353e-13
"CCNL2",0.0988999333360451,4.19695074749932e-14,1.8511445209786e-13
"TACC1",0.0988648765036614,4.2846120884186e-14,1.88715498725853e-13
"SLC38A1",0.0982694041915254,6.08029912161254e-14,2.66310307896326e-13
"TAP2",0.098036465289441,6.96856724929274e-14,3.04365277072173e-13
"KMT2C",0.0977554825533274,8.21091306243427e-14,3.56640212794929e-13
"INPP5D",0.0977166663577301,8.39881676904188e-14,3.64297225279603e-13
"EML4",0.097655838325859,8.70180814989917e-14,3.76918098868561e-13
"SPATA13",0.0973850117250345,1.01864397774694e-13,4.39377775811016e-13
"VPS13A",0.0971676465369986,1.15556688522889e-13,4.97099828817254e-13
"DMTF1",0.0971629414604729,1.15872228779159e-13,4.97774396508827e-13
"TUT4",0.0970932621819633,1.20645490297685e-13,5.17570803794171e-13
"SFT2D2",0.0965024970695104,1.69688840924923e-13,7.24005721279671e-13
"HECTD1",0.096431749507574,1.76739841355958e-13,7.52043612608255e-13
"ARHGAP30",0.0963524334832393,1.8498728537621e-13,7.8607063270975e-13
"MMP25-AS1",0.0958486539996747,2.46930648813285e-13,1.03942887876304e-12
"ZNF276",0.0958082191704653,2.5270542819389e-13,1.06168996162148e-12
"NFAT5",0.0958068991090877,2.52896173893891e-13,1.06168996162148e-12
"SEMA4D",0.095511494113628,2.99337391514427e-13,1.24664284168558e-12
"EHBP1L1",0.0951262582824731,3.72658345153804e-13,1.5417632854912e-12
"DICER1",0.0944084937149193,5.5922144704353e-13,2.29544300775983e-12
"TRIM33",0.0942022147657097,6.28058812655525e-13,2.56791712710264e-12
"CLSTN1",0.0938436580265355,7.68028093178304e-13,3.13203654123168e-12
"TRIP12",0.0937678283403704,8.01335052665407e-13,3.25938615455086e-12
"SMARCA2",0.0936676871095019,8.47500175113187e-13,3.44269501185875e-12
"PSD4",0.093581749068687,8.89190795676049e-13,3.60737688905574e-12
"STK10",0.0934954062091632,9.33102674887257e-13,3.77575482380185e-12
"PRRC2C",0.0934215439508685,9.72350496306036e-13,3.92949891290687e-12
"JAK3",0.093299067629225,1.04102843609464e-12,4.20162828261619e-12
"CHD2",0.0932929060638704,1.04460646048814e-12,4.21065020577226e-12
"PNISR",0.0932503631728877,1.06964251807197e-12,4.3060320111344e-12
"UHRF2",0.0930716095447726,1.18142757541192e-12,4.74386283801764e-12
"SNRNP70",0.0930504770976282,1.19537770503765e-12,4.79373974807936e-12
"ITPR2",0.0929992818103611,1.22984656056519e-12,4.91938624226077e-12
"EPS15",0.0929719085186369,1.24867461970771e-12,4.98833580560939e-12
"PRF1",0.0929172970549971,1.28708647709874e-12,5.13524579157972e-12
"XRN1",0.0928707762452989,1.32072005595856e-12,5.25606357295183e-12
"PARP15",0.0926448721931559,1.4966983338261e-12,5.93381286331057e-12
"SPG7",0.0925308929656688,1.59402008808345e-12,6.28785785689269e-12
"CEP85L",0.0922706583169526,1.84007956369356e-12,7.2311898643396e-12
"TRIM14",0.0922385511874135,1.87290772242708e-12,7.34179827191415e-12
"ARHGAP4",0.0917582162981135,2.43834998953905e-12,9.48717812307005e-12
"CD6",0.0913057506515801,3.12242225986597e-12,1.20293810896065e-11
"PLEC",0.0912721956932091,3.18006068432097e-12,1.22364052834731e-11
"F2R",0.0911789647654486,3.34573710932949e-12,1.28266889668182e-11
"PGGHG",0.0910332599731232,3.62174771820146e-12,1.38678886987543e-11
"TM9SF3",0.0909905772308013,3.70674617212899e-12,1.41760438973128e-11
"BDP1",0.0909350698243096,3.82021373179195e-12,1.45921927684526e-11
"DDX5",0.09080403351435,4.10175349943676e-12,1.56295248775622e-11
"MYO9B",0.0907578952552726,4.20564670099825e-12,1.59478936569897e-11
"RAPGEF1",0.0906196980372331,4.53251158686093e-12,1.7145906316521e-11
"RORA",0.0905644100717012,4.67014041943303e-12,1.76240196815186e-11
"MCL1",0.0905288292583892,4.76086933329763e-12,1.79448151793526e-11
"TTC17",0.0904864777699756,4.87111656955386e-12,1.83383212030263e-11
"DIAPH1",0.0903962859683961,5.11430249370848e-12,1.92307585374937e-11
"RBM6",0.0902855643364042,5.42915356120981e-12,2.03647674684804e-11
"SNHG14",0.0902834432615955,5.43536682752491e-12,2.03647674684804e-11
"FTX",0.0901781413204064,5.75274522257322e-12,2.15025137282356e-11
"EWSR1",0.0901564960385697,5.82019864743779e-12,2.1702904825642e-11
"PRKCB",0.0900448608603568,6.18058464260402e-12,2.29648263497704e-11
"DOCK11",0.0898517167802415,6.85641651857743e-12,2.53991799678499e-11
"LRBA",0.0898413421230432,6.89469890621251e-12,2.54973770871255e-11
"USP28",0.0896783478884303,7.5243671077556e-12,2.77931863956673e-11
"KDM2A",0.0890738892834344,1.03904788028524e-11,3.80216353859337e-11
"HERC1",0.0890625583815006,1.04533188504852e-11,3.81625237661485e-11
"LCP2",0.0890378253577799,1.05917814759968e-11,3.86230543124722e-11
"PDE7A",0.0890134254491583,1.07301387541543e-11,3.90821313972451e-11
"UBE3A",0.0887209012407556,1.25331531085358e-11,4.54281459130314e-11
"GLS",0.0886186861032969,1.32306039805848e-11,4.78560254707196e-11
"RB1CC1",0.0884654673559578,1.43477952399557e-11,5.17775441570784e-11
"BAZ2B",0.0883172390105545,1.5516273549425e-11,5.56825346495367e-11
"FYN",0.0883169469241969,1.5518665587913e-11,5.56825346495367e-11
"NSD1",0.0881395055666813,1.70405864622089e-11,6.10734618805567e-11
"ANKRD11",0.0880886964441588,1.75026587358627e-11,6.25864741113632e-11
"MBD5",0.0877452258259193,2.09643095906882e-11,7.45397674335581e-11
"CLEC2D",0.0876548104899428,2.19817763937959e-11,7.80689136703782e-11
"SAMD3",0.0868308814071423,3.37807758524604e-11,1.18639982275481e-10
"GTF2I",0.0868307179144164,3.37836429119914e-11,1.18639982275481e-10
"FMNL1",0.0867846383081897,3.46012712803711e-11,1.21375376661347e-10
"SUZ12",0.0867701844132435,3.48617044653098e-11,1.22015965628584e-10
"ZNF451",0.0867561016610387,3.51172944663093e-11,1.22773506629148e-10
"ACTR2",0.0864690209005848,4.07457814832744e-11,1.41661608349832e-10
"PYHIN1",0.086380484075361,4.26532044742801e-11,1.48128958174244e-10
"HELB",0.0863650653275303,4.29941968756787e-11,1.49148010400585e-10
"PBRM1",0.0863409160793012,4.3533633788986e-11,1.50852459184818e-10
"SAMHD1",0.0862984435893765,4.44984735324112e-11,1.540256214102e-10
"KIAA2026",0.0861903476032103,4.70494143919756e-11,1.62496655873607e-10
"MSL1",0.0861310740418169,4.85083559422919e-11,1.67351159774508e-10
"SLC16A7",0.0860905921717002,4.95300977879623e-11,1.70500973285455e-10
"MARK3",0.0859756736025375,5.25466364996979e-11,1.80686679893698e-10
"HECA",0.085954021161619,5.31347807861258e-11,1.8250895130919e-10
"PPP6R2",0.0858138308270786,5.71015812080996e-11,1.95278689933043e-10
"DGKA",0.085740561261905,5.92885792322998e-11,2.02537020122541e-10
"ELK4",0.0857182418819232,5.9970909319854e-11,2.04645018092559e-10
"AC245297.3",0.0856423398179337,6.23492777659943e-11,2.12529712037128e-10
"RBM26",0.0854284935727876,6.95570643732897e-11,2.36072460903286e-10
"RBM25",0.0853517597285142,7.23370680093773e-11,2.4524221111071e-10
"HUWE1",0.0850784886451852,8.31480356962671e-11,2.80378752627412e-10
"MBTPS1",0.0850550861566417,8.41440840647532e-11,2.83432704218116e-10
"ETS1",0.0850365639697648,8.49406790027280e-11,2.85808979992012e-10
"HCG18",0.0848771041016474,9.21106124438341e-11,3.09270750132617e-10
"HERC4",0.0846951370213957,1.01016590705756e-10,3.38087543706778e-10
"CDK6",0.0846287073948632,1.04473166517302e-10,3.49283422386205e-10
"USP15",0.0844928182966165,1.11907868900996e-10,3.72946946730631e-10
"PREX1",0.0844482043096004,1.14459672136464e-10,3.8104621212309e-10
"OFD1",0.0842572641619175,1.26038515724275e-10,4.17819011957003e-10
"LBR",0.0841986613478155,1.29816399298649e-10,4.29888308553922e-10
"PAG1",0.0840919419093019,1.36982401005471e-10,4.53140094465355e-10
"PNN",0.0839655724488487,1.4596862162509e-10,4.82357847646241e-10
"ZNF644",0.0838018224707364,1.58473610767013e-10,5.22030717820749e-10
"FAM111A",0.0836671758122929,1.69534945121011e-10,5.57297261949151e-10
"RABGAP1L",0.0836597586713144,1.70165708329917e-10,5.58784985678135e-10
"ZMYM2",0.083556806196734,1.79161282507671e-10,5.87708976928929e-10
"ADGRE5",0.0834384050580839,1.90081706234143e-10,6.2288007392923e-10
"POLR2J3",0.0834362649554835,1.90284956397408e-10,6.22895222611974e-10
"KTN1",0.083378074683454,1.95893492306936e-10,6.39918741535992e-10
"STX16",0.0829070601008814,2.47640172565641e-10,8.0643777898842e-10
"SNRNP200",0.0828732645613499,2.51827924252445e-10,8.19224450680153e-10
"RBM39",0.0828086227387221,2.6003146014555e-10,8.45034879809789e-10
"PPP4R3A",0.0827727007202814,2.64702428125149e-10,8.59323824638165e-10
"SPN",0.0827474616710975,2.6803317877654e-10,8.69236865194653e-10
"PHF20L1",0.082707432549249,2.73399833939799e-10,8.84811020882571e-10
"ZBTB38",0.0826771757869465,2.77525800107376e-10,8.97238050656425e-10
"DDX60",0.0826281989961771,2.84333705978975e-10,9.18301237847647e-10
"HP1BP3",0.0825593950306548,2.94173759003355e-10,9.49103815056093e-10
"ADD1",0.0825508532191307,2.95418333409972e-10,9.52139664515594e-10
"PIK3CD",0.0824099036011129,3.16713063582434e-10,1.01867914604565e-09
"PARP10",0.0823844511198175,3.20714998207896e-10,1.03049409260242e-09
"AKAP9",0.0821398055359427,3.61786493469952e-10,1.15653663967561e-09
"ATXN1",0.0821000168206291,3.68934662800045e-10,1.17818645879933e-09
"PCF11",0.08189933486818,4.07141639479661e-10,1.29623977807941e-09
"ZNF638",0.0818181635773572,4.23669074489432e-10,1.34749109289945e-09
"ANKZF1",0.081712734452861,4.46115905939567e-10,1.41457985948077e-09
"TRPM7",0.0816967208074492,4.49625342448042e-10,1.42426775143137e-09
"BTN3A2",0.0816923806972787,4.50581120847043e-10,1.42585509079347e-09
"SFI1",0.0814913491214333,4.97092598023005e-10,1.56671596723632e-09
"TASOR",0.0813515678411113,5.32160598297643e-10,1.67052616242383e-09
"ANKRD12",0.0811742720939334,5.80126797633611e-10,1.81383612899203e-09
"RNF149",0.0810336426362255,6.21148848714673e-10,1.93054785883966e-09
"SEL1L3",0.0808319327750673,6.8496686227517e-10,2.12468455004445e-09
"CAND1",0.0807998364072831,6.95694600655831e-10,2.155828327724e-09
"PKN2",0.0805055383608263,8.02013147256138e-10,2.4633822035213e-09
"PILRB",0.0804206084879627,8.35535327145608e-10,2.55882693938342e-09
"SON",0.0803411921820847,8.68115017324493e-10,2.65600848227279e-09
"S100PBP",0.0802813596941781,8.93475550861568e-10,2.72827587877495e-09
"ZNF292",0.0802526438713486,9.05902136435698e-10,2.76353025278438e-09
"CNTRL",0.080202527015964,9.27994739149525e-10,2.82542864269215e-09
"MSI2",0.0798020983225081,1.12441609453255e-09,3.40692644681555e-09
"TOP2B",0.079689860469126,1.18638638133047e-09,3.58085437136898e-09
"KPNB1",0.0796625318976448,1.2019721767676e-09,3.62092674960922e-09
"TC2N",0.0796568465092773,1.20523960489869e-09,3.62728541359146e-09
"UBR5",0.0796446523438138,1.21227689020185e-09,3.64496675711698e-09
"GPATCH2L",0.0795756579169597,1.25285447024715e-09,3.75616789550196e-09
"AC092683.1",0.0794866952342809,1.30713402935981e-09,3.9151598052267e-09
"ITK",0.0794785291364022,1.31222979603932e-09,3.92667236677414e-09
"SENP6",0.0793898300946366,1.36884161963969e-09,4.09217094298387e-09
"DOCK10",0.079138821972171,1.54225301568311e-09,4.58871485501162e-09
"LINC00342",0.0791161295707719,1.55894586385286e-09,4.63398505122517e-09
"TRIM38",0.0788363217674859,1.77981451028699e-09,5.27053664236072e-09
"FUS",0.0787480005893354,1.85565651359159e-09,5.47960341489947e-09
"PABPN1",0.0787272527661194,1.87392433152508e-09,5.5283412075848e-09
"CCSER2",0.0784780306639809,2.10752179497068e-09,6.18837860395884e-09
"ADD3",0.0784197552385015,2.16610535514726e-09,6.34851064835682e-09
"DDX6",0.0783551928258197,2.23286137616861e-09,6.53805161126494e-09
"RPN1",0.0783107858079011,2.2799357204394e-09,6.669662704569e-09
"SLAMF6",0.0782042640946546,2.39682990784513e-09,6.99205450325798e-09
"HNRNPUL2",0.0781789079569449,2.42550352270925e-09,7.06256178943009e-09
"SFPQ",0.0778176557047491,2.87216191518554e-09,8.32449146582427e-09
"SUPT5H",0.0777965166845745,2.90064291932043e-09,8.39927626499433e-09
"CAPN2",0.0777524490868814,2.9609027939508e-09,8.56585900537797e-09
"FAM120A",0.0775415709404489,3.26654946151213e-09,9.39807257917618e-09
"RBM33",0.0773891325105689,3.50639914419412e-09,1.0042070973692e-08
"ARID1B",0.0772620322852284,3.7194098657445e-09,1.06423990319113e-08
"BAZ1B",0.0771347669444275,3.94529473012381e-09,1.12784359832892e-08
"ILF3",0.076867688600829,4.46357605660082e-09,1.2679143581069e-08
"ITGB2",0.0768594337062564,4.48060725151226e-09,1.27160039282737e-08
"TAOK1",0.0768165059718092,4.5701984873329e-09,1.29585374830705e-08
"OIP5-AS1",0.0766298743478978,4.98038248088285e-09,1.40580373177755e-08
"AKAP13",0.0763196850633991,5.74261684298445e-09,1.61659303587067e-08
"AGO3",0.0762005961926931,6.06443606443726e-09,1.70260264083037e-08
"PLEK",0.0761188884980697,6.29531266081251e-09,1.7626875450275e-08
"HIPK1",0.0760580028767106,6.4728885540863e-09,1.81079201655795e-08
"SLC4A7",0.076028779537458,6.55984054229067e-09,1.83348127813044e-08
"ROCK1",0.0757603904261409,7.41338314911673e-09,2.06652173827823e-08
"CDK12",0.0754635382523092,8.48327541280786e-09,2.35429661013853e-08
"GNPTAB",0.0753644691568601,8.87265469016483e-09,2.45800751840609e-08
"THOC2",0.0753280850734855,9.01997460433421e-09,2.49661433002578e-08
"CTNNB1",0.0752668013286397,9.27350477694459e-09,2.5622652846254e-08
"DENND1C",0.0752396480533448,9.38803912198929e-09,2.59029608409723e-08
"PRRC2A",0.0752388384083783,9.3914752793959e-09,2.59029608409723e-08
"LASP1",0.0751977046989145,9.56766562383594e-09,2.63194731546925e-08
"TAP1",0.0750916871791136,1.00367152220868e-08,2.75614176326306e-08
"FNBP1",0.0750808248112876,1.00860164551573e-08,2.76541190959401e-08
"ARHGAP25",0.0749823412818409,1.05438772648471e-08,2.88782524913191e-08
"CREBZF",0.0749514836342066,1.06914480091759e-08,2.92059067567731e-08
"RNF44",0.074940715302309,1.07434162907668e-08,2.93223267953391e-08
"CD84",0.0748843497522049,1.10194681198903e-08,3.00235030616646e-08
"SCAF11",0.0747730262882325,1.15850684663348e-08,3.14824737525356e-08
"ZBTB1",0.074704080029878,1.19494004059815e-08,3.24444326174528e-08
"NABP1",0.0746613875261505,1.21805542139154e-08,3.30434411893067e-08
"IGHG3",0.0746254951178355,1.23782456168581e-08,3.35507158638437e-08
"RSRP1",0.0745657301672474,1.27143601796461e-08,3.43726151063535e-08
"DDHD1",0.074446617360449,1.34108876811116e-08,3.6193239043e-08
"TMC6",0.0744442170076516,1.34252981829612e-08,3.62009760118369e-08
"PHF3",0.0744250186594742,1.35410977913536e-08,3.64818579670833e-08
"KLC1",0.0741235149088511,1.54921084175349e-08,4.15596680901535e-08
"PTK2B",0.0739186622527586,1.69706553960172e-08,4.53708229513298e-08
"KAT6B",0.0738163552138929,1.77594856235095e-08,4.74393074236165e-08
"ATP2B1",0.0737473383059144,1.83116209151672e-08,4.88725473957144e-08
"GPBP1",0.0734333473053674,2.10411008211219e-08,5.55896311499902e-08
"ARHGAP26",0.0732143579078177,2.31743442314015e-08,6.10712130333403e-08
"PRPF8",0.0731121309885472,2.42406429037055e-08,6.38275870243664e-08
"IGF2R",0.0730654553463142,2.47431900882836e-08,6.49871391263462e-08
"CTBP1",0.0730103437684875,2.53495869531025e-08,6.65241043388532e-08
"ST6GAL1",0.0729021619985272,2.65821289137499e-08,6.95839367892486e-08
"NSD3",0.0725507319831653,3.10005290505225e-08,8.06116576305462e-08
"CYTH1",0.072354626831893,3.37675480892866e-08,8.75889419421031e-08
"TGOLN2",0.0723497403169749,3.38394669099359e-08,8.77029489500487e-08
"PIK3CG",0.0722455292174184,3.54090691505473e-08,9.1695161730897e-08
"GON4L",0.0720772964637979,3.80930274489661e-08,9.81591898767114e-08
"MED13",0.071874116551243,4.15981467220502e-08,1.07011686296764e-07
"BCL9L",0.0718723017033584,4.16308218373889e-08,1.07011686296764e-07
"SEPTIN2",0.0718206729478885,4.25708544176651e-08,1.09338410691071e-07
"GLCCI1",0.0717462703408735,4.3961820079763e-08,1.12634205694556e-07
"PBXIP1",0.071654066272062,4.57467950763377e-08,1.17016271908153e-07
"DIDO1",0.0715948472958124,4.69300457794778e-08,1.19945088479578e-07
"MSN",0.0715826175071194,4.71780773661093e-08,1.20480822980553e-07
"ADAM10",0.0715233300701168,4.83986013691169e-08,1.23396759263049e-07
"AAK1",0.0714821403687084,4.92645113033989e-08,1.25502443092981e-07
"USP7",0.0712845017438043,5.36325616381115e-08,1.36408526599447e-07
"XPO1",0.0712264349559114,5.4985696357066e-08,1.39623598198995e-07
"CCNL1",0.0712213736198982,5.51051958733667e-08,1.39813830306536e-07
"INPP4B",0.0712071684172118,5.54419302111272e-08,1.40554481117296e-07
"CEMIP2",0.0710118074407338,6.02801572764649e-08,1.52696747349753e-07
"STIM2",0.0704157490311505,7.7705377033584e-08,1.95416248899214e-07
"ARL4C",0.0704000466498099,7.82247569162612e-08,1.96407396068371e-07
"ZNF655",0.0703368412366375,8.03495714484124e-08,2.01581004849777e-07
"ATP11B",0.0703250556737035,8.07519074590196e-08,2.02428442679045e-07
"ARIH2",0.0702166447368188,8.454549505803e-08,2.11599898245796e-07
"GBP4",0.0701707569856164,8.62026889976399e-08,2.15403691391712e-07
"SURF4",0.0701368400406165,8.74477329699683e-08,2.18340836460048e-07
"USP25",0.0700457645504775,9.08777263798768e-08,2.26544157334892e-07
"TGFBR2",0.0699987819570023,9.269769092625e-08,2.30714252972e-07
"CASP8",0.0699594348749369,9.4248976206839e-08,2.34203478117787e-07
"ARFGEF1",0.0699365137245667,9.51642080794076e-08,2.36103604855239e-07
"IFI44",0.0697199223782297,1.04248142175642e-07,2.58028550799378e-07
"LCOR",0.069636242696757,1.07977792692843e-07,2.67049178142551e-07
"PIAS1",0.0695297763316248,1.12910027784258e-07,2.78369376675654e-07
"G3BP1",0.0694770217470302,1.15434045504192e-07,2.84368552004042e-07
"CCDC14",0.069437977775291,1.17337145238154e-07,2.88603362719099e-07
"DTX3L",0.0693610656441683,1.21175209836552e-07,2.97576709512473e-07
"PICALM",0.0693578480284611,1.21338393401719e-07,2.97744289286221e-07
"CCDC18-AS1",0.069340830052759,1.22205013120301e-07,2.99636373061191e-07
"CHD8",0.0692141156817796,1.28848717456747e-07,3.15432925795753e-07
"CYTH4",0.0690818575320172,1.36155289624418e-07,3.32701499195473e-07
"UBR2",0.068833429905307,1.50977421671613e-07,3.67882823902237e-07
"WDR26",0.0687763031709027,1.54600204422917e-07,3.76417889029711e-07
"DPP8",0.0686420644013567,1.63447015531506e-07,3.96419057004489e-07
"TNKS2",0.0685789750636373,1.67772002075394e-07,4.06594280145623e-07
"EPM2AIP1",0.0684813088429215,1.74686318851488e-07,4.2286453585149e-07
"LAG3",0.0684803542253479,1.74755241856993e-07,4.2286453585149e-07
"SMC5",0.0683789634179341,1.82227208423432e-07,4.40604877113249e-07
"SERINC3",0.0681888393813912,1.97079088432475e-07,4.7504997795868e-07
"KMT5B",0.068108373131258,2.03711214209532e-07,4.89906723743169e-07
"EIF3A",0.0680489678426017,2.08745308128402e-07,5.01628571870244e-07
"ARID1A",0.0680361495422689,2.09847209005264e-07,5.03890388545564e-07
"ANKRD17",0.0679788539401526,2.14841593945363e-07,5.15488323345569e-07
"ZC3HAV1",0.0679322359389573,2.18989771897086e-07,5.24638597913874e-07
"DDX42",0.0679105655703223,2.20944294256974e-07,5.28513582600969e-07
"WAC",0.0678385624381152,2.27560257240045e-07,5.43924517305473e-07
"FRYL",0.0677049706934409,2.40345648142082e-07,5.7361031398293e-07
"CREBBP",0.0676459899123436,2.46208664944172e-07,5.87156177387774e-07
"HELZ2",0.067515970795094,2.59625189011559e-07,6.17742483110963e-07
"DOCK8",0.067509506476289,2.60310336678702e-07,6.18784253766637e-07
"CLK1",0.0675048789014154,2.60801881411397e-07,6.19133005379365e-07
"RC3H2",0.0672866260706692,2.85030829431966e-07,6.75118339198373e-07
"SPAG9",0.0670872083382,3.09058186164265e-07,7.30374130980509e-07
"RBBP6",0.0670304395066531,3.16248185493352e-07,7.46802944056591e-07
"ABI1",0.0668396213059428,3.41618752750566e-07,8.02484201217809e-07
"NFATC2IP",0.0667271194623291,3.5748539789733e-07,8.39127401052415e-07
"ZBP1",0.0667194707908052,3.58589561929066e-07,8.41089653111108e-07
"RIPOR2",0.0664666603762349,3.96995004462749e-07,9.27702186285529e-07
"SYNCRIP",0.0663302828025262,4.19330136289279e-07,9.75596037999585e-07
"ANKLE2",0.0663301232080575,4.19356970415638e-07,9.75596037999585e-07
"ATXN7",0.0662553918503571,4.32105927350099e-07,1.00376606531104e-06
"RIF1",0.0662441399284802,4.34057563403883e-07,1.00700438988114e-06
"IWS1",0.066243653078533,4.34142198698756e-07,1.00700438988114e-06
"GRK2",0.0660544741545336,4.68262876313093e-07,1.08374345396152e-06
"RICTOR",0.0659117472162714,4.95702152470977e-07,1.14387192799778e-06
"ZNF106",0.0657408011921106,5.30609777580683e-07,1.2226247336466e-06
"DNAJB14",0.0657296706231901,5.32963024357776e-07,1.22714540703817e-06
"GBP2",0.0655385380518207,5.74977309438509e-07,1.32000647320583e-06
"RANBP2",0.065439258788926,5.98042494476091e-07,1.37095121540718e-06
"MSL3",0.0654168728587697,6.03365194876463e-07,1.38214262317939e-06
"SHPRH",0.0652609028879161,6.41737758687894e-07,1.46576082392224e-06
"UBE2G2",0.0652507303982331,6.44320493336898e-07,1.46951932153056e-06
"MOB3A",0.0650104397977399,7.08324047809924e-07,1.61314757729261e-06
"CNOT6L",0.064776595776727,7.76464541179848e-07,1.76576707841915e-06
"ACIN1",0.0647576785058022,7.8224477928606e-07,1.77762291872542e-06
"MAP4K1",0.0646404948041872,8.18984838140794e-07,1.8584200089794e-06
"KMT2E",0.0646206700245552,8.25362520680696e-07,1.87153786323547e-06
"PLCG2",0.0645277985042962,8.55881715743217e-07,1.93793867189222e-06
"IFI16",0.0642875485084907,9.39956831426764e-07,2.11760389608788e-06
"TRG-AS1",0.0642529410012527,9.52704194093819e-07,2.14478130127654e-06
"SMARCC2",0.0640188858554952,1.04338826778217e-06,2.34220873855755e-06
"IVNS1ABP",0.0639628728914303,1.06629151506072e-06,2.39020027965005e-06
"ZNF800",0.0639311567071329,1.07947370114293e-06,2.41802109056017e-06
"CNOT1",0.0639083060597307,1.0890681375425e-06,2.43777136283603e-06
"SH3BP2",0.0635329873307308,1.25890008839146e-06,2.80391383323553e-06
"ERBIN",0.0635243003592145,1.26311777333987e-06,2.81131109807937e-06
"LARP1",0.0635050712141009,1.27250226509676e-06,2.83018943499535e-06
"NFATC3",0.0634764730204516,1.28658329482038e-06,2.85947924348457e-06
"RHOT2",0.063424349291762,1.31263404543851e-06,2.91324866701711e-06
"EMB",0.0633722476485109,1.33918025576338e-06,2.97006314149501e-06
"COPA",0.063357406253983,1.34683604390846e-06,2.98493133123459e-06
"NUFIP2",0.063249718869886,1.4036595924218e-06,3.10428524812042e-06
"SMC4",0.0630062968035096,1.54072433067153e-06,3.40021921251648e-06
"SORL1",0.0630042887645156,1.54190679549976e-06,3.40043580217107e-06
"EIF4G1",0.0629973572071388,1.54599525601459e-06,3.40705630559504e-06
"BAZ1A",0.062979915643983,1.55632900965641e-06,3.42501598195264e-06
"KIDINS220",0.0627316191064287,1.71083554115005e-06,3.75449982998359e-06
"LPP",0.0625559986882846,1.8289064592705e-06,4.00520297225719e-06
"GCC2",0.0625512253556526,1.83222241800522e-06,4.00966469146152e-06
"TRIB2",0.0624661909024564,1.89227139217299e-06,4.13530528630976e-06
"LINC-PINT",0.0622963907098941,2.01788474837629e-06,4.40367889416009e-06
"SP100",0.0621403406513787,2.1403577096577e-06,4.6677063821186e-06
"CHST12",0.0621235806796798,2.15392806682609e-06,4.69403642638402e-06
"CCAR1",0.0619670651504581,2.28470888929301e-06,4.97213537600477e-06
"CREBRF",0.0619267782315303,2.31958581252462e-06,5.04453613597588e-06
"MAF",0.0618971058931794,2.34559977864112e-06,5.0940449486278e-06
"SACM1L",0.0616013130155769,2.62070591431999e-06,5.66404806844073e-06
"MTRNR2L12",0.0615989516722728,2.62302194366592e-06,5.66514932185697e-06
"AKAP8L",0.0615522313661483,2.6692515672422e-06,5.75706527845359e-06
"RAB37",0.0614952981470216,2.72664409911897e-06,5.87680817514576e-06
"TSPAN14",0.0613632546736403,2.86434538670347e-06,6.16512500528627e-06
"TTC3",0.0610613081473206,3.20474226181627e-06,6.87889920127024e-06
"PPP1R12A",0.0610265285075532,3.2463550314496e-06,6.96345374735017e-06
"TCIRG1",0.0609904094754094,3.29011854535155e-06,7.04919492500828e-06
"SYNRG",0.0609077885640041,3.39236287271766e-06,7.2617405930666e-06
"WDR82",0.0608506813459073,3.46480670493891e-06,7.39661935104727e-06
"ATP1A1",0.0607882204011752,3.54573970786927e-06,7.55910246354726e-06
"THUMPD3-AS1",0.0605970257646047,3.8048958348252e-06,8.08959548339786e-06
"SPTBN1",0.0605803392554422,3.82835551606047e-06,8.13395860322874e-06
"AC245060.5",0.0605242609764458,3.90821630612425e-06,8.29239941543006e-06
"ASCC3",0.0604649954082067,3.99435025229441e-06,8.4694269041212e-06
"TOX",0.0604041386768744,4.08468815144124e-06,8.6551230019728e-06
"GZMH",0.0603910715386039,4.10433915505798e-06,8.69088966256706e-06
"PUM1",0.0603858580090508,4.11220476750277e-06,8.70166946753622e-06
"ERCC5",0.060375795510471,4.12742683764811e-06,8.72799093922081e-06
"IL10RA",0.0603207097406829,4.21171933962667e-06,8.90023709506014e-06
"SPP1",0.0602500790518805,4.32221378563398e-06,9.12758412912335e-06
"PARP8",0.0602332466629991,4.34895314947534e-06,9.17169944637167e-06
"SERINC1",0.05998730164421,4.75819097346574e-06,9.99443194426562e-06
"CARD8",0.0598988259729667,4.91423459382415e-06,1.031528760792e-05
"CHD1",0.0598460903096043,5.00956206865047e-06,1.05083522724334e-05
"DCAF5",0.0597792178269967,5.1329917431318e-06,1.07528804986382e-05
"STK38",0.0596888772888957,5.3043679125439e-06,1.10822769978266e-05
"FGD3",0.0594668959967638,5.74903949507978e-06,1.19953345685763e-05
"PHKB",0.0593154353651404,6.07268451235408e-06,1.26621932385255e-05
"MIA2",0.059185149936641,6.36496163481518e-06,1.32364188904379e-05
"PTBP3",0.0591615346913707,6.4193599152337e-06,1.33406976104525e-05
"IL2RB",0.0591005904654273,6.56180875712588e-06,1.36277034849979e-05
"KANSL1",0.0589711895030714,6.8743564904455e-06,1.4267360657867e-05
"ACTN4",0.0588726332647551,7.12190212800212e-06,1.47713525617822e-05
"MYSM1",0.0588634742791472,7.14533489549375e-06,1.4810158778763e-05
"KCNAB2",0.0588027472019384,7.30257679195935e-06,1.51160929502208e-05
"NUP50",0.0586865129361327,7.61281775752749e-06,1.57167850477987e-05
"RPS6KA3",0.0585083834639871,8.11283224629275e-06,1.66831750323764e-05
"JMJD1C",0.0584266021045171,8.35276731862323e-06,1.71653199942349e-05
"SPPL2A",0.0583685730810208,8.52711302960014e-06,1.75006717675563e-05
"PPWD1",0.0582177312282483,8.99672639811176e-06,1.84524094077688e-05
"ITPR1",0.0581178905617172,9.32103899789557e-06,1.91050838545101e-05
"SUPT20H",0.0580714667444786,9.47561280808669e-06,1.939655467765e-05
"VMP1",0.057926357966799,9.97471288500574e-06,2.03783059331453e-05
"MAPK1",0.0579203243205182,9.99599979669713e-06,2.04084995849233e-05
"IQGAP2",0.0576033427384553,1.11773887695255e-05,2.27169741939288e-05
"ZMYND8",0.0571801897301738,1.29634658943373e-05,2.62280187384787e-05
"PRKD2",0.05701434962155,1.37351550339836e-05,2.76999653932944e-05
"MKLN1",0.0568739559356991,1.44224898449097e-05,2.90487656734984e-05
"ZNF33A",0.0566308551423107,1.56908736165355e-05,3.14821366995876e-05
"TBCD",0.0566175044230804,1.57635249019132e-05,3.16076816447569e-05
"ZNF217",0.0564926020981354,1.64589198794143e-05,3.29178397588286e-05
"ZNF431",0.0564761270968502,1.65527976514939e-05,3.30844954971861e-05
"SMARCC1",0.0564094190525327,1.69381541655112e-05,3.38331537981167e-05
"USP33",0.0564027578061182,1.6977100530051e-05,3.38893617200763e-05
"CAPRIN1",0.0563951433057607,1.70217247946756e-05,3.39568250356887e-05
"RALGDS",0.0562622172174359,1.78189653373447e-05,3.55020808754213e-05
"ANKRD13D",0.056197047843387,1.82226998950355e-05,3.62603977606797e-05
"NCOA1",0.0561844192282748,1.83019373405289e-05,3.6394974952377e-05
"MAN1A2",0.0558248218030817,2.070093926378e-05,4.10095676128958e-05
"SF1",0.0557360320029224,2.13378025190773e-05,4.22445383205975e-05
"KLHDC4",0.0556902273743439,2.16735939517896e-05,4.28552273851274e-05
"GABPB1-AS1",0.055665456224677,2.18572790922876e-05,4.31911954841927e-05
"THEMIS",0.0555451721757291,2.27704798236247e-05,4.48826051080371e-05
"RAB1B",0.0555400791327126,2.28099364514201e-05,4.49321361254105e-05
"DHX9",0.055534700834617,2.28516736087767e-05,4.49860944363614e-05
"USP9X",0.0555312486134512,2.28785021256286e-05,4.50106541191791e-05
"TAF15",0.0554926199246985,2.31807511715131e-05,4.55481426527977e-05
"NORAD",0.0554720867351999,2.33429549668291e-05,4.58381382441929e-05
"NCBP3",0.0553357854305069,2.44473681133079e-05,4.79168415020834e-05
"ASXL2",0.0552758002005467,2.4949002868794e-05,4.88695021839713e-05
"GBP1",0.0551224309324505,2.62764643866059e-05,5.14054849135347e-05
"PDS5A",0.0550893378935589,2.65715740707214e-05,5.18870176893394e-05
"MPHOSPH8",0.0550106837437995,2.72856746062338e-05,5.31477487982293e-05
"PTPN22",0.054868044022086,2.8627481943158e-05,5.57267432487545e-05
"PTCD3",0.0548641807913668,2.8664681222842e-05,5.57645411382336e-05
"TPP2",0.0547591638853824,2.96936719267517e-05,5.7694767758546e-05
"SLC5A3",0.0546515221318508,3.07847525720678e-05,5.97037625640103e-05
"DAZAP2",0.0546424857216021,3.08780603549629e-05,5.98477115408923e-05
"TNRC6A",0.054605087477579,3.1267090222972e-05,6.05642958241137e-05
"APOBEC3D",0.0545615964397037,3.17253551364651e-05,6.13761343047222e-05
"EXOC7",0.0543853970704211,3.36480778356785e-05,6.49755985792413e-05
"RASGRP1",0.0543426860667916,3.41305399067212e-05,6.58261827475263e-05
"NUTM2A-AS1",0.0543307124726503,3.42669676355546e-05,6.60486850062072e-05
"AFF4",0.054279048688203,3.4861586938711e-05,6.71122999630434e-05
"TARDBP",0.0542497367782444,3.52032918319093e-05,6.77285418312071e-05
"MX1",0.0542013846377392,3.57739177237318e-05,6.87841851512096e-05
"EXOSC6",0.0541348667448422,3.65732889363876e-05,7.02780846228625e-05
"TRANK1",0.0541122484370041,3.68489435098701e-05,7.07644132559415e-05
"RERE",0.0538533704809689,4.01476848364268e-05,7.70049783773911e-05
"SP110",0.0538493694888934,4.02008010112802e-05,7.70597261438721e-05
"TMX4",0.0538223003700222,4.05619191805731e-05,7.76570076619519e-05
"DYRK2",0.0537417395601238,4.16549444400555e-05,7.97009797217901e-05
"CD44",0.0537144273200385,4.20318085790113e-05,8.03730193315728e-05
"ITGB1",0.0536810126809701,4.24972750765718e-05,8.12135616332292e-05
"FAM78A",0.0535137355856978,4.4901878895578e-05,8.57565726044658e-05
"BRD4",0.0535051046059721,4.50293847067737e-05,8.59477482899832e-05
"GRAP2",0.0534365713394938,4.60540847826089e-05,8.77433838871577e-05
"RAB30-DT",0.0533943089224836,4.66969652635186e-05,8.89141973687883e-05
"PCNX1",0.0533792528254981,4.69280414193922e-05,8.92999623126299e-05
"NIBAN1",0.0531821382549061,5.00550522479634e-05,9.50773130524611e-05
"LBH",0.0531633814877699,5.03626836051462e-05,9.56037383690911e-05
"SHISA5",0.0530909099911314,5.15682113189337e-05,9.78329768276927e-05
"GIT2",0.0530650139741712,5.20055708804021e-05,9.86030654661069e-05
"JADE1",0.0530609824126179,5.20739755298675e-05,9.86135188778166e-05
"INO80D",0.0530449013131028,5.23476771858243e-05,9.90122531090138e-05
"PTBP1",0.0529689954797736,5.36581018780363e-05,0.000101368558728628
"TM9SF2",0.0529667918608416,5.36966049991471e-05,0.000101380224730479
"NOL8",0.0528387890973006,5.59786167215327e-05,0.000105371513828767
"KMT2B",0.0527717705476329,5.72097469327184e-05,0.000107624334961611
"UHMK1",0.0527009785068997,5.8538018661896e-05,0.000109991148306594
"ZNF518A",0.0522985123217847,6.66617854452055e-05,0.000124583646696165
"GPX3",0.0522593731625185,6.75063420691165e-05,0.000126086890249404
"CUL5",0.0521273476257026,7.04305037917041e-05,0.000131235923880442
"RSAD2",0.0521198422658953,7.06002838443109e-05,0.000131474162788455
"ZRANB2",0.0520428098201739,7.23653675546282e-05,0.000134681182582382
"PRKCH",0.0520364335060599,7.25133263080368e-05,0.000134876507296562
"WSB1",0.0520234341710281,7.28158550439301e-05,0.000135249421828762
"SIGIRR",0.0520222617292094,7.28431994479525e-05,0.000135249421828762
"RSF1",0.051963759835356,7.42200130221412e-05,0.000137724237181914
"UPK3BL1",0.0519396724887074,7.47940172715321e-05,0.000138707296371097
"GPATCH8",0.0519020052523892,7.57000524608565e-05,0.000140221715603807
"USP48",0.0518985376611561,7.57839802865876e-05,0.000140294310613187
"TRIP11",0.0517725771105727,7.88929901870408e-05,0.000145791642443465
"YTHDC1",0.0517627794673588,7.91398062708186e-05,0.000146161621004292
"RIOK3",0.0517120748024646,8.04288305275352e-05,0.000148454863175015
"RAPGEF6",0.0516543377464424,8.19207880773362e-05,0.000151119759653251
"RRBP1",0.0516081951433885,8.31319003248267e-05,0.000153263750393096
"WASHC1",0.051572254723091,8.40869336878855e-05,0.000154916061490197
"SRSF1",0.0515707579819372,8.41269300758306e-05,0.000154916061490197
"BAZ2A",0.0515281293214788,8.52736412765542e-05,0.000156843483309838
"APOE",0.0512528675398042,9.30412913338483e-05,0.000170729952968372
"EIF4EBP2",0.0511307296312024,9.66977732100482e-05,0.000177128631300649
"BRD9",0.0510870624500785,9.80376573198862e-05,0.000179373450032184
"HNRNPA3",0.0510484804614251,9.92360707673976e-05,0.0001813544976262
"JPX",0.0509821133841263,0.000101329938013883,0.000184965474744783
"AGO2",0.0509550657705037,0.000102195184882337,0.000186280950081786
"MARCH6",0.0509540193453679,0.00010222879945496,0.000186280950081786
"PSAP",0.050886144636728,0.000104431579211353,0.000190068990659361
"SMARCA5",0.0508843794844012,0.000104489457875235,0.000190068990659361
"PPM1K",0.0508467331495868,0.000105731096279687,0.000192216068367013
"ZNF91",0.0508093910105074,0.000106976443320895,0.000194367396439354
"NUTM2B-AS1",0.0508074847451942,0.000107040386347968,0.000194370962123468
"ATXN2",0.0507029164907064,0.000110603741663097,0.000200725308944139
"PRPF40A",0.0506549445739617,0.000112275643556282,0.000203406365218083
"DCAF7",0.0505702090556584,0.000115287195115501,0.000208621260174385
"PPIP5K2",0.0504913511104998,0.000118158136075032,0.000213569979672219
"DZIP3",0.0503835411062129,0.000122192314206078,0.000220607425072114
"HERC2",0.0503004891168907,0.000125388214492982,0.000226247088981584
"SFSWAP",0.0502522921864149,0.00012727881787523,0.000229394467159036
"EVL",0.0502476185397881,0.000127463571045009,0.000229595496149999
"NPEPPS",0.0501614438005878,0.000130915748630004,0.000235273230775755
"CD47",0.0501161027133311,0.000132767300306651,0.000238327563687267
"NCOR1",0.0500946577997786,0.000133651593213604,0.0002397776866807
"FASTK",0.0500823346615081,0.000134162251650605,0.000240556215652543
"GIMAP5",0.0500571273919818,0.000135212545481774,0.000242300881503339
"DOCK2",0.0495967844668976,0.000155809979518388,0.000277940896342245
"IGHG4",0.0494944843055636,0.000160771891826137,0.000286629137445575
"PTGDR",0.049456181265126,0.000162667680938265,0.000289679640785007
"RASAL3",0.0494097161658272,0.000164995675242533,0.000293658591124053
"RBMS1",0.0492805053711968,0.000171635211531074,0.000304611218653905
"POLK",0.0492698711837454,0.000172192697400443,0.000305427770954632
"JADE2",0.049221812400818,0.000174733428758759,0.000309759204402187
"HLA-DRA",0.0490558732226143,0.000183779739891256,0.000324694796788157
"TCF25",0.0488551155815951,0.000195312620470333,0.000344294759862262
"RABEP1",0.0487273874546745,0.000203000469147487,0.000357645770363213
"SEPTIN9",0.0486943295683153,0.000205035996924256,0.000361029133270336
"AKAP17A",0.0486218626932421,0.000209565372967411,0.000368383974005493
"EIF2AK2",0.0485944826784236,0.000211301022327428,0.000371019040324084
"LINC01138",0.0485639490159108,0.000213252498781224,0.00037423605829766
"ITGB7",0.0484231380051116,0.00022247299343478,0.000389546719830636
"DENND2D",0.048423124313325,0.000222473907913479,0.000389546719830636
"SEC31A",0.0483030648734492,0.00023062978630789,0.000403152179410001
"USP8",0.0482999327213331,0.000230846267989047,0.000403305791873901
"PHYKPL",0.048229359348244,0.000235774851857404,0.000411687046450345
"PDXDC1",0.04819787210615,0.000238005500329103,0.000415350722889298
"DDX3X",0.0481701152218098,0.000239988281484347,0.000418345331147811
"IRF3",0.0481336368339006,0.000242617639479263,0.00042222470444338
"STAT3",0.0481181789291251,0.000243739973534444,0.000423942627290081
"YIPF4",0.0480443650457712,0.00024916675179086,0.000432661646520562
"CANX",0.0480390010580456,0.000249565494417856,0.000433114217207746
"BOD1L1",0.0479882858658701,0.000253365193597414,0.00043897969454226
"NRDC",0.0478867269762008,0.000261137844988762,0.00045194717543309
"LMF2",0.047871654127946,0.000262310291602716,0.000453725909799292
"BRD2",0.0477330539555893,0.000273325041065977,0.00047199742774389
"STAG1",0.0477095008375259,0.000275239385092986,0.000475041668492902
"SLK",0.047677869964137,0.000277830039697864,0.00047898570890187
"CCND2",0.0476158322279461,0.000282977574855006,0.000487380790281418
"SELPLG",0.0476154407686138,0.000283010337724,0.000487380790281418
"CORO7",0.0475186666601447,0.000291219686615443,0.0005006934962862
"SF3B3",0.0475078827410432,0.00029214817070439,0.00050201461004327
"N4BP1",0.0474443460191625,0.000297675141949679,0.000511231788145779
"ST3GAL5",0.047339446527385,0.0003070149626297,0.000526695253176554
"PJA2",0.047325429590625,0.000308283548994935,0.000528582400026308
"ZC3H13",0.0471347192218811,0.000326038353482541,0.000558109321245222
"TMPO",0.0470212033001755,0.00033705608060011,0.000575085891600622
"APLP2",0.0469948602421923,0.000339662222913107,0.000578902571225817
"GGNBP2",0.0469636503247529,0.00034277423832488,0.000583889196842381
"PRDM2",0.0468498471241261,0.000354349167784329,0.000602951161243438
"TBL1XR1",0.0467472722611495,0.000365094233168387,0.000620897784824328
"DLG1",0.0467048339967284,0.000369628233925904,0.00062826782742094
"TAOK3",0.0466169019317698,0.000379190674515755,0.000643475084026736
"TNFRSF1B",0.0465526904236541,0.000386319054551419,0.000654863002742297
"TRAF3IP3",0.0465288656834633,0.000388995634657271,0.000658688072508209
"DDB1",0.0465044609268025,0.000391755331948662,0.000663003087420941
"DNAJC1",0.0465007376997031,0.00039217796010194,0.000663360346752797
"HLA-A",0.0464337174136356,0.000399858732421542,0.000675623375470881
"LINC00649",0.0464242301634482,0.000400957289910187,0.000677114734064806
"CEP290",0.0462507414951305,0.000421549886827352,0.00071112449977976
"TPR",0.0461027031153057,0.000439898038824107,0.000740483225846698
"DDX39B",0.0460428983593689,0.000447519564186374,0.000752908451335015
"SLC12A1",0.0458506288730926,0.000472865408139808,0.000793422108039828
"RAB29",0.0458373513234509,0.000474664226261287,0.000796014445751549
"SASH3",0.0457904742407007,0.000481066211682434,0.000805888696493651
"NELFCD",0.0456849362654497,0.000495775325746585,0.000829643234547114
"SFXN1",0.0456727705896626,0.000497497579028109,0.000832081284177147
"SP3",0.0454521806137687,0.000529709454127511,0.000884070701513503
"KLRG1",0.0454104217759083,0.000536021948857274,0.000893654881242112
"FMR1",0.0453984493787109,0.000537844645587908,0.000896217220278256
"CSNK1A1",0.0453822549356971,0.000540319300429937,0.000899862626738334
"MPHOSPH9",0.0453292129327815,0.000548499042150289,0.000913000528759716
"SNX14",0.0452810054323457,0.000556033137432495,0.000925050354900957
"RAD50",0.045213950928214,0.000566673066855144,0.000941492559595126
"IRF2BP2",0.0452130522185269,0.000566816949144004,0.000941492559595126
"DEF6",0.0451561031143436,0.000576004106595907,0.000955740147240615
"PFKL",0.0451536310516441,0.000576406027220795,0.000955901269891281
"TMOD3",0.0451359255364736,0.000579292320414875,0.000959672856218198
"GDI1",0.0450887546804482,0.000587047751185761,0.000971494325972847
"PDS5B",0.0450679113853275,0.000590505318221942,0.000976700779506335
"USP16",0.0449159010721083,0.000616300320989432,0.00101775555904311
"TMEM165",0.0448891323454102,0.000620949910082158,0.00102489416737771
"ARHGEF3",0.0447994952083828,0.000636758051870131,0.00105043306189623
"SPEN",0.0447971514410134,0.000637176368959546,0.00105057050108156
"UBE2H",0.0447265329156851,0.000649900909660574,0.0010693018114877
"U2AF2",0.0447033897068638,0.000654122152212126,0.00107568278413069
"ETNK1",0.0446556560704201,0.000662909232258313,0.00108842060333093
"SIK3",0.0446043467516774,0.000672476829310198,0.0011023979805106
"STT3B",0.0445263776509346,0.000687261617888323,0.00112545818992051
"ARHGAP9",0.044454391553787,0.000701179520200777,0.00114765082220753
"TLN1",0.0441065997700493,0.000772186969317078,0.00126123871655123
"VOPP1",0.0440937499596389,0.000774934088247317,0.00126506678851826
"ZBTB44",0.0440686658129965,0.00078032289957003,0.00127320115143164
"LTN1",0.0440240732062523,0.000789988651448985,0.00128830182576392
"SPCS3",0.0439925799028185,0.000796881849442087,0.00129886771301995
"PTH1R",0.04395650910461,0.000804845505838168,0.00131116649678363
"SMC1A",0.0439390751822511,0.000808720950028979,0.00131611255801291
"CLIP1",0.0438555349361795,0.000827532762950557,0.00134393720591038
"ANKRD10",0.0438005292445473,0.000840139808829965,0.00136299971054877
"DR1",0.0437554131085487,0.000850612913215449,0.001379277195369
"CNN2",0.0436240823426247,0.000881792619642543,0.00142688423900878
"SLC39A10",0.0435683275745896,0.000895347148476418,0.00144657839135603
"IDS",0.0435541508274602,0.000898824309209128,0.00145144852403698
"GATAD2A",0.0435458602502754,0.000900863550810083,0.00145399284371612
"IGLC2",0.0432932073879934,0.000965103546638261,0.00155128894016278
"PPP6R3",0.043281203526526,0.00096825873912135,0.00155476672088303
"NBR1",0.0431367707065322,0.00100697884478004,0.00161611343768179
"MAP3K2",0.0429552921978196,0.00105766144894846,0.00169398687635463
"ST3GAL1",0.0428905541616393,0.00107630502663282,0.00172208804261251
"HEXA",0.0428709984394243,0.00108199626363039,0.0017303112099668
"ZKSCAN1",0.0428147907003826,0.00109850951966993,0.00175403556704934
"PIK3R1",0.0427648584556213,0.00111337421743199,0.00177596212912855
"SEPTIN6",0.0427444313608186,0.00111950872834424,0.00178483953842783
"PPP2R5E",0.0427365117364718,0.00112189548323342,0.00178773589198171
"SLA",0.0425535706920771,0.00117835512784623,0.00187484610904403
"UBE2Z",0.0424000409579524,0.0012277513385886,0.00195047021165849
"NPAT",0.0423170068360042,0.00125525640561863,0.0019921478178239
"ZFX",0.0422991482591036,0.00126124589797713,0.00199962949244504
"XIAP",0.042103588778157,0.00132858187224611,0.00210425896533525
"CCDC186",0.0420876310638498,0.00133422031845612,0.00211212262426976
"H2AFY",0.0420687999880551,0.00134090241710232,0.0021216296569288
"ITFG2",0.0420425373370893,0.00135027311779771,0.00213537896995139
"BIRC3",0.0420077473478539,0.0013627794348159,0.0021521081181728
"UBE2K",0.0420073848476599,0.00136291030698061,0.0021521081181728
"AOAH",0.041990982867252,0.00136884399611208,0.00216038992038626
"SREK1",0.0419617786107777,0.00137946812421842,0.00217606239313328
"FXYD2",0.0419478035171339,0.00138457893048361,0.00218302640824365
"SS18",0.0419308878939492,0.0013907884648784,0.00219061407627256
"ICE2",0.0418089257877357,0.00143632487867361,0.00225780191454659
"ZNF506",0.0417463342670688,0.00146022420225027,0.00229307115586221
"ADAM8",0.0417064113197574,0.00147565879679004,0.00231499048861109
"ATXN2L",0.0416969273480816,0.00147934741653216,0.00231961674912242
"TPM1",0.0415519129993446,0.00153681628443686,0.00240732061338362
"GIGYF2",0.041504961890777,0.0015558589449399,0.00243350306799578
"PPP4R3B",0.0414927877563929,0.00156083193114772,0.00244006427521398
"ATF6B",0.041457189653007,0.0015754573961744,0.00246051624484003
"CAMK4",0.0414571261081775,0.00157548361595624,0.00246051624484003
"RNF216",0.0413866471829398,0.00160481307314013,0.00250382775988431
"MAP4",0.0411805719333683,0.00169347685892246,0.00263691332153964
"TRAF5",0.0411684065952777,0.00169884923515452,0.00264396585679631
"OAS2",0.0410940254685324,0.0017320392304666,0.00269428324739249
"NECAP1",0.0409292687615328,0.00180768925469545,0.002805004207187
"DYNC1LI2",0.0409171300230644,0.00181338125633925,0.00281244491586543
"SSR1",0.0408429698482222,0.0018485149637859,0.00286551800614562
"MTF2",0.0408284013503217,0.0018554899056796,0.00287490926097392
"CYFIP2",0.0407206595179067,0.00190782852561608,0.00295017271022289
"FUBP1",0.04064962635576,0.00194307266376426,0.00300171225298755
"DHX36",0.0406297540484639,0.00195303903459452,0.00301562304898493
"TNFRSF14",0.040525039476277,0.00200633488225122,0.00309639084189952
"CLTC",0.0403214716948801,0.00211378003551167,0.00325260755219068
"POLR2B",0.0402965591340196,0.00212728534141866,0.00327178363447225
"ZFP36L1",0.0402700574308907,0.00214173893172012,0.00329239867150701
"PPP6R1",0.0401704971417427,0.00219684543854543,0.00337380376850071
"MPRIP",0.0401381179471601,0.00221504535920817,0.00340008920532394
"MVP",0.0401076426568414,0.00223230121623082,0.00342322572816618
"GBP3",0.0399760663845113,0.00230822563837256,0.00353619716753119
"NCOA3",0.0398771953418646,0.00236682594932265,0.0036242022349003
"USP47",0.039857796196445,0.00237848230357613,0.0036402735500316
"EBLN3P",0.0398070201602279,0.00240924125429299,0.00368016589062972
"OTULIN",0.0396169308201216,0.00252765280745784,0.00385728428427629
"RASSF5",0.0395022853681675,0.0026016171774005,0.00396436903222933
"ANAPC5",0.0394853358106967,0.00261271863805018,0.0039793519421687
"ZNF791",0.0394709210712745,0.00262219391780342,0.00399184472147162
"P2RY10",0.0394065835042723,0.00266486919667915,0.00405484221289947
"MIS18BP1",0.0392360866579298,0.00278104730994483,0.00422751544546145
"IPCEF1",0.0391894829391357,0.00281359862231476,0.00427285485693903
"CAB39",0.0391575891830468,0.0028360755386915,0.0043049045930961
"PHACTR4",0.0391364709466332,0.00285104854774672,0.0043255385804227
"RABGGTB",0.03913340296554,0.00285322976490156,0.00432675461447355
"NUMA1",0.0390966611138772,0.00287947042486114,0.00436443656470011
"ZNF224",0.0390650463572222,0.00290222545129976,0.00439632227689707
"DEFB1",0.0390635437453397,0.00290331104446869,0.00439632227689707
"TMBIM6",0.0390376717227155,0.00292206103378128,0.00442044544232422
"FAM102A",0.038869452854478,0.00304669167541157,0.0046023242264406
"IGKC",0.0388471494993705,0.00306357489618939,0.0046233738568094
"ACAP2",0.0388098402447876,0.00309200809121259,0.00466403914095367
"MX2",0.038724748063232,0.00315775854113748,0.00475864045411203
"PHF14",0.0385560889402193,0.00329186031397619,0.00495358634579142
"PPIL2",0.0385230308132431,0.00331874517770505,0.00498925449534182
"PKN1",0.0383018646908852,0.00350381456731809,0.00525488401870375
"SAFB2",0.0382735034627302,0.00352821418626619,0.00528763154757424
"ESCO1",0.0381619562685026,0.00362568665480288,0.00542728083506531
"CRYBG1",0.038134483758923,0.00365006551442977,0.00546116672387965
"KLRK1",0.038108140592522,0.00367358206870739,0.00549373074271167
"TAX1BP1",0.0379764781794595,0.00379319450901394,0.00566990370842122
"FAM172A",0.0379171909716991,0.00384820217871674,0.00574118079564972
"HLA-DQB1",0.0377785585336573,0.00397966641931739,0.0059176073451775
"RABL6",0.0376268991340007,0.00412814285226251,0.00613547676999774
"POLR2A",0.0374990978957771,0.00425714407712498,0.00631224767180328
"PTPN7",0.0374453944983794,0.00431243403192347,0.0063912065803932
"ME2",0.0371861561726557,0.00458859564905449,0.00677806686548982
"OPTN",0.0370752823656627,0.00471152123081277,0.00695241599233514
"PPP3CA",0.0370329532484654,0.00475923215935525,0.0070136052874709
"IGHA1",0.0369661036502043,0.00483547203739672,0.00711926775083385
"GSDMD",0.0369420760594307,0.00486314351957233,0.00715329178113454
"NSUN5",0.0368356700271643,0.00498741602295763,0.0073326472798852
"R3HDM4",0.0367475318780569,0.00509251941726102,0.00748015966863258
"RNF166",0.036703772342941,0.00514544201140252,0.00755435681074826
"GPBP1L1",0.0366462370727421,0.00521578098402925,0.00765404266069992
"ANXA6",0.036595787145271,0.00527817128456329,0.00774197621533699
"PRKAA1",0.0364134701950006,0.00550929667822964,0.00806213456972849
"KARS",0.0363973729683412,0.00553013573911761,0.00808885526020187
"EFCAB14",0.0363878969085526,0.00554243643490934,0.00810306790670195
"LINC01934",0.0362134267225427,0.00577336798064318,0.00842497998478223
"CD24",0.0361609375226698,0.00584452132265016,0.00852088278374286
"LRRFIP1",0.0360380123016086,0.00601425859998537,0.00876020202951887
"SBNO1",0.0358985197341645,0.00621224039830937,0.00902761162608812
"EIF4G2",0.0357770763792443,0.00638936101318303,0.0092764056191398
"MYBL1",0.0357649952127432,0.00640722705644889,0.00929803981907622
"PDCD6IP",0.0357513444343661,0.00642746836131503,0.0093230993437021
"SIPA1",0.0356847396100691,0.00652705698395417,0.00945006957602967
"PPP2R5C",0.0354377854915027,0.00690852896888069,0.00997569391864324
"CSNK2A1",0.0353376855988049,0.0070687740326752,0.0101920346512503
"LONP2",0.035320672780436,0.00709633834894312,0.0102270758558298
"GGA2",0.0352636584617523,0.00718941825547097,0.0103564610239582
"ACAP1",0.0349282016976203,0.00775959862715953,0.0111641495501874
"EXOC1",0.0348845058493968,0.00783677655284411,0.0112631215718236
"RNF10",0.0348454868322664,0.00790627431223147,0.0113577994700677
"CYBC1",0.0348140031388679,0.0079627524689347,0.0114336958528293
"TRIM44",0.0346094853682477,0.00833851034976448,0.0119458969652176
"IP6K2",0.034420332979065,0.00870007151404414,0.0124468176405303
"CST3",0.0343357914169799,0.00886615275084832,0.0126741286411694
"CENPC",0.034329938981397,0.00887775392170374,0.01268366118381
"GATAD1",0.0342011813097214,0.00913644128674158,0.0130235817614644
"CABIN1",0.0341260130068131,0.00929055295820188,0.013231232550827
"DCP2",0.0340836970444994,0.00937832649793797,0.0133441161059589
"STAT4",0.0340356185576358,0.00947894979407378,0.0134750619012762
"CTDSP1",0.0340221205963348,0.00950737215882827,0.0135093425872612
"SPTAN1",0.0339796905243164,0.00959721171174663,0.0136123274210934
"TRAPPC10",0.0339707622802146,0.00961621206778625,0.0136331107796463
"LCP1",0.0339463935148976,0.00966824242764909,0.0137006815422989
"PCBP2",0.0339348436345165,0.00969299038848331,0.0137295473614651
"CSNK1D",0.0338304024512712,0.00991935269647751,0.0140374955127046
"MRFAP1L1",0.0337346672337029,0.0101309693048064,0.0143305005592571
"ST8SIA4",0.0336999325984323,0.0102087358796631,0.0144339926594335
"WDR6",0.033654844394054,0.0103104750352517,0.0145515975295001
"MIA3",0.0335758315805617,0.0104909406990189,0.0147996356419808
"CD46",0.0335736302612861,0.0104960085002725,0.0148001270939094
"UMOD",0.0334269630768258,0.0108386046948145,0.0152694808279148
"GNA13",0.0333202840873492,0.0110939998625552,0.0156082474513114
"PAPOLA",0.0333016095610694,0.0111392532829531,0.0156648871279556
"FOXP1",0.0331244883637564,0.0115766831450933,0.0162209738847079
"STK4",0.0331226757340686,0.011581237413221,0.0162209738847079
"CIAO1",0.0329987772071017,0.0118963269233298,0.0166251698892879
"FCRL6",0.0329962737957447,0.0119027709869567,0.0166267660646308
"ZBTB7A",0.032976905176901,0.0119527326702025,0.0166891227309684
"HLA-DRB1",0.0329071094515321,0.012134317181104,0.0169351217979271
"SNRK",0.0328546985287971,0.0122722748909147,0.0171200418407066
"AP1G2",0.0328412847632961,0.0123078055544784,0.0171580534218756
"CDK5RAP3",0.0328402818968907,0.0123104656247513,0.0171580534218756
"CCDC69",0.0328100100039326,0.0123910008513825,0.0172549638854066
"CD96",0.0327455141540375,0.0125641428774395,0.0174650496736039
"LPIN2",0.0326232732191709,0.0128981887255371,0.0179055864733441
"ACTR3",0.0326113912863207,0.0129310734712138,0.0179432948697905
"FBXO7",0.0325513870455298,0.0130982781262865,0.0181672712092148
"USP3",0.0325264302912126,0.0131683822700959,0.0182564309456325
"SH2D3C",0.0324995406093296,0.0132442870756042,0.0183535502735726
"RPAP2",0.0324607127298624,0.0133545736252376,0.0184982079897285
"RAD21",0.0322501527687234,0.0139668947263436,0.0192867379400323
"ZNF827",0.0321369446663323,0.0143062461711287,0.0197418134279398
"DNM2",0.0320760543272302,0.0144917610057724,0.0199851198390952
"CLK4",0.0320517142532947,0.0145665092810665,0.0200736675111036
"MIDN",0.0320509793486197,0.0145687714461963,0.0200736675111036
"PTP4A2",0.0320029741869903,0.0147172121145653,0.0202515038136362
"TAF1D",0.0317778602247817,0.0154312253394362,0.021224702923014
"ECHDC2",0.0317120165131141,0.0156457491909771,0.0214914890332476
"GPR174",0.0316968454486648,0.0156955479249717,0.0215449866683225
"DDX23",0.0316679459037125,0.0157907959516993,0.0216622642626986
"C21orf91",0.0315367481462363,0.016229621370374,0.0222059740914017
"MT1G",0.0313220815060912,0.0169707575470995,0.0231795712838433
"SAFB",0.0312998103085321,0.0170493232245382,0.0232666134169503
"LUC7L",0.0312791795037271,0.0171223866097023,0.0233561567673017
"CXorf38",0.0311683572392961,0.0175195788883943,0.0238875649539149
"TUBGCP2",0.0311564948618128,0.017562568967073,0.0239357741333077
"MECP2",0.031132335696294,0.0176504094246955,0.0240450408148763
"SENP7",0.0310460314440263,0.0179673553670879,0.0244449572369578
"ZNF148",0.031038820736984,0.017994060381599,0.0244706736152188
"MBP",0.0308845367507738,0.0185738419444946,0.0252263180328865
"LLGL2",0.0307606380470229,0.0190512053960771,0.0258522631424049
"SPOCK2",0.0307265304152799,0.0191844851576443,0.0260218622207494
"DDX46",0.0306110600677683,0.0196417669481245,0.0265731583905602
"TRIM13",0.0305608212455057,0.0198436739346783,0.0268116163115687
"ATXN7L3B",0.030505733414723,0.020067148934023,0.0271018858988355
"JAK1",0.0304543327588645,0.0202776433405647,0.0273743820559669
"TTC37",0.030356938444025,0.0206817759153222,0.0278719592911261
"NUDCD3",0.0303481528322164,0.0207185742151582,0.0279095570183574
"NHLRC3",0.0302161052676358,0.0212785652791568,0.028639305028084
"MARCH7",0.0301785157809985,0.0214403665799355,0.0288323282996046
"GNG2",0.0301141758758137,0.0217197994207331,0.0291955812187823
"CHD9",0.0299485228199546,0.0224538702528199,0.0301435518462514
"RASA2",0.029886605423211,0.0227337341787081,0.030493152431321
"ZNF24",0.0298696487407629,0.0228109042275164,0.0305835808710951
"PCNX4",0.0297888919443049,0.0231815594412919,0.0310672523110647
"ZFAND5",0.0296829856813467,0.023675561374839,0.0316751537847675
"SP140L",0.0296215019383477,0.0239665225845588,0.0320507525906936
"TRIM8",0.0295867564325064,0.0241323168102915,0.0322587150541662
"MALT1",0.0295321666103266,0.0243948095795345,0.0325818240380835
"CWF19L2",0.0294577047485205,0.0247568425831929,0.0330186574958511
"SP140",0.0294228718552709,0.0249277910720208,0.0332229293675551
"SSH2",0.0292857774323773,0.0256105689381111,0.0340894499957201
"ERICH1",0.0292288396213935,0.0258988577494623,0.0344439431307522
"TBX21",0.0291768838766196,0.0261643647965389,0.0347675627126889
"GATM",0.0291680323837121,0.0262098318755332,0.0348132286157018
"FOXN3",0.0290687171799001,0.0267246781965241,0.0354520265754228
"RPN2",0.0290573197142233,0.0267843170687274,0.0355161176860589
"PRDM1",0.0289643728051316,0.0272749786075688,0.0361056702884491
"CLN3",0.0289533375042133,0.0273337451459099,0.0361681961086808
"LUC7L2",0.0288877644317889,0.0276852004848551,0.0366023561216297
"GABPB1-IT1",0.0287930680619822,0.0281996221957739,0.0372197033695063
"SLF1",0.0285707478484797,0.0294397994128314,0.038791265108672
"PLEKHA1",0.0285274574377884,0.0296866682647157,0.0391001225023723
"DNMT1",0.0283800552212381,0.0305406389153679,0.0401742632712223
"GPR155",0.0283414950476769,0.0307674866457737,0.0404556973254282
"C2orf49",0.0283242917681829,0.0308691584202144,0.0405723725087143
"SH3KBP1",0.0282615360447524,0.0312424944327899,0.0410458577885333
"NEDD9",0.0282303415670667,0.0314295082486447,0.0412742620886724
"AKT1",0.0281852076447029,0.0317017893300291,0.0415969921920381
"NAA50",0.0281418707072723,0.0319651302422131,0.0419249888915016
"RO60",0.0278782412128148,0.0336078215824454,0.043914220201062
"ALDOB",0.027749784318174,0.0344340601787137,0.0449750990089322
"TNRC6C",0.0276159215221508,0.0353134691288897,0.046066156068302
"TNFSF10",0.027535161669282,0.0358532318351256,0.0467508253783592
"HSP90B1",0.0274569673919008,0.036382533967345,0.0474212911561072
"TOR1AIP1",0.0274497895454152,0.0364314531961706,0.0474653249784757
"RTN4",0.0273923431852149,0.036824990459205,0.0479581271096623
"RNF125",0.0273840909751913,0.036881818634523,0.0480121972759917
"PRKX",0.0273810932281656,0.0369024808574739,0.0480191618128789
"TIAL1",0.0272274554640431,0.0379747187993492,0.0493939104748067
"GZMB",0.0270898175664924,0.0389576776661761,0.0506304505433602
"HSPA9",0.0270805751833298,0.0390244505373804,0.0506962207478148
"PTPN2",0.026955439507524,0.0399381179265622,0.0518187578889943
"PPP2R1A",0.0268225632257179,0.0409281006847492,0.0530593318509192
"CREB1",0.0268000010893456,0.0410982457390606,0.0532578919990471
"GNB1",0.0267684992059594,0.0413368088919192,0.0535168060886164
"CDK11B",0.026756013555573,0.0414316864125226,0.0536013896822075
"DDX27",0.0266026875316194,0.0426119110784374,0.0550601372649277
"KIF21A",0.0264789611211348,0.0435849007531858,0.0562709957850929
"ARID4B",0.0263883155596934,0.0443095912227076,0.0571595549462818
"IFNAR2",0.0261850586762717,0.0459716037817588,0.0591575500449716
"DDX1",0.0261489152324923,0.0462725756545462,0.0594960218338077
"SH2D1A",0.026141097141392,0.046337895801232,0.0595555906691244
"LRCH4",0.0261253551075268,0.0464696559716052,0.0597004674833896
"TBC1D2B",0.0260880767401743,0.0467829322033908,0.0600783273504642
"RNF4",0.025857837712888,0.0487574104052266,0.06251154498397
"NEMF",0.0256739467379488,0.0503842371376745,0.0644918235362234
"CNDP2",0.0256513755979733,0.0505870152358582,0.0647051610409977
"HNRNPA2B1",0.0256505043231775,0.0505948564120344,0.0647051610409977
"STAG2",0.0256485102598923,0.0506128061331528,0.0647051610409977
"AC008105.3",0.0255738776463006,0.0512884632410921,0.0655155277898431
"HLA-E",0.0255483821584171,0.0515209997013182,0.0657322437198267
"RNPEPL1",0.0253807969538153,0.0530715465439201,0.0675456046922619
"WAPL",0.0253363801687033,0.0534889769158043,0.0680492623156034
"SRSF5",0.0252856157778976,0.053969415506488,0.0685770206759912
"CLU",0.0252784900797773,0.0540371410566942,0.0686352670529741
"SMURF2",0.0252553609797415,0.0542574583124679,0.0688314681504447
"CNOT2",0.0252112595731497,0.0546796248916649,0.0693109554002672
"ZBTB20",0.0251751206041996,0.0550276085339717,0.0697238708535497
"ZNF430",0.0251018733672077,0.0557385726203171,0.0705392105477459
"KIF5B",0.0249696762371397,0.0570410875597963,0.0721584713947242
"TYMP",0.0249092168287154,0.0576451652512953,0.0728932412209927
"CTSD",0.0247741975311746,0.0590134161787887,0.0745933386282472
"IRAK4",0.0247472978371448,0.059289205642295,0.0748514287013837
"FYTTD1",0.0246226597712571,0.0605810506601239,0.0762980621968469
"DHX15",0.0245838535167272,0.0609879979498164,0.0767797517344939
"CRTAM",0.0244314209105021,0.0626084754104261,0.0787565900068578
"EPC1",0.024316712311292,0.0638512535114286,0.0802555234516394
"PRKDC",0.0242514094429245,0.064567811576745,0.0810911722485672
"LMBRD1",0.024178457749726,0.0653761316099544,0.0820734782741461
"IST1",0.0241699869438741,0.0654705281472086,0.0821590941455166
"ZFR",0.0241397344255234,0.0658085721969164,0.0825502729638119
"XPC",0.0240966590521644,0.066292380539285,0.0831239125834458
"BIRC2",0.0239496859287183,0.0679652301697415,0.0851193936950118
"ZMYM5",0.0238253520423121,0.0694073594076139,0.0867522834205967
"MARK2",0.0237540520540289,0.070245628860228,0.0877650566158068
"SHOC2",0.0236244109663452,0.0717910828350477,0.0896602292993667
"NCOA7",0.0235808504034277,0.0723165780867701,0.0902446434063315
"BSG",0.0235531615522603,0.0726522379234049,0.090627453511455
"CD8A",0.0235358182987392,0.0728631312241403,0.0908539650116448
"SEC22B",0.0235334666835764,0.0728917652963324,0.0908539650116448
"CD226",0.0235187291124703,0.0730714247146085,0.0910417115236441
"IGFBP7",0.0234307337197271,0.0741516907224803,0.0923142922213966
"OS9",0.0234231582866375,0.0742452966094256,0.0923941468917296
"STX17",0.0234146310498884,0.0743507789410768,0.0924887119235292
"R3HDM2",0.0232802655364364,0.0760291092410222,0.0945015008243542
"SYTL1",0.0229486914646053,0.0803031838197984,0.0995772180541272
"KPNA4",0.0229251564515107,0.0806138287360901,0.0999229118246555
"SRSF6",0.0228337450818758,0.0818296583204333,0.101269853391033
"FCMR",0.0228233179823349,0.0819692853745039,0.101402634688144
"CSNK1G2",0.022808370700596,0.0821697781177363,0.101610577356948
"HLA-DRB5",0.0226863191343264,0.0838218127153265,0.103612615165654
"GOSR1",0.0226198512288572,0.0847327379473159,0.104697346809607
"SLTM",0.0226052399964374,0.0849340505902078,0.104904758822722
"YWHAZ",0.0225905347076737,0.0851370494289705,0.105105514218537
"IL2RG",0.0225886120430989,0.0851636197797521,0.105105514218537
"CAST",0.0224862879657618,0.0865873911707466,0.10682063678657
"TOX4",0.0223651477258676,0.0882977514904364,0.1088450269945
"BBX",0.0223267285724588,0.0888458379180524,0.109477621890378
"CUL3",0.0222155518145503,0.0904473354021111,0.111363503659608
"RCSD1",0.0222022641413888,0.0906402876320745,0.11155727708563
"SMAD2",0.0219944644207449,0.0937010607199395,0.11514362320444
"U2SURP",0.0218693564160056,0.0955834475705695,0.117327117491665
"PTEN",0.0218689129234603,0.0955901738492362,0.117327117491665
"PRKACB",0.0217251276367622,0.097790961192641,0.119840740250145
"EHD1",0.0216648885873961,0.0987249332537006,0.120938043235783
"SCML4",0.0216458076968118,0.0990222518359542,0.121254893306346
"TMEM87A",0.0216030530722217,0.0996910488242815,0.122026201839558
"CBX6",0.0215493175189851,0.100536720117614,0.123013325902785
"PARP1",0.0215326893933451,0.100799562714061,0.123286828654951
"ERO1A",0.0213737954193567,0.10333891385057,0.126226979776788
"MTDH",0.021302212343121,0.104499402664249,0.127513667998088
"PRKAR1A",0.0212710358299863,0.105008052976932,0.128034702230039
"PTPN4",0.0210867534252433,0.108054898993587,0.131494048600655
"CLINT1",0.0209653019513331,0.110100883888906,0.133879942565184
"KIAA0355",0.0208817387231006,0.111526282807858,0.135508106503465
"PACS1",0.0208184916008982,0.112614782979567,0.136777675996872
"PTPRA",0.0204907957546758,0.118389169528599,0.143457664467422
"RAP2B",0.020405710975171,0.119925799132813,0.145081638515159
"SRSF4",0.0204037895887955,0.119960678785015,0.145081638515159
"REL",0.0203032096311149,0.121797659514958,0.147189772731757
"SRPK2",0.020206840658633,0.123578287071394,0.149226610803192
"P4HB",0.02014847140071,0.124666625733686,0.150482886182002
"SLC2A3",0.0200872016993066,0.125817069518441,0.151813131977618
"RBBP4",0.0200566204139479,0.126394370816078,0.152451056492007
"ARHGAP18",0.02004762751006,0.126564527033866,0.152597599684047
"ACADVL",0.0200134870787468,0.127212127477897,0.153319458789656
"ZNF652",0.0199972921633726,0.127520224382238,0.153631741706761
"HLA-F",0.0199899945354844,0.127659246156076,0.153740167413769
"TMED5",0.019946061121986,0.128498681345928,0.154691694702814
"CD164",0.0196128686014215,0.135005270554794,0.162151102435784
"TPM4",0.0195468994620855,0.136323195075755,0.163546113143676
"HEXD",0.0194541994255829,0.138191896271867,0.16566123345129
"UPF2",0.0193455405907475,0.140407357321284,0.16818849219234
"PIP4K2A",0.0192598147343342,0.14217442729579,0.170110264784279
"TRA2A",0.0192321921396701,0.142747435084733,0.170730723274493
"M6PR",0.0192050149481681,0.143312931209737,0.171276429982368
"CDK11A",0.0191986656901803,0.143445292228058,0.17136930911512
"KLF13",0.0188655441590255,0.150522079492755,0.179686806733643
"LAPTM5",0.0188302923603282,0.151286267000563,0.180530339921525
"UBTF",0.018826822996219,0.151361635212,0.180551573991948
"PDCD1",0.0184592078772791,0.15951080180067,0.189695060465264
"SF3B2",0.0183579330676722,0.16181309892008,0.192141566911537
"ATP1B1",0.0183470308577836,0.162062428263768,0.192364789945184
"NR3C1",0.0181398696137695,0.166855378753727,0.19767981404295
"TSC22D4",0.0180536697968651,0.168880815477678,0.199852919750188
"UBA1",0.0178775843800762,0.17307551928309,0.204354227587263
"PTPN1",0.0178724067279909,0.173200029172048,0.204424272293393
"CHD6",0.0178166577267313,0.174544899535625,0.20593408763872
"PAFAH1B1",0.017618619179737,0.179385355882446,0.211406417154209
"GLIPR1",0.0176119067243581,0.179551152505739,0.211522319405709
"KRIT1",0.0175265526771678,0.181669324706777,0.213856982838008
"ITGA1",0.0173880524711628,0.185145741738605,0.217785838744285
"BIN2",0.0173104962014541,0.187113802338165,0.219853459772381
"CGGBP1",0.0171520804254178,0.191181662252023,0.224464879379387
"FKBP5",0.0171305654919414,0.191739110901763,0.225035124172129
"TERF1",0.0170702312324161,0.19330873633854,0.226538190268185
"RNF115",0.0170586403611141,0.193611355963266,0.226808073328652
"CTSS",0.0169767394485,0.195759577619987,0.22915342867349
"CLDND1",0.0168484231608322,0.19916028790784,0.232960336769484
"ADNP",0.0168192395239502,0.199939717789274,0.233784845259942
"SRSF10",0.0168028027372213,0.200379686902822,0.234211963521152
"UFM1",0.0167118014948057,0.202828337611331,0.236817457830317
"HLA-DMA",0.0167115416375094,0.202835360884003,0.236817457830317
"IRF7",0.0165802101642668,0.20640761144212,0.240808880015806
"TES",0.0165582718123929,0.207008765153255,0.24142041187081
"RBMX",0.0164866423962482,0.208980394529121,0.243448186197372
"ELOVL5",0.0164698357931396,0.209444966952976,0.243898780677509
"SNX5",0.0164593617893032,0.209734869999228,0.244145713555151
"WFDC2",0.0164200445312174,0.210825697904582,0.245233452755478
"REXO4",0.0163915784684296,0.211618024022641,0.246063820294772
"NCK2",0.0163363932978408,0.213160176334342,0.247765127125462
"C16orf54",0.0163296879538544,0.213348108684546,0.247891689082896
"GSPT1",0.016234038533798,0.216041924652552,0.250928694707556
"APOBEC3C",0.016162191821815,0.218081416569964,0.253203747635471
"FAM133B",0.0161126728050173,0.219495128904192,0.25475082318414
"UBE2Q1",0.0160350328965418,0.221724880372444,0.257243516406949
"COPB2",0.0158397699914722,0.22740425082961,0.263442826228909
"PCED1B",0.0157627051195686,0.229674033545852,0.265974065435669
"ARRDC3",0.0155773804174438,0.235198219381523,0.272069943187184
"ODF2L",0.0155441076820843,0.236199892157545,0.27312789889604
"TAF3",0.015375758686489,0.241314259705777,0.278733524286305
"IL16",0.0153058087250858,0.243462065743737,0.281007375109443
"ASXL1",0.0152734719649901,0.244459488076875,0.282054803020265
"DAXX",0.0152103959592334,0.246413302640586,0.284204530004001
"JAML",0.0152067791131773,0.246525667187908,0.284229592757824
"RAB6A",0.0151852101980603,0.247196493900945,0.284898274484881
"TSPYL1",0.0150179764499319,0.252441102027365,0.290302638781744
"NOP56",0.0150027554694831,0.252922267367195,0.290749351342934
"RAB1A",0.0149021502352853,0.256118662224207,0.294315912325069
"GZMK",0.0148871962070135,0.256596160810281,0.294648685573431
"ALG13",0.0148820095901518,0.256761919443628,0.294731105188587
"ARFGAP2",0.014819575925454,0.258763064199649,0.296919491156275
"DAZAP1",0.0147224990124406,0.261896021383354,0.300404507336576
"KLF6",0.0141985205510913,0.279258129595594,0.31915214810925
"CBX5",0.0140932045119176,0.282840132229669,0.322657931856036
"PTPN18",0.0140829550632409,0.283190390662573,0.322822633630618
"PURA",0.014074356408112,0.283484462405475,0.323040433903914
"PRKCSH",0.0140300630857144,0.285002557627709,0.324652386749181
"BCL2",0.0140119840934771,0.285623768094108,0.32524187971791
"LAMP2",0.0138546681633287,0.291067897282805,0.330960451732732
"EMC10",0.0138497932809328,0.291237706176352,0.331033507274027
"LMAN1",0.0138053601696062,0.292788533399838,0.332675666935468
"RSRC1",0.0136974965434083,0.296576268186188,0.336857362199162
"RAP1GDS1",0.0135417754222418,0.302102131493291,0.342265998686041
"CAPZA1",0.0134440590648674,0.305604415325659,0.345983915689988
"EIF4B",0.0133468530408559,0.309115013862852,0.349453743141277
"HADHA",0.0132963811374671,0.310948277082076,0.351399566461041
"AUP1",0.0132619851685725,0.312201723588368,0.352688978808761
"TMEM50B",0.0132024139462589,0.314380462427498,0.354894575296124
"ATG12",0.0131285287008338,0.317096571283183,0.357446027154587
"PABPC4",0.0131050427695451,0.31796315486666,0.358294090428259
"OTUB1",0.0130858315945912,0.318673161014112,0.358965169877965
"INTS6",0.0130142206948983,0.321328892675653,0.361696844016815
"UBASH3A",0.0129884751036641,0.322287204268186,0.362385325415931
"RSBN1",0.0129828831899791,0.322495594659988,0.362489671990582
"CCPG1",0.0129396304871131,0.324110434284138,0.363913470073418
"CCDC91",0.0129211271410939,0.324802861880724,0.36456040617679
"MTCH1",0.0128774542833179,0.326440990809647,0.366267959634724
"FAM192A",0.0127453796312613,0.331427587764508,0.371597037979799
"ZNF721",0.0127232479225981,0.332267981984616,0.372273094499377
"ESYT1",0.0126667201757195,0.334420717486575,0.374551203584964
"C1GALT1",0.012652862266851,0.33494983445252,0.375009882485934
"EZR",0.0125970735690964,0.33708538703049,0.377131563941354
"LARS",0.0125325403125105,0.339566566570182,0.379366139210577
"MIOX",0.0125283979726415,0.339726230485057,0.379409351424907
"REST",0.0125213019684244,0.339999853364566,0.379579757974823
"TMUB1",0.0124318472861882,0.343461344229774,0.383152527532194
"MAT2B",0.0123927855306937,0.344979891261888,0.384591873088262
"ABHD17A",0.0122522267678409,0.350479538447428,0.390445411215323
"IFNAR1",0.0121879201077776,0.353014097844805,0.39312933623626
"UPF3A",0.012128951853711,0.355348411444664,0.395448054751762
"CHKB",0.0119638987807886,0.361933812437406,0.402205682425126
"LEPROT",0.0118255815649132,0.367510974588695,0.408114170081497
"DPP7",0.0118214543935174,0.367678206665723,0.408155347293347
"NOP58",0.0116963573177571,0.372769579218656,0.413514467785534
"GALNT1",0.0116322513466076,0.375395490287648,0.416280147645709
"TMF1",0.0116249238990443,0.375696363263481,0.416466523575213
"SIRT7",0.0115284354228948,0.379672160856025,0.420576438164781
"MOB1A",0.0114059283746669,0.384757159240571,0.425908383825779
"SEPTIN11",0.0113752746848396,0.386036009396102,0.426833233870773
"IMMT",0.011344285532564,0.387331489062605,0.428002660218579
"NONO",0.0111167870217276,0.396922819355392,0.437829743756071
"MLEC",0.0111118860456887,0.397131008310152,0.437905359374345
"GRK6",0.0110136352765347,0.401318488427376,0.442367233640861
"CTCF",0.0109048516516499,0.405985664530086,0.447197416215789
"RNF145",0.0108646176007703,0.407720013979526,0.448950127752736
"MGAT1",0.0108185627489516,0.40971068708774,0.450983753845965
"NT5C3A",0.0107806517777553,0.411353677024189,0.452633379350125
"PPP2R2A",0.0107609610863158,0.412208574808339,0.453414973903526
"LIMS1",0.0106839950499551,0.415560248040107,0.456621211581561
"MPHOSPH10",0.0106125229792207,0.418687036699939,0.459734785396012
"COPB1",0.0103038635122294,0.432348450786294,0.473905886636078
"ZNF75A",0.0102934502806331,0.432813801006671,0.474250202640434
"SF3A2",0.0102716077101175,0.433790850547244,0.475154770281578
"SAR1B",0.0101594604470387,0.438827390161597,0.48050373447862
"CDC42SE1",0.0101240476057218,0.440424733573847,0.481748156430967
"NGLY1",0.0099532881642467,0.448173697229641,0.489370722323174
"BROX",0.009822545913979,0.454158671979197,0.495216131893867
"SAT1",0.00980557851109505,0.454938676059535,0.495894225972437
"SYTL3",0.00972449257858518,0.458676654811293,0.499447913016742
"ESF1",0.00969128344588408,0.460212516124797,0.500772536629897
"ANKRD49",0.00967969915412441,0.460748944280825,0.501182341056076
"ILF3-DT",0.00965000451693738,0.462125594308242,0.50250550060702
"ARID4A",0.00940710537494282,0.473472213851161,0.513419385420899
"ZNF394",0.00934185406617798,0.476546215448139,0.516395622545047
"MAT2A",0.00933388329787442,0.476922467526156,0.516624821472202
"RAB27A",0.00930358216160208,0.478354285002033,0.517996905306068
"CCDC130",0.00925305316948007,0.48074714229388,0.52022879166101
"ESRRA",0.00897005281174401,0.494268647743065,0.534491889421466
"WDR1",0.00886342768705693,0.49941534811057,0.53987126221122
"ATP6AP1",0.00875320364686634,0.504765527401965,0.544903509098989
"C11orf54",0.00870215350443262,0.507253651987159,0.547206448385702
"HCLS1",0.0086733063239001,0.508662472584562,0.548355281548706
"TAF7",0.00863846391165343,0.510366814658954,0.550003550092948
"FBXW5",0.00852804363738883,0.515787761545906,0.55508250521893
"FNTA",0.00838288881918766,0.522959130109108,0.562028729274216
"IL27RA",0.0083270247687303,0.525732667814388,0.564622481597918
"EFR3A",0.00822175851878318,0.530979283073437,0.570061975939164
"LAMP1",0.00811408957472483,0.536372989348442,0.575458670748107
"PTPRE",0.00799692944764707,0.542273309543439,0.58139114486435
"AC008875.3",0.00785508321955675,0.549459887574196,0.588693613745363
"SLC38A2",0.00776496747279954,0.554049822839807,0.593408553424055
"DDX52",0.00774656689914058,0.554989335086417,0.594211865766816
"PCMTD1",0.00769555881948031,0.557597811976838,0.59680093459364
"CRYAB",0.00768323525188475,0.558228914331558,0.597272560676822
"CDC42SE2",0.00762767006325887,0.561078767969336,0.599912381981533
"ARL16",0.00759538711080029,0.562737737857064,0.601481099495485
"MKNK2",0.0075809497580941,0.563480415727367,0.602069704845323
"CERS2",0.00745307402246819,0.570079062306088,0.608705461148074
"TRA2B",0.00740912865141373,0.57235520640006,0.6109278173147
"CDC5L",0.00736949900496419,0.574411511462984,0.612914086406233
"UBL3",0.00732830687015025,0.576552589202117,0.614969189692737
"RFC1",0.0072064283909821,0.582909505908895,0.621136327057524
"CLPTM1L",0.00690516625579277,0.598761300192426,0.636729548119175
"MGAT4A",0.00687758518697078,0.600222274312019,0.638066797370336
"PLSCR1",0.00686420526205104,0.600931591463988,0.638604361515102
"STXBP3",0.00678502690677014,0.605136841108838,0.642420153594217
"TMEM123",0.00675300701889786,0.606841189077523,0.644011495413574
"ADSS",0.00663952103319089,0.612898985891311,0.650000412497515
"CPNE1",0.00653695440238263,0.618396771268798,0.655387723791467
"CSK",0.00642852577944052,0.624232079911431,0.661125228842367
"PPP4R2",0.00640526250079905,0.625487133978696,0.662230807615527
"CWC25",0.00630784222061661,0.630754721936956,0.667357222670139
"HSPA5",0.006243554238028,0.634241145724306,0.67059347032752
"UBXN4",0.00620270726378588,0.63646056174349,0.67248663127614
"RBM27",0.00619381886543911,0.636943945273596,0.672770701373525
"GPAA1",0.00606416417449963,0.644012516684847,0.679550219489798
"ELAVL1",0.00605084810727769,0.64474032821051,0.680089360668738
"MIB2",0.00601883426955605,0.646491489348429,0.681478087595521
"MXD4",0.00599976387810396,0.647535574288396,0.682349314841535
"OSBPL8",0.00570660263214955,0.66367210176457,0.698649114177137
"CHORDC1",0.00570186708796484,0.663934071238058,0.698690351477365
"HCP5",0.00558879660099913,0.670201244361967,0.705049011177164
"TTC19",0.00557042325228362,0.671221811953783,0.70564921296918
"VPS36",0.00556229916816023,0.671673266509577,0.705887186251352
"PMPCB",0.00548752676326995,0.675833905216108,0.709784034413167
"HNRNPUL1",0.00545371655860796,0.677718505953449,0.71145873329219
"CFAP97",0.00534619382677722,0.683725252314198,0.716392379304152
"STXBP2",0.00526039082693015,0.688533048380166,0.721188924422245
"EIF2A",0.00514467726922765,0.695036765656511,0.727272371404343
"SMARCE1",0.00496593133903156,0.705127335390676,0.737338887557572
"FIP1L1",0.00493135381303545,0.707085374088959,0.739139911047659
"HNRNPK",0.00490452258017232,0.708606096379645,0.740482745167133
"RASSF1",0.00485682565944913,0.711312295599422,0.743063077614853
"DHX29",0.0048339743461962,0.71261011188377,0.744170932689811
"TBRG1",0.00475048153570814,0.717359050216886,0.748631607813695
"TP53I13",0.00471704927519872,0.719263702722851,0.750369584743467
"ARID5B",0.00464555834144269,0.723342416641077,0.753872322561123
"SUPT16H",0.00457907391566041,0.727142564245462,0.757329485710319
"USP14",0.00453597126697253,0.729609842360024,0.759162059676839
"TGS1",0.00453564845055346,0.729628331589921,0.759162059676839
"THUMPD1",0.00436442469697995,0.739457031368008,0.768623550006653
"SRPRA",0.00431249011145735,0.742446729395117,0.770964550789101
"TGFB1",0.00415235999992486,0.751689178926847,0.779900902957697
"TNFRSF1A",0.0041504678581025,0.751798606390662,0.779900902957697
"EPRS",0.00413836349433108,0.752498751058569,0.78036907517185
"NSRP1",0.00410858684242112,0.754221967614265,0.781897550558127
"ATF4",0.00406211736460866,0.756913664504693,0.784428701879286
"SUMF2",0.0038238401544292,0.770761327691311,0.797725255326717
"TSEN54",0.00376441415208017,0.774226520049011,0.800783102530903
"TNFAIP3",0.00367445025683899,0.779480955940582,0.805686314380246
"WASF2",0.00359886161149651,0.783903602173341,0.809190815146674
"PUS7L",0.0035147395550402,0.788833744924963,0.813476693220876
"CDV3",0.0034927015171879,0.790126736221103,0.814274546430949
"APPL1",0.00343862005218407,0.793302186023773,0.817278467598736
"CCDC82",0.0033184935125051,0.800367738598037,0.823745726368049
"GATA3",0.00330599718321114,0.801103691978511,0.824232669962143
"BNIP2",0.0032989951790471,0.801516142170117,0.82438656013299
"SRRT",0.00329351673996518,0.801838885956929,0.824448113560961
"HM13",0.00317376914935327,0.808901765688772,0.830892871667209
"TRGC1",0.00315329171285901,0.810111130627905,0.83159034554799
"NARF",0.00302560878236475,0.817662000170254,0.838792290655518
"RBM17",0.00300916603934269,0.818635631911678,0.83951646228745
"STOM",0.00283572976665649,0.828922146964894,0.849232228971548
"SIRPG",0.00272014227833786,0.835794084940815,0.855713434663531
"TDG",0.00269546640071533,0.837262765192251,0.856937347141938
"KLRD1",0.00261489719758321,0.842062075903705,0.861006413444414
"CRBN",0.00255713187388482,0.845506640238503,0.864083436049789
"TMED10",0.00255519027993252,0.845622469782144,0.864083436049789
"STX4",0.00238816183430738,0.855599102849076,0.873139858943932
"CSDE1",0.0018801685345861,0.886077177376158,0.900858018123887
"TRIM28",0.0018780015494083,0.886207584793429,0.900858018123887
"ZRSR2",0.00186945246082286,0.886722092056487,0.901088943839645
"FGD5-AS1",0.00179396314327481,0.891267290804322,0.904828172211833
"C19orf25",0.00171411527577554,0.896078804115237,0.909124273602518
"RNPS1",0.001682603402658,0.897978724739434,0.910757205945299
"RBBP7",0.00165520017740974,0.89963140172143,0.911843592695024
"SLC9A3R1",0.0013380664491643,0.918787443826484,0.929542190032939
"DNAJC21",0.00128317480620896,0.92210820719472,0.932515749036647
"GIMAP6",0.0012759899896949,0.922542966645135,0.932654656157041
"RNASEH2B",0.00126438853857163,0.923245029257864,0.93284920812182
"WDR33",0.00126297888456733,0.923330338651189,0.93284920812182
"SCFD1",0.00114114182406487,0.930706896058851,0.939998977790839
"IRF1",0.00113305310047701,0.931196841135906,0.940191015390278
"LY9",0.00103725691679482,0.937001278971216,0.94544273193492
"PDIA3",0.000995163366918153,0.939552869059403,0.947351182003729
"RUNX3",0.000991104215474622,0.939798956381888,0.947351182003729
"UFL1",0.000769356700988114,0.953250564987461,0.959368989666456
"EED",0.000520358242978242,0.968370964059153,0.972713434750001
"TRAM1",0.00050009241922758,0.969602177476139,0.973638305656475
"TANK",0.00047358518176034,0.971212685561316,0.974943336082038
"TRIM59",0.000408667994350477,0.975157360662926,0.978589914572459
"ZC3H8",0.000304040084501908,0.981516284220258,0.984341243145101
"FAM120AOS",0.000265824624172887,0.983839202227769,0.98635541502119
"AP2B1",0.000248679094414096,0.984881435022164,0.987084749194473
"TMEM106B",0.000193530740570902,0.988233928078739,0.989579789199889
"MAPK1IP1L",0.00019244965418116,0.988299650072243,0.989579789199889
"RRP7A",0.000187540565834537,0.988598087040718,0.989579789199889
"ZNF708",0.000180523248606825,0.989024691794426,0.98965584986194
"ZNF131",-3.17360029574539e-05,0.998070480898752,0.998070480898752
"ABCF1",-0.000164334961721151,0.990008840360672,0.990324632654248
"TLE4",-0.000186964218885118,0.988633124860731,0.989579789199889
"TRNAU1AP",-0.00031155380302903,0.98105958236992,0.984197968749863
"SLC25A36",-0.000594748461851123,0.963852189499554,0.968484609506761
"ARFRP1",-0.000634350416703803,0.961447064414193,0.966377562180419
"C1orf131",-0.000685015654938482,0.958370552979077,0.963594118032185
"CNOT7",-0.000689499444406294,0.958098316006889,0.963594118032185
"GRAMD1A",-0.000697335046928695,0.95762258269128,0.963459871453274
"TRAPPC2",-0.000844573366469089,0.948686099713576,0.955081736340859
"EIF4H",-0.000898046193834011,0.945442157206473,0.952121581566956
"NSUN6",-0.000909832123085263,0.944727280579876,0.951707276549467
"AMD1",-0.000934016121697691,0.943260537875005,0.950535040737795
"SNTB2",-0.00101340739415977,0.938446890806411,0.946596799475363
"TMEM170A",-0.00107596653214187,0.93465538340823,0.943379234749987
"MBD4",-0.00133667796887662,0.918871425096336,0.929542190032939
"RAB21",-0.00134067856157668,0.918629454469392,0.929542190032939
"FGFR1OP2",-0.00145108044823089,0.91195499087798,0.923439086662366
"PWWP3A",-0.0015686214366357,0.904855755244368,0.916546398076982
"TM2D1",-0.00162066565064025,0.901714783455863,0.913659955062225
"HERC5",-0.00165869013341952,0.899420899611285,0.911843592695024
"FBXO9",-0.00175119011826078,0.893844243208391,0.907150662362949
"HNRNPC",-0.00180253990112255,0.890750702946815,0.904596568795729
"KLHDC2",-0.00184063926933714,0.88845649813443,0.902558982231802
"WBP1",-0.00193978841568498,0.882490522922159,0.897661459579595
"CNOT4",-0.00199250225643909,0.879321329543589,0.894727997874333
"CTR9",-0.00207088052655098,0.874612758875914,0.89022577469486
"PIK3IP1",-0.00210274541725887,0.872699735789991,0.888567003713446
"HNRNPD",-0.00219527595863854,0.867148879187918,0.883201976334301
"KIAA0040",-0.00223928172637002,0.864511276096238,0.880801612033075
"SAP30BP",-0.00232689161524264,0.859264662700152,0.875740650707728
"SHFL",-0.00234573592753677,0.858136953734461,0.874875645939945
"RECQL",-0.00235742940963648,0.857437320568294,0.874446646277128
"DERL1",-0.00235792938347602,0.857407409106547,0.874446646277128
"DARS",-0.00242594010222369,0.853340521593119,0.871118449126309
"GNLY",-0.00243695566552902,0.852682179354317,0.87072983212476
"SPATS2L",-0.00246966647690515,0.850727832662394,0.869017095514419
"ATP1B3",-0.00265060020405063,0.839934600022042,0.859111189063641
"HNRNPL",-0.00265961472894598,0.839397625370331,0.858842072809579
"DDX50",-0.00276394918782691,0.833188160016578,0.853323994060088
"STK17B",-0.00288734061934397,0.825857953231501,0.846369457952284
"SLU7",-0.00293227829803816,0.823192109508698,0.843913192356743
"IRF9",-0.00314734313847848,0.810462529110499,0.831678825684073
"CD59",-0.00316782418961455,0.8092528187162,0.830981283396858
"PRH1",-0.00321289937716027,0.806592067522641,0.828791849197576
"DDX21",-0.00324458073192632,0.804723279562282,0.827142643299678
"RAB11B",-0.00332658077441892,0.799891545292692,0.823525898239619
"SOD2",-0.00335201258137624,0.798394557708064,0.822254624949914
"STK24",-0.00349748848363452,0.789845831393418,0.814252638806627
"ERP44",-0.00358300105739001,0.784832485380634,0.809616669129496
"NDUFV1",-0.00359441842836016,0.78416378897932,0.809193037920088
"SZRD1",-0.00361560715932904,0.782923222757333,0.808444921490614
"YME1L1",-0.00362313312572154,0.782482722091362,0.808256197786071
"EIF5B",-0.00366280753881358,0.780161703557285,0.806124251188021
"USF2",-0.00370714146225108,0.77757041234508,0.803976529216674
"PRPF6",-0.00380369891676721,0.771935275833514,0.798676682617585
"TMEM248",-0.00387316864451797,0.767888398703963,0.795014202157685
"UQCRC1",-0.00392272658668878,0.765005313176026,0.792290839537655
"LRP10",-0.00398926460360344,0.761139514516395,0.788547577642357
"EIF2S3",-0.00429125950639351,0.743670025752915,0.771979212433347
"CALR",-0.0043284918495169,0.741525147049624,0.77026262376536
"SLC2A4RG",-0.00435728358615115,0.739867888729108,0.768795791601883
"PRPF38A",-0.00443210018008938,0.735567088700023,0.764833683741138
"ABCE1",-0.00452511028789524,0.730231988472792,0.759538147877505
"PPHLN1",-0.00457413886577067,0.727424913165166,0.757372021144077
"CMIP",-0.00460918769077844,0.725420469202291,0.755786907447968
"MAPRE1",-0.00469577011720687,0.720476896132393,0.751135487457176
"NAP1L1",-0.00471019525894042,0.719654395267969,0.750527497027054
"LPXN",-0.00480117729771453,0.71447423970849,0.745869246246946
"CYSTM1",-0.00498999101106894,0.703766046676439,0.736160881380024
"RASSF7",-0.00523302484564808,0.690069106658566,0.722315326595882
"PDE4B",-0.00523392949910832,0.690018307821121,0.722315326595882
"MAX",-0.00535545637911002,0.683207005668523,0.716088626262196
"NDUFS2",-0.00538193307535489,0.681726438563128,0.714775697537268
"URI1",-0.00539708972399373,0.680879435031288,0.714126390721779
"RAB10",-0.00543607324086063,0.678702756990899,0.712081581105206
"SIKE1",-0.00545078089511539,0.677882236950594,0.71145873329219
"SDHA",-0.00553724797401775,0.673066104009936,0.707114004078781
"EFHD2",-0.00557754318071316,0.670826255732355,0.705469865183322
"TRABD",-0.00593299149604626,0.651196751146466,0.685746478037379
"PCBP1",-0.00595071966931561,0.65022387785341,0.684951992256732
"VPS35",-0.00601928753294843,0.646466682083634,0.681478087595521
"TECR",-0.00607436647230949,0.643455124093549,0.679190598841255
"ARPP19",-0.00618523981615464,0.637410651814146,0.673036971073792
"TMX1",-0.00622555533560648,0.635218710520792,0.67140069976178
"ATAD1",-0.00628202732360905,0.632153717142726,0.66861182359514
"USP1",-0.00632348709638363,0.629907517066561,0.666685782490967
"CHTOP",-0.00643912010583412,0.623660876677462,0.660743415290717
"GGA1",-0.00661059087007451,0.614447517479222,0.651422384994875
"DAP3",-0.00666128746922414,0.611735041219688,0.648985483513173
"LIMD2",-0.00681437701481394,0.603576486456578,0.640980650703633
"LARP7",-0.00682310556217712,0.603112795320938,0.640705191777257
"HNRNPR",-0.0069469518473363,0.596550987142495,0.634594265834079
"TMED4",-0.00710491084382727,0.588229262948604,0.625954180049821
"DENR",-0.00716052766186308,0.585312032524301,0.623061281057776
"CWC22",-0.00717302653716348,0.584657363456284,0.622575718777218
"DNTTIP2",-0.00719588930228762,0.583460733842244,0.621512520831956
"SDHC",-0.00722973883739684,0.581691158691385,0.620048767388234
"VCP",-0.00732490238419067,0.576729715206103,0.614969189692737
"RAB8B",-0.00751690767091485,0.566780514154422,0.605389541004179
"TIGIT",-0.00763406219555772,0.560750567260096,0.5997659546138
"RPS6KA1",-0.00785862792625261,0.549279726137516,0.588693613745363
"RNMT",-0.00809242802976116,0.537461451633437,0.576429244980321
"MORC3",-0.00817181428861792,0.53347782893348,0.572548415994316
"LYPLA2",-0.00834662256069029,0.524758821272194,0.563769668896746
"TRAT1",-0.00843712669874861,0.520273532758798,0.559334178516144
"IFITM3",-0.00847041660516336,0.518628704683935,0.557757070606591
"OAS1",-0.00851865122245503,0.516250245018106,0.555389628945722
"PRMT2",-0.00854726221103012,0.514842107240054,0.554255011433165
"PTGER4",-0.00856767961625879,0.513838451651683,0.55336448639412
"IFI27",-0.00859507900530238,0.512493184747659,0.552105334032517
"BRD7",-0.00869869790939583,0.507422306092354,0.547206448385702
"EXOSC8",-0.0087481657060333,0.505010784432272,0.54498066757729
"NRBP1",-0.00878170890156344,0.503379017745761,0.543593870403136
"SHARPIN",-0.00880251224119292,0.502368403767598,0.542689395182634
"WBP2",-0.00884637530367896,0.500241082667596,0.540577544881317
"NDRG1",-0.00915086678371514,0.485606151161379,0.525305584698891
"FERMT3",-0.00927089473666029,0.479901491077697,0.519492949955008
"DNAJC3",-0.00936961907383249,0.475236866490592,0.51515479202022
"FAM49B",-0.00942896210474254,0.472444982157305,0.512482692509619
"TAGAP",-0.00945494313832255,0.471225512639399,0.511336750047459
"ARID5A",-0.00945731839079807,0.471114112288365,0.511336750047459
"SRP54",-0.00950165531942912,0.469037359762269,0.509314806168447
"STK17A",-0.00952613550902128,0.467892874755797,0.508248027445161
"DNAJC2",-0.00957131529423673,0.465784720386105,0.506133362138193
"C5orf56",-0.00961393912820009,0.463800675965074,0.504152138588032
"PHF11",-0.00971059097582704,0.459319228554842,0.499974002342237
"DUS1L",-0.00975349906398218,0.45733751181281,0.498162708247646
"RAB4B",-0.00978170268021277,0.456037542166505,0.496919295425351
"MICU2",-0.0098399228819135,0.453360621773071,0.494517881697514
"TNIP1",-0.00989876365405316,0.450664199100655,0.491747713423679
"RBPJ",-0.00990439154272405,0.450406773438812,0.491637884268749
"VPS4B",-0.00996449636159937,0.447662713471208,0.488983026626858
"SHKBP1",-0.00997044434998834,0.447391678108956,0.488857248275151
"CCM2",-0.0100468836734235,0.443916836323261,0.485229417465928
"ASAH1",-0.0100526057005302,0.443657340984171,0.485114860992455
"XRN2",-0.0101487955487379,0.439308094102907,0.480694411411973
"NARS",-0.0101536480525609,0.439089337460808,0.480622744250295
"METAP2",-0.0103557506908366,0.430034019643123,0.471533806154137
"NUB1",-0.0103622536424662,0.429744463104523,0.471381124972292
"HNRNPDL",-0.0105424761196497,0.421764864248322,0.462790277915584
"ANXA11",-0.0105962076452843,0.41940274217506,0.460359467784735
"E2F4",-0.0106654772743275,0.416369044805532,0.457349675835429
"IFI6",-0.010754196782448,0.412502499009558,0.453420202206089
"CHMP1A",-0.0107561788364041,0.41241636145037,0.453420202206089
"HACD4",-0.0109337011072616,0.404744781035655,0.445987221829871
"MMP24OS",-0.0111201205392744,0.396781252218118,0.437827588654475
"OGFR",-0.0112906636975214,0.389579363287095,0.430031989886775
"VSIR",-0.011331015238006,0.387887053865377,0.428314718634444
"CAPN1",-0.0113334005490196,0.387787156341248,0.428314718634444
"SNHG1",-0.0113728546838512,0.386137080513834,0.426833233870773
"HEXIM1",-0.0113806274886524,0.385812507416026,0.426775316845381
"G3BP2",-0.0113893320909581,0.385449222574532,0.426523910371818
"SNHG9",-0.011445402018636,0.383114166987601,0.424239416551242
"HERPUD2",-0.0116167497328094,0.376032179051182,0.41669148887085
"RSBN1L",-0.0117528351920798,0.370465581271763,0.411104056216648
"HDGF",-0.0119286983914881,0.363348091633987,0.403634295205166
"CTDNEP1",-0.0119810309918751,0.36124672488746,0.401584448510129
"TPST2",-0.0120786302201771,0.357348122065894,0.39739138680803
"MRPS5",-0.012113647550126,0.355955834533273,0.395983503758901
"CDKN1B",-0.0121391982903699,0.354942099188471,0.395136110420677
"MRPL38",-0.0123218820920628,0.347747219896173,0.387539190332053
"PARVG",-0.0124291358199564,0.343566615886648,0.383152527532194
"HAGH",-0.012477169958918,0.341704758894774,0.38134737505125
"AL627171.2",-0.0125436596390689,0.339138216978481,0.379022611705103
"SDF4",-0.012548004460346,0.33897093572711,0.378970714595443
"TBC1D10C",-0.0125887852904277,0.337403401601575,0.377352734458823
"RPS6KB2",-0.0126165227823063,0.33633989312851,0.376431800446469
"LINC00685",-0.0127373183559364,0.331733534560885,0.371807135233358
"HDAC1",-0.0128710676813203,0.326680995452624,0.36640615226732
"PSMD12",-0.0129507597553484,0.323694420844337,0.363576541464126
"NUCB1",-0.0129708285320867,0.322945126986725,0.362864893669068
"RGS14",-0.0129916123662435,0.322170328315014,0.362383841318466
"WAS",-0.0130037716034215,0.321717607942863,0.362004455869688
"CEBPZ",-0.0130166589934222,0.321238230001878,0.361696844016815
"DNAJC7",-0.0131592031596392,0.315967079692763,0.356300885263036
"EIF5",-0.0131748985692692,0.315390167571809,0.355778260973091
"POLR2H",-0.013192394768031,0.314747880220931,0.355181486999943
"YIPF3",-0.0132147819623429,0.31392729835515,0.354510625726233
"RSRC2",-0.0133604082095607,0.308623876008567,0.349024332911239
"GPR108",-0.0133876561194822,0.30763817726754,0.348035109636004
"NMT2",-0.0133902481417766,0.307544518959162,0.348035109636004
"RBM23",-0.013515367070767,0.303045998168943,0.343211357984039
"GALM",-0.0135969609521,0.300136053252351,0.340161425008808
"FASLG",-0.0136009603713793,0.299993899325659,0.340123235099518
"FXR1",-0.013607374084839,0.299766026305184,0.339987796923348
"EVI2A",-0.0136331918051626,0.298849915303013,0.339071394497196
"NMI",-0.013662903418618,0.297797948782637,0.33800013296502
"LITAF",-0.0136631837303971,0.297788035884028,0.33800013296502
"ELF1",-0.0139158385546009,0.288942780691813,0.328663242745566
"PDCD7",-0.013915957826142,0.288938647323094,0.328663242745566
"EMC3",-0.0139940734130613,0.286240096849676,0.325825387920357
"COMMD2",-0.0140877154733846,0.283027674777362,0.322754468400657
"CCT6A",-0.014103936132545,0.282473711023427,0.322357189872441
"CDC40",-0.0141362337637131,0.281372880327476,0.321217820424814
"ACAA1",-0.0141539934092081,0.280768803457012,0.320644926307789
"ABTB1",-0.0141595316045316,0.280580607403198,0.320546733995056
"SMAP2",-0.0142008140915449,0.279180466493626,0.31915214810925
"MED28",-0.0144610032566682,0.270465253876407,0.309328605454563
"PSTPIP1",-0.0144667790655223,0.270273928594681,0.309222561135688
"MMADHC",-0.0144997989294528,0.269181917890513,0.308085581936003
"COMMD3",-0.0145364634655311,0.267972924831913,0.306813834345702
"CYB561D2",-0.0145722304933643,0.266797126108312,0.305579177310324
"IL10RB",-0.0146073352003122,0.2656465552036,0.30437252360924
"BRMS1",-0.0146248176666684,0.265074836361771,0.303828467408814
"BAG5",-0.0147096724437471,0.262311924061967,0.300771551684947
"MRPL1",-0.0148903956780716,0.256493946248012,0.294639199792588
"KIN",-0.0150372379866818,0.251833121493004,0.28970970983201
"ARRDC1",-0.0150921132483131,0.250106611815146,0.287829113633871
"KLF2",-0.0151593657767544,0.248001977267921,0.285511821113142
"CYHR1",-0.0151759333959143,0.24748540951844,0.285021756977535
"CMTM6",-0.0151806440636792,0.247338671521229,0.284957411421959
"RPL7L1",-0.0153140170648739,0.243209336360247,0.280819027549976
"ERGIC2",-0.0154767926632513,0.238235620331839,0.275278889226473
"CAP1",-0.0154769217732932,0.238231703994173,0.275278889226473
"NSL1",-0.0155861946169216,0.234933373084766,0.271863859038312
"PPIG",-0.0157449862665727,0.23019817524445,0.266482642143446
"PPP1CB",-0.0158686472982604,0.226557861775613,0.262559295834561
"ELF2",-0.015900591868672,0.225624191733497,0.261573924316542
"ACAT1",-0.0159986025351079,0.222776702807984,0.258368247043579
"APMAP",-0.0164334653598404,0.210452886793119,0.24489063190472
"NCK1",-0.0164914775224947,0.208846879091039,0.24338305939409
"PSMD2",-0.016537552160555,0.207577689629524,0.241993916237245
"KRR1",-0.0166888857266344,0.203448372750853,0.237444769983876
"MTERF4",-0.0167676321381048,0.201323483004904,0.23522743766892
"LAP3",-0.0168508931005866,0.199094423353841,0.232960336769484
"CPNE3",-0.0169770050274725,0.1957525834987,0.22915342867349
"NFE2L2",-0.0170720561952392,0.193261121063628,0.226538190268185
"NKG7",-0.0170943953024472,0.192678967173326,0.225969050506937
"MIER1",-0.0171053639636326,0.192393597528905,0.225718788571136
"CD58",-0.0171982753182564,0.189988789699443,0.223147881834252
"INTS11",-0.0173376213605965,0.186423728019845,0.219124741780447
"THAP12",-0.0173763329681576,0.185442148887126,0.218052710502447
"MORF4L2",-0.0174890341124762,0.182606239664756,0.214879237369109
"TUBB",-0.0175695972355743,0.180598812336696,0.212676633679263
"LSP1",-0.0176500705397901,0.178610027576229,0.210571821984606
"CCNH",-0.0177257594121265,0.176754391991583,0.208462494654233
"EPS8L2",-0.0178781574930522,0.173061741428669,0.204354227587263
"EIF4E2",-0.0179401474851847,0.17157631315414,0.202736743802329
"TMX2",-0.0179699771489727,0.170864932540814,0.201972268544287
"C15orf40",-0.0179928570325379,0.170320789343768,0.20140497563426
"CASP1",-0.0180264924535287,0.169523209988111,0.200537452479335
"RETREG2",-0.0180601175755389,0.168728676803387,0.199748256117562
"UGP2",-0.0180854518286502,0.168131897561096,0.199116930042144
"RAB14",-0.0181760436983372,0.166010854525129,0.196753605363116
"ILKAP",-0.0181963899012266,0.165537264297946,0.196266488029625
"CYB5A",-0.0182407716935157,0.16450773506393,0.195119613146931
"LYRM2",-0.0183405924252689,0.162209808821101,0.192466878722275
"NDUFV3",-0.0184215571290864,0.160363812525235,0.190492771242098
"RBM22",-0.0184494234038474,0.15973214694096,0.189814328460345
"CALCOCO2",-0.0184534236641123,0.159641624686176,0.189778671347934
"OXLD1",-0.0185209172324152,0.158120149276791,0.188112590338398
"UBA2",-0.0186149979072779,0.156017685055888,0.185681768628183
"DNAJB6",-0.018702740390937,0.154076037402604,0.183440566930359
"IFIT1",-0.0187281358214562,0.153517503774646,0.182845002596768
"RNF113A",-0.0187341321608705,0.153385848356486,0.182757606552409
"GABARAPL1",-0.018768803792759,0.152626281762664,0.181921710227181
"CFDP1",-0.0187848898975145,0.152274849710509,0.181571836004623
"GPS2",-0.0189346874062375,0.149031743361547,0.177975455895587
"ARHGAP15",-0.0192271990676543,0.142851201071586,0.170789693694431
"HADHB",-0.0193205010049785,0.140921744240607,0.168675797686467
"MRPS31",-0.0193394875477017,0.140531572159004,0.168273008892951
"BFAR",-0.0194321426214442,0.138639423328375,0.1661342115238
"STAU1",-0.0195070936481915,0.137123220882703,0.164442990702928
"SH3BP1",-0.0195523655188273,0.136213618933355,0.163477194402985
"NAP1L4",-0.0195696947775733,0.135866674625384,0.163123235691119
"HNRNPH3",-0.0196712526206508,0.133847111120602,0.160821663016937
"PDHB",-0.0196844665012085,0.133586057765581,0.160569519797954
"C1orf35",-0.0198122282999422,0.131082269628709,0.157620397835748
"DPF2",-0.0198127333637835,0.131072444432962,0.157620397835748
"S1PR4",-0.0198140731430411,0.131046383972134,0.157620397835748
"PPP2R3C",-0.0202926349762203,0.121992064316778,0.147367917448927
"ARRB2",-0.0203111549053664,0.121651752722714,0.147070122027152
"PITPNC1",-0.0204180333384942,0.119702295343447,0.144880894711328
"DBNL",-0.0204200991141294,0.119664858124126,0.144880894711328
"TLK1",-0.0204594099768178,0.11895418930862,0.144086650317433
"COA1",-0.0205102268683123,0.118040418559717,0.143090356630565
"PAK2",-0.0205191775440415,0.117880042509535,0.142951203909475
"YDJC",-0.0207573988072409,0.113674139545392,0.137904101204777
"PHF1",-0.0207675416106996,0.113497720907211,0.137743364073148
"SRSF2",-0.0207885037577669,0.113133799553282,0.137354856910218
"TMEM208",-0.0209162593626825,0.110935684208596,0.134842754138821
"THRAP3",-0.0209925371262966,0.109639435725792,0.133370547104764
"TTF1",-0.0210879106597342,0.108035549805127,0.131494048600655
"EIF3J",-0.0211133585185873,0.10761074932269,0.131055265971245
"ARHGDIA",-0.0211926241566019,0.106296039914609,0.129504421589826
"MRPL42",-0.0212565001247087,0.105245876182782,0.128274802840732
"PHF20",-0.0212734564881125,0.104968489290498,0.128034702230039
"MFSD10",-0.0213211488701313,0.10419140605547,0.127187329462808
"LSM14A",-0.0213722140180662,0.103364440072319,0.126226979776788
"GPR171",-0.0213993204601529,0.102927593542714,0.12579147831253
"SRSF8",-0.0214331265238456,0.102384834494281,0.125176936052267
"PPP1R35",-0.0217437493614878,0.0975036745304102,0.119535388321879
"COPS5",-0.0218023973683033,0.0966032868689393,0.118477867665621
"CCL4L2",-0.0218240284373396,0.0962728813367566,0.118118840325535
"LAT",-0.0219718727659985,0.0940387599891103,0.115513337769624
"ZYX",-0.0220383414373483,0.0930479673673069,0.114385897947422
"ZC3H6",-0.0221538606306831,0.0913459628374085,0.112337623316907
"TRGC2",-0.0221604345633688,0.0912498630946632,0.112263464364403
"MITD1",-0.0222276155229509,0.0902724428079597,0.111191822720252
"YY1",-0.0223970443811809,0.0878447880923589,0.108329239267651
"PEPD",-0.0228361675909864,0.0817972466477807,0.101269706074789
"GOPC",-0.0228416515781674,0.0817239127550206,0.10121887456546
"EID1",-0.0229031616236051,0.0809050256700024,0.100244235678043
"MED6",-0.0230885090148728,0.0784776842448963,0.097352063999998
"PHAX",-0.0231906710257386,0.0771652907228748,0.0957619120328197
"SH2D2A",-0.0232252674184164,0.0767249322498935,0.095253122539852
"CTSC",-0.02323582178293,0.0765909999999385,0.0951245053464582
"UBE2D3",-0.0232592557963843,0.0762943094836795,0.0947935636057127
"AKTIP",-0.0234098190497976,0.0744103576319162,0.0925261227334216
"PDHA1",-0.0234666421366227,0.0737092991626212,0.0917999849777522
"SNRNP27",-0.023612898264866,0.0719296619542536,0.0897975397645458
"AC092821.3",-0.0238694382114037,0.0688931625171901,0.0861439225095328
"HSPA1A",-0.0238835666678817,0.0687290395542611,0.0859729828648436
"NMT1",-0.0239276011604405,0.0682195732825746,0.0853697453368531
"SLA2",-0.0239367885847049,0.0681136698188374,0.0852712449308878
"ETFA",-0.0239914905913988,0.0674859142296988,0.0845528673688915
"SERPINB6",-0.0240278431818665,0.0670713731891662,0.0840670768669965
"VAMP2",-0.0242852729617613,0.0641954086656646,0.0806557698619888
"PPP1CC",-0.0243361807688415,0.0636389041550041,0.0800206910305103
"SLC66A3",-0.0245784938219623,0.0610443806731182,0.0768198947796544
"UBE2R2",-0.0246350641205033,0.060451446167379,0.0761654219288471
"FBL",-0.0246449923425165,0.0603478786349008,0.076065493327592
"CRELD2",-0.0246474777223807,0.0603219750987959,0.0760634153236124
"SCAMP2",-0.0246648805270595,0.0601408547585254,0.0758655352062492
"GNAI3",-0.0247213736663306,0.0595560045540527,0.0751580001132834
"KIF2A",-0.0247503315580941,0.0592580489785045,0.0748422237602055
"AKIRIN1",-0.0247562530360102,0.0591972738525596,0.0747955885582704
"KHDRBS1",-0.0251170193275496,0.0555909363700252,0.0703807737006052
"ITPA",-0.0251551199851194,0.0552209874925986,0.0699406368242283
"CYTOR",-0.0252319753893611,0.0544809801066414,0.0690870819306217
"IDH3B",-0.0252688333879011,0.0541290353623047,0.068696339496636
"TPM3",-0.0252747170735329,0.0540730299570584,0.0686530453219981
"RTCA",-0.0252983604896374,0.0538484611846302,0.0684510637515202
"NUCB2",-0.0253190539448135,0.0536525508419067,0.0682296834712974
"SAT2",-0.025466009970684,0.0522783282079873,0.0665630683151636
"GPI",-0.0254660476465299,0.0522779797009078,0.0665630683151636
"COPS2",-0.0254686983060279,0.0522534655880442,0.0665630683151636
"MESD",-0.0254991522623911,0.0519725069123518,0.0662543827955835
"TCF7",-0.0255342394779965,0.0516503706726233,0.0658705011912756
"MATK",-0.0255653163590191,0.0513664499422495,0.0655617366784268
"PPIE",-0.0255697366926333,0.0513261717414405,0.0655370010509598
"RHOF",-0.0255976885552877,0.051072085201218,0.0652657127917766
"PPP2R2B",-0.0257106386446583,0.050056052218197,0.0640979092512315
"VPS51",-0.0257928105225853,0.049327573900757,0.0631908789839763
"NDUFA10",-0.0258333740467385,0.0489712573081451,0.0627600584055345
"ATOX1",-0.0259476952051023,0.0479786446219096,0.0615382533882653
"IK",-0.0259626561821805,0.0478500028860306,0.061398367041977
"AKR1B1",-0.0260468365213078,0.0471315707216825,0.0605012712988933
"RGS1",-0.0261635029751295,0.0461509023015919,0.0593639169884299
"NUDT22",-0.0262120650570228,0.0457477950978373,0.0588937132293998
"PSMD11",-0.0262486981325682,0.0454456749074906,0.0585288034948215
"PSIP1",-0.0262511517710118,0.0454254994792173,0.058526855532796
"SMC3",-0.0263058575129282,0.0449776290742777,0.0579736312276756
"CCDC174",-0.0263060642466993,0.0449759436519507,0.0579736312276756
"EPSTI1",-0.0264694210826275,0.0436606968892903,0.056345656561652
"XRCC6",-0.0265651399911965,0.0429052267318388,0.0554163060259664
"YIPF5",-0.0266067043802156,0.0425806326878667,0.0550424007045136
"RCN2",-0.0266197884100554,0.0424788845396096,0.0549335183159652
"PIM3",-0.0267668617325054,0.0413492414390043,0.0535168060886164
"NECAP2",-0.0267930545221687,0.0411507514973333,0.0533039061113743
"SLC25A39",-0.0268830117171076,0.0404751864687662,0.0524938729388134
"CDC42EP3",-0.0269981167074539,0.0396244960140338,0.0514331206539777
"CMTM7",-0.0270586618344983,0.0391831550082639,0.0508813143295717
"DYNC1I2",-0.0271918348131543,0.0382270637902708,0.0497015224072509
"ZMAT2",-0.0276666499626285,0.0349779803694848,0.0456475016390779
"ATP6V1E1",-0.0277270355042047,0.0345821752337584,0.0451497508464056
"PPIL4",-0.0279008411766715,0.0334642255397286,0.0437448150448474
"PNRC2",-0.0279552109191552,0.0331209182731424,0.0433140949560361
"ANP32E",-0.027979550791319,0.0329682080565652,0.0431323739947387
"CXCR6",-0.0279948698156008,0.0328724046292852,0.0430249836884133
"OCIAD1",-0.0280224628312753,0.0327004421713145,0.0428177814819383
"KCMF1",-0.0280372414934427,0.0326086571786485,0.0427154339650132
"SPOP",-0.0280525098079626,0.0325140628940005,0.0426093193629693
"SNX2",-0.0280574845701598,0.0324832927359143,0.0425867918143091
"ORMDL1",-0.0282180164331528,0.0315036627410695,0.0413543266454558
"GPR65",-0.0284103940269109,0.0303631680330967,0.0399575723675163
"ILK",-0.0285219665786875,0.0297181073826257,0.0391250985524408
"CEP57",-0.0285816256303837,0.0293780458005848,0.0387261671419226
"PPP1R10",-0.0287032895375265,0.0286949119604983,0.0378415659832307
"TNFSF14",-0.02871176126814,0.0286478573049827,0.0377954061878106
"TOB1",-0.0287957854063909,0.0281847467154366,0.0372157329261512
"ATP5F1A",-0.0288061439950276,0.0281281029807631,0.0371565842239566
"C1orf56",-0.0288660826031171,0.0278022636184421,0.0367416345164073
"PPT1",-0.0289458546064099,0.0273736561045572,0.0362057298793299
"ZNF22",-0.0289647186812345,0.0272731384687347,0.0361056702884491
"STOML2",-0.0289890911286472,0.0271437409414624,0.035962303165368
"STIP1",-0.0290394341635081,0.0268781373965291,0.0356254602178847
"WBP11",-0.0290837760218254,0.0266460564886156,0.0353626885942863
"SUCLG2",-0.0291402646947003,0.0263529082325953,0.0349884505577557
"PRR5",-0.0291828121512826,0.0261339514088349,0.0347418701221307
"EXOSC1",-0.029277418119394,0.025652719408666,0.0341310683349921
"ZFAND6",-0.0293110047966711,0.0254837270108775,0.0339350182191558
"ATP6AP2",-0.0293672564691655,0.0252028516731231,0.0335752518466076
"UBLCP1",-0.0294562435694933,0.0247639931218883,0.0330186574958511
"SNHG25",-0.029482154194891,0.0246374598655414,0.0328779038886544
"CCDC57",-0.0295227048020198,0.024440556933808,0.032629027903117
"MRPL50",-0.0295717939152233,0.024204018735033,0.0323407766310454
"TAF11",-0.0297412897552887,0.0234024827816406,0.0313231694422642
"PSMC6",-0.0297429117671554,0.0233949250101135,0.0313231694422642
"EIF4A3",-0.0297605645612431,0.023312808604581,0.0312298025561581
"SUGT1",-0.0298982887960802,0.0226806950748453,0.0304350277084788
"COX19",-0.0300622466649628,0.0219476374148684,0.0294765699927312
"SAR1A",-0.0301061416102036,0.0217549144063335,0.0292302534611233
"KRAS",-0.0301859569017133,0.0214082520399175,0.028801492233883
"TMEM109",-0.0303174737725874,0.0208475205563155,0.028071199855992
"DERL2",-0.0303580630038987,0.0206770698414264,0.0278719592911261
"GIMAP4",-0.0303761798832212,0.0206013826142043,0.0277874993024278
"RHOH",-0.0303945997942649,0.0205246771267107,0.0276959498577301
"EVI2B",-0.0305663275005003,0.0198214565624162,0.0267931412843695
"FDPS",-0.0305863602529156,0.0197408088391653,0.0266956345492119
"RFLNB",-0.0306182962199276,0.0196128335541348,0.026545466562696
"MRPS10",-0.030641303417231,0.0195210875570533,0.0264326988682725
"SNW1",-0.0306458321989796,0.0195030723126959,0.0264197126447579
"LMO4",-0.0306911901855783,0.0193234402345474,0.0261876873705881
"ATP6V1D",-0.0307142008075024,0.0192328647330564,0.0260762057081127
"EEF2",-0.030809564478277,0.0188614327204021,0.0256058238143641
"COMTD1",-0.0309208525475275,0.0184359202907545,0.0250498466342314
"SEPTIN1",-0.0309290172139293,0.0184050358495289,0.0250187223338199
"ZGPAT",-0.0311017886215305,0.0177620266691738,0.0241760918552644
"CCS",-0.0311023153087312,0.0177600969577636,0.0241760918552644
"CDC37",-0.0313162660079453,0.0169912420662934,0.0231974467217658
"SPSB3",-0.0313525188762931,0.0168638979896245,0.0230436532006372
"RPAIN",-0.0313656702861541,0.0168179089805736,0.0229908293648992
"MAGED2",-0.0314684662173126,0.0164622197224231,0.0225144008065935
"GIMAP2",-0.031545838626639,0.0161988740008157,0.0221735787283099
"GRB2",-0.0315552235584264,0.0161671843939328,0.0221398647420844
"HLA-B",-0.0315600021280867,0.0161510697875124,0.0221274595253993
"RTF1",-0.0315979911657428,0.0160234619832396,0.0219622276133913
"PTPN6",-0.0316629601578345,0.015807279434556,0.0216753949745377
"TMEM183A",-0.0316959669765714,0.0156984357580092,0.0215449866683225
"ATP5PB",-0.0317321806596951,0.0155797758909734,0.0214102441691904
"PGP",-0.031744325045045,0.0155401599279009,0.0213651650740452
"PABPC1",-0.0320182948448651,0.0146696937120136,0.0201949778230355
"YWHAE",-0.0320437849692701,0.0145909333631234,0.0200953741882982
"GNB2",-0.0321360233063649,0.0143090376025852,0.0197418134279398
"TLE5",-0.0322632654533245,0.0139280510332251,0.019241571823874
"NOSIP",-0.0322681497164202,0.0139136067753234,0.0192300885180318
"ORMDL2",-0.0323000628864088,0.0138195547746822,0.0191085201822766
"PPP2CA",-0.0323218748488234,0.0137555955801193,0.0190284727566185
"HSPD1",-0.0323718528127101,0.0136100298144472,0.0188354163716268
"DECR1",-0.0323793644550785,0.0135882694242323,0.0188136039357142
"MFF",-0.0326624570636023,0.0127902660891892,0.0177636290769252
"UBE2V2",-0.0327331192891827,0.0125976617039655,0.0175038844056871
"PPID",-0.0327739883749473,0.0124874402485409,0.0173661253301216
"NKAP",-0.0328043754981462,0.0124060422615555,0.0172605805378163
"AP2M1",-0.0328071384973026,0.0123986643687662,0.017257972241656
"HMGA1",-0.0328334206211926,0.0123286785962136,0.0171758045658489
"KDELR1",-0.0330369276578133,0.0117985053289647,0.0164958148513747
"TFAM",-0.0330804449040059,0.011687794050917,0.0163483149614968
"PSMB4",-0.0330828855172605,0.0116816123149213,0.016346959491117
"ACTR10",-0.0330843863534752,0.0116778123442894,0.016346959491117
"SMIM7",-0.0331521746590188,0.0115073179725634,0.0161318503182651
"SELENOS",-0.0331567656641673,0.0114958513932918,0.0161229829916651
"TMEM167A",-0.0331825650226643,0.0114316028047773,0.0160400476043765
"CCT2",-0.0331856526933998,0.011423934914603,0.0160364636939101
"MTIF3",-0.0332338031212365,0.0113049478121461,0.0158765411280297
"AATF",-0.0332540114048795,0.0112553386605275,0.0158139525266193
"ALDH9A1",-0.0332635271868953,0.0112320454462164,0.0157882987536238
"LINC02446",-0.0333259606813628,0.0110802763384772,0.0155959365338709
"TCP1",-0.0333866609956712,0.010934469400494,0.0153976183385493
"BCAP31",-0.0334716495842756,0.0107331847711898,0.0151277606482927
"SNF8",-0.0336689287521335,0.0102785979558385,0.0145131396620934
"EIF4E",-0.0336722211189727,0.0102711590114605,0.0145091687657388
"TMEM173",-0.0336862773836719,0.0102394534193052,0.0144708994695543
"ACAA2",-0.0338457286536694,0.00988584315221632,0.0139963901243117
"MGMT",-0.0339906708223326,0.00957389023219344,0.0135853935602528
"MLX",-0.0339917970437986,0.00957150106569843,0.0135853935602528
"MFNG",-0.0340058070761683,0.00954182457793763,0.0135521566469259
"LSM8",-0.0340803841249518,0.00938522941155319,0.0133478818297645
"ZFP36",-0.0341107317381352,0.00932216510863674,0.013270226863679
"TM2D3",-0.0341719303812208,0.00919613892337487,0.013102722246117
"NAPA",-0.0342642275881415,0.00900894601297966,0.01284768289982
"SSBP4",-0.0342812714961238,0.00897475283622884,0.0128047429000972
"CSKMT",-0.034288853082422,0.00895958006558585,0.0127889135574316
"SMS",-0.0343210003361177,0.00889549899206221,0.0127032262473165
"EIF4A2",-0.0343353434569505,0.00886704025469566,0.0126741286411694
"IGFLR1",-0.0345060419794848,0.00853453980784012,0.0122155713543526
"NUDT5",-0.0345841634997146,0.00838612043768889,0.0120086181244714
"GDI2",-0.0346150572069069,0.00832806670304629,0.0119363881082053
"AC243960.1",-0.0347553029995992,0.00806901917492545,0.0115703905498702
"REXO2",-0.0347779877893117,0.00802780262184248,0.0115165549048939
"PPP4C",-0.0348081531062944,0.00797328646557277,0.0114435818563095
"OASL",-0.0348958325502689,0.00781670500356445,0.0112394254429978
"NSMCE3",-0.034927522669441,0.00776079273578077,0.0111641495501874
"DANCR",-0.0349480652338491,0.00772474024954726,0.0111224910112857
"ERLEC1",-0.0353676420924902,0.00702047178913926,0.0101270467022726
"NPC2",-0.0354313620960185,0.00691871306337139,0.00998485235468601
"PRPF31",-0.0354373708479868,0.00690918596661133,0.00997569391864324
"AKR1A1",-0.0355273619991757,0.00676790450388209,0.00978071360561024
"ANXA7",-0.0355639448467779,0.00671121731439951,0.00970326302349326
"UROS",-0.0355675169547588,0.00670570506175416,0.00969976525537871
"RALBP1",-0.0355694982117748,0.00670264946490267,0.00969976525537871
"UBE2A",-0.0356860353761024,0.00652510637361478,0.00945006957602967
"RNF126",-0.0356973384502755,0.00650811325501759,0.00943135081688316
"CAMTA1",-0.0357124506691017,0.00648545561717279,0.00940286121842528
"MDFIC",-0.0358657691832539,0.00625956536697282,0.00909217090821063
"LRPAP1",-0.0359077098706726,0.00619901852479468,0.00901257398876036
"DDX39A",-0.0359110328553756,0.00619424397708651,0.00900980942121674
"CCDC90B",-0.0359758473155206,0.0061017765091449,0.00887942975994358
"MBD2",-0.035990759828705,0.00608067826996641,0.00885283521569855
"SEPHS2",-0.03615201966834,0.00585668843310732,0.00853465377612666
"ARL6IP1",-0.0361979237932442,0.00579430175705811,0.00845159549308569
"SYS1",-0.0362206363591348,0.00576365597418453,0.00841472306100684
"EGLN2",-0.0362235462853938,0.00575974022456967,0.00841292284315347
"VTI1B",-0.0363279926766815,0.0056207698972541,0.00821376253391838
"ZCCHC10",-0.0364605546108069,0.00544874849632686,0.00797725270050468
"COA5",-0.0365094501481516,0.00538650756130228,0.00788981210286966
"MRPL28",-0.0365233404427359,0.00536894353340877,0.00786776024335043
"HSD17B11",-0.036537560612148,0.00535101595930948,0.00784515476783288
"MTPN",-0.0367876794529199,0.00504439830638413,0.00741294896383347
"CCDC25",-0.036961209286302,0.00484109707522956,0.007124204799587
"DDRGK1",-0.0369872230596249,0.00481126747101917,0.00708695856698737
"MCTS1",-0.0370717430612929,0.00471549388255639,0.00695241599233514
"TBCC",-0.0370731505394364,0.00471391371188828,0.00695241599233514
"AIMP1",-0.0371110067914245,0.0046715920078899,0.0068974164485606
"STX10",-0.037194256195717,0.0045797300141493,0.00676815896530265
"ACTR6",-0.0372434722882561,0.00452619465258616,0.00669219539392276
"PPP1R2",-0.0372578464510251,0.00451066628811394,0.00667238182996478
"RNF167",-0.0373021255712046,0.00446313447170539,0.00660518626864942
"APOBEC3G",-0.0373047406517493,0.00446034153183396,0.00660416952022252
"ARL5A",-0.0374203372313746,0.00433845359637098,0.00642673144932422
"PLEKHJ1",-0.0375064325234132,0.00424964285487825,0.00630410595690548
"GNAS",-0.0375696757434599,0.00418545864977507,0.00621183072678402
"GTF2B",-0.0375947906784185,0.00416021486990584,0.00617728874622382
"DNAJC4",-0.0376104053368321,0.00414458980796264,0.00615700314437274
"NAE1",-0.0378129854058052,0.00394664454977604,0.00587128904558712
"RILPL2",-0.037880307223815,0.00388278811373608,0.00577903347160719
"ARL14EP",-0.0378946631468731,0.00386929313164249,0.00576168246003365
"RBM42",-0.0378996216465841,0.00386464190537303,0.00575749026852723
"SFT2D1",-0.0379071055219918,0.00385763141396706,0.00574977762081782
"PCNP",-0.0379143853073914,0.00385082318716605,0.00574235925580253
"CAPZA2",-0.0379182535486909,0.00384720995874312,0.00574118079564972
"GRHPR",-0.0379625088018384,0.00380609081261738,0.00568376228017529
"HERPUD1",-0.0379630450383866,0.00380559503346607,0.00568376228017529
"MPHOSPH6",-0.0382702903229786,0.00353098822676612,0.00528805113616931
"RAP1A",-0.0382725676043109,0.0035290219480462,0.00528763154757424
"SYPL1",-0.0383391563718972,0.00347196556702913,0.00520960957808772
"METRN",-0.0383982176454573,0.00342206284277663,0.00513718960026209
"XPA",-0.0384798585872085,0.00335415645914836,0.00503766027580903
"SNX6",-0.0384992692290805,0.00333819286598971,0.00501608664482211
"CFAP298",-0.0385530541209348,0.00329432011826542,0.00495491025941504
"MAP2K2",-0.0386767685202151,0.00319539148960521,0.00481072861805181
"HLA-DPA1",-0.0386805811888817,0.00319238612896686,0.00480851244017294
"FBXL15",-0.0387363839331773,0.00314869296343399,0.00474726016025432
"TRBC1",-0.0388668710325818,0.00304864171481095,0.00460305268061971
"OARD1",-0.0388944046849308,0.00302790418667971,0.00457614820695305
"NCBP2",-0.0389798164984114,0.00296439032223883,0.00448231825001975
"TXNIP",-0.0390476297081391,0.00291483123618745,0.004411636465581
"DDAH2",-0.0391982646672724,0.00280743837556464,0.00426556528380364
"ATG5",-0.0392689835558016,0.00275827724559532,0.00419493571396068
"MRPL32",-0.0395094182182365,0.00259695827415516,0.00395919355748691
"BTG2",-0.03960428371941,0.00253571676230333,0.00386770805767668
"RAB9A",-0.039628971571119,0.00251999726692964,0.0038474739187397
"PSMC1",-0.0398264030878979,0.00239745682263631,0.00366394960808356
"PEX16",-0.0398415864003325,0.00238826254447105,0.00365167788369635
"GLRX3",-0.0398530089226507,0.00238136690176792,0.00364291053850937
"SRRM1",-0.0400166180724193,0.00228457742710915,0.00350167879345762
"H2AFJ",-0.0401174509863796,0.00222673410612051,0.00341635917651366
"POLR2C",-0.040229306404619,0.00216413957440443,0.00332520416723777
"IFNGR1",-0.0403666083995794,0.00208951111066488,0.00321684184734661
"TNIP2",-0.0403988809395498,0.00207231588153851,0.00319193644622042
"ALG5",-0.0404395932481924,0.00205080896635109,0.00316036212210172
"UQCRC2",-0.0404721267319514,0.00203377001956073,0.00313564541855578
"CCDC12",-0.0405129136991189,0.00201259190778437,0.00310451953901219
"YTHDF2",-0.0406900913739582,0.00192292278713581,0.00297204823088117
"ATP6V0D1",-0.0407974659319223,0.0018703810496857,0.00289369263533022
"GZMA",-0.0408017637663889,0.00186830569005895,0.0028919085113647
"IFI35",-0.040823949358997,0.0018576261973749,0.00287679790368775
"SREK1IP1",-0.0409992606375848,0.0017751881968835,0.00275593573535972
"HMGN4",-0.0410332127117623,0.0017596166083698,0.00273311425648722
"CHIC2",-0.0410549211999413,0.00174972625219455,0.00271909887357884
"PIH1D1",-0.0410876373028401,0.00173491734600536,0.00269742230891066
"ATP6V0E2",-0.0412920271843082,0.00164497902490371,0.00256266975762446
"SYAP1",-0.0413593792216072,0.00161629468673332,0.00251923466083285
"BABAM1",-0.0413729071382566,0.00161058912521524,0.00251159000331923
"ERVK3-1",-0.0413916166960051,0.00160272868330853,0.00250182038370113
"PDCD2",-0.0415113665707622,0.00155324857034224,0.00243063249331001
"RCAN3",-0.0415495292025457,0.00153777792159816,0.00240762434454909
"WTAP",-0.0416036479190206,0.00151608205223638,0.00237602864358485
"HAT1",-0.0417115562787501,0.00147366130458081,0.00231301393952223
"SLBP",-0.0417715910308914,0.00145053665608967,0.0022789994757
"IER5",-0.0418250622194617,0.0014302222228225,0.00224933645474993
"RPS17",-0.0418580036732964,0.00141783817426103,0.00223097868263051
"NCL",-0.0419121944073282,0.00139768048983668,0.00220036446592762
"MAD1L1",-0.0419385185983188,0.00138798414766354,0.00218729562164465
"PPP1R11",-0.0420345916240006,0.0013531200825919,0.00213880271119366
"UBE2J2",-0.0422104979325707,0.00129137025368415,0.00204635528830394
"UNC50",-0.0423043282731008,0.00125950589042506,0.00199788086614718
"TESC",-0.0423371918261257,0.00124851828474483,0.00198245738782774
"FKBP3",-0.0424916467606892,0.00119805319074627,0.00190425484347709
"RAB18",-0.0425300713521208,0.00118579479603243,0.0018857264099177
"CD2BP2",-0.0425538758896944,0.0011782587894395,0.00187484610904403
"GOLGA7",-0.0427230088359216,0.00112597573119902,0.00179332650738452
"CTSA",-0.04277185437751,0.00111128040854593,0.00177352435684481
"CARHSP1",-0.0428635164202534,0.00108418108142721,0.00173203865071611
"MLF2",-0.0428657377749052,0.00108353200021741,0.0017318839718052
"ZSCAN16-AS1",-0.0429025602264886,0.00107282466968093,0.00171739569378223
"PRKCQ-AS1",-0.0429696995940136,0.00105355317847202,0.00168826917102108
"RBM4",-0.0430904423811885,0.00101969910066023,0.00163485499983154
"BUB3",-0.0431029489453288,0.00101625063140267,0.00163015958060295
"PSMD13",-0.043287119280603,0.000966702602608894,0.00155306319763396
"TTC39C",-0.0433149164457353,0.000959421525676341,0.00154294661770308
"BIN1",-0.0433409992925939,0.000952635700753436,0.00153281968063765
"SRP72",-0.0433551038523722,0.000948984740099548,0.00152772902718284
"BUD23",-0.0434203607963572,0.00093226105539049,0.00150157712876455
"STMN1",-0.0434483046472243,0.000925183583458367,0.00149094332873866
"PEX2",-0.0434797666639596,0.000917274632175493,0.00147895796735339
"CRIPT",-0.043498620119328,0.000912565293517831,0.00147212179036621
"FKBP8",-0.0436037072267883,0.000886723804362789,0.00143338445901119
"MT1E",-0.0436046190578225,0.000886502577903419,0.00143338445901119
"SLC3A2",-0.0436454794414744,0.000876641463898717,0.00141928117232131
"NASP",-0.0436692524914275,0.000870951036217087,0.00141079671982272
"TSNAX",-0.04368912665567,0.000866220160679479,0.00140385861699785
"ZFAND2B",-0.0438373208734036,0.000831687778780295,0.00134998595975932
"NAA10",-0.0438607790377334,0.000826340045941494,0.00134269553578887
"TOP1",-0.0439189498964825,0.000813216189431331,0.00132205597203559
"YIF1A",-0.0439331841059334,0.000810034405105912,0.00131756633527601
"TRMT10C",-0.043941226979225,0.000808241685251936,0.00131601553735725
"MIEN1",-0.0441382641539723,0.000765456076127529,0.00125089643290043
"MRPS11",-0.0441641986711285,0.000759983792167527,0.00124260123682866
"RRAGA",-0.0441863317798294,0.000755342364937943,0.00123565657613218
"IFNG",-0.0445349588951592,0.000685619741795453,0.00112335606597207
"CASP4",-0.0446282718074149,0.000667999688959999,0.00109563128900552
"TKT",-0.0446421885721925,0.000665408180270444,0.00109195188557201
"PDIA6",-0.0446613362336856,0.000661857873312958,0.00108726364102118
"YPEL5",-0.0446652505638598,0.000661134260225551,0.00108664415097868
"B3GAT3",-0.0447615245337423,0.000643566631570655,0.00105943567275883
"C1orf52",-0.0447850599630324,0.000639338526742011,0.00105302816169272
"ZFP36L2",-0.0447870296466734,0.00063898584992323,0.00105300032861758
"ARF6",-0.0449470000035714,0.000610939274887462,0.00100943391256432
"ARL2",-0.044962495443516,0.000608284289524174,0.00100557698046801
"ARPC4",-0.0450888115425541,0.000587038344502742,0.000971494325972847
"NT5C",-0.0451419099175596,0.000578315265142265,0.000958560608607898
"PSMD14",-0.0451862793407014,0.000571118884471194,0.000948135956432855
"FAM50A",-0.0452779924413208,0.000556507206913477,0.00092534814468752
"FAM177A1",-0.0454363094191976,0.000532100427291285,0.000887588797864611
"PNP",-0.0454820483633967,0.000525237038843342,0.000877073138345432
"DCK",-0.0455146501698283,0.000520395398702803,0.00086945123619179
"DNAJA2",-0.0455436269709489,0.00051612704097294,0.000862779531178646
"NDUFS4",-0.0457777202333021,0.000482821903133649,0.000808398018273958
"COQ10B",-0.0457936765929199,0.000480626318178855,0.000805582113206247
"ABT1",-0.0458531651805362,0.000472522517872608,0.000793271207734743
"UCP2",-0.0460011754475787,0.000452909508078422,0.000760752124978002
"PNKD",-0.0460020203811203,0.000452799757693027,0.000760752124978002
"POP5",-0.0460273995200184,0.000449514744954472,0.000755859646207627
"RAB7A",-0.0461096199605844,0.000439024413115394,0.000739409537878558
"CCT8",-0.0461709828258898,0.000431344626165916,0.000726865528025961
"CLIC3",-0.0462085184166118,0.000426708913570384,0.000719440404815443
"RAB2A",-0.0463934627827469,0.000404539363474588,0.000682796256112115
"CD247",-0.0464339385445411,0.000399833160561151,0.000675623375470881
"FAM107B",-0.0465423325702309,0.000387480581910049,0.000656477096093956
"NDUFS7",-0.0465629284268274,0.000385174164663898,0.000653275381495935
"TMEM243",-0.0466247856631871,0.000378323991280817,0.000642351941882319
"TSG101",-0.0466282741807129,0.000377941078723706,0.000642049416510045
"ARF4",-0.0468560251474293,0.00035371153390727,0.0006021929263481
"POLE3",-0.0470010252783508,0.000339050626504188,0.000578174423445968
"RHOG",-0.0470566104414109,0.000333582677784278,0.000569469394410178
"PSMC2",-0.0470654272740936,0.000332722978136464,0.000568311143483634
"NGRN",-0.0470752143691105,0.000331771099039586,0.000566994096233319
"CNIH4",-0.0470994187822343,0.000329427941664193,0.00056329663307465
"HLA-DPB1",-0.0471269190210482,0.000326784516855347,0.000559081421090217
"C1orf122",-0.04715886137478,0.000323739016939782,0.000554476000613411
"IDH2",-0.0472692654993709,0.000313415996915941,0.000537088834059231
"OTUD6B-AS1",-0.047435851002996,0.000298421488320852,0.000512233052749968
"ARL6IP6",-0.0475221428330216,0.00029092098125904,0.000500454304568485
"RBCK1",-0.047594706656342,0.000284750749436697,0.000490108864013986
"CDC42",-0.0477063355892992,0.000275497604764392,0.000475225791276752
"ABI3",-0.0478378251210528,0.000264959679904571,0.00045780361222079
"PTMS",-0.0478532188800886,0.000263750991423379,0.00045596643280249
"CCT3",-0.0479709665582404,0.000254675172802853,0.000441005710607259
"FAM204A",-0.0479921779244041,0.00025307168089839,0.000438713538583388
"NDUFA9",-0.0480322736936806,0.00025006643214782,0.000433743546026308
"GLTP",-0.0480496176688057,0.000248776866658724,0.000432223963347235
"POLR2E",-0.0480570347284089,0.000248227296582522,0.000431508205145669
"PSMD6",-0.0481605316837321,0.000240676461184971,0.000419079057343737
"RAD23A",-0.0481620494234303,0.000240567351327458,0.000419079057343737
"ELOF1",-0.0481832200196596,0.000239050232443917,0.000416941895964474
"RNF5",-0.0483537396326091,0.000227153714623444,0.0003972972945115
"COMT",-0.0483904378931778,0.00022466712991236,0.00039316747734663
"UBE2N",-0.0485098230934735,0.000216753454358931,0.000379954629887986
"NMRK1",-0.0485199772248781,0.000216092583900524,0.000379008021874745
"FAM32A",-0.0486079896437003,0.000210443121029544,0.000369719679298963
"TTC1",-0.0486516770284708,0.000207690638121898,0.000365293236764033
"XBP1",-0.0486806157588074,0.000205886032014192,0.000362322444666951
"APBB1IP",-0.0488925332631744,0.00019311281092987,0.000340608422427487
"FAAP20",-0.04894042799851,0.00019033100753427,0.000335890849537126
"PSMA1",-0.0489771561160354,0.000188223334155091,0.00033235831976935
"MED4",-0.0491072736479365,0.000180931590279942,0.000319842991610992
"NELFE",-0.0491083282945806,0.00018087358795862,0.000319842991610992
"NDFIP1",-0.0491821809406547,0.000176855105965636,0.000312989623198778
"PDCD4",-0.0491833577505743,0.00017679175784824,0.000312989623198778
"ABHD14B",-0.0492068248920096,0.000175532958251297,0.000311000766709643
"TATDN1",-0.0493086073889999,0.000170170150807516,0.000302182102453211
"CCDC66",-0.0493673591343326,0.000167145117597374,0.00029697852055828
"ATP6V0B",-0.0493734914046669,0.000166832308443679,0.000296590770566541
"CHCHD7",-0.0493918515752645,0.000165899038827183,0.000295098914215569
"MRPL16",-0.0494731758937451,0.000161823959973868,0.000288340874135256
"CIRBP",-0.049636942087025,0.000153901871612086,0.000274693380407229
"SH3GLB1",-0.049678846462271,0.00015193422434206,0.00027133583572705
"CD27",-0.0497670032056779,0.000147871801443046,0.000264231321552929
"VASP",-0.0498554445607459,0.000143899163444373,0.000257279234071582
"DEGS1",-0.0498667297041431,0.000143399543992001,0.000256532213325108
"SMIM12",-0.0499236915853794,0.000140902539152932,0.000252209111177851
"SMAP1",-0.0500356563145706,0.000136113268804606,0.000243775677310819
"ECHDC1",-0.0501284123239107,0.000132262199506285,0.000237556848597771
"PPP1R18",-0.0501814067279585,0.000130108278134605,0.000233956169856721
"NCBP2AS2",-0.0502092516490973,0.000128989826780953,0.000232078081919144
"DMAC1",-0.0502275680874876,0.000128259053478091,0.000230895747248733
"SEC62",-0.0502690790652421,0.000126617297210988,0.000228333435338504
"PCID2",-0.0504478404454689,0.000119770926006382,0.000216360382463141
"SLC25A11",-0.0505662249520148,0.00011543065062266,0.000208760392360243
"METRNL",-0.0506311504937963,0.000113113722390178,0.000204806370332331
"LINC00623",-0.0506788966781974,0.000111437915472184,0.00020200537741085
"NUCKS1",-0.0506872365655783,0.000111147612959471,0.000201595670469
"CYC1",-0.050937733029388,0.000102753315488225,0.000187127989181809
"CMTM3",-0.0509673094191306,0.000101802653298258,0.000185720256395194
"HNRNPA0",-0.0510161861095172,0.000100249797325061,0.000183100386960624
"CCNDBP1",-0.0510644979781371,9.87368742012684e-05,0.000180547427110891
"SSR3",-0.0510963921674575,9.77499204935371e-05,0.000178951401440591
"ISG15",-0.0511876368345145,9.49775624608154e-05,0.000174079272867982
"CEBPZOS",-0.0512031188268798,9.45145905867555e-05,0.000173332021099453
"PPM1G",-0.0512608732862219,9.28062377031397e-05,0.000170398338077896
"CD53",-0.05126989482575,9.25420317062128e-05,0.000170012777639533
"TMEM120B",-0.0513730214317655,8.95718820877226e-05,0.0001646526507779
"NUBP2",-0.0515416245644788,8.49090313782728e-05,0.000156264508452032
"DCTN2",-0.0517951583988051,7.83269043583488e-05,0.000144830879756947
"HINT2",-0.0518845447172751,7.6123552972681e-05,0.00014083980066214
"BAG1",-0.0519235541425581,7.51804604956002e-05,0.000139341562715249
"PSMA4",-0.0520233235609884,7.28184343441014e-05,0.000135249421828762
"CHMP3",-0.0521761019732597,6.93369892471577e-05,0.000129275147609445
"IRF2",-0.0522449210925834,6.782074433587e-05,0.000126523411206001
"YWHAH",-0.0522559276380717,6.75811734331138e-05,0.000126151523741812
"EIF2S1",-0.05236740933573,6.51993389936577e-05,0.000121923152703703
"CXCR3",-0.0524105075015939,6.43000040368469e-05,0.000120313134045079
"ATP5F1B",-0.0524289053951467,6.39196790000239e-05,0.000119672903489
"COX20",-0.0524927947548006,6.2615411019867e-05,0.000117301032830527
"OXNAD1",-0.0525482089524038,6.15045952408727e-05,0.000115288948401301
"NFYB",-0.052580393527693,6.08680230445797e-05,0.00011416394752859
"MCRIP1",-0.0525938324446893,6.06040675085492e-05,0.000113736897490611
"TRAPPC3",-0.0526661894646131,5.92014157448576e-05,0.00011117104178196
"EIF3L",-0.0527043368512202,5.84743517889248e-05,0.00010993739041371
"WDR74",-0.0528655831451727,5.54934661777281e-05,0.000104521026987
"MAZ",-0.0528780785675817,5.5268579951789e-05,0.000104160016062987
"COPS6",-0.0528959185303924,5.49490008321112e-05,0.000103620003974444
"VPS26A",-0.0529275768535026,5.43861885506837e-05,0.000102620389467475
"XRCC5",-0.052976026794786,5.35354207652448e-05,0.000101197757395906
"PKM",-0.0530555043556453,5.21670598949005e-05,9.87301749127387e-05
"GYG1",-0.0530621305565996,5.20544859685303e-05,9.86135188778166e-05
"MRPS16",-0.053219560376727,4.94466012809088e-05,9.39785100708666e-05
"SUCLG1",-0.0533142301122736,4.79384958633582e-05,9.11674487734938e-05
"SNHG15",-0.0534397550080332,4.60059973673105e-05,8.77050503002345e-05
"ZC3H15",-0.053462221167849,4.56680101362192e-05,8.71136738364862e-05
"MRPL47",-0.0538401866879345,4.03229618126173e-05,7.72466757754232e-05
"DDX18",-0.0540615941725074,3.74734494394996e-05,7.1919667957326e-05
"RNF187",-0.0542985725254798,3.46357368112327e-05,6.67184709091068e-05
"SNHG12",-0.0543607360014135,3.39258524329447e-05,6.54716758336706e-05
"HSBP1",-0.0544225384272278,3.3233801585717e-05,6.42151582087545e-05
"ODC1",-0.0544341814720246,3.31049349558632e-05,6.40055955743446e-05
"IAH1",-0.0545969204299956,3.13526639942174e-05,6.06925643739912e-05
"APH1A",-0.0546646165856264,3.06500176199111e-05,5.9479242113887e-05
"CCT4",-0.0547316992930677,2.99685138575745e-05,5.81927303141509e-05
"UBAC2",-0.054810109395054,2.91901832184518e-05,5.67516519361841e-05
"ARF5",-0.0550135034483887,2.72597622429889e-05,5.31302761926744e-05
"MRPS26",-0.0550592970073103,2.68421921353524e-05,5.23489518261598e-05
"TSTA3",-0.0550599201450801,2.68365521918574e-05,5.23489518261598e-05
"CD9",-0.0550892634082337,2.65722418396298e-05,5.18870176893394e-05
"PLEKHF1",-0.0550941422442088,2.65285362395545e-05,5.18662653661114e-05
"NUDCD2",-0.0552463981204663,2.51984420840842e-05,4.93272873755856e-05
"RAB11A",-0.055378311308893,2.40975666878678e-05,4.72607686886512e-05
"FMC1",-0.055385486626777,2.40390167110299e-05,4.71754420561888e-05
"PSMB8-AS1",-0.0554953948932374,2.31589124808398e-05,4.55337614670305e-05
"GET3",-0.0556274892951132,2.21416927712257e-05,4.36706594531847e-05
"TXNL4A",-0.0556530719649585,2.19496664350407e-05,4.33191654753227e-05
"EEF1E1",-0.0556550926934376,2.19345663477729e-05,4.3316624727088e-05
"TINF2",-0.0556903851373125,2.16724288159093e-05,4.28552273851274e-05
"DPM3",-0.0559219807201051,2.00247906782234e-05,3.96951602824959e-05
"SARNP",-0.0559636504552327,1.9741291538974e-05,3.91579318571932e-05
"PIM1",-0.0559761637504704,1.96569063913948e-05,3.90152268629202e-05
"SRP19",-0.0560703971743343,1.90323715772119e-05,3.77995676162992e-05
"DYNLT1",-0.0561449982803878,1.8551397888922e-05,3.68676703293151e-05
"NDUFS3",-0.0562008504844137,1.81989045397357e-05,3.62360410391182e-05
"KLRC1",-0.0563136906766863,1.7506116423085e-05,3.49009415783817e-05
"ADH5",-0.0565300731709775,1.62472878861552e-05,3.25153125788019e-05
"MDH1",-0.0565706497319401,1.60210416162213e-05,3.20830054332502e-05
"NME3",-0.0565994120103565,1.58624910404153e-05,3.17857967429663e-05
"HEBP2",-0.0566360313906305,1.56627917030122e-05,3.1445912151502e-05
"TNF",-0.0567179867073719,1.5224504724924e-05,3.05855520931208e-05
"AP3S1",-0.0567691610229427,1.49567862812462e-05,3.00669754987103e-05
"PSMF1",-0.0567748857450536,1.49271180402244e-05,3.00265825363333e-05
"SDF2",-0.0568289015938767,1.46499304371265e-05,2.94879215987347e-05
"PBDC1",-0.0568978272907244,1.43033522918994e-05,2.88273218427998e-05
"SMIM19",-0.0570650165902597,1.34948611217414e-05,2.72328728943249e-05
"TERF2IP",-0.0571275055585722,1.32040191281371e-05,2.66631062368564e-05
"RNASEH2C",-0.0571293622944163,1.3195469466503e-05,2.66630104683978e-05
"HNRNPAB",-0.057172936327348,1.29963346483404e-05,2.62775663811705e-05
"TCEA1",-0.0572376824648955,1.27057284658868e-05,2.57231533047263e-05
"SPAG7",-0.0573766400902469,1.21028193582063e-05,2.45183730667539e-05
"AC020916.1",-0.0574229998818795,1.19078186494627e-05,2.41389264930284e-05
"GLOD4",-0.0575151262191736,1.15291744133496e-05,2.33864753947375e-05
"TMCO1",-0.0575822063568459,1.12607300252309e-05,2.28567309767794e-05
"DUSP23",-0.0576010305901448,1.11864768669149e-05,2.27207198540448e-05
"SURF2",-0.0576059971154438,1.11669642015813e-05,2.27105056654726e-05
"ANXA2R",-0.0576097640803065,1.11521860810154e-05,2.26951690785621e-05
"ZBTB8OS",-0.0576726659705715,1.09081578190786e-05,2.22129759224873e-05
"ACADM",-0.0577013271434046,1.07986647578106e-05,2.20042967384626e-05
"ATP6V0C",-0.05776633414684,1.05541964228073e-05,2.15201300272585e-05
"CD2",-0.057843906904526,1.02693848203779e-05,2.09530193862752e-05
"SCAND1",-0.0579342178621289,9.947047818694e-06,2.03350338718542e-05
"MRPL4",-0.0580571951356839,9.52362182410113e-06,1.94821122246452e-05
"MOB4",-0.0581027631225894,9.37114119425289e-06,1.91952310811085e-05
"SARS",-0.0583941913349983,8.44971965034424e-06,1.73531897992662e-05
"LAPTM4A",-0.0585152755684612,8.09291552614836e-06,1.66531385104995e-05
"FKBP11",-0.0585533425901545,7.98374897105241e-06,1.64392887545767e-05
"VKORC1",-0.0585888629795824,7.88315590902283e-06,1.62428232133348e-05
"EMC7",-0.0585892833146781,7.88197281204123e-06,1.62428232133348e-05
"TRADD",-0.0586433115170759,7.73130689122764e-06,1.59509068492697e-05
"ASF1A",-0.0586926684112894,7.59607699911493e-06,1.56925543275523e-05
"IDH3G",-0.0586931216101374,7.59484584718388e-06,1.56925543275523e-05
"TADA3",-0.0587281658723668,7.50022071619872e-06,1.5514968447229e-05
"DNAJB1",-0.0588145499223852,7.27175903739406e-06,1.50622432901372e-05
"AHSA1",-0.0592503185401621,6.21712213587395e-06,1.29375547565366e-05
"DOK2",-0.0592507809470656,6.21608496584723e-06,1.29375547565366e-05
"YPEL3",-0.0592739839401786,6.16425309986345e-06,1.28445832034364e-05
"COA6",-0.0596792920099863,5.32286926925721e-06,1.11135273158393e-05
"PPCS",-0.0597031868992533,5.27686222246502e-06,1.10321599531002e-05
"CWC15",-0.0597126348442167,5.25877643011125e-06,1.10016830452494e-05
"CSNK2B",-0.059714011081855,5.25614691416298e-06,1.10016830452494e-05
"UPP1",-0.0597874426553438,5.11765523946716e-06,1.07279190046584e-05
"CENPX",-0.0601010818762578,4.56448228861382e-06,9.59397885864139e-06
"CNPY2",-0.0601429640408113,4.49509887342726e-06,9.45448025960287e-06
"POLD4",-0.060203072106764,4.39728455226248e-06,9.25495594355379e-06
"HSPB1",-0.0602069676544728,4.3910161487174e-06,9.24796953819864e-06
"HNRNPM",-0.0602281265488905,4.35711817100474e-06,9.18274367222505e-06
"CD160",-0.0602339395155869,4.34784938725092e-06,9.17169944637167e-06
"SDHAF2",-0.0605580466618767,3.85991320378507e-06,8.1954555227285e-06
"UBALD2",-0.0606067596524557,3.79127458184927e-06,8.06610385934825e-06
"TAF9",-0.0606512705492409,3.72958084255534e-06,7.94023457043689e-06
"ICAM3",-0.0607045327296499,3.65702162469316e-06,7.79104606999848e-06
"GNG10",-0.0608351848752521,3.48471927679473e-06,7.43406779049542e-06
"TXNDC17",-0.0608612369433788,3.45130553520082e-06,7.37281618418922e-06
"DDOST",-0.0608649544975862,3.44656260615837e-06,7.36770302175369e-06
"GLIPR2",-0.0609016897860841,3.4000297130426e-06,7.27318770811841e-06
"PRMT9",-0.0609898317326675,3.29082314101152e-06,7.04919492500828e-06
"TAGLN2",-0.0612392404701899,2.99973008452584e-06,6.44325585278974e-06
"DNAJA1",-0.0612886900803256,2.9450266876803e-06,6.33009163301263e-06
"MRPS15",-0.0613596255633432,2.86822262318651e-06,6.16923603999514e-06
"FABP5",-0.061392443411385,2.83334329900797e-06,6.10258556709408e-06
"GNAI2",-0.0615906927603109,2.63113782454687e-06,5.67876683949002e-06
"CISD3",-0.0616083442118682,2.61382126038206e-06,5.6530644638332e-06
"TUSC2",-0.0616257376972604,2.59686477068617e-06,5.62026771626765e-06
"TXN2",-0.0616375338167433,2.58542513897936e-06,5.59937378165695e-06
"TCEAL8",-0.0617034611954794,2.52237517335726e-06,5.46659885532023e-06
"DCXR",-0.0617795107517408,2.45147727102523e-06,5.31662013965084e-06
"DNAJC15",-0.0617988646259287,2.43374206703685e-06,5.28180977316787e-06
"CMPK1",-0.0619217463983292,2.32397767277239e-06,5.05058487998214e-06
"LAMTOR2",-0.0619751869531612,2.2777389714167e-06,4.96040931552971e-06
"CAPNS1",-0.0623261223108818,1.99532662297835e-06,4.35748209586358e-06
"SRM",-0.0625457862315989,1.83600793145378e-06,4.01514705232849e-06
"LIME1",-0.0626353004347597,1.7746530710153e-06,3.8891069396953e-06
"MED11",-0.0626911058653204,1.73740489646849e-06,3.81014108763999e-06
"DDX24",-0.0627398382521742,1.70549311161192e-06,3.74539663726539e-06
"RER1",-0.0627711471082868,1.68528886432141e-06,3.70362009706513e-06
"PRDX3",-0.0628093252665706,1.66096282194338e-06,3.65272048360059e-06
"SERBP1",-0.0629817280732259,1.55525210099196e-06,3.42501598195264e-06
"SKA2",-0.0630227887506685,1.53104571146391e-06,3.38123897968367e-06
"TXNDC12",-0.0631220190384238,1.47403255170508e-06,3.25762232709452e-06
"VDAC1",-0.0632599607667096,1.39815758824995e-06,3.09429936256304e-06
"METTL26",-0.063320884416703,1.36585508949295e-06,3.02494460497873e-06
"ZCRB1",-0.0634374174385662,1.30605551915267e-06,2.90070120967618e-06
"PSMB7",-0.0636555035711569,1.20083968194069e-06,2.6764983955693e-06
"FRG1",-0.0636914589189601,1.18429516456858e-06,2.641500452409e-06
"DEK",-0.0637124231417007,1.17475009331177e-06,2.62207565311438e-06
"CNPY3",-0.0637978459682847,1.13661633734547e-06,2.53876697572322e-06
"LENG1",-0.0638458074503674,1.11573071961903e-06,2.49389275604084e-06
"IER3IP1",-0.0638894358885288,1.09705306953862e-06,2.45389331388953e-06
"TIMM17B",-0.0639775924251478,1.0602263933274e-06,2.37830469919509e-06
"VEGFB",-0.0640209773484187,1.04254230721142e-06,2.34198615717407e-06
"NENF",-0.0640706877094341,1.02262878213915e-06,2.2988988249379e-06
"NUDT14",-0.0641566850701459,9.89040229803141e-07,2.22498576805068e-06
"PMF1",-0.0643238400314677,9.26765574349e-07,2.08938665791407e-06
"LLPH",-0.0643433371203387,9.19752531531129e-07,2.07506758192922e-06
"ACP1",-0.0643536703092647,9.16056454642221e-07,2.06821673272714e-06
"TIMM13",-0.0643884866934031,9.03707936096722e-07,2.04180697953841e-06
"RNASET2",-0.0644159626089667,8.94076180777158e-07,2.0215017324565e-06
"MANF",-0.0644542953578637,8.80803492349179e-07,1.99292911400218e-06
"PSMC5",-0.0645408459234307,8.51529433198501e-07,1.92947709718967e-06
"PSMD4",-0.0646692840912203,8.0980767215885e-07,1.83892603902256e-06
"SQSTM1",-0.0648291395441979,7.60624583782504e-07,1.73100050416686e-06
"TMBIM4",-0.0650517868327299,6.9689101040333e-07,1.58826323301224e-06
"BATF",-0.065254374185692,6.43394208277599e-07,1.46847469953315e-06
"C1orf43",-0.0652720955602834,6.38907531688849e-07,1.46036007243165e-06
"SSU72",-0.0652744515471568,6.38313320869899e-07,1.46006606436762e-06
"TRBC2",-0.0653984275746574,6.07785205427485e-07,1.39125138994204e-06
"TRAPPC2L",-0.0654821010040244,5.87981798766782e-07,1.34887411918993e-06
"MPC1",-0.0655686467473087,5.68153369665707e-07,1.30529594671916e-06
"CCDC167",-0.0656209733624887,5.56479170288743e-07,1.27941252054655e-06
"MCUB",-0.0656396397131509,5.52370883092098e-07,1.27089881832489e-06
"BLOC1S4",-0.0657468491966444,5.29335299783153e-07,1.2205849265588e-06
"ITM2C",-0.0659959917979207,4.7932422527136e-07,1.10689305629675e-06
"FIBP",-0.0660291791321741,4.73016629129032e-07,1.09313201838515e-06
"STX8",-0.0660484437657881,4.69391981467483e-07,1.08555549696315e-06
"RALY",-0.066081090103772,4.63310628465084e-07,1.0730739518955e-06
"SNX17",-0.0661131245036207,4.57417161538974e-07,1.06020710908073e-06
"UBE2V1",-0.0662723167673685,4.2918624637759e-07,9.97722808480447e-07
"TMEM9B",-0.0663432771646003,4.17150819895334e-07,9.71905624956737e-07
"C12orf65",-0.0663600519896155,4.14353623086241e-07,9.66106291448663e-07
"ETFB",-0.0664445678831965,4.0053360179492e-07,9.34578404188148e-07
"STN1",-0.0664463740578681,4.00243164962393e-07,9.34578404188148e-07
"CACYBP",-0.0665066521677103,3.9066600461781e-07,9.13593281492507e-07
"DUT",-0.0665225731535626,3.88173575230098e-07,9.08442038747454e-07
"TEX264",-0.0666199593802428,3.73258407250675e-07,8.74188472844e-07
"RAB8A",-0.0666359672353347,3.70860250497306e-07,8.69221035545255e-07
"YWHAB",-0.0668729432508487,3.37051156802176e-07,7.92348146725356e-07
"SET",-0.0669201219930252,3.30684815371293e-07,7.77965177047543e-07
"TMEM126B",-0.0669428642080374,3.27657570125589e-07,7.71422026962348e-07
"PSMC3",-0.0669679135833158,3.24354171408196e-07,7.64218393340424e-07
"COA3",-0.0669860995962104,3.21976046225839e-07,7.59185624785136e-07
"RPP21",-0.0669910393728592,3.21332999837974e-07,7.58239493974331e-07
"MPLKIP",-0.0670940099656421,3.08207392811229e-07,7.28912808337868e-07
"TMEM134",-0.0672113628414824,2.93879266000716e-07,6.9555122881377e-07
"SDCBP",-0.0673620603256512,2.76420644395009e-07,6.55219305232615e-07
"TMEM179B",-0.0674213513561119,2.69829880664383e-07,6.40080564117629e-07
"TXNDC9",-0.0675081186582293,2.60457657835447e-07,6.18784253766637e-07
"RRP36",-0.0675797417920945,2.52958819977364e-07,6.02337782421422e-07
"CDC123",-0.0676048627780663,2.50378417407651e-07,5.96646441482062e-07
"TIPRL",-0.0677197279671958,2.38899919413736e-07,5.70594171577667e-07
"CBX3",-0.0679233919834867,2.1978541172067e-07,5.26142787142e-07
"COA8",-0.0679645406127242,2.1610708342863e-07,5.18128297883934e-07
"MYDGF",-0.0681225356161816,2.0252849373225e-07,4.87436190594271e-07
"SNRPA1",-0.0681729322042107,1.98373409128472e-07,4.77802619836321e-07
"CISH",-0.0682618050217006,1.91245915955076e-07,4.61343994180859e-07
"CD3G",-0.0682790182106431,1.89894342740006e-07,4.58436226968945e-07
"SRSF7",-0.0683073461978234,1.87690111364848e-07,4.53463936240497e-07
"YWHAQ",-0.0686686598088194,1.61656283710863e-07,3.92379338790454e-07
"NBDY",-0.0686709085858436,1.61505740910517e-07,3.92317585976284e-07
"SCP2",-0.0686997800283264,1.59584961348379e-07,3.87952278130633e-07
"CCND3",-0.0687663985423014,1.55236812482436e-07,3.77674665589542e-07
"COTL1",-0.0688476408280355,1.5008904261252e-07,3.66002517599426e-07
"STMP1",-0.0689963446951172,1.41091019455294e-07,3.4432796654615e-07
"GTPBP6",-0.0690807013797416,1.36220894441004e-07,3.32701499195473e-07
"CCT5",-0.069160594511156,1.31758612877519e-07,3.2230499998744e-07
"LMAN2",-0.069306901352762,1.23950693265104e-07,3.03679198499506e-07
"PSMG2",-0.0693999242024194,1.19221157785292e-07,2.93007484964479e-07
"ZSWIM7",-0.0694656803210325,1.15983755652485e-07,2.85498475452271e-07
"BTF3L4",-0.069559914711245,1.11492123657968e-07,2.75089929025481e-07
"TRAPPC5",-0.0695949581141002,1.09865110995868e-07,2.71288966994521e-07
"METTL23",-0.0696303097530538,1.08247073220442e-07,2.67504193553434e-07
"BZW1",-0.0697857392347637,1.01402529410176e-07,2.51183516769599e-07
"TNFAIP8",-0.0698831344128349,9.7329085126571e-08,2.41283803128005e-07
"UBE2L6",-0.0699414424762766,9.49666820490219e-08,2.35800090978411e-07
"SUMO3",-0.0699718702225629,9.37560085906154e-08,2.33163237858977e-07
"PSMC4",-0.0700312601028076,9.14358625224778e-08,2.27754459785934e-07
"ANTKMT",-0.0700607199815855,9.03056896395251e-08,2.25297249570048e-07
"LINC01578",-0.0701877377364449,8.55858124280904e-08,2.14032781319371e-07
"PDCD10",-0.0703207294099254,8.09000864478921e-08,2.02637916214528e-07
"TSSC4",-0.070403431416141,7.81125172895813e-08,1.96282735753307e-07
"EIF3M",-0.0704885436751531,7.53408841087227e-08,1.89622000453414e-07
"BRI3",-0.0704995165970183,7.49905624081943e-08,1.88891890531805e-07
"MPG",-0.0705080458929822,7.4719345947914e-08,1.8836002322561e-07
"CCDC115",-0.0705108992950238,7.46288250343663e-08,1.88283182065786e-07
"TMEM141",-0.0705244925102043,7.41990516570892e-08,1.87349618354776e-07
"SUPT3H",-0.0708211264339769,6.53955782787804e-08,1.65254257439368e-07
"RNH1",-0.0708606129625004,6.430289187564e-08,1.62624087840328e-07
"GLRX",-0.0709619452850701,6.15790865488424e-08,1.55861190812889e-07
"VDAC3",-0.0712634692624306,5.4118914022814e-08,1.37533966268675e-07
"KDELR2",-0.0713660520845679,5.17865337081549e-08,1.31820267620758e-07
"MRPS18B",-0.0715581129840851,4.7678880723024e-08,1.21660675303013e-07
"AKIRIN2",-0.0716648962968278,4.55335512900257e-08,1.16565891302466e-07
"CLNS1A",-0.0717770483440355,4.33811601392524e-08,1.11237382008745e-07
"BCAS2",-0.0718071392136268,4.28206541619517e-08,1.09889993004812e-07
"CHCHD5",-0.0719159801401543,4.08512847310364e-08,1.05180319307496e-07
"ITGAE",-0.0721116952121286,3.75286683004987e-08,9.67844603539176e-08
"TMED2",-0.0721225897799997,3.7351624259026e-08,9.64071552891404e-08
"RTF2",-0.0721327713977739,3.71868983445742e-08,9.60610487714865e-08
"PRR13",-0.0721580177174483,3.67814770820349e-08,9.50920957372311e-08
"RPA2",-0.0722410268290521,3.54784501582294e-08,9.17990261519863e-08
"ILF2",-0.0723987278641236,3.31251474006388e-08,8.59937601394067e-08
"SEC11C",-0.0725328334417251,3.12436654200697e-08,8.11765822347461e-08
"EIF2S2",-0.0725692865475828,3.07504186635548e-08,8.00276455841559e-08
"UBE2B",-0.0725920995262537,3.04455875688515e-08,7.9300135063055e-08
"TMEM107",-0.0726790919640043,2.93098508107433e-08,7.64053966271745e-08
"DYNLT3",-0.0727339761243052,2.86145650640468e-08,7.46549717477959e-08
"COPZ1",-0.0727791162529822,2.80547340698739e-08,7.32553255979388e-08
"ECHS1",-0.0728180794816004,2.75800651392893e-08,7.20759035640094e-08
"PSMD7",-0.07283863902263,2.7332748435045e-08,7.14891568743129e-08
"VPS29",-0.0729342934392514,2.62101027830287e-08,6.86674037824379e-08
"C11orf58",-0.073006742535292,2.53897095593317e-08,6.65736866037326e-08
"ECI2",-0.0730962084330345,2.44109545467336e-08,6.41682761597289e-08
"ST13",-0.0731003465085109,2.4366581325232e-08,6.41053683187311e-08
"TMEM238",-0.0732252973051799,2.30629719897588e-08,6.08288310848475e-08
"UBE2I",-0.0732388332529016,2.2925883472778e-08,6.05181570459863e-08
"ADRM1",-0.0734419675045739,2.09611517638453e-08,5.54251028089536e-08
"TWF2",-0.0734536997367357,2.08528133427449e-08,5.51851667872135e-08
"SERPINB1",-0.0735089138954889,2.03502064045148e-08,5.39005466930391e-08
"SNRPC",-0.0735182071477537,2.02667754211406e-08,5.37249431282307e-08
"SURF1",-0.0735279151068218,2.01799759389189e-08,5.35401053675548e-08
"EIF6",-0.0735453280151481,2.00251891960929e-08,5.31744227933509e-08
"CHMP4A",-0.0735850620089609,1.96762886409182e-08,5.22922382863723e-08
"MED10",-0.0736265350669351,1.93184127897402e-08,5.13846840615991e-08
"SNRPD3",-0.0736388180312539,1.92136399509993e-08,5.1149384453594e-08
"COA4",-0.0736476849525593,1.91383487492064e-08,5.09922359197207e-08
"ORAI1",-0.0737201838628279,1.85333936905759e-08,4.9422383174869e-08
"TSR3",-0.0739809747200837,1.65069837047705e-08,4.41688574216385e-08
"NDUFA5",-0.0740076605923193,1.63121956131563e-08,4.36849235208013e-08
"PAXX",-0.0740744563190891,1.58343673162671e-08,4.24415178665075e-08
"TUFM",-0.0742212067788482,1.48318228384892e-08,3.98224284430668e-08
"PTGER2",-0.0742773242912357,1.44649775591442e-08,3.8870753749337e-08
"CCT7",-0.0743063443501263,1.42787429690439e-08,3.84032057898127e-08
"STRAP",-0.0743172221058798,1.42095373455019e-08,3.82498790690934e-08
"PITHD1",-0.0744634757573405,1.33101008559686e-08,3.59521759554844e-08
"CDKN2D",-0.0745845821710599,1.26073917414078e-08,3.41128390863287e-08
"ZNF683",-0.0746020381684194,1.2509124221929e-08,3.38761775129268e-08
"IGBP1",-0.0747931289362154,1.14808880111848e-08,3.12264222056163e-08
"REEP5",-0.074823146340723,1.13270173791284e-08,3.08346584209605e-08
"TMEM147",-0.0749143311368181,1.08717865762209e-08,2.96468893069815e-08
"HIKESHI",-0.0749664576442017,1.06195887869605e-08,2.90349001184899e-08
"ENY2",-0.0749757068347676,1.05754372614295e-08,2.89394164501246e-08
"TALDO1",-0.0750803647407275,1.00881097722434e-08,2.76541190959401e-08
"RPA3",-0.0750977647334631,1.00092331596705e-08,2.7510039604493e-08
"LCK",-0.0752165384740968,9.48659876599517e-09,2.61193799211245e-08
"NIFK",-0.075217563220176,9.48220711748803e-09,2.61193799211245e-08
"NDUFS8",-0.0753234225663426,9.0390241800996e-09,2.49968076091643e-08
"NDUFB6",-0.0753863035692805,8.78537230999253e-09,2.43597944864161e-08
"FDX1",-0.0754676917367082,8.46731876063418e-09,2.35194965751539e-08
"ABHD14A",-0.0755342581117326,8.21553273828462e-09,2.28403463362239e-08
"SIT1",-0.0755848743927803,8.02896362853293e-09,2.23414640098308e-08
"PNRC1",-0.0756703104861348,7.72335307542528e-09,2.1510155634577e-08
"MRPS7",-0.0759590258742946,6.77200376677973e-09,1.88941315058908e-08
"PSENEN",-0.0759839825057022,6.69534003966895e-09,1.86968712060568e-08
"PFDN4",-0.0761592923424898,6.18009740525143e-09,1.73197367854053e-08
"SDHB",-0.0761959104253428,6.07745079695428e-09,1.70473038454818e-08
"ISCA2",-0.0762227620224492,6.00323686576666e-09,1.68693107625844e-08
"MRPS23",-0.0762827285976915,5.84066580003194e-09,1.64271999541705e-08
"HMGB1",-0.0763765163537248,5.59495429548199e-09,1.57643995243769e-08
"HMOX2",-0.076543517065425,5.18209356202929e-09,1.46142494698956e-08
"THOC7",-0.07666659015358,4.89695562126673e-09,1.38350025480112e-08
"MRPL9",-0.0766869414143009,4.85130007700029e-09,1.37183742483976e-08
"EMC4",-0.0766992165798188,4.8239627425445e-09,1.36533819139166e-08
"HSP90AA1",-0.0767326920456227,4.75017077514277e-09,1.34566716809826e-08
"RPL13A",-0.0768704838476781,4.45782329342649e-09,1.2674282727276e-08
"PDAP1",-0.0769226657822053,4.35174503306182e-09,1.23839132701287e-08
"NDUFAF8",-0.0769803564401621,4.23732645036855e-09,1.20692604435565e-08
"ANXA5",-0.077000071323824,4.19890092219497e-09,1.19706848109122e-08
"CHCHD1",-0.0770304908088933,4.14027575786548e-09,1.18142900606607e-08
"EBP",-0.0770565221890325,4.09074049036517e-09,1.16835721109154e-08
"UFD1",-0.0773947466426447,3.49726935800379e-09,1.00250792565812e-08
"NDUFA8",-0.0774627367812415,3.38852295789118e-09,9.72223970351943e-09
"RSL1D1",-0.0774891683706205,3.34714167491517e-09,9.61230429719228e-09
"ZNF428",-0.0775068274409398,3.31976917075727e-09,9.54243457332246e-09
"EIF1AX",-0.0775439482020314,3.26293850981889e-09,9.39630410173742e-09
"HDDC2",-0.0775513827893443,3.25167076889707e-09,9.37246280446804e-09
"ARPC5",-0.0775643126487536,3.23216462819972e-09,9.32480981971879e-09
"CTSW",-0.0776312966218064,3.13292115368124e-09,9.04681467582354e-09
"PA2G4",-0.0777109130578299,3.01881553815898e-09,8.72535071674337e-09
"GTF2H5",-0.0778219137757874,2.86645796804794e-09,8.31564494708449e-09
"BLOC1S2",-0.0778923751032002,2.77365639342418e-09,8.05387634238726e-09
"C17orf49",-0.0779520863120807,2.69730858460787e-09,7.83944367129775e-09
"CST7",-0.0780325818897546,2.59761636432107e-09,7.5567021507522e-09
"FAM200B",-0.0781857088370306,2.41778023367791e-09,7.04661599703898e-09
"SAMSN1",-0.0782389614680926,2.35812720036474e-09,6.88555577313204e-09
"GIMAP7",-0.0782745433058335,2.31907014690234e-09,6.7778229083744e-09
"CIR1",-0.0784579647656332,2.12751744539839e-09,6.2412485582501e-09
"PLEKHO1",-0.0784983422276407,2.08746778436262e-09,6.13523802414356e-09
"ESD",-0.078572939548121,2.01539869455468e-09,5.92897777309895e-09
"HMGN3",-0.0787158192856877,1.88406589986863e-09,5.54782221782913e-09
"EMC6",-0.0787179102877548,1.88220718196012e-09,5.54755800998774e-09
"UQCC2",-0.0787549630631028,1.84956523331836e-09,5.46676396954417e-09
"DNAJC8",-0.0788278646533896,1.7869439365692e-09,5.28665677837833e-09
"CUTA",-0.0789236393530646,1.70780619780772e-09,5.06207961845464e-09
"TMED9",-0.0789863923659183,1.65781663025879e-09,4.91855530037044e-09
"CAMLG",-0.0790975225106336,1.57276471264948e-09,4.67063460120148e-09
"TMEM219",-0.0791465837909438,1.53658338547725e-09,4.5761875563691e-09
"PSMD9",-0.0792172863587702,1.48586494478484e-09,4.42934645137383e-09
"C9orf78",-0.0793213527969288,1.41416818453468e-09,4.2196302823033e-09
"MRPS33",-0.0793725636250635,1.38013534354467e-09,4.12200422605342e-09
"PTTG1",-0.0796126273126974,1.23094986153476e-09,3.6940275270555e-09
"EPB41L4A-AS1",-0.0796386536540537,1.2157534301092e-09,3.65191834944678e-09
"ACTB",-0.0796668120485079,1.19951804528581e-09,3.61700825963106e-09
"PAIP2",-0.0796955739160434,1.18315292212544e-09,3.57453522522677e-09
"EIF3I",-0.0797103767188764,1.17481535064059e-09,3.55276850492662e-09
"RAP1B",-0.0797915662910223,1.1300943649482e-09,3.42082618578914e-09
"SVIP",-0.0800122489678635,1.0167576920278e-09,3.08370611431256e-09
"DHPS",-0.0801313152424123,9.60292281137643e-10,2.91527259791641e-09
"MORF4L1",-0.0801754004880462,9.40170909681675e-10,2.85695346197842e-09
"ANP32A",-0.0801883828440904,9.34324264527013e-10,2.84194073089885e-09
"GSTK1",-0.0802325536292702,9.1469607708262e-10,2.78764518729941e-09
"AGTRAP",-0.0803321811882048,8.71889011993345e-10,2.66495510878278e-09
"HAX1",-0.0804947530597687,8.06196316169329e-10,2.47138968475759e-09
"SRSF3",-0.0805005733767077,8.0393622199763e-10,2.46687279078725e-09
"ITM2A",-0.0805754314368887,7.75413022998072e-10,2.38401494129603e-09
"H1FX",-0.0806249018299552,7.57107448451248e-10,2.33001860485095e-09
"CLPP",-0.0806551704106564,7.46115679042079e-10,2.29844672836538e-09
"FUNDC2",-0.0806582899879107,7.44991717958214e-10,2.29724093167842e-09
"VDAC2",-0.080681196320984,7.36789156543415e-10,2.27418385326786e-09
"C1D",-0.0807027344365778,7.29156922025537e-10,2.25284345563752e-09
"NUDT1",-0.0807052303128089,7.28277485657996e-10,2.2523453599837e-09
"PRMT1",-0.0807876237989591,6.99819374341963e-10,2.16646945502112e-09
"CALM3",-0.0810087542024135,6.28697819546171e-10,1.95207560603643e-09
"MRPL3",-0.0810685508359198,6.10709547218012e-10,1.89998525801159e-09
"PSMB2",-0.081084091704784,6.06117289684054e-10,1.88757082467646e-09
"CMC2",-0.0811097806498426,5.98600078457099e-10,1.8660137634607e-09
"ARF1",-0.0811333511476685,5.91782830046668e-10,1.84659796520035e-09
"COMMD7",-0.0811497257189985,5.87091489778502e-10,1.83378377683803e-09
"NAA20",-0.0811858274927452,5.76876080102815e-10,1.80547244231779e-09
"SDF2L1",-0.0812463405807306,5.6014083018378e-10,1.75484679665967e-09
"LAGE3",-0.0812629647568346,5.55626864811025e-10,1.74244584804737e-09
"NDUFB5",-0.0813837436885545,5.2388056233616e-10,1.6461818071004e-09
"TMEM50A",-0.0813907848566649,5.2208544296099e-10,1.64218650865162e-09
"MRPL54",-0.081473885718084,5.01347322659878e-10,1.5785393613066e-09
"COX16",-0.0815975269561582,4.71971935284119e-10,1.48903821836116e-09
"VAPA",-0.0816213736157198,4.66502760259523e-10,1.47326551477731e-09
"UQCRFS1",-0.0816691933225183,4.55721127531122e-10,1.44066679025967e-09
"THYN1",-0.0817427745627981,4.39604488053591e-10,1.39534380013771e-09
"SBDS",-0.0817877629661131,4.30026024675503e-10,1.36632382308245e-09
"TRAPPC6A",-0.0820124687853524,3.85151701813308e-10,1.22747534236436e-09
"MAF1",-0.0820291232551777,3.82014033755822e-10,1.21871415041532e-09
"PPP1R7",-0.0821896890903999,3.53015517457446e-10,1.12964965586383e-09
"TBCB",-0.0822529664117917,3.42187704791475e-10,1.09611914425543e-09
"IDI1",-0.0822628485742056,3.40526233227761e-10,1.09191233885712e-09
"HSP90AB1",-0.0823263606320442,3.30034448061139e-10,1.05935315160669e-09
"MRPL18",-0.0824707421514464,3.07343810882853e-10,9.8955871758586e-10
"SELENOF",-0.0827121761317272,2.72758429230417e-10,8.83647142630772e-10
"CEBPB",-0.0831770838123606,2.16535370693087e-10,7.05878297810313e-10
"MRPL13",-0.0833198087975846,2.016709779112e-10,6.58106333745602e-10
"SNHG7",-0.0834167766695726,1.92145595362584e-10,6.28330122061589e-10
"SELENOT",-0.0837724315262653,1.60826278813658e-10,5.2922477477401e-10
"AKR7A2",-0.0838096641802437,1.57851605853579e-10,5.20528534129151e-10
"MRPL36",-0.083923955292648,1.49052218104901e-10,4.92029216817864e-10
"SMIM27",-0.0842829130625181,1.24419035906278e-10,4.12886874711204e-10
"UBE2L3",-0.0843244613165939,1.21838715893232e-10,4.04752344323278e-10
"BST2",-0.0843303181040102,1.21479216163935e-10,4.03986025334147e-10
"PFDN1",-0.0845179825783336,1.10493150508268e-10,3.68623957440349e-10
"SNRNP40",-0.0845320393853304,1.09710510949398e-10,3.66402728793729e-10
"METTL9",-0.0847086584743912,1.00326838141306e-10,3.36137782490529e-10
"RBM3",-0.0848162825043298,9.49984513099466e-11,3.18625821719778e-10
"ANXA2",-0.0849320643789827,8.95749943917665e-11,3.01079509552604e-10
"ARL6IP5",-0.08511888295519,8.14558375544341e-11,2.74968252498068e-10
"CCDC59",-0.0851542415989134,8.00022613996138e-11,2.70352469557316e-10
"CCL4",-0.0851926170269624,7.84533595994721e-11,2.65404245635323e-10
"RHEB",-0.085206561894923,7.78978133933765e-11,2.63809441470441e-10
"POLR2G",-0.0854922217346493,6.73278831318856e-11,2.287543244871e-10
"SKAP1",-0.0855154826845742,6.65317539936042e-11,2.26294555882801e-10
"TAF12",-0.0855600610013516,6.50316581175285e-11,2.21432442841009e-10
"MRPL55",-0.0858849643629301,5.50539029276578e-11,1.88481484258881e-10
"STUB1",-0.0859038265370318,5.4523086715309e-11,1.86868196654873e-10
"TRAC",-0.0859422336964223,5.34576645492014e-11,1.83417107249776e-10
"PGK1",-0.0861249609610739,4.86613148307552e-11,1.6769437726291e-10
"LY6E",-0.0862112801843265,4.65445118906503e-11,1.60930087419051e-10
"CLTB",-0.086524852220594,3.95861316760772e-11,1.37782584834826e-10
"TUBA4A",-0.0865349232383093,3.93804158998405e-11,1.37218871402111e-10
"ZNHIT1",-0.0866275386793219,3.75369814180955e-11,1.30941016381699e-10
"TMEM256",-0.086722740156648,3.57301154725754e-11,1.24776884322936e-10
"CLTA",-0.0867711258393999,3.48446834298171e-11,1.22015965628584e-10
"RAC1",-0.0869368078778491,3.1972393623582e-11,1.12531342764931e-10
"RNF7",-0.0870382453422734,3.03296009180241e-11,1.06869245481937e-10
"DPY30",-0.0870553007432615,3.00616198759862e-11,1.06044139405054e-10
"LAMTOR1",-0.0874763798395426,2.41334930950034e-11,8.52281918310028e-11
"MRPL11",-0.0874831344591216,2.40484076049139e-11,8.50234568759978e-11
"MRPL34",-0.0875111425675816,2.36987213868381e-11,8.3881704592691e-11
"PEBP1",-0.0875630881146145,2.30632976002124e-11,8.17248601969109e-11
"GIMAP1",-0.0875921423835019,2.27151947952568e-11,8.05824104953908e-11
"SLIRP",-0.0877739939826055,2.06503500963209e-11,7.35068080613648e-11
"LSM1",-0.087779947489412,2.05859540091229e-11,7.3360854287056e-11
"EMP3",-0.0878526669434885,1.98150730948175e-11,7.06940491755947e-11
"BUD31",-0.0879833113922989,1.85005053372672e-11,6.60792536875513e-11
"PHB",-0.088110117932841,1.73063691449524e-11,6.19552210485967e-11
"LYSMD2",-0.0883321793189257,1.53944003197867e-11,5.53633479390495e-11
"MRPS34",-0.0884183009844721,1.4709934877316e-11,5.29625209819321e-11
"C18orf32",-0.0884432280179361,1.45174461400551e-11,5.23295529830031e-11
"HMGB2",-0.088564497584616,1.3615622873509e-11,4.91919278010648e-11
"TUBA1A",-0.0887191355442395,1.25448897833818e-11,4.54281459130314e-11
"NDUFA7",-0.0889432811113219,1.11378182206088e-11,4.04261550229505e-11
"MT1F",-0.0889734258942199,1.09607906955105e-11,3.98297098738366e-11
"CDK2AP2",-0.0890110749941404,1.07435598694498e-11,3.90856192002259e-11
"ZNHIT3",-0.0890681974893315,1.04219985370223e-11,3.8092526121331e-11
"CORO1A",-0.0890943986588774,1.02776754221268e-11,3.76527922006888e-11
"PIN1",-0.0892159546647083,9.633316239181e-12,3.53334265802007e-11
"PDCD6",-0.0892284438948406,9.56939784575626e-12,3.51400838926132e-11
"RGL4",-0.0893016030036712,9.20323749760298e-12,3.38351146453493e-11
"MRPL22",-0.0893671800517662,8.88671306843537e-12,3.27097795570579e-11
"MRFAP1",-0.0894444968015378,8.52720397948491e-12,3.14233979784544e-11
"TMEM35B",-0.089575907403864,7.94858257040801e-12,2.93255940479994e-11
"DNAJC19",-0.0898507306444597,6.86004637524517e-12,2.53991799678499e-11
"MRPS21",-0.0898767741193345,6.76481201158669e-12,2.51058585424093e-11
"GLRX5",-0.0900492168520548,6.16612115921012e-12,2.29382632921506e-11
"FLT3LG",-0.0901456933186297,5.85415257794519e-12,2.1803589648974e-11
"CORO1B",-0.0901725472909007,5.77010419217009e-12,2.1541722317435e-11
"C4orf48",-0.0902523260847246,5.52732332449204e-12,2.06845894338986e-11
"A1BG",-0.0903643778408466,5.20315452264939e-12,1.95414282431479e-11
"NFKBIA",-0.0905699969027957,4.6560491190278e-12,1.75920120930978e-11
"LSM4",-0.0906735864452598,4.40219520037625e-12,1.66730484883815e-11
"TUBA1B",-0.0907797049352089,4.15621860455421e-12,1.57795418206804e-11
"TMEM160",-0.0907851394708582,4.14399099820577e-12,1.57521888125737e-11
"MRPL14",-0.0907978660040731,4.11549432587449e-12,1.56628521916777e-11
"CHURC1",-0.0908205494273965,4.06517813343405e-12,1.55090007621036e-11
"CMC1",-0.0911880170312655,3.32928682359556e-12,1.27792453840829e-11
"H2AFV",-0.091229272292934,3.25531403174027e-12,1.25106186317861e-11
"TUBB4B",-0.0913513137747,3.04579367946705e-12,1.17485965299e-11
"CNBP",-0.0914175631811428,2.93765364629321e-12,1.13454209787876e-11
"SEPTIN7",-0.0914951762663067,2.81574640877162e-12,1.08880157064215e-11
"PDLIM2",-0.0915453188238286,2.73963925467749e-12,1.06068008674921e-11
"AP2S1",-0.0915778275632665,2.69137852146917e-12,1.04328344169683e-11
"SLC25A3",-0.0915957225515237,2.66516930706886e-12,1.03440234492178e-11
"ANP32B",-0.0916833612236794,2.54038340548135e-12,9.87192361783085e-12
"PIN4",-0.0918481953935407,2.32100963361758e-12,9.04184622487545e-12
"LAMTOR5",-0.0919183052556811,2.23343523506068e-12,8.71150857854514e-12
"MRPS6",-0.0920194488444607,2.1127788243768e-12,8.25115117465211e-12
"PPP1CA",-0.0921212528289082,1.99779524742205e-12,7.81182780039345e-12
"NDUFAF3",-0.0921886261112349,1.92509812100256e-12,7.53696343004247e-12
"NHP2",-0.0922608141058558,1.8500843952398e-12,7.26140758882604e-12
"POLR3GL",-0.0923836112024517,1.72901323750557e-12,6.80324405623271e-12
"MTLN",-0.0924675055265978,1.65080200351378e-12,6.50366216459702e-12
"POLR2F",-0.0925889663934425,1.54368257373686e-12,6.0969629108801e-12
"GSTO1",-0.0926348907765723,1.50498277328195e-12,5.95160905045674e-12
"TRAPPC4",-0.0926365716513563,1.50358452762697e-12,5.95160905045674e-12
"PSMB10",-0.092735812666125,1.42325029016996e-12,5.64976317718099e-12
"APEX1",-0.092742948748111,1.4176387992395e-12,5.6346201196642e-12
"LEPROTL1",-0.0929037655679021,1.29678183927002e-12,5.16735431759948e-12
"ITGB1BP1",-0.0930120136004835,1.22118447250111e-12,4.8909763802854e-12
"AC007952.4",-0.0931895246595778,1.1064711471877e-12,4.44858143279567e-12
"WASHC3",-0.0935453401177295,9.07454577372447e-13,3.67671518687338e-12
"GADD45GIP1",-0.0938233995085762,7.76790923856114e-13,3.16365758079581e-12
"ID2",-0.0939270484903634,7.32967750077765e-13,2.99295164615087e-12
"MICOS13",-0.0942073367303057,6.26252928494082e-13,2.56387621900449e-12
"GZMM",-0.0944027600814301,5.61030712291082e-13,2.29985923365338e-12
"DSTN",-0.0944393152840579,5.49593308293866e-13,2.25887891849222e-12
"PUF60",-0.0944614776870732,5.4277089709812e-13,2.23376579173189e-12
"POLE4",-0.0945721262471303,5.09933372486603e-13,2.101381151272e-12
"SNHG32",-0.0949394699197997,4.14295102848074e-13,1.70951242438363e-12
"CD81",-0.0949924121621346,4.02050997754555e-13,1.66117513696744e-12
"PPA1",-0.0951425570468808,3.6922649806173e-13,1.52958295630328e-12
"ENO1",-0.0951532299042973,3.66996066581553e-13,1.52235405396792e-12
"PHPT1",-0.0951541543218737,3.66803503934203e-13,1.52235405396792e-12
"MRPL52",-0.0952634057686099,3.44730714398228e-13,1.43378716227168e-12
"FKBP1A",-0.0956232876776837,2.80852389305194e-13,1.17121421923017e-12
"C7orf50",-0.0956317811512522,2.79494732197486e-13,1.1671045008939e-12
"CITED2",-0.0957245131064154,2.65084736254575e-13,1.10840764385913e-12
"PGAM1",-0.0957421371175046,2.62429785584673e-13,1.09877143870966e-12
"SELENOK",-0.0957703415755468,2.58235191378502e-13,1.0826544921965e-12
"EIF1B",-0.0958938491348713,2.40629324913506e-13,1.01426554157091e-12
"MRPS36",-0.0959075986936049,2.38743819219243e-13,1.00767243212859e-12
"RNF181",-0.0959769316113631,2.29454894489527e-13,9.69771629540641e-13
"RANBP1",-0.0960957531878903,2.14354246901782e-13,9.07172629263144e-13
"SOCS1",-0.0962243606716973,1.99109208505193e-13,8.43792537665252e-13
"CHMP5",-0.0963317283896039,1.8720173771873e-13,7.94404126503296e-13
"ARL6IP4",-0.0964869037748118,1.71218798377462e-13,7.29540966999622e-13
"PPP1R14B",-0.0965931632913354,1.61055432869613e-13,6.88106045611861e-13
"AIP",-0.0967547751405408,1.46723666830877e-13,6.27729084831692e-13
"POLR2J",-0.0970696300240533,1.22307833502126e-13,5.23985472489984e-13
"UBE2S",-0.0973827482217001,1.01998412241843e-13,4.39377775811016e-13
"GTF3C6",-0.0974374933268438,9.88051973914233e-14,4.26794902230721e-13
"NUDT16L1",-0.0974803625781851,9.63734518250211e-14,4.16865027480367e-13
"PLAAT3",-0.0977875477986202,8.05881079014354e-14,3.50519148930515e-13
"UBE2M",-0.0978558740354915,7.7438804635511e-14,3.37289015745781e-13
"POLR1D",-0.0980326508242716,6.98412604415486e-14,3.0462057405382e-13
"MEAF6",-0.0980368227257071,6.96711105181697e-14,3.04365277072173e-13
"CAPZB",-0.0986430746757842,4.88246882927942e-14,2.14145765714969e-13
"SUSD3",-0.0986717905470921,4.80067387400871e-14,2.10853127015285e-13
"VBP1",-0.0987771737102586,4.51187836678006e-14,1.98446711896525e-13
"FIS1",-0.098944471365556,4.08812045015933e-14,1.80568249742249e-13
"ENSA",-0.0990084478423967,3.93663079554619e-14,1.74122343791719e-13
"NDUFS6",-0.099091441430969,3.74830967434496e-14,1.66026823993585e-13
"TXNL1",-0.0994690976311129,2.99735351042473e-14,1.33329086648113e-13
"JTB",-0.0995081904889038,2.92864101602008e-14,1.30457645259076e-13
"MAP1LC3B",-0.0995820861532928,2.80296122322442e-14,1.25036790839712e-13
"SUPT4H1",-0.0996060899499715,2.76328902007723e-14,1.23442654800031e-13
"CD3E",-0.099990433093649,2.19836718250185e-14,9.87690470533784e-14
"SDHD",-0.100153623333048,1.99440118869544e-14,8.97337464526382e-14
"OSTC",-0.100272002443443,1.85820714203136e-14,8.39674005390542e-14
"PCMT1",-0.1002943524758,1.83354026088945e-14,8.29723269574214e-14
"ATRAID",-0.100463012759648,1.65749750380607e-14,7.51143377447374e-14
"MRPS18C",-0.100463690359697,1.65682491511722e-14,7.51143377447374e-14
"MRPL43",-0.100731668980609,1.41082880976326e-14,6.42142111381362e-14
"EAPP",-0.100844088440537,1.3186722436154e-14,6.02821597081324e-14
"PSMA3",-0.101103375822892,1.12810287476699e-14,5.16457024126902e-14
"DHRS7",-0.101117645011232,1.11844122361086e-14,5.12782408953749e-14
"SEC11A",-0.101190753578316,1.07020221160989e-14,4.92827332688492e-14
"ALOX5AP",-0.101204005851738,1.06167984680465e-14,4.89621764644027e-14
"TMEM230",-0.101595084525161,8.3815280821597e-15,3.87676579139422e-14
"NDUFA2",-0.10172691707284,7.73792837305659e-15,3.58966618016353e-14
"NDUFB9",-0.101836293641447,7.24107149761038e-15,3.36414818022313e-14
"TOMM22",-0.101906760261575,6.93773808855206e-15,3.22800395336785e-14
"HSD17B10",-0.101940886925659,6.79536400247175e-15,3.16645787693186e-14
"TNFSF12",-0.102066821702375,6.29442175121942e-15,2.94177445779793e-14
"SRGN",-0.102135776712398,6.0357181943531e-15,2.82929929110483e-14
"MDH2",-0.102389545076204,5.17065223801431e-15,2.43470952228422e-14
"ATP5MC1",-0.102458219545325,4.95833410273992e-15,2.33824597687104e-14
"MRPS24",-0.102511313528195,4.80008838330985e-15,2.2670296942861e-14
"PHB2",-0.102991315188583,3.57742104270016e-15,1.6998170287739e-14
"FAM162A",-0.10308865373804,3.36981578358823e-15,1.60360277653e-14
"GHITM",-0.103158289772149,3.22861795831351e-15,1.54108765864097e-14
"BCL7C",-0.103386561360022,2.8053803500214e-15,1.34520990484207e-14
"RHOA",-0.10341046590964,2.76435299100758e-15,1.32756676566612e-14
"IMP3",-0.103488853124027,2.63391779282184e-15,1.26686598133271e-14
"CHMP2A",-0.103523456444129,2.57828419847699e-15,1.24392296098828e-14
"ZNRD1",-0.10361011615471,2.4439828598117e-15,1.18459509248369e-14
"PET100",-0.10368773460428,2.32955532689875e-15,1.13439215918548e-14
"RABAC1",-0.103763147388533,2.22343720679451e-15,1.08609019945601e-14
"SELENOM",-0.103910113994048,2.03012465572835e-15,9.93209191944479e-15
"NUDC",-0.103957263038166,1.97168748237927e-15,9.66126866365843e-15
"COMMD8",-0.104288422286187,1.60540484731912e-15,7.91595849244146e-15
"HSPB11",-0.104553809358363,1.36098865514745e-15,6.74259150480633e-15
"COX5A",-0.104623894509734,1.30281080817773e-15,6.46458021272999e-15
"MRPL57",-0.104657441517411,1.27583697205584e-15,6.35928073749444e-15
"DGCR6L",-0.104766714436824,1.1917322175095e-15,5.96056177688962e-15
"POLR2I",-0.104942975105191,1.06743550960214e-15,5.37315852024446e-15
"MRPS12",-0.105163387514751,9.29842679891908e-16,4.70320426474359e-15
"AURKAIP1",-0.105585150522517,7.13477041457627e-16,3.62635980877005e-15
"PSMA6",-0.105610284165206,7.02280708666816e-16,3.57524724412197e-15
"RGS19",-0.105862782626227,5.9897726613295e-16,3.06926912841982e-15
"METTL5",-0.105961944278908,5.6263694921402e-16,2.88777327779896e-15
"SNRPB2",-0.106299801971801,4.54386147002538e-16,2.34367591611835e-15
"CCDC107",-0.106349878113237,4.40195003846724e-16,2.27421998692475e-15
"SYF2",-0.106387874711972,4.29719322710936e-16,2.22376203963943e-15
"CAPG",-0.106479242468197,4.05524126427016e-16,2.10550274913099e-15
"C14orf119",-0.10675336424625,3.40704668605414e-16,1.77483362250262e-15
"RAB5C",-0.106865849948888,3.17163968194292e-16,1.65495208695058e-15
"HLA-C",-0.107076490560277,2.77312318102193e-16,1.4494190492808e-15
"FAM174C",-0.107169215797016,2.61374052698461e-16,1.36839570828443e-15
"PDCD5",-0.107169672092901,2.61297897845733e-16,1.36839570828443e-15
"RBM8A",-0.107452060259108,2.18127913791743e-16,1.1477334524344e-15
"MT1X",-0.107543180845352,2.05760236897804e-16,1.08447748388489e-15
"SSNA1",-0.107800918978332,1.74398492312956e-16,9.20730087362678e-16
"SSB",-0.107804424360261,1.74006219506014e-16,9.20208270439897e-16
"LGALS1",-0.108159139551041,1.38496958064e-16,7.36146543201195e-16
"PSMD8",-0.108355769067545,1.21998004228325e-16,6.51764465519639e-16
"GCHFR",-0.108411909613761,1.17653854073022e-16,6.29628816336172e-16
"SPCS2",-0.108424065949824,1.16733476801342e-16,6.2577125341711e-16
"DUSP2",-0.108485017501637,1.12224667373389e-16,6.02631090552992e-16
"VPS28",-0.108492974903819,1.11648846118891e-16,6.00567378094066e-16
"TIMM8B",-0.108683155569598,9.8721398867556e-17,5.33776391118372e-16
"NOL7",-0.109282924572929,6.68741522206488e-17,3.64725811067747e-16
"ARPC5L",-0.109341629399604,6.43653125510554e-17,3.51654390522839e-16
"TPI1",-0.109359065630795,6.36381890743333e-17,3.48288588022878e-16
"ANAPC11",-0.109502467450815,5.79573458797446e-17,3.17752162026013e-16
"PSMB9",-0.109540150353577,5.65494557170546e-17,3.10576345234121e-16
"RAB5IF",-0.109658688505258,5.23369652034904e-17,2.87945127856396e-16
"LSM3",-0.11022330645924,3.6155400559956e-17,2.00678471072605e-16
"PFDN2",-0.11039422059205,3.23135977333088e-17,1.79672770375278e-16
"LSM2",-0.110482139772235,3.0497144355634e-17,1.69873969270459e-16
"MT2A",-0.110643896510542,2.74144206197626e-17,1.5297441826259e-16
"CDC26",-0.110814299680904,2.4499206787228e-17,1.36951002646608e-16
"TAF10",-0.110949292929489,2.2408769560295e-17,1.25713598105698e-16
"PRDX2",-0.111024205467748,2.13256764083415e-17,1.19851830137202e-16
"EIF4A1",-0.111226801303045,1.86484947462556e-17,1.05372395539203e-16
"TMEM14C",-0.111237505736143,1.85166592425706e-17,1.048163237991e-16
"ALKBH7",-0.111288129429816,1.79055296797042e-17,1.01540218943133e-16
"SNRPN",-0.111401584306603,1.66072389141392e-17,9.43483718020664e-17
"UQCRQ",-0.111751419289412,1.31610334142537e-17,7.50418196129082e-17
"NDUFB7",-0.112154106403762,1.00607591841829e-17,5.7679233640946e-17
"TSC22D3",-0.112620050282672,7.36414516979398e-18,4.23742371605026e-17
"NDUFV2",-0.11300188308936,5.69713714153941e-18,3.29028030863123e-17
"BAX",-0.11321604920083,4.93141428966439e-18,2.85857952169825e-17
"WDR83OS",-0.113224535045132,4.90326409440929e-18,2.84752522223473e-17
"SNRPE",-0.113516722462587,4.02499848850772e-18,2.34617012266919e-17
"SNRPD1",-0.113690939571619,3.57725657619889e-18,2.08906454803719e-17
"TOMM20",-0.113828446478719,3.25889862181724e-18,1.91026281832128e-17
"CYTIP",-0.114038466678959,2.82585980016161e-18,1.65953114855933e-17
"MRPL41",-0.11406733108699,2.77096848241199e-18,1.6303484354304e-17
"PRDX5",-0.114185751216211,2.55657497876646e-18,1.51558017644832e-17
"PGLS",-0.114749249281986,1.74077421503468e-18,1.03587626913639e-17
"ATP5PO",-0.115076925386585,1.39091809653328e-18,8.30841742995878e-18
"PSMB6",-0.115241294718475,1.24256248752362e-18,7.43640450548487e-18
"CARD16",-0.115335006597335,1.16509143543388e-18,6.98609319602417e-18
"OSTF1",-0.115338281732726,1.16247195958801e-18,6.98373958863602e-18
"MPC2",-0.115570338341883,9.90946280085388e-19,5.97616833528418e-18
"ZNF706",-0.115639876714872,9.44597245845664e-19,5.70762420611176e-18
"CYCS",-0.115793885675212,8.49430659273382e-19,5.14249912641182e-18
"C1QBP",-0.115814146736491,8.3763742961258e-19,5.08091098503878e-18
"C12orf75",-0.115838167738298,8.23865003335785e-19,5.00705552414927e-18
"IFITM2",-0.116038841327051,7.17212615534467e-19,4.36733740255551e-18
"SLC25A5",-0.116392812863011,5.61294663081015e-19,3.4446576583602e-18
"HMGN2",-0.116564109198039,4.98375496040644e-19,3.06452069722247e-18
"CALM2",-0.116869286052439,4.03067426124683e-19,2.48822726048623e-18
"RHOC",-0.117754921270875,2.17020346709752e-19,1.35572869976451e-18
"RGCC",-0.117875623175827,1.99387392748026e-19,1.25558004750564e-18
"DGUOK",-0.117933378800954,1.91458320842169e-19,1.2080750385534e-18
"PRDX6",-0.118109227561668,1.69185310070973e-19,1.06968776690034e-18
"TMEM59",-0.118190715983754,1.59751666098902e-19,1.0141320341825e-18
"SARAF",-0.11823622346722,1.54711556292691e-19,9.84128682624502e-19
"SS18L2",-0.118413457714794,1.36536272657896e-19,8.70279981819433e-19
"HNRNPF",-0.118783672001492,1.05102513372292e-19,6.72656085582669e-19
"CCNI",-0.118805700488001,1.0347617203652e-19,6.63601790401892e-19
"SF3B5",-0.11887397640278,9.85917610475006e-20,6.33573284108528e-19
"PRDX1",-0.118970221284232,9.20911356316263e-20,5.94234159137408e-19
"ATP5F1C",-0.119102204460996,8.38602386075629e-20,5.42238573759417e-19
"SSBP1",-0.119243630233181,7.58463922866817e-20,4.92451938325122e-19
"EIF3D",-0.119666918639957,5.61132267333466e-20,3.65085226215301e-19
"MRPL20",-0.119715037868791,5.42198735712121e-20,3.54236507331919e-19
"SNX3",-0.119747536465494,5.29770077442219e-20,3.46839031912067e-19
"SELENOH",-0.119765323931688,5.23087154369152e-20,3.43180191653067e-19
"LSM10",-0.120099375042113,4.11982822149094e-20,2.70854953932822e-19
"NAA38",-0.12019619627172,3.84388037546441e-20,2.53243883560008e-19
"SELENOW",-0.120261700123747,3.66763215613595e-20,2.42140935613523e-19
"NSA2",-0.12033629178313,3.47664250944753e-20,2.30015841975263e-19
"CXCR4",-0.1203556861914,3.42861554557869e-20,2.27317935537733e-19
"LSM5",-0.120641447189938,2.7924939955681e-20,1.85535194281813e-19
"HSPA8",-0.120839268641719,2.42196939456803e-20,1.61602043007773e-19
"VAMP5",-0.120989462621655,2.17350955916631e-20,1.45333176493508e-19
"PLP2",-0.121227214778844,1.83075654289959e-20,1.22676335866092e-19
"MAGOH",-0.121894245070951,1.1291239302295e-20,7.59856790815388e-20
"RPS19BP1",-0.12216352271896,9.2828481177253e-21,6.27392493473848e-20
"SH3BGRL",-0.122378000285583,7.93955017279683e-21,5.37763052740624e-20
"UBE2D2",-0.122403988862304,7.79043964905374e-21,5.28805600420617e-20
"EIF3H",-0.122635516266916,6.5785407860022e-21,4.48484867497889e-20
"PSMA2",-0.122749504282656,6.05236530441303e-21,4.1351236589628e-20
"COPE",-0.12307780988052,4.75839312050145e-21,3.25814865194161e-20
"FAM89B",-0.123701742765111,3.00713228036932e-21,2.07260809477762e-20
"DDIT4",-0.123859456958899,2.67677298636558e-21,1.85305962146633e-20
"REX1BD",-0.123986223971307,2.43747809139757e-21,1.69113524217318e-20
"SRP9",-0.124321967333702,1.90116900132502e-21,1.32490355292339e-20
"PSMB8",-0.124600851306448,1.5457996939179e-21,1.07964985303486e-20
"DYNLL1",-0.124910063430675,1.22821640147517e-21,8.5975148103262e-21
"POMP",-0.125027854457024,1.12502328587595e-21,7.89278081545185e-21
"SRI",-0.125039393726998,1.11538762746337e-21,7.84272555992184e-21
"SNHG5",-0.12523697027307,9.62518107565324e-22,6.798326093074e-21
"CSTB",-0.125682824176045,6.89559838222626e-22,4.88139876448342e-21
"GTF2A2",-0.125917694174237,5.78181793887107e-22,4.10221290866508e-21
"CHCHD10",-0.125936226084012,5.70192630034839e-22,4.05470314691441e-21
"NDUFA12",-0.126202235326041,4.66856280163352e-22,3.32741203316425e-21
"ATP6V1F",-0.126439365538148,3.90495502654822e-22,2.79587647562904e-21
"IFI27L2",-0.126496703060398,3.73971371299317e-22,2.68369386817999e-21
"SIVA1",-0.126520646559334,3.67277615887865e-22,2.64170321886318e-21
"CCDC85B",-0.126639150291416,3.3585397071877e-22,2.42123690154957e-21
"ELOC",-0.126811457214745,2.94852530758396e-22,2.13054731902841e-21
"IL7R",-0.126913344920858,2.72980705189953e-22,1.97706118123716e-21
"DCTN3",-0.127122244040507,2.33033171601111e-22,1.69164820865992e-21
"FXYD5",-0.127318740989455,2.00760654533436e-22,1.46075501767252e-21
"NDUFB1",-0.127381198277678,1.91460776510421e-22,1.3963278956667e-21
"NCF1",-0.127524600564106,1.71690461757533e-22,1.25506127755623e-21
"RWDD1",-0.127650469272803,1.56011092942031e-22,1.14310931650983e-21
"CD99",-0.127724193527939,1.47494401070317e-22,1.08323756851643e-21
"CYBA",-0.127984653499122,1.20928755429471e-22,8.90217316964369e-22
"MICOS10",-0.12804781746055,1.1523577262668e-22,8.50304430487689e-22
"BOLA3",-0.128315797823509,9.3890336227344e-23,6.96075873307212e-22
"LAMTOR4",-0.128573963307073,7.70432522292859e-23,5.72529950215736e-22
"ECH1",-0.12892600928614,5.87941592733957e-23,4.3795364247356e-22
"GPSM3",-0.129074647812699,5.24406928903559e-23,3.91557173581324e-22
"SUMO1",-0.129217517212192,4.69759571712555e-23,3.51590934818752e-22
"NDUFA11",-0.129272000632522,4.50438679541051e-23,3.37936770105439e-22
"ROMO1",-0.129375801308758,4.15780098429163e-23,3.134342280466e-22
"IFITM1",-0.129731914734269,3.15758300798119e-23,2.39183099348526e-22
"NDUFA6",-0.129745402755458,3.1247965682595e-23,2.37272688572925e-22
"GADD45B",-0.129754891026223,3.10193478734114e-23,2.36636850788057e-22
"TSTD1",-0.129873988743123,2.82867345148515e-23,2.16359023020913e-22
"NDUFB3",-0.130023107113463,2.51991057806415e-23,1.93213681486777e-22
"LSM7",-0.130092628293248,2.38760372358067e-23,1.8351777640071e-22
"RTRAF",-0.130320107515858,2.00092933817798e-23,1.54554541983403e-22
"SMIM26",-0.130338426405114,1.97263497363513e-23,1.52745266106661e-22
"NDUFC1",-0.130506210299393,1.73123743552069e-23,1.34385163311705e-22
"COX14",-0.131064556037459,1.11988104585594e-23,8.7361864671747e-23
"ATP5PD",-0.131426923963284,8.43240506754379e-24,6.6275745092274e-23
"RPL22L1",-0.131447585418061,8.29688890229726e-24,6.53744814010156e-23
"POLR2K",-0.132380559058088,3.9812810194797e-24,3.16885717692598e-23
"LGALS3",-0.132757217945643,2.95549472247816e-24,2.36439577798253e-23
"JPT1",-0.133604767914839,1.50697423284945e-24,1.20866270951813e-23
"RAC2",-0.133653147880761,1.4499424004334e-24,1.16590240198952e-23
"LDHA",-0.134320442431964,8.50396512971953e-25,6.85563872668392e-24
"NOP53",-0.134489711365955,7.42425878228447e-25,6.01614355070907e-24
"DRAP1",-0.13527707189729,3.93881034148534e-25,3.22509379396815e-24
"ATP5IF1",-0.13555195149747,3.15407573961001e-25,2.58931453387879e-24
"ITM2B",-0.135596549178001,3.04227065547686e-25,2.50408419306442e-24
"TMEM14B",-0.135642653338343,2.93081621952714e-25,2.41869464853608e-24
"SNU13",-0.135723832178605,2.74431615363923e-25,2.27075869599278e-24
"ISG20",-0.135877609750154,2.42267707273902e-25,2.00992468256867e-24
"SF3B6",-0.135969293293796,2.24899175578289e-25,1.87077934910746e-24
"NDUFAB1",-0.135977625607948,2.23383247851211e-25,1.86311134378031e-24
"RPS27L",-0.136112167553851,2.00261371978897e-25,1.67471910006885e-24
"PSMA5",-0.13614373903891,1.95188793850274e-25,1.63666325538626e-24
"C4orf3",-0.136183073885279,1.89046663222909e-25,1.58941108811539e-24
"PSMB3",-0.136258743418479,1.77764439562849e-25,1.49857333997068e-24
"CD37",-0.136267706020353,1.76473123437563e-25,1.49169734528355e-24
"RSL24D1",-0.136437113733212,1.53741145483474e-25,1.30659141527418e-24
"NDUFC2",-0.136533719617761,1.4210335424949e-25,1.21096771447391e-24
"PTGES3",-0.136882813758441,1.0687228114519e-25,9.18223215537854e-25
"MZT2A",-0.137045466655472,9.35623913361078e-26,8.06075986895697e-25
"BANF1",-0.137052604927337,9.30174989402902e-26,8.0358919194697e-25
"PYCARD",-0.13707861048675,9.10588550689804e-26,7.88841352199786e-25
"GTF3A",-0.137121332531422,8.79295247821926e-26,7.63842076778272e-25
"MGST3",-0.137243889102009,7.95315981862717e-26,6.92808588644856e-25
"PSME1",-0.137468406306868,6.61565402922853e-26,5.77902257260743e-25
"GPX4",-0.13775115792121,5.24414220867634e-26,4.59375138726509e-25
"NDUFB4",-0.137796511733702,5.05208330262997e-26,4.43790846976123e-25
"UBXN1",-0.138148583709113,3.78004807109912e-26,3.32984009858619e-25
"RBX1",-0.138152701117236,3.76723012415359e-26,3.32789680826639e-25
"PCED1B-AS1",-0.138248908118696,3.47969042901223e-26,3.08257321620971e-25
"COX17",-0.138407116227172,3.05340160429018e-26,2.7125970059643e-25
"CLEC2B",-0.13852205413373,2.77657049747758e-26,2.47367189775275e-25
"NDUFB10",-0.13954995953666,1.18255546809134e-26,1.06260571574053e-25
"DDT",-0.139607539631918,1.12712967027136e-26,1.01571225458936e-25
"GSTP1",-0.139658460935037,1.08026378905221e-26,9.76284507915776e-26
"CIAO2B",-0.1405350546308,5.18731161811009e-27,4.74268490798637e-26
"SSR4",-0.140955247072391,3.64338476669635e-27,3.35063185582397e-26
"CCL5",-0.141634461431687,2.0534845307032e-27,1.89403749655448e-26
"IER2",-0.141721251597383,1.90802505048438e-27,1.76506388151003e-26
"KLRB1",-0.141840128520738,1.72523355913907e-27,1.60069007143791e-26
"GYPC",-0.142074550642028,1.41413613034047e-27,1.31594388864917e-26
"DYNLRB1",-0.142323445615514,1.14457182969082e-27,1.06826704104476e-26
"GABARAPL2",-0.142371993179659,1.09826878933494e-27,1.02811072338936e-26
"PPIB",-0.142407258763607,1.06580295627142e-27,1.00070600924166e-26
"ISCU",-0.14243132054484,1.04419942824356e-27,9.83366188279825e-27
"MRPL51",-0.14288519519409,7.09150405958757e-28,6.73907779723231e-27
"PSME2",-0.144206308962177,2.28286526846038e-28,2.1826419152109e-27
"SPCS1",-0.144242694325096,2.21236612849281e-28,2.12170647674418e-27
"TRAPPC1",-0.144938290646497,1.21265046393436e-28,1.16652510886447e-27
"PYURF",-0.144976563899138,1.173088332391e-28,1.13194000319329e-27
"NDUFB8",-0.14544960304696,7.77983112990489e-29,7.53010815536473e-28
"ERP29",-0.145457841068054,7.72429258670965e-29,7.49949893248343e-28
"EIF5A",-0.14605344386688,4.59645460233708e-29,4.49049272053865e-28
"NDUFA13",-0.146068510537523,4.5363646587898e-29,4.45957353290433e-28
"BLOC1S1",-0.146168318446921,4.15751666067857e-29,4.09999127292075e-28
"MRPL33",-0.146216196011071,3.9870945059213e-29,3.94433071626788e-28
"SLC25A6",-0.14711794151737,1.80780293851302e-29,1.80550000483338e-28
"DUSP1",-0.147348091896968,1.47615160476629e-29,1.4789812883537e-28
"SERP1",-0.1477734653092,1.01408839445702e-29,1.01928884776193e-28
"KRT10",-0.147987865848325,8.38895531910777e-30,8.45908806454083e-29
"SNRPB",-0.148210638524833,6.88641678875095e-30,6.96638808049129e-29
"XCL2",-0.148280506810526,6.47266686403466e-30,6.59035171610802e-29
"ARPC2",-0.148743888974021,4.28824057799897e-30,4.39474589954404e-29
"SNRPG",-0.148990781974686,3.44172731868285e-30,3.53877274471784e-29
"TOMM5",-0.149089298121346,3.15226757523284e-30,3.2518128670823e-29
"TSPO",-0.149607879537743,1.98316138146611e-30,2.05253930438208e-29
"UFC1",-0.149826673816417,1.6301455613052e-30,1.7040454934177e-29
"OCIAD2",-0.14982810346149,1.62805734058655e-30,1.7040454934177e-29
"HIGD2A",-0.150019531215411,1.37113507025078e-30,1.44291261084109e-29
"LINC01871",-0.150116491755477,1.2567887288877e-30,1.3270334861252e-29
"ERH",-0.150257283939974,1.10739763889002e-30,1.17324290390511e-29
"LSM6",-0.150410517086497,9.64779671218512e-31,1.02560984709873e-29
"RBIS",-0.150412848158207,9.62757249715364e-31,1.02560984709873e-29
"CIB1",-0.150543148999754,8.56153704568839e-31,9.16347446255249e-30
"PSMB1",-0.150567047290507,8.37913853694091e-31,8.99896522323517e-30
"COX7A2L",-0.150933120430402,6.02210985243028e-31,6.48980635643345e-30
"LDHB",-0.150996337708647,5.68773992877789e-31,6.15060428160257e-30
"BRK1",-0.151151671468701,4.94236844174875e-31,5.36306831602909e-30
"COX7B",-0.151381534930871,4.01366822455479e-31,4.38566674292817e-30
"ANAPC16",-0.152638135760339,1.27901742779557e-31,1.4173140118611e-30
"SEM1",-0.152701285868089,1.20727098650035e-31,1.34255383463301e-30
"ATP5F1D",-0.152888196419087,1.01750181257389e-31,1.13554650684403e-30
"ATP5ME",-0.152922910116931,9.85669323487519e-32,1.10394964230602e-30
"ATP5MC3",-0.153084159993536,8.50290886403135e-32,9.6263979052716e-31
"NDUFB11",-0.15393332313552,3.8951054130601e-32,4.42574296208568e-31
"SNRPF",-0.155008556751564,1.44019965352734e-32,1.66046548289034e-31
"LYAR",-0.155279309281215,1.11976416006934e-32,1.30058533554721e-31
"NOP10",-0.155543780155419,8.75337344476802e-33,1.02046762538262e-31
"FOS",-0.156300199891838,4.31758635662808e-33,5.05222045312897e-32
"EIF3G",-0.156710896484782,2.93727882842845e-33,3.44992749286577e-32
"UBB",-0.156910694907348,2.43440816079105e-33,2.87003909482734e-32
"SSR2",-0.15746385869044,1.44559348223869e-33,1.71070987181152e-32
"ATP5MPL",-0.157608334915797,1.26122437688208e-33,1.49818168405387e-32
"RNASEK",-0.157633971408188,1.23104012549825e-33,1.46788662873099e-32
"SRSF9",-0.158558295474719,5.12603845540329e-34,6.13559412066592e-33
"CD69",-0.158875455151104,3.79047385131451e-34,4.5543777769051e-33
"GABARAP",-0.159170297137481,2.86144544159315e-34,3.45134342493696e-33
"ATP5PF",-0.159307637578169,2.50972418441794e-34,3.03880117464659e-33
"ARPC1B",-0.159935161391733,1.37632913283598e-34,1.67293339557117e-33
"XCL1",-0.160055812610165,1.22584996617529e-34,1.49582314938743e-33
"COX6A1",-0.160512200289372,7.90437531417723e-35,9.72083175892541e-34
"TRIR",-0.16091990804278,5.33515931361271e-35,6.58703134153129e-34
"PRELID1",-0.161354863526915,3.50365237728206e-35,4.34286713642551e-34
"HMGN1",-0.161609014970811,2.73887395313566e-35,3.40837647501326e-34
"EIF3F",-0.162260146318556,1.45469250459697e-35,1.82476627776643e-34
"CD7",-0.16230629709498,1.3907537807644e-35,1.75156781384624e-34
"HSPE1",-0.162406557566549,1.26131029886318e-35,1.59494721662699e-34
"ANXA1",-0.162576357258818,1.06881791629234e-35,1.36252560385886e-34
"HNRNPA1",-0.163090153724975,6.4685907766316e-36,8.27979619408845e-35
"SNHG8",-0.163097284835056,6.42358758445484e-36,8.25588961674196e-35
"LTB",-0.163203665648358,5.78801872563924e-36,7.4696406269978e-35
"TBCA",-0.163432293989589,4.62574534069379e-36,5.99435429273377e-35
"ATP6V1G1",-0.163515419192845,4.26336414870277e-36,5.54768048561489e-35
"NDUFA3",-0.164978095011993,1.00754032223076e-36,1.31651935438153e-35
"COX8A",-0.165219646851802,7.92942019695247e-37,1.04044609780933e-35
"NDUFB2",-0.166661486481621,1.88376601680905e-37,2.49261191084944e-36
"KRTCAP2",-0.167403713028921,8.94304728170372e-38,1.1934211181031e-36
"EIF3E",-0.167540732919689,7.79100144484368e-38,1.04412737312093e-36
"C9orf16",-0.167978860463685,5.00888496408945e-38,6.74157220917791e-37
"EDF1",-0.168913525116808,1.94404877227142e-38,2.62781765079447e-37
"SAP18",-0.16930722774557,1.30273274793228e-38,1.76855839719292e-37
"POLR2L",-0.169596275222066,9.70392499050527e-39,1.32310907696628e-37
"COX5B",-0.169863522971723,7.38725134136246e-39,1.01607106168915e-37
"SMDT1",-0.171185131335177,1.90445633297242e-39,2.64264383194757e-38
"SNRPD2",-0.171932242422184,8.80748933647712e-40,1.22756829151965e-38
"CD8B",-0.17272728848785,3.8615632056653e-40,5.40618848793142e-39
"BTG1",-0.172824888197842,3.4888689168958e-40,4.9063196965853e-39
"GNG5",-0.17291191228574,3.18684043670822e-40,4.50177099527792e-39
"PARK7",-0.173269068945168,2.19660009472519e-40,3.13115358957191e-39
"SEC61B",-0.174016590130781,1.0054762796406e-40,1.44640991419859e-39
"TXN",-0.174619336039909,5.34075693342807e-41,7.71825518121218e-40
"RPS20",-0.174671665346118,5.05476211324792e-41,7.33876573478957e-40
"JUND",-0.175122662251273,3.14332802955338e-41,4.58487288403692e-40
"FOSB",-0.175182165460938,2.95207802966184e-41,4.32603584159791e-40
"ACTG1",-0.175277729154097,2.66884998658681e-41,3.92934908823298e-40
"UQCRH",-0.17552123065493,2.0634614760022e-41,3.08143580416328e-40
"CD63",-0.175835714547556,1.47930424123654e-41,2.21966416292717e-40
"H2AFZ",-0.176793570121816,5.34738776729645e-42,8.0622154030008e-41
"GAS5",-0.177051476426851,4.0618313532925e-42,6.1535763883697e-41
"TMEM258",-0.177701172074191,2.02803869422114e-42,3.10240455857439e-41
"RAN",-0.178165464194628,1.23252933193461e-42,1.89471175732692e-41
"DBI",-0.179602179332774,2.61677113676544e-43,4.06247241826555e-42
"VAMP8",-0.179651981010609,2.47932642026098e-43,3.86824261389972e-42
"DAD1",-0.179701458515402,2.34988931251101e-43,3.68462644201726e-42
"UBC",-0.180259577480243,1.28204326592588e-43,2.02034556881586e-42
"RPL4",-0.180993192130614,5.76371356860846e-44,9.12879078341219e-43
"UXT",-0.182359913659141,1.28792667952228e-44,2.08192683865044e-43
"RPL7",-0.182535419947823,1.06155465798796e-44,1.72488881215038e-43
"C19orf53",-0.182847913040166,7.52069357498154e-45,1.22837995058032e-43
"ATP6V0E1",-0.18404953958189,1.9867834424642e-45,3.27923835556196e-44
"SEC61G",-0.184228841187874,1.62758491767822e-45,2.7005853448883e-44
"ABRACL",-0.186217604378962,1.75761392824611e-46,2.93184961647863e-45
"RGS10",-0.186921225670806,7.94868391797857e-47,1.33299854367812e-45
"ATP5MF",-0.187049513126348,6.87562463179322e-47,1.15924509920987e-45
"GUK1",-0.187944078463612,2.49370867839478e-47,4.22717319753839e-46
"CALM1",-0.188273732842188,1.71382605770644e-47,2.92095571574314e-46
"TOMM6",-0.18837826910038,1.52143353880229e-47,2.60722162714972e-46
"NEDD8",-0.189320534361097,5.18487534242642e-48,8.93393905156553e-47
"YBX1",-0.189351073446337,5.00661830534214e-48,8.69757177454501e-47
"SUB1",-0.189364084509909,4.93253769225899e-48,8.6415855882258e-47
"NME2",-0.189827251084453,2.89933517530606e-48,5.13690119195469e-47
"C12orf57",-0.190065997073825,2.20347957068236e-48,3.92619996230676e-47
"NDUFA1",-0.19019702065903,1.89509134237994e-48,3.39600368554486e-47
"SOD1",-0.190655226417999,1.11754276190145e-48,2.01414603524307e-47
"GMFG",-0.19077744666424,9.70475193670793e-49,1.75919665164833e-47
"ZFAS1",-0.193342805126518,4.90989542956007e-50,8.95199538784905e-49
"ARHGDIB",-0.193590739439334,3.67152391827432e-50,6.7332742735136e-49
"CD3D",-0.193955916932204,2.39119984129192e-50,4.43716136230264e-49
"SKP1",-0.194991852252093,7.05138515453361e-51,1.32414034997709e-49
"RPS11",-0.196747803491378,8.7582201279541e-52,1.66459262553116e-50
"CKLF",-0.199127623008482,5.02130108774148e-53,9.60170744582761e-52
"COX6B1",-0.199827508512757,2.15090736989797e-53,4.13818743067487e-52
"PLAAT4",-0.200638479105665,8.02141468094566e-54,1.5624320769842e-52
"CD48",-0.200815868012417,6.46103278900595e-54,1.26636242664517e-52
"RPL31",-0.202613326791569,7.13325416118838e-55,1.40691100940168e-53
"SNHG29",-0.205111942583652,3.21874287005426e-56,6.38859344334819e-55
"COPS9",-0.205282309908858,2.60188851809888e-56,5.19714802086502e-55
"PSMA7",-0.205405529067569,2.23053967603308e-56,4.48395668207675e-55
"S100A11",-0.205626092574311,1.69273167094278e-56,3.4247784000494e-55
"CHCHD2",-0.205713619378717,1.51705176517754e-56,3.0892690490888e-55
"NDUFS5",-0.20575854469478,1.43405668489695e-56,2.93934755806329e-55
"JUN",-0.206478533942251,5.81018826836258e-57,1.19873357957796e-55
"RPLP0",-0.206738923541482,4.18715995301399e-57,8.69598252493501e-56
"PPIA",-0.207270052235689,2.14349419097108e-57,4.48133185525686e-56
"TRMT112",-0.208635042212671,3.80254569061727e-58,8.05728600390254e-57
"PFN1",-0.208922143985642,2.63891284237841e-58,5.62968073040727e-57
"VIM",-0.210607471845511,3.05746059354167e-59,6.56725782284019e-58
"MIF",-0.211116104179319,1.58947430074691e-59,3.43764924630505e-58
"APRT",-0.211238898891871,1.35691434377481e-59,2.9550579042207e-58
"RPL23",-0.212261095307386,3.62218562410886e-60,8.05615185617404e-59
"MZT2B",-0.212824788672922,1.7433313320924e-60,3.90506218388697e-59
"UQCR10",-0.21282754605662,1.73709730214852e-60,3.90506218388697e-59
"IL32",-0.21473751193572,1.43515823146077e-61,3.26134508250795e-60
"HOPX",-0.215290904637376,6.93689188072521e-62,1.58788999547111e-60
"CRIP1",-0.215639034942524,4.38618996690191e-62,1.01140380413268e-60
"HIST1H4C",-0.22151588903814,1.69183355087394e-65,4.01938637540961e-64
"MYL6",-0.221619686385002,1.46947123351045e-65,3.51775709029677e-64
"JUNB",-0.223206034423724,1.69033448793387e-66,4.07760688781586e-65
"SUMO2",-0.224397411412038,3.29448326758009e-67,8.00891436211719e-66
"EEF1D",-0.224476228782115,2.95567973524123e-67,7.24141535134102e-66
"ATP5MC2",-0.225429410787877,7.92953617459042e-68,1.95803349948941e-66
"ELOB",-0.225981804488664,3.68877059018051e-68,9.18094013556038e-67
"PPDPF",-0.227481857101097,4.56882082615486e-69,1.14622576886573e-67
"NDUFA4",-0.229958438472813,1.40517526117079e-70,3.55373356373515e-69
"ATP5MD",-0.230121911541095,1.11502833586373e-70,2.84286899290135e-69
"S100A10",-0.23029967684927,8.66902018479078e-71,2.22836453274622e-69
"EEF1G",-0.233964205435658,4.60955141676529e-73,1.19467382173355e-71
"H3F3A",-0.23588239746947,2.86608426406398e-74,7.49003354342054e-73
"COX6C",-0.236497545707903,1.16976226743487e-74,3.08266762241661e-73
"GAPDH",-0.238293155995951,8.42555566429761e-76,2.23919852230825e-74
"CLIC1",-0.238503457468433,6.18243464497254e-76,1.65710385013965e-74
"EIF3K",-0.238682295739293,4.75039722640042e-76,1.28424531913722e-74
"OAZ1",-0.239971526862631,7.06292797012528e-77,1.92602974907069e-75
"B2M",-0.242064916788787,3.12120508358055e-78,8.58605187904265e-77
"NPM1",-0.242204853488889,2.53103496468035e-78,7.02418199047573e-77
"H3F3B",-0.245089606755436,3.26385403603038e-80,9.22112275404619e-79
"CFL1",-0.245902303962859,9.48129718688806e-81,2.703031634371e-79
"COX7A2",-0.246059085794766,7.46567301037379e-81,2.1479220697736e-79
"UQCRB",-0.252361094410886,4.35553422625577e-85,1.26471808643871e-83
"ARPC3",-0.259317809916486,6.67244809980253e-90,1.95558852719446e-88
"COX4I1",-0.260587472793764,8.50110246051731e-91,2.51504314303606e-89
"SNHG6",-0.260895592317062,5.14722063042975e-91,1.53730322828835e-89
"S100A6",-0.265006203809853,5.97552024816021e-94,1.80184918252216e-92
"UBL5",-0.267507478669543,9.21693817463117e-96,2.80624447724693e-94
"HCST",-0.268595965932501,1.47923274407579e-96,4.54791557394282e-95
"FTL",-0.270648523056999,4.58822809536703e-98,1.42462210961099e-96
"HINT1",-0.270938124692194,2.80385534953771e-98,8.79289037615025e-97
"SRP14",-0.270942933563935,2.78100466112277e-98,8.79289037615025e-97
"RACK1",-0.271240794707823,1.67468174081614e-98,5.35898157061165e-97
"COMMD6",-0.276117391009548,3.78303244116117e-102,1.22305048819396e-100
"CD52",-0.276973209492595,8.51526973299558e-103,2.78165477944522e-101
"MYL12B",-0.279956599098377,4.5110927723474e-105,1.48913546674542e-103
"UQCR11",-0.28140714852242,3.44700493609237e-106,1.14997951910486e-104
"ATP5MG",-0.283679917730557,5.94257611358326e-108,2.00386222496743e-106
"SERF2",-0.297781573306267,2.87232379939004e-119,9.79087764661647e-118
"RPS26",-0.298804221946905,4.09537888911354e-120,1.41133057101759e-118
"FTH1",-0.302326763472245,4.69801950402854e-123,1.63699879607039e-121
"OST4",-0.304565693802109,6.04715065292667e-125,2.13077128624472e-123
"PFDN5",-0.30552283854519,9.2962626139276e-126,3.31284994969056e-124
"BTF3",-0.31413676232497,3.24101122675915e-133,1.18183851245543e-131
"COX7C",-0.316014734718383,7.10210458962781e-135,2.62025882271445e-133
"PTMA",-0.316488894223973,2.69485738628433e-135,1.00608009087948e-133
"SH3BGRL3",-0.322896312203883,4.65299099781632e-141,1.75804575531952e-139
"RPL27A",-0.323955561120735,5.02791725895714e-142,1.92287177123044e-140
"S100A4",-0.32952519274433,3.59686231704572e-147,1.39256299089573e-145
"TMSB10",-0.332253138476624,9.90906722767439e-150,3.88435435324836e-148
"MYL12A",-0.332404392992462,7.13391641061325e-150,2.83189390679534e-148
"TMA7",-0.334635612682188,5.48047410065975e-152,2.2034316384191e-150
"EEF1A1",-0.349667370202836,1.06702313210001e-166,4.34569421073459e-165
"TOMM7",-0.353250323319414,2.51410714859885e-170,1.03740000236921e-168
"RPL36AL",-0.354882806975238,5.39192857997361e-172,2.25454507023963e-170
"RPL6",-0.355404645377841,1.57131247764901e-172,6.65896747284771e-171
"EIF1",-0.362746894754871,3.5823096860007e-180,1.53892098291756e-178
"UBA52",-0.36375956837366,3.0494093736636e-181,1.32818719386237e-179
"ATP5F1E",-0.366463918208778,4.05362145122537e-184,1.79044462972433e-182
"NACA",-0.366494143113931,3.76303630100594e-184,1.68584026285066e-182
"RPSA",-0.36772032446219,1.82826327194064e-185,8.30932408812443e-184
"RPS6",-0.368719159941986,1.54107886411389e-186,7.10709311450172e-185
"RPL35",-0.368744864017712,1.4458743421382e-186,6.76755512976924e-185
"EEF1B2",-0.371745850534208,8.11570638736611e-190,3.85619018648184e-188
"RPL8",-0.372722720809373,6.97662244666651e-191,3.36595199888403e-189
"RPL27",-0.3730832348039,2.81464033981266e-191,1.3791737665082e-189
"RPS16",-0.378065222949054,8.90977069755624e-197,4.43508585833911e-195
"RPL22",-0.382846090492247,3.80918168476789e-202,1.92670867152131e-200
"RPL38",-0.38399801216334,1.87792720201414e-203,9.65439295986286e-202
"RPLP2",-0.385869606168511,1.37596719271559e-205,7.19172186059346e-204
"RPS5",-0.387082286581194,5.59422317632078e-207,2.97347184422745e-205
"RPL37A",-0.389587948820974,7.16483085525607e-210,3.87394992449708e-208
"RPS9",-0.390146807196821,1.60920476183888e-210,8.85344935636267e-209
"RPL5",-0.398420739763157,2.85449533285574e-220,1.59851738639921e-218
"RPS10",-0.400600845546331,6.909229723427e-223,3.93951716593947e-221
"RPL21",-0.4012215330028,1.23313386302927e-223,7.16131073048112e-222
"RPS2",-0.40383338790496,8.39617618656337e-227,4.96800160774768e-225
"RPL10A",-0.405743388543588,3.89138343471126e-229,2.34680354831817e-227
"RPL17",-0.406010066894992,1.83235696752172e-229,1.1267198921859e-227
"RPL29",-0.408161600354906,4.10281252946101e-232,2.57328401847795e-230
"RPL15",-0.409840776799779,3.39875986064827e-234,2.17520631081489e-232
"RPL36A",-0.413977433822664,2.24713960674971e-239,1.46813120974315e-237
"RPL9",-0.415122484306744,8.0333023578054e-241,5.36009280725058e-239
"RPL36",-0.416149300319681,4.00621883126017e-242,2.73119614235476e-240
"RPS19",-0.423938072809353,3.76670417668444e-252,2.62497428846276e-250
"RPS24",-0.424163303355653,1.9144905460043e-252,1.36450962551579e-250
"RPL24",-0.425164407604234,9.396666851265e-254,6.85301098734118e-252
"RPL3",-0.432943328550488,4.4521990806739e-264,3.32430864690318e-262
"RPL12",-0.434736258092181,1.69929552463331e-266,1.29975384518294e-264
"TMSB4X",-0.437952621211775,7.1659771911468e-271,5.61812611785909e-269
"RPL14",-0.438967235507153,2.91954795266848e-272,2.34761599476111e-270
"RPL23A",-0.440258429438455,4.89316428020536e-274,4.03814820598e-272
"RPS15",-0.440598343093962,1.66279276685849e-274,1.40932922077519e-272
"RPL18",-0.442813445864262,1.42233305891181e-277,1.23901013131873e-275
"RPL7A",-0.448823727935834,5.1668737698882e-286,4.62951889781983e-284
"RPL13",-0.451704686959938,4.04650979209103e-290,3.73231020823455e-288
"RPL28",-0.451853979450683,2.47296331294006e-290,2.35006453011516e-288
"RPS8",-0.452486081752197,3.06577904381679e-291,3.00446346294045e-289
"RPS4X",-0.453115619541179,3.81623856654473e-292,3.8605561757046e-290
"RPL34",-0.453252655415447,2.42329279957155e-292,2.5331487398188e-290
"TPT1",-0.453712152491444,5.27730696880454e-293,5.70677057040381e-291
"RPL18A",-0.456416980914863,6.38138611113392e-297,7.14715244446999e-295
"RPL37",-0.458178200923755,1.71784367726171e-299,1.99524361921953e-297
"RPS25",-0.459085328459776,8.04295522078776e-301,9.70104137399632e-299
"RPS7",-0.462896743174018,1.88307839333384e-306,2.36213353659797e-304
"RPL11",-0.464457602430219,8.87755929483091e-309,1.16000108119124e-306
"RPS3A",-0.473539054650824,1.48219693752374e-322,2.0207284914907e-320
"RPS27A",-0.476405258415606,0,0
"RPL39",-0.478094080685066,0,0
"RPS21",-0.480293662571536,0,0
"RPL35A",-0.483144640830871,0,0
"RPLP1",-0.484888475759219,0,0
"RPS29",-0.485001496029132,0,0
"RPL26",-0.485442183384105,0,0
"FAU",-0.487144944237836,0,0
"RPS18",-0.487867769442553,0,0
"RPS13",-0.492271579911471,0,0
"RPS23",-0.494234485255119,0,0
"RPS14",-0.495270923505996,0,0
"RPS27",-0.49715179716984,0,0
"RPL10",-0.498202268542164,0,0
"RPL32",-0.499316971105504,0,0
"RPS28",-0.501694344380552,0,0
"RPL19",-0.502868927766551,0,0
"RPS3",-0.508759450758869,0,0
"RPS15A",-0.51047006550773,0,0
"RPS12",-0.514171285573466,0,0
"RPL41",-0.514670935381812,0,0
"RPL30",-0.531450013208608,0,0
