"gene","cor","pval","FDR"
"SPP1",0.383445454601959,0,0
"APOE",0.381188119390257,0,0
"CD9",0.370591762993082,0,0
"FABP5",0.37012896160982,0,0
"CD81",0.353989185051303,0,0
"CD63",0.346056255438171,0,0
"GPX3",0.340574995412107,0,0
"CTSL",0.339101142401793,0,0
"CSTB",0.338357265538486,0,0
"FXYD2",0.33212455010229,0,0
"YBX1",0.327367941423531,0,0
"FTL",0.324504570208538,0,0
"NPC2",0.321944471370061,0,0
"LIPA",0.318189875185648,0,0
"MT-ND6",0.317760518359435,0,0
"HSPB1",0.315835209552898,0,0
"C1QA",0.314722864304465,0,0
"MSR1",0.307315964349316,0,0
"HLA-DPA1",0.302931390701216,0,0
"PRDX1",0.299926369566839,0,0
"HLA-DRB1",0.29838544020733,0,0
"ATP1B1",0.294337075668125,0,0
"DAB2",0.292647986547665,0,0
"HLA-DPB1",0.290188266871082,0,0
"FTH1",0.286202148705776,0,0
"ACP5",0.284520499686867,0,0
"RPL15",0.282910404735387,0,0
"RPS5",0.281260972632495,0,0
"HLA-DRA",0.279241858478184,0,0
"FCER1G",0.271817293537992,0,0
"CALR",0.270974806394325,0,0
"CD74",0.270730127883343,0,0
"MT-ATP8",0.270074942523791,0,0
"RHOC",0.268716924344231,0,0
"VSIG4",0.268557999935508,0,0
"CTSB",0.268280435812843,0,0
"HSPA8",0.264386818935291,0,0
"DYNLL1",0.263745084552652,0,0
"MGST3",0.26302853774642,0,0
"FCGR3A",0.26244182332874,0,0
"RPS27L",0.261794212231678,0,0
"RAB13",0.261565840782116,0,0
"RPS27",0.258674406473248,0,0
"PPIA",0.258644743983623,0,0
"PTMS",0.258118822340738,0,0
"HSPE1",0.256505128115482,0,0
"LGALS3",0.255645608516385,0,0
"S100A11",0.255093255332167,0,0
"RPS2",0.253780702512705,0,0
"ATP6V1F",0.253327789452041,0,0
"RPL10",0.248171589476765,0,0
"MS4A4A",0.248160498486335,0,0
"GSN",0.247087081489319,0,0
"IFI30",0.243614910433848,0,0
"PEBP1",0.242706217609286,0,0
"GPX4",0.24116787996069,0,0
"RPL35",0.240818622585925,0,0
"RNASE1",0.238868635465568,0,0
"FBP1",0.237367746013118,0,0
"RPL3",0.235433946866379,0,0
"HLA-DQA1",0.235426731077017,0,0
"ATP5MD",0.234156708733407,0,0
"HLA-DMA",0.233122417231298,0,0
"RPL10A",0.230173279468412,0,0
"LMNA",0.229523767287762,0,0
"ENG",0.229058871960104,0,0
"TUBA1B",0.228536348524963,0,0
"GSTO1",0.227703303216859,0,0
"DNPH1",0.227508639158062,0,0
"B2M",0.227206248561016,0,0
"MIF",0.22707487409052,0,0
"DBI",0.226921050961483,0,0
"CD68",0.225787138491792,0,0
"TUBB",0.225630755899319,0,0
"RPL37A",0.222372511142268,0,0
"SLC1A3",0.221868003992373,0,0
"HSP90AB1",0.221101103564694,0,0
"RNH1",0.220482432289935,0,0
"ATP5MC3",0.220387920020773,0,0
"PABPC4",0.219164146173265,0,0
"NME2",0.218226334265487,0,0
"EEF1B2",0.217493053736756,0,0
"VDAC1",0.216855874604578,0,0
"PLIN2",0.216583329451082,0,0
"CXCL16",0.216531316044318,0,0
"RPL36A",0.216022532143431,0,0
"RPS19",0.21587549555072,0,0
"SLC25A5",0.214827274517801,0,0
"CSF1R",0.214375266792484,0,0
"MT-ND5",0.214249057241984,0,0
"NDUFA4",0.214109081999646,0,0
"MARCO",0.214092238547319,0,0
"C15orf48",0.213480240404465,0,0
"RPS4X",0.213317214192248,0,0
"EMP1",0.213255208407235,0,0
"CYB5A",0.212607993158069,0,0
"NPM1",0.211761174073767,0,0
"GNAS",0.211569223963739,0,0
"POMP",0.209499372797145,0,0
"RPS29",0.209191054348213,0,0
"JUN",0.2079987590127,0,0
"PPP1R14B",0.205244746099396,0,0
"VAMP8",0.202994032805378,0,0
"CHCHD10",0.202602526455908,0,0
"LILRB4",0.202201746033174,0,0
"NDUFB2",0.201851272104807,0,0
"TYROBP",0.201396344211162,0,0
"MAF",0.200576608318632,0,0
"NME1",0.200318430107799,0,0
"ZNF706",0.200210251681588,0,0
"DAD1",0.198961803131957,1.97626258336499e-322,9.36254398869162e-321
"RPS18",0.19766709739354,3.35344092720871e-318,1.57732349706242e-316
"ACTG1",0.197483383283429,1.33187252412008e-317,6.21984468764078e-316
"HLA-DRB5",0.194633735519981,2.17964388937691e-308,9.96539283129107e-307
"PPIB",0.194487506274606,6.41657066447175e-308,2.89320958650457e-306
"PLD3",0.193577391214087,5.21510552185863e-305,2.31948026543617e-303
"MYDGF",0.192397068462283,2.94643250516408e-301,1.30160646748397e-299
"RPL36",0.192192237347292,1.31191121543255e-300,5.75656075603894e-299
"COX7A2",0.192023091117903,4.49732655009956e-300,1.96023473230339e-298
"HSP90AA1",0.191915654054045,9.82970621469838e-300,4.25606749878795e-298
"ANXA2",0.19137870404781,4.86033047717849e-298,2.0905816223548e-296
"ATP5MF",0.191018983295397,6.58815823482183e-297,2.81525349929838e-295
"VAT1",0.190753756240249,4.48755940665237e-296,1.90517294809696e-294
"BTF3",0.189574562305883,2.19562299358467e-292,9.2612794400365e-291
"COX7C",0.189548916221254,2.63954015173465e-292,1.10623804564366e-290
"RPL7A",0.189400395799749,7.66339970871531e-292,3.19129345831724e-290
"RPSA",0.189182585617766,3.6522950752409e-291,1.51131045581804e-289
"ALCAM",0.1891374613834,5.04607742073551e-291,2.07492164633766e-289
"CYCS",0.188768702319522,7.06107480432965e-290,2.8853316919192e-288
"SNHG29",0.188363517972677,1.27413103312395e-288,5.17407993451203e-287
"CORO1B",0.188351829792217,1.38488064236747e-288,5.58910471592503e-287
"RPS10",0.188257624584624,2.71067597010859e-288,1.0872637725503e-286
"RAN",0.188236140274063,3.15916625810638e-288,1.25942859728656e-286
"BCAT1",0.18806786634613,1.04738476377413e-287,4.15018277912441e-286
"UBB",0.187178878111667,5.77828138173793e-285,2.27580745022907e-283
"OSTC",0.186899500306203,4.17390794688177e-284,1.63407246447383e-282
"SPCS2",0.186855517135282,5.69655163996718e-284,2.21690801322056e-282
"AKR1A1",0.185749371783952,1.38457635728038e-280,5.32491777876421e-279
"RPL38",0.185087158197369,1.43859270890064e-278,5.50030358525872e-277
"HLA-DQB1",0.184699558114647,2.1612880268658e-277,8.21540762770266e-276
"ATP5PF",0.184377885738262,2.03856673201966e-276,7.70413253985234e-275
"MT1E",0.184050295666283,1.99526609429525e-275,7.4971550140818e-274
"RPL41",0.183621814506039,3.91691107590332e-274,1.46335797795748e-272
"ANXA5",0.183430064008153,1.4808418324907e-273,5.50099085274102e-272
"FCGRT",0.183366175647025,2.30569271966805e-273,8.51673389897723e-272
"TUBA1C",0.183019275482357,2.54484525962921e-272,9.34730241991899e-271
"RPL5",0.181867885361061,7.11036473218501e-269,2.56837373585777e-267
"RPL8",0.181399534940841,1.76634283055516e-267,6.34524693745584e-266
"COX7B",0.180619158387629,3.6579875292649e-265,1.30688100908928e-263
"MS4A7",0.1798054488016,9.26851383248507e-263,3.27554288847499e-261
"ABI3",0.179754524407526,1.30936488383035e-262,4.60248796262516e-261
"IGFBP7",0.179241874235821,4.2177599000306e-261,1.47463712440642e-259
"TIMP1",0.178911061151402,3.94251630884482e-260,1.37107295889508e-258
"CD84",0.178660592982566,2.13522007146199e-259,7.38627980276109e-258
"LDHA",0.178648702305541,2.31337219230354e-259,7.96043547014767e-258
"YWHAH",0.178262396340928,3.11591136220884e-258,1.06103273365216e-256
"RPL23A",0.178203635890976,4.62529475423487e-258,1.5668485545693e-256
"RPL18A",0.177306429677224,1.89282486518706e-255,6.37901493226445e-254
"SCARB2",0.176835524301527,4.3894886842753e-254,1.47171677014318e-252
"PSMD8",0.176468093313854,5.07028522251246e-253,1.69130228493809e-251
"COX6C",0.176088006285155,6.33550754772037e-252,2.10261666736019e-250
"CLTA",0.17604317021311,8.53082799081851e-252,2.81689663656421e-250
"RHEB",0.175868122497052,2.72341436154772e-251,8.94757944512512e-250
"RACK1",0.175224417926446,1.92463463012664e-249,6.29163060588397e-248
"COX5A",0.174642300888817,8.9218818556629e-248,2.90205291404597e-246
"SNHG12",0.174097361255286,3.19761477706415e-246,1.03495076299235e-244
"CTSZ",0.174010837690114,5.63831528937638e-246,1.8159263725095e-244
"UQCC2",0.173955160236132,8.12060450882889e-246,2.60257413130996e-244
"NAA20",0.173843048893214,1.69221587617514e-245,5.39693043826002e-244
"LDHB",0.173175941629004,1.32232102712756e-243,4.17649027795167e-242
"MDH1",0.171892455330212,5.51402259865598e-240,1.72491290669918e-238
"PCBD1",0.171316676736809,2.27096819285264e-238,7.03677253311401e-237
"PHB",0.171157679582075,6.3255757108186e-238,1.95078367911943e-236
"RPS21",0.170934490447041,2.6599080221519e-237,8.16454396658643e-236
"MYO1E",0.170836453794674,4.99558207751137e-237,1.52622035620417e-235
"DNASE2",0.170521811037412,3.76660358724027e-236,1.14539787225009e-234
"LAIR1",0.170388722886841,8.8418637310026e-236,2.6763011608007e-234
"GNG5",0.170124039760133,4.81575137348553e-235,1.45093928478564e-233
"SEC11A",0.169652102371338,9.82164119736797e-234,2.94559129121063e-232
"SSR4",0.169389464905515,5.23935697067839e-233,1.56415140978517e-231
"PDIA6",0.169303136511688,9.07846040703004e-233,2.69795337005284e-231
"UQCRB",0.168674985282433,4.91180172589465e-231,1.44654773350897e-229
"RPLP0",0.16862534624019,6.72848479301038e-231,1.97268312003147e-229
"POLR2L",0.168386175600885,3.06094453635276e-230,8.89442461274415e-229
"MT2A",0.168143475507174,1.42067394084418e-229,4.09179128865165e-228
"CLIC1",0.168102513867443,1.84037379420071e-229,5.27735257301942e-228
"HMGN1",0.167838055493387,9.77162489822446e-229,2.78982024386862e-227
"NENF",0.166580483161539,2.63839641912033e-225,7.49992860356902e-224
"KRTCAP2",0.16616548712376,3.5294704375126e-224,9.98947087465686e-223
"APEX1",0.165381283759519,4.65672362766678e-222,1.31231289127954e-220
"UBL5",0.165012649770375,4.58309528266199e-221,1.28052465632667e-219
"CPM",0.165007317018666,4.73704890315654e-221,1.31790747782287e-219
"VKORC1",0.164636595449847,4.69700201285159e-220,1.30122877796711e-218
"EEF1G",0.164333915345873,3.04453883499353e-219,8.39881641484714e-218
"MT-ND4L",0.164244222040021,5.29359683922703e-219,1.4541821905406e-217
"DRAM2",0.164232048185428,5.7061864622446e-219,1.56096431339562e-217
"C1orf43",0.164020890292593,2.09560486094619e-218,5.70877690869424e-217
"CYSTM1",0.163662889614424,1.89412602522539e-217,5.13850454478158e-216
"SRP14",0.163028699756515,9.24096670099041e-216,2.48631441527059e-214
"PSMA7",0.163011518739883,1.02650212055444e-215,2.75052084597744e-214
"RPL14",0.162599458995334,1.27205435393655e-214,3.39456790450496e-213
"DBNDD2",0.162506194272992,2.24658006420773e-214,5.97078880479274e-213
"MICOS13",0.162165643889047,1.78739358115472e-213,4.7311656816152e-212
"DDAH2",0.161854301286797,1.18557673805929e-212,3.12552448122243e-211
"RPL27A",0.161808769156328,1.56300699252984e-212,4.10399185428116e-211
"TMEM258",0.161565373852041,6.83902733370341e-212,1.78141676126506e-210
"HSPD1",0.161531375764304,8.40339508215821e-212,2.18021416853771e-210
"MANF",0.16098201396978,2.32952384373495e-210,6.01993157720913e-209
"TSPAN4",0.160969652711813,2.50999364101223e-210,6.46076315942439e-209
"OST4",0.160763337182669,8.71263932745761e-210,2.23385238913403e-208
"TIMP2",0.160754077407375,9.21276816876701e-210,2.35285462060151e-208
"RPS23",0.160643996304227,1.78833974083968e-209,4.549480632533e-208
"BLVRB",0.160524997939441,3.6610978825927e-209,9.27761936294227e-208
"SUMO2",0.160523067063552,3.70389160168699e-209,9.34982366479905e-208
"SLIRP",0.160518565718951,3.80560444147997e-209,9.56963147630618e-208
"GADD45GIP1",0.160456817637711,5.51801057811783e-209,1.38225107891703e-207
"SOD1",0.160092964542554,4.9121518951766e-208,1.22578813323147e-206
"ARHGAP18",0.160044742368279,6.56053936626339e-208,1.6309051854232e-206
"DSTN",0.159634655604049,7.65641208627212e-207,1.88896687622819e-205
"ACP2",0.159372433102024,3.67152832168702e-206,9.02423013804126e-205
"ATP1B3",0.159211155729272,9.61603063014083e-206,2.35466697602475e-204
"MERTK",0.159184600720284,1.12668687061201e-205,2.74861147763482e-204
"CTSC",0.158811097126202,1.04309034335763e-204,2.53521363006401e-203
"HSPH1",0.158751028505537,1.49121270110605e-204,3.61094394067827e-203
"SSR3",0.15869323139318,2.1029526531612e-204,5.07347027541252e-203
"SLC39A1",0.158665986062943,2.47277372488605e-204,5.94374801959743e-203
"MT1X",0.158239245808664,3.1152298373625e-203,7.4605760720425e-202
"CIAO2B",0.158169632611046,4.70636463013685e-203,1.12300043619835e-201
"PSMC4",0.158151879728289,5.22842744769524e-203,1.24303486011024e-201
"SNRPG",0.158141142375397,5.57185912623262e-203,1.31988460026482e-201
"PHPT1",0.158093314199901,7.39684093736093e-203,1.74586808839227e-201
"BCAP31",0.158064467235806,8.77487918081738e-203,2.06367482317209e-201
"CALM3",0.157846681796114,3.18368798343753e-202,7.46055628520236e-201
"TMBIM6",0.157768404749389,5.05705698451532e-202,1.18082280588433e-200
"TMEM251",0.157647323457247,1.03408025881876e-201,2.40598460219113e-200
"ANXA4",0.157423450090932,3.87510875212621e-201,8.98420603595786e-200
"PLA2G7",0.157252125881295,1.06357013238598e-200,2.45711007969595e-199
"TOMM5",0.157211746825511,1.34908160957517e-200,3.10573787443749e-199
"YIF1A",0.156954656682161,6.12225012834566e-200,1.40446566102189e-198
"PSMD14",0.156925465411864,7.2681581717909e-200,1.66151112332759e-198
"PRDX4",0.156841170509707,1.19265001287421e-199,2.71691490737687e-198
"PFN1",0.156409962167849,1.49588654987939e-198,3.39587023024704e-197
"SLC3A2",0.155685463448433,1.03092654539026e-196,2.33224835770294e-195
"HNMT",0.155627320236059,1.44667719344516e-196,3.26150878991189e-195
"CHCHD2",0.155614814395016,1.55601161490566e-196,3.49594637053374e-195
"PEA15",0.155411097921929,5.09405531871666e-196,1.14057992033457e-194
"SDF2L1",0.155273201735644,1.1357998976079e-195,2.53442311623223e-194
"PSMB5",0.154894600945608,1.02268681629397e-194,2.26655132370508e-193
"LHFPL2",0.154869413825504,1.18345585479254e-194,2.61399810088974e-193
"SLC25A3",0.154824142866027,1.53849488573976e-194,3.38676079561163e-193
"HSP90B1",0.15455014275211,7.51608889951225e-194,1.64899963842319e-192
"ATOX1",0.154445229777757,1.37856672607166e-193,3.01440443312926e-192
"CYC1",0.153792635202237,5.94135504852102e-192,1.29051758495782e-190
"ARPC2",0.153787162252901,6.13143572589109e-192,1.32739492635351e-190
"ATP5MC1",0.153563342220982,2.22046030370033e-191,4.77545048210288e-190
"KDELR2",0.153508667178669,3.03974908419873e-191,6.51602606966927e-190
"EEF1A1",0.153425883028099,4.88942695170619e-191,1.04467560164232e-189
"NDUFAF3",0.153287897958848,1.0790994821202e-190,2.29063390068243e-189
"PFDN2",0.153153408911426,2.33261468450309e-190,4.93548052015572e-189
"NDUFB4",0.153069493724375,3.77203843658918e-190,7.95535074142583e-189
"UQCR10",0.15294748309397,7.58325284336133e-190,1.59418993858188e-188
"BANF1",0.152695315642413,3.20525002929988e-189,6.71664252934699e-188
"YWHAE",0.152642472740985,4.33418753390351e-189,9.05332846538696e-188
"ITGB1",0.152560722715433,6.9111005703308e-189,1.4390055900899e-187
"COX8A",0.152529670132903,8.25067890823367e-189,1.71247424450894e-187
"COMT",0.152498906363361,9.83332493623805e-189,2.0345024820609e-187
"ELOC",0.151986721657996,1.81622147834341e-187,3.73410566836768e-186
"TBCA",0.151909013222583,2.82441054903767e-187,5.77062380300258e-186
"RPS16",0.151902548743804,2.93005267969995e-187,5.96781446102128e-186
"TMEM14C",0.15153824830603,2.31442861563606e-186,4.69929636305234e-185
"EVL",0.151365423237386,6.15836125786564e-186,1.24269647851622e-184
"NDUFA12",0.150859111730709,1.0757217722497e-184,2.16402121445187e-183
"RGS10",0.150677417996426,2.99519898084184e-184,6.00693587016686e-183
"TMEM59",0.150430514195589,1.20189662020329e-183,2.3957317386857e-182
"COX6A1",0.150357201863605,1.81487230718316e-183,3.60657603172143e-182
"C1QBP",0.150222636672926,3.86479047494979e-183,7.65696973491567e-182
"PARK7",0.150168873047829,5.22636549434684e-183,1.03232560731238e-181
"TCEAL8",0.149951093517191,1.77270999758358e-182,3.49095721813297e-181
"PPDPF",0.149466918206169,2.66102081242547e-181,5.22455077226358e-180
"ARID5B",0.149463427706935,2.71340609610037e-181,5.31145181326474e-180
"RPS8",0.149271354223703,7.92663089964225e-181,1.54699441259287e-179
"COX20",0.147851341671982,2.09768568454475e-177,4.05759438034129e-176
"ATP5ME",0.14779340222664,2.88846793706096e-177,5.57073845796594e-176
"NDUFV2",0.147740304298757,3.87200463835115e-177,7.44563715457054e-176
"ST13",0.147685961107444,5.2256408861573e-177,1.00191319981514e-175
"RPL26",0.147674985914115,5.5517454016731e-177,1.06132489579353e-175
"SERF2",0.147521518481432,1.29369585660297e-176,2.4659427144228e-175
"SAP18",0.147321778836019,3.88521310199844e-176,7.38416373862379e-175
"NDUFA6",0.146790867644245,7.17067793896038e-175,1.35889543086733e-173
"GPRIN3",0.146696657124413,1.2015479352645e-174,2.27043942218476e-173
"TXN",0.146481028806796,3.91093391464432e-174,7.36878557174195e-173
"SEC61G",0.146451475365673,4.59691611875684e-174,8.63639011046903e-173
"DRAP1",0.146378716433608,6.84223558950747e-174,1.28179187060744e-172
"SNHG8",0.146311639793484,9.8709827332159e-174,1.83864629942352e-172
"RANBP1",0.146071638138974,3.65783989400872e-173,6.79402193949688e-172
"SMS",0.145988782992714,5.74627587047447e-173,1.06428191618023e-171
"EIF5B",0.145985297856442,5.85645871766698e-173,1.08162505921205e-171
"TMED10",0.145905235882437,9.05876887158065e-173,1.66834453189843e-171
"C19orf53",0.145860087982435,1.15836551227229e-172,2.12735778630231e-171
"LGALS1",0.145738764163283,2.24187034795851e-172,4.08282683424868e-171
"EPS8",0.145602637093274,4.69968918034072e-172,8.53515773918546e-171
"LIMS1",0.145519460554743,7.38470816375284e-172,1.33742997159601e-170
"GTF3C6",0.145514464391129,7.58784794485878e-172,1.37042402937809e-170
"CISD2",0.145044033917668,9.72556809279112e-171,1.75167394464651e-169
"MRPL15",0.145034994520516,1.02132724258204e-170,1.83446085494544e-169
"CCDC107",0.144874498915098,2.43349668921713e-170,4.34704955030099e-169
"ATP6V1G1",0.144758692656793,4.55024111358756e-170,8.10612435984618e-169
"MLEC",0.144756980348003,4.59252571488126e-170,8.15922095757981e-169
"CD151",0.144712299413202,5.84599541863305e-170,1.03580265710089e-168
"NTAN1",0.14444001341839,2.5399492318046e-169,4.48815893987527e-168
"CCT3",0.144006544898654,2.61736749918329e-168,4.60009373915601e-167
"CFL1",0.144005333793761,2.63445441782711e-168,4.61771125569803e-167
"IER5L",0.143892485270909,4.82950023374802e-168,8.42007267419854e-167
"ABHD12",0.143690803395076,1.42487630306208e-167,2.47761735888827e-166
"TMED9",0.143659239463148,1.68753297986933e-167,2.92654923670708e-166
"FDX1",0.143421155034642,6.03849934743867e-167,1.03893970351458e-165
"HCST",0.143406542698564,6.52949542585812e-167,1.12046827019056e-165
"SNRPF",0.143342383304923,9.20251026310034e-167,1.57091415405092e-165
"RRAS",0.143298183497877,1.16555133499506e-166,1.98447255942648e-165
"LAMTOR2",0.143279893016407,1.28525542264729e-166,2.18259739045922e-165
"TMEM134",0.142889459529023,1.03268251681728e-165,1.74913945465062e-164
"MYL12B",0.142867627701317,1.1600977870905e-165,1.95987579638183e-164
"NDUFB8",0.142842688291964,1.32496611206403e-165,2.23263619605017e-164
"RPS3",0.142800071867303,1.66262994762254e-165,2.79441506363911e-164
"NDUFA13",0.142621845099639,4.29321407104998e-165,7.17878097097821e-164
"ACOT13",0.142563386834148,5.85865043562986e-165,9.77139197656837e-164
"NDUFC2",0.142554740829934,6.13425028011688e-165,1.0205019931655e-163
"CALU",0.142548595743202,6.33796639592519e-165,1.05171635270454e-163
"LRPAP1",0.142211451839379,3.79673827317718e-164,6.28432274178035e-163
"MYL12A",0.142193064750391,4.18558994059735e-164,6.9104512706125e-163
"CALHM2",0.142186413140595,4.3358488598753e-164,7.14049870172915e-163
"PTMA",0.14190718333544,1.90291185502069e-163,3.12593912264453e-162
"MTCH2",0.141781379152362,3.70162227529657e-163,6.06546527215262e-162
"ABCC3",0.141775541523347,3.81763786505083e-163,6.23992909042559e-162
"VPS29",0.141707254941002,5.476858760049e-163,8.92960163920209e-162
"MITF",0.141461911827425,1.99993465648459e-162,3.25263004579509e-161
"UCP2",0.141132328604296,1.13511551874161e-161,1.84153480435053e-160
"GLA",0.141068540641748,1.58768389373685e-161,2.56937556862662e-160
"RGCC",0.14068842891966,1.16872946387908e-160,1.88670450242998e-159
"ARL6IP1",0.140541422760925,2.52552300356688e-160,4.06696290574391e-159
"FNIP2",0.140209587340455,1.43347540484459e-159,2.3027179844899e-158
"NOP10",0.140020200411372,3.8539908917572e-159,6.17583148291876e-158
"IL18",0.139992286931433,4.45826823321585e-159,7.12668892634846e-158
"SRM",0.139655300718197,2.58099941579282e-158,4.11574980011061e-157
"ATP6V0E1",0.139426505867845,8.48162814590711e-158,1.34921860870902e-156
"UQCRQ",0.139397699609682,9.85078028120616e-158,1.56321362811956e-156
"DYNLRB1",0.139286429352844,1.755427501767e-157,2.77893099432268e-156
"MFSD12",0.139268894976333,1.92266503874207e-157,3.03632464330813e-156
"RPS25",0.138880421734241,1.43933044278215e-156,2.26755239395415e-155
"PSMB6",0.138834218330153,1.82798480052152e-156,2.87292418889657e-155
"ORMDL2",0.138728231434138,3.16208736936954e-156,4.95772835034485e-155
"TIMM13",0.13837447734686,1.96331880663209e-155,3.07085606644991e-154
"EIF5A",0.138290569334426,3.02538808098122e-155,4.72076068578884e-154
"BEX4",0.138278919839683,3.21250567815055e-155,5.00080050565436e-154
"BSG",0.1380477173389,1.05591929314849e-154,1.63592425085422e-153
"EIF2S2",0.138041706195951,1.08906790536219e-154,1.68329219036832e-153
"TMBIM4",0.137967913282173,1.59148221239158e-154,2.45403554354155e-153
"UQCRH",0.137936059685126,1.87451334517812e-154,2.88366311782931e-153
"TTYH3",0.137806685203783,3.64279754882047e-154,5.59075360896437e-153
"MGST2",0.137556924121075,1.31126010615478e-153,2.00773268712879e-152
"VDAC2",0.137274332484291,5.56930358132098e-153,8.50750159221415e-152
"M6PR",0.137227913925233,7.06068436685472e-153,1.07605488089735e-151
"SPCS1",0.137176610241325,9.17688628700737e-153,1.39531354754545e-151
"NDUFS6",0.137032836186252,1.91210191809546e-152,2.90053882610397e-151
"ATRAID",0.136790963093698,6.56263324786062e-152,9.90912151836322e-151
"LY96",0.136654783973251,1.31274856333129e-151,1.97304600162299e-150
"BRI3",0.136543203472885,2.31560229425704e-151,3.47234123849828e-150
"RAB5C",0.136331123688986,6.80104782705841e-151,1.01518837199333e-149
"CCL3",0.136241947532267,1.06930223402407e-150,1.59250524055794e-149
"HAVCR2",0.135911004411344,5.71824962214647e-150,8.49679909763492e-149
"RTN4",0.135896036330451,6.16813036404937e-150,9.14449803178113e-149
"NBDY",0.135724585891698,1.46766356056906e-149,2.17094668755668e-148
"SNX3",0.135609707851512,2.62181480998058e-149,3.86939621391716e-148
"PLA2G15",0.135511382565637,4.30620898426879e-149,6.34098971602463e-148
"GSTP1",0.135381064406854,8.307220208855e-149,1.22050799383133e-147
"PSMA6",0.135128225518289,2.96683087165857e-148,4.32971880332673e-147
"LAPTM4A",0.134959020793124,6.94488712970803e-148,1.01126218383143e-146
"FAM162A",0.134684237143475,2.75737463955935e-147,4.00615897631979e-146
"RPS19BP1",0.134522007809738,6.21507710278341e-147,9.00979470022127e-146
"FUOM",0.134442056105511,9.27320663408835e-147,1.34133241092189e-145
"ATP5F1B",0.134410098546445,1.08808585707557e-146,1.5703985283797e-145
"ATP6AP1",0.134359814579123,1.39919769689705e-146,2.01496796086187e-145
"ACAT1",0.133968833260272,9.85468338352311e-146,1.40984507574342e-144
"SSBP1",0.133851181051592,1.77111927255834e-145,2.52829209694027e-144
"TUFM",0.133822820297669,2.03979858976077e-145,2.9054908888575e-144
"MRPL18",0.133820022713436,2.06841299368285e-145,2.9398443810214e-144
"TMEM230",0.133651590524388,4.78236530504539e-145,6.76777150744302e-144
"CD180",0.132946142253123,1.58149854060303e-143,2.23322623292929e-142
"EMC7",0.132911039895734,1.88129489402074e-143,2.65084181403181e-142
"MRPL52",0.132339726687365,3.15177741537052e-142,4.43146682617043e-141
"MRPL51",0.131688468448889,7.71444379790653e-141,1.08233977576637e-139
"TRMT112",0.13166960629885,8.46098770425062e-141,1.18453827859509e-139
"ABRACL",0.131660595408333,8.84267238103489e-141,1.23532888947022e-139
"ATP5PO",0.131598138585807,1.20051168638792e-140,1.67354912699451e-139
"PRMT2",0.131571747435995,1.36601128088697e-140,1.90020888392319e-139
"NANS",0.131383528108927,3.42871578329627e-140,4.75943604908514e-139
"ERH",0.130956366353286,2.75425525080377e-139,3.8070445728869e-138
"SEC61B",0.1308120676948,5.55892003083123e-139,7.63534015999466e-138
"RNASEK",0.130683414542363,1.0390015404932e-138,1.42410735256699e-137
"TMEM147",0.130637236250873,1.30030522179439e-138,1.77853463181836e-137
"HM13",0.130498383293691,2.5514660235888e-138,3.47530934629658e-137
"C3AR1",0.130266004893368,7.87038796261825e-138,1.06535396479499e-136
"HINT1",0.130083999197718,1.89901853049971e-137,2.56524445297668e-136
"SEM1",0.129966452827794,3.35189829661823e-137,4.51849712645155e-136
"MICOS10",0.129633544105827,1.67073714025266e-136,2.24297318746856e-135
"HMGA1",0.129564858533437,2.326005004701e-136,3.11627473785555e-135
"PSMB1",0.129455544327187,3.93689317177032e-136,5.26368252700089e-135
"ISOC2",0.12942421667792,4.57734473342847e-136,6.10748568717456e-135
"SLC25A39",0.12941018243706,4.89703558694556e-136,6.52073699948067e-135
"C1orf122",0.129142305955281,1.77394120499303e-135,2.35732268257e-134
"FIS1",0.129083159351171,2.35616522581541e-135,3.12466698709556e-134
"HLA-DMB",0.129044628561542,2.83449606113136e-135,3.75140389629086e-134
"MALAT1",0.128849253340507,7.22962035565664e-135,9.54894098692588e-134
"CAMK1",0.128461925194135,4.60675337323007e-134,6.07236966818109e-133
"DOK2",0.128241500361576,1.31822367456757e-133,1.73411396062833e-132
"SNU13",0.128172811550345,1.82855465700665e-133,2.40062055170874e-132
"EDF1",0.127908392041571,6.43378195997408e-133,8.41281329086211e-132
"EIF4E",0.127683149887513,1.8748120536909e-132,2.44661101936749e-131
"MRPL40",0.127601178742958,2.7655932686842e-132,3.60188222921461e-131
"C14orf119",0.127539591056456,3.70307884393169e-132,4.81326629853387e-131
"TMEM35B",0.127361445141595,8.60817551489245e-132,1.11667165707077e-130
"MCRIP2",0.127134653262838,2.51497937676549e-131,3.25602676540451e-130
"AP2S1",0.126921589239183,6.87376920254483e-131,8.88156186684547e-130
"PDCD5",0.126886531021214,8.10909136117073e-131,1.04570491754111e-129
"MRPL17",0.126776051079294,1.3646847292705e-130,1.75635999212018e-129
"NDUFS8",0.12662716894722,2.75010371193335e-130,3.53245148695879e-129
"CLN8",0.126580928613315,3.41814063493416e-130,4.37950406942983e-129
"SLC25A6",0.126580629402049,3.42295285940447e-130,4.37950406942983e-129
"RPL12",0.126374738741308,9.0048870597641e-130,1.14988186712378e-128
"IER3IP1",0.126373090868473,9.07481072272469e-130,1.15655190068565e-128
"TIMM8B",0.12621231937917,1.92914513838859e-129,2.44907784753099e-128
"NDUFB3",0.126207949017654,1.96907524668446e-129,2.49492518659361e-128
"RPS6",0.126132578754966,2.80320686053639e-129,3.54494515554873e-128
"RDX",0.126034550926598,4.43628448180152e-129,5.58852176146789e-128
"APRT",0.1259093912583,7.96766854962996e-129,1.00178109572078e-127
"FAM20C",0.125771054825256,1.52094868240728e-128,1.90863003561973e-127
"CD99",0.125687520431935,2.24652715456153e-128,2.81375374262898e-127
"PA2G4",0.12555424091688,4.18355848714327e-128,5.22984806671944e-127
"TMEM50A",0.125513669846247,5.05460629632705e-128,6.30668243614242e-127
"TMA7",0.125461970379121,6.43161684921814e-128,8.00950684955966e-127
"YBX3",0.125329202829799,1.19349570450166e-127,1.48065937685614e-126
"TMEM179B",0.125083850121745,3.73454161765111e-127,4.62432445003844e-126
"RER1",0.125059043039149,4.1905614956778e-127,5.17918545533865e-126
"NDUFAB1",0.125018585689374,5.05651402844562e-127,6.23763938075047e-126
"RBX1",0.124935648223,7.4302445641761e-127,9.14857607543943e-126
"ECHS1",0.124908383730418,8.43192947506075e-127,1.03623975390878e-125
"NDUFB5",0.124815488597871,1.29708994358408e-126,1.59106454993484e-125
"PSME2",0.1246181584949,3.23457264887398e-126,3.96023145661761e-125
"HSPA5",0.124583888494682,3.79027627519053e-126,4.63193014713938e-125
"ABCA1",0.124426132518396,7.8591755935723e-126,9.58643470723427e-125
"PSMA3",0.124402478100859,8.76656226258641e-126,1.06534914633439e-124
"CD47",0.124186709561665,2.37272398391598e-125,2.87808337789289e-124
"EIF3J",0.124123015494294,3.18234951507816e-125,3.85300020918167e-124
"HMOX1",0.124032281177301,4.83348869277703e-125,5.84128448676085e-124
"TMBIM1",0.124019979468278,5.11516462933351e-125,6.17028530379751e-124
"ISCU",0.123991868078869,5.82187234546105e-125,7.00983451098054e-124
"PIGP",0.123968501695311,6.48289656477844e-125,7.79139296700762e-124
"TPM1",0.123887390037015,9.41522548144533e-125,1.12948154491174e-123
"SNRPD1",0.123609671275431,3.37201254137633e-124,4.03776886364807e-123
"SFT2D1",0.123600354205703,3.51928877551986e-124,4.20641864978955e-123
"PBDC1",0.123549467769168,4.44455966385699e-124,5.29299291116521e-123
"RTRAF",0.123429228487604,7.71247945966415e-124,9.15139577264686e-123
"TUBB6",0.123308894829357,1.33815818660519e-123,1.58494170725086e-122
"TMEM70",0.123031256012943,4.76152971019679e-123,5.6294541130681e-122
"RPS15",0.122992675985435,5.67864030531759e-123,6.70161558053545e-122
"PTGES3",0.122841240175577,1.13312681558895e-122,1.33484380546316e-121
"CLEC2B",0.122653846483771,2.66090361278067e-122,3.12895464394964e-121
"RPL21",0.122500648297515,5.34187296345041e-122,6.27022718761917e-121
"SF3B6",0.122213229090075,1.97007343986151e-121,2.3083046863467e-120
"TECR",0.122206745063849,2.02886480101817e-121,2.37293704276508e-120
"NCEH1",0.121847661622044,1.03134578417151e-120,1.20194986397742e-119
"CTSH",0.121434910909059,6.64445488804795e-120,7.71606501919316e-119
"SKP1",0.121362357493332,9.21263973989267e-120,1.0679474932521e-118
"TXNDC17",0.121342344152111,1.00813268272104e-119,1.16657902294339e-118
"SSR2",0.121177059215565,2.12059961694294e-119,2.44955482253939e-118
"AK6",0.121130742162795,2.61140332775518e-119,3.01117371373251e-118
"GPN3",0.121114534232628,2.80869765125689e-119,3.23296923308407e-118
"CREBL2",0.120981009373635,5.11592170256286e-119,5.87836486667064e-118
"CALM1",0.120972155577312,5.32330542135482e-119,6.10592470961716e-118
"YWHAQ",0.120944220957562,6.03423232151295e-119,6.90924884729451e-118
"TUBB4B",0.120818704968205,1.05943871228308e-118,1.21094585680189e-117
"REEP5",0.120806025530343,1.12138751271542e-118,1.27951685133218e-117
"COPRS",0.120773004637121,1.30021964853869e-118,1.48098189235992e-117
"GGCT",0.120642998338549,2.32725026067798e-118,2.6461847311848e-117
"CTNND1",0.120601455328882,2.80268237652852e-118,3.18123912808047e-117
"NEDD8",0.120527111070671,3.90819624280121e-118,4.42838596801288e-117
"LSM5",0.120502173554379,4.36911283283409e-118,4.94208645347219e-117
"SERBP1",0.12050011875117,4.40942805738345e-118,4.97907437636839e-117
"TPI1",0.120208814923523,1.61877297150691e-117,1.81847726592993e-116
"TPM4",0.120060549498147,3.13412772951975e-117,3.50872039308222e-116
"MRPL50",0.119986617701379,4.35569594721404e-117,4.8679555731428e-116
"MTLN",0.119926994243536,5.6789584450616e-117,6.33601199894416e-116
"DPP7",0.119646445402353,1.97509734302694e-116,2.19986140182455e-115
"GHITM",0.119528111003044,3.33829962840279e-116,3.71187125348596e-115
"CACYBP",0.119493105605428,3.89860032553866e-116,4.32751255150624e-115
"HNRNPA1",0.119349931932709,7.35020216461265e-116,8.14502063597246e-115
"NDUFS7",0.119230721752457,1.24548507929322e-115,1.37783104034164e-114
"CCT2",0.11891141453551,5.10116862676461e-115,5.62418895139747e-114
"HAX1",0.118891928359491,5.55883229681447e-115,6.11845884790791e-114
"MRPS6",0.118848648044319,6.72726004392227e-115,7.39207162473342e-114
"FOSB",0.118692162698644,1.34014409114046e-114,1.47011108521415e-113
"TMEM208",0.118599934954034,2.01079801961343e-114,2.20211012600211e-113
"SNRPE",0.118575061823551,2.24320418665383e-114,2.45251989504059e-113
"MYL6",0.118556922379201,2.42942428887504e-114,2.65168213700585e-113
"SSB",0.118448921341793,3.90483637971009e-114,4.25497004175742e-113
"COX5B",0.118382079746994,5.23673888229527e-114,5.69680512686297e-113
"NDUFS5",0.118353874740979,5.92682384958879e-114,6.43680636687898e-113
"MRPS15",0.118307601703251,7.26095710406871e-114,7.87265962626886e-113
"EIF4A1",0.118269441831541,8.5838032904106e-114,9.29154071402392e-113
"RHOA",0.118213452010478,1.09719586777461e-113,1.18569695595213e-112
"AUP1",0.118130783503821,1.57612312210026e-113,1.70044438486658e-112
"SMIM4",0.117989451709151,2.92592101845263e-113,3.15151097506479e-112
"LSM3",0.117959538211732,3.33492493652281e-113,3.58614132154377e-112
"GCHFR",0.117896251589445,4.39801022244822e-113,4.72154200892717e-112
"ARL2",0.117866097101222,5.01754263811683e-113,5.37781865049309e-112
"GUSB",0.11773571129592,8.86742910884506e-113,9.47308031268448e-112
"MTSS1",0.117717021706099,9.62108065595505e-113,1.02614396947201e-111
"SNX5",0.117665990009811,1.20205720174866e-112,1.27789430650939e-111
"NHP2",0.117659494137873,1.23660571472388e-112,1.31248833812739e-111
"COX6B1",0.117566174410245,1.85756556620872e-112,1.96835715913657e-111
"MDH2",0.117509426688213,2.378663735736e-112,2.51645687770906e-111
"MRPL41",0.117446409569118,3.12985260454467e-112,3.30581200783733e-111
"ATP6V0C",0.117381671663386,4.1485969522415e-112,4.37476239899273e-111
"MRPL27",0.11735587682708,4.641338954457e-112,4.88648535978098e-111
"ATP5F1C",0.11717985862082,9.97597381854562e-112,1.04859994896545e-110
"POLR2K",0.117038743399215,1.84078763456155e-111,1.92561112876214e-110
"NUCKS1",0.116941484943316,2.80657501963858e-111,2.93121205725192e-110
"PSMA2",0.116872074800429,3.79145419159653e-111,3.95351315863766e-110
"COA4",0.116733422976062,6.91049857138689e-111,7.19440121970183e-110
"RPS3A",0.116676859815305,8.82617845333365e-111,9.17417404259069e-110
"MPC2",0.116663267953431,9.36050813989409e-111,9.71412733629009e-110
"CHCHD1",0.116589755016989,1.28620585069274e-110,1.33268048364963e-109
"NDUFA1",0.116530547040262,1.66112028570059e-110,1.71841842213773e-109
"RPL36AL",0.116502285559638,1.87675292244549e-110,1.93842189683232e-109
"ATP1A1",0.116384858887329,3.11534821831038e-110,3.20758214981311e-109
"GAS5",0.116344186084122,3.71269248761598e-110,3.81660117673479e-109
"MRPL13",0.116068961580726,1.21474024874738e-109,1.24287507766985e-108
"HSPA1A",0.1160185755642,1.50866554616017e-109,1.54119614699925e-108
"CREM",0.115840729139074,3.23918058519692e-109,3.30386313042394e-108
"MRPL57",0.115818390784305,3.56516219747528e-109,3.63069010079336e-108
"HSBP1",0.115717229426031,5.50257323665944e-109,5.59499592865932e-108
"PLOD3",0.115579414836368,9.93286427707282e-109,1.00372591411904e-107
"DCXR",0.115521051376261,1.27529239515565e-108,1.28670704930982e-107
"ALG5",0.115484991300066,1.48812924530768e-108,1.49682907781871e-107
"HEXA",0.115395856661475,2.17890463932133e-108,2.18827627217862e-107
"SCAMP2",0.11535323482097,2.61442630514372e-108,2.62164404647694e-107
"PILRA",0.115302582190463,3.24628677477069e-108,3.25026384892048e-107
"CNDP2",0.115214573098241,4.72748239412403e-108,4.72603668085366e-107
"ARL1",0.115198847949348,5.05573352436172e-108,5.04647111179801e-107
"NT5C",0.115141910365831,6.44631891795384e-108,6.41492132200643e-107
"TOMM40",0.115128982700725,6.81183899474772e-108,6.76835917137699e-107
"AHCY",0.115081286570813,8.34858242773107e-108,8.28270590478084e-107
"LITAF",0.115057248428109,9.24963970109737e-108,9.16274914632949e-107
"GPR65",0.115036690948402,1.00968083093569e-107,9.98682794653185e-107
"RNF13",0.114935611209453,1.55316616383477e-107,1.5339275497208e-106
"COX17",0.114803539904629,2.72485806975651e-107,2.68704706788357e-106
"AKR1B1",0.114774207443474,3.08691197696357e-107,3.03949254599214e-106
"SNRPB",0.114716879888718,3.93888973729432e-107,3.87255054171884e-106
"MRPS25",0.114285217130289,2.45843883568233e-106,2.40978607311711e-105
"SERTAD1",0.114279391803225,2.51982798491224e-106,2.46626277924494e-105
"PHB2",0.114269068401025,2.63240056499836e-106,2.57259116501634e-105
"CCT7",0.114227083972854,3.14433209052766e-106,3.06373222173917e-105
"DUSP23",0.114179479695205,3.84592014057015e-106,3.74175980342971e-105
"BTF3L4",0.114150590166302,4.34576249078632e-106,4.22178234246077e-105
"SELENOS",0.114111069479446,5.13614550959198e-106,4.98221355218285e-105
"UQCRC2",0.114000658175707,8.18932402607615e-106,7.92038468675826e-105
"NACA",0.11395900549526,9.76407040637069e-106,9.4294671073636e-105
"ESF1",0.113903191985835,1.23576873459524e-105,1.18990515269274e-104
"HEXB",0.113881482531003,1.35430614738653e-105,1.3021255281784e-104
"ESD",0.113862755514215,1.46563340493059e-105,1.40709415586435e-104
"CTSD",0.113571860487263,4.99130429883098e-105,4.78491898911392e-104
"P2RX4",0.113553463441215,5.39292560683842e-105,5.16236421925469e-104
"COX14",0.113549457816892,5.4845594072068e-105,5.24240488367223e-104
"BID",0.113470351616176,7.64884342344555e-105,7.30045814634847e-104
"RBM8A",0.113350559786023,1.26517049189265e-104,1.20578493819156e-103
"UBE2N",0.113320154856926,1.43741958917281e-104,1.36795477059852e-103
"MRPS16",0.113305508131301,1.52855883950086e-104,1.45257524602567e-103
"RPL19",0.113090444829436,3.76618483181708e-104,3.57377596958201e-103
"PSMC3",0.1127328063807,1.68058414332999e-103,1.592414366535e-102
"NDUFA8",0.112638081106221,2.49547033609596e-103,2.36112663638138e-102
"SARAF",0.112607867224889,2.83064161901515e-103,2.6743836568094e-102
"SLC1A5",0.112581771402686,3.15606126397057e-103,2.97753658641264e-102
"NDUFA3",0.112567311849793,3.35218064377568e-103,3.1580053384734e-102
"DDRGK1",0.11252889662198,3.93431733213138e-103,3.69577108009698e-102
"PMVK",0.112387666371715,7.08477420352442e-103,6.64566050827011e-102
"CD53",0.112371833157804,7.56736414207944e-103,7.08817002305377e-102
"UGCG",0.112056387165009,2.80709264265841e-102,2.62182452824295e-101
"RALA",0.112002483205573,3.51057533951873e-102,3.27419993862674e-101
"RNF181",0.111966448044229,4.07641227146605e-102,3.79652185624574e-101
"GABARAPL2",0.111840170215599,6.87919869230149e-102,6.38866492191294e-101
"SASH1",0.111819209804796,7.50299330833609e-102,6.95809507090799e-101
"MRPS18C",0.11177217943202,9.11572262334653e-102,8.44172726790929e-101
"MRPL12",0.111421460468355,3.88336601234051e-101,3.58608008314721e-100
"MZT2B",0.111221885434076,8.84044067957124e-101,8.15215813300942e-100
"NDUFC1",0.111169359321701,1.09747313946392e-100,1.01060273039649e-99
"CDK6",0.111147439952675,1.20108492591608e-100,1.10445755916165e-99
"AKR7A2",0.11112031713593,1.3428995557908e-100,1.23312883367419e-99
"SEC11C",0.111091237109246,1.5135527566559e-100,1.38788329916077e-99
"TRPV2",0.110985818583145,2.33464428016732e-100,2.13780172321203e-99
"ARPC3",0.110892550427626,3.42450279626389e-100,3.1313845149613e-99
"NDUFS3",0.110810841032149,4.78892334315036e-100,4.36680346129945e-99
"PDIA4",0.110766353136351,5.74761786634405e-100,5.23369437467373e-99
"PRDX6",0.110714701444099,7.10327481961506e-100,6.45913918924106e-99
"MRPL4",0.110561210733787,1.33200259037226e-99,1.20953235220192e-98
"POLR2J3",0.110475560347492,1.8910436335972e-99,1.71479102308717e-98
"EIF1",0.110318928545065,3.58688311281858e-99,3.2480667301396e-98
"CD83",0.110249462450406,4.76308322974721e-99,4.30719753196227e-98
"SMDT1",0.110203023756973,5.75684965274541e-99,5.19865787702341e-98
"COA6",0.11013457439441,7.61068078514589e-99,6.86325944459087e-98
"ATP6V0B",0.109988189362054,1.38179994286207e-98,1.24438127085843e-97
"SMIM30",0.109955152560322,1.58071541155958e-98,1.42155672087711e-97
"NMT1",0.109769243401639,3.36669886329952e-98,3.02355455607861e-97
"MRPS21",0.109699016205707,4.47807392397549e-98,4.01613817763399e-97
"PET100",0.109680895741885,4.8199689016093e-98,4.3168433806468e-97
"MRPL24",0.10965008454196,5.46214525163697e-98,4.88529489127258e-97
"COPE",0.109522830834051,9.15254678721478e-98,8.17477471240576e-97
"CANX",0.10947035608915,1.13215972642813e-97,1.00983087194913e-96
"TMEM109",0.109372568640441,1.68233381556303e-97,1.49851478012957e-96
"RPL22",0.109326232747935,2.0293667845746e-97,1.80517007313588e-96
"SLC43A3",0.109223825688214,3.07075343387701e-97,2.72779700416955e-96
"CCT6A",0.109034393870851,6.59995139647906e-97,5.85488225646948e-96
"NAP1L1",0.108822054711195,1.5535345030293e-96,1.37628842558341e-95
"CRYL1",0.108806284723783,1.65539931048337e-96,1.46454677834104e-95
"ANAPC11",0.108781815914938,1.82679955405004e-96,1.61400209248367e-95
"ECH1",0.108713780139434,2.40221661613644e-96,2.11952661758435e-95
"ATF3",0.108504411131103,5.57310489562843e-96,4.90403227558798e-95
"RAP2A",0.108467047060575,6.47509733820294e-96,5.69007881682403e-95
"CCT4",0.10826287969535,1.46836693818272e-95,1.28861517340116e-94
"PDCL3",0.10804475838328,3.51537352920731e-95,3.08089974986024e-94
"CD300A",0.108034548004388,3.66184531140415e-95,3.20497250949938e-94
"FAM50A",0.108005201826749,4.11760738157793e-95,3.59905308298883e-94
"COPZ1",0.107968841279372,4.76153796340849e-95,4.15633313815284e-94
"STOML2",0.107959387483627,4.9448190108747e-95,4.31056355907984e-94
"FCHO2",0.107809799552824,8.98469930487217e-95,7.82183276368233e-94
"PARVB",0.107671139817292,1.5616451309941e-94,1.35771753543078e-93
"PNP",0.107583690145911,2.21224362703087e-94,1.92080329794526e-93
"TXN2",0.10749305807686,3.17289448684086e-94,2.75124458288667e-93
"MRPS26",0.10736911295181,5.19313280429932e-94,4.49704665887536e-93
"LSM4",0.107351938008717,5.55980694744004e-94,4.80820341565648e-93
"HSPB11",0.107265525037157,7.83549557567956e-94,6.76730119865165e-93
"SNRPB2",0.107157410695327,1.20315619428512e-93,1.03776189950345e-92
"MRPL3",0.107102268095457,1.49708359692998e-93,1.2878858627274e-92
"LYSMD2",0.107060704519126,1.76506980123067e-93,1.51642921950671e-92
"ACADVL",0.107059887433567,1.77079182769028e-93,1.51934868365342e-92
"GSPT1",0.107029167530982,1.99989287661374e-93,1.71366967592407e-92
"C18orf32",0.106975351590987,2.47476897958052e-93,2.11780622886092e-92
"TIMM10",0.106965098213799,2.57726060989353e-93,2.20263135522665e-92
"MRPS28",0.106941559205627,2.82885743110999e-93,2.41449998493435e-92
"ARF4",0.106809848396339,4.76205096381766e-93,4.05922936133505e-92
"NEU1",0.106748081925497,6.07807362720935e-93,5.17427674149671e-92
"GCLC",0.106697749689046,7.41436824157445e-93,6.30365924101609e-92
"SCOC",0.106696061985661,7.46392825694828e-93,6.33755362908154e-92
"METAP2",0.106593771728951,1.11748359511362e-92,9.4761449349583e-92
"IMPDH2",0.106584776821749,1.15783236144161e-92,9.80558028381505e-92
"SMIM25",0.106521616752459,1.48516697815037e-92,1.25614769769044e-91
"LMAN2",0.106434902180832,2.08989143585707e-92,1.76533723612836e-91
"TM2D2",0.106347967862748,2.94255529139271e-92,2.48237761227426e-91
"MRPL34",0.106303042673616,3.5113079155913e-92,2.95836741651236e-91
"H2AFZ",0.106232853409217,4.62705799750284e-92,3.89339835105194e-91
"PPT1",0.106165685052512,6.02431737395461e-92,5.06259472890941e-91
"PSMB2",0.106075007936854,8.60011842227966e-92,7.21791710460391e-91
"DDOST",0.106020223963198,1.06620612846211e-91,8.92555143135119e-91
"TCP1",0.105885191283393,1.8100473930994e-91,1.51331072328439e-90
"LAGE3",0.105881430700698,1.83690558780364e-91,1.5338044358953e-90
"ABCE1",0.105868541757936,1.93201122210097e-91,1.61115935843063e-90
"HAGH",0.105839378234968,2.16572778937722e-91,1.80376156521634e-90
"USF2",0.105749954741519,3.0731721771365e-91,2.55628494836112e-90
"PSMA5",0.105498887734438,8.19593151595976e-91,6.80876750334751e-90
"SLC16A3",0.105415909397153,1.13284292454004e-90,9.38723325810237e-90
"IMP4",0.105406582230517,1.17479898435677e-90,9.72257691104376e-90
"MCTS1",0.105369523941373,1.35737863035394e-90,1.12193950508901e-89
"SLC39A10",0.105327669230034,1.59783345966689e-90,1.31901959082097e-89
"SUCLG1",0.105324516751291,1.61757816003077e-90,1.33363505804302e-89
"VDAC3",0.105264061247764,2.04701079681099e-90,1.68556128331867e-89
"GTF2A2",0.105231506811226,2.32358298674111e-90,1.91089126632873e-89
"IDH2",0.105127313354999,3.48494624882047e-90,2.86238424306384e-89
"YWHAG",0.105110346040695,3.72259730766062e-90,3.05374419039964e-89
"RAC1",0.104974096213119,6.32031385698466e-90,5.17174117609083e-89
"ATP5PD",0.104734907982938,1.59802712045974e-89,1.30435721767363e-88
"SNX9",0.104630126176638,2.39753668058906e-89,1.95450060070964e-88
"CBR1",0.104602764773926,2.66527142821801e-89,2.1700553670846e-88
"MRPS36",0.104568418316501,3.04394996922309e-89,2.47529165407718e-88
"SNX8",0.104549320706519,3.27725195483124e-89,2.66169854418468e-88
"FAM3C",0.104515659133256,3.73272683511934e-89,3.02786204069606e-88
"ADAP2",0.104497485343411,4.00434556777453e-89,3.24416497176083e-88
"NIT2",0.104412901657716,5.55184358973718e-89,4.49232096407199e-88
"TMCO1",0.104162788143217,1.45669233088309e-88,1.17723788125014e-87
"EPB41L3",0.10410820729638,1.79743360183351e-88,1.45081739367747e-87
"RNASET2",0.10400141638944,2.71092247391038e-88,2.18545143457781e-87
"NFE2L2",0.103945488504941,3.36129782285114e-88,2.70642428150256e-87
"ESRRA",0.103864706548637,4.58467673561777e-88,3.67786705490417e-87
"MRPS18B",0.103833517102559,5.16804600493193e-88,4.14077019365747e-87
"PLXND1",0.103780672328738,6.33030226836825e-88,5.06579146029274e-87
"BAX",0.103741555738807,7.3554078072243e-88,5.87893108112867e-87
"EIF1B",0.103596085143367,1.28467678217116e-87,1.02554539704945e-86
"FKBP1A",0.103577350435323,1.38025488033978e-87,1.10050078142213e-86
"ATP5MC2",0.103543235071053,1.57288111953511e-87,1.25255746157376e-86
"GTF2H5",0.103379559786643,2.94196070822956e-87,2.3371250437916e-86
"CIB1",0.103366293467672,3.09498999849913e-87,2.45570929735283e-86
"PSMC2",0.103363073928918,3.13330969134578e-87,2.48310045600227e-86
"AHSA1",0.10329481641689,4.06689809684168e-87,3.21516079288403e-86
"EIF1AX",0.103124862024737,7.77927079953085e-87,6.14261745016095e-86
"PSMG2",0.103055720716606,1.01250228540243e-86,7.98521102769731e-86
"CIAO2A",0.102773437860688,2.96401249399192e-86,2.33478478141195e-85
"TOMM6",0.102764315500748,3.06855148715507e-86,2.41422257798073e-85
"NDFIP1",0.102754555249631,3.18447556245613e-86,2.50241601290122e-85
"STX4",0.102721923049282,3.60470783418281e-86,2.82924127489642e-85
"SUMO1",0.10263994124144,4.92080106413634e-86,3.85295776734412e-85
"LMAN1",0.102631648074674,5.07811907190056e-86,3.97138068087151e-85
"PDIA3",0.102517889341274,7.8174135951844e-86,6.10636201736148e-85
"CREG1",0.102475918465852,9.16506704971351e-86,7.14197954362657e-85
"TMED2",0.102365117634951,1.39426513466932e-85,1.08391265760619e-84
"LEPROTL1",0.102037662453581,4.80472227375753e-85,3.72195192249132e-84
"NUBP1",0.102002305272475,5.49011518459416e-85,4.24785480199723e-84
"NDUFS4",0.101970671479486,6.18555441670227e-85,4.780278342364e-84
"SELENOW",0.101959917998926,6.4414355399293e-85,4.97214941677188e-84
"POLD4",0.101944265671726,6.83286761920928e-85,5.26807647339508e-84
"PSMC5",0.101929319738858,7.22875266363137e-85,5.56673556122755e-84
"RPL27",0.101883377823683,8.59465834377152e-85,6.6108089707739e-84
"HNRNPF",0.101779474849528,1.27085677783023e-84,9.76364466915866e-84
"C4orf3",0.101776426675838,1.2855155166382e-84,9.86467188706637e-84
"MRPS33",0.101697516090331,1.72967469892246e-84,1.32574597673565e-83
"CYP27A1",0.10168938603778,1.78335469944181e-84,1.36528958137594e-83
"CCT8",0.101596373095281,2.52939090818807e-84,1.93417049798054e-83
"TXNL1",0.101533919057434,3.19778378504563e-84,2.44241943769023e-83
"MCOLN1",0.101445933298642,4.44840740318961e-84,3.39366249732248e-83
"EMC2",0.101284122282159,8.15669540167336e-84,6.20820425333416e-83
"CDK2AP1",0.101275380935026,8.42804015874074e-84,6.40727052998221e-83
"NFE2L1",0.101272686648775,8.51347611897239e-84,6.46470463017903e-83
"LGALS9",0.101176756474488,1.21896572249443e-83,9.24547319451108e-83
"PRELID1",0.1011721483531,1.24015457683637e-83,9.39528461570817e-83
"ATP5IF1",0.101066889366834,1.83797254208395e-83,1.38760559816915e-82
"UFC1",0.100987453549141,2.47266233411604e-83,1.86247308069708e-82
"DCTPP1",0.100875413659237,3.75570740929692e-83,2.82564039608553e-82
"CYFIP1",0.100765565520142,5.65547391276687e-83,4.25005614272067e-82
"POLR2I",0.100753008433141,5.92623347623507e-83,4.44841727527266e-82
"PDK4",0.100613881806421,9.94556251258641e-83,7.45689079212041e-82
"SNHG32",0.1003764819683,2.40202064866445e-82,1.79890160377642e-81
"RPF2",0.100301179950188,3.17580535247392e-82,2.37567681858976e-81
"NPC1",0.100169874961532,5.1654152248934e-82,3.85519232195811e-81
"RPL4",0.1001299557064,5.98789346477845e-82,4.46395068104008e-81
"CAPG",0.10012360052987,6.13038001703944e-82,4.56496862772254e-81
"BCL2L1",0.100079491593906,7.21699223628329e-82,5.36799718325599e-81
"KPNA2",0.100067480545917,7.54481561360312e-82,5.60545505474286e-81
"ATF5",0.100041109275149,8.31760831309864e-82,6.17259059603165e-81
"ITGAX",0.099689772318276,3.04181381177016e-81,2.24970347300377e-80
"STIP1",0.099680851204282,3.1434423905883e-81,2.32224026549902e-80
"NAA10",0.0996300011965586,3.79084140950784e-81,2.79735001527791e-80
"EIF4A3",0.0995797291230451,4.56141914986861e-81,3.35839621642353e-80
"MRPS12",0.0995218311746689,5.64422079573632e-81,4.1509466324549e-80
"MRTO4",0.0994709508583885,6.80535557080292e-81,4.99364923927155e-80
"PPA1",0.0994563192390043,7.18136688753696e-81,5.26365209761397e-80
"METTL26",0.0993419136590823,1.09322941311823e-80,8.00395733814894e-80
"UCHL3",0.0992677680162322,1.43508455875679e-80,1.04950591109081e-79
"CISD3",0.0992493476612482,1.53539527384484e-80,1.12161053635727e-79
"RPA3",0.0992293761112122,1.6520669481306e-80,1.20549260121405e-79
"SLC35F6",0.0992148939053859,1.74216180429702e-80,1.2698164856738e-79
"REX1BD",0.0990172426298677,3.59317738035144e-80,2.61605720631823e-79
"PAPSS1",0.0989772218781853,4.15967570939162e-80,3.02513457041184e-79
"EIF3K",0.0987717268649444,8.81288370642392e-80,6.38787512999996e-79
"SELENOT",0.0987338754372181,1.01181677518009e-79,7.32586719393953e-79
"EIF3D",0.0984917132671893,2.44516890868015e-79,1.76841972621138e-78
"SNRPC",0.0984860777121661,2.49583245499986e-79,1.80306658461758e-78
"AMD1",0.0984402894056129,2.94822878125674e-79,2.1275408136707e-78
"DYNC1I2",0.0984331865731167,3.02538490800202e-79,2.18081218616508e-78
"NGRN",0.0984172037823889,3.20644390292698e-79,2.3087808631428e-78
"IAH1",0.0983877792222219,3.56849868681616e-79,2.5666495505395e-78
"RPP21",0.0982620930045161,5.63362169364704e-79,4.04754050912795e-78
"EIF3E",0.0982425882343155,6.04697821699726e-79,4.33975231424018e-78
"SDHC",0.0982372186622632,6.16599045699797e-79,4.4203120184049e-78
"RBIS",0.0982259805981288,6.42268617240529e-79,4.59929049235332e-78
"CDC123",0.0981961969795667,7.15571126054682e-79,5.11860396296008e-78
"TOMM20",0.0981883337887294,7.36278348332601e-79,5.26097031846835e-78
"RPL37",0.0979210377929714,1.93907504011776e-78,1.38402539435479e-77
"GET3",0.0979132356650334,1.99458573276787e-78,1.42209394992762e-77
"TMED3",0.0978261418086574,2.73287983355078e-78,1.94635820825218e-77
"IGSF6",0.0976990236690886,4.32532802154681e-78,3.07368812197142e-77
"EIF6",0.0976987331152681,4.3298665652121e-78,3.07368812197142e-77
"CLN6",0.0976562014819433,5.0481365184323e-78,3.57968726220286e-77
"GNPDA1",0.0976349687324759,5.45000056769092e-78,3.86046627427554e-77
"CD52",0.0976212918558838,5.72559067820017e-78,4.05128916169618e-77
"EBNA1BP2",0.0974772178887662,9.62312251654377e-78,6.80172702845007e-77
"SLC7A7",0.0974338948062385,1.12475162963785e-77,7.94128094446248e-77
"MESD",0.0974239605172337,1.16569714159438e-77,8.22149720792242e-77
"MRPS24",0.0973382999606069,1.5864346452133e-77,1.11768423603497e-76
"VASH1",0.097278445012219,1.96729291281643e-77,1.3845167991382e-76
"UQCR11",0.0972468624181077,2.20370258284322e-77,1.54756256569591e-76
"PLBD2",0.0971998493059885,2.60907092303877e-77,1.83026885137634e-76
"TRAPPC3",0.0971646420258433,2.96060218609393e-77,2.07242153026575e-76
"SELENOK",0.0970688236204176,4.17518075335207e-77,2.91950072357389e-76
"NDUFB10",0.097019985274587,4.97408465771417e-77,3.47441939018539e-76
"PDXK",0.0969139975686042,7.27101841314989e-77,5.06800835662836e-76
"HIST1H4C",0.0967822063688355,1.16510317913391e-76,8.11229455290469e-76
"TSPAN3",0.0965646584848598,2.53372473077014e-76,1.76228641380587e-75
"EIF3F",0.0965136512858673,3.03917137448085e-76,2.11159430885822e-75
"GAPDH",0.0964729363446175,3.51383044949915e-76,2.43879230136151e-75
"PDE4DIP",0.0963625513623039,5.20616832162038e-76,3.60571276342734e-75
"UBXN1",0.0963396831473761,5.64761054528671e-76,3.90730981429466e-75
"TFPT",0.0962980343504902,6.54964679197716e-76,4.52659521415927e-75
"TCF7L2",0.0962856709353782,6.8440888285772e-76,4.72509532853619e-75
"RPS15A",0.0962676800992892,7.29628233662538e-76,5.03197193215788e-75
"CHMP4A",0.0961798818164253,9.96842302900442e-76,6.86760271481885e-75
"TMEM126A",0.0961752035310071,1.01354798489594e-75,6.97534392131546e-75
"NPL",0.0960884288534837,1.37930228227219e-75,9.48252189431712e-75
"MZT2A",0.0960659816481885,1.49367238052863e-75,1.02580147309834e-74
"MTHFD2",0.0959779699954156,2.04089645427017e-75,1.40014491269868e-74
"SELENOF",0.0959704396141832,2.09611102413893e-75,1.43651717775894e-74
"WDR1",0.0958777525581087,2.91094576000835e-75,1.99285480407692e-74
"GLRX3",0.0956634920581882,6.21137584482729e-75,4.24346659075035e-74
"BST2",0.0956066949232957,7.59130284134686e-75,5.17538456483063e-74
"MCRIP1",0.0954618150522539,1.26569512820864e-74,8.61094146537783e-74
"DEGS1",0.0954603124182534,1.27241841863966e-74,8.64768359778179e-74
"PEPD",0.095417445154836,1.47997033396275e-74,1.00478152060732e-73
"UNC50",0.0954063386220457,1.53904211358368e-74,1.04380262848652e-73
"SF3B5",0.0953458210464449,1.90472249896236e-74,1.29047416561823e-73
"GOLIM4",0.0952322862886653,2.84026854157079e-74,1.92232667958487e-73
"MRPS7",0.095026248825272,5.85780104088496e-74,3.95643628153986e-73
"ENY2",0.0949442960064202,7.80886515408785e-74,5.26333612138416e-73
"CHMP5",0.0948883955619782,9.49923125606621e-74,6.39608382617517e-73
"HPRT1",0.0948861767274117,9.57337952400081e-74,6.43276005425666e-73
"C12orf45",0.0948632949239946,1.03725165341955e-73,6.94831076850102e-73
"SAMD1",0.0948562413669515,1.06320179770251e-73,7.1148550188117e-73
"PRDX3",0.0948142748931736,1.23153991423251e-73,8.23293247367298e-73
"ECI1",0.0947493797535271,1.54561195800986e-73,1.03219724019085e-72
"NUTF2",0.0947234907205811,1.69214376061748e-73,1.1289016231548e-72
"SPATS2L",0.0946464231359846,2.21550276816478e-73,1.47655016292164e-72
"COMMD6",0.0946233898363834,2.40122034765421e-73,1.59869436180889e-72
"LAMTOR5",0.0946199140141391,2.430562741379e-73,1.61658384569033e-72
"GUK1",0.0946040807114513,2.56881353763723e-73,1.70679907612523e-72
"NUDC",0.0945677193461626,2.9167055247505e-73,1.93598179906789e-72
"TIGAR",0.0945619467879542,2.97610021579861e-73,1.97340194836626e-72
"RBMX",0.0944945422206628,3.76562314394598e-73,2.49439150102521e-72
"PIN4",0.0944639051575095,4.1904443302914e-73,2.7701845330076e-72
"EMC4",0.0944311058434683,4.69832214894922e-73,3.10279093028586e-72
"NIFK",0.0943736053158387,5.74115806009296e-73,3.78765806224902e-72
"CST3",0.094266895899374,8.3256292822322e-73,5.4871939765357e-72
"SNRPD3",0.0942173483394472,9.89245359941517e-73,6.51327911711746e-72
"PTPMT1",0.0942093597928189,1.01712494666314e-72,6.69010352241815e-72
"MARCH2",0.0941758232956061,1.14297027250513e-72,7.51029109712415e-72
"MRPL1",0.0941563336003761,1.22311675041051e-72,8.02885272508425e-72
"PUM3",0.0941407705107317,1.29111991245303e-72,8.46674221426066e-72
"MYC",0.0940968923932684,1.50382349178772e-72,9.8517013920923e-72
"EEF1E1",0.0940696281978207,1.6532331772393e-72,1.08196581709615e-71
"SNRPD2",0.0940546113069022,1.74175478755563e-72,1.13875928010387e-71
"AMDHD2",0.0940430056697369,1.81339138769967e-72,1.18441087839964e-71
"PSMD3",0.0940008832909589,2.09896635488762e-72,1.36956507268017e-71
"RPL24",0.0939972485546154,2.12561565123366e-72,1.38557080037544e-71
"SRSF7",0.0939694927188052,2.34055476234733e-72,1.52415807133733e-71
"HPCAL1",0.093936842881165,2.62127869548518e-72,1.70526568269474e-71
"TAF1D",0.093905427578729,2.92301574285123e-72,1.89966967462836e-71
"TMEM106A",0.0938349863971972,3.7314014067099e-72,2.42022841240767e-71
"AP2M1",0.0936489089709855,7.10562384863317e-72,4.60421890211731e-71
"TEX264",0.093600852761045,8.38984360105637e-72,5.43097004591154e-71
"REXO2",0.0935820783762442,8.95223703244815e-72,5.78929037766033e-71
"LSM2",0.0934789405001261,1.27827714444492e-71,8.25012435378171e-71
"VPS28",0.0934580568994366,1.37381012886723e-71,8.85795919382047e-71
"DPY30",0.0933316816110631,2.12419921607937e-71,1.36558647735761e-70
"SMIM20",0.0933032001048043,2.34323252554885e-71,1.50491692063246e-70
"ERP44",0.0932933760018066,2.42389200901025e-71,1.55519194846997e-70
"PID1",0.0932783328770635,2.55279718827377e-71,1.63629294283666e-70
"ENO1",0.0932681929557412,2.643519841989e-71,1.69278479205917e-70
"NDUFAF2",0.0932132151917649,3.19435872509695e-71,2.04351441728805e-70
"RAB4A",0.0930741960392785,5.15255094305794e-71,3.28978301422977e-70
"GLRX5",0.092998671921983,6.67872445116426e-71,4.25589673116101e-70
"MRPL32",0.0929188960799252,8.78228003573218e-71,5.5909003771779e-70
"P4HB",0.0928864516603549,9.81610892343088e-71,6.24296888534933e-70
"CYTOR",0.0928514092111005,1.10693607247037e-70,7.03318565773691e-70
"GLRX2",0.0928371854965276,1.16224580055991e-70,7.37743984860263e-70
"TBCB",0.0927832516621877,1.39817575118247e-70,8.86641422039863e-70
"TWF2",0.0926524345694313,2.18799592386501e-70,1.38615478199898e-69
"KDSR",0.0925969426600171,2.64522178566241e-70,1.67419748641441e-69
"QDPR",0.0925916572376256,2.69345237597931e-70,1.7014291433964e-69
"TPP1",0.0925564939722813,3.03741614671507e-70,1.91685586556208e-69
"NCBP2",0.0924949541131111,3.74803345461146e-70,2.36075556129573e-69
"LRP1",0.0924784820688193,3.96488505166358e-70,2.49493921730284e-69
"MRPL36",0.0923892970881873,5.37539876076741e-70,3.37926510556705e-69
"MORF4L1",0.0923601820718375,5.93654576937348e-70,3.72844728531833e-69
"ARL6IP4",0.092314831807539,6.92908843454219e-70,4.34763725384231e-69
"EIF4E2",0.0922575944166864,8.42112303773567e-70,5.27874423976182e-69
"TMED1",0.0920606998006778,1.64554063848727e-69,1.02755918762462e-68
"DPM3",0.0920430009196293,1.74755294656604e-69,1.09021957677946e-68
"CAMTA1",0.0919243882151632,2.61432459694045e-69,1.62785278236158e-68
"PFDN1",0.0918638265668243,3.21060943210207e-69,1.99723734225341e-68
"HRAS",0.091767158284251,4.45543074389176e-69,2.76634436880953e-68
"ZNHIT1",0.0917419085992452,4.85326487704477e-69,3.01049770077027e-68
"NAGK",0.0917165038236184,5.28927341535817e-69,3.27784545873097e-68
"RRAGA",0.0916655876828697,6.28413260918882e-69,3.89068740519664e-68
"SDHB",0.0916567422633918,6.47506714946114e-69,4.00510775999782e-68
"NDUFB6",0.0916446761915485,6.74487852262938e-69,4.16805442163997e-68
"TP53I3",0.0915414711067262,9.5615226350687e-69,5.90304390822277e-68
"NSA2",0.0915082763247221,1.06963527173788e-68,6.5974296288889e-68
"SYPL1",0.0914031636933218,1.52530226400081e-68,9.39908218853659e-68
"POLR2E",0.0913076883897165,2.10470086182328e-68,1.29571885448216e-67
"WASHC3",0.0912964094455521,2.18625052255883e-68,1.34465718875726e-67
"RAB7A",0.0912720078514901,2.37361726829418e-68,1.45852534775445e-67
"DST",0.0912141467529421,2.88436070981322e-68,1.77069956063463e-67
"ACADM",0.0911858837141656,3.17228988851008e-68,1.9456314531969e-67
"BRK1",0.0911757771756359,3.28205959946217e-68,2.0110689466995e-67
"MRPL33",0.0911596609543331,3.46498618247185e-68,2.12116850758436e-67
"TRIAP1",0.0911486396755428,3.59589908577943e-68,2.19925053534386e-67
"TCEAL4",0.0911458450401533,3.62987052101237e-68,2.21795266040924e-67
"XIST",0.0909946370381504,6.03467717972276e-68,3.68047755606599e-67
"SPAG7",0.0908237655843085,1.07072973215098e-67,6.51809216834553e-67
"MRPS23",0.0908043491714033,1.14273932574895e-67,6.94998112720615e-67
"MRPL43",0.0907249565678439,1.49096373529964e-67,9.05940604218315e-67
"HSD17B10",0.090721119687309,1.51024474517783e-67,9.16804098790406e-67
"ACAA2",0.0906706572085498,1.78820121247198e-67,1.08453242366807e-66
"FDPS",0.0906388855824817,1.98879052200006e-67,1.20507066105991e-66
"UXT",0.0906055532066713,2.22337294340925e-67,1.3447189920453e-66
"DDX18",0.0905537588147402,2.6437501343398e-67,1.59748968376281e-66
"SLC52A2",0.0903743540257994,4.81270806590727e-67,2.90272004934518e-66
"SRSF2",0.090368681272643,4.90464444578735e-67,2.95544381442928e-66
"EIF4A2",0.0903094274352832,5.97607871983952e-67,3.59775346872107e-66
"GRHPR",0.0902354779703112,7.64587016190204e-67,4.59877636784872e-66
"ADAM9",0.0901496696481413,1.01738952835924e-66,6.11368817684991e-66
"HNRNPAB",0.090057318447758,1.38316516251023e-66,8.29645305733202e-66
"LSM7",0.0900246880500647,1.54159578252577e-66,9.2382706014239e-66
"TMX2",0.0900145979627233,1.59415433040618e-66,9.54448810640622e-66
"PDAP1",0.0898514736514305,2.73960361204681e-66,1.63575601968603e-65
"EIF3I",0.0898473473924594,2.77734924010073e-66,1.65678004851994e-65
"FKBP3",0.0898461298289471,2.78858581131283e-66,1.66196663941324e-65
"SNHG6",0.0898047881376492,3.1982289565958e-66,1.90437348981997e-65
"NUDCD2",0.0896775561478805,4.87450003599781e-66,2.89986180485475e-65
"AP1S1",0.0896093612315567,6.10828363355811e-66,3.62724417767511e-65
"PSMD9",0.0895119740113209,8.42799372433738e-66,4.98662651309663e-65
"SH3BGRL3",0.0894778446389248,9.43371140374276e-66,5.57663699436439e-65
"CHMP3",0.0894625282922712,9.92310685763615e-66,5.86063890110435e-65
"ARMCX6",0.0893650810415885,1.36869695268889e-65,8.06901774272314e-65
"FUNDC2",0.0893563042765229,1.40889445242923e-65,8.29851525223632e-65
"CYB5R3",0.0893417225560025,1.47829610067517e-65,8.69945986157898e-65
"MRPS34",0.089334844479383,1.51220462568938e-65,8.89100165715574e-65
"CORO1C",0.0891724751941449,2.58163359553865e-65,1.51650677876296e-64
"SRC",0.0891067728940884,3.20454607944637e-65,1.88072910838603e-64
"MAGOH",0.0890872519445671,3.41698875300147e-65,2.00181652931215e-64
"STRAP",0.0890415625155689,3.97069529137095e-65,2.32411869426887e-64
"CCDC90B",0.0889378080860657,5.58282066545651e-65,3.26480156625712e-64
"PDCD6",0.0888295396504737,7.96330908725853e-65,4.64443486284534e-64
"EIF4EBP1",0.0888260860990037,8.05397734649028e-65,4.69312868906894e-64
"COX16",0.0887729834559754,9.58492018737927e-65,5.58025006100496e-64
"SRSF9",0.0887094654551193,1.18013124781941e-64,6.85839830954959e-64
"MAP4",0.0886095453703461,1.63649560427802e-64,9.50213877510631e-64
"CLIC4",0.0883721133135407,3.55347813771706e-64,2.05963121138246e-63
"SPINT2",0.0883148222391934,4.28322013825942e-64,2.48039798617715e-63
"MRPL14",0.0882992487109055,4.50620892184181e-64,2.60722070185857e-63
"TPRKB",0.0882800482943079,4.79711269463402e-64,2.77307893877252e-63
"ZFAS1",0.0882571490383962,5.16861977834408e-64,2.98519753629096e-63
"NDUFS2",0.0881899076441297,6.43352965245139e-64,3.71248162998475e-63
"FIBP",0.0881181704310004,8.12456686431065e-64,4.68416385880627e-63
"MGAT4B",0.0880934528631286,8.80444782406934e-64,5.07167223557404e-63
"ELOVL1",0.0880853346957834,9.03988804641847e-64,5.20271021544753e-63
"RPL29",0.0880224716130078,1.10885499448773e-63,6.37616002986873e-63
"HMOX2",0.0880015569488832,1.18679345677856e-63,6.8183265557278e-63
"SET",0.0879999085600961,1.19316337771488e-63,6.8489044455662e-63
"TRAPPC2L",0.0879888332614423,1.23685445772119e-63,7.09346881103611e-63
"EXOSC3",0.0879840723690024,1.25612230569486e-63,7.19765787434969e-63
"ITGB1BP1",0.0879743120991122,1.29656330975505e-63,7.42288171556787e-63
"FKBP4",0.0879447721174149,1.42703679966274e-63,8.16270043411637e-63
"PDHA1",0.0879001345882743,1.64942405362083e-63,9.42651613861277e-63
"OCIAD1",0.087850438642365,1.93784582207493e-63,1.10651842661362e-62
"UTP11",0.0877998177834882,2.28332449049403e-63,1.30265056883507e-62
"CCT5",0.0877725793233643,2.49395371334879e-63,1.42157535988443e-62
"LGALS3BP",0.0877611611333993,2.58790684475489e-63,1.47384450792748e-62
"SNF8",0.0877255175228209,2.9044880159795e-63,1.65270171004996e-62
"TIPRL",0.0876996669469305,3.15796293107607e-63,1.79381074225676e-62
"TMEM126B",0.0875556938174782,5.03023753573093e-63,2.85483446255285e-62
"SSNA1",0.0875021663301605,5.97959430537244e-63,3.39068409093886e-62
"CIRBP",0.0874613637499608,6.82141648957306e-63,3.8646811966056e-62
"MCUR1",0.0874606539660795,6.83706020839471e-63,3.87019044523677e-62
"NDUFA9",0.0874590918350084,6.87161578686332e-63,3.88638616042495e-62
"EMC6",0.0874246918731196,7.67827127258119e-63,4.33885372343439e-62
"SDHD",0.0873893747794006,8.60465208976675e-63,4.85813604170078e-62
"NOP56",0.0873683979060261,9.20675952692389e-63,5.19359739318623e-62
"NAXE",0.0873539049922966,9.64709989783076e-63,5.43730509758772e-62
"PCK2",0.0873454445557946,9.91379096770885e-63,5.58280493943846e-62
"CD4",0.0873380657550116,1.01523764588584e-62,5.70732908753364e-62
"DNAJC19",0.0873052825160141,1.12834809998211e-62,6.33774903581016e-62
"AP3S1",0.0872651424025494,1.28407301889006e-62,7.206239826183e-62
"PI4K2A",0.0872185748523885,1.4917436484426e-62,8.36451112651606e-62
"ADRM1",0.0871772651348763,1.70379976314657e-62,9.54536662506622e-62
"TMEM256",0.0871744565302163,1.71926242386483e-62,9.62374805413378e-62
"ST14",0.0871252878566233,2.01377113857537e-62,1.12626481642479e-61
"PFDN6",0.087106316279032,2.1404001739358e-62,1.19606293480276e-61
"METTL5",0.0869578329221686,3.44811023980166e-62,1.92517034567235e-61
"NDUFA7",0.0869024501843883,4.11842264191349e-62,2.29550274789688e-61
"ALKBH7",0.0868704659689152,4.56313469201276e-62,2.54120737788581e-61
"CMC1",0.086793108352253,5.84657868819536e-62,3.25318565646138e-61
"FAM89B",0.0867640778652394,6.41609884528944e-62,3.56704542946449e-61
"DDX39A",0.0866655925160773,8.79268441156266e-62,4.88416063575163e-61
"COA8",0.0865996557083428,1.08556667528855e-61,6.02498720121949e-61
"MRPL35",0.0864743789811337,1.61947831010832e-61,8.97300778939678e-61
"MRPL54",0.0863342921585387,2.53122318237274e-61,1.40128172450068e-60
"DNAJA1",0.0863244638598937,2.61171738092887e-61,1.44461998616861e-60
"DCAF13",0.0862816727574892,2.99296775927287e-61,1.65410170837921e-60
"PSMD7",0.0862673500851419,3.1325807294351e-61,1.72979837914246e-60
"TMEM141",0.0862601289732002,3.20541133973817e-61,1.76852146322432e-60
"MPV17",0.0861913538960221,3.98939478472442e-61,2.19921274051672e-60
"HEIH",0.0861594996567618,4.41461281641971e-61,2.43157022693783e-60
"ITGAV",0.0861393584952766,4.706476385433e-61,2.5901466841718e-60
"HTATIP2",0.0861214703404468,4.98176870743603e-61,2.73934430691479e-60
"TRAPPC4",0.0860008232652072,7.30727130575841e-61,4.01132995777065e-60
"MRPL11",0.0859478195783421,8.64515390829422e-61,4.74177988694862e-60
"COPS9",0.0858459777167704,1.19382877883013e-60,6.54254195808164e-60
"NDUFA5",0.0858263122363288,1.27054250402938e-60,6.95712469961814e-60
"SUMF2",0.0856943055157298,1.9292326988727e-60,1.05550823307362e-59
"FARSA",0.0856228583182722,2.41794031864382e-60,1.32178041833556e-59
"RWDD1",0.0856048704410661,2.55929810350367e-60,1.39788563080259e-59
"CSNK2B",0.0855656302848109,2.89688574732309e-60,1.58095484273776e-59
"CLPP",0.085555681022809,2.98931002349655e-60,1.63003410622356e-59
"LIMK1",0.085539903855378,3.14193239579319e-60,1.71182950030799e-59
"CHID1",0.0854248989108434,4.51558024769908e-60,2.4581901464993e-59
"IPO7",0.0853400052295399,5.8999916652242e-60,3.20916351973676e-59
"MAGED2",0.085246254316314,7.92448626914257e-60,4.30675737553235e-59
"NDUFV3",0.0852222228504883,8.54652578303538e-60,4.64096225660177e-59
"NDUFV1",0.0851923538636048,9.38787065310716e-60,5.09360152116304e-59
"CRELD2",0.0851391427068984,1.1096242002981e-59,6.01552489349003e-59
"RAD23A",0.0849164006796644,2.23162229718958e-59,1.20881081847767e-58
"NCK1",0.0848774026252513,2.52154062590386e-59,1.36472124272843e-58
"MDFIC",0.0848627957039541,2.63953869933364e-59,1.427403144437e-58
"NAGLU",0.0848398084010416,2.83647215001982e-59,1.53263263775451e-58
"WDR18",0.0848174318730611,3.04221915393801e-59,1.64244664149023e-58
"NOP53",0.0847755771520815,3.46779665099267e-59,1.87066456305198e-58
"FUCA2",0.084749672867302,3.76038743750247e-59,2.02682712830925e-58
"OTUD6B-AS1",0.0846407670964677,5.28460096996059e-59,2.84368075239525e-58
"GSTK1",0.0846220484653279,5.60264574625589e-59,3.01234357639975e-58
"NUDT5",0.0845975733169326,6.0474317322298e-59,3.24881747455369e-58
"STOM",0.0845539651332546,6.928847992126e-59,3.71622708552254e-58
"OPN3",0.0842941035545989,1.55647881614321e-58,8.34119549175761e-58
"TRIM28",0.0842745144445602,1.65422583353198e-58,8.85051432048455e-58
"MTIF3",0.0841051839210711,2.79889991908482e-58,1.49625573761051e-57
"SESN1",0.0840809564248823,3.01736284822323e-58,1.61040965728028e-57
"EIF2S1",0.0840658624596736,3.1619710908625e-58,1.68621264209291e-57
"OSBPL1A",0.0840589262078032,3.2307193719621e-58,1.7214705178393e-57
"MAZ",0.0838730948483917,5.74483116191826e-58,3.05363464525379e-57
"DNAJB11",0.0838543088649234,6.08859305545932e-58,3.23373041402056e-57
"IFI27",0.0837064647399925,9.61507110420927e-58,5.09427349103081e-57
"CHURC1",0.0836599191919486,1.11007604058724e-57,5.87666166263916e-57
"NECTIN2",0.0836508226514584,1.14167822677631e-57,6.03907139697696e-57
"MRPL22",0.0836429331698035,1.16981167995382e-57,6.18288501498634e-57
"SERPING1",0.0835672100346741,1.47753261035513e-57,7.80299532027614e-57
"ECI2",0.0835069745368315,1.77888772719171e-57,9.38689908020935e-57
"CNPY2",0.0834723676088955,1.97895334240449e-57,1.04341910908391e-56
"TATDN1",0.0834567988345862,2.07612073711119e-57,1.09376932951112e-56
"ATP6AP2",0.0834199165423837,2.32569322941992e-57,1.22426588840157e-56
"MIEN1",0.0833791005956405,2.63684575532392e-57,1.38582777719516e-56
"PRDX2",0.0833222409578773,3.14056287394201e-57,1.64791332823699e-56
"LPXN",0.0832009239880989,4.5585188206134e-57,2.39002374091182e-56
"NOL7",0.0831968882291378,4.61532929823418e-57,2.41787042883454e-56
"SLC31A2",0.0829575514799851,9.61006018472231e-57,5.01841641275675e-56
"S100A10",0.0829496323531243,9.84576731970703e-57,5.13740037799238e-56
"PCID2",0.082935100477206,1.02933765140798e-56,5.36667429418291e-56
"TXNL4A",0.0828400613021419,1.37642042186571e-56,7.17054718578325e-56
"PYURF",0.0827891789361715,1.60787769533465e-56,8.36966908606523e-56
"SLC17A5",0.0825681822243698,3.15463440426618e-56,1.63820490350217e-55
"UBE2L3",0.0825160497269557,3.69726415856075e-56,1.9184692911643e-55
"NDUFAF8",0.0824408061358571,4.64828798350335e-56,2.40621590151583e-55
"EXOSC4",0.0821360799602892,1.17210748685206e-55,6.05789624429942e-55
"AIMP2",0.0820889040919224,1.35213026009328e-55,6.98280224367288e-55
"PSMB8",0.0820138332730195,1.6970175667206e-55,8.75007953566191e-55
"DYNLT1",0.0819761599868251,1.90181053405057e-55,9.79829572231888e-55
"IFI6",0.0819514460776758,2.049342824234e-55,1.05500814053873e-54
"PLEKHB2",0.081944716853285,2.09145170072303e-55,1.07583880561189e-54
"CDK2AP2",0.0818490762858858,2.79198522481483e-55,1.43280999998739e-54
"ATP5F1A",0.0818393766755741,2.87494300844515e-55,1.47422567758544e-54
"PTGES2",0.0818019879271034,3.2183365781301e-55,1.64772784242871e-54
"COMMD1",0.0817857967319067,3.37944112122745e-55,1.7275047733061e-54
"PRDX5",0.0816661715940225,4.84668546682883e-55,2.47173397676497e-54
"MRPS17",0.081631211209668,5.3847751609946e-55,2.74401091212648e-54
"ARL6IP5",0.0815800097634327,6.28196583308065e-55,3.19871437824621e-54
"RAB34",0.0814986224202603,8.02406043596326e-55,4.07941735072534e-54
"POLR2H",0.0814973064810539,8.05586241908829e-55,4.09240314654229e-54
"SLC35B1",0.0813063361338562,1.42926367090445e-54,7.25506667730846e-54
"TOMM22",0.0812741532284651,1.57404386317588e-54,7.97759595150689e-54
"GPR183",0.0812053280669972,1.93453332704474e-54,9.78945734691836e-54
"ERCC1",0.0811340935529543,2.39436568653301e-54,1.21070091713479e-53
"POLR2F",0.0810905513331548,2.72747563932725e-54,1.37807076738188e-53
"EI24",0.0810550738431167,3.03271049102427e-54,1.53110897222522e-53
"IRAK1",0.0810439168880587,3.13555825947028e-54,1.58181172071117e-53
"MPHOSPH6",0.0810212840562112,3.35498500732266e-54,1.69120215712225e-53
"SRI",0.0809924158709286,3.65718849529565e-54,1.8421185194332e-53
"SNHG7",0.080984942876694,3.73974029917526e-54,1.88224958244864e-53
"FH",0.0809583102935672,4.04932270024315e-54,2.03493249916908e-53
"HIGD1A",0.0809295060166836,4.41293004364854e-54,2.21595519396115e-53
"FAM207A",0.0807805373588455,6.88099590823441e-54,3.44735258605644e-53
"OAS1",0.0806772920240563,9.35731532017073e-54,4.68080547538457e-53
"CMC2",0.0806722518376574,9.49869660503283e-54,4.7478959024239e-53
"TBRG4",0.0805968274914381,1.18870986765044e-53,5.93719260099204e-53
"PFDN4",0.0805757186098519,1.26567428660816e-53,6.31677747011005e-53
"BRIX1",0.080564625599359,1.30808896192068e-53,6.52348255761814e-53
"DECR1",0.0805385242094143,1.41355537899215e-53,7.04407398464228e-53
"UBE2D2",0.0805345456317028,1.43035867534494e-53,7.12238006047618e-53
"RNASEH2B",0.0804893187966674,1.63593842906408e-53,8.13985194004638e-53
"ITPA",0.0804578856960812,1.79589911158141e-53,8.92217962881403e-53
"UQCRFS1",0.0804443972338309,1.86922984815352e-53,9.27944172150925e-53
"HMGCL",0.0804433013616139,1.87531696379133e-53,9.30259659276761e-53
"RPS27A",0.0803562834472647,2.4273426629697e-53,1.2031816778238e-52
"RPL18",0.0803128417307328,2.7607501526146e-53,1.36740791649957e-52
"NDUFB11",0.0802897298622222,2.95632744938227e-53,1.46206269773535e-52
"GRN",0.080281175730411,3.03216123096425e-53,1.49843311625429e-52
"SLC4A7",0.0802580881060689,3.24664482355198e-53,1.60321479277816e-52
"MRPL47",0.0802197985766805,3.63615691366517e-53,1.79420331332399e-52
"UBE2A",0.0801949046893938,3.91401397762797e-53,1.92985093406725e-52
"EMG1",0.080157914902705,4.36639100791132e-53,2.15127840314425e-52
"PRMT1",0.0800873735327475,5.3783238837672e-53,2.64387079338872e-52
"HIGD2A",0.0800828360565282,5.45088555492806e-53,2.6775274048174e-52
"ARF6",0.0800746531318163,5.5842167576885e-53,2.74096164878134e-52
"NTMT1",0.0799031845076663,9.2605250199639e-53,4.53862912897481e-52
"SPNS1",0.0798543637338076,1.06928822558502e-52,5.23670892799615e-52
"DNAJC15",0.0797816168292708,1.32462478675671e-52,6.48233297590971e-52
"PSMB7",0.0797662602641635,1.38584130343034e-52,6.77683653091067e-52
"ADPRHL2",0.0797641466278794,1.39448463578926e-52,6.81400638923033e-52
"GNPTG",0.0797601563275413,1.41094883179382e-52,6.88930803754145e-52
"SLC25A11",0.0796675936365653,1.85219373634324e-52,9.03704675239709e-52
"ACP1",0.079661932246099,1.88325816025764e-52,9.18176126156933e-52
"CCDC124",0.0796498069044634,1.95154700069044e-52,9.50053186188689e-52
"TRAM1",0.0795826346536254,2.37701857353264e-52,1.15546077574397e-51
"RSRC1",0.0795375226770596,2.71341119559249e-52,1.31800017806714e-51
"ERI3",0.0795189273328003,2.86550276880889e-52,1.39084314049536e-51
"PSMC1",0.0793814057519013,4.28737882021233e-52,2.0794423387647e-51
"MPC1",0.079346406129546,4.74984023762719e-52,2.30203524637558e-51
"PPP1R10",0.079334267948049,4.92156176799281e-52,2.38349413623237e-51
"PSMG1",0.0793224363655166,5.09489224673048e-52,2.46561106655247e-51
"C7orf50",0.07930787575208,5.31656611757965e-52,2.57098441395975e-51
"SNHG25",0.0792850411161919,5.68369788088187e-52,2.74649052070996e-51
"SLC22A18",0.0791517312088007,8.3900761037694e-52,4.05127899309042e-51
"TPMT",0.0791436660718928,8.58992263011199e-52,4.14471691185773e-51
"ZNF593",0.0791196846813605,9.21259198875884e-52,4.44188247953579e-51
"TIMM17A",0.0790579964536561,1.10285732281986e-51,5.3096326779059e-51
"TRAPPC6A",0.0790075236763718,1.27763041724645e-51,6.14202034408623e-51
"YIPF6",0.0789948263434755,1.32577688192013e-51,6.36879445554283e-51
"ERLEC1",0.0789924103548648,1.33514046492398e-51,6.40906634337225e-51
"PSENEN",0.0789417571058825,1.54734733721129e-51,7.41683056502011e-51
"SFXN3",0.0789056540844542,1.71878637168615e-51,8.2325460059224e-51
"GLMP",0.0788882730768142,1.80793977587952e-51,8.65322859055657e-51
"TMA16",0.0788653668499221,1.9325025732792e-51,9.22914669400979e-51
"RPL6",0.0787884834545795,2.4164665351439e-51,1.15320132896137e-50
"IMP3",0.0787438561220516,2.7509110127158e-51,1.31184946762479e-50
"ZDHHC12",0.0786733605391459,3.37550627802638e-51,1.60853207330441e-50
"ANAPC16",0.0785841088580171,4.37249654278405e-51,2.08211088104313e-50
"YIF1B",0.078580021385888,4.42459551406296e-51,2.10538613325645e-50
"COPS6",0.0785596736146341,4.69328934259773e-51,2.23161641613847e-50
"FUCA1",0.0785590304555752,4.70204209495446e-51,2.23415343145438e-50
"SNHG1",0.0784561703702291,6.33305436259215e-51,3.00475394939242e-50
"CFAP97",0.0784098223815399,7.24154586359631e-51,3.43330143989794e-50
"MSRA",0.0782909093593788,1.0210356965951e-50,4.83734158285418e-50
"C9orf16",0.0782558271562593,1.12984259666281e-50,5.3450874797261e-50
"DMAC1",0.0782112005614636,1.28508150814622e-50,6.07071018804911e-50
"ZDHHC24",0.078163125799655,1.47614087383324e-50,6.96823756904093e-50
"FAM174C",0.0781608624154646,1.48580221633977e-50,7.00878419222899e-50
"POLR3K",0.0781546370601494,1.51270129591772e-50,7.13052708919253e-50
"WDR83OS",0.0781314924193722,1.61702781842502e-50,7.61132316548797e-50
"IFI27L2",0.0779870963165804,2.45034537405226e-50,1.15254374500386e-49
"CBX3",0.0778864765679136,3.27200631253662e-50,1.53791353496509e-49
"PPP1R7",0.0778854634822201,3.28154052067116e-50,1.54128677616006e-49
"FRMD4B",0.0778281128781787,3.86887975004059e-50,1.81584607363714e-49
"TRIR",0.0778087428132525,4.09001414661518e-50,1.91825771094477e-49
"LPAR6",0.0777773569950067,4.47533960772346e-50,2.09747457744057e-49
"P4HA1",0.0777713843180773,4.55265881963603e-50,2.13218362197567e-49
"MYOF",0.0777246921788096,5.20476943997785e-50,2.43584700061383e-49
"KTN1",0.0776691956735055,6.10175331108097e-50,2.8515556217189e-49
"RAP1A",0.0776487674401576,6.4693494749378e-50,3.02118620479596e-49
"UBE2M",0.0775725033762427,8.04727144767312e-50,3.75271474499906e-49
"DCTD",0.0775518889352912,8.53599484379514e-50,3.97778576541216e-49
"SARS",0.0774842126472564,1.03578075213511e-49,4.82331521186565e-49
"RHOB",0.0774502388306238,1.14134086548311e-49,5.31109365019829e-49
"CNIH4",0.0774007699258722,1.31447633925351e-49,6.1037260696303e-49
"STK38L",0.0773872038342147,1.36636507097886e-49,6.34016666718224e-49
"GYPC",0.0773604161399721,1.47488806610477e-49,6.83887813914398e-49
"PRCP",0.0773565821993518,1.49110665459245e-49,6.90918164969912e-49
"CD164",0.0772996748669788,1.75380030526055e-49,8.12064192336648e-49
"MRPS10",0.0772908352408901,1.79854811838966e-49,8.32194451382281e-49
"FGD2",0.0772201537752683,2.19972446027464e-49,1.01710031975075e-48
"DOCK10",0.0772043210903892,2.30115187216571e-49,1.06324600284236e-48
"KDELR1",0.077187522137972,2.41386323865931e-49,1.11453657163521e-48
"GBP1",0.0771092393681464,3.01597986126406e-49,1.39058366240793e-48
"MAFG",0.0771074306264794,3.03153030792196e-49,1.39676850973881e-48
"RPL22L1",0.0770995480847612,3.10023668457924e-49,1.42741883406895e-48
"MOCS2",0.0770919735362303,3.16771830144928e-49,1.45746250913972e-48
"UBE2E2",0.0770816893814191,3.26168578343442e-49,1.499641466392e-48
"EHD4",0.0769919976914691,4.20816311509828e-49,1.93209062124386e-48
"TIMMDC1",0.0768724610847532,5.90692039306779e-49,2.70633815906638e-48
"SRP9",0.0768587605856813,6.14080649642541e-49,2.81152611159869e-48
"NDUFA11",0.0768420803317177,6.43803738834855e-49,2.94554852659362e-48
"UROS",0.0767404746052543,8.58422898631482e-49,3.92199085342602e-48
"ACO2",0.0766605456826657,1.07615774896661e-48,4.91335151029589e-48
"HDLBP",0.0766545631634836,1.09451063394653e-48,4.99365703052504e-48
"RGS19",0.0765536238454098,1.45560951651702e-48,6.63652372314383e-48
"MRPS22",0.0765408933603259,1.50886396845193e-48,6.87453144650781e-48
"CFDP1",0.0763792687775742,2.37982746000005e-48,1.08351754411423e-47
"UBE2V2",0.0763143037184298,2.85740252775761e-48,1.30004855438269e-47
"BCAP29",0.0762173236839489,3.75329463536299e-48,1.70647012002804e-47
"TM7SF3",0.0762102100871443,3.82908065940622e-48,1.73971711961069e-47
"MRPL38",0.0761794885936023,4.17426026441474e-48,1.8952301117183e-47
"GTF3A",0.0761510202751024,4.52170039957033e-48,2.05155289468361e-47
"ATP5MG",0.0760924111675242,5.33022105693292e-48,2.41503709426386e-47
"NLN",0.0760895867989422,5.37262689751623e-48,2.43256472686711e-47
"ASAH1",0.0760728012312603,5.63166827919296e-48,2.54632415002514e-47
"SLC15A3",0.0760516154500735,5.97643101957921e-48,2.6984741716857e-47
"ATP5PB",0.0760162380763163,6.59958207372881e-48,2.97778244292885e-47
"LYPLAL1",0.0760123557100272,6.67178855431445e-48,3.00828645297296e-47
"TAF9",0.0759489366878939,7.96902711346877e-48,3.59073048021081e-47
"CD86",0.0758231983153374,1.13292849745419e-47,5.09078111089725e-47
"LAMP1",0.0756596956296236,1.78859234799318e-47,8.03146756262323e-47
"ERGIC2",0.0756055174293363,2.08031117106531e-47,9.32858328972908e-47
"HDDC2",0.0755981802745376,2.12329794793334e-47,9.51481972829897e-47
"LSM1",0.0755680819390476,2.30908590238357e-47,1.0340276458756e-46
"ALG3",0.0754887518967016,2.87996081188242e-47,1.28878739138174e-46
"ILF2",0.0754300682386863,3.39076050459805e-47,1.51633325438181e-46
"RPN2",0.0754214572980119,3.47294189599262e-47,1.55202283773067e-46
"GLOD4",0.0754013486119271,3.67265730198022e-47,1.63903299934107e-46
"FRG1",0.0754002684109997,3.68370338843743e-47,1.64284125195115e-46
"MRPL19",0.0753965361140562,3.72212479330202e-47,1.65884471019827e-46
"AURKAIP1",0.0753632054727714,4.08341528958397e-47,1.81862187760899e-46
"NDUFB1",0.0753323470502789,4.4489356502385e-47,1.98006407632807e-46
"COX7A2L",0.0753101137555561,4.73230234624393e-47,2.10474780542468e-46
"PARP1",0.0753087827539639,4.74982490306621e-47,2.11110504529211e-46
"TMED4",0.0753051126651292,4.79847661326077e-47,2.13127989792791e-46
"ME2",0.0753007290419931,4.85723747359082e-47,2.15591436539965e-46
"SGPL1",0.075248432596828,5.61599585538488e-47,2.48931395949195e-46
"C1orf131",0.0752333675894888,5.8556862345468e-47,2.59379922774167e-46
"CDKN1A",0.0752017636776962,6.39210387866948e-47,2.82949053207455e-46
"PIGF",0.0751556313841865,7.2640715215521e-47,3.21329496670552e-46
"RNF187",0.0751446987084069,7.48749234209389e-47,3.30765033328445e-46
"SH3BGRL",0.0751304305317411,7.78939445496802e-47,3.4386941895058e-46
"CYBA",0.0751224183855116,7.96420420926212e-47,3.5134930580402e-46
"TMEM14B",0.0750895988383919,8.72195563678899e-47,3.84518853360259e-46
"NUDT14",0.0750001299813048,1.11719431571066e-46,4.92197873053657e-46
"SQSTM1",0.0749800444643833,1.18099445807773e-46,5.19955674539542e-46
"MPDU1",0.0747979432694688,1.95264719080788e-46,8.58534454169597e-46
"CLEC11A",0.0747876401847005,2.00892327613717e-46,8.82684165281237e-46
"DERA",0.0747411641516419,2.28351868847596e-46,1.00266253762631e-45
"ITPRIPL2",0.0747212410871109,2.41238101666141e-46,1.05853336153908e-45
"CLNS1A",0.0747107615532143,2.48304099706408e-46,1.08880764847786e-45
"VTI1B",0.0746860079146669,2.65823146987144e-46,1.16484700737396e-45
"RPS12",0.0746723299061586,2.76025649935691e-46,1.20874460768891e-45
"MFAP1",0.0745933330640884,3.4305041353376e-46,1.50024321316637e-45
"RRAGD",0.0745410242288871,3.96110857626607e-46,1.73113154222109e-45
"ARMCX3",0.0743751859577383,6.24516692882129e-46,2.72751512228681e-45
"FAM177A1",0.0743623636159556,6.46864967927011e-46,2.82134967332008e-45
"NECAP2",0.0743353376938681,6.96608895908856e-46,3.0362859743014e-45
"TNS3",0.0742536242535952,8.71366223677692e-46,3.79546460386726e-45
"TXNDC9",0.0742228280537218,9.48003924117477e-46,4.12653106250337e-45
"PSMA4",0.0741980876020785,1.01440101985874e-45,4.41261069050994e-45
"MAN2B1",0.0741636875769028,1.1144781567744e-45,4.84471954055253e-45
"CAPZB",0.074080386460919,1.39939957249364e-45,6.0792520963212e-45
"IFNGR1",0.0740715021870708,1.43377143743972e-45,6.22443403584387e-45
"ATP6V1D",0.0740553121082041,1.49858273708247e-45,6.50148237229275e-45
"PLEKHO2",0.0740256133587995,1.62514215828775e-45,7.045874954168e-45
"NUCB1",0.0739884938162132,1.79837454104242e-45,7.79176457875105e-45
"COMMD3",0.0737844715404784,3.13519011558206e-45,1.35747503150169e-44
"POLR3GL",0.0737734613535104,3.23051174890117e-45,1.39782169518967e-44
"MZT1",0.0737536586220206,3.40926999848672e-45,1.4741936011975e-44
"ARF1",0.0737287017340603,3.64863455355808e-45,1.57665384740005e-44
"APH1B",0.07372704599595,3.66509385887974e-45,1.58272018820051e-44
"ACTR10",0.0737099453891209,3.83946925736446e-45,1.65583443302433e-44
"DDT",0.0737026237842194,3.91662880713565e-45,1.68799730659544e-44
"ARL3",0.0736802332202601,4.16229851591218e-45,1.79269484170183e-44
"SIDT2",0.0736690124808164,4.29111986820882e-45,1.84696127046407e-44
"RSRP1",0.0736403606600755,4.63834287503758e-45,1.99509774453919e-44
"JPT1",0.0736376995720164,4.67197695158726e-45,2.00824361009057e-44
"DNAJB1",0.0735848303093799,5.39285018136032e-45,2.31658702271575e-44
"AC100810.1",0.0735445425014177,6.01555942666965e-45,2.58238526142916e-44
"SIL1",0.073448338979171,7.8071992234006e-45,3.34711269000611e-44
"ETFA",0.0733376310030629,1.05341820447428e-44,4.50736140108171e-44
"SIGLEC9",0.0732699572117744,1.26483905518564e-44,5.40844849104232e-44
"TRAPPC1",0.0732337273289501,1.39486179077006e-44,5.96052705101612e-44
"RPL17",0.0731929619351644,1.55711925381215e-44,6.64953996173994e-44
"ICAM2",0.07315636672133,1.71870381073938e-44,7.33478166750264e-44
"H2AFY",0.0731404892146673,1.79390020253916e-44,7.65069766745012e-44
"VPS25",0.0730788343983087,2.11824376209784e-44,9.02220046683758e-44
"TMSB4X",0.0730540366002949,2.2645863404873e-44,9.63923534772522e-44
"ZCRB1",0.0729371035984001,3.1021691066408e-44,1.31958240853725e-43
"DPM2",0.0729025725629098,3.40396435334946e-44,1.44701683629381e-43
"SLC11A2",0.0728290624231552,4.14719210918851e-44,1.76181559518353e-43
"PLEKHM2",0.0727936596391682,4.56068458806703e-44,1.93496144300988e-43
"SETDB2",0.0727908203638736,4.59557080158178e-44,1.94849817773941e-43
"ARF3",0.0727632069065552,4.94901332247073e-44,2.09699605329317e-43
"IDH1",0.0726524177457851,6.6604445262421e-44,2.81668734233964e-43
"KPNB1",0.0725263515326779,9.33328881762689e-44,3.94447590754005e-43
"SNAPIN",0.0724850191128174,1.04236905186537e-43,4.40246050458385e-43
"SRFBP1",0.072312593728709,1.65162563506083e-43,6.97116100841038e-43
"PDE8A",0.0722873347248243,1.76666416819959e-43,7.4519034397993e-43
"ISCA2",0.0722431493921643,1.98738886198235e-43,8.37213168791277e-43
"LSM8",0.0722208884003995,2.10877482567949e-43,8.87776549278331e-43
"EXOSC8",0.0722194142391037,2.11706875487181e-43,8.90694692364988e-43
"TTC9C",0.0721854035055821,2.31769399968125e-43,9.74474814785596e-43
"PSMA1",0.0721640976385109,2.45289637406042e-43,1.03065787233978e-42
"DESI1",0.0721453681398162,2.57821305291146e-43,1.08261765831311e-42
"PWP1",0.0721166217533248,2.78304828405451e-43,1.16787995386062e-42
"RNF7",0.0720959430317572,2.9403320711662e-43,1.2330911533858e-42
"ILK",0.0720853360342478,3.02440924355701e-43,1.26672566523867e-42
"GLO1",0.0720481074043075,3.33888240979632e-43,1.39754245808248e-42
"CISD1",0.0720215811194804,3.58259742052737e-43,1.49859385383288e-42
"AIP",0.0720093096718909,3.70125292188718e-43,1.5472373147889e-42
"SEC62",0.0720090134230808,3.70416523298944e-43,1.54746532225463e-42
"AIMP1",0.0719919962633302,3.8753374623284e-43,1.61690850853242e-42
"G3BP1",0.0719845890359396,3.95228187296702e-43,1.64796038810321e-42
"AGAP3",0.0719571354894266,4.25095218860156e-43,1.77023728720236e-42
"SLC37A2",0.0719343633952619,4.51565051756917e-43,1.87926945155107e-42
"ETFB",0.071934061364418,4.51926923650205e-43,1.87957902469786e-42
"AP2A2",0.0718947593692971,5.01563023558803e-43,2.08469106676888e-42
"MAGOHB",0.0718610961450684,5.48365276455327e-43,2.27777139610224e-42
"TAX1BP3",0.071829302885052,5.96548142875326e-43,2.47633762420246e-42
"MAFB",0.0718285441756563,5.97748002557668e-43,2.4797439344683e-42
"PITHD1",0.0718022690751099,6.40815426035024e-43,2.65672241941471e-42
"LEPROT",0.0717479035385482,7.39971572293468e-43,3.06586447379892e-42
"NME4",0.0717101566068887,8.17654037314775e-43,3.38557447496137e-42
"TAOK3",0.0716648297921401,9.21721943580306e-43,3.81406206780256e-42
"TP53I13",0.0716488986838969,9.61345116757298e-43,3.97550561249792e-42
"DCTN3",0.0714848506869822,1.48208151576986e-42,6.117328882641e-42
"SIRPA",0.0714281029987752,1.72108565220253e-42,7.09934258302848e-42
"TOMM7",0.0714206214856876,1.75533068109391e-42,7.23603530453469e-42
"MEA1",0.0714108816475702,1.80093012576853e-42,7.41933280546606e-42
"CEPT1",0.0714030151215536,1.83861780472446e-42,7.56982569728498e-42
"DCTN2",0.0713861030493887,1.92231872989229e-42,7.90945239523963e-42
"PGK1",0.0713735519457395,1.98687662343945e-42,8.16993670694786e-42
"ELP5",0.0713592617196713,2.06300885858059e-42,8.47765676769321e-42
"RAB10",0.0713514455289243,2.10587060241847e-42,8.64835552676632e-42
"CUTA",0.0713405715220352,2.16697764238733e-42,8.89372242682259e-42
"RDH11",0.071279902494766,2.5417308819524e-42,1.04187062734826e-41
"LYL1",0.0712474802046515,2.76775032311673e-42,1.13380649201361e-41
"FZD1",0.0711964401976487,3.16471780861973e-42,1.29561208721076e-41
"DNAJC8",0.0711189493078823,3.87818935686272e-42,1.58670851158751e-41
"TADA3",0.0711131696322956,3.93740952749529e-42,1.60993017453184e-41
"HYOU1",0.0710893334030517,4.19129596405501e-42,1.71266831331198e-41
"NDUFA2",0.0710763220088673,4.33668692477283e-42,1.77097183723703e-41
"PURA",0.071055970153866,4.57422357438788e-42,1.86680859733757e-41
"UBAC1",0.0710517147529361,4.62550300416068e-42,1.88655886719916e-41
"MRPL2",0.071022391568702,4.99474729925714e-42,2.03588889292663e-41
"SNRNP25",0.0710021194083402,5.26701631977756e-42,2.14552976315923e-41
"PRKACB",0.0709574151608647,5.92071137292485e-42,2.41031201470627e-41
"PLEKHJ1",0.0709065764782686,6.76264240209736e-42,2.75134760578174e-41
"CPVL",0.0708976742051335,6.92186877600015e-42,2.81437674486872e-41
"SS18L2",0.0706806415970998,1.21964289420641e-41,4.94973633911951e-41
"SRP19",0.0706520342697719,1.31402384572755e-41,5.32945899712578e-41
"FAM32A",0.0706452031557712,1.33761472550685e-41,5.42177624015115e-41
"C12orf10",0.0706408474554722,1.35287633220631e-41,5.48023882277871e-41
"GPS2",0.0706349731304799,1.37373355356854e-41,5.56128171717098e-41
"CCDC88A",0.0706063593851022,1.47999215410548e-41,5.9877405343698e-41
"ANP32B",0.0705781152568692,1.59288896005371e-41,6.4405120722518e-41
"ENDOG",0.0705374284197152,1.77073641387485e-41,7.15517594185031e-41
"SERPINB6",0.0705220037921206,1.84320610491812e-41,7.44341044716163e-41
"SNRNP40",0.0704909739916735,1.99804945004313e-41,8.06373290393951e-41
"DYNLT3",0.0704702282609227,2.10872215201084e-41,8.50513598386604e-41
"WASF2",0.0704019318791599,2.51795722082938e-41,1.0149447786549e-40
"RCN1",0.070390418070727,2.5943406393338e-41,1.04508928527199e-40
"CLPTM1",0.0702229210751024,4.00492072317318e-41,1.61232584286369e-40
"MLX",0.0702046694004622,4.19869579082524e-41,1.68929680494864e-40
"LARP4",0.0701096157067462,5.36905431028836e-41,2.15884852894621e-40
"TRIM13",0.0700411452237927,6.40808154828745e-41,2.57346665618571e-40
"HIKESHI",0.0700287465685098,6.616562992069e-41,2.65556100933991e-40
"MORF4L2",0.0699251218840626,8.64461734288487e-41,3.46526720955127e-40
"OLA1",0.0698825930254795,9.64607007375713e-41,3.86197220711722e-40
"SUPT4H1",0.0698326862867099,1.09692410683916e-40,4.38903905172243e-40
"SELENOH",0.069764019700791,1.30894857650579e-40,5.23099376112153e-40
"PIN1",0.069755093306135,1.33934892811272e-40,5.34921398411787e-40
"RNF5",0.069743406386223,1.38021447354999e-40,5.50906118929784e-40
"CYB561A3",0.0696726391729931,1.65553410874699e-40,6.59992805060233e-40
"TMEM9B",0.0696615526307336,1.70335771302633e-40,6.78644285665211e-40
"RTCA",0.0696502462819083,1.75354442625087e-40,6.98213974350074e-40
"TSPAN31",0.0695440890875036,2.30262394768679e-40,9.15170539208282e-40
"SWAP70",0.0694493239306605,2.9354942020817e-40,1.16528604087493e-39
"BX284668.5",0.0694465939696958,2.95608625074646e-40,1.17274829535075e-39
"DERL1",0.0694445017386284,2.97196508373288e-40,1.17833279062738e-39
"TMEM161B-AS1",0.069440908281666,2.99943553892097e-40,1.18850360930093e-39
"DCTN6",0.0694101721704993,3.24495626621923e-40,1.28501054321874e-39
"OSGEP",0.0693996017642463,3.33392995251913e-40,1.31944515917494e-39
"GGA1",0.0693367571910969,3.91528246806897e-40,1.54764914003839e-39
"ATP5F1D",0.069291372464843,4.39679656166384e-40,1.73693389245669e-39
"FAM49B",0.0692895969323926,4.41678638436043e-40,1.74377713653071e-39
"RAB11A",0.069253308841943,4.84572130901969e-40,1.91196897515816e-39
"NFU1",0.0692107218054245,5.402199655745e-40,2.1302521923559e-39
"CHORDC1",0.0691801952353968,5.83975589226694e-40,2.30140590859803e-39
"VIM",0.0691560961963287,6.20992559723267e-40,2.4458128647414e-39
"HNRNPM",0.0691433351329186,6.41529427460432e-40,2.52517724066003e-39
"MED8",0.0690679020928624,7.77480633260725e-40,3.05846472939748e-39
"PFKL",0.0690586602631486,7.95994716828063e-40,3.12941278329638e-39
"PGRMC1",0.0690071401145018,9.07531403442141e-40,3.56576942049562e-39
"TGIF1",0.0689928310932408,9.41177705731462e-40,3.69574765169508e-39
"TNF",0.0689721722787669,9.91954341016918e-40,3.89279560718404e-39
"ING2",0.0689245980359643,1.11948168099641e-39,4.39062461329007e-39
"ADI1",0.0689105787359149,1.16008118216419e-39,4.54712875838698e-39
"RENBP",0.0688982339811217,1.19704142594761e-39,4.6891892407702e-39
"PSMF1",0.0688687998669029,1.28995924335199e-39,5.05015181618879e-39
"ALG2",0.0688291607415596,1.42651840811479e-39,5.58143468118161e-39
"MRPS14",0.0687914599236413,1.56970672627148e-39,6.1343350725421e-39
"RAPGEF1",0.0687769890211091,1.62838629364163e-39,6.35985041088946e-39
"FCF1",0.0687571310027756,1.71247612870573e-39,6.68427995789734e-39
"RABGGTB",0.0687551157856824,1.72124730810363e-39,6.71450769712502e-39
"DERL2",0.0687479315790302,1.75288140950014e-39,6.83383342594629e-39
"UPF2",0.068716647854832,1.89750924312144e-39,7.3888716090101e-39
"SPI1",0.0687163356449971,1.8990108425343e-39,7.39031719552931e-39
"TPGS2",0.0686716140019303,2.12677432021601e-39,8.27177305506978e-39
"MAF1",0.0686645097079128,2.16537547383931e-39,8.41689943398419e-39
"TMEM218",0.0686338349716536,2.34020317141554e-39,9.09105664570101e-39
"PSAP",0.0685904782722818,2.6114961140562e-39,1.01389320627669e-38
"CNIH1",0.068584058074218,2.65424296028458e-39,1.0298777729579e-38
"DARS",0.0685412903402832,2.95730131508928e-39,1.14678742574459e-38
"EVA1B",0.0685060623487248,3.23258982513475e-39,1.25279622268708e-38
"MEAF6",0.068504595388595,3.24459010760076e-39,1.25670202153399e-38
"TCN2",0.0684814895509148,3.43955403404017e-39,1.33142713289252e-38
"CAMLG",0.0684176202651436,4.04118808913887e-39,1.56338980631893e-38
"RPL35A",0.0683952108082573,4.27618564351786e-39,1.6533235799716e-38
"ITM2B",0.0683936099061,4.29348434970926e-39,1.65903077295503e-38
"POLR1D",0.0683708366146698,4.54723200891477e-39,1.75604269783135e-38
"SAR1B",0.0683416917257526,4.89383456177057e-39,1.88877747136104e-38
"EMC3",0.0682850884281586,5.64376355435036e-39,2.17692779459249e-38
"UGP2",0.0682640323936229,5.95099218688781e-39,2.29407941732739e-38
"MRM2",0.0682287940423437,6.50278852805683e-39,2.50531711234152e-38
"PIK3IP1",0.0682158043046379,6.71878071741367e-39,2.58700755774149e-38
"TIMM50",0.0682147030187155,6.73741749087834e-39,2.59265659537155e-38
"HLA-B",0.0681864027815233,7.23436887481635e-39,2.78225315903231e-38
"FAM136A",0.0681411912071783,8.10495214506045e-39,3.11523675040595e-38
"NUDT1",0.0681207681324042,8.53163272123336e-39,3.27538548041243e-38
"ESYT1",0.0680992648865513,9.00502903946929e-39,3.45509858333628e-38
"CTNNBL1",0.0680841940459549,9.35229166705738e-39,3.58623360230036e-38
"METTL23",0.0680612284337742,9.90723079089678e-39,3.79680392209163e-38
"TTC3",0.0680310893282372,1.06854637620871e-38,4.09265155691419e-38
"CTSA",0.0679915045007506,1.18006236199056e-38,4.51712395942286e-38
"POP5",0.0679811076381805,1.21122259540577e-38,4.6336883140801e-38
"TRNAU1AP",0.0679684244915335,1.25034452046102e-38,4.78055700279188e-38
"GPR108",0.0679673554727367,1.25369881487202e-38,4.79058027564772e-38
"SYS1",0.0679533712032161,1.29841048425814e-38,4.9556379136484e-38
"SMCO4",0.0679137835995667,1.43376330673302e-38,5.4690457989618e-38
"ATP6V1C1",0.0678657292459975,1.61703654508591e-38,6.16453931881731e-38
"PSMB3",0.0677462878744453,2.17977123886013e-38,8.30497923057548e-38
"SLC50A1",0.0677453642106021,2.18480638722522e-38,8.31931517744814e-38
"NFIC",0.0677425292070421,2.20033309880706e-38,8.37356100116445e-38
"MRPL21",0.0677194497096291,2.33088478412593e-38,8.86522671239985e-38
"MARVELD1",0.0676841995620114,2.54528976626201e-38,9.67506075105873e-38
"CXXC5",0.0676281531743712,2.92724461428238e-38,1.11075596565167e-37
"RAB8A",0.0676221589474825,2.97132605576317e-38,1.12682887195937e-37
"MRPS11",0.0675799495930998,3.30098543604045e-38,1.25039645311892e-37
"DNPEP",0.0675754628494509,3.3380974609919e-38,1.26372213086074e-37
"CYP51A1",0.0675464131633224,3.58862296540945e-38,1.35777875855596e-37
"RAB1A",0.0675035689590138,3.99260478334704e-38,1.50975419742758e-37
"UFM1",0.0674218556655708,4.89253146289601e-38,1.84791280788065e-37
"MAP1S",0.0673787821256657,5.44533156162049e-38,2.05433224177004e-37
"MRPL20",0.0673652606178741,5.63134882153373e-38,2.12328480941104e-37
"NDUFB7",0.06733308758495,6.09974346375759e-38,2.29856615366266e-37
"RPS28",0.0673263390165719,6.20280193605132e-38,2.33605524527094e-37
"GIMAP5",0.0673246564101455,6.22876571596376e-38,2.34448303114399e-37
"DNMT1",0.0672556559309623,7.39188323248046e-38,2.77907605370657e-37
"KYNU",0.067241303170582,7.65969896107217e-38,2.87810987399367e-37
"DSE",0.0672355997004901,7.7687813949773e-38,2.91742060656873e-37
"ANTKMT",0.0671991556379307,8.50318648976167e-38,3.19137963662812e-37
"IDH3G",0.067179287764302,8.93220691620454e-38,3.35047440150002e-37
"ALAS1",0.0671122508458401,1.05448744172307e-37,3.95311863187239e-37
"ZMIZ1",0.0671011059279208,1.08397240237107e-37,4.0613246800585e-37
"LRRC59",0.0670989833713431,1.08968003045124e-37,4.08037115640904e-37
"MPLKIP",0.0670812383471501,1.1385808413103e-37,4.2610426677085e-37
"VPS26A",0.0670130718464236,1.34757753407182e-37,5.04031002160273e-37
"ARL8B",0.0669967490231756,1.40303482458042e-37,5.24173810463246e-37
"CUEDC2",0.0669835872620354,1.44939968741613e-37,5.41186473805063e-37
"CSRP1",0.0669536996578215,1.56041746276418e-37,5.82306470979007e-37
"SH2B3",0.0669509292635799,1.57112651828202e-37,5.85968350058635e-37
"CD300C",0.06688479503363,1.84961983122342e-37,6.8944210128499e-37
"GNL3",0.0668548296551613,1.99145836369482e-37,7.41889161358218e-37
"CDC26",0.0668096342605455,2.22608683066768e-37,8.28824356429688e-37
"UFD1",0.0667432010871879,2.6217044621597e-37,9.75566520978946e-37
"TMC6",0.0666203029473284,3.54667624212178e-37,1.31808165696293e-36
"FCGR1A",0.0666201262425904,3.54821614599993e-37,1.31808165696293e-36
"CEBPA",0.0666073399193012,3.66142519197801e-37,1.35936387877071e-36
"CBX5",0.066558811529876,4.1247265557071e-37,1.53050296374648e-36
"USO1",0.0665517027774037,4.19731871433329e-37,1.55655528952417e-36
"NUTM2A-AS1",0.0664498784648036,5.3878031920051e-37,1.99690800846538e-36
"MPG",0.0664150912027094,5.86706851219452e-37,2.17330843811489e-36
"MMADHC",0.0663700304570779,6.55136236057046e-37,2.42541376633124e-36
"GPI",0.0663576238786544,6.75331677679497e-37,2.49876542652436e-36
"EXOSC7",0.0663012515691368,7.75171339644255e-37,2.86655555350347e-36
"ATP6V1H",0.0662830894724903,8.10362434035792e-37,2.99330485521243e-36
"IGFLR1",0.0662798771911597,8.16749798316178e-37,3.01519490761783e-36
"SHARPIN",0.066257902898985,8.61806249834255e-37,3.17973434617176e-36
"SLC66A3",0.0662560412705669,8.65734990855451e-37,3.19242829679241e-36
"GNA12",0.0662382156120238,9.04266771165392e-37,3.33263593567042e-36
"PPP2CB",0.0662283245430707,9.26377544541486e-37,3.41220078096464e-36
"SNAPC2",0.0662210316983358,9.43023536314696e-37,3.47155849123056e-36
"ADH5",0.066212840075232,9.62075694342376e-37,3.53970224513813e-36
"TSG101",0.0661749583344833,1.0552772169079e-36,3.87824757961993e-36
"AP2B1",0.0661725455067691,1.06150868974854e-36,3.89895719863819e-36
"SMIM26",0.0661360400089636,1.16037638238556e-36,4.2597084716658e-36
"CD58",0.0661095351844762,1.23784361980156e-36,4.54153848836287e-36
"MGAT1",0.066057586177567,1.40489514029723e-36,5.15154482740509e-36
"STX7",0.065982119439066,1.68824061569952e-36,6.18359503946412e-36
"ACTR3",0.0659271160479809,1.92988648776815e-36,7.05682206768914e-36
"GMPR2",0.0658472342830635,2.34326298730216e-36,8.55880078825784e-36
"CHMP2A",0.0658339546484208,2.42004534857632e-36,8.83431406420545e-36
"AAMDC",0.0657768388453079,2.77981665638396e-36,1.01363308976231e-35
"SPPL2A",0.0657719100722733,2.81324788104109e-36,1.02525165252211e-35
"MALSU1",0.0656629185029505,3.66368358908759e-36,1.33443806715625e-35
"TMEM107",0.0656417203776871,3.85661471709034e-36,1.40392800781385e-35
"SAMM50",0.0656270408526005,3.9961015031807e-36,1.45389602825795e-35
"MTAP",0.0655701542285808,4.58563958899186e-36,1.66745893397268e-35
"ARPP19",0.0655535312403907,4.77368535326274e-36,1.734872420213e-35
"AAK1",0.0655245511191361,5.12002299099325e-36,1.85970612861744e-35
"SDF4",0.0655204272981363,5.17129446253819e-36,1.87728612970987e-35
"STX12",0.0655117942261397,5.28028733961697e-36,1.91578904697091e-35
"UBE2V1",0.0654840148016875,5.64673190899838e-36,2.04760583588638e-35
"KDM2B",0.0654371625633595,6.32288933464131e-36,2.29152164467211e-35
"DDX1",0.0654327770235512,6.39015584590141e-36,2.31461711470933e-35
"RSL24D1",0.0653513320128693,7.77690480076471e-36,2.81224577363936e-35
"DTD1",0.0653469641880852,7.8591957693118e-36,2.84043239025763e-35
"MARCKS",0.0653140011839857,8.50877542727832e-36,3.07180418241555e-35
"CETN2",0.0653136900513595,8.51515415557285e-36,3.0724104784291e-35
"RCN2",0.065256042503263,9.78288118225671e-36,3.52788070433505e-35
"BAG1",0.0652417480518964,1.01252173719227e-35,3.64932035157832e-35
"SEPHS2",0.0652240710471029,1.05650647545088e-35,3.80575170054979e-35
"CALML4",0.0650983268496606,1.42921590982179e-35,5.14549208062491e-35
"COMMD4",0.0650860388523731,1.47200055474449e-35,5.29660959103989e-35
"HLA-C",0.064997803073817,1.81895633861192e-35,6.53784306863372e-35
"MAP3K13",0.0649726088502557,1.93216426707346e-35,6.93711695668659e-35
"JTB",0.0649636138622003,1.97425589177408e-35,7.08434962701368e-35
"BLOC1S2",0.0649350772210998,2.11391553504821e-35,7.58133832591619e-35
"SYNGR2",0.0648340757021064,2.69182235101536e-35,9.63808024695422e-35
"SUMO3",0.064737789728684,3.38807782100111e-35,1.21243857655748e-34
"DENND4C",0.0646638070637226,4.04220045961257e-35,1.44493748523494e-34
"MRPL44",0.064657470330863,4.10374363874625e-35,1.46613529563514e-34
"UBE2I",0.0646417806970022,4.26015879681369e-35,1.52118613946302e-34
"PPID",0.0646392707401991,4.28572514977388e-35,1.52947985967367e-34
"EXOSC1",0.064620633701155,4.48039056966588e-35,1.59807929866206e-34
"EBAG9",0.0646161756305415,4.52824262487216e-35,1.61426664566054e-34
"BCAS2",0.0645245200597319,5.63270519727603e-35,2.00690063105126e-34
"AHCYL1",0.0644566514130632,6.61939563222461e-35,2.35716822676931e-34
"JPX",0.0644351279280547,6.9668192160641e-35,2.4795353312263e-34
"STT3A",0.0644146756311638,7.31371840749017e-35,2.60016807766018e-34
"DTWD1",0.0643751149672286,8.0341504857213e-35,2.85474325411119e-34
"CLN5",0.0643239362635206,9.07166862325794e-35,3.22164961753723e-34
"TFG",0.0643072429418308,9.43806750981581e-35,3.3499503463179e-34
"TXNDC12",0.0643041699497998,9.50710093668738e-35,3.37262213369843e-34
"B3GAT3",0.0641643881531519,1.32390571033399e-34,4.69143389385562e-34
"BSCL2",0.0641083571442882,1.51152339953338e-34,5.35048185498062e-34
"IFNAR2",0.0640817650543295,1.60958556815912e-34,5.69451863886599e-34
"METRNL",0.0640576816377165,1.70383743198957e-34,6.02471018407128e-34
"SARNP",0.0640474126727591,1.74567430804695e-34,6.16930736541133e-34
"PRXL2C",0.0640184760949921,1.86913465758145e-34,6.60205423623313e-34
"MPHOSPH8",0.064004381966618,1.93237184910446e-34,6.8217317221625e-34
"EML4",0.0639918291030224,1.99048062370061e-34,7.02307734363442e-34
"GOLT1B",0.0639057125769751,2.43872909243905e-34,8.60000582867666e-34
"MPP1",0.063898703043475,2.47935053490163e-34,8.73854113055896e-34
"CHCHD3",0.0638958745598503,2.49593177713063e-34,8.79224243474142e-34
"SIVA1",0.0637622887030723,3.41825400500311e-34,1.20347575038828e-33
"TMEM242",0.0636854279958778,4.09500123563786e-34,1.43786885491946e-33
"RIN2",0.0636667200437175,4.2789233288318e-34,1.50083694870721e-33
"AKT1",0.0636328167071386,4.63338848668315e-34,1.62429458047906e-33
"DRAM1",0.0635926750408423,5.09095399807275e-34,1.78374368914253e-33
"RAB9A",0.0635783405232899,5.26500066866995e-34,1.84373724540783e-33
"RPP30",0.0635711739412226,5.35421914407505e-34,1.87397670042627e-33
"TAGLN",0.0634995132533204,6.33319736463052e-34,2.21424836202964e-33
"UTP18",0.0634476409351663,7.15090200259305e-34,2.49880263457795e-33
"KATNBL1",0.0634425242076848,7.23703382840274e-34,2.52754952831715e-33
"CENPX",0.0634325678619178,7.40759709153054e-34,2.5857378422011e-33
"BBC3",0.0634177149829278,7.66949177832056e-34,2.67572770793275e-33
"ADGRE2",0.0634130715280904,7.75323970753222e-34,2.70350299775177e-33
"DHPS",0.0634126593435959,7.76071748961677e-34,2.70466796093361e-33
"PPIG",0.0633846465953001,8.28606940417531e-34,2.88621852767705e-33
"MRFAP1",0.0633550801459993,8.87890611960073e-34,3.09106965974172e-33
"ST3GAL5",0.063283463185358,1.04953094385021e-33,3.64991133558122e-33
"HERPUD1",0.0632440697807858,1.15057311388996e-33,3.9970494254052e-33
"IER5",0.0631752459411669,1.35081831527068e-33,4.69020188276139e-33
"KRCC1",0.0631403645101688,1.46515931832904e-33,5.0845072310166e-33
"GLS",0.0631253615717503,1.51724830087739e-33,5.26247713057634e-33
"CCDC115",0.0631251135406339,1.51812472184137e-33,5.26272504315953e-33
"LSM10",0.0631036104711887,1.59604898890473e-33,5.52992490167415e-33
"MRPS35",0.063093107619887,1.63554129024538e-33,5.66375474344508e-33
"PKM",0.0630150101844336,1.96128153860754e-33,6.78817294834098e-33
"GADD45B",0.062990455342842,2.07644416106315e-33,7.18295869049252e-33
"CALM2",0.0629599987558406,2.22865664581737e-33,7.70542419373556e-33
"GPAA1",0.0629417913692385,2.32489157662093e-33,8.0339012304163e-33
"ZDHHC4",0.062936772057146,2.35213926626168e-33,8.12376467132533e-33
"WSB1",0.0629257122938536,2.41330245686954e-33,8.33060795301639e-33
"NDUFB9",0.0629110188308853,2.49701063093774e-33,8.61501609766278e-33
"CD2BP2",0.0629024588176435,2.54709953132227e-33,8.77856443636533e-33
"ENOPH1",0.0628278579590686,3.02808660826607e-33,1.04252923880166e-32
"GIMAP6",0.0628013142268985,3.22015073548319e-33,1.10807081624153e-32
"PDCD10",0.062767234971238,3.48457476204923e-33,1.19842976298148e-32
"TBC1D9B",0.06272873769842,3.80929255913774e-33,1.308731200822e-32
"USE1",0.0626793890411065,4.26983735311286e-33,1.46618679698802e-32
"SCP2",0.062647697846304,4.59433111948282e-33,1.57678408709599e-32
"MRPL37",0.0626115939660488,4.99393769695268e-33,1.71123504521366e-32
"TAPBPL",0.0626109906559274,5.00090043279745e-33,1.7127232598025e-32
"TRMT10C",0.0625530763278937,5.7161841434842e-33,1.95667078168061e-32
"POP7",0.062457997971337,7.11712504788137e-33,2.43366964241885e-32
"MARCKSL1",0.0624017036086256,8.10218520870919e-33,2.76761164548279e-32
"ELOB",0.0623430467509138,9.27275261602629e-33,3.16580974431226e-32
"PSMB9",0.0623352757823382,9.43993189514547e-33,3.22120431787375e-32
"JKAMP",0.0623329807656316,9.48987539020897e-33,3.23655739703632e-32
"MED31",0.0622833129668482,1.06373848034779e-32,3.62602825052859e-32
"CCDC66",0.0622744884245371,1.08552217807925e-32,3.69835539358109e-32
"CAMK1D",0.0622569790023822,1.13006482361816e-32,3.84810615459143e-32
"HSPA4",0.0622442587877672,1.16355786867803e-32,3.96009440157051e-32
"FAM133B",0.0621845741651863,1.33435454394779e-32,4.53666667099876e-32
"UBE2L6",0.0621821346444001,1.34184181756345e-32,4.55975145698017e-32
"KRT10",0.0621703947753879,1.37846089218869e-32,4.68175444837905e-32
"ADSL",0.0621660492800503,1.39226558085374e-32,4.72618502991785e-32
"TNIP2",0.0621611093563393,1.40812543909856e-32,4.7775423564226e-32
"ST3GAL6",0.0621384681204748,1.48314253269056e-32,5.02945325660317e-32
"NARS",0.0621158854019919,1.56191732975604e-32,5.2938390367781e-32
"RAB30-DT",0.0620964497621146,1.6330316683808e-32,5.53200054293972e-32
"GSS",0.0620800937640183,1.69536247592338e-32,5.73720490040739e-32
"ZBTB8OS",0.0620315468966512,1.89462401667098e-32,6.40820063165799e-32
"KLHL6",0.0620132555829218,1.97558951009613e-32,6.67859576887719e-32
"PNO1",0.0620108881920321,1.98631666892813e-32,6.71138934441969e-32
"GLB1",0.0620102233096676,1.98933978372073e-32,6.71813197622219e-32
"ABHD16A",0.0619399983420559,2.3357663972187e-32,7.87989716461088e-32
"PABPN1",0.0619046122681999,2.53239529724848e-32,8.53443322340749e-32
"RNASEH1",0.0618848883704539,2.64903961968822e-32,8.91834244774539e-32
"STARD3NL",0.0618414077403806,2.92535912002006e-32,9.84353984904329e-32
"ZNF428",0.0617525271741881,3.58235897754126e-32,1.20480776724099e-31
"ETHE1",0.0616835664370738,4.19133289752949e-32,1.40816723967358e-31
"MAML2",0.0616589448654584,4.43279579084115e-32,1.48776277620736e-31
"C1GALT1C1",0.0616423950207335,4.6028114211234e-32,1.54403186615212e-31
"DUT",0.0616006207907671,5.06130040934131e-32,1.69696318339864e-31
"PLRG1",0.0615715121123026,5.40731128124581e-32,1.81204516436623e-31
"PYM1",0.0615345279466353,5.88100161752195e-32,1.96977400488517e-31
"ZNHIT3",0.0615302663614201,5.93816458882684e-32,1.987901693894e-31
"SMIM19",0.0615216949995378,6.05481286268021e-32,2.02591435497457e-31
"YIPF3",0.0614522758067627,7.08731482474424e-32,2.37017208819324e-31
"THOC7",0.0614475230574364,7.16408267895112e-32,2.39462027377211e-31
"ELAVL1",0.0614408138280503,7.27385947812274e-32,2.43007119407085e-31
"PNKD",0.0613626909882872,8.68187242166811e-32,2.89898273201563e-31
"WDR46",0.0613041747724526,9.91086276104841e-32,3.30598064957829e-31
"MITD1",0.0612945557928966,1.0128796851854e-31,3.37695429971552e-31
"GAA",0.0612322904536647,1.16592451401205e-31,3.88324731156942e-31
"G6PC3",0.0612238197509545,1.18844624691273e-31,3.95422980270505e-31
"NOP58",0.0611630630668085,1.36315023469632e-31,4.53089793311872e-31
"PIGT",0.0611606687636281,1.3705340455791e-31,4.55312580792486e-31
"ATAD1",0.0610088426154067,1.9296271135286e-31,6.40401120215735e-31
"TAF10",0.0609274841389818,2.3170922660159e-31,7.68602193567325e-31
"SURF4",0.0608857808119834,2.54470697209904e-31,8.43676175638111e-31
"BLOC1S1",0.0608815312342604,2.56911177239658e-31,8.51335669940642e-31
"PUF60",0.0608435313909175,2.79793032434895e-31,9.26690398206356e-31
"SLC39A6",0.0608064557946166,3.04065682256488e-31,1.00657287624958e-30
"DPH3",0.0607975332989027,3.10212430707714e-31,1.02640125099546e-30
"RPL26L1",0.0607548640775611,3.41356062353286e-31,1.12887503068578e-30
"RNFT1",0.0607541307429748,3.41917586242949e-31,1.13016035331466e-30
"MRPS5",0.0606883980622683,3.96159484236905e-31,1.30746628366526e-30
"C20orf194",0.060684917325927,3.99258716359896e-31,1.31703001390565e-30
"PCNA",0.0606680239823511,4.14645737223901e-31,1.36640818042836e-30
"CCNQ",0.0606538888946368,4.27971734622422e-31,1.40961168814176e-30
"HEBP1",0.0606478665507152,4.33777711524669e-31,1.42801544710387e-30
"NAGA",0.0605374917186653,5.55163059822245e-31,1.82635020969249e-30
"LSM12",0.0605373525732158,5.55335609799429e-31,1.82635020969249e-30
"ETNK1",0.0604891648148164,6.18409200594308e-31,2.03173836858572e-30
"TMEM60",0.0604528505937533,6.70594474723502e-31,2.20208271006643e-30
"FMC1",0.0604289443736448,7.0731149555946e-31,2.32148722789545e-30
"EEF2",0.0604089958693651,7.39472211082755e-31,2.42582504568944e-30
"RRP7A",0.060373396848768,8.0051181790093e-31,2.62474737484267e-30
"ATP10D",0.0602812914768229,9.82643694602971e-31,3.22031302020763e-30
"TM9SF1",0.0601671450510536,1.26631532821635e-30,4.14580351320905e-30
"CBWD1",0.060150592036397,1.31370398867497e-30,4.29664666230963e-30
"CREB3",0.0600818156993715,1.5301894608919e-30,5.00218934765561e-30
"MGAT2",0.060041734981884,1.67231316726573e-30,5.4640597139347e-30
"LCMT1",0.060000055210377,1.83401039119763e-30,5.9893905782468e-30
"SCCPDH",0.0599986155915066,1.8398643550815e-30,6.00550831428998e-30
"SLC5A3",0.0599360627496323,2.11295727527434e-30,6.89347039208764e-30
"TMEM243",0.0599342753400778,2.12132525540994e-30,6.91731896252877e-30
"KXD1",0.0599079361346553,2.24851789308406e-30,7.32841973329192e-30
"RPL32",0.0598957508451164,2.30989420046776e-30,7.52470766450334e-30
"FTX",0.0598592865873982,2.50367108866826e-30,8.14783552897616e-30
"EMC10",0.0597973408466533,2.87052865413976e-30,9.32315764568591e-30
"ST6GAL1",0.0597203392079412,3.40169089103457e-30,1.10428277286912e-29
"LARP7",0.0597114220378854,3.46918449466195e-30,1.12563415514143e-29
"SNAP29",0.0596288596030106,4.16072156825042e-30,1.34867613352609e-29
"XBP1",0.0596176556125302,4.26454682123207e-30,1.38164554594724e-29
"ZNF503",0.0595990761076436,4.44241623571589e-30,1.43855955171424e-29
"URM1",0.0595952376734089,4.48007076899673e-30,1.45003478651983e-29
"BUD31",0.0595433550739589,5.02121386505548e-30,1.62357548218263e-29
"SLC39A3",0.0594928617199247,5.61003259157152e-30,1.81217357132879e-29
"SHMT2",0.0594427384105562,6.26223034349381e-30,2.0198550560317e-29
"NUCB2",0.0593855720035848,7.09831824306742e-30,2.28840259729659e-29
"ORAI3",0.0593767685004748,7.23656391436164e-30,2.33182133425808e-29
"NSL1",0.059358771278083,7.52755172226092e-30,2.4243907960661e-29
"RASA1",0.0592930366945015,8.69251514969658e-30,2.79821093297471e-29
"CERS2",0.0592639533440156,9.26343636584317e-30,2.980528885821e-29
"DKC1",0.0592593328389537,9.35750277773072e-30,3.00931397741286e-29
"SUCLA2",0.0592508127848216,9.53345029311565e-30,3.06439026629253e-29
"GALK1",0.0591227931996078,1.26087210615198e-29,4.05090016217281e-29
"MRPL16",0.0590846354696294,1.37028708443961e-29,4.39810356311547e-29
"RAB14",0.0590670182380936,1.42393332545196e-29,4.56804518243618e-29
"TMEM199",0.0590455073749271,1.49226902518923e-29,4.78492147458911e-29
"LAPTM5",0.0590209890725168,1.5741343964055e-29,5.04494641357801e-29
"SLC25A13",0.0589713938564322,1.75359953194139e-29,5.61461005868402e-29
"NTPCR",0.0589509822947809,1.83322887141368e-29,5.86669131732874e-29
"GK",0.0589079502446777,2.01305052644959e-29,6.43900408117781e-29
"GARS",0.0588789473633047,2.14401291101916e-29,6.85455081283289e-29
"DAP3",0.058861300198763,2.22779962944118e-29,7.11894133787217e-29
"RPL13",0.0588606718754387,2.23084199024886e-29,7.12518071922182e-29
"GTPBP6",0.0588043995368601,2.52071520856173e-29,8.04316058251663e-29
"COX4I1",0.0587716850764574,2.70610511564377e-29,8.63049524198974e-29
"PDHB",0.0586698498523938,3.37424475598933e-29,1.07561249218226e-28
"ANKRD40",0.0586667200620915,3.39718546159553e-29,1.08239759005417e-28
"RWDD4",0.0586549016245672,3.48521619358571e-29,1.10990469915555e-28
"C11orf54",0.0586292247136336,3.68434962927728e-29,1.17274965317502e-28
"TXNDC15",0.0585425131073584,4.44400779937382e-29,1.41317718834173e-28
"VEZT",0.0585272120964837,4.59334017234143e-29,1.45995420742675e-28
"BZW2",0.05852584966142,4.60687599342553e-29,1.46354495845559e-28
"C1orf162",0.0585191441032989,4.67407474491277e-29,1.48417196125496e-28
"C12orf57",0.058484511072774,5.03693719455384e-29,1.5986162804851e-28
"APMAP",0.0583701951974284,6.44481376594155e-29,2.04346228912347e-28
"ATP6V1B2",0.0582496052478123,8.35418585372389e-29,2.64758444554759e-28
"VPS26C",0.0582345694961456,8.62857641142752e-29,2.73321863265083e-28
"CIITA",0.0582339998148686,8.63914660086112e-29,2.73524166956077e-28
"FADS1",0.058198334416703,9.32712446829771e-29,2.95163309650196e-28
"DPM1",0.0581678803552191,9.95740947221696e-29,3.14956667292475e-28
"P2RX7",0.0581658389834727,1.00011382591601e-28,3.16186856568611e-28
"EMP3",0.0581205042255752,1.10228932680088e-28,3.48153025054308e-28
"SKIL",0.0580905411458751,1.17543717912799e-28,3.70898082873495e-28
"C15orf61",0.058064672504726,1.24244945757133e-28,3.91854054684097e-28
"IL2RG",0.0580483872093241,1.28656614750626e-28,4.05376842043178e-28
"ANAPC13",0.0580139281065992,1.38510360984543e-28,4.36214229343421e-28
"PAK1IP1",0.058010229191731,1.39611589559283e-28,4.39470665642076e-28
"POLE3",0.0580011291999687,1.42357915396882e-28,4.47899928231383e-28
"IVD",0.0579994042609245,1.42884502063828e-28,4.49340487971768e-28
"HEXIM1",0.0579976650388265,1.43417405378576e-28,4.50799517483236e-28
"TCF4",0.0579134630712208,1.71718206515566e-28,5.39497181258418e-28
"GFER",0.0578936822714979,1.79132432286792e-28,5.62250524383603e-28
"CDC37",0.0578561360948718,1.94089679247862e-28,6.08905145356295e-28
"FNTA",0.0578476927524436,1.97620270663475e-28,6.19684090934197e-28
"CCDC32",0.0578422464850562,1.99931356903086e-28,6.26630494454639e-28
"CLTB",0.0578068485185523,2.1561954051023e-28,6.75477027242877e-28
"HDDC3",0.0578052769255634,2.1634368534484e-28,6.77420984092226e-28
"PSMD11",0.0576855019192942,2.79255900403042e-28,8.7399477110344e-28
"ACAA1",0.0576764953624363,2.8466180225012e-28,8.90487494311618e-28
"MCFD2",0.0576683253151196,2.89655339193117e-28,9.05675087347967e-28
"FBXO22",0.0576050457178055,3.31391162941196e-28,1.03567658858009e-27
"RAB2A",0.0575256717665703,3.92264308366771e-28,1.22474882908403e-27
"BAK1",0.0575196144912383,3.97341289564962e-28,1.24000828218412e-27
"TSFM",0.0574324066615895,4.78086087937273e-28,1.49128189071274e-27
"ZNF22",0.0574069567100895,5.04579672746013e-28,1.57317210320144e-27
"BUB3",0.057376975823449,5.3766329154522e-28,1.67552078175531e-27
"MED19",0.0573312916018942,5.9225633421427e-28,1.84476984901996e-27
"UBASH3B",0.0573189754875102,6.07892434452258e-28,1.89257177926136e-27
"PPA2",0.0573127409869597,6.15962927685496e-28,1.91678516002274e-27
"SNHG16",0.0573026595358248,6.29238695443367e-28,1.95716583768255e-27
"WDR81",0.0572964639263303,6.37537778085836e-28,1.98203613558022e-27
"C12orf49",0.0572644939718099,6.82118440988112e-28,2.11962469923017e-27
"PPIH",0.0572463720057902,7.08747658688151e-28,2.20132645724614e-27
"ATP13A2",0.0572035916730269,7.75771065003186e-28,2.40835290740305e-27
"PDCD2",0.057171145208153,8.30762709948683e-28,2.57784840894375e-27
"RAB18",0.0571482114901231,8.71946963634215e-28,2.70435922592054e-27
"ZSWIM7",0.0570975015785246,9.70339042035931e-28,3.00667140134167e-27
"DGCR6L",0.0570970880504759,9.71185058614162e-28,3.00786732033131e-27
"TNFAIP8L2",0.0570827205770292,1.00103741388058e-27,3.09738883670196e-27
"FBL",0.0570509470663644,1.07032589421098e-27,3.3102131960035e-27
"RECQL",0.057038813990831,1.09802159048216e-27,3.39426248632264e-27
"POLR2J",0.0569970838399185,1.19881546601419e-27,3.70409050888507e-27
"RPE",0.0569939703558422,1.20669346513178e-27,3.72667070147924e-27
"TMEM19",0.0569659206047757,1.28002242343483e-27,3.94940377745019e-27
"WBP4",0.0569591117653787,1.29847885398776e-27,4.00445978649621e-27
"YIPF5",0.0568218678120936,1.73220182019926e-27,5.33952640285845e-27
"ABL2",0.056729892470036,2.1004422721063e-27,6.46853112342486e-27
"ARSA",0.0566223040112634,2.63064985308821e-27,8.08992885206524e-27
"LASP1",0.0566127931037919,2.68346287017956e-27,8.24846273870897e-27
"POP4",0.0565525455135906,3.04330703471528e-27,9.35016042902656e-27
"MTG1",0.0564988003794916,3.40446598637095e-27,1.0454860788583e-26
"EPRS",0.0564866415666393,3.49189212888689e-27,1.07183055111092e-26
"EIF4EBP3",0.0563968726138022,4.21006572225141e-27,1.28985050103466e-26
"LAMP2",0.0563600402915259,4.54548111063784e-27,1.3913087781531e-26
"PIAS2",0.056354434927253,4.59879861291061e-27,1.40696983299998e-26
"RPL11",0.0563466007865617,4.67435642815793e-27,1.42941732120189e-26
"VPS35",0.0563056082037917,5.09024883851186e-27,1.55369033175493e-26
"SNAPC5",0.0562615363810162,5.57836693322082e-27,1.70188348153979e-26
"ZBTB20",0.0562267453120437,5.99623874336943e-27,1.82766475077619e-26
"CYTH2",0.0561746042168971,6.68128006308787e-27,2.03551766320916e-26
"PSMD4",0.0561642239646531,6.8266472209952e-27,2.07883649421829e-26
"MRPL42",0.0561578325049396,6.91770989599601e-27,2.10460620288608e-26
"PPM1G",0.0560909938266421,7.94520692644177e-27,2.41495875802307e-26
"DENND2D",0.0560665777819188,8.35713878411902e-27,2.53898575142055e-26
"DENR",0.0560575780712054,8.51425876409536e-27,2.58551898744336e-26
"CMTM3",0.0560289079763721,9.03457827250743e-27,2.73970652809154e-26
"ABCF1",0.055988529893934,9.82125136937153e-27,2.97688184761016e-26
"THUMPD3-AS1",0.0559484662460459,1.0668855819403e-26,3.23229746743545e-26
"TSR3",0.0559420407010047,1.08113872648058e-26,3.27396247972673e-26
"MAPKAPK3",0.0559106992391547,1.15341252606844e-26,3.49120884047937e-26
"NELFCD",0.0558503204407119,1.30641498586706e-26,3.94990016461801e-26
"COA3",0.0558481655421363,1.31223243995093e-26,3.96459135508279e-26
"WBP2",0.0558320853800795,1.35646164228235e-26,4.09632619734043e-26
"VPS72",0.0557874100499612,1.48725112982432e-26,4.4892187842989e-26
"CSNK1E",0.0557195949194658,1.71004193682904e-26,5.15694381134144e-26
"SGTA",0.0557128949970868,1.73377249888098e-26,5.22609709436785e-26
"JAGN1",0.0557100196991837,1.74405640869287e-26,5.25467317973917e-26
"ARHGAP31",0.0556885633898289,1.82273135840792e-26,5.48918361182448e-26
"UROD",0.0556625499666372,1.92284759512425e-26,5.78801914222945e-26
"CCDC50",0.0556390113139807,2.0181274144812e-26,6.06923506710125e-26
"SLC31A1",0.0556320541205377,2.0471744650811e-26,6.15375938055183e-26
"ACTL6A",0.0556205972645293,2.09591396533148e-26,6.29448116919488e-26
"REEP3",0.0556024808406308,2.17534226477222e-26,6.53002191326023e-26
"EIF3G",0.0555960822580105,2.20410294595424e-26,6.61028672506827e-26
"ZMAT5",0.055506120411715,2.65071649950007e-26,7.93879270441204e-26
"CSE1L",0.0554764884678763,2.81662570125922e-26,8.43182181082088e-26
"HMG20B",0.0554762552381108,2.81797155749247e-26,8.43198995097748e-26
"LMO4",0.0554035709025441,3.27001916346986e-26,9.78013965725799e-26
"COMMD10",0.0553475578842265,3.66679509469609e-26,1.09618227385108e-25
"PCBP2",0.0553196014546604,3.88232359816413e-26,1.16008371502729e-25
"ARMC10",0.0552995391605779,4.04468682284018e-26,1.20804762209818e-25
"CAMK2D",0.0552712320710798,4.28528280432237e-26,1.27873934160929e-25
"ELL2",0.0552709040684788,4.28815220656904e-26,1.27901182146662e-25
"VARS",0.0551441653427355,5.55225228325402e-26,1.65303394480486e-25
"PSMG3",0.0551119187179329,5.92892245218682e-26,1.76437391863439e-25
"C11orf58",0.0550227613378625,7.10733252244097e-26,2.11409190317193e-25
"NAA38",0.0550052999549569,7.3639568630352e-26,2.18942928469869e-25
"CZIB",0.0549967425365407,7.49305478742789e-26,2.2267996454638e-25
"APH1A",0.0549945726476323,7.5261448562588e-26,2.23561722263608e-25
"TYW3",0.0549687670689202,7.93095094877349e-26,2.35479370132067e-25
"GART",0.0549545770429702,8.16266667475594e-26,2.42249272444641e-25
"MED21",0.0549494505698044,8.24801886887776e-26,2.4467126753504e-25
"ATL3",0.0549393587144903,8.4186341683862e-26,2.4961918454834e-25
"OSTF1",0.0549317614959277,8.54937811998758e-26,2.53380934489931e-25
"PPCS",0.0548601324159319,9.88535545772234e-26,2.92445493133885e-25
"MGMT",0.0547977398050767,1.12163760262719e-25,3.31671942377954e-25
"MFSD1",0.0547955713765351,1.12656977699215e-25,3.32979801174263e-25
"LARP1",0.0547720059950479,1.1815760596935e-25,3.49080175249711e-25
"TSR2",0.0547547696336671,1.22348676431238e-25,3.61298846660992e-25
"SMIM15",0.0547083943269442,1.34370630537582e-25,3.96620849866686e-25
"DHRSX",0.0547052951020429,1.35214550231299e-25,3.98931737099382e-25
"C19orf25",0.054684920416513,1.40894861923739e-25,4.15503205799463e-25
"FBXL15",0.0546395761303056,1.54399339618064e-25,4.54917928086029e-25
"FUS",0.0545934532727826,1.69451261156473e-25,4.99041597045506e-25
"NSRP1",0.0545927382585652,1.69695695641013e-25,4.99536451193582e-25
"GBGT1",0.0545744836804964,1.76055919322773e-25,5.18025922831813e-25
"EIF3M",0.0545621005744836,1.80504329908417e-25,5.30875982429704e-25
"PPP1R11",0.0545311616076238,1.92111353665587e-25,5.64505182141845e-25
"B3GNT2",0.0544737721946276,2.15633939120159e-25,6.32771406628186e-25
"COPS8",0.0544349056679715,2.33163570900434e-25,6.83597949124233e-25
"UBA52",0.0544178432770181,2.41298351676259e-25,7.07130714145847e-25
"TBC1D2",0.0544084587376573,2.45891828078668e-25,7.2015713619005e-25
"GCC2",0.0544083132203674,2.45963732810092e-25,7.2015713619005e-25
"KCNK6",0.0543581766914905,2.72019898857426e-25,7.96090464964124e-25
"ATXN10",0.0543486124381602,2.77292543079889e-25,8.11158231166135e-25
"LINC00963",0.0543184039089108,2.94620234069835e-25,8.61076035023953e-25
"LENG1",0.0543082895431161,3.00658315637703e-25,8.78330682591286e-25
"DOP1B",0.0542913792181879,3.11028528777031e-25,9.0781451836796e-25
"HINT2",0.0542315262429351,3.50662303746959e-25,1.02212667940152e-24
"OGFOD3",0.0542250724194312,3.55224020347205e-25,1.03496196302586e-24
"SIRT2",0.0541905315565777,3.8065644238771e-25,1.10856651239681e-24
"CCDC91",0.0541672346346913,3.98820568711209e-25,1.16094785317626e-24
"RAD50",0.0541514605380333,4.11604304192441e-25,1.19762747699607e-24
"SUGT1",0.0541389919117781,4.21995810926973e-25,1.22731699814971e-24
"CPNE1",0.0541364456829687,4.24149617270573e-25,1.23303254678302e-24
"GTF2H3",0.0541341838532958,4.26071989084783e-25,1.23807051761614e-24
"KRAS",0.0541294787174286,4.30098675359788e-25,1.24921596601612e-24
"ATP2A2",0.0540935501401682,4.6211563565573e-25,1.3410173217564e-24
"UBE2B",0.0540815834139789,4.73295191512016e-25,1.37285002755349e-24
"PRELID3B",0.0540351262165321,5.19294052397472e-25,1.50560732353644e-24
"ZCCHC17",0.05398316596698,5.76004100689786e-25,1.66928847974726e-24
"MAPRE1",0.053981581345326,5.77826735268507e-25,1.67382861993155e-24
"PDCD7",0.0539071418319838,6.70203709351971e-25,1.9405632647224e-24
"RSL1D1",0.0539044849671592,6.73758211468414e-25,1.94999167179305e-24
"PTGIR",0.0538938273581579,6.88205266909557e-25,1.99092302436048e-24
"SLC39A11",0.0538830594905134,7.03113453748519e-25,2.03315159690748e-24
"COMMD5",0.0538743345787367,7.15427464247161e-25,2.06784472203711e-24
"GHDC",0.0538679040466882,7.24639825222019e-25,2.09354625598832e-24
"RILP",0.0538265437874699,7.86766269840941e-25,2.27102775815456e-24
"DGUOK",0.0538010930656707,8.27588540341838e-25,2.3878084186915e-24
"ZC3H13",0.0537524789122584,9.11484017893749e-25,2.62870864975268e-24
"TIMM9",0.0537450136811972,9.25092698822103e-25,2.66677957006125e-24
"SKA2",0.0537315384896372,9.50168739795725e-25,2.73785950673621e-24
"MRPS31",0.0537272955599968,9.5820295759931e-25,2.75979336422215e-24
"RFK",0.0536870953533223,1.03774321454105e-24,2.98756721121505e-24
"PRKAG1",0.0536323279244679,1.15672662389994e-24,3.32864377951489e-24
"NAGPA",0.0535707944449567,1.30658818421767e-24,3.75658467388528e-24
"PITPNB",0.053511404214476,1.46942363630576e-24,4.22104206246356e-24
"TARS",0.0534734554904316,1.58383765195544e-24,4.54770775954532e-24
"UTP6",0.0534060116195638,1.80937119552219e-24,5.19300653043199e-24
"LRRC41",0.0534052066425992,1.81224667916991e-24,5.19897709013289e-24
"ZNF562",0.0533389959982445,2.06493410665531e-24,5.91609955710447e-24
"RPA2",0.0532927766393725,2.26171351934743e-24,6.47420446124935e-24
"COMMD7",0.0532884836733433,2.28090737098464e-24,6.52628988686985e-24
"MKNK1",0.053268367619732,2.37301763242451e-24,6.78687195135235e-24
"SLC30A1",0.0532630301913164,2.39806981601025e-24,6.8555227184412e-24
"BCL7C",0.0532404000006977,2.50723137919206e-24,7.16445749875774e-24
"UNC93B1",0.0531949898445004,2.74134112913542e-24,7.83000799575684e-24
"RHOG",0.0530521023763409,3.62860267014135e-24,1.03597398503861e-23
"NUBP2",0.0529997735232376,4.02027698129439e-24,1.14729685306428e-23
"CLPTM1L",0.0529923870156628,4.07883598367049e-24,1.16350042151997e-23
"PHAX",0.0529666199273927,4.28980505626965e-24,1.22314633484043e-23
"TNPO1",0.0529120856592107,4.77260520478854e-24,1.36021328809536e-23
"ABR",0.0529071368438322,4.81899405294932e-24,1.37283586571602e-23
"MED11",0.0529056976225105,4.83256855015109e-24,1.37610336153693e-23
"C17orf49",0.0528894468177207,4.98849655699303e-24,1.41926851564928e-23
"ORAI1",0.052874675924619,5.13454232891292e-24,1.46018432998837e-23
"PLAUR",0.0528506935387652,5.38073674761296e-24,1.52886818148168e-23
"CEBPZOS",0.0528318374995291,5.58248526092425e-24,1.58550341598274e-23
"ARPC1A",0.0528254234794162,5.6528049822962e-24,1.6047780709619e-23
"SYNJ2BP",0.052815778882597,5.76019755009278e-24,1.63455605826851e-23
"NSMCE1",0.0528017505896705,5.9200192058316e-24,1.67917941725497e-23
"POLR2G",0.0527618701087813,6.39875660502414e-24,1.81418346416513e-23
"CTDNEP1",0.0526771980954867,7.54598508426129e-24,2.13851974342871e-23
"CEBPB",0.0526378455738256,8.14636535867974e-24,2.30766623548735e-23
"NFKBIE",0.0526026275215031,8.72364390793121e-24,2.46905557879023e-23
"RSU1",0.0525789331086002,9.13464553519523e-24,2.58314500471914e-23
"INSIG1",0.0525154702641932,1.03323474652729e-23,2.92057448024013e-23
"ELOF1",0.0525144908971465,1.03519993213883e-23,2.92424267540805e-23
"NFYB",0.0525143778494744,1.03542701033491e-23,2.92424267540805e-23
"CMTR2",0.0524875876503877,1.09065515588566e-23,3.07888748237497e-23
"SDF2",0.0524411953509823,1.19327705714185e-23,3.36713223978999e-23
"MAP2K2",0.052421951179946,1.2386008308418e-23,3.49351692495414e-23
"NXT1",0.0524186968284515,1.24643221703967e-23,3.51408962268451e-23
"MRPS2",0.0524133223649719,1.2594730108177e-23,3.5477960123766e-23
"ZC3H15",0.0523877655707066,1.32335750488946e-23,3.72614615287136e-23
"TIMM17B",0.0522480408066988,1.7337078258889e-23,4.87316498953638e-23
"LACTB",0.0522432228765676,1.74990730207547e-23,4.91658527759752e-23
"CAPZA1",0.0522165894451926,1.84219955854402e-23,5.173668691478e-23
"SDHA",0.0521911225899779,1.93495153004633e-23,5.4318218563516e-23
"HCFC1R1",0.0521582831875947,2.06140957759025e-23,5.78185148789578e-23
"MAD1L1",0.0521325986388828,2.1659893717485e-23,6.07257226093127e-23
"CEBPG",0.0521162380222928,2.23532632793249e-23,6.26427926790512e-23
"LYRM2",0.0520724379630642,2.43195781891157e-23,6.8094818929524e-23
"ALDH3A2",0.0520077977342443,2.75383065559157e-23,7.70412701166353e-23
"RPL9",0.0519624329359604,3.00456763031708e-23,8.39840238008254e-23
"SLBP",0.0519609534800119,3.01311456518643e-23,8.41869360136278e-23
"STMP1",0.0519233177091736,3.23882141432099e-23,9.04545681624545e-23
"TM2D1",0.0519157216911767,3.28636621082421e-23,9.17432206932907e-23
"RPAIN",0.0518930210348063,3.43261076419827e-23,9.57849303300397e-23
"SMARCB1",0.0518760419131612,3.54619046397048e-23,9.89120872586988e-23
"CHD9",0.0518475819788683,3.74497315578457e-23,1.04412087388143e-22
"NQO2",0.0518463913474223,3.75352548718552e-23,1.04605923423781e-22
"FLCN",0.0517741063365568,4.31064051719504e-23,1.20080816793443e-22
"KCNAB2",0.0517532372397303,4.486197046982e-23,1.24918042134448e-22
"DHRS4L2",0.0517065412216943,4.905068372425e-23,1.36473167222089e-22
"INTS6",0.0517065109126018,4.90535244680192e-23,1.36473167222089e-22
"LY86",0.0516738304878245,5.22132527013296e-23,1.45202146389321e-22
"WSB2",0.0516573105131097,5.3886342874352e-23,1.49791203109062e-22
"OXA1L",0.0516481088864223,5.4841156270808e-23,1.52251159107661e-22
"MPZL1",0.0516244884765724,5.73695090457662e-23,1.59202822640586e-22
"IRF9",0.0516075367735438,5.92548335057396e-23,1.64364913644686e-22
"TGFBR1",0.051598748852753,6.02562129154558e-23,1.67071721815628e-22
"ZNF622",0.0515852672250028,6.18250933370238e-23,1.71276466202314e-22
"RRP36",0.051580068355531,6.24408401753269e-23,1.72909027135234e-22
"MAT2A",0.05157636908644,6.28826694546253e-23,1.74058803088205e-22
"ACTR1A",0.0515648432801617,6.42792160980972e-23,1.77849138742852e-22
"LILRB1",0.0515407040383001,6.73043551487754e-23,1.86061680322492e-22
"TSTA3",0.0515354908628123,6.79759510697961e-23,1.87838870707661e-22
"ZCCHC10",0.0515342994273649,6.81303686412283e-23,1.88186037252366e-22
"LONP1",0.0515122726095635,7.10485564483916e-23,1.96163624180568e-22
"CWC15",0.0515024141525164,7.23944001058192e-23,1.99795098308082e-22
"XRCC6",0.051471740789257,7.67453313952914e-23,2.11624199351504e-22
"PAIP1",0.0514203659905708,8.46198572727595e-23,2.33043229506867e-22
"ATP13A3",0.0513986143223564,8.81901587574367e-23,2.42773582297314e-22
"POLR2C",0.0513648621423681,9.40275371499743e-23,2.58734022679517e-22
"SNHG3",0.0513626225016034,9.44281372883372e-23,2.59727034745961e-22
"DNAJB6",0.0513409418719061,9.83945066477038e-23,2.70522827780777e-22
"ZNRD1",0.0513355009024393,9.94155218126244e-23,2.7310028639115e-22
"SDAD1",0.0513349507881981,9.95193344476017e-23,2.73270646206812e-22
"SLC35D2",0.0513134904779799,1.03653971570085e-22,2.84504477802358e-22
"LARS",0.0513101344928222,1.04315745880747e-22,2.86200732928378e-22
"DPYSL2",0.0512975278922176,1.06839246008532e-22,2.93001254364003e-22
"RPL39",0.0512814922544572,1.1013662925704e-22,3.01917518692883e-22
"KCTD5",0.051232560562464,1.20833823799706e-22,3.30964197738783e-22
"PQBP1",0.0512177103754815,1.2427920605359e-22,3.40258563307526e-22
"BCCIP",0.0512156380984094,1.24767661946877e-22,3.41452898203718e-22
"THOC1",0.051193858316779,1.30017717394723e-22,3.55523143591257e-22
"VBP1",0.0510741468556494,1.63026341735301e-22,4.45410038556372e-22
"IFI35",0.0510709334505764,1.6401822863643e-22,4.47932823235164e-22
"MXD4",0.0510117637253845,1.83387608616464e-22,5.00412431191338e-22
"SFT2D2",0.0510055084677133,1.85563132826714e-22,5.06137572974991e-22
"COPS5",0.0509926667136681,1.90109748565992e-22,5.18322575531465e-22
"TMEM170A",0.0509774623922852,1.95635553877996e-22,5.33090198390355e-22
"RNF145",0.0509773166754374,1.95689274416771e-22,5.33090198390355e-22
"ATP6V1E1",0.0509341888921557,2.12247860463737e-22,5.77957730825453e-22
"APIP",0.0509209319645575,2.1761102405112e-22,5.92315102100843e-22
"WDR11",0.0508913883663539,2.30050330113348e-22,6.25913049638398e-22
"POR",0.0507798827930929,2.83672258185652e-22,7.70843401503653e-22
"ODC1",0.0507697444074009,2.89121597348183e-22,7.85324887188377e-22
"SPINT1",0.0507599923568451,2.9446099347815e-22,7.99495836943581e-22
"COPS4",0.0507529547463562,2.98374702282849e-22,8.09449711006336e-22
"NELFE",0.0507148741745252,3.20461868856704e-22,8.69008585062269e-22
"MR1",0.0506931655214923,3.33769392174114e-22,9.04719853248075e-22
"TGFBI",0.0506632858010411,3.52984353912731e-22,9.56407669242204e-22
"TRIM69",0.0506371887666893,3.70659736760271e-22,1.0038829158818e-21
"TAF12",0.0505864653040568,4.07557368553108e-22,1.10335820935827e-21
"CINP",0.0505840801728301,4.09379123584251e-22,1.10783141969943e-21
"HMGN4",0.0505655466109406,4.23812300038335e-22,1.14641490180001e-21
"N4BP2L2",0.0505510171244617,4.35478396307079e-22,1.17748459679722e-21
"H2AFV",0.050542755761203,4.42252784576375e-22,1.19530744338997e-21
"NIPA2",0.0505192845168501,4.62073667311027e-22,1.24784702060285e-21
"HARS",0.0505099434816615,4.70204251003568e-22,1.26927968334489e-21
"GNS",0.0504952177890515,4.83310127490703e-22,1.30411952684037e-21
"ITGA4",0.0504475533970679,5.2826018547096e-22,1.42482058275955e-21
"XIAP",0.050434048268531,5.41731914651978e-22,1.45995187881065e-21
"NEK6",0.0504296956639877,5.46145770997611e-22,1.47124064721153e-21
"ZSCAN16-AS1",0.0504247904773435,5.51162645863446e-22,1.48414389565701e-21
"FHL3",0.0503668788423977,6.13954003873007e-22,1.65254478275904e-21
"ATP2C1",0.0503564191073745,6.26027067508974e-22,1.68434772319904e-21
"RTL8C",0.0503450382782122,6.39430249483182e-22,1.71970175693996e-21
"DDIT3",0.0503286556767014,6.59223978338929e-22,1.77220656676806e-21
"OAZ2",0.0503282650161087,6.59703307712113e-22,1.77276622516309e-21
"MTR",0.0503263808290693,6.62019998421244e-22,1.77826078458426e-21
"ZNF385A",0.0503041742754804,6.89937992522264e-22,1.85249059347456e-21
"IDH3A",0.0503011235087309,6.93863319542047e-22,1.86226534612722e-21
"FAM126A",0.0502740582294821,7.29669216313561e-22,1.95756148389744e-21
"TNFSF12",0.0502715340620684,7.33100319021806e-22,1.9659597562611e-21
"TCF12",0.0502640173782783,7.43412587722021e-22,1.99198012234696e-21
"SPCS3",0.0502365522688776,7.8232755475843e-22,2.09539432732922e-21
"CFD",0.0502311233240615,7.90255017553557e-22,2.1157605670619e-21
"ANKRD49",0.0502120689243359,8.18712872561354e-22,2.19105393401806e-21
"POLDIP2",0.0501987680490656,8.3917641219015e-22,2.24489991116988e-21
"THAP11",0.0501927026173876,8.4867537180871e-22,2.2693822416709e-21
"ARHGEF10L",0.0501825151316247,8.6486977778171e-22,2.31174104952446e-21
"NAA15",0.0501816007225831,8.66338223025757e-22,2.31471978019714e-21
"ETFRF1",0.0501604061563176,9.01074273871138e-22,2.40654558928493e-21
"MRFAP1L1",0.0501588800124345,9.03628020833157e-22,2.4123805635799e-21
"EGLN2",0.0501578087275704,9.05424913490924e-22,2.41619105485864e-21
"TMEM106B",0.0501371365207423,9.4079951389432e-22,2.50956638998003e-21
"ZYX",0.0501229432547002,9.65875540116492e-22,2.57435559775036e-21
"PDXDC1",0.0500983803687166,1.01084410051336e-21,2.69311276656738e-21
"COQ4",0.0500015588700931,1.20918503908771e-21,3.22022475990039e-21
"RAP1GDS1",0.0499846940308824,1.24747167279506e-21,3.32083460779076e-21
"WIPI1",0.0499737871035515,1.27286875699907e-21,3.38706387190067e-21
"TMEM11",0.0499498315410896,1.3304594456899e-21,3.53887056790909e-21
"PITPNA",0.0499397471017864,1.35546725053122e-21,3.60392227896427e-21
"SMIM29",0.0499306465131842,1.37843414232993e-21,3.66349691973701e-21
"RPL30",0.0499170350425773,1.41350538188179e-21,3.75518008400777e-21
"RBM12B",0.0498936135567442,1.47593122017215e-21,3.91943067322726e-21
"DTNBP1",0.0498566887139741,1.57993053561047e-21,4.19050135570843e-21
"RBBP7",0.0497662150500221,1.86639801637802e-21,4.94830098583922e-21
"LETM1",0.049749530093979,1.92457911633164e-21,5.09635409581865e-21
"MRPL58",0.0497019471268138,2.10054041509038e-21,5.56005394083438e-21
"PGRMC2",0.0496847142196219,2.16811739307224e-21,5.73660522699566e-21
"ACOT9",0.0496251470276509,2.4186938395258e-21,6.39442795099866e-21
"RABGGTA",0.0496234942315041,2.4260403361257e-21,6.41125776782128e-21
"KPNA4",0.0496160381165237,2.45945728420757e-21,6.4969421107673e-21
"THOC6",0.0495954467568415,2.55412745080134e-21,6.74157661418618e-21
"VRK2",0.0495695070936363,2.67853189582907e-21,7.06423619803569e-21
"ORMDL1",0.0495669476718858,2.69112682959471e-21,7.09459161769768e-21
"MED10",0.0495038251044714,3.02098149933167e-21,7.95456183754751e-21
"LMF2",0.0494759025161981,3.17936477659257e-21,8.36823144499285e-21
"RAB5IF",0.0494622364181739,3.25984837250726e-21,8.57661515470925e-21
"CCDC112",0.0494299736085689,3.45793565919051e-21,9.09412041021221e-21
"ATG4C",0.0493945722352336,3.68900965854976e-21,9.6979272809e-21
"HMGN3",0.0493851911400794,3.75276072811338e-21,9.8615553217063e-21
"ARMT1",0.0493840037748475,3.76090699681322e-21,9.87899154084566e-21
"UTP3",0.0493305108343013,4.14663316598627e-21,1.08878263611318e-20
"SUB1",0.049326309767443,4.17853287287241e-21,1.09671810208109e-20
"TMEM80",0.0492623378444341,4.69536955789474e-21,1.23187504693081e-20
"ERGIC3",0.0492613153395508,4.70412401294903e-21,1.23367680692582e-20
"CASP3",0.0492603041979019,4.71279705371117e-21,1.235455779357e-20
"PPP4C",0.0492497583168092,4.80420206812786e-21,1.25891275035751e-20
"EIF2B4",0.0492178886045176,5.09121873433611e-21,1.33305518963114e-20
"CXorf21",0.0492085095968966,5.17886998734028e-21,1.35546244904847e-20
"COMMD8",0.0492035803815794,5.22553243531322e-21,1.3671280937206e-20
"PCNP",0.0491719428975455,5.53508621906983e-21,1.44695696522505e-20
"PRKRA",0.0491416153065916,5.84882419079421e-21,1.52836181292616e-20
"TRIP11",0.0491388572927558,5.87821339304074e-21,1.53542785312427e-20
"PRPF31",0.0491336753814839,5.93382700904738e-21,1.54933550260191e-20
"C8orf33",0.0491073640560819,6.22433669016066e-21,1.6245394523062e-20
"MOB1A",0.0490919370406457,6.40116560368374e-21,1.67002476922922e-20
"NUP62",0.0490890203514176,6.435151670474e-21,1.6782218437e-20
"SLC35F5",0.0490766375775361,6.58143728473594e-21,1.71568727941003e-20
"RALY",0.0490715902986251,6.64200311461372e-21,1.73078582556176e-20
"NRBF2",0.0490405462244985,7.02683168756988e-21,1.83033568021243e-20
"BRD9",0.0490274936936001,7.19514338112198e-21,1.8734308015044e-20
"HDAC2",0.0489395777301063,8.43742926181652e-21,2.19514176338068e-20
"TFRC",0.0489144217412196,8.83039159542059e-21,2.29646381268337e-20
"RPL7L1",0.0489104053333159,8.89478570897886e-21,2.31229061492261e-20
"MDP1",0.0488866709536272,9.28490391568027e-21,2.41274649446413e-20
"MINK1",0.0488347578322259,1.01981415319754e-20,2.6479527139021e-20
"BOLA2",0.0488217921665204,1.04397571998282e-20,2.70961224980059e-20
"RCC2",0.0488143569450807,1.05808575996266e-20,2.7451447216809e-20
"MEF2C",0.0488118044338134,1.06297308687297e-20,2.75673067908588e-20
"CYB561D2",0.0487880297870801,1.1095804524067e-20,2.87646193411381e-20
"ZBTB4",0.0487822563326052,1.12120018286236e-20,2.90543273704088e-20
"PCBP1",0.0487731285179877,1.13981689603938e-20,2.95133578863582e-20
"IMPACT",0.0487368089299859,1.21696924068864e-20,3.14861293851298e-20
"GGA2",0.0486855319503205,1.3347590496897e-20,3.45199947265476e-20
"SF3A2",0.0486810893676894,1.34547972353362e-20,3.47834971627632e-20
"DHDDS",0.0486645889377804,1.38604856484833e-20,3.58181245730371e-20
"GBA",0.0486409715864451,1.44622814244306e-20,3.73437582752476e-20
"MAGT1",0.0486100385764815,1.52897178025301e-20,3.94491614021082e-20
"SSU72",0.048591769252296,1.58002175748766e-20,4.07502258400566e-20
"PSMD1",0.0485537385797831,1.69175802187905e-20,4.35976111432606e-20
"DDX56",0.0485505848785691,1.7013671347365e-20,4.38107062895125e-20
"PNPO",0.0485320213382585,1.75903255121503e-20,4.52777748812752e-20
"KRR1",0.0484749721886161,1.94861803602348e-20,5.00788707528362e-20
"RHBDF2",0.0484687601552298,1.97044378004486e-20,5.0619887756123e-20
"ABHD14B",0.0484376290161553,2.08351576066591e-20,5.34826307154838e-20
"RTF2",0.0484327187677006,2.10192672504313e-20,5.3934053878854e-20
"ZNRD2",0.0484271201998316,2.12311484826301e-20,5.44563549546629e-20
"SRSF1",0.0484253828985276,2.12973260007722e-20,5.460467348747e-20
"SNRPA1",0.0483924958741363,2.25892411508211e-20,5.78943389431864e-20
"RTN1",0.0483535142721716,2.4221213973491e-20,6.20526242001114e-20
"NIT1",0.0483331485077153,2.51196434562641e-20,6.42787588716456e-20
"PDLIM2",0.0483113757457322,2.61165961298562e-20,6.67775930766523e-20
"CD82",0.0483080018591545,2.6274544288511e-20,6.71551878648495e-20
"RPLP2",0.0483015461069377,2.6579406527569e-20,6.79078389516398e-20
"ERP29",0.0482858058055525,2.7337451734631e-20,6.98172888441473e-20
"MT1F",0.048258879878496,2.86840540773317e-20,7.31135850127076e-20
"IMMT",0.0482563530595063,2.88137397455641e-20,7.34155223914646e-20
"LTBR",0.0482390645708586,2.97167327861861e-20,7.56867935161997e-20
"ROMO1",0.0481852531407255,3.271023006299e-20,8.32461985799255e-20
"SRRM1",0.0481824015580895,3.28769234462575e-20,8.36053385809534e-20
"SRSF3",0.0481679441996993,3.37350576029357e-20,8.57542016360783e-20
"PEF1",0.0481512524570932,3.47533838380707e-20,8.83084428811916e-20
"VMA21",0.0480896965530387,3.87783622470059e-20,9.84976427237469e-20
"CCDC174",0.0480728727178012,3.99564155004663e-20,1.01450502734776e-19
"BORCS8",0.0480684915148731,4.02689619640365e-20,1.02164716073291e-19
"TNFRSF1A",0.0480199530205717,4.38975105069325e-20,1.11327355971422e-19
"GOSR2",0.0479135624114654,5.30198420388193e-20,1.34410130767662e-19
"DNAJC1",0.0479021806191953,5.41003597583792e-20,1.37096182984606e-19
"C11orf68",0.0479011650358797,5.41978241585485e-20,1.3728995519124e-19
"FXYD5",0.047854607623568,5.88572274721928e-20,1.49035070957861e-19
"NUDT22",0.0478457403833201,5.97885119306758e-20,1.51334607434285e-19
"LETMD1",0.0478208773467559,6.24781413223931e-20,1.5808130339234e-19
"NOC2L",0.0478190621543084,6.26791245178697e-20,1.5852847818098e-19
"WDR61",0.0477303854640297,7.33162242036479e-20,1.85288548064728e-19
"ENTR1",0.0477215594478464,7.44678888206594e-20,1.88126374462701e-19
"NRROS",0.04770459592935,7.67318112004196e-20,1.93740090966194e-19
"MBP",0.0477044669201265,7.67492865711905e-20,1.93740090966194e-19
"MEF2A",0.047666034169358,8.21343732199519e-20,2.07173816401252e-19
"ARL5A",0.0476599116407756,8.30260587958508e-20,2.09261515962711e-19
"PIH1D1",0.0476507200173725,8.43827205182684e-20,2.1259893130961e-19
"TP53",0.0476240400564167,8.84459473273802e-20,2.2275023252173e-19
"TMEM63A",0.0476073264185426,9.10892389389805e-20,2.29319000455547e-19
"SMIM12",0.0475787555916363,9.57897467412505e-20,2.41059801460468e-19
"FAM3A",0.0475726567599837,9.68237621591557e-20,2.43568201999446e-19
"AIDA",0.0475613061329772,9.87776380493875e-20,2.48308895020921e-19
"MILR1",0.0475427167270882,1.02062081677462e-19,2.56351091051574e-19
"YDJC",0.0475055518512964,1.08955459848158e-19,2.73560213704784e-19
"SLC35E3",0.047485994192502,1.12765787783128e-19,2.83018318819997e-19
"SPTBN1",0.047482439499951,1.13472338969208e-19,2.84682330077007e-19
"SURF1",0.0474236643599874,1.25809506891766e-19,3.15392084378209e-19
"WBP1",0.0474122098789826,1.28363810610228e-19,3.21672132529578e-19
"CD163",0.0473628142232227,1.39978697708484e-19,3.50241379876796e-19
"NSUN6",0.0473593471366414,1.40831890581406e-19,3.52241354484021e-19
"THAP5",0.0473189274745003,1.51165772805448e-19,3.77943335603066e-19
"SLC25A1",0.0472990647749645,1.56515065548684e-19,3.91168004035664e-19
"RPUSD3",0.0472981825495096,1.5675695061203e-19,3.91622828850383e-19
"LIMD1",0.047283093591472,1.60951631709344e-19,4.01795253194232e-19
"EYA3",0.0472672035602847,1.65488929325336e-19,4.12964358751545e-19
"PLPBP",0.0472603908822022,1.67472743550919e-19,4.17755359532968e-19
"STX8",0.0472316330262307,1.76109065048256e-19,4.38963426338351e-19
"PSMD10",0.0471284946135095,2.10859737389562e-19,5.24981326372032e-19
"SYT11",0.0470866365360755,2.26823282725069e-19,5.64511085822802e-19
"NIPSNAP3A",0.0470571119548646,2.38795613536789e-19,5.93855352340635e-19
"CCDC25",0.0470313601233457,2.49746447280817e-19,6.2085257502737e-19
"C1orf35",0.047005425694915,2.61276169114755e-19,6.49021122215908e-19
"DCAF7",0.0469573052006931,2.84079412846082e-19,7.053973418867e-19
"CREB3L2",0.0469090959389427,3.08894478384671e-19,7.66433434413276e-19
"SNX6",0.0468235011312665,3.58339688127492e-19,8.88106474972534e-19
"PYCR2",0.0468148525631647,3.63750901404881e-19,9.01175973241801e-19
"C1orf50",0.0468055317147925,3.69673145237383e-19,9.1550114528864e-19
"NOB1",0.0468032833696798,3.71115889862408e-19,9.18726121893384e-19
"PPIE",0.0467669679319373,3.95204717315469e-19,9.77989569193239e-19
"PTRH2",0.0467540611976574,4.04132865628685e-19,9.99705136390594e-19
"DBP",0.046703297392619,4.41222928699686e-19,1.09062968160247e-18
"MAN1A1",0.0466896814520493,4.51730581871919e-19,1.11618085573643e-18
"RAB4B",0.0466867920292781,4.53991992268057e-19,1.12134478483134e-18
"DCPS",0.0466713456415956,4.66272152017536e-19,1.15124143878046e-18
"PTS",0.0466678487022377,4.69097513361338e-19,1.15778012168986e-18
"RUFY3",0.0466543332034572,4.8017727990589e-19,1.18467888906593e-18
"LDLRAD4",0.0466384286840469,4.93546967686874e-19,1.21720485655857e-18
"USP14",0.0465847935315077,5.41402635305342e-19,1.33472489804914e-18
"PSMD2",0.046573275565718,5.52262454480885e-19,1.36047171341222e-18
"QARS",0.04646960600499,6.6021239113348e-19,1.62456477727915e-18
"ITFG1",0.0464085378057788,7.3329624350579e-19,1.80101083397478e-18
"NIPSNAP2",0.0463833243013061,7.65751146151536e-19,1.88001539374342e-18
"DOK1",0.0463517547042607,8.08394027952513e-19,1.98396402205463e-18
"HDHD5",0.0463246483887704,8.46873578546048e-19,2.07762080920603e-18
"UBE2K",0.046321362076739,8.51660008282252e-19,2.08857957019856e-18
"RREB1",0.0463106960209509,8.6737967858324e-19,2.12633233542453e-18
"RNPEP",0.0463096886949169,8.68879006111949e-19,2.12920949848573e-18
"C5orf24",0.0463080397791023,8.71338817065191e-19,2.1344373120915e-18
"SCIMP",0.0462354624268254,9.86698824992284e-19,2.41521412122784e-18
"JOSD1",0.0461897185329702,1.06702701998935e-18,2.61086177271347e-18
"DNAJC2",0.0461894516242114,1.06751417753526e-18,2.61107657789957e-18
"MPHOSPH10",0.0461719611986611,1.09992084292879e-18,2.68933525470022e-18
"ASL",0.0461506509576574,1.14072026931833e-18,2.78804826945915e-18
"ELP2",0.0461272486225502,1.18724819208558e-18,2.9006833631747e-18
"RTCB",0.0460965546720101,1.25112439851147e-18,3.0556037794053e-18
"SNUPN",0.046076768972676,1.29408660275165e-18,3.15934959252812e-18
"MFSD4B",0.046063197295518,1.32439494642655e-18,3.23213667776661e-18
"HSPA9",0.0460625903331937,1.32576667163978e-18,3.23427705193318e-18
"SNHG5",0.0460592733231136,1.33328788345129e-18,3.25141222752873e-18
"ANAPC7",0.0460586057981198,1.3348065597435e-18,3.25390204608614e-18
"NME3",0.0460551551120498,1.34268444629273e-18,3.27188628768611e-18
"GATAD1",0.0460544500671334,1.34429969774572e-18,3.27460187178149e-18
"UPF3A",0.0460252210468474,1.41297886802532e-18,3.44061669986947e-18
"C8orf82",0.0460227306895856,1.41898814948277e-18,3.45396296400535e-18
"SLC26A2",0.0460187047592788,1.42875621975158e-18,3.47644516737471e-18
"CFAP298",0.0459880858219612,1.5052517359713e-18,3.66121125363853e-18
"AL627171.2",0.0459852123718998,1.51263475116776e-18,3.67780067055962e-18
"CTU1",0.0459839110979276,1.51598998497389e-18,3.6832190716311e-18
"RAB6A",0.045975780115884,1.53712214712027e-18,3.73317407053208e-18
"TOR2A",0.0459379579514718,1.63930737881881e-18,3.97987064341528e-18
"AGPAT1",0.0459186976479912,1.6938924287226e-18,4.11086440200013e-18
"TMEM50B",0.0459158944772929,1.70198500079779e-18,4.12897140453281e-18
"IL1B",0.0459089523323335,1.72219123751212e-18,4.17644150996076e-18
"NOLC1",0.0458890802525597,1.78135091622058e-18,4.31670581551153e-18
"RRP1B",0.0458760461661056,1.82123884885745e-18,4.41173011998147e-18
"C8orf76",0.0458221505349943,1.9957507657477e-18,4.83267352091053e-18
"RBM3",0.0457464711251121,2.26897915078335e-18,5.49022416277628e-18
"AL096870.8",0.045733117755353,2.32088425590846e-18,5.61374075661469e-18
"TDG",0.0456772160663682,2.55120447372848e-18,6.16627536016149e-18
"MINDY2",0.0456503963255533,2.66957571304631e-18,6.44999483070835e-18
"TMEM192",0.0456443702826029,2.69690926164363e-18,6.51362864891985e-18
"AP3D1",0.0456088174188162,2.86388948842132e-18,6.91436834390642e-18
"GLUD1",0.0456060371234134,2.87736987837979e-18,6.94435004239463e-18
"BFAR",0.0456019843962141,2.89713199613785e-18,6.98946457223221e-18
"DUSP7",0.0455841872741042,2.9855134511163e-18,7.20003207060064e-18
"NCL",0.0455806386995953,3.00345154109937e-18,7.2406217462049e-18
"PDLIM5",0.0455769417942638,3.0222526174961e-18,7.28326119173958e-18
"MRPL23",0.0455736509719318,3.03908622765495e-18,7.32112960810909e-18
"GTF2F2",0.0455517464997862,3.15351742386782e-18,7.59399518130673e-18
"NUP42",0.0455273570998222,3.28593962724482e-18,7.90705678429394e-18
"ARL8A",0.0455034978660817,3.42079092290763e-18,8.22852503825241e-18
"SDCCAG8",0.0454528099876469,3.72567126231002e-18,8.95860195402093e-18
"STUB1",0.0454025405696079,4.05449214378538e-18,9.74210570969084e-18
"AAMP",0.04536270773395,4.33524959649896e-18,1.04128809191441e-17
"ARHGDIB",0.0453570095358331,4.37695116727668e-18,1.05053255255708e-17
"CRK",0.0453284090236675,4.59231702444597e-18,1.10181903507625e-17
"IRF3",0.045291240106802,4.88789930567151e-18,1.17187699525047e-17
"CRIPT",0.0452823587814864,4.96126176735716e-18,1.18902967137027e-17
"CCS",0.0452643757150006,5.11315184348832e-18,1.22498302501747e-17
"STX2",0.0452228657252334,5.48150445711757e-18,1.31130904283332e-17
"MRPL45",0.0451887825793823,5.8034372078686e-18,1.38781537911649e-17
"PCNX4",0.0451772041640001,5.91699275174101e-18,1.4144533312937e-17
"FLAD1",0.0451698834587439,5.98991952321921e-18,1.43136307904997e-17
"MMP24OS",0.0451597047783573,6.09279300034172e-18,1.45541398013278e-17
"KLHDC3",0.0451562182434122,6.12843000032476e-18,1.46339208700231e-17
"TOB2",0.0451351728584823,6.34795244033111e-18,1.5152578698388e-17
"TRADD",0.0451200458172377,6.51051780020577e-18,1.55292832461676e-17
"TSR1",0.0451007858617079,6.72345617699348e-18,1.60313480981705e-17
"HAUS1",0.0450859724316706,6.8918971281939e-18,1.64269863011782e-17
"ZPR1",0.0450348898585436,7.5053243496348e-18,1.78760694345764e-17
"JOSD2",0.0450139262422283,7.77238810980709e-18,1.85054164100214e-17
"FAM192A",0.0449586381410162,8.52254441461223e-18,2.02767086545614e-17
"SLC8B1",0.0449396264211632,8.79666181867544e-18,2.09212713606766e-17
"PSMD6",0.0449092222184536,9.25322972313055e-18,2.19831453233385e-17
"RBPJ",0.0448880190300403,9.58539248342046e-18,2.27640014735209e-17
"UBE2F",0.0448398608581316,1.03841665479376e-17,2.46520264671083e-17
"TXNRD1",0.0447449663782345,1.21551954488696e-17,2.88355108289946e-17
"HCCS",0.0447092168590795,1.28970328940536e-17,3.05842586366783e-17
"TTL",0.0447053517597555,1.29798657000329e-17,3.07695293498242e-17
"MRPS18A",0.0446633050245466,1.39155916171908e-17,3.29757658547275e-17
"CSNK2A1",0.0446527802018746,1.41600450828585e-17,3.35428894028004e-17
"TM6SF1",0.0446125548370411,1.51340039265763e-17,3.582408315422e-17
"RANGAP1",0.0445800289252851,1.59696281281973e-17,3.77747571281309e-17
"SIKE1",0.0445743926805503,1.61189869326526e-17,3.81142627723989e-17
"AK2",0.0445652152969625,1.63651394741831e-17,3.86823144910374e-17
"ASPSCR1",0.0445616756810285,1.64610657402219e-17,3.88949937873404e-17
"CALHM6",0.0445402964080042,1.70523685866612e-17,4.02775960330892e-17
"NME6",0.044520374946909,1.76221906647348e-17,4.16084805222232e-17
"PLAAT3",0.0444544073827126,1.96465318120457e-17,4.63714891650379e-17
"MRPL9",0.0444538482308559,1.96646353888817e-17,4.63974688460875e-17
"SNX17",0.0444278727442538,2.05240307527639e-17,4.84076886946502e-17
"CMTM7",0.0444273833651128,2.0540572390822e-17,4.84292327050827e-17
"PGLS",0.0444003021782007,2.14767490919632e-17,5.06182356031923e-17
"ATG101",0.0443992252624282,2.15148349787895e-17,5.06897265193966e-17
"STAMBP",0.0443936288580673,2.17138312498989e-17,5.11401400258785e-17
"MCUB",0.0443763636760474,2.2339257445812e-17,5.25941898382134e-17
"TRIM14",0.044313377529235,2.47753085876897e-17,5.82875018158745e-17
"MTCH1",0.0443041296107787,2.51543809598819e-17,5.91580369480963e-17
"HPF1",0.0442897666040013,2.57544942078986e-17,6.05476027081054e-17
"TDRD3",0.0442326979010614,2.82816826673031e-17,6.63695769127163e-17
"NABP1",0.0442188588214188,2.89304793954341e-17,6.78677697478823e-17
"CLCN3",0.0441895820545778,3.03517912913873e-17,7.11764746998171e-17
"SINHCAF",0.0441710810110107,3.1285260600015e-17,7.33392017937964e-17
"TMEM101",0.044147041488603,3.25405883754204e-17,7.62546117557343e-17
"LLPH",0.0441281569495394,3.35614599090017e-17,7.86187118900226e-17
"CBFB",0.044124456206451,3.37651877048024e-17,7.90676207786526e-17
"ARRDC2",0.0441179145826894,3.41282957943402e-17,7.98892939145707e-17
"GXYLT1",0.0440690678333878,3.696418105756e-17,8.64039384177072e-17
"RNF115",0.0440609947916922,3.7454750051973e-17,8.75193551964972e-17
"SCAMP3",0.0440328178731624,3.9217813893671e-17,9.16063119817153e-17
"CYP20A1",0.0440277815021281,3.9541458230154e-17,9.23293049674095e-17
"COA5",0.0439577375717528,4.43253099825104e-17,1.03425723292524e-16
"HSD17B4",0.0439519688879513,4.47438374084461e-17,1.04365040662298e-16
"RPS7",0.0439430444019035,4.53990149546654e-17,1.05817739669734e-16
"SEPTIN7",0.04393954837231,4.56582422034017e-17,1.06384029766871e-16
"ZNF37A",0.0438879134598426,4.9661336888338e-17,1.15628853481465e-16
"SIGLEC7",0.0438869904099259,4.97359596712671e-17,1.15761375696242e-16
"OFD1",0.0438816821126892,5.01672538788034e-17,1.167236675657e-16
"STARD7",0.0438793995413716,5.03538428629053e-17,1.17116124026209e-16
"GANAB",0.0438732820668722,5.085729850157e-17,1.18245027597178e-16
"TBCC",0.0438613167765009,5.1856411940959e-17,1.20525140870953e-16
"MFSD10",0.0438530933985585,5.25542712729593e-17,1.22103704897871e-16
"ACBD6",0.043839900307721,5.3693272922241e-17,1.24705725884764e-16
"CDK10",0.0438353298084967,5.40935094429487e-17,1.2559068350071e-16
"FXR1",0.0437356567601689,6.35916480042858e-17,1.47538039266154e-16
"ISCA1",0.0437307124572153,6.41033937588656e-17,1.48672574812154e-16
"NOL12",0.0437183557771476,6.54001624224745e-17,1.51626334013524e-16
"APOBEC3G",0.0437055078890671,6.67759143550069e-17,1.54651409158e-16
"MACO1",0.0436969595055466,6.77070472698842e-17,1.56752363686439e-16
"DNAJC3",0.0436805086438388,6.95351329721536e-17,1.60927681193607e-16
"C6orf62",0.0436573871934994,7.2187025472455e-17,1.67005935081002e-16
"DHRS4",0.0435887426535402,8.06618430431392e-17,1.8654656166114e-16
"PAGR1",0.043571608461281,8.29258459105982e-17,1.91714703169551e-16
"CNOT7",0.0435559938475986,8.504357044957e-17,1.96541132414029e-16
"TMEM250",0.0435436225691231,8.67592061146011e-17,2.00364425848556e-16
"UQCC3",0.0435338662959935,8.81362266010175e-17,2.03472686976501e-16
"CCL3L1",0.0435207611019674,9.00198912307726e-17,2.07674682027802e-16
"TXNDC5",0.0435105388499778,9.15166877845487e-17,2.11053299730293e-16
"SMC3",0.0434997890330821,9.31172084236994e-17,2.14668656091025e-16
"ARMC1",0.0434975149339581,9.345931550199e-17,2.15381390465989e-16
"RABAC1",0.0434938486474383,9.40134696155745e-17,2.16582122743702e-16
"CDK5",0.0434842415363512,9.54809864903301e-17,2.19885413763219e-16
"CHPT1",0.0434376626061461,1.02922537904219e-16,2.36855879203727e-16
"PSMG4",0.043429438916942,1.04294514489193e-16,2.39928759933266e-16
"DDX49",0.0434233823165851,1.05316466826288e-16,2.42109374159729e-16
"SLC39A7",0.0434185777245935,1.06134180872474e-16,2.43903435692174e-16
"MOB4",0.0434090492096928,1.07774442325199e-16,2.4758584115325e-16
"RPL31",0.0434057746159923,1.0834388965407e-16,2.48806586075978e-16
"MAPRE2",0.0432174920995238,1.465929149331e-16,3.36407328126574e-16
"MED28",0.0431891005461899,1.53413980942043e-16,3.51813611855165e-16
"UXS1",0.0431754274829939,1.56809636105826e-16,3.59474544481028e-16
"MFF",0.0431530831298444,1.62518933539391e-16,3.72301607386314e-16
"GFPT1",0.043115986152039,1.7245356255162e-16,3.94921678445707e-16
"GAR1",0.0430871028947276,1.8060093916492e-16,4.13434502892243e-16
"ARL4A",0.0430792893273626,1.82869441415091e-16,4.18481066843494e-16
"SMPDL3A",0.0430700261448001,1.855952200567e-16,4.24570171004446e-16
"DDX19A",0.0430418248447302,1.94142693736381e-16,4.43968146781552e-16
"GNL2",0.043030256921214,1.97759985390943e-16,4.52082092477617e-16
"KCMF1",0.0430172787558309,2.0189737977892e-16,4.61378912616071e-16
"MTHFD2L",0.0429654470231425,2.19289204924538e-16,5.00772903177308e-16
"STAB1",0.0429013092834928,2.42865394231089e-16,5.54031384327585e-16
"DUS1L",0.0428998350851772,2.43435672452695e-16,5.55138621030945e-16
"IPO5",0.0428895071381375,2.47468114798855e-16,5.63940932225483e-16
"PBX3",0.0428788183464798,2.5171077326205e-16,5.73409420065255e-16
"JADE1",0.0428535873483238,2.62012054762404e-16,5.96668343447091e-16
"C1orf174",0.0428387975512772,2.68242439706958e-16,6.10643826881648e-16
"OGDH",0.0428266786658528,2.73456335142269e-16,6.2229638675954e-16
"MIF4GD",0.0428060888067059,2.82544655197647e-16,6.42754681865767e-16
"NRBP1",0.0427372641442015,3.15138427364571e-16,7.16153993086397e-16
"UBA2",0.0427178171491599,3.25001361180031e-16,7.38310944890563e-16
"PPP1R15A",0.0426913734796328,3.38902454668057e-16,7.69622872045765e-16
"C1orf56",0.0426665314478051,3.52494655249002e-16,7.99934070120784e-16
"BLOC1S4",0.042657723969547,3.5744149499217e-16,8.10878728056491e-16
"ZNF710",0.0426502687613222,3.61682234547318e-16,8.20214515945322e-16
"EIF2A",0.0426389874677466,3.68193818841101e-16,8.34691812615505e-16
"SIAH1",0.0425616065851899,4.16080017870478e-16,9.4292241138204e-16
"EIF3H",0.042514888636282,4.47909356933948e-16,1.01435101338211e-15
"CITED2",0.0424929323171212,4.63685765003637e-16,1.04935186278774e-15
"TPT1",0.0424888404698318,4.66685856630087e-16,1.05577582375346e-15
"SELENON",0.0424876654687654,4.67550882264595e-16,1.05736688628361e-15
"PINK1",0.0424758049106147,4.76371473038994e-16,1.07694214755496e-15
"GOPC",0.042448549595356,4.97267136875362e-16,1.1237927897999e-15
"LTV1",0.0424177777685374,5.21945569573552e-16,1.17834258766294e-15
"BCKDK",0.0423896523383568,5.45555070929316e-16,1.23121817526264e-15
"TPGS1",0.0423782388408464,5.55433381586239e-16,1.25307917488296e-15
"KIF1C",0.0423379937140165,5.91692249441397e-16,1.33442011964397e-15
"RPS26",0.0423108100528262,6.17492998399698e-16,1.39212731846111e-15
"MRPL55",0.042298015009503,6.30017742410865e-16,1.41987452598491e-15
"HACD2",0.0422311178142241,6.99690789808755e-16,1.57635368151952e-15
"ARL14EP",0.0421920853368739,7.43794035059276e-16,1.67513792670257e-15
"RHOQ",0.0421881164646231,7.48429050251236e-16,1.68499625707389e-15
"STARD3",0.0421835098454209,7.53844544747186e-16,1.69660434890089e-15
"HDAC5",0.0421797007409533,7.58351633942112e-16,1.70616069604733e-15
"SPART",0.0421722763310726,7.67212939018083e-16,1.7255033351566e-15
"SNX2",0.042162916800198,7.78529362754784e-16,1.75035246688129e-15
"STX6",0.0421533561328825,7.90258746504419e-16,1.77550229712917e-15
"PRKDC",0.0421474754003039,7.97559748662223e-16,1.79129015347084e-15
"APEH",0.0421024918901065,8.55649576490298e-16,1.9210978472162e-15
"IGBP1",0.0420870966273007,8.76472364274446e-16,1.96582377963167e-15
"SLC4A2",0.0419948834033042,1.01206083404247e-15,2.26837632258131e-15
"NSMCE2",0.0419645410088443,1.06104155350619e-15,2.37652952272129e-15
"TMEM176A",0.0419463454573547,1.09152637667005e-15,2.4439724146126e-15
"RIOK1",0.0419028688040189,1.167904521899e-15,2.61409098396977e-15
"RSRC2",0.0418796881633157,1.21075479165827e-15,2.70907420529149e-15
"HADHB",0.0418726682306224,1.22403424719356e-15,2.73785012252874e-15
"GGPS1",0.0418518417595058,1.26428118149805e-15,2.82593858619975e-15
"PLEKHO1",0.0418384108103657,1.29092480273087e-15,2.88450661662831e-15
"EZR",0.0418262020738766,1.31562327939993e-15,2.93868978500743e-15
"SSR1",0.0418178641989472,1.332757824033e-15,2.97594626145073e-15
"SEC63",0.041801715694669,1.36657086498263e-15,3.0504063896403e-15
"FASTK",0.0418007941042142,1.368525848338e-15,3.05372764383409e-15
"THYN1",0.0417956798057518,1.37942505007424e-15,3.07699794520142e-15
"NOL11",0.0417926333176068,1.38595807950157e-15,3.09051634508228e-15
"GALC",0.0417564598976266,1.46589832459293e-15,3.26765879515464e-15
"ZBTB38",0.0416986578871234,1.60315828804492e-15,3.57240930035369e-15
"OARD1",0.0416892613462761,1.6266373330925e-15,3.62349399787352e-15
"C5orf15",0.0416580942241401,1.70696508402869e-15,3.80113682540177e-15
"RALGDS",0.0416569166479992,1.71007546780844e-15,3.80676656742649e-15
"HSF1",0.0416530314033368,1.72037737848377e-15,3.82839594980493e-15
"TUSC2",0.0416486263464856,1.73213154414633e-15,3.85324125063924e-15
"COLGALT1",0.0416445937073689,1.74296130007451e-15,3.87601393873711e-15
"PRPF19",0.0415799506380266,1.92594547177326e-15,4.28147959689003e-15
"IRF2BPL",0.0415411040726213,2.04487564557465e-15,4.54277844742339e-15
"SNRNP27",0.0415251551910257,2.09577200476765e-15,4.65426541004447e-15
"PRPSAP1",0.0415083934095153,2.15060705920809e-15,4.77442069714856e-15
"COMTD1",0.0414800440489376,2.24658317627925e-15,4.98579796555117e-15
"DAPK1",0.0414746099770765,2.26545601069229e-15,5.02597604272351e-15
"PSMD12",0.0414404218157976,2.38782583104829e-15,5.29565986546599e-15
"LRP10",0.041429772973104,2.42725401745318e-15,5.38127730285145e-15
"PREB",0.0414182406979411,2.47067639703943e-15,5.47568890977755e-15
"RBM42",0.041396397014781,2.55503109504781e-15,5.65880531823257e-15
"GALNT11",0.0413775597873767,2.63004837146938e-15,5.82297875132639e-15
"DNASE1L1",0.0413431496532076,2.77272377709131e-15,6.13471000156447e-15
"LPCAT3",0.0413085726015381,2.92376221129808e-15,6.46669734014441e-15
"RPP38",0.0413041000375913,2.94388152008762e-15,6.50899471705541e-15
"ENSA",0.0412704148767079,3.09985354922867e-15,6.85153566763253e-15
"WDR36",0.0411930275523502,3.48965698370604e-15,7.70789775657773e-15
"COPS7A",0.041180218005138,3.55867678611923e-15,7.85769295091102e-15
"ACTR6",0.0411638394250048,3.64888781676548e-15,8.05416223700632e-15
"TM9SF3",0.0411466692876817,3.74587591180572e-15,8.26545282193242e-15
"ZNF511",0.0411432839440802,3.76529590911639e-15,8.3026997146047e-15
"WIPI2",0.0410520006153666,4.32798425492896e-15,9.54024310813404e-15
"CCDC12",0.0410280662342136,4.48873058743341e-15,9.89124387618458e-15
"CIZ1",0.0409795290646106,4.8329686333862e-15,1.0642623417002e-14
"VAPA",0.0409737702394561,4.87549798115831e-15,1.07326618857956e-14
"EMC8",0.0409667968617002,4.92749026635827e-15,1.08418676114387e-14
"ANKRD28",0.0409666724030914,4.92842314793449e-15,1.08418676114387e-14
"MRPS30",0.0409383497782287,5.14530058330604e-15,1.13151615249428e-14
"METAP1",0.0409092546558144,5.37787277349579e-15,1.18186662834002e-14
"RING1",0.0408726989016403,5.68479378306944e-15,1.24889723634772e-14
"HCG18",0.0408669336684801,5.73474735552185e-15,1.25944837791071e-14
"ZNF32",0.0408386696322072,5.98596463468183e-15,1.31285598059543e-14
"GTF2E2",0.0408114670277019,6.23796472935736e-15,1.36766644535675e-14
"PSME1",0.0407801997351605,6.54053568908596e-15,1.43304364394249e-14
"CARM1",0.040769321034757,6.64915871530935e-15,1.45635509818065e-14
"CMPK1",0.040768943402679,6.65296105898819e-15,1.45669991304973e-14
"APPL1",0.0407586530099723,6.75740182986453e-15,1.47907241927199e-14
"YTHDF2",0.0407379392574074,6.97255013644622e-15,1.52565370790112e-14
"UBE2E3",0.040729612944128,7.06092061748977e-15,1.54447303436427e-14
"XPA",0.0407205860111281,7.15797259555454e-15,1.56517808795102e-14
"C1D",0.0407152347529889,7.21612459533175e-15,1.5773661853654e-14
"PPP1CA",0.0407047695768264,7.33119641989087e-15,1.60198403052294e-14
"ATXN2",0.0407015403125277,7.36706764500035e-15,1.6092846061815e-14
"TMEM18",0.0406994134260226,7.39078776232469e-15,1.6139268667361e-14
"UBE2E1",0.0406920787826225,7.47316541700162e-15,1.63137080121391e-14
"CNP",0.0406704041607581,7.72191693541286e-15,1.68510991067187e-14
"VPS35L",0.0406357613008837,8.13652010157058e-15,1.77499394141036e-14
"MVB12A",0.0406133571681915,8.41623663263707e-15,1.83479010017276e-14
"DCUN1D5",0.040595774848172,8.6423608903698e-15,1.88345851670793e-14
"NUP93",0.0405499664179145,9.25995851148765e-15,2.01469579860587e-14
"AASDHPPT",0.0405124917666784,9.79732815774481e-15,2.13090257802181e-14
"FAU",0.0405091017973922,9.84742589165828e-15,2.1410864808667e-14
"HIVEP3",0.0404692643919745,1.04553767616232e-14,2.27100509194326e-14
"RALBP1",0.0404667949581795,1.04942547604894e-14,2.27869271418399e-14
"TMEM189",0.0404643634130792,1.05326752390022e-14,2.28627592007292e-14
"CDC42BPB",0.0404510264912313,1.07458845045385e-14,2.33178204084543e-14
"TAF1B",0.0404453484106575,1.08379402407056e-14,2.35097721611591e-14
"GIMAP1",0.0404284936085743,1.1115793024171e-14,2.40885166695491e-14
"HNRNPLL",0.0404034448712893,1.15417188327918e-14,2.49866747446333e-14
"GTF2B",0.0403446164797198,1.26061894314363e-14,2.72730862020949e-14
"TOMM70",0.0403282286851032,1.29195411938637e-14,2.794176656483e-14
"HAT1",0.0402901017480285,1.36785275894296e-14,2.95734832604797e-14
"CBR4",0.0402751847664661,1.39872713404032e-14,3.02310016606798e-14
"NONO",0.0402526183014823,1.44674155667193e-14,3.12584147307373e-14
"BZW1",0.0402465283991537,1.45997446428392e-14,3.15339050131757e-14
"ING4",0.0402414119131932,1.47118420531341e-14,3.17655295057434e-14
"DUSP11",0.0402361105989947,1.48288820636173e-14,3.20076695054242e-14
"MVP",0.0402053186968179,1.55270272832462e-14,3.35035327979749e-14
"SCO1",0.0402010553585249,1.56262040711595e-14,3.37064078578821e-14
"CLDND1",0.040197364468502,1.57125672908376e-14,3.38815187821558e-14
"MBNL2",0.0401857310190677,1.59878628072537e-14,3.44637807562891e-14
"CYB5B",0.0401357742523623,1.72249842567021e-14,3.71183081972045e-14
"ZNRF2",0.0401170046559165,1.77137324467507e-14,3.81589399462459e-14
"KLF3",0.0400783194753083,1.8764502404812e-14,4.04091952314429e-14
"ARFRP1",0.0400650302153633,1.91394293653343e-14,4.12030257459847e-14
"SEC61A1",0.0399769968128354,2.18160182187817e-14,4.69342307056251e-14
"COQ2",0.0398623329197704,2.58604535276546e-14,5.55804224733088e-14
"CEBPZ",0.0398564594074795,2.60863914101407e-14,5.60475935062437e-14
"TOR1A",0.0397779765135316,2.92983166761002e-14,6.29071902884543e-14
"TTC37",0.0397684610704079,2.97132523726823e-14,6.37771648104388e-14
"C22orf39",0.039715185935795,3.21453991574773e-14,6.89523030484208e-14
"RETREG2",0.0397116897426935,3.23116839262986e-14,6.92862543490129e-14
"HPS4",0.0396820581139303,3.37554039667393e-14,7.23583052900136e-14
"ALDH9A1",0.0396536332295265,3.51998641334125e-14,7.5405213533503e-14
"FASTKD2",0.0396224989857809,3.68517972519279e-14,7.89181298503454e-14
"CCDC28A",0.0396204814000705,3.69614389612991e-14,7.91270097999259e-14
"ZFAND1",0.0396103418180352,3.75173299825774e-14,8.02907703522392e-14
"DDX24",0.0395951137760151,3.83676687382993e-14,8.20837101475789e-14
"GMFB",0.0395849929440275,3.8943273453608e-14,8.3287903774841e-14
"KIF22",0.0395657312985055,4.00623009772472e-14,8.5653147086083e-14
"UCHL5",0.0395390942668789,4.16620653822877e-14,8.90152233560121e-14
"GNPTAB",0.0395336806788194,4.19947921373711e-14,8.96968150911899e-14
"SIPA1L2",0.0395244247349046,4.25697384640359e-14,9.08951502540387e-14
"GDI1",0.039516378475667,4.30758271245481e-14,9.19457256742722e-14
"DHX29",0.0395053931477215,4.3776338992379e-14,9.34104779152003e-14
"DHRS7B",0.0394996502860106,4.41469957441124e-14,9.41706551957609e-14
"RNF114",0.0394824326560777,4.5276851619677e-14,9.6549268065704e-14
"NPTN",0.0394136431144414,5.00816367738983e-14,1.06690694437194e-13
"HDGFL2",0.0393923621644945,5.16671271928122e-14,1.09996638745232e-13
"NOM1",0.0393887589527691,5.19404184039808e-14,1.10542465991285e-13
"MCM5",0.0393574573346874,5.43751232529519e-14,1.15686480907191e-13
"UBE2S",0.0393052522820476,5.86876618146523e-14,1.24780465998113e-13
"VCP",0.0392903882249851,5.99758806506631e-14,1.27477993398581e-13
"COPB1",0.039272152171368,6.15943593503839e-14,1.30875502578099e-13
"MED7",0.0392172806892372,6.6727678882556e-14,1.41736700628379e-13
"LPIN1",0.0391932651877576,6.91045665517188e-14,1.46737790229015e-13
"VAMP3",0.0391893577542032,6.94990906085783e-14,1.47527615064573e-13
"DNAJB12",0.0391852454119854,6.9916695097578e-14,1.48365904754289e-13
"CAB39",0.0391591542759976,7.26242878732237e-14,1.54061516585054e-13
"PHF5A",0.0391456155065281,7.40696174069917e-14,1.57076600261729e-13
"GNAI3",0.0390914320170256,8.01423701245632e-14,1.69899745743967e-13
"PAM16",0.0390722499387317,8.24074521549041e-14,1.74645031503651e-13
"LRRC25",0.0390607093486159,8.38003961286913e-14,1.77539530100254e-13
"CNPPD1",0.0390575573217498,8.41848509784172e-14,1.78296260348847e-13
"CHTOP",0.0390161589525148,8.93980498705799e-14,1.89276052478579e-13
"MCRS1",0.0390151208254088,8.95327758459127e-14,1.89499931524952e-13
"PHACTR1",0.038950251506751,9.83592599177173e-14,2.0804685905598e-13
"TCAIM",0.0389197284064711,1.02803000008366e-13,2.17375813083667e-13
"COMMD9",0.0389056154358811,1.04923794273813e-13,2.21788479457545e-13
"ANXA11",0.0388772497324232,1.09317268948214e-13,2.30926108039879e-13
"GNG10",0.0388732724947409,1.09947568414491e-13,2.32182558880472e-13
"HAUS2",0.0387967046696657,1.2280204083522e-13,2.59244347103864e-13
"DLST",0.0387641387531148,1.28706850564606e-13,2.71622139764815e-13
"ATRN",0.0387569952202921,1.30038947920012e-13,2.74344834301723e-13
"TULP4",0.0387538292879492,1.30633642114572e-13,2.75510565208087e-13
"RAB20",0.0387522422980613,1.30932749784361e-13,2.7605234378915e-13
"ALDOA",0.0387395719480861,1.33345050325353e-13,2.81047691498117e-13
"PDCL",0.0387383967535671,1.33570995612702e-13,2.81433183794988e-13
"SCAF1",0.0387325448990177,1.34701697677334e-13,2.83724129965984e-13
"ARL11",0.03873211501434,1.34785130343055e-13,2.83808432265022e-13
"NUP160",0.0387132472099263,1.38497475706466e-13,2.91531389622948e-13
"ATF4",0.0386983793188974,1.41493428870474e-13,2.97741885405588e-13
"SLFN11",0.0386496150404867,1.51773571427073e-13,3.1927143178578e-13
"SLC35A4",0.0385371771330731,1.78355681578763e-13,3.74587036993882e-13
"PPARGC1B",0.0385304601216864,1.80080998431467e-13,3.7808913543511e-13
"PCGF5",0.0384865464459179,1.91771536663445e-13,4.02117481303914e-13
"SRP72",0.0384802951124321,1.93495246866374e-13,4.05601771084435e-13
"SYF2",0.0384656117097486,1.97604058330477e-13,4.14081837616877e-13
"NR1H2",0.0384450359804512,2.03506249611999e-13,4.26313316233019e-13
"CAPZA2",0.0384137186752116,2.12823568026887e-13,4.45688817347785e-13
"LRPPRC",0.0384027399488645,2.16188080004511e-13,4.525897108772e-13
"AP1AR",0.038394901990284,2.18621992060924e-13,4.57392186910184e-13
"ID2",0.0383940905938703,2.18875486278641e-13,4.5777604903703e-13
"MED29",0.0383538823960511,2.31805509518586e-13,4.84356179265778e-13
"PTPA",0.0383519647626826,2.32440573105564e-13,4.85526027784083e-13
"GCNT1",0.0383359963783833,2.37795626479987e-13,4.96553115913815e-13
"LYAR",0.0383326053385731,2.38948327190659e-13,4.98800818382034e-13
"TDP2",0.0383310892973769,2.39465441912098e-13,4.99720733872102e-13
"LAMTOR3",0.0383211469496306,2.42884079334623e-13,5.06693079352191e-13
"RAP2B",0.0382749764740152,2.59398264042866e-13,5.40971563098009e-13
"ARL16",0.0382092501902056,2.8482473843695e-13,5.93808718080606e-13
"SCAMP1",0.0381939839281394,2.91072166164394e-13,6.06446724787383e-13
"RUFY1",0.0381633725959969,3.04007484046307e-13,6.33195581616679e-13
"CDIPT",0.0381332923396308,3.1726778599458e-13,6.60604071602727e-13
"BOP1",0.038119831962493,3.23383958897518e-13,6.73124585568917e-13
"APOL2",0.0380903065512816,3.372082401246e-13,7.01676471653289e-13
"DUSP3",0.0380057372313425,3.80097165602739e-13,7.90167017078126e-13
"PPIL4",0.0379656135459656,4.02276877264363e-13,8.36009606978515e-13
"PGP",0.0379564860561906,4.07497154569929e-13,8.46589258525006e-13
"PGAM1",0.0379542678872357,4.08775803254253e-13,8.48975921752321e-13
"CARD19",0.037953443360564,4.09252099859067e-13,8.49695213997643e-13
"CASP7",0.0379364834053856,4.19170972924773e-13,8.69736534745214e-13
"GTF2H1",0.0379175201340603,4.30541125574696e-13,8.93045012375433e-13
"PIP4K2A",0.0378699759663829,4.60396344443098e-13,9.54063803476695e-13
"ARHGAP5",0.0378514239962843,4.72589383916386e-13,9.7901285863231e-13
"CCAR1",0.0378512047929091,4.72735331095473e-13,9.7901285863231e-13
"IKBIP",0.0378423551010364,4.78664621968939e-13,9.90978245228917e-13
"SNX4",0.037837453397396,4.81980120751074e-13,9.97526441744388e-13
"AC008105.3",0.03778633728797,5.17926877762919e-13,1.07056779222699e-12
"AIFM1",0.0377588362357178,5.38342484116007e-13,1.11241566408042e-12
"B3GALT4",0.0377196063863678,5.68838737476447e-13,1.17468972382218e-12
"CAPN1",0.0376736760557447,6.06703403303991e-13,1.25209180896512e-12
"MLF2",0.0376609669509922,6.17610671386828e-13,1.27419961171571e-12
"TTC1",0.0376594597836729,6.18916858743845e-13,1.27649161592027e-12
"RAB22A",0.0376580082526097,6.20177392267593e-13,1.2786880449844e-12
"PPP2R3C",0.0376526508178236,6.24851731752952e-13,1.28751359035638e-12
"PPP1R8",0.037641823210827,6.34404601970356e-13,1.30678553487152e-12
"RRN3",0.0376196902728542,6.54380037398056e-13,1.34750761716803e-12
"SPN",0.0376074402698354,6.65700012020326e-13,1.3695238132753e-12
"JUND",0.0375918928181236,6.80344216228135e-13,1.39921059631946e-12
"PRR34-AS1",0.0375635594708395,7.07849121195189e-13,1.45486248172718e-12
"FEZ2",0.0375436711217223,7.278049648983e-13,1.49540818997646e-12
"MAPKAP1",0.0375259993670372,7.45999326503696e-13,1.53231027228437e-12
"DDX19B",0.0375184817480438,7.53873941087307e-13,1.54799868933066e-12
"MFNG",0.037513283064568,7.59367159082159e-13,1.55878884963239e-12
"HNRNPA0",0.0374873289361914,7.87384856090751e-13,1.61579478629044e-12
"TMX1",0.0374869503439266,7.87800966732406e-13,1.61614142469296e-12
"DDX54",0.0374790086712077,7.96579576195703e-13,1.63363778832105e-12
"NSMCE3",0.037465415213784,8.11828924736131e-13,1.66438931010499e-12
"EPHB2",0.0374593889910176,8.18680556251411e-13,1.67791018080618e-12
"MTHFS",0.0374577375843163,8.20568041974659e-13,1.68125160088697e-12
"GAS2L1",0.0374289671235356,8.54145164830831e-13,1.74949908761403e-12
"ZNF146",0.0374164035151196,8.69227376011804e-13,1.77927632572485e-12
"MARCH5",0.037400637745987,8.88523882400909e-13,1.81763740398534e-12
"HEATR5A",0.037381916797566,9.11983892910276e-13,1.86504557142552e-12
"ITSN1",0.0373627592479243,9.36620183974804e-13,1.91482888143442e-12
"UBXN6",0.0373507075880359,9.52451864618683e-13,1.94658652418786e-12
"ARID1B",0.0373204667244543,9.93343208106169e-13,2.02825668163589e-12
"CCDC130",0.0372616080380824,1.07793132210754e-12,2.19891263149426e-12
"RRBP1",0.0372438073564878,1.10487775484247e-12,2.25247607145621e-12
"TMEM173",0.0372317073598207,1.12357080269144e-12,2.28987091895158e-12
"ATP5MPL",0.0372270010749095,1.13092497488384e-12,2.30342289276964e-12
"SLC44A1",0.0372190284161533,1.14349120168355e-12,2.32829195783464e-12
"ARID5A",0.0372094324285832,1.1587978550234e-12,2.35872365384277e-12
"TMED7",0.0371735521545024,1.21783272826983e-12,2.47811714205669e-12
"TRIM56",0.0371702910152545,1.22334241800999e-12,2.48855405381124e-12
"SIGLEC10",0.03715587493043,1.24799284055104e-12,2.53790892426834e-12
"STK32C",0.0371154101188071,1.31981806504151e-12,2.68230354654691e-12
"SPTAN1",0.0371144477604158,1.32157471532904e-12,2.68503899590469e-12
"CRCP",0.0370970295856081,1.3537685571264e-12,2.74959267676062e-12
"AC118549.1",0.0370778887685098,1.39003398768346e-12,2.82237335760077e-12
"KHSRP",0.0370736548599825,1.39818364651178e-12,2.83803932967838e-12
"DNAJC21",0.0370703979186764,1.4044846690038e-12,2.84994437180225e-12
"GORASP2",0.0370700616443917,1.40513682464103e-12,2.85038304669656e-12
"BSDC1",0.0370328994734989,1.4790683305584e-12,2.99942578945125e-12
"TTF1",0.0369942966602111,1.5599056055515e-12,3.16237607723898e-12
"TWISTNB",0.036991812413136,1.56525373311884e-12,3.17223462713297e-12
"WDR55",0.0369903668046315,1.56837413774384e-12,3.17757363265237e-12
"DFFA",0.0369886067575904,1.57218150976669e-12,3.18430071587814e-12
"CNOT4",0.0369877799347385,1.57397323986934e-12,3.18694241011637e-12
"EMC1",0.0369699902106207,1.61301254622063e-12,3.2649770982014e-12
"GNB1",0.0369385395024759,1.68436792376867e-12,3.40835576774979e-12
"RPN1",0.0369176863342526,1.73337738967587e-12,3.50644225671437e-12
"ARHGAP21",0.0368970958499921,1.7831411260748e-12,3.60599340621003e-12
"ITGAE",0.0368801535844211,1.82513645087982e-12,3.68977801974405e-12
"TSPYL1",0.0368262975397998,1.9651784759841e-12,3.9716651857756e-12
"TATDN3",0.0368256180787489,1.96701093741132e-12,3.97414014486872e-12
"SNAPC3",0.0368148358934586,1.99631509704058e-12,4.03210012494633e-12
"ZNF688",0.0367869948672307,2.07397711243207e-12,4.18637306609475e-12
"HADHA",0.0367745525986586,2.10963547744965e-12,4.2570360344339e-12
"MFSD11",0.0367671924610639,2.13101127560236e-12,4.29884348037279e-12
"SMAP1",0.0367434009129941,2.20157174861733e-12,4.43844467852608e-12
"YARS",0.0367355123557786,2.22546946655105e-12,4.48394203175861e-12
"GOSR1",0.0366396589106463,2.53698141348947e-12,5.10834138632404e-12
"COPG1",0.0366207620849492,2.60325625362165e-12,5.24017530362634e-12
"USP36",0.0366129362992868,2.63119731530316e-12,5.2947885649283e-12
"PSMC6",0.0365725681608634,2.78006464540223e-12,5.59091438069509e-12
"TAF11",0.0365084778613807,3.03353971354352e-12,6.09692058012528e-12
"ARL4C",0.0365056397589607,3.04527341738038e-12,6.11862249626089e-12
"ANKRD12",0.0364909848566705,3.10657369595375e-12,6.23987060649635e-12
"NDUFS1",0.0364812299469743,3.1480467496855e-12,6.32123146481689e-12
"SF3A3",0.0364599753775715,3.24029976874384e-12,6.50447647775475e-12
"PCYT1A",0.0364537975626251,3.26760752624253e-12,6.55727992835287e-12
"CEP170",0.036453287711337,3.26987127218234e-12,6.5598092597509e-12
"PSMB10",0.0364354071554868,3.35024112798418e-12,6.7189805198652e-12
"CDC27",0.0364216273543838,3.41349733470364e-12,6.84374289306728e-12
"SEPTIN2",0.0363950792328417,3.53868513596983e-12,7.0925577617936e-12
"OSTM1",0.036298451048253,4.03350909750671e-12,8.07442819335545e-12
"WDR33",0.0362817503487738,4.12564996875398e-12,8.25635123835737e-12
"CCDC18-AS1",0.0362688778830496,4.19807496203771e-12,8.39358229412923e-12
"KARS",0.0362642938895072,4.22416588243548e-12,8.44186001886152e-12
"NGDN",0.0362641821935882,4.22480360686982e-12,8.44186001886152e-12
"FAF2",0.0362447147137973,4.33740647832586e-12,8.66421129095463e-12
"MGAT4A",0.036192967418195,4.65122000875806e-12,9.28256300893168e-12
"AC253572.2",0.0361825597556886,4.71697208324257e-12,9.41091348191636e-12
"EDEM2",0.0361764688989504,4.75587377722505e-12,9.48563232321457e-12
"UBAP2",0.0361744583652706,4.76878375968318e-12,9.50848070167998e-12
"BRD2",0.0361707149832101,4.79291224422175e-12,9.55367690631762e-12
"ABCF2",0.0361562197564,4.88747721498838e-12,9.73623584143634e-12
"RNF14",0.036150850174085,4.92296987987255e-12,9.80395280981015e-12
"ALYREF",0.0360512705673473,5.62888567467948e-12,1.12029389774899e-11
"CHCHD7",0.0360498264996372,5.63981964416591e-12,1.12212844898225e-11
"ZDHHC6",0.0360091617505968,5.95641079030088e-12,1.18475855634278e-11
"PREPL",0.035993097758224,6.08621833984155e-12,1.21020971733224e-11
"TOR4A",0.0359915274733511,6.0990550272939e-12,1.21239348642285e-11
"PCMT1",0.035991197491781,6.10175591622652e-12,1.21256170760757e-11
"METTL21A",0.0359554299195802,6.40156861757681e-12,1.27142853011857e-11
"ATF6B",0.0359513049121682,6.43706044560693e-12,1.2780291889881e-11
"TLNRD1",0.0359435846492747,6.50400501647408e-12,1.29092850023399e-11
"FNDC3A",0.0359047564110352,6.85117775531003e-12,1.35942337372434e-11
"TMEM176B",0.0358868755486137,7.01710039826481e-12,1.39180397452894e-11
"AC020916.1",0.0358867130659171,7.01862603857743e-12,1.39180397452894e-11
"SNX11",0.0358807185701982,7.07513945969873e-12,1.40258525735325e-11
"ARL2BP",0.0358804592332757,7.07759440849374e-12,1.40264662754568e-11
"COA1",0.0358642541968732,7.23266238873573e-12,1.43250974545757e-11
"TRIM4",0.035844838542475,7.4228412318088e-12,1.4697315558318e-11
"LCP2",0.035843328639021,7.43783460050554e-12,1.47225439352423e-11
"KIF5B",0.0358148665569577,7.72607991913561e-12,1.52884717043912e-11
"CCDC82",0.0357997059988034,7.88405504746394e-12,1.55963545840603e-11
"TBC1D1",0.0357744799994419,8.15395540253778e-12,1.61107767971568e-11
"TSN",0.0357725055179801,8.17545894031949e-12,1.61483838525102e-11
"RMDN1",0.0357701605262973,8.20106979272943e-12,1.61891891017104e-11
"VPS36",0.035755972077297,8.35771420434157e-12,1.64934305668534e-11
"E2F4",0.0357290661628841,8.66285428710316e-12,1.70904469912735e-11
"SMAD5",0.0357180646124507,8.79074325227264e-12,1.73375201759754e-11
"UHRF1BP1",0.0357130200778322,8.85000089515843e-12,1.74491272172937e-11
"CDC34",0.0357088015435803,8.89985592937847e-12,1.75421338758747e-11
"TRAF7",0.0356853792515967,9.18170847338781e-12,1.809222724503e-11
"ACYP2",0.0356707691910049,9.36192807289743e-12,1.84362306447601e-11
"CCSAP",0.0356572282382165,9.53205168313042e-12,1.87655988871745e-11
"COPS3",0.0355858969436883,1.04794680537564e-11,2.06183455117242e-11
"GDI2",0.0355739281382202,1.06472283970351e-11,2.09421116906785e-11
"KIAA1191",0.0355662516892146,1.07562068459371e-11,2.1150099356011e-11
"ZNF580",0.0355574555103696,1.08824252172723e-11,2.13918508931228e-11
"LUZP1",0.0355366117806395,1.11873373700167e-11,2.19846142846916e-11
"CHML",0.0355240461034592,1.13751808308914e-11,2.23403221004411e-11
"TMEM165",0.0354866275641908,1.19530344124882e-11,2.34681498465009e-11
"RAB5A",0.0354731486847542,1.21681537129356e-11,2.38833350270707e-11
"RNASEH2C",0.0354717580675371,1.21905622044805e-11,2.39201367625731e-11
"AMZ2",0.035461844169606,1.23514907960823e-11,2.42286369111268e-11
"AC025164.1",0.0354325932824553,1.28385330148984e-11,2.51689141983225e-11
"EBPL",0.035424465317952,1.2977174822352e-11,2.54330842291779e-11
"RPF1",0.0354220457679265,1.30187284977111e-11,2.55068765112481e-11
"GGCX",0.035417128606686,1.31035784168474e-11,2.5665427108852e-11
"IDH3B",0.0354005400138529,1.339384417842e-11,2.62182494726077e-11
"CKAP5",0.0353965544078692,1.34645168257581e-11,2.63487012890771e-11
"SHPRH",0.0353874015608873,1.36282001203409e-11,2.66610330301583e-11
"DDI2",0.0353687634405354,1.39675590104225e-11,2.73167516632194e-11
"TTC19",0.0353665487367437,1.4008429910231e-11,2.73884912539146e-11
"CCNDBP1",0.035351727699793,1.42849728881831e-11,2.79208229425833e-11
"PNKP",0.0353400714560362,1.45062139583154e-11,2.83447779018129e-11
"SLC33A1",0.0353092482105017,1.51075497451889e-11,2.95021386601091e-11
"YIPF4",0.0352768964150716,1.5764958360393e-11,3.07767386563898e-11
"NOL8",0.0352754065553165,1.57958986442411e-11,3.08279359212084e-11
"RBCK1",0.0352198289279529,1.69935569569247e-11,3.31455475490375e-11
"RPP25L",0.0351905723922245,1.7659285138459e-11,3.44337626708156e-11
"MTREX",0.0351782732634853,1.79467137120437e-11,3.49837848089868e-11
"JMJD8",0.0351731693640375,1.80673313610163e-11,3.52084090725259e-11
"SMIM3",0.0351688313484459,1.81704730365082e-11,3.53988536092642e-11
"SMIM7",0.0351594720183038,1.83949703393584e-11,3.58255335355153e-11
"TIMM10B",0.0351209958855054,1.93467526915463e-11,3.76679776942614e-11
"UCKL1",0.0351079268231863,1.96808831242863e-11,3.83071193410491e-11
"SNRNP35",0.0350962661973952,1.99837695855944e-11,3.88850849853024e-11
"ZC3H14",0.0350844268554698,2.02959663236044e-11,3.94690743080682e-11
"OXLD1",0.035067342008323,2.07549171211501e-11,4.03495831513766e-11
"CCNG1",0.0350386535079809,2.15485333869115e-11,4.1879997408926e-11
"CAPRIN1",0.0350236120158894,2.19764236836492e-11,4.2698917695007e-11
"IFITM3",0.0350030393549312,2.25751552246569e-11,4.38361641992299e-11
"SNRNP48",0.0349808830959299,2.32378361857166e-11,4.50961629510879e-11
"SUCLG2",0.0349731102577764,2.34747995826658e-11,4.55289942662323e-11
"UQCRC1",0.0349278111911955,2.49035891316395e-11,4.82714692388554e-11
"BTN3A2",0.03492288388101,2.5064043239046e-11,4.85680837868651e-11
"MOB2",0.0348983707339746,2.58774568705204e-11,5.01294260798406e-11
"TMEM203",0.0348896226645869,2.61739526687342e-11,5.06887744514763e-11
"RNF126",0.0348783432172902,2.65611554756418e-11,5.14081807281664e-11
"PHACTR4",0.034872673529337,2.6757897334327e-11,5.17736409505268e-11
"CPSF6",0.0348384384598414,2.79765453228668e-11,5.4099572115026e-11
"MTDH",0.0348152412073638,2.88329889617508e-11,5.57392317657974e-11
"NAP1L4",0.0348005732390507,2.9387718281592e-11,5.6778044363194e-11
"CWC27",0.0347822806676586,3.00941793073079e-11,5.8125773799462e-11
"SPG21",0.0347722562923594,3.04883439169884e-11,5.88696965532399e-11
"ZFHX3",0.0347698294040236,3.05845277539748e-11,5.9037981238703e-11
"DENND1B",0.0346890491113068,3.39611326216492e-11,6.5536565844257e-11
"DDX21",0.0346826663484509,3.42429688905546e-11,6.60609414595591e-11
"CHM",0.0346733093288527,3.46602774855441e-11,6.68265686229689e-11
"SRGAP1",0.0346401850952342,3.61779450920313e-11,6.97321359114684e-11
"CD2AP",0.0345935292119265,3.84264196622205e-11,7.40441885504267e-11
"RARS",0.0345617544575433,4.00354177979562e-11,7.71218507846310e-11
"UBA1",0.0345586404063915,4.0196607780133e-11,7.74095498281324e-11
"DHRS1",0.034544397910069,4.09419600084118e-11,7.88217121716715e-11
"ARSB",0.0345385318055728,4.12528674115089e-11,7.93968934755505e-11
"EID1",0.0345323780001478,4.15815058074863e-11,8.00058519627268e-11
"AP1B1",0.0345024016395908,4.32193515932533e-11,8.30838343771509e-11
"RABEP1",0.034475259517833,4.47566791001803e-11,8.59633278369503e-11
"CCDC47",0.034426744493039,4.76389258338501e-11,9.14723339505762e-11
"HMGN2",0.0344222499559958,4.79149553169187e-11,9.19483351517506e-11
"DPP9",0.0343855211980856,5.0230042453747e-11,9.63626812096826e-11
"SREK1IP1",0.0343566163825422,5.2128584431646e-11,9.99462419396192e-11
"LRMDA",0.0343467599664626,5.27918898666869e-11,1.01158668214654e-10
"SH3GLB1",0.0343041551437258,5.57552935071535e-11,1.06774490026295e-10
"RFC1",0.0342609739048519,5.89246556034341e-11,1.12810951196267e-10
"DGLUCY",0.0342369580172638,6.07629049935631e-11,1.16296215704893e-10
"ZNF264",0.0342342376123624,6.09746366272456e-11,1.16667302975982e-10
"ARPC5L",0.034231517794405,6.11870438947212e-11,1.17039465472115e-10
"THG1L",0.0342266904640289,6.15658232405989e-11,1.17729556112032e-10
"ARPIN",0.0342049959818982,6.32965983099781e-11,1.21003847880303e-10
"SNW1",0.0341815382088011,6.52215999181648e-11,1.24647418960819e-10
"SAE1",0.0341552039379367,6.74509065501959e-11,1.28870259212502e-10
"NKAPD1",0.0341167992436254,7.08361694083422e-11,1.35298532162355e-10
"SSBP4",0.0340982113773528,7.25337577540606e-11,1.38460060787167e-10
"ATG5",0.0340877999060069,7.35019298343384e-11,1.4026725547487e-10
"HCP5",0.0340201847359876,8.01042356246925e-11,1.52777564910805e-10
"MLST8",0.0340140119383228,8.07350923321243e-11,1.53935851171604e-10
"USP5",0.0340124096928416,8.08996335094268e-11,1.5420460754654e-10
"SNRPA",0.0339566386220144,8.68358802735123e-11,1.65423363994238e-10
"BMP2K",0.0339479488191163,8.77983761560211e-11,1.67208209527546e-10
"BAD",0.0339441494109684,8.82224744071226e-11,1.67966959136217e-10
"HMGCS1",0.033943366849097,8.83100740972671e-11,1.68084793143503e-10
"SDCBP",0.0338874027292454,9.48001684046738e-11,1.8022782815637e-10
"PYCARD",0.0338691777234644,9.70126552878157e-11,1.84380447753413e-10
"CIR1",0.0338688704026951,9.70503929879292e-11,1.84398567089532e-10
"SSRP1",0.0338428312427616,1.00300558765995e-10,1.90518609300428e-10
"PLXNB2",0.0338298479617202,1.01960625944038e-10,1.93615617897798e-10
"DHX30",0.033805648079977,1.05126857599414e-10,1.99570091459051e-10
"CHST11",0.0338041461260516,1.0532650490138e-10,1.99891056326625e-10
"BMS1",0.0337946565346297,1.06596505114286e-10,2.02242585733373e-10
"IL27RA",0.0337944076226191,1.06630017891595e-10,2.02247478089716e-10
"CUL2",0.0337911690275378,1.07066992643158e-10,2.02964666634614e-10
"PPP1CC",0.0337911451146985,1.07070225638236e-10,2.02964666634614e-10
"NDUFA10",0.033787293381527,1.07592224156425e-10,2.03895061314408e-10
"RBM28",0.0337738327239278,1.09436064414988e-10,2.07269116206603e-10
"ADIPOR1",0.0337537147547263,1.12249534730894e-10,2.12536188262551e-10
"DDB1",0.0337516460860268,1.125428126553e-10,2.13029794192343e-10
"SF3B4",0.0337153434675436,1.17813069647404e-10,2.22941200970977e-10
"CASP4",0.033714741452445,1.17902469748737e-10,2.23045818060544e-10
"ZMPSTE24",0.0336556514559798,1.27007770168121e-10,2.40062677467239e-10
"DRG1",0.0336511082334383,1.27735626756237e-10,2.41368649633606e-10
"SEC23A",0.0336337333143917,1.30557009234751e-10,2.46628640964114e-10
"DLD",0.0335156081152459,1.51419503116775e-10,2.85626287183345e-10
"CPQ",0.033471551437941,1.60006775981687e-10,3.01737612162754e-10
"SF3B3",0.0334406858092548,1.66304532785011e-10,3.13523366594119e-10
"NSUN5",0.0334280387943582,1.6895438186849e-10,3.184271399989e-10
"DOT1L",0.0334143239347588,1.71874597794056e-10,3.23650956329936e-10
"RNF130",0.0333859036304192,1.78083786223462e-10,3.35053753763739e-10
"SRSF8",0.0333713955548681,1.81337425657165e-10,3.41077125703839e-10
"EPB41L4A-AS1",0.033363087796993,1.83226631675271e-10,3.44531411530895e-10
"UBQLN1",0.033361106595376,1.83679993945215e-10,3.45284588963144e-10
"RB1",0.0333543660831295,1.85230660839153e-10,3.4809947127519e-10
"RPIA",0.0332574754447743,2.08985373909337e-10,3.92628268568749e-10
"GPN1",0.0332349121600097,2.14930581908537e-10,4.03565808305002e-10
"STIMATE",0.0332016715790323,2.23991208580488e-10,4.20095961474248e-10
"MOV10",0.0331939012479569,2.26162430766935e-10,4.24046450345345e-10
"HPS5",0.0331840318245942,2.2894984638442e-10,4.29149683389146e-10
"HDAC3",0.0331655333751755,2.34265024208691e-10,4.38735241557268e-10
"STX18",0.0331281906621232,2.45364516505277e-10,4.59390953296534e-10
"CWF19L2",0.0330797060784941,2.60544663404303e-10,4.87533202443427e-10
"SYNGR1",0.0330658720430379,2.650416426816e-10,4.95664261971483e-10
"TRAPPC12",0.0329953119335884,2.89183942667222e-10,5.40504464596425e-10
"CYB5R1",0.0329919703171228,2.90379028303569e-10,5.42583048599238e-10
"SNHG17",0.0329088263484417,3.21716755688152e-10,6.00623686090559e-10
"LAS1L",0.0328477366761089,3.46822735916535e-10,6.47310033520499e-10
"MIEF1",0.0328378251650737,3.51072476037947e-10,6.5505475123747e-10
"ISG20",0.0328295305425819,3.54667984770398e-10,6.61574688852742e-10
"CASC3",0.0328101062495733,3.63229170027956e-10,6.77157774064094e-10
"CIAO1",0.032793514588032,3.70701375788032e-10,6.90694099430651e-10
"CMAS",0.0327749851180199,3.79223712322013e-10,7.0637168978955e-10
"COPB2",0.0327461089943023,3.92887446200011e-10,7.31614389990224e-10
"C20orf27",0.032637703719403,4.48604651964562e-10,8.34417415233089e-10
"FKBP8",0.0326344185347212,4.50408250067789e-10,8.37533884796133e-10
"THUMPD3",0.0326170139523685,4.60082240551393e-10,8.55036295828597e-10
"PRPF4B",0.0326097690886924,4.64168663770321e-10,8.62385542407036e-10
"ZCCHC9",0.0325758537728516,4.837742604197e-10,8.98555714381817e-10
"ZNF91",0.0325533338220759,4.97236528932658e-10,9.23035896127688e-10
"UBL7",0.032529515035286,5.11872995864508e-10,9.49666755664629e-10
"PIK3R5",0.0324977003365499,5.3208029907696e-10,9.86499017270422e-10
"SEPTIN6",0.0324975488610295,5.32178347187638e-10,9.86499017270422e-10
"XPOT",0.0324641481019043,5.5423434578286e-10,1.02680197016955e-09
"HSD17B12",0.032442529790362,5.68982715393325e-10,1.05382691026673e-09
"TRMT2A",0.0322909327693997,6.83717014742458e-10,1.2652538472647e-09
"INAFM2",0.0322497519203572,7.18597954070205e-10,1.32905047346846e-09
"SNX1",0.0322128175628148,7.51354370334658e-10,1.38924063157466e-09
"RIPOR1",0.0322037570378397,7.59609836823599e-10,1.40371088557171e-09
"NUTM2B-AS1",0.0321989450074701,7.64030206405548e-10,1.4114804999942e-09
"GLUL",0.0321962059103962,7.66557558170067e-10,1.41574952410054e-09
"NSMCE4A",0.0321798022883832,7.8186462916558e-10,1.44361224102925e-09
"AC245014.3",0.0321535123673651,8.07020975473181e-10,1.48963950808686e-09
"ATG3",0.0321173920849269,8.42875069688762e-10,1.55538165555324e-09
"PMM2",0.0321142987565999,8.46016834594464e-10,1.56073873154024e-09
"OIP5-AS1",0.0321097865473835,8.50620187912674e-10,1.56878837477378e-09
"PHTF2",0.0320856247340613,8.75688756741117e-10,1.61411138753127e-09
"OSBP",0.0320768467633591,8.84973402361063e-10,1.63076553118282e-09
"NFX1",0.0320628678625984,8.99957699853856e-10,1.65791023996746e-09
"LIX1L",0.0320318351231221,9.34112111170964e-10,1.71986059781351e-09
"ERGIC1",0.0320050795770733,9.64571146709505e-10,1.77444179999627e-09
"CCDC14",0.0320014650195917,9.68759574347336e-10,1.78164559692908e-09
"SMAD2",0.0319346392914026,1.04946746844474e-09,1.92899024703169e-09
"RRAGC",0.0318499438967058,1.16122270120636e-09,2.1326050619346e-09
"RMND5B",0.0318293584590331,1.19009057377223e-09,2.18500763025073e-09
"SURF2",0.0317810485476749,1.26061255601158e-09,2.31383629736208e-09
"VOPP1",0.0317785765934814,1.26432857534364e-09,2.31935472098673e-09
"MAPK6",0.0317761266443595,1.26802204992679e-09,2.32547774541974e-09
"NAA25",0.0317691040793521,1.27866745043886e-09,2.34368595205193e-09
"SLC30A7",0.0317627255505545,1.28841203085287e-09,2.36088504980832e-09
"RPS24",0.0317438436557843,1.31768443860388e-09,2.41317110912945e-09
"TMEM41B",0.0316914734696214,1.40230719069166e-09,2.567427726895e-09
"UBAC2",0.0316903491977473,1.40418072073907e-09,2.57013817250616e-09
"POGLUT1",0.0316885353509317,1.40720852938104e-09,2.57495924016043e-09
"GRPEL1",0.0316757983091502,1.42865010929705e-09,2.61346234319645e-09
"PPP1R35",0.0316550084188205,1.4643337283399e-09,2.67798990654162e-09
"TTC28-AS1",0.0316150668920262,1.5353427174731e-09,2.80706674687896e-09
"TRIM27",0.0316112605591224,1.54228225781457e-09,2.81896600547712e-09
"SCYL1",0.0316057218321942,1.55243485416645e-09,2.83672975867531e-09
"TBC1D20",0.031598060335142,1.56658595509856e-09,2.86178792244605e-09
"HAUS4",0.0315472878281934,1.6635929137399e-09,3.03391087030167e-09
"ALDH16A1",0.0315310807709257,1.69577299476155e-09,3.09173559390714e-09
"SMIM14",0.0315233689592107,1.71129745315455e-09,3.11916998849301e-09
"ARFGAP3",0.0315067686642558,1.74518645011164e-09,3.18005267860365e-09
"TLR1",0.0314961399282203,1.76722713025091e-09,3.21931763097812e-09
"GNA15",0.0314893686478626,1.7814098376675e-09,3.24425000520059e-09
"ILF3-DT",0.0314881118312952,1.78405446349786e-09,3.24816153783041e-09
"SNX15",0.031478610934287,1.80417063615804e-09,3.28387183162619e-09
"EAF2",0.0314399304985733,1.8883742293403e-09,3.43617887877174e-09
"RNF41",0.0314297514548529,1.9111618831101e-09,3.4766767923689e-09
"ZNF480",0.0314146872916089,1.94537814202478e-09,3.53793665996051e-09
"ABHD2",0.0314079843858386,1.96079407976151e-09,3.56498100486117e-09
"APBB1IP",0.0314049753587839,1.96775315190987e-09,3.57663889552036e-09
"EED",0.0313695599316977,2.05148956963248e-09,3.7257330017381e-09
"CDYL",0.0313404385195651,2.12293618438099e-09,3.85441732115604e-09
"MRPL48",0.0313037969674238,2.21628294012092e-09,4.02278119447823e-09
"ILKAP",0.0312806656062146,2.27725755462925e-09,4.13230915685985e-09
"SRP68",0.0312646278655086,2.32048925666916e-09,4.20842129267767e-09
"YIPF1",0.0312609931297011,2.33039768435066e-09,4.22521909603012e-09
"ELAC2",0.0312519119262533,2.35533383111898e-09,4.26924662818294e-09
"EXOSC6",0.03123224886987,2.4102205996308e-09,4.36752280498508e-09
"KRIT1",0.0312260423446497,2.42780249463837e-09,4.39816367690377e-09
"CCDC43",0.0312042981487306,2.49039055400537e-09,4.5102973523787e-09
"UBXN4",0.0311808085383579,2.55976823459233e-09,4.63273486883591e-09
"MARS",0.031180690692991,2.56012099741575e-09,4.63273486883591e-09
"RPS17",0.0311569495933347,2.6321625146031e-09,4.76046432101661e-09
"SEC31A",0.0311514124622491,2.64924654475663e-09,4.79003703252733e-09
"TRAK1",0.0311287860579593,2.72018618316708e-09,4.91558243934394e-09
"CRYZL1",0.0311166602922906,2.75896141776973e-09,4.98427459225712e-09
"ACER3",0.0310963972174725,2.82496217418236e-09,5.09928290855999e-09
"GLRX",0.0310263702609429,3.06510441497575e-09,5.53123175962226e-09
"TAP2",0.0310205640091302,3.08588502123416e-09,5.56719543841858e-09
"STAU1",0.0310126280048644,3.11451003023657e-09,5.61728733177564e-09
"VPS50",0.0310115085359442,3.11856868129639e-09,5.62305627090894e-09
"CHAMP1",0.0310062672528256,3.13763962616354e-09,5.65588306475248e-09
"ZNF431",0.0309503286328284,3.34838310387617e-09,6.03410384044719e-09
"ERO1A",0.0309218686408953,3.46082954171427e-09,6.23502439893301e-09
"ACSL5",0.0309195954238159,3.46996798216963e-09,6.24976602408404e-09
"DDIT4",0.0309068413067625,3.52167740286564e-09,6.34115308728602e-09
"CLOCK",0.0308607970501387,3.71467269557924e-09,6.67946371938863e-09
"CLN3",0.0308047948560376,3.96331332188153e-09,7.1226340017761e-09
"AP1M1",0.030790581662366,4.02895093246561e-09,7.23661571331323e-09
"RBBP4",0.0307660352634762,4.14480773826339e-09,7.44062410564691e-09
"KLF16",0.0307421520231414,4.26064353192825e-09,7.64646923188221e-09
"LMBRD1",0.0307144065313846,4.39917012139881e-09,7.88858317435694e-09
"HSDL2",0.0306960745345314,4.49309169720264e-09,8.05258594197118e-09
"GTF3C2",0.0306894668256882,4.527421541654e-09,8.11188874741952e-09
"NKAP",0.0306749660084111,4.60365651048896e-09,8.24622089467859e-09
"RPAP3",0.0306389405331307,4.79849945763572e-09,8.59287577486232e-09
"CHMP2B",0.0306364178452321,4.8124399826198e-09,8.61547990316766e-09
"AC007952.4",0.0306119004461267,4.94999346867187e-09,8.85688486540139e-09
"GUCD1",0.0306106608457748,4.95704883982856e-09,8.86708216547172e-09
"CTNNA1",0.0305403145132341,5.37387614299469e-09,9.60743839838647e-09
"AP5M1",0.0305385771590392,5.38459042643696e-09,9.623961784594e-09
"RSBN1L",0.0305372339349514,5.39288834713179e-09,9.63615851695754e-09
"NAA50",0.0305039186236099,5.60272437449044e-09,1.00083639236116e-08
"SCAMP4",0.0305014064771917,5.61886521814409e-09,1.00344552844103e-08
"RNF2",0.0304813618769651,5.74928478177405e-09,1.0264561415412e-08
"SOAT1",0.0304624825111033,5.87481287403025e-09,1.04858112395331e-08
"EIF2B5",0.0304565418766799,5.91486043043125e-09,1.05544097964409e-08
"KPNA3",0.0304305841169774,6.09298650656496e-09,1.08692894351765e-08
"RBM14",0.0304223467842497,6.15059508181093e-09,1.09690645512493e-08
"DESI2",0.0303943004458674,6.35074004673796e-09,1.1319830541323e-08
"RAB35",0.0303827342877402,6.43511099086318e-09,1.14639661194178e-08
"IPO9",0.0303800916514217,6.45454051885389e-09,1.14954469932625e-08
"MLH1",0.0303447081832473,6.72025248126406e-09,1.19556491761917e-08
"ATF7",0.0303425631918263,6.73669782010431e-09,1.19816459052889e-08
"WDR73",0.0303384793505954,6.76811630073422e-09,1.20342519375035e-08
"REV3L",0.0303305005556704,6.82991178763857e-09,1.21408274245734e-08
"BLVRA",0.0303196408178831,6.91490243032516e-09,1.22885653953427e-08
"PHF19",0.0302854437412488,7.18930928810496e-09,1.27623416034836e-08
"SEC22C",0.0302776289245519,7.25348833823089e-09,1.28727759922241e-08
"TINF2",0.0302740680233485,7.28291662026612e-09,1.29214949425508e-08
"RNF146",0.0301873520395997,8.03648691890934e-09,1.42507598252859e-08
"PRRC1",0.0301809096755363,8.09540197716392e-09,1.43474486654101e-08
"KLHL36",0.0301801772349632,8.10212663030115e-09,1.43554753140675e-08
"PIP4P1",0.0301616179581897,8.27434616474895e-09,1.46566446017688e-08
"WDR13",0.0301427841911608,8.45274941976845e-09,1.49686012205975e-08
"MTMR9",0.030090532250141,8.96751088351616e-09,1.58758695251635e-08
"TMEM87A",0.0300837707942032,9.03630863281291e-09,1.5993336719364e-08
"CIAPIN1",0.0300830817917365,9.04334796371938e-09,1.5997518956501e-08
"METTL17",0.0300363039981684,9.53393514940348e-09,1.68603916707601e-08
"SREBF1",0.0300348633236499,9.54944779292648e-09,1.68832584289219e-08
"GRSF1",0.0300271230422261,9.63321316828471e-09,1.70221480254717e-08
"FTSJ3",0.0299784246751822,1.01768457973666e-08,1.79633417449198e-08
"DUSP12",0.0299660065361874,1.03201750432175e-08,1.82114182004199e-08
"ATF1",0.0299417522609893,1.06057956363124e-08,1.87053390531994e-08
"NUP85",0.0299383527980256,1.06464368578417e-08,1.87719536614264e-08
"VPS37A",0.0298986729392223,1.11321545208537e-08,1.9617796834863e-08
"PLAAT4",0.0298858801984638,1.12932902761534e-08,1.98963976894344e-08
"NEMF",0.0298633975636743,1.15819872350654e-08,2.03995238531405e-08
"TMEM214",0.0298458564925092,1.18121980913018e-08,2.0793794055178e-08
"TPD52L2",0.0298404662844804,1.1883828488622e-08,2.09142585891279e-08
"ADK",0.0298014840698722,1.24145743252195e-08,2.18248149874388e-08
"RFTN1",0.0297891263088675,1.25875827539176e-08,2.21111273630073e-08
"CRLS1",0.0297866635932071,1.26223395739848e-08,2.2166225123479e-08
"CSNK2A2",0.0297718265103929,1.28337199659233e-08,2.25313805416774e-08
"NUDT21",0.029765577195036,1.29237782302924e-08,2.26833992133294e-08
"CD48",0.0297606164279289,1.29957042065e-08,2.2803519619457e-08
"IFITM1",0.0297214772700216,1.35769828156903e-08,2.38107064509075e-08
"TRAPPC6B",0.0297189555542305,1.36152881849595e-08,2.38714814033963e-08
"SEH1L",0.0297103888809901,1.37462034235205e-08,2.40880938040678e-08
"TRIO",0.0297083060186827,1.3778217896339e-08,2.41318150621777e-08
"NINJ1",0.0297082853736933,1.37785355807754e-08,2.41318150621777e-08
"ATP6V0D1",0.0297076536097274,1.37882605857768e-08,2.41423802115181e-08
"ADCY7",0.0297066123359132,1.3804303899696e-08,2.41639997044745e-08
"CNOT9",0.0296999405068032,1.39075305587398e-08,2.43381784777947e-08
"PNPLA6",0.0296961933686399,1.39658347789111e-08,2.44271342387697e-08
"MRPL30",0.0296554229504419,1.46157543999346e-08,2.55570479451116e-08
"TMED5",0.029648767882913,1.47245947212366e-08,2.57404813602793e-08
"SBDS",0.0296409495827316,1.48534650430685e-08,2.59588223607543e-08
"GSK3A",0.0296385767323365,1.48927933601594e-08,2.60205994090652e-08
"AL121933.2",0.0296330098211208,1.49854583938668e-08,2.61755081429605e-08
"STK24",0.0296270733198924,1.5084892511205e-08,2.63421547110733e-08
"GIMAP2",0.0295414496990118,1.65923484883482e-08,2.89590962137802e-08
"APTX",0.0295217076888658,1.69601363718952e-08,2.95931069120499e-08
"PVT1",0.0294969022440494,1.74334903429177e-08,3.04109284583767e-08
"LPCAT2",0.029448488785125,1.83945786685549e-08,3.20788891264369e-08
"SZRD1",0.0293776204931436,1.98947918589687e-08,3.46766593372267e-08
"AFG3L2",0.0293687594331543,2.00905277346715e-08,3.50084942242224e-08
"MED6",0.0293325969040802,2.0908901012967e-08,3.64244228900577e-08
"APOBEC3C",0.0293323656413249,2.09142373094642e-08,3.64244228900577e-08
"TPST2",0.0292870874713681,2.19848830066618e-08,3.82686808033958e-08
"PNRC2",0.029277805467765,2.22108444325775e-08,3.86414318521e-08
"LGALS2",0.029263819953409,2.25555711748936e-08,3.92307327324965e-08
"PAIP2",0.029220347388877,2.36606056725563e-08,4.10980446033935e-08
"CBL",0.0291996502431103,2.42050000468667e-08,4.20324808250769e-08
"CERS5",0.0291858191533837,2.45755529721349e-08,4.26532958141274e-08
"FLOT1",0.0291813733803636,2.46958259372949e-08,4.28506661300515e-08
"TMEM87B",0.0291784409958728,2.47754691500046e-08,4.29774521896338e-08
"CHMP1B",0.0291691169294928,2.50303695422015e-08,4.34081050575368e-08
"TBRG1",0.0291449470032769,2.57030312246061e-08,4.4562826344862e-08
"LPP",0.0291179041881648,2.64764448302529e-08,4.58915684783122e-08
"PHF23",0.0291103581400439,2.66962581305284e-08,4.62603062966856e-08
"CREBZF",0.0290908727994282,2.7272079824388e-08,4.72330749382381e-08
"LAP3",0.0290713663281978,2.78605893708205e-08,4.82395480154726e-08
"SEPTIN9",0.0290540562922538,2.83931371647956e-08,4.91356089950857e-08
"IL13RA1",0.02905014051094,2.85149699718314e-08,4.93333881121551e-08
"ZNF721",0.0290343247073448,2.90122335060785e-08,5.01804186938469e-08
"REST",0.0289806237322608,3.07642136214986e-08,5.31966222315149e-08
"TRA2B",0.0289606416122036,3.14419762840205e-08,5.43398469323093e-08
"C16orf87",0.0289593570889787,3.1486037340423e-08,5.4401615256788e-08
"TBXAS1",0.0289576902051214,3.15433032368536e-08,5.44861602543061e-08
"NUP107",0.0289549013217043,3.16393415072065e-08,5.46376161579809e-08
"SART3",0.0289354748107919,3.23162282467205e-08,5.57917877679056e-08
"FCGR1B",0.0289072832267978,3.33235632521991e-08,5.75156960250469e-08
"DAP",0.0288995403264483,3.36055198933811e-08,5.79870385492019e-08
"GM2A",0.0288844208240377,3.41627805018559e-08,5.891750433161e-08
"IMPAD1",0.0288744522813257,3.45350834882678e-08,5.95438754868921e-08
"MED4",0.0288662976798492,3.48425632752978e-08,6.00581805151323e-08
"EIF2B1",0.0288655223466244,3.48719360608896e-08,6.00929673078799e-08
"IRF8",0.0288122115445601,3.69502035066733e-08,6.36575574510224e-08
"AGPS",0.0288087621721485,3.70887338828241e-08,6.38793841216817e-08
"CS",0.0287450861294159,3.97383648801561e-08,6.84069061575726e-08
"YRDC",0.028744015688056,3.97844393211084e-08,6.84681927563586e-08
"TERF1",0.0287307605150823,4.03592844117745e-08,6.94392109168899e-08
"CTNNBIP1",0.0287068237350522,4.14178339852884e-08,7.12229875317769e-08
"RNMT",0.0286910702948587,4.21291295213336e-08,7.24270967158766e-08
"PTRHD1",0.0286845701018851,4.24260637467537e-08,7.29184029380326e-08
"RNASE6",0.0286822118934595,4.25342894619413e-08,7.30851996063527e-08
"SERINC1",0.0286713124932155,4.30379850031063e-08,7.39312522202598e-08
"MAPKAPK5-AS1",0.0286686472789542,4.31620301118758e-08,7.41248628503925e-08
"RPA1",0.0286666813260117,4.32537520835083e-08,7.4262875819847e-08
"ZNF131",0.028657183878867,4.3699525768297e-08,7.49888450060698e-08
"BTK",0.0286253310484682,4.52273303677606e-08,7.75899529480389e-08
"FUBP3",0.0286250907892366,4.52390487362992e-08,7.75899529480389e-08
"FLVCR2",0.0286173640320871,4.56174858643561e-08,7.82184953005928e-08
"VGLL4",0.0285632235783195,4.83565769289625e-08,8.28754650804408e-08
"KLHDC10",0.0285631806660919,4.83588099238118e-08,8.28754650804408e-08
"UBLCP1",0.0285552415000511,4.87736593563297e-08,8.35645138552631e-08
"SMARCD1",0.0285534489118266,4.88678046663207e-08,8.37038792005252e-08
"SQOR",0.0285520545695493,4.89411561822309e-08,8.38075639390848e-08
"CHCHD5",0.0285467854207721,4.9219312699148e-08,8.42618136755773e-08
"GNB4",0.0285272359202046,5.02647752307813e-08,8.60290838897509e-08
"SNHG15",0.0285020912445342,5.16411389147817e-08,8.83385050300478e-08
"BUD23",0.0284923003282392,5.21868931209375e-08,8.92487332525999e-08
"ATP8B4",0.0284516294596224,5.45143645185711e-08,9.3180369992789e-08
"RNF19A",0.0284478171780544,5.4737615730064e-08,9.35375148047983e-08
"TBC1D8",0.0284452511995429,5.48883807254239e-08,9.37706384067995e-08
"LAMTOR1",0.0284409564988048,5.51416182594395e-08,9.41786573093562e-08
"ZNF124",0.0284357102754003,5.54524989778218e-08,9.46848885654214e-08
"HOMER3",0.0284235700050025,5.61784339031262e-08,9.5899373592334e-08
"RASSF1",0.0284216214026413,5.62958061814823e-08,9.60495774568192e-08
"CCNYL1",0.0284089349925908,5.70657906487945e-08,9.7337891798022e-08
"ZDHHC2",0.0283693507374058,5.95344671347226e-08,1.01522260335633e-07
"FYTTD1",0.0283625623020643,5.99680953248762e-08,1.02235047518655e-07
"FBXW5",0.0283396119453856,6.14568856341882e-08,1.04745859821773e-07
"ASCC2",0.0283206618058643,6.27131164097165e-08,1.06859096973345e-07
"PYGB",0.028291933003967,6.46651593945498e-08,1.10156543022816e-07
"ARL6IP6",0.0282815433729201,6.53854964650835e-08,1.1132561872102e-07
"TEX261",0.0282349622120122,6.87117567082596e-08,1.16928023258355e-07
"TAGLN2",0.0282164735199905,7.00769366801476e-08,1.1918912903611e-07
"ICE2",0.028198519160181,7.14277863928377e-08,1.21455102064076e-07
"PES1",0.0281568495520438,7.46608298815944e-08,1.26886536461103e-07
"MTX1",0.028136668855957,7.62771051599146e-08,1.29599717654761e-07
"TMEM138",0.028130634622493,7.67669334546017e-08,1.30398080261415e-07
"RUNX3",0.0280901195374099,8.0135522382682e-08,1.36014030461572e-07
"OTULIN",0.0280846503624221,8.06010751725573e-08,1.36768707365217e-07
"DCAF6",0.0280664789709699,8.21667615546595e-08,1.39389280499316e-07
"SMIM10L1",0.0280640703148497,8.2376494239927e-08,1.39708824731684e-07
"PTCD3",0.0280581328141358,8.28957158136331e-08,1.4055295383546e-07
"IMPA1",0.0279971022046623,8.84197462796123e-08,1.49725019729631e-07
"ZFAND6",0.0279919025257691,8.89065203964325e-08,1.50471351372476e-07
"KLHL5",0.0279847229723316,8.95829092129406e-08,1.5157687899436e-07
"DCK",0.0279698626567879,9.09987694076425e-08,1.53932717823329e-07
"STX10",0.0279673798141708,9.12374320335224e-08,1.54296515942879e-07
"NOP14",0.0279565209311129,9.22883791399544e-08,1.56033468532977e-07
"EFR3A",0.0279544572857295,9.24894242529878e-08,1.56332951335583e-07
"C3orf38",0.0279533602831472,9.25964693138004e-08,1.56473434058833e-07
"FMN1",0.0279361415946239,9.42924601127995e-08,1.59257066447296e-07
"DTX2",0.0279137623568596,9.65417396812018e-08,1.62971829082287e-07
"BABAM1",0.0278887326490406,9.91189459614207e-08,1.67279212363389e-07
"KIAA2013",0.0278809666907721,9.99320228452723e-08,1.68607887835456e-07
"SEC23IP",0.0278651846954178,1.01604296528003e-07,1.71385162719319e-07
"HNRNPR",0.0278244889891531,1.06042378351849e-07,1.78825140486043e-07
"BAZ1B",0.0277622932089773,1.13189701131951e-07,1.90779650941144e-07
"CNOT11",0.0277568227455087,1.13840191256213e-07,1.91777163213893e-07
"ADO",0.0277458770569051,1.15152615090564e-07,1.93888178589262e-07
"SUDS3",0.0277373198457762,1.1618883799832e-07,1.95582549648048e-07
"ACSL3",0.0277307724881728,1.16987767611772e-07,1.96876711620532e-07
"XPO1",0.0277185408388159,1.18494577048534e-07,1.99309890595142e-07
"ZNF672",0.0276962293397401,1.21291623153347e-07,2.03909650855382e-07
"CPT2",0.0276931090302961,1.21687851732464e-07,2.04470617997135e-07
"SRP54",0.0276912879886878,1.21919672816316e-07,2.04807507932445e-07
"CAND1",0.0276615874026466,1.25761458495977e-07,2.11152649113173e-07
"NACC1",0.0276558671838025,1.26514703438997e-07,2.12308298532895e-07
"REPS1",0.0276293333576817,1.30066163516687e-07,2.18100173652756e-07
"GPATCH2L",0.027626309081177,1.30477022747503e-07,2.18733019159788e-07
"SSH1",0.0276256573810399,1.30565722918614e-07,2.18825607906151e-07
"ZCCHC7",0.0275987308794409,1.3428200697223e-07,2.249963509955e-07
"SCFD1",0.0275860319206125,1.36069974202081e-07,2.27875382001333e-07
"COMMD2",0.0275786777444116,1.37115922089654e-07,2.29568219877634e-07
"INTS11",0.0275604574691887,1.39740912770958e-07,2.33903248258198e-07
"TOP1",0.0275391277395537,1.42875662842573e-07,2.3908909231245e-07
"TMEM248",0.0275007631851259,1.48685960957624e-07,2.48684781975171e-07
"MAP7D1",0.0274905699089531,1.5026775138086e-07,2.5122744357716e-07
"SAR1A",0.0274904718781966,1.50283042494688e-07,2.5122744357716e-07
"ATXN1",0.0274627955788617,1.54660790605319e-07,2.5841355711157e-07
"EEA1",0.0274516876641351,1.56452265281985e-07,2.61340038429641e-07
"PSMB4",0.0274401943900432,1.58327007351902e-07,2.64404080221388e-07
"ZHX1",0.0274250876494679,1.60824231292548e-07,2.68501493359836e-07
"PAG1",0.0274248566992703,1.60862702583432e-07,2.68501493359836e-07
"RFC2",0.0274071604903676,1.63837119244771e-07,2.73256909597528e-07
"HERC2",0.027403376065575,1.64480080509426e-07,2.74259313024899e-07
"PHYKPL",0.0273993694759735,1.65163445397043e-07,2.75328558390074e-07
"EPSTI1",0.0273865401624739,1.67370134291405e-07,2.78864917940164e-07
"NCSTN",0.0273641648723692,1.71287157570458e-07,2.85173271249212e-07
"RBM15B",0.0273569915738744,1.7256157179038e-07,2.87221882985107e-07
"RBM18",0.02729040956432,1.84836371814408e-07,3.07418010410226e-07
"AGPAT2",0.0272489013618531,1.92911301182359e-07,3.20684995456462e-07
"TMEM219",0.0272273600930392,1.97235234205459e-07,3.27789517345016e-07
"EIF2AK4",0.0272175750948897,1.99230154922375e-07,3.31020775827824e-07
"AGO2",0.0271949268942061,2.03922654299694e-07,3.38731278915498e-07
"SHTN1",0.0271579665081594,2.11810767207457e-07,3.51566081747234e-07
"HSPA14.1",0.0271473933473406,2.14121011763844e-07,3.55220293050498e-07
"SYNCRIP",0.02713653593994,2.16518697430067e-07,3.59106860425617e-07
"KCNE1",0.0271351883652752,2.16818091538849e-07,3.59512219751711e-07
"ATG12",0.0271087252605844,2.22779176009342e-07,3.69302802421166e-07
"IER3",0.0270967706661232,2.25523709138415e-07,3.73757670556897e-07
"TERF2IP",0.0270429385632179,2.38292519758488e-07,3.94819182509122e-07
"STX5",0.0270332392355676,2.40666247754359e-07,3.98651109150747e-07
"MRPL10",0.0269865378248564,2.52419000333218e-07,4.17907172493943e-07
"ARCN1",0.0269586375805075,2.59702820611793e-07,4.29857478774658e-07
"WBP11",0.0269240170457268,2.69023659859784e-07,4.44947302849296e-07
"MPST",0.0269174117116832,2.70838337800484e-07,4.4783536988861e-07
"SEL1L",0.0269111001863823,2.72583339265396e-07,4.50606794467044e-07
"PIP5K1C",0.0268981134818117,2.76208105888746e-07,4.56483467214516e-07
"DLGAP4",0.0268742441909156,2.82992120787137e-07,4.67486333173899e-07
"TLR7",0.0268741865233957,2.83008703992397e-07,4.67486333173899e-07
"RASGEF1B",0.0268119619785259,3.01460007275105e-07,4.97713517061777e-07
"SLC7A6OS",0.0268093439681199,3.02261250387982e-07,4.98910390062263e-07
"XPNPEP1",0.0267986068082187,3.05568925081916e-07,5.04242713827756e-07
"SLF2",0.0267740274917949,3.13272891079198e-07,5.16825173322179e-07
"GINM1",0.0267634509799961,3.16645320115242e-07,5.22257089534171e-07
"FBXO25",0.0267363441956698,3.25449397811413e-07,5.36507353225169e-07
"AKT1S1",0.0267338900691096,3.26258044176621e-07,5.37704838121186e-07
"NUDCD3",0.0267283659960846,3.28085355537652e-07,5.40580154865214e-07
"DAZAP1",0.026712579723517,3.33361929754226e-07,5.49135877231829e-07
"TGS1",0.0267003571186794,3.37503518224279e-07,5.55818136561797e-07
"FOXK2",0.0267000895997912,3.37594719223811e-07,5.55828323919736e-07
"TCOF1",0.0266968809599936,3.38690445697164e-07,5.57491977333347e-07
"CKLF",0.0266911783508767,3.40646321953133e-07,5.60429203052235e-07
"UBE3B",0.0266653428377412,3.49644785898974e-07,5.75088706970438e-07
"GFM1",0.0266454277940446,3.56737316941069e-07,5.86311859768907e-07
"SND1",0.0266407932731299,3.5840766050175e-07,5.88909093832732e-07
"MTIF2",0.026634531816161,3.6067636605677e-07,5.92487960120392e-07
"ESYT2",0.0266218808582518,3.65302537790402e-07,5.99936697330733e-07
"TNNI2",0.026616681142421,3.67220516919883e-07,6.0293514304927e-07
"NHLRC3",0.0265906040486115,3.76986891419365e-07,6.18815037936181e-07
"CCDC57",0.0265665196663283,3.86229268186259e-07,6.33667993827292e-07
"IRF2",0.0265428016644559,3.95544526794312e-07,6.4878828805349e-07
"IWS1",0.026537075377472,3.97825807962455e-07,6.52366474155639e-07
"RAB11B",0.0264942497048517,4.15294128358143e-07,6.80840775126765e-07
"CKAP2",0.0264714172826971,4.2490742733309e-07,6.96426362472736e-07
"RBM47",0.0264540763127662,4.32351701214834e-07,7.08449980587114e-07
"LFNG",0.0264486290069963,4.34716022809686e-07,7.12145667033257e-07
"MGME1",0.026419862324245,4.47410084600592e-07,7.32573787407632e-07
"SMARCA4",0.026372759034711,4.68971356163504e-07,7.67109013409304e-07
"SEC22B",0.0263717539973961,4.69442152715155e-07,7.67687042133987e-07
"EIF4H",0.0263695412598141,4.7048028777652e-07,7.69192328452836e-07
"MAP1LC3B",0.0263609572340763,4.74528592887685e-07,7.75616985074921e-07
"CSNK1A1",0.0263192486337679,4.94681731675605e-07,8.08355201623371e-07
"TOR3A",0.0262854452682031,5.11618318305813e-07,8.35822230155774e-07
"PRPF40A",0.0262746545136735,5.17141597274233e-07,8.44634464896061e-07
"NASP",0.0262726994532027,5.18148433843024e-07,8.46067547568854e-07
"TCEA2",0.0262667178578602,5.21240647529348e-07,8.50904208126562e-07
"ELP4",0.0262643685404261,5.22459998451306e-07,8.52681844701606e-07
"LUC7L3",0.0262314609496087,5.39831604277212e-07,8.80593570051001e-07
"PIGM",0.0262005449692297,5.56658301392907e-07,9.07589021074022e-07
"TRIP4",0.0261802947146213,5.67952814967125e-07,9.25773000312905e-07
"RARS2",0.0260920811972069,6.19783619205601e-07,1.01000630667154e-06
"DDX50",0.0260507804591347,6.4558952014719e-07,1.05153569574547e-06
"TNFAIP8",0.0260495702063511,6.46361123607389e-07,1.05253026803116e-06
"RCAN3",0.0260426239936707,6.50806938411862e-07,1.05950591716553e-06
"MPND",0.0260269351611917,6.60957036669005e-07,1.07576228671694e-06
"GBP3",0.0259902962686274,6.85258638280431e-07,1.11503757518105e-06
"GPANK1",0.025971101793715,6.98331196404455e-07,1.13546116938382e-06
"SRPRA",0.0259579308290301,7.07440047706326e-07,1.14998583587866e-06
"SART1",0.0259509260989232,7.12330938792749e-07,1.15764844092145e-06
"LIN7C",0.02593404552302,7.24251629742751e-07,1.17643656031257e-06
"RANBP3",0.0259289077587123,7.27917795829623e-07,1.18209800028169e-06
"MSRB2",0.0259197906257583,7.34467587038924e-07,1.19243831240638e-06
"RAB29",0.0259135637047681,7.38973628187675e-07,1.19945620185974e-06
"SHLD2",0.0259055956032704,7.44778510140028e-07,1.20857828227737e-06
"ODR4",0.0259002045838362,7.48730836372255e-07,1.21469037424362e-06
"NAAA",0.0258827357396972,7.61677086153442e-07,1.23538694846718e-06
"FAM104A",0.0258755296248282,7.67080161935865e-07,1.24384179036128e-06
"SLC2A4RG",0.0258745286699538,7.67833582333038e-07,1.24475476352428e-06
"FOXK1",0.0258675526858986,7.73104247253844e-07,1.25267795998653e-06
"UBE2Z",0.0258627791962447,7.76730893792861e-07,1.2579307861327e-06
"TNRC6A",0.0258118085397534,8.16491630529774e-07,1.32166929447974e-06
"RBBP8",0.0257887689696289,8.35100779840133e-07,1.35145764816703e-06
"THRAP3",0.0257715175958157,8.49301509350551e-07,1.37409880428951e-06
"CLSTN1",0.0257546091914842,8.63445407480693e-07,1.39629138612634e-06
"MTMR14",0.0257449527746574,8.71624482809038e-07,1.40916935425457e-06
"ZC3H7B",0.0257193143708356,8.93704065711947e-07,1.44379470759197e-06
"RNF34",0.0256888937370783,9.20600994691219e-07,1.48614550698548e-06
"HS1BP3",0.0256529551285554,9.53381513262742e-07,1.53868386415991e-06
"C15orf40",0.0256503597771333,9.55791812043243e-07,1.54219320511814e-06
"ZFYVE16",0.0256155828637296,9.88660453620769e-07,1.59483396145388e-06
"PACSIN2",0.0255819909072788,1.02144051182444e-06,1.64730588710118e-06
"RNPS1",0.02556951104453,1.03388324301857e-06,1.66696144090146e-06
"WDR43",0.0255643282572025,1.03909336866562e-06,1.67494882749897e-06
"PHF6",0.0255534964584542,1.0500640199913e-06,1.69221556882009e-06
"ARPC4",0.0255040387323305,1.10158815515381e-06,1.77349996513066e-06
"CCNC",0.0254845583167991,1.12254312937755e-06,1.80679147707297e-06
"PRNP",0.025482419839407,1.1248667044971e-06,1.81008577750481e-06
"IBTK",0.0254736930293728,1.13439693969605e-06,1.82497224206023e-06
"INIP",0.02547265302594,1.13553785761813e-06,1.82635830580746e-06
"STAU2",0.0254609031179273,1.14850483720153e-06,1.84675962263246e-06
"FRA10AC1",0.0254506540232205,1.15993178203149e-06,1.86375866083113e-06
"MECP2",0.0254320643371494,1.18093756216491e-06,1.89657818261709e-06
"TRMT1L",0.0254099165149684,1.20644187091863e-06,1.93658653377511e-06
"NOL10",0.025359039595987,1.26705148297463e-06,2.03238042092448e-06
"RYK",0.0253061074374992,1.33321425933947e-06,2.13693425534725e-06
"FBXO6",0.0252702603651761,1.3798952492848e-06,2.21067266351974e-06
"RNF4",0.0252524709793538,1.40364071848556e-06,2.24816340457094e-06
"PPHLN1",0.0252364357991213,1.42538097722615e-06,2.2824248907922e-06
"CYBC1",0.0251413985507001,1.56103066701112e-06,2.49902509816814e-06
"NUFIP2",0.0250977624573408,1.62739292615164e-06,2.60271402915348e-06
"SEC13",0.0250738536368422,1.6648951052405e-06,2.66204064516078e-06
"BIRC3",0.0250635379620751,1.6813310065469e-06,2.68700614050443e-06
"DMAP1",0.0250031107469066,1.78078668749457e-06,2.84386501290656e-06
"SUMF1",0.0249733861715377,1.83176065504825e-06,2.9245546184873e-06
"EIF5",0.0249517596446249,1.86972547372937e-06,2.98371128807485e-06
"TMEM160",0.024939813173715,1.89102017096884e-06,3.01695702239977e-06
"ANKRD17",0.0249036524134743,1.95690654910838e-06,3.12131129984644e-06
"RBM25",0.0249026236831992,1.95881282610626e-06,3.12358981880067e-06
"ZMYND8",0.0248978228245253,1.96773261545201e-06,3.13694672871696e-06
"ANXA7",0.0248975994469358,1.96814858996589e-06,3.13694672871696e-06
"BAG6",0.0248800906095605,2.00101772796911e-06,3.18700460547187e-06
"PEX19",0.0248602289476569,2.03894214658552e-06,3.24661562454362e-06
"GALNT6",0.0248421436469783,2.07407449963439e-06,3.30175288010948e-06
"DDX27",0.0248405168539594,2.07726304111014e-06,3.30602379814461e-06
"SP140L",0.0248025503738851,2.15302914409463e-06,3.42410716226969e-06
"PRPF38B",0.0248017188271454,2.15471792242606e-06,3.42595957607529e-06
"GPR107",0.0247599676353414,2.24116472659217e-06,3.56030388194171e-06
"CLU",0.0247598606545277,2.24139045244296e-06,3.56030388194171e-06
"FBXW11",0.0247248591546845,2.31642624737979e-06,3.67681349972544e-06
"WDR75",0.0247230055729463,2.32046644827076e-06,3.68233243660054e-06
"PRKRIP1",0.024710082890821,2.34882225620027e-06,3.72642560326071e-06
"PRKCSH",0.024678561345089,2.41939116647033e-06,3.83559152434118e-06
"GMPS",0.0246198442381546,2.55630743135553e-06,4.04970632086321e-06
"UTP23",0.0246121014237764,2.57490774969118e-06,4.07818480316883e-06
"SHC1",0.0245794731074583,2.65472659738258e-06,4.20358500694776e-06
"PIGC",0.0245692040328832,2.68033542609984e-06,4.24310726775805e-06
"WDFY4",0.0245375618477819,2.76074338338767e-06,4.36828176200111e-06
"STT3B",0.0244879434130225,2.89151107772749e-06,4.57298002568513e-06
"BCL10",0.0244779486526202,2.91856155009406e-06,4.61464459843167e-06
"EHMT2",0.0244188278215613,3.08360385302097e-06,4.87206428009935e-06
"TRNT1",0.0243963315204754,3.14872629421382e-06,4.97375513688571e-06
"SLC35C2",0.0243240259359138,3.36709075096277e-06,5.31226817803924e-06
"PRKX",0.0243065989524691,3.42185263784872e-06,5.39606187801615e-06
"COQ10B",0.0242599565268103,3.57265387614477e-06,5.62979297233901e-06
"PMF1",0.0242521533646808,3.59849677538873e-06,5.66914985963652e-06
"NUDT16L1",0.0242208432198774,3.70400501053761e-06,5.83396404695131e-06
"PLOD1",0.0241772252723922,3.85594231407764e-06,6.07034694183473e-06
"POLR2M",0.0241689836133725,3.88531425688338e-06,6.11511425409329e-06
"HERC4",0.0241656854193371,3.89712846623249e-06,6.1322324698503e-06
"CTNNB1",0.0241355946006156,4.00651636427827e-06,6.30284022850128e-06
"CDS2",0.024115993321638,4.07934828363962e-06,6.41587180140386e-06
"NCOA7",0.0240967633564438,4.1520324078413e-06,6.52704685801067e-06
"GBA2",0.0240843980544873,4.19942374805649e-06,6.59837357961868e-06
"TM2D3",0.0240682940870322,4.26192145257297e-06,6.69496454995725e-06
"ABT1",0.024065371204692,4.27335997921397e-06,6.7113205726882e-06
"KHDRBS1",0.0240331861338299,4.4012753666401e-06,6.90723436080004e-06
"AC093673.1",0.0240271090181761,4.42583627809107e-06,6.94411269166292e-06
"API5",0.0240170959273495,4.46659125740516e-06,7.00637563361683e-06
"SMIM27",0.0240107651072237,4.4925440247393e-06,7.04539525875403e-06
"CATSPER1",0.0240001602685952,4.53634182016529e-06,7.11066958049405e-06
"TMUB1",0.0239939518992373,4.56217178713226e-06,7.14944370668042e-06
"TMEM205",0.0239471984920178,4.76126559850137e-06,7.4542994451633e-06
"RNF135",0.0239265153214363,4.85197332717903e-06,7.59293124899966e-06
"WDR6",0.0239262161127672,4.85329759705867e-06,7.59293124899966e-06
"APOOL",0.0239189416123794,4.8856005816134e-06,7.63981262917686e-06
"PTPN9",0.0239144185155027,4.9057894538711e-06,7.66954840971048e-06
"HLA-A",0.0239110440975342,4.92090320210507e-06,7.68949931533532e-06
"ZNF430",0.0238822846247747,5.05153668396923e-06,7.89174356984248e-06
"MGA",0.0238769204325045,5.07626699731073e-06,7.9284839054987e-06
"FGD5-AS1",0.0238649763333263,5.1317495155334e-06,8.01322625568603e-06
"TENT5A",0.0238595032862484,5.15736637388687e-06,8.05130404786828e-06
"NPHP3",0.0238522842440702,5.19134276033467e-06,8.10241083004729e-06
"RBMX2",0.023838172437274,5.25837987551058e-06,8.20508057901865e-06
"AGGF1",0.0238371643038716,5.26320052826924e-06,8.21064305746225e-06
"PTDSS1",0.0238252628241699,5.32043133857322e-06,8.29794372413924e-06
"AKAP7",0.0238144628608597,5.3728805175831e-06,8.3757493619357e-06
"CTCF",0.0237888463243542,5.49927201188752e-06,8.57073668980229e-06
"SKI",0.0237731598885114,5.5780684150441e-06,8.69147075728272e-06
"TXLNA",0.0237492216757114,5.70040185289402e-06,8.87785310010031e-06
"GOLGA4",0.023730967518153,5.79540899964274e-06,9.01937253979154e-06
"UPF1",0.0237247497032815,5.82811541117157e-06,9.06595730626688e-06
"STX17",0.0237093073813158,5.91010971737397e-06,9.18913135129394e-06
"HNRNPDL",0.023705870270073,5.92850941571102e-06,9.21554792199683e-06
"ASPH",0.0236989533702487,5.96570358010765e-06,9.27115997307912e-06
"ECSIT",0.0236714899639275,6.11559768748797e-06,9.49959080085444e-06
"ZNF638",0.0236712027732647,6.11718404043537e-06,9.49979792312743e-06
"UBE2J2",0.0236638164763084,6.15811923085189e-06,9.55882799888644e-06
"ZFPL1",0.023658647626171,6.18692098691879e-06,9.59897707937235e-06
"SLC30A5",0.0236463924113146,6.25572523340982e-06,9.70342386145513e-06
"FNBP4",0.023645234239393,6.26226526966437e-06,9.71126431049945e-06
"CAMSAP1",0.0236240292682011,6.38316952127207e-06,9.89641032252235e-06
"H2AFJ",0.0236227419510427,6.39058086448322e-06,9.90555184731893e-06
"REPIN1",0.0236130389182243,6.44670866398233e-06,9.99018280282448e-06
"WDR45",0.0236045985102346,6.49591601754052e-06,1.00640518774123e-05
"COASY",0.0235964713851052,6.54363637117116e-06,1.01355827042684e-05
"GNPAT",0.0235566519939449,6.78233314892249e-06,1.05028171785067e-05
"UAP1L1",0.0235360576867983,6.90903078786722e-06,1.06964819538423e-05
"CENPB",0.0235130623898316,7.05317408409415e-06,1.09170578034582e-05
"DDA1",0.0234946258380085,7.17081432906401e-06,1.10965169428214e-05
"PUS7L",0.0234769308557991,7.28548586452268e-06,1.12712982920609e-05
"ATXN3",0.0233922467769781,7.8589864378223e-06,1.21470575249367e-05
"SSBP3",0.0233678657321017,8.03194403198847e-06,1.2408518450175e-05
"MED24",0.0233488390725993,8.16943954052843e-06,1.26149730080243e-05
"TFAM",0.0233389360063419,8.24189108036883e-06,1.27208413322595e-05
"SRSF11",0.0232976012121364,8.55098496564751e-06,1.31916799682405e-05
"PSMD13",0.0232791317931937,8.6926486985088e-06,1.34070623238619e-05
"GTF2A1",0.0232670190667149,8.78677023566398e-06,1.35490339152762e-05
"MICU2",0.0232666617056199,8.78956183378446e-06,1.35501427185293e-05
"TSPAN14",0.0232637459084897,8.81237085918798e-06,1.35821029413887e-05
"KIAA1143",0.023243996580669,8.96835685304231e-06,1.38160030879337e-05
"GALNT1",0.0232049826083034,9.28428845800106e-06,1.42892368028274e-05
"ADAM15",0.0231955101626028,9.36258442973232e-06,1.44029592944917e-05
"EIF4B",0.0231895967231988,9.41178226645279e-06,1.44718326571186e-05
"ZYG11B",0.0231780496292981,9.50856310019822e-06,1.46137718733183e-05
"NR4A1",0.0231653481007106,9.61611754683134e-06,1.4775599652452e-05
"AC004951.1",0.0231592522440386,9.66814802014351e-06,1.48520563335757e-05
"TTYH2",0.023143628237297,9.80273564626399e-06,1.5055270297222e-05
"GPD2",0.0231362793892278,9.86665682523991e-06,1.5149883119638e-05
"TANGO2",0.0231011287065787,1.01779475158222e-05,1.56241889782685e-05
"BRI3BP",0.0230825844326428,1.03459308397924e-05,1.58708812366408e-05
"ERVK3-1",0.0230747800353914,1.04174157119643e-05,1.59730450105119e-05
"DNAJC7",0.0230660872943556,1.04975926240259e-05,1.60922064656229e-05
"XPR1",0.0230600046910368,1.05540451491757e-05,1.61749524578787e-05
"APPBP2",0.0230417091923416,1.07255978433131e-05,1.64340189124868e-05
"HIF1AN",0.0230256795133825,1.08780898483931e-05,1.66637655643847e-05
"UBAP2L",0.02300763411896,1.10522340657122e-05,1.69226010120905e-05
"EIF1AD",0.0230044828669442,1.10829164153159e-05,1.69656070061662e-05
"CSK",0.0229841587252848,1.1282765788038e-05,1.72674912739214e-05
"NOSIP",0.0229593578876018,1.15312969012445e-05,1.76437208378977e-05
"ANKRA2",0.0229542825669907,1.15827971752349e-05,1.77183734046995e-05
"ANKRD10",0.0229160398541992,1.19779740202186e-05,1.83143110720742e-05
"ARHGAP17",0.0228797173972563,1.23651978347211e-05,1.89019554462022e-05
"FAM120AOS",0.022861451448883,1.25644119082822e-05,1.91975052714067e-05
"PACS2",0.0228178294147208,1.30526313461074e-05,1.9924843273605e-05
"SERINC3",0.0227833933217109,1.3450770678087e-05,2.05134449949458e-05
"LINC00667",0.0227573959656939,1.37589901520166e-05,2.09786095181634e-05
"UBE2R2",0.0227203357191388,1.42100370599948e-05,2.16612782229531e-05
"LYPLA2",0.0227118690926845,1.43150422438225e-05,2.18162578531728e-05
"PPM1M",0.022704353597486,1.44088708395493e-05,2.19541359937015e-05
"ZNF581",0.0226761355112225,1.47664265742182e-05,2.24936852148738e-05
"ARRB1",0.0226538466956889,1.50548159063012e-05,2.29223070319975e-05
"DDX41",0.0226447411772222,1.51741681626032e-05,2.30986522577647e-05
"PCM1",0.0226217477307638,1.54795873781125e-05,2.35526046725855e-05
"TMEM181",0.0226181081180507,1.55284659410229e-05,2.36214775063769e-05
"CAPN15",0.0226108853452144,1.5625900982042e-05,2.37641639033708e-05
"SUPT16H",0.0226023037530272,1.5742424087904e-05,2.39358066713294e-05
"LPIN2",0.0225753934638163,1.61132140208243e-05,2.44938835778073e-05
"AFF1",0.0224922891877138,1.73115542546217e-05,2.62971518858542e-05
"UFL1",0.0224687985114229,1.76653860861252e-05,2.68284074868959e-05
"TNFRSF14",0.0224386723966974,1.81292575257825e-05,2.75201034835305e-05
"FAM234A",0.0224373042145195,1.81505973965345e-05,2.75461016199031e-05
"UBE2Q2",0.0224209592113768,1.84073919887086e-05,2.79228605155863e-05
"BBX",0.0224134695689167,1.85262137872199e-05,2.80965868106805e-05
"SPAG9",0.0224016896943023,1.87145787591794e-05,2.83756762355091e-05
"MIR29B2CHG",0.0223894381178734,1.89124210052846e-05,2.86690026739047e-05
"TARDBP",0.0223711526804948,1.9211409108589e-05,2.91154827890484e-05
"ATR",0.0223364684725149,1.97909471526188e-05,2.99798916783646e-05
"SMC4",0.0223204939181861,2.00634303371455e-05,3.0378579792556e-05
"SLC12A7",0.0223178757609076,2.01084284242636e-05,3.04396631252224e-05
"TMEM183A",0.0222995326247453,2.04263963662303e-05,3.09138378338921e-05
"GOLGA2",0.0222805782630474,2.07599856793989e-05,3.14041615853563e-05
"PCMTD1",0.0222619485569669,2.10929110290635e-05,3.18856537128364e-05
"BBIP1",0.0222522183460761,2.12688108660623e-05,3.21366964276208e-05
"SH3GLB2",0.022250314774009,2.13033859924225e-05,3.2181501298165e-05
"THAP12",0.0222458673114815,2.13843751872256e-05,3.22963836853964e-05
"GTPBP4",0.0222045000895939,2.21518530989163e-05,3.3447763408941e-05
"EIF4G1",0.0221366030853253,2.34686499688939e-05,3.54033302945612e-05
"HMGB1",0.0221330571350215,2.35394274281073e-05,3.55019092329794e-05
"DPF2",0.0221191505342512,2.3818969364869e-05,3.59152264085593e-05
"SMC6",0.0221182972084003,2.38362248463007e-05,3.59329578153364e-05
"GATC",0.0221079486656799,2.40464362990555e-05,3.62414938965479e-05
"WDR74",0.0221021922160288,2.41641300974428e-05,3.64104822717402e-05
"CBWD5",0.0220553200877971,2.51430652105549e-05,3.78768111397714e-05
"NUP54",0.0220530561124307,2.5191291233773e-05,3.7940719209032e-05
"PEX2",0.0220407481446649,2.54550122801998e-05,3.83290811349485e-05
"PPP1R18",0.0220002178739133,2.63421336856385e-05,3.9628364021331e-05
"R3HCC1",0.0219989779696641,2.63697306485455e-05,3.96607543087624e-05
"PIGX",0.0219767755506357,2.68685758722147e-05,4.03924463215772e-05
"CNOT2",0.0219728370795142,2.69579975508236e-05,4.0517560456847e-05
"THADA",0.021967930626558,2.70697928242249e-05,4.06762366087756e-05
"NDRG1",0.0219613303365013,2.72208783117903e-05,4.08938654417475e-05
"PLAGL1",0.0219503104846864,2.74749191749132e-05,4.12660283863043e-05
"FBXO38",0.0219465557470726,2.75619909087787e-05,4.13872982456581e-05
"USP18",0.0219455140826423,2.75861933812706e-05,4.14141291221004e-05
"SPPL3",0.0219240476750866,2.80894747756624e-05,4.21600059878973e-05
"SMARCAD1",0.021873421332477,2.93112061016883e-05,4.39735349914727e-05
"YKT6",0.0218358410140596,3.02505901649589e-05,4.53467231576407e-05
"RANBP9",0.0218356960592995,3.02542683410261e-05,4.53467231576407e-05
"MLH3",0.0218277986580428,3.04553057245774e-05,4.56375862542487e-05
"KATNA1",0.0218262478156296,3.04949330300214e-05,4.56864968263702e-05
"GMEB1",0.0218222506024012,3.05972963101128e-05,4.58293524113442e-05
"SLC39A9",0.0218028475609897,3.109883873411e-05,4.65699055528198e-05
"ECHDC1",0.0217673192639774,3.20375103153222e-05,4.79645620429532e-05
"ADAMTS2",0.0217596800161549,3.22428286069399e-05,4.82498542989638e-05
"ZNF330",0.02175071533413,3.24853645169507e-05,4.86016735038499e-05
"IL10RB",0.02171933577198,3.33480487161909e-05,4.98695202439286e-05
"SRA1",0.0217079943787774,3.36651652740237e-05,5.03322320058466e-05
"SS18",0.0216703953163743,3.47370846288522e-05,5.19110992693567e-05
"RALGAPA1",0.0216643680449498,3.49119033086401e-05,5.2160425921364e-05
"CES2",0.02163599796057,3.57460479685233e-05,5.33822890859309e-05
"ACVR1B",0.0216325980060104,3.58472748040553e-05,5.35212337677354e-05
"TNFRSF10B",0.0216319675103549,3.58660764416303e-05,5.35370794007714e-05
"SETD5",0.0216285695856501,3.59675652573814e-05,5.3676316286866e-05
"EIF3A",0.0216237129194015,3.61130970910319e-05,5.38689091446878e-05
"IFIH1",0.0216068571176676,3.66225370980425e-05,5.46163657725826e-05
"THBD",0.021583556513761,3.73380059088184e-05,5.5657975976255e-05
"SYVN1",0.0215676997885904,3.78324689538496e-05,5.63821933030017e-05
"ARHGEF2",0.0215615337714527,3.80264182810298e-05,5.66454141538785e-05
"TAF7",0.021505204420465,3.98424620099866e-05,5.93371336267181e-05
"C5orf56",0.0214894787018197,4.03639688259005e-05,6.00864362895578e-05
"NFKBIL1",0.0214768027793345,4.07890445322401e-05,6.06777640845928e-05
"SLC27A3",0.0214591180154662,4.13891890931615e-05,6.15565328232689e-05
"CHKB",0.0214478128384098,4.17772175701155e-05,6.21195015859484e-05
"IK",0.0214369577546714,4.21530435481186e-05,6.26498292151851e-05
"MROH1",0.0213913720239123,4.37666205188038e-05,6.50184423885343e-05
"BRMS1",0.0213422560743914,4.55706509581612e-05,6.76062890774808e-05
"NHLRC2",0.0213376550758709,4.57432112472678e-05,6.78468954479666e-05
"EMD",0.0213007306639895,4.71506741891144e-05,6.99027455438616e-05
"ZNF524",0.0212819184449338,4.78834409603097e-05,7.09569213505224e-05
"TMEM260",0.0212705431978245,4.83317496593925e-05,7.1605025894654e-05
"ARF5",0.0212527354612149,4.90415675839999e-05,7.26401832497035e-05
"ADAMTSL4",0.0212191351212698,5.04078765590061e-05,7.45963551251204e-05
"VAV1",0.0211469617719058,5.34656557177274e-05,7.90677351464605e-05
"SLC25A46",0.0210896213532202,5.6019437214121e-05,8.27882189208688e-05
"EEF1AKMT2",0.0210778312418782,5.65586642900583e-05,8.35473445839134e-05
"MAEA",0.0210752801076893,5.66759869986677e-05,8.37017400039054e-05
"WARS",0.0210712685590296,5.68609382384669e-05,8.3955920100067e-05
"PFDN5",0.021068134438653,5.70058335374009e-05,8.41508556485723e-05
"NOC4L",0.0210606233566486,5.73545072682956e-05,8.46464488758728e-05
"TAP1",0.0210468796460709,5.79977428101345e-05,8.55571395515928e-05
"ZKSCAN1",0.0210227637045182,5.91429643442657e-05,8.72268668808502e-05
"NAPA",0.0210133220026818,5.95971397293527e-05,8.78768830740884e-05
"HGSNAT",0.0209897991477147,6.07430687847877e-05,8.95463773878111e-05
"NBEAL1",0.0209840951928874,6.10240661657098e-05,8.99403391775047e-05
"PMAIP1",0.0209815134729289,6.1151655181544e-05,9.01080733777179e-05
"CUTC",0.0209765185553027,6.13992221554988e-05,9.04524818505298e-05
"IGHA1",0.0209665033487356,6.18984751057592e-05,9.11263747447542e-05
"PTTG1IP",0.0209557492236828,6.24388406181408e-05,9.18805176595554e-05
"C6orf226",0.0208609574011051,6.73988820141061e-05,9.91124360342388e-05
"HPS3",0.0208427142300546,6.83952901238334e-05,0.000100555072370052
"B4GALT1",0.0208285180961862,6.91802821834381e-05,0.000101663449070649
"MAN2B2",0.0207720865724079,7.23858177111147e-05,0.000106278570894963
"CCDC93",0.02072069004876,7.54271369563493e-05,0.000110669349510909
"MYO9A",0.0206437798883567,8.02047416548521e-05,0.000117573677340678
"GID8",0.0206253162991905,8.13935340146719e-05,0.00011928960443576
"NMRAL1",0.020605249810135,8.27044076295696e-05,0.000121183643451844
"COPS2",0.0205789949610088,8.4449693567177e-05,0.000123713219032535
"DDX55",0.0205701908089375,8.50426990331071e-05,0.000124554024703955
"SNX14",0.0205343113151904,8.75003044310745e-05,0.000128038717629894
"ZMYM5",0.0205309915661352,8.77310544077138e-05,0.000128347646837689
"ATPAF2",0.0205029903684284,8.97003725723829e-05,0.000131140660974562
"EXOC1",0.0204873785879212,9.08164013646965e-05,0.000132683269748019
"ABHD17A",0.0204579910417741,9.29528791379785e-05,0.000135774335076877
"CHMP1A",0.0204560583516216,9.30950366082901e-05,0.000135951608073487
"SAMD4A",0.0203938291467657,9.77835346728319e-05,0.000142670999707872
"DYNC1H1",0.0203496329064403,0.000101247822820011,0.000147626731845948
"ABCB7",0.0203144920868606,0.000104084645160244,0.000151729188418657
"GPBP1L1",0.0202970236512267,0.000105522577829986,0.000153791041875267
"MAP3K7",0.0202744396457874,0.000107409398625448,0.00015650605041524
"AKT2",0.0202739692001102,0.000107449039236555,0.000156528925697103
"ABRAXAS1",0.0202334127201291,0.000110918771501397,0.000161475601887359
"SRBD1",0.0202119465628221,0.00011279777837379,0.000164174504676723
"TCEA1",0.0202066455103186,0.000113266398896997,0.000164819878920224
"NIBAN2",0.0202043533550496,0.00011346959680087,0.000165078821514038
"ZCCHC3",0.020183862347523,0.000115301447626972,0.000167669231446874
"KLF4",0.0201773272560121,0.0001158915121021,0.000168489816794203
"AC025159.1",0.020157608926744,0.000117689220001616,0.00017106538914419
"GPS1",0.0201294207417478,0.000120304831642682,0.00017482840392973
"DDHD1",0.0201236609278019,0.000120845991542352,0.000175536790203043
"NNT",0.0201136575628187,0.00012179130982008,0.000176792092274352
"SEC24D",0.0201109139170801,0.000122051800099458,0.000177130892131022
"CCDC59",0.0201053306494254,0.000122583515756317,0.000177863077233644
"MAP2K1",0.0200909295151698,0.000123965088204813,0.000179787876371576
"AKAP11",0.0200901522108468,0.000124040074808258,0.000179856732999865
"PPP6C",0.0200786040227669,0.000125159177896324,0.00018143918072864
"KYAT3",0.0200693928998443,0.000126058618070105,0.00018270255928671
"SCAP",0.0200379328458751,0.000129176755910142,0.000187055953519492
"ZDHHC5",0.0200258370631192,0.000130394852267912,0.000188736228498475
"NSMAF",0.0199793731466894,0.000135175345567724,0.00019556902175742
"PDE7A",0.0199461320173355,0.000138696194605279,0.000200618522196751
"RAB3GAP1",0.0199246225448697,0.000141020283956972,0.000203935106505349
"HVCN1",0.019922538049032,0.000141247451890442,0.000204218452114045
"TMEM245",0.0198975143063886,0.000144001574178727,0.000208154386907034
"STK25",0.0198820728914495,0.000145726209127379,0.000210600785869762
"OAS3",0.0198694429375162,0.000147151275354577,0.000212613268125574
"U2AF2",0.0198635629092882,0.000147819199197998,0.00021353113662318
"MAPK9",0.0198370280971205,0.00015086900092228,0.000217840443469494
"GPALPP1",0.0198280559226434,0.000151913557202031,0.0002193002510459
"NFKBIB",0.0198230771389547,0.000152496129125306,0.000220092647289459
"SERP1",0.0198213606950002,0.000152697458771883,0.000220334580765961
"ATG7",0.0197983146522627,0.000155424981868275,0.000224220770400437
"RPS6KB2",0.0197874409409913,0.000156727758312261,0.00022605031631272
"EBLN3P",0.0197866861313087,0.000156818572261083,0.000226131412757601
"TRG-AS1",0.019728959171509,0.00016391252292392,0.000236256630263798
"PREP",0.0197054474200138,0.000166887470282536,0.000240438581028475
"NMI",0.0196914046873092,0.000168688451121688,0.000242979751802951
"URI1",0.0196707003608873,0.000171377157118227,0.000246798205559245
"FAM210B",0.0196374868243322,0.000175774681702373,0.000253019566043618
"SPTLC1",0.0196288153913723,0.000176940139402594,0.00025464112511868
"PMPCB",0.0195771217259371,0.000184040031838988,0.000264800556373967
"GPR155",0.0195680788652008,0.00018530922469625,0.000266568033237422
"MSI2",0.0195653893454247,0.000185688291452925,0.000267054564346508
"PLIN3",0.0195340980839311,0.000190152454526256,0.000273354605913074
"LCORL",0.019530354989783,0.000190693166159694,0.000274071646593115
"VPS4B",0.0195054747459046,0.000194324150852849,0.000279167501269155
"SEC23B",0.0195029271165257,0.000194699592479725,0.000279645416439465
"UBE2W",0.019480111627347,0.000198092405899914,0.000284455995996846
"ZNF121",0.019426483328542,0.000206287282467111,0.000296158597446195
"UBE2G2",0.0194240301104557,0.000206669667704297,0.000296642434127485
"ELMOD2",0.0193990231806449,0.000210605684731685,0.000302225629230851
"VPS4A",0.019395022266874,0.000211241911633388,0.00030307211285036
"RFX1",0.0193525013414974,0.000218116055529475,0.000312865899748072
"CD37",0.0193333417662906,0.000221281637876814,0.000317267400973379
"MAD2L2",0.0192752928533963,0.000231137894438106,0.000331181142633429
"CPSF3",0.0192275850108821,0.00023954521725537,0.000343152197724717
"PEX26",0.019198578497489,0.000244796259297098,0.000350597577937443
"VTA1",0.0191933714989483,0.000245750237626682,0.000351886783531154
"OTUD4",0.0191782861988428,0.000248533750569141,0.000355794539352101
"TICAM2",0.019160401166607,0.00025187217301292,0.000360494804544324
"GNA13",0.0191590553438179,0.000252125078324985,0.000360777798662454
"ZBTB37",0.0191476557394497,0.000254276849522897,0.000363777252118315
"ASRGL1",0.0191238878406076,0.00025881874287652,0.000370113066694376
"PDPK1",0.0191196350929631,0.000259639395953023,0.000371205416737561
"NSFL1C",0.0190951075967996,0.000264420279801867,0.000377710244558577
"ABI1",0.0190928727325893,0.000264859976129181,0.000378255684563693
"MFSD5",0.0190849081858845,0.000266432533816705,0.000380418411463992
"MRPL28",0.0190779487767533,0.000267813793332667,0.00038230711371375
"DNTTIP1",0.0190767319931295,0.000268055981159085,0.000382569309063108
"BRD7",0.0190724339249775,0.000268913110192146,0.000383708842085607
"SFPQ",0.0190614739127618,0.000271110418940185,0.000386759746679234
"GLIPR1",0.019056097780611,0.000272194389500123,0.000388136732508573
"NUB1",0.0190398519730198,0.000275494709187852,0.000392757175898425
"AP3M1",0.0190387737907938,0.000275715062511465,0.000392985628667966
"MTMR11",0.0190360662020688,0.00027626915395562,0.000393689565946348
"STK16",0.0190225198810644,0.000279057030552284,0.000397489077505628
"KMT5A",0.0190197651871336,0.000279627171435926,0.000398214429720776
"DDX39B",0.0189931519293207,0.000285191827354769,0.000406050559069137
"EID2",0.0189922006957497,0.000285392631492399,0.000406247991442914
"PSME3",0.0189541921674326,0.000293525427635209,0.000417642926197823
"CYBRD1",0.0189519546192374,0.000294010904648325,0.000418242666360041
"C6orf89",0.0189285666554112,0.000299130565366615,0.000425340503777062
"NCBP1",0.0189225750834461,0.000300455499124088,0.000427131561920697
"SGK3",0.0189023045761125,0.000304978836550114,0.000433467746383619
"VPS45",0.0188732719789773,0.000311568591804544,0.000442737546885048
"UBE3C",0.0188632169905493,0.000313881761819773,0.000445927631198974
"RHBDD2",0.0188618948987499,0.000314187104812872,0.000446264456064861
"SIGLEC14",0.0187678348451025,0.000336638483141667,0.000477531439093126
"MOB1B",0.0187350941071953,0.000344799459612493,0.000488895872250375
"SUPT7L",0.0187297007634127,0.000346161431865473,0.000490720607445026
"SERTAD3",0.0186998085593083,0.000353801745613361,0.000501442838244126
"FAR2",0.0186986648194214,0.000354097189648568,0.000501752801456944
"MGST1",0.0186945683683879,0.000355157254476152,0.00050314585693718
"NFYC",0.0186639073550269,0.000363186347571511,0.000514297669573865
"RAP2C",0.0186520754872985,0.000366329855109863,0.000518636767585163
"PWWP2B",0.0186306794496714,0.000372079070069599,0.00052654825976516
"TM9SF4",0.0186265641726672,0.000373194491075419,0.000528012461080088
"KAT8",0.018619611682408,0.000375086025517022,0.000530573871663845
"TST",0.0185904606193313,0.000383115013771131,0.000541579667034735
"REEP4",0.0185582488262264,0.000392173670927683,0.000554145550145924
"COIL",0.0185574054458846,0.00039241351475907,0.000554364641204581
"EXOSC9",0.0185550180205435,0.00039309320353773,0.000555204874644562
"SORT1",0.0185532463254166,0.000393598307679311,0.000555798215033981
"IKZF1",0.0185504320496382,0.000394401894824698,0.000556812694529016
"ACBD3",0.0185295944216397,0.000400399729261976,0.000565036354395597
"SRGAP2B",0.0185260293779113,0.000401434376934104,0.000566251986277275
"SAP30L",0.0185022909731515,0.000408387682241081,0.000575687508946138
"CEP57",0.0185008351586797,0.000408817750357651,0.000576162896544707
"PTPN1",0.0185005529471785,0.000408901168548095,0.000576162896544707
"WDFY1",0.0184930697795505,0.000411118907826635,0.000579038220458971
"FGFR1OP2",0.0184843865368376,0.000413706385440026,0.000582557042430948
"PML",0.0184555464402746,0.00042240986400761,0.000594556661115556
"WWP1",0.0184518433074127,0.00042353971484954,0.000596018651675913
"CEP104",0.0184192563526145,0.00043360459591394,0.00060952630575905
"IRF5",0.018417334242072,0.000434205181916249,0.000610239354980318
"TFDP1",0.0183985936206312,0.00044010174450747,0.00061799510429335
"CASP8AP2",0.018394465551043,0.000441410609508022,0.000619699928057429
"OXR1",0.0183832286899121,0.000444991850176609,0.000624593541531702
"CACUL1",0.0183588868106401,0.000452842922848469,0.00063547693272876
"AC005261.1",0.018357113090586,0.00045342003038597,0.00063615024864023
"GTF3C3",0.0183463905040964,0.000456923432360591,0.00064092799844959
"SAFB2",0.0183208582248669,0.00046536755800651,0.00065263258134847
"HNRNPUL1",0.018308245863432,0.000469592275187419,0.000658274934643084
"SDR39U1",0.0182970998114428,0.000473355581685444,0.00066326592221591
"ZC3H6",0.018292493892924,0.000474918903999988,0.000665313862085263
"LZIC",0.0182767783168949,0.000480289346003597,0.00067269317570084
"MLLT6",0.0182687845480697,0.000483042717206396,0.000676259804088955
"EXOC5",0.0182641280170987,0.000484653389253546,0.000678224284875788
"CLIP4",0.0182416637375158,0.000492494283943979,0.000688901931627244
"KLHL9",0.0182335404736526,0.000495358617557973,0.000692760351143107
"TTLL4",0.0182308242922612,0.000496319826800182,0.000693807788672139
"RFXANK",0.0181728489324398,0.000517255646467944,0.000722764996069121
"ITGB2",0.0181018266078802,0.000544024507790134,0.000759357863350106
"MAP4K5",0.0180248376623766,0.000574496626974213,0.000801036243795565
"ARHGAP1",0.0180148802389421,0.000578551822710645,0.000806346582153527
"FAM78A",0.0179753611325856,0.0005949103320867,0.00082881380209919
"SNTB2",0.0179753248687244,0.000594925538888268,0.00082881380209919
"AATF",0.0179420680442101,0.00060902470421681,0.000848275141919366
"PATL1",0.0179409927352618,0.000609485726909517,0.00084873646060371
"SRSF10",0.017917949373429,0.000619443611717429,0.000862206114035383
"ROCK2",0.0179176957674408,0.000619554041562898,0.000862206114035383
"AL158152.1",0.0179023485094968,0.00062627102697403,0.000871368370792979
"SPOP",0.0179014727678283,0.000626656345828079,0.000871718976388081
"SGSM3",0.0178927901006527,0.000630488596626035,0.000876863315196983
"TMEM259",0.0178736219638808,0.000639026115855471,0.000888359078346389
"ABRAXAS2",0.0177825103226652,0.000681097574531696,0.000945639401632666
"BCKDHA",0.0177804681421662,0.000682069414923139,0.000946787650693733
"TSC2",0.017758650322731,0.000692532912104635,0.000960904112763179
"PPP1CB",0.0177214726357635,0.000710707132795015,0.000985493793046407
"NR1D2",0.0177066029891542,0.000718099414342684,0.000995322020558081
"ZNF644",0.0176881063555008,0.000727394503761947,0.00100777818724213
"KHDC4",0.017679472899074,0.000731771211713314,0.00101362715724187
"DAXX",0.0176690091012848,0.000737108593466039,0.00102080406356301
"TERF2",0.0176683992940186,0.000737420756659725,0.00102102009890751
"RABIF",0.0176640781751999,0.000739636277717513,0.0010238212867602
"AL021155.5",0.0176638429190584,0.00073975707535258,0.0010238212867602
"SRPK1",0.0176392740518433,0.000752473879762235,0.0010412008943673
"THAP1",0.0176203774101756,0.000762392534523049,0.00105470215630802
"SNRNP70",0.0176133443852441,0.000766114993345912,0.00105940351660228
"KLHDC2",0.0176099735645769,0.000767905086085658,0.00106165435669867
"CCDC6",0.0175817681267325,0.000783036640503263,0.00108188790270717
"CLCN6",0.0175679494680299,0.000790550611090636,0.00109180817391436
"SAT2",0.0174869054261408,0.000835982755370373,0.00115382209301488
"BTBD1",0.0174814482977412,0.000839127341918319,0.00115791780528957
"TBC1D23",0.0174643351623162,0.000849059812545172,0.0011708823147902
"FAF1",0.0174597603824414,0.000851733425345742,0.00117432162271414
"ZNF641",0.017433705861283,0.000867109761938634,0.00119526958118381
"CUL5",0.0174080049470246,0.00088252922708685,0.0012159966926746
"HPS1",0.0174077156393501,0.000882704237294841,0.0012159966926746
"RFNG",0.0174068532939449,0.000883226084750155,0.00121645926734706
"CCDC22",0.017350455422608,0.00091798284052052,0.00126299911854444
"ZNF280D",0.0173440561829884,0.000922005613834525,0.00126826692683571
"FAAP20",0.0172995323690246,0.000950450113435725,0.0013068439204296
"GIT2",0.0172938361875826,0.000954147256637251,0.00131165154833775
"CCSER2",0.0172697726577811,0.000969913316629992,0.00133192465115036
"NCLN",0.0172375108957533,0.000991429401755997,0.00136065039385477
"QSER1",0.0172374716097783,0.000991455869734495,0.00136065039385477
"RSBN1",0.0172122610090683,0.00100857646198203,0.00138356544448983
"KDM5C",0.0171831501237539,0.00102868600274917,0.00140996836183943
"KPNA6",0.0171695922846985,0.00103817772445827,0.00142267993345382
"CDC16",0.017152724162351,0.00105010007658293,0.00143871632453881
"ATG14",0.0171441767742646,0.00105618959173327,0.00144675624361034
"PPP3CB",0.0171368739801784,0.0010614182696336,0.00145361387659499
"CDK11B",0.0170671276299429,0.00111257585565339,0.00152239869072036
"TMEM8A",0.0170385598192544,0.00113418044044488,0.00155131207523611
"METTL14",0.0169992334306933,0.00116455600637448,0.001592193050957
"SREBF2",0.0169958746135515,0.00116718488639109,0.0015951201478313
"CPNE2",0.0169754630514495,0.00118327889462233,0.00161643907501898
"DRG2",0.0169400090978256,0.0012117216835874,0.00165460241589274
"TBL1XR1",0.0169294427521774,0.00122031985038382,0.00166599523529118
"USP12",0.0169208924844171,0.00122731868133122,0.00167520032119907
"BHLHE40",0.0169183719200944,0.00122938895579724,0.00167767584909254
"DMAC2L",0.0169157702080209,0.0012315292633689,0.00168024589397034
"DHX36",0.0169059971555109,0.00123959987708985,0.00169090423459492
"VPS26B",0.0168822977443779,0.00125937415705,0.00171680321909776
"THOC5",0.0168696115820524,0.00127007849925026,0.00173103465251161
"ANKS1A",0.0168635509867674,0.00127522190589512,0.00173732044608091
"LINC-PINT",0.0168518663783796,0.00128519251715395,0.00175053930774011
"GCN1",0.0168469237810802,0.00128943170873062,0.00175594761751319
"PNISR",0.0168459337776395,0.00129028236973439,0.00175674013605236
"BTBD7",0.0168285537844313,0.00130530075515932,0.00177644803023139
"WASHC5",0.0168232805155307,0.00130988928653881,0.00178232178051836
"HGF",0.0167270589573802,0.00139627394754458,0.00189867701103295
"ZADH2",0.0166581587407455,0.00146132516820179,0.00198630851345183
"ZNF195",0.0166543140100974,0.001465036119889,0.00199052496920912
"PARP11",0.0166533528204268,0.00146596522051167,0.00199137349090074
"EIF3L",0.0166420477829127,0.00147693366639934,0.00200585631718298
"RABGAP1",0.016602567697693,0.00151583415744491,0.00205783299862434
"ASXL1",0.0165678540355532,0.00155081565010681,0.00210401177015944
"TEP1",0.0165540693850688,0.00156491170672301,0.00212265634070011
"CHMP7",0.0165537814149783,0.00156520743629783,0.00212265634070011
"GUF1",0.0165333168327861,0.00158635568901176,0.00215089039708812
"PHF14",0.0164961888449269,0.00162539688805494,0.00220336820528783
"CHN2",0.0164923101930838,0.00162952601471772,0.00220850768744289
"FAM98B",0.0164839667697722,0.00163844097443137,0.00222012996701188
"PARL",0.0164652215217598,0.00165863422466146,0.0022470266392119
"FOPNL",0.0164538004893102,0.00167104948817226,0.0022633771604869
"SVBP",0.0164516758979084,0.0016733684406592,0.00226604864644363
"LY6E",0.0164468864235392,0.00167860692718072,0.00227220126085043
"SRRT",0.0164209771120528,0.00170720770095482,0.00231043757997156
"TMX3",0.016374173925793,0.00176001158856295,0.00238091366977542
"SPG7",0.0163676094826796,0.00176753657197304,0.00239059869829536
"CCM2",0.0163481544589714,0.00179001240741295,0.00241999609587798
"HBP1",0.0163430141333047,0.00179599459453594,0.00242758169507463
"MTERF4",0.0163413777615761,0.00179790281681455,0.00242965866397964
"BRCC3",0.0163399687205187,0.00179954743483833,0.00243137861727072
"FAM76A",0.0163387540807626,0.00180096625923039,0.00243279285182816
"MAFK",0.0163334790479672,0.00180713997667053,0.00244062821059119
"POLR3C",0.0163164501133451,0.00182720303808338,0.00246721467637115
"IP6K2",0.0163114203418388,0.00183316802371752,0.00247475790606342
"DCAF12",0.0163090725803639,0.00183595843835397,0.00247801326795174
"HTATSF1",0.0162856407216801,0.00186402282915357,0.00251537280846358
"ATXN7L1",0.0162805875349314,0.00187012646643257,0.00252308849309453
"IFFO1",0.0162380118259973,0.00192228643155608,0.00259239040625281
"KPNA1",0.016229997426564,0.00193225310510421,0.0026047568662209
"C2orf49",0.0162067757119115,0.00196140004960528,0.0026435030971592
"RPS13",0.0162000557670129,0.0019699096343367,0.00265442481230283
"OS9",0.016190303894338,0.0019823188872873,0.00267004550578582
"TEN1",0.0161881540296152,0.00198506422344739,0.00267319256290402
"FAM98C",0.0161623345660768,0.00201830891524736,0.00271740191266211
"STAC3",0.0161481242586207,0.00203682308398525,0.00274119994300033
"LINC00623",0.0161441272382354,0.00204205868478104,0.00274768052708344
"DAAM1",0.0161304581546949,0.00206005694199535,0.00277132763102172
"PRRC2C",0.0161163300703725,0.0020788124075786,0.00279540837530829
"IST1",0.016077685670201,0.00213091701099196,0.00286488493067354
"STAM2",0.0160591034316786,0.00215639558236736,0.00289816068666953
"BCL7B",0.0160589883369069,0.00215655425828193,0.00289816068666953
"GIMAP7",0.0160447794276061,0.00217622586704637,0.00292399603755634
"MIR4435-2HG",0.0160415553013438,0.00218071236232887,0.00292942211319214
"MIR181A1HG",0.0160382561357811,0.00218531205269449,0.00293499798695904
"DEDD2",0.0160310369776852,0.00219540802414867,0.00294795187140768
"HDHD2",0.0160300359638859,0.00219681130886518,0.00294923045941695
"SCNM1",0.0160266685038004,0.00220153806495878,0.00295496938384325
"UBTF",0.016011387862906,0.00222310416616175,0.00298330357930327
"ACOT8",0.0159416082081923,0.00232406863853077,0.0031181532441441
"CALCOCO1",0.0159256124217796,0.00234779689816233,0.00314869664003801
"BAG5",0.0159159921608643,0.00236217427348244,0.00316732883511653
"CHERP",0.0158946288356384,0.00239439022678963,0.00320986739855456
"PRPF38A",0.015836337892595,0.00248434971712639,0.003327735802207
"STRN4",0.0158278700018969,0.00249767229390326,0.00334489583317074
"PIEZO1",0.0158246790103562,0.00250270962944632,0.00335095546944912
"CDK5RAP1",0.0158218685430874,0.0025071539605007,0.0033555317489772
"CCNH",0.0158064453431288,0.00253167220865383,0.00338765307003249
"SLU7",0.0157998014332109,0.00254230145072213,0.00340048422357228
"TPK1",0.0157850219666344,0.00256609287342228,0.00343020143251581
"PPFIA1",0.0157829640018966,0.00256942180729516,0.00343394925921827
"EFCAB14",0.0157774220850834,0.0025784059765856,0.00344525204882825
"BLCAP",0.0157743037008064,0.00258347390345249,0.00345131842680269
"SF3A1",0.0157570368110866,0.00261170086854255,0.00348831466364273
"INTS10",0.0157553618816004,0.00261445389868506,0.0034912785109483
"C6orf120",0.0157106862095622,0.002688872167508,0.00358918869562419
"LRRK1",0.0156689186315904,0.002760191896536,0.00368288461623518
"SLA",0.0156408589311482,0.00280907076393406,0.00374733822783123
"U2AF1L4",0.0156277099326455,0.00283224667097243,0.00377748444202728
"CBX1",0.0156060657234169,0.00287077639155543,0.0038280921982438
"PRPF4",0.0155813532425268,0.00291535271281247,0.00388543325348073
"C1orf52",0.0155812387744545,0.00291556065181653,0.00388543325348073
"TFIP11",0.0155305690355961,0.00300894612556579,0.00400906659240862
"DCUN1D1",0.015520399915395,0.00302801364409025,0.00403364979728241
"SACM1L",0.015510511389478,0.00304666066231194,0.004057662947687
"PCSK7",0.0154806407024036,0.00310362627284931,0.00413014167886884
"ORC4",0.0154363590432163,0.00318986294531852,0.00424319917324364
"MTPAP",0.0154242967219495,0.00321372929611212,0.00427407691984968
"CELF1",0.0153966198466651,0.00326910658347234,0.00434684133470453
"SLC30A9",0.0153732809934535,0.00331647820325057,0.0044080370995837
"MAP3K20",0.015353971072666,0.00335614386204069,0.00445985133537033
"SRCAP",0.0153432175664656,0.00337842008580786,0.00448854105283719
"OSER1",0.0153425961562783,0.0033797114615357,0.0044893444810078
"SUPT20H",0.0153397464149833,0.0033856393737401,0.00449630514432517
"MED30",0.0153271629321562,0.00341192835765076,0.00453029805083685
"ATP9B",0.0153179671247751,0.00343125729750137,0.00455411291333007
"C2CD2L",0.0153127799928149,0.00344220420093443,0.00456771484995115
"PIK3C2A",0.0152871676689883,0.00349672377431753,0.00463911932558603
"WRAP73",0.0152371370539731,0.00360549370885952,0.00478245442656188
"ATP13A1",0.0152337967392729,0.00361286422136865,0.00479125888018422
"KIN",0.0152309601973115,0.00361913389904545,0.00479860016872017
"RIC8A",0.0152285141861772,0.00362454832038863,0.00480480472804154
"SLC20A1",0.0152253332131719,0.0036316006516488,0.00481317759182645
"THOC2",0.0151934142237974,0.00370306014601325,0.00490689242696284
"MTRF1L",0.0151830604582417,0.0037265130352107,0.00493696904239261
"FAM193A",0.0151761715894817,0.00374219211111153,0.00495673663339692
"IL1RN",0.0151521128824131,0.00379742126867155,0.0050278534334902
"ZRANB2",0.0151259769892633,0.00385825732653742,0.00510529981803313
"RCHY1",0.0150712063748893,0.00398862691262034,0.00527140544869857
"ACSF3",0.0150248501545996,0.00410207899712656,0.00542024908714903
"CTSO",0.0149952857955073,0.00417595597927796,0.00551675089765999
"PTBP1",0.0149678575398294,0.00424557232736721,0.00560758623764178
"PNN",0.014962116507974,0.00426027632683168,0.0056258708593871
"DR1",0.0149596108528532,0.00426670830512223,0.00563322675664159
"RPS6KA5",0.0148905052447179,0.00444760858920163,0.00586614181081305
"PHRF1",0.014864741561704,0.00451681043301037,0.00595621351573655
"DVL3",0.0148640529223217,0.0045186734459713,0.00595746864080668
"WDR70",0.0148560900190308,0.00454026653305041,0.00598231813645376
"DHX15",0.0148519391160895,0.00455155960062451,0.00599598965724018
"CHROMR",0.0148515958516657,0.00455249463387498,0.00599601327886274
"CEP164",0.0148405980357389,0.00458254431222875,0.00603437557167202
"PPP2R2A",0.0148331281014781,0.0046030569709872,0.00606016642696623
"ERAP2",0.0148138671394653,0.00465633230599953,0.00612660507478867
"HDAC1",0.014751057798111,0.00483396242673512,0.0063488240952178
"SAT1",0.0147327469943268,0.00488688892357587,0.00641704755620387
"SLC25A16",0.0147261231289798,0.0049061636264942,0.00644106381325685
"ETV6",0.0147085951937965,0.00495750011716588,0.00650715433969696
"KHNYN",0.0146927926394126,0.00500419912303805,0.00656581454272983
"PITPNC1",0.0146792742923087,0.00504446320449273,0.00661731549578119
"IFIT5",0.0146752837629697,0.00505640476509153,0.00663164982029457
"ERN1",0.0145840845032269,0.00533637583818182,0.00699203065576018
"RAE1",0.014584035496287,0.00533652997434128,0.00699203065576018
"ZNF438",0.0145289913256764,0.00551221434246493,0.00721354230805359
"OXSR1",0.014505222049848,0.00558967944359685,0.00731198963630176
"RAB11FIP2",0.0144960694404807,0.0056197691714491,0.00734841016858684
"VPS33A",0.0144803670567064,0.00567173221565822,0.00741487407038061
"ELMSAN1",0.014479396206825,0.00567495917717502,0.00741760957624355
"RANBP2",0.0144375205805151,0.00581573356248073,0.00759705615014965
"TRIM41",0.0144253260497118,0.00585731599623845,0.00764984658078445
"TAB2",0.0144108544336788,0.00590701072910078,0.00771320873714018
"IFIT3",0.014408831249817,0.00591398842324121,0.00772077801740236
"GALNS",0.0144076498999649,0.0059180661771542,0.00772455912681856
"ILF3",0.0144012842891489,0.00594008247747661,0.00775174835084673
"DDX52",0.0143752938109012,0.00603074184449438,0.00786691743401921
"HNRNPC",0.0143746315258546,0.00603306821055045,0.00786838219839992
"PLAA",0.0143618233705189,0.00607821787727936,0.00792568577615726
"SBF1",0.014336675705963,0.00616775158493376,0.00803602229220744
"PEX16",0.0143125162327554,0.00625488369029948,0.00814792380298426
"PPP2R1A",0.0142500186591415,0.00648544703100043,0.00844153945623747
"ASCC3",0.0142463919855987,0.00649905815215625,0.0084575720937097
"FAM110A",0.0142217810843903,0.00659210512328386,0.00857524538321327
"RNF20",0.0142155137900627,0.00661599058279297,0.00860460442218031
"DEAF1",0.0142122056486443,0.00662862968468956,0.00861932793924032
"KLHL18",0.0142013174961794,0.00667038247111057,0.00867189512748477
"SLC15A4",0.0141872325131076,0.00672474482628265,0.00873735724845707
"B4GALT3",0.0141828315187301,0.00674181235758439,0.00875779240887875
"NELFB",0.0141737074306608,0.00677732063795619,0.00879867401329578
"KLHL24",0.0141728774019931,0.00678055919196753,0.00880113083126537
"MPHOSPH9",0.0141188667966023,0.00699430759596485,0.009071371367272
"APOL3",0.0141151669727401,0.00700916885454084,0.00908884291372234
"CUL4A",0.0140814685969265,0.00714583759392049,0.00926238822146157
"KMT5B",0.0140797238230782,0.00715297847898034,0.00926980640150118
"AL360012.1",0.0140707586211568,0.00718977172644609,0.00931379582871103
"ATF2",0.0140598236727966,0.00723487871564191,0.00936868771976457
"HDAC8",0.0140273684136277,0.00737025688454299,0.00954003949933519
"WNK1",0.0140099981070099,0.0074436420248099,0.00963312184445905
"TMEM175",0.0139987408707673,0.0074915502842946,0.00969128527081877
"ARIH2",0.0139912369403035,0.00752363871860413,0.00973087041389393
"ERLIN2",0.0139747721584832,0.00759447792401216,0.00981860721123028
"SNAP23",0.0139651349505769,0.00763621857427635,0.0098686691121998
"VPS16",0.0139390899529473,0.00775005529681416,0.0100118280044598
"SCYL2",0.013938186999545,0.00775402903020247,0.010014982575951
"NFAT5",0.0139096193551743,0.00788069636435296,0.0101765737369425
"USP22",0.0138995716174514,0.00792568610933144,0.0102306289798241
"VPS8",0.0138958559413259,0.00794238159026987,0.0102501561068268
"SMARCA5",0.0138861700707833,0.00798605083348138,0.0103044800373596
"A1BG",0.0138772881015283,0.00802628448814047,0.0103543504308331
"CCNT1",0.0138629858068185,0.0080914526997133,0.0104343033038906
"IDE",0.0138622673291209,0.00809473889312588,0.0104364825247993
"UBN2",0.0138616136679531,0.00809772966472131,0.0104382800764882
"ABCB10",0.0138359520124459,0.00821592686886923,0.0105885530984954
"GAB3",0.0138251509647461,0.0082661362950418,0.0106490638614745
"MEPCE",0.0137999254797059,0.00838446958001731,0.0107993818191791
"SLC8A1",0.0137904371044604,0.00842937041610935,0.0108550765768215
"CLPB",0.013785279561675,0.00845386701798011,0.0108844786458358
"NUS1",0.013758899485469,0.00858016185035409,0.0110441512245728
"TENT2",0.0137586713056609,0.00858126158165035,0.0110441512245728
"ZNF791",0.0137337216823077,0.00870227115395357,0.0111954838261607
"BATF",0.0137220889327599,0.00875921129850723,0.0112665204543853
"ITPR1",0.013693850289608,0.00889882142689614,0.011439342211767
"TMEM168",0.0136886260893714,0.00892486633111387,0.0114705673427998
"ANAPC5",0.0136625233666436,0.00905602234205895,0.011634559652659
"DCAF15",0.0136592412201423,0.0090726350554976,0.0116513235106744
"INO80E",0.0136511749521974,0.00911357844033605,0.011699308039057
"WASL",0.0136335659796854,0.00920353298106305,0.0118101469342866
"MOGS",0.0136153613770583,0.00929736252288872,0.0119282096104094
"GPBAR1",0.0135958479272451,0.00939888498244299,0.0120537289162833
"ASCL2",0.0135951853610387,0.00940234940166028,0.0120558070970886
"HIP1",0.013590145351487,0.00942873985987281,0.0120872747458526
"FDFT1",0.0135787213255645,0.00948880300092093,0.0121618886532094
"XPC",0.013544539576172,0.00967056052569002,0.0123899911261927
"MTA1",0.0135268050016602,0.00976607951721708,0.0125074687333135
"MAPKAPK5",0.0135097537463984,0.00985871003030642,0.0126216482173302
"THUMPD1",0.0135096833390656,0.00985909413366555,0.0126216482173302
"TRIM34",0.0135000381781386,0.00991183897350294,0.0126817227414408
"ADA2",0.0134768764064708,0.0100395277617346,0.0128425811986345
"AKIRIN1",0.0134683365180331,0.0100869757750381,0.0129007526637713
"NCBP2AS2",0.0134554576834853,0.010158908841231,0.0129876703175535
"TTC14",0.0134348076842623,0.0102752002393705,0.0131312078117679
"COX19",0.0133995094106881,0.0104767298518561,0.0133861363633839
"RSPRY1",0.0133965818158511,0.0104936013347993,0.0134050733737627
"PHF20",0.0133808233500457,0.0105848318964741,0.0135163341678023
"HMGXB3",0.0132674513212968,0.011262232243659,0.0143617075110284
"ALG13",0.0132463498035097,0.0113924802389546,0.014519305224617
"LRRC57",0.0132433109767679,0.0114113469678307,0.014540515781656
"ZFAND2B",0.0132330023944085,0.0114755551718517,0.014619481627741
"TMEM268",0.013221075501961,0.0115502431391164,0.0147117649802343
"BRD8",0.0132103785307656,0.0116175957461935,0.0147889098498079
"NRAS",0.0132048556348276,0.0116525064244532,0.0148304627220314
"GCH1",0.0131811111951517,0.0118036594143897,0.0150140710605602
"IARS2",0.0131649789465177,0.011907344067664,0.0151430102148196
"CRTAP",0.0131514016749387,0.0119952324359692,0.0152488488559919
"RNASE4",0.0131382768006843,0.0120807384875155,0.0153515778875367
"DNM2",0.0131095648050512,0.0122696775833022,0.0155795595338182
"NCOR2",0.0131077044906074,0.0122820091880462,0.0155921895284361
"LRRC58",0.0130978556669872,0.0123474779270567,0.0156661771176202
"ISG15",0.0130919963430305,0.0123865734858819,0.0157127313641241
"ARHGEF7",0.013089074261887,0.0124061116245111,0.0157344632009803
"VAMP5",0.0130824205165361,0.0124507029496776,0.0157879549815733
"ZFPM1",0.0130734899338573,0.0125107760000509,0.0158610536141813
"UNC45A",0.013059875573219,0.0126028491376736,0.0159746854715219
"RAB32",0.0130574843415509,0.0126190826885981,0.0159921617790375
"GABARAPL1",0.0130320778040457,0.0127927086249788,0.0161996376118751
"R3HDM1",0.0130015670632094,0.0130040073737715,0.0164640201800384
"UPK3BL1",0.0129951179888136,0.0130490629168434,0.0165146677023465
"MAN1B1",0.0129836919307486,0.013129228535254,0.0166129081020884
"DLEU2",0.0129446257247215,0.0134066179967494,0.0169442235574613
"SGSH",0.0129330029529438,0.0134901390670507,0.0170431940522469
"CWC22",0.0128894928398618,0.0138068983243108,0.0174299094891569
"AKIRIN2",0.0128378850788203,0.0141911099881257,0.0179011146251911
"COG4",0.0128234788334027,0.0143000327798512,0.018028078348374
"PPWD1",0.0127979371329332,0.0144949623683291,0.0182667817972505
"SETDB1",0.0127782040230185,0.0146471623857857,0.0184550294234471
"MBD5",0.0127562402999529,0.01481822197176,0.0186633664518141
"DEF8",0.0127372182888638,0.014967790686894,0.0188481154682036
"ZBTB34",0.012722715545608,0.0150827166319862,0.0189891779972897
"FBXO28",0.0127030872159926,0.0152394973130767,0.0191791787166305
"FUBP1",0.0126870965033645,0.0153682814565248,0.0193375335186218
"GOLGA3",0.0126306657503427,0.0158304442734185,0.0199075677360281
"RAP1B",0.0125777348866723,0.0162750074765616,0.0204469636590622
"MAX",0.0125556387010497,0.0164638140100592,0.0206801951964971
"RNF6",0.0125173635647452,0.0167954213908932,0.0210886239780411
"PDE4A",0.0125111525360384,0.0168497817082702,0.0211528173595758
"GNL1",0.0124794969866391,0.0171292442151784,0.0214871447963999
"DNAJA2",0.012473479576993,0.0171828248322461,0.021550222281455
"NR4A2",0.0124448302114736,0.0174399476298395,0.0218601184056539
"ANKZF1",0.0124099032799335,0.0177579688385015,0.0222459475505121
"SMARCE1",0.0123952638059664,0.0178927702273756,0.0224105233231
"CSTF2T",0.012365526629642,0.0181693549260603,0.0227482272130568
"ACBD5",0.0123619901957209,0.0182024949987952,0.0227853556006362
"AGO3",0.0123389194460375,0.0184199936581506,0.0230487882367442
"SLC27A1",0.0123343859415052,0.0184629995003942,0.023098180392954
"PGPEP1",0.0123298942576485,0.0185056952569513,0.0231471657910747
"FNIP1",0.0123090993228813,0.0187044896578163,0.0233824002643982
"YTHDF1",0.0123072808388016,0.0187219624123385,0.0233997687348249
"C16orf72",0.0122664328977573,0.0191182265649384,0.0238904750155901
"RBM7",0.0122647985126698,0.0191342330776405,0.0239013404397428
"DELE1",0.0122423925169825,0.0193548523940341,0.0241676900214276
"ZFP36L2",0.0122324573690668,0.0194533874339241,0.0242860887995027
"PRPF18",0.0122201053720198,0.0195765032780391,0.02443512379378
"DNM1L",0.0122127481828191,0.01965015741355,0.0245223762492441
"R3HDM2",0.0122004925476574,0.0197733881915425,0.0246714526710505
"B3GNT5",0.0121937226638386,0.0198417484759308,0.0247520228077916
"RYBP",0.0121849340494823,0.0199308010414823,0.0248583703184302
"ISG20L2",0.0121803657089935,0.0199772284172767,0.0249115238207429
"ULK2",0.012149465710392,0.0202937464059721,0.0253013947372704
"SLC36A1",0.0121180505542133,0.0206200174759208,0.0256934770835849
"CPSF1",0.0120997629363578,0.0208120472834772,0.0259228739072917
"NEK9",0.012055500867796,0.0212832870790766,0.0264997392730914
"CD33",0.0119929391686628,0.0219651942735011,0.0273279619714844
"PAF1",0.0119880646720796,0.0220191145345758,0.0273898346322407
"NLRC4",0.0119703269745166,0.0222162967583483,0.0276246002674176
"RBBP5",0.0119348880971236,0.0226148582073359,0.0281148398858266
"FEM1B",0.0119177910106541,0.0228093517612818,0.0283512436911141
"IKBKG",0.0118820896601285,0.0232201747296231,0.0288434747796068
"LRCH3",0.0118818450251005,0.0232230118139875,0.0288434747796068
"INO80",0.0118425330977779,0.0236828483777549,0.0294034300595826
"CCZ1",0.0118337845909508,0.0237862487480648,0.0295205949724465
"HNRNPH3",0.0118283463126598,0.0238507220461799,0.0295949934974235
"NSUN2",0.0118193288821806,0.0239579619038246,0.0297224202897923
"USP9X",0.0118151317374898,0.0240080189218723,0.0297788707477141
"CYHR1",0.0117815934114299,0.0244112798883693,0.0302733209237782
"FAM168B",0.0117616803929276,0.0246534784432452,0.0305678820523302
"RPRD2",0.0117508568024809,0.0247859950469608,0.0307263624605669
"ARMH3",0.0116990010916376,0.02542947300537,0.0315121104073368
"STRN",0.0116862663968357,0.0255896911678434,0.0317046429515559
"STAG1",0.0116817972054462,0.0256461257360566,0.0317685430205264
"PAXX",0.0116664297199172,0.0258410004310336,0.031991755504279
"MPRIP",0.0116642480904913,0.0258687691484245,0.0320200705589548
"LONRF1",0.0116588395863337,0.0259377222125141,0.0320993427646067
"MRGBP",0.0116441553817276,0.0261257332015923,0.0323197812056784
"POLR2A",0.0116247482470877,0.0263760211410439,0.032623236136993
"GMPPA",0.0115851740886513,0.0268928229437165,0.0332372923262794
"ABCD3",0.0115652833561289,0.0271558627083671,0.0335560442992447
"TMEM127",0.0115460232516966,0.0274126758310091,0.0338605846557977
"SLC46A2",0.011495726652322,0.0280932293245893,0.034694660620356
"GIT1",0.0114883154505346,0.0281947297115031,0.0348068623213382
"STARD4",0.0114722458140362,0.0284158979646815,0.0350732756075302
"CLK3",0.0114710074836947,0.0284330031006215,0.0350877641132245
"C9orf78",0.0114491950017238,0.0287357576003908,0.0354479968285575
"ABHD3",0.0114453357429614,0.0287896116336053,0.0355077307791948
"FAM172A",0.0114412909918689,0.0288461473606925,0.0355707490464368
"EXOSC10",0.011430669628485,0.0289950632892138,0.0357476379002225
"TMEM39A",0.0114112960675508,0.0292683933127704,0.0360778196604247
"VPS11",0.0114038155807457,0.0293745227444339,0.0361949924054107
"NKIRAS2",0.0113908062443227,0.0295598813421138,0.0364165261380705
"ARHGDIA",0.0113840633560558,0.0296563500277721,0.0365284884102438
"FERMT3",0.0113660006406051,0.02991610342785,0.0368414925996013
"ITGAL",0.0113460181858238,0.0302057401407378,0.0371808601690924
"LUC7L",0.0113319962987159,0.03041041681798,0.0374149990884368
"SUSD6",0.0113253382407678,0.0305080205354483,0.0375280222503784
"NAB1",0.0112875655736602,0.0310668565419631,0.0381982916426799
"NARF",0.0112873254734165,0.0310704366711184,0.0381982916426799
"FAM120B",0.0112809710510437,0.0311653160893016,0.0383077338958177
"SZT2",0.0112802088182941,0.0311767138540093,0.038314540446901
"TMCC1",0.0112523686192317,0.031595470170937,0.0388072861126407
"HCFC1",0.0112164122407006,0.0321434360984084,0.0394580896003369
"LSM14A",0.0112042560026168,0.0323305269575684,0.0396803050964111
"MBD3",0.0111662530562921,0.0329214411304371,0.0403752358114421
"NAPG",0.011160510812052,0.0330115274671615,0.0404781257652479
"APP",0.0111576107171929,0.0330571053090539,0.0405264118714784
"PGM2",0.0111111825023077,0.0337941359806667,0.0413989246845791
"RUFY2",0.0111057053259162,0.033882003749023,0.041498789904667
"TMOD3",0.0110896851787343,0.0341401294510946,0.0417992820882503
"MED15",0.0110686344315449,0.0344818648151092,0.0421949178984789
"PSEN1",0.011068587390013,0.0344826317423635,0.0421949178984789
"BMPR2",0.0110468802123707,0.0348380864185938,0.0426059500570082
"NGLY1",0.0110425116869428,0.034909997886892,0.0426859110126239
"PISD",0.0110196987179763,0.0352875906420306,0.0431234145079619
"OCEL1",0.0110064222502337,0.0355089386534449,0.0433776982279938
"CAP1",0.0110022463329383,0.0355788048391988,0.043454927337695
"VAMP7",0.0109952156408985,0.0356966984428618,0.0435907759468491
"SH3GL1",0.0109719648387357,0.0360889534983597,0.0440533192629343
"RAB21",0.0109636791151901,0.0362296239130495,0.0442002763843101
"CCDC71L",0.0109407685029502,0.0366210225932,0.0446611165294425
"PHF10",0.0109354663257729,0.0367121151038514,0.0447555115698267
"ISY1",0.0109250718004569,0.0368912553953852,0.0449655159908703
"PPP1R2",0.0109117582680734,0.0371217890535427,0.0452380721029006
"UBE2Q1",0.0109048897662976,0.037241201078019,0.0453666802027367
"G2E3",0.0108908612457459,0.0374861094713942,0.0456480702293568
"CAMTA2",0.0108908585780734,0.0374861561733583,0.0456480702293568
"SH2D3C",0.0108819534588258,0.0376423310322312,0.0458211804670877
"LSM6",0.0108620571302458,0.0379932670124993,0.0462397579537827
"RPS6KC1",0.0108501287810584,0.0382049931225485,0.0464801349153745
"BAZ1A",0.0108363235218407,0.0384512855887759,0.0467710707310543
"IKZF5",0.0108260412193436,0.0386356025254421,0.0469865270296393
"ADPGK",0.0107939233943088,0.0392161777039552,0.0476748549327741
"F13A1",0.0107896470843967,0.039294034073837,0.0477517462406592
"CERS6",0.010772786789673,0.0396022799652456,0.0481173957280758
"ARMC8",0.0107329678285471,0.0403384202226058,0.0490027111511328
"POM121C",0.010721359479273,0.0405551979561775,0.049256898427919
"CRKL",0.0107134278110692,0.0407038835077696,0.0494283043041972
"MAPKAPK2",0.01070813181873,0.0408034182065253,0.0495399718169475
"CLTC",0.0106730951484904,0.0414671190611995,0.0503364323100859
"ZBTB1",0.0106396564612517,0.0421090523726525,0.0510872118041199
"GBP4",0.0106252672369391,0.0423878636060822,0.0514159280624426
"FLNA",0.010599217777978,0.0428965806875327,0.051984771924947
"POLDIP3",0.0105986769849527,0.042907196222787,0.0519880001676393
"AP2A1",0.0105885340195685,0.0431067100603107,0.0522007168687371
"HIPK2",0.0105592818400172,0.0436865013874753,0.0528734442930976
"GNL3L",0.0105509752820466,0.0438523367414805,0.0530643304859892
"HSD17B11",0.0105460442250716,0.0439510334738162,0.0531739187364564
"CLK4",0.0105287650298577,0.0442983634760136,0.0535743064014386
"MFSD14C",0.0105247231147079,0.0443799436775227,0.0536630426786838
"TRAK2",0.0105176487353247,0.0445230349006388,0.0538161586578622
"ELMO1",0.0104987992581482,0.0449061987135247,0.0542492104931678
"XRCC1",0.0104714455495495,0.0454671757884352,0.054906611618912
"BLZF1",0.0104605856876837,0.0456915246965765,0.0551571618290652
"ASH2L",0.0104552831200901,0.0458014064440078,0.055279600393377
"SMARCC2",0.0104358102645428,0.0462068417322619,0.0557380684954849
"HIVEP1",0.010395750531903,0.0470504149969828,0.0567033388479767
"CHRAC1",0.0103860469857758,0.0472566890132894,0.0569414361903586
"CCNI",0.010373367698053,0.0475273657720734,0.0572570328759565
"SIRT1",0.0103724996694375,0.0475459439756076,0.0572583130802215
"NEPRO",0.0103489642755184,0.048051997960768,0.0578464302462717
"ELOA",0.0103476227763054,0.0480809784584321,0.0578706622167211
"TUBGCP2",0.0103284600471193,0.0484965578171081,0.0583493733912868
"COG5",0.0103047648618057,0.0490145989680105,0.0589539504788151
"MEMO1",0.0103046518462034,0.0490170808814376,0.0589539504788151
"HUS1",0.0102825825360646,0.0495037661399152,0.0595283470705841
"USB1",0.0102801797838983,0.0495569968659717,0.0595813985858262
"ZMAT3",0.0102594123290565,0.050019084201924,0.0601259004434968
"MTF2",0.0102589703514342,0.0500289575699251,0.0601267140794431
"CCAR2",0.0102585506546297,0.0500383347175248,0.0601269311492698
"OTUB1",0.0102439634695314,0.0503651681183693,0.0604974222226527
"CNOT3",0.0102084634996521,0.0511680441003531,0.0614392419335369
"DCAF10",0.0101845258346869,0.0517154510263156,0.0620737321112634
"CDC5L",0.0101760424389793,0.0519106217647216,0.0622851248114791
"FAM204A",0.0101192812768152,0.0532323941043759,0.0638359120789452
"PI4KB",0.0101120552253712,0.0534026639237755,0.0640283544349247
"GATAD2A",0.0100960386850083,0.0537816887432009,0.0644591532544542
"PPP2R2D",0.0100777548704347,0.0542171101158056,0.0649691103257216
"RBM4",0.0100648938464806,0.0545251490225713,0.0653262643044844
"MLLT10",0.0100557863281993,0.0547441682009701,0.0655766529310998
"KMT2E",0.0100360345760704,0.0552216833770855,0.066136538911776
"RAB5B",0.0100338438071469,0.0552748602949611,0.0661881019429406
"PPIF",0.0100159898231933,0.0557098263369933,0.0666967303774514
"GNAI2",0.0100146523434651,0.0557425250473506,0.0667236596044633
"CARD9",0.0100142295914988,0.0557528638140468,0.0667238190767414
"STRADA",0.00999450260196203,0.056237083821441,0.0672663838317931
"TRIM21",0.0099319697362451,0.057795214641373,0.0690921765085567
"DCLRE1C",0.00991755663891244,0.0581593890457185,0.0695148236893798
"SRSF4",0.00991402242664372,0.0582489781452851,0.0696091791471165
"BTN3A1",0.00991047999178497,0.0583388906993915,0.069703886584909
"ADAM10",0.00990058609638985,0.0585906241294706,0.0699918692779972
"SYNRG",0.00985154909459176,0.059851638322529,0.0714798263375297
"FLII",0.00984155639597141,0.060111347619591,0.0717691728884014
"LYPLA1",0.00983123291960951,0.0603806343684085,0.0720464058645302
"KIF2A",0.00983107089531302,0.0603848687112899,0.0720464058645302
"ZBED5",0.0098309653632614,0.0603876268182358,0.0720464058645302
"SNN",0.00982870118989322,0.0604468267210968,0.0721038775957911
"GON4L",0.00981741225220262,0.0607427096308835,0.0724436037151982
"CDK16",0.00980406509359544,0.0610940856228674,0.0728360925970655
"EIF2S3",0.00975323967901062,0.0624475557093862,0.0744089883776138
"FAM49A",0.00974719175436162,0.062610249243176,0.0745892510116408
"TRAPPC8",0.00973414630221239,0.0629623749105116,0.0749950823765577
"GLE1",0.0097235260662431,0.0632502460334428,0.0753242456405554
"OTUD5",0.00971589592174738,0.0634577387514439,0.0755575844030122
"CASP2",0.00970417685967201,0.0637775196776388,0.0759245126825205
"PYROXD1",0.009688361438491,0.0642111879549701,0.0764129499180187
"NMD3",0.00967499415401803,0.0645796225682833,0.0768100178309812
"AC016831.5",0.00967497701579782,0.0645800960564246,0.0768100178309812
"TSNAX",0.00966915564282044,0.0647410925416159,0.0769874978241333
"RRM2B",0.00965031559301193,0.0652644065475095,0.0775956883083501
"MAPK1IP1L",0.00958601838812283,0.0670766982448263,0.0796924319688669
"CALCOCO2",0.00958030480438757,0.0672397269728424,0.0798716088205748
"HDGF",0.00957723683009824,0.0673274015937584,0.0799467038903001
"VPS53",0.0095739810612518,0.0674205457556492,0.0800427688669755
"NOL9",0.00954486954188311,0.0682581175246413,0.0809930258395834
"SNX19",0.00953320214860596,0.0685961944051674,0.0813794082781681
"NRDE2",0.0095266611007557,0.0687863304472233,0.0815901720725592
"ZSWIM8",0.00951497359005966,0.0691271426386913,0.0819646823670228
"OAF",0.00951422212443495,0.0691491030318693,0.0819758541473003
"VPS51",0.00950748678607819,0.0693461885931819,0.0821945940939491
"SERPINB9",0.0094809502959415,0.070127177918792,0.0830751022346552
"RBM12",0.00947874466206957,0.070192415014082,0.0831373205366065
"CLPX",0.00946782452233121,0.0705161392211621,0.0835056182264006
"CEP63",0.0094636768629519,0.0706394157821037,0.0836364542526972
"YME1L1",0.0094530842057854,0.0709550525901274,0.0839949545236743
"PMS2",0.00944713502927438,0.0711328308565854,0.0841901607784858
"KIAA2026",0.00944339774194153,0.0712446982218739,0.0843073008098844
"POLG",0.0094394611627737,0.0713626868424661,0.0844316407122772
"ZNF292",0.0094246349652358,0.0718085013478279,0.084943727485453
"TCERG1",0.00939373324779929,0.0727450310287531,0.0860360008802438
"POGK",0.00939298612452765,0.0727677970646004,0.0860473606815623
"RBM6",0.00938663309846011,0.0729616195755681,0.0862609527640261
"PARN",0.00930789238762432,0.0753991421615562,0.0890300869518249
"RPS20",0.00930283239147888,0.0755580273430516,0.0892015859098721
"PAPOLG",0.009294567821794,0.0758181245129772,0.0894924892698763
"HK1",0.00928072112723075,0.0762555356809109,0.089992543733176
"LMO2",0.00926143056243999,0.0768683451115655,0.0906830098050189
"IDS",0.00924980646186139,0.0772395457083127,0.0910880501156112
"STYXL1",0.00924135711988421,0.0775102801280883,0.0913908406631995
"GPATCH8",0.00922989387105971,0.0778788216190829,0.0917757274234974
"SOCS4",0.00922350674308987,0.0780847849134475,0.0920018604728996
"EMILIN2",0.00918388751954924,0.0793722978640252,0.0935019970153147
"ZGPAT",0.00916274998434949,0.080066237927122,0.094302479475324
"HCK",0.00908672469812343,0.0826029816706961,0.0972202149708391
"SDHAF2",0.00908484952415535,0.0826663646493819,0.0972773023897875
"PNPT1",0.00906836780443921,0.0832251626728402,0.0979172419569965
"TGFBRAP1",0.00906460215912092,0.0833532619836903,0.098032672575889
"DYNC1LI1",0.00906276408490045,0.0834158473676364,0.0980886349082027
"TGFB1",0.00905635723727593,0.0836342944860456,0.0983101433566642
"MAPK7",0.00905557669849386,0.0836609392700614,0.0983237858974765
"PDE12",0.00903935804089686,0.0842161427790463,0.0989585085351194
"MTHFR",0.00900364396382213,0.0854492354782587,0.100371380085673
"COX15",0.00899954446293617,0.085591707150248,0.100502618776638
"SDE2",0.00897781161531602,0.0863502077873982,0.101320469941495
"ENGASE",0.00892730069915399,0.088134074121704,0.103357950961023
"XAB2",0.00890104266872683,0.0890730856735166,0.104421702372862
"ESCO1",0.00889099872788335,0.0894343904500304,0.104807679649095
"PRORP",0.00888873420973294,0.0895160134507695,0.104884533322783
"ATP6V0A1",0.00887916704192975,0.0898615177065757,0.105270489655186
"FKBP15",0.00882602713844324,0.0918001726092994,0.107464553002614
"CBWD2",0.00881467387607677,0.0922186892662344,0.10793515761236
"TOR1B",0.00880289755804199,0.0926544188687024,0.108406333314885
"GDE1",0.00880179269246509,0.0926953841147174,0.108429615748803
"TMEM167A",0.00880146633457637,0.092707487310463,0.108429615748803
"ARHGAP35",0.0087893249612748,0.0931586603479956,0.108918333575679
"BANP",0.00878806855291458,0.0932054488700656,0.108953553497674
"CDH23",0.00878449315076042,0.0933386996792838,0.109089813818941
"HDAC10",0.00877381210486609,0.0937376795493115,0.109536541357176
"PAFAH1B2",0.00873257070405801,0.0952910642860616,0.111290976513427
"SUZ12",0.00873214634105724,0.0953071547107189,0.111290976513427
"CPNE8",0.00867533711365185,0.0974808880420826,0.113768305251542
"ZNF451",0.0086732694590554,0.0975607454518564,0.113841183966489
"DEDD",0.00866423788204913,0.0979101781455165,0.114228541169769
"MAT2B",0.00865469065048421,0.0982806479992269,0.114619849557429
"MYLIP",0.00864936463532996,0.0984878041466953,0.11484096014109
"SRGAP2C",0.00864638980589021,0.0986036622485822,0.114955553455997
"LEMD2",0.00861513733406321,0.0998274126146217,0.116320018476991
"TCIRG1",0.00861431780206647,0.0998596652006368,0.116336865837805
"CC2D1A",0.00856109467392134,0.101972109914162,0.118755549451157
"NKTR",0.00854519612780985,0.102609981797896,0.119477125733685
"CDC73",0.00852820664289447,0.103295127664922,0.120232071332252
"EPM2AIP1",0.00851561570805475,0.103805232920355,0.120804309867085
"CTR9",0.00851501876361782,0.103829466954649,0.120811008177522
"HECTD1",0.0085010540610925,0.104397672927685,0.121450531245766
"YEATS2",0.00849713153480151,0.104557718991989,0.121615080371754
"ZBTB33",0.00848924136098036,0.104880242214547,0.12196852073972
"RABL6",0.00848822190681625,0.104921971552067,0.121995349458903
"PANK3",0.00848540136101794,0.105037493686429,0.122107954075725
"GTF2F1",0.00848117109249469,0.10521094357987,0.122279269494669
"SLC35E1",0.00845626808198404,0.106236631417402,0.123392271488182
"PTPRA",0.00844759253778715,0.106595810042123,0.123787461111083
"PPP1R12C",0.00844235546990161,0.106813096795808,0.124017763603444
"MYCBP",0.00842889476650511,0.10737319403061,0.124579581645453
"HP1BP3",0.00840845759893846,0.108228024719363,0.125526845062125
"TBC1D5",0.00839489495839121,0.108798279739607,0.126143492274791
"WDR45B",0.0083791535951136,0.109463118583503,0.126891820797685
"PLAGL2",0.00836015077292189,0.110269979750348,0.127804489914514
"PARP6",0.00832747810358737,0.111668239181835,0.129356298329348
"C18orf21",0.00829875366860449,0.112909051399124,0.130747321652049
"STRIP1",0.00827569511721708,0.113912954760244,0.131863119373667
"SLC18B1",0.00827211301903244,0.114069537828826,0.131997635101746
"SETD1B",0.00827111730479457,0.114113093237717,0.132024668835285
"ZDHHC7",0.00825564758418026,0.114791466474194,0.132762534549492
"ZCCHC2",0.00825479043285026,0.114829146569141,0.13278262473807
"TK2",0.0082439026595363,0.115308616795991,0.133266349056423
"DIDO1",0.00824282501231575,0.115356159174116,0.133297732181048
"FEM1C",0.00819619047681822,0.117428331908797,0.13562028511212
"DNAJC4",0.00818633475723258,0.117869981061216,0.136106311582167
"QRICH1",0.00816455480585014,0.118850594024457,0.137195407901883
"MICAL1",0.00816445455518122,0.11885512241607,0.137195407901883
"MED14",0.00813971491112367,0.119976770047426,0.138465688008838
"U2SURP",0.00813222693730819,0.120317889458332,0.138810369027453
"ZNF326",0.00810383141604282,0.121618368539448,0.140285972743633
"MTMR12",0.00809893991545804,0.121843498793677,0.140520867015887
"TAF8",0.00805159810900289,0.124039265254818,0.142927161832217
"ASXL2",0.00804604880463905,0.12429865723585,0.143200814274535
"ARAP1",0.00800987882490307,0.125999736774187,0.145135003352649
"WAC-AS1",0.00799554820063089,0.126678702376911,0.145891378569711
"NUMA1",0.00798703841432029,0.127083230273735,0.146331482833687
"SH2B2",0.00792801250856931,0.129916857529522,0.149462680719341
"QTRT2",0.00792401507334194,0.130110519508902,0.149659144361225
"SAMD4B",0.00786194962671871,0.1331462015816,0.153043225376319
"RPL23",0.00786078474545999,0.133203696750138,0.153082399253367
"ADIPOR2",0.00785882612746527,0.133300411781851,0.153166624293453
"MBD2",0.00782232276069743,0.135112880985112,0.155167401349142
"ZCCHC8",0.00781589591691773,0.135433949551874,0.155508809654048
"RBM27",0.0077787857450848,0.137299416960263,0.157581137151426
"SLC25A29",0.00777576086234175,0.137452341998074,0.157715586518675
"LNPK",0.00776430505266865,0.138032689171923,0.158353697456753
"SMURF2",0.00775791155883873,0.138357401324954,0.158698366642553
"FBXO7",0.00775453735227939,0.138529007303545,0.158847601035687
"DIP2A",0.00775439796336999,0.138536099893773,0.158847601035687
"AZIN1",0.00774710913133626,0.138907370813872,0.15924537793812
"DENND6B",0.00770453536726859,0.141091275651326,0.161720680260935
"ANKFY1",0.0076958647802128,0.141539267973388,0.162205737775637
"LATS2",0.00768708018043087,0.141994264869252,0.162698651194387
"PRKAA1",0.00763534535802906,0.144696682005572,0.165649957442204
"PSIP1",0.0076120786927194,0.145924810128198,0.16699912258024
"WIPF2",0.00757442000870763,0.147929504836812,0.169202782124401
"ADSS",0.00756765596710381,0.148291795520016,0.169587503779931
"DUSP2",0.00756578386438964,0.148392187371844,0.169672633969415
"AFF4",0.00755827375431986,0.148795440242907,0.170074228725197
"ZBTB7B",0.00754747233254422,0.149376885263297,0.17070898022224
"MED1",0.00754137797222683,0.149705711428275,0.171054865662017
"UEVLD",0.0075395214017852,0.149805993850512,0.171139540065464
"REV1",0.00751732081277475,0.151009129005128,0.172423626516858
"NAA60",0.00749232480744669,0.152372554931877,0.17395001993096
"IFNAR1",0.00748466199762258,0.152792399479607,0.174398866584789
"ZBTB48",0.00746145929367437,0.154069040858025,0.175794657788791
"HUWE1",0.00745680344471152,0.154326185151547,0.176041218366901
"CCDC117",0.00745657190103843,0.154338981902581,0.176041218366901
"CRTC3",0.00745557237834977,0.154394231891063,0.176073519641334
"YLPM1",0.00745040030644756,0.154680365344842,0.176369066729086
"SGTB",0.00744878112286246,0.1547700258366,0.176440528146415
"UBE4A",0.00742966086878993,0.155831775805916,0.177619970400816
"SLC35A3",0.00741930051310305,0.156409391640318,0.178247272536936
"GCNT2",0.00741107864201464,0.156868936093156,0.178739822965677
"TAF3",0.00740659292194004,0.157120087321054,0.178994795418201
"CXXC1",0.00738054542549708,0.158584488689618,0.180631600531833
"LIPE-AS1",0.00737743088757779,0.158760278635309,0.180800331251985
"TSC22D2",0.0072678746129027,0.165038081102096,0.187688115193165
"VPS39",0.00722485186378456,0.167553838360176,0.190449755771703
"SYAP1",0.00722364639713319,0.167624740640737,0.190497228282485
"ST3GAL1",0.0072143653092109,0.16817138388507,0.191071203685682
"FRMD8",0.00721407931457962,0.16818824980286,0.191071203685682
"KAT5",0.00720902249537305,0.168486674586619,0.191376976797658
"ZNF654",0.0071991388803293,0.169071096627201,0.192007439595039
"Z83843.1",0.00716992861415868,0.17080719855527,0.193878031971243
"GABPB1-AS1",0.00714323459679506,0.172405393641796,0.195658125955574
"TRAF3",0.00710179904362153,0.174908294415456,0.198326470497442
"MACF1",0.0070680287681461,0.176968154808459,0.200557773641481
"RNF220",0.00705570975726665,0.177724049999634,0.201379521472722
"PTOV1",0.0070518992896139,0.177958346578727,0.201610062369038
"TPCN1",0.0070418810429896,0.178575441464448,0.202239084755683
"TSSC4",0.00703481294607767,0.179011772540878,0.202663024912946
"NPAT",0.00700652150416452,0.180766212780384,0.204472231688261
"SBNO1",0.00700170623146209,0.181066089988458,0.204776006978816
"TOPORS",0.00699446350269716,0.181517835346849,0.205251402196074
"EAPP",0.00698462485434703,0.18213283306477,0.205911198785659
"PMPCA",0.00695968419336459,0.183698754673044,0.207573877990383
"SCAF4",0.00695776309487875,0.183819784908423,0.207674745763136
"DHRS7",0.00695101271709405,0.184245530655472,0.208119778753538
"ARHGAP25",0.00692873621199578,0.185655687143288,0.209495492327031
"ACLY",0.00692660746107179,0.185790858808544,0.209611843811952
"PHF11",0.00691789194492208,0.186345036425637,0.210164541685495
"CNEP1R1",0.00689623829556455,0.187727173194171,0.211686833105121
"GIMAP4",0.00689212682325886,0.187990458012958,0.21191062318771
"SHFL",0.00687482389836026,0.189101465466167,0.212983225671318
"ZNF277",0.00687477102695653,0.189104867699909,0.212983225671318
"PPP1R21",0.00686075546238481,0.190008350604648,0.213963933216188
"MFN1",0.0068535063261276,0.190476896120346,0.214418110464885
"SNX29",0.00683962562420854,0.191376443737165,0.215319082628392
"SPTSSA",0.00683709620881648,0.191540700207188,0.215466809696248
"SAFB",0.00681847516926158,0.192753115824581,0.216748393917332
"TAPT1",0.0068183081553308,0.192764015557588,0.216748393917332
"MORC3",0.00679413535016946,0.194346371800368,0.21839748690801
"PUDP",0.00679288828759763,0.194428262535331,0.218451964333389
"NCKAP5L",0.00677901921219804,0.195340708878703,0.219439442379546
"RBM17",0.00676200426406007,0.196464405767398,0.22066385241492
"CARD6",0.00676054581273173,0.196560944301831,0.220734361704804
"TPRG1L",0.00673767751431391,0.19807919996271,0.222401135043139
"FIP1L1",0.00667175934074533,0.202503556937273,0.227212674662071
"ZNF24",0.00664338875316442,0.204429765109097,0.229295214322058
"CXorf38",0.00662868113832293,0.205433561485882,0.230342072542393
"ARHGEF11",0.00662415582822226,0.205743133844227,0.230610082131588
"ACTN1",0.00661547106284154,0.206338199897515,0.231237427310585
"AC090559.1",0.00660861666805991,0.206808733627231,0.231685315362377
"OSBPL11",0.00660176015668005,0.207280191386384,0.232173700751101
"FAM214B",0.00654180631259431,0.211435905676762,0.236706840978539
"DDX23",0.00649508203115164,0.214716125728519,0.240296821296312
"METTL16",0.0064880941088351,0.215209840432467,0.240808135674734
"PRPF6",0.00648341652738405,0.215540780302556,0.241137170023633
"SH3BP1",0.00645869494959576,0.217295926141704,0.243017578705861
"POGZ",0.00645007416501276,0.217910382409319,0.243621422741472
"ASNSD1",0.00644678373836293,0.218145240346718,0.24381459946507
"ZC3H4",0.00642429999485662,0.21975491235012,0.24551565566389
"WDR48",0.00639447098759496,0.221903582554201,0.247873846359024
"LONP2",0.00637105145234835,0.223601074306539,0.249684683828549
"PRCC",0.00636912150226136,0.223741373776217,0.249788954232783
"RELB",0.006368715954988,0.223770863404927,0.249788954232783
"TTC17",0.00635013024148582,0.225125319129147,0.251129386873633
"CSNK1D",0.00633736315960901,0.226059121602411,0.252085031048365
"MBD1",0.00629226890799555,0.229379494206113,0.255700448954743
"KIAA0930",0.00627934889836512,0.230337182031977,0.256724257777884
"PSMD5",0.00627871500484648,0.230384242048674,0.25673294264773
"JUP",0.00623535359190442,0.23361961761453,0.260293977498943
"SMPD4",0.00623401713946376,0.233719844969612,0.260361278993239
"PDLIM7",0.0062124716567533,0.235339857741699,0.26212129300089
"TMED8",0.00620127728531601,0.236184696978914,0.263017467015524
"UBE3A",0.00618897804606326,0.237115391000968,0.26400892819556
"UBE2J1",0.00618237850035651,0.237615851320694,0.264521102662131
"RC3H2",0.00612442064320109,0.242043004517947,0.269403671014358
"RIPK2",0.00608445286953512,0.245129581705252,0.272746290876266
"EIF4G2",0.00607986875306363,0.245485355034893,0.273095669766569
"FNDC3B",0.00606757944752957,0.246440914459297,0.274112061710596
"FBXL4",0.00603746891396337,0.248793177441238,0.276634318726329
"LINC02785",0.00603320645650489,0.249127428922631,0.276958872691066
"TXNDC11",0.0060000270704391,0.251740008642181,0.279720628229535
"HINT3",0.00594956995442204,0.255749572558551,0.284031035397963
"CLCN5",0.00589857649497028,0.259846624602736,0.288385203132353
"CDK17",0.0058893882864941,0.260589652353524,0.289111682858873
"TASOR2",0.0058689312586578,0.262249237262475,0.29085420071621
"MAPK8",0.00585991774836742,0.262982774105772,0.291618279698701
"BTBD2",0.00585890881836015,0.26306497082802,0.291659959178157
"VPS18",0.00584970255332319,0.263815817036848,0.292393255091866
"TMEM65",0.00584876237206384,0.263892579612711,0.292428760255577
"PDS5A",0.00582718868971544,0.265658229995546,0.294235728902402
"TIAM1",0.00581437133466392,0.266711081817166,0.295351804356475
"RNF167",0.00580612887907045,0.267389653663049,0.296053100025236
"ARPC1B",0.00579667952379585,0.26816904441789,0.296865765730472
"ANAPC15",0.0057945808737777,0.268342354422738,0.297007332523423
"FOXJ3",0.00579105409306295,0.268633775080478,0.297229247161308
"MARCH6",0.00578256329653114,0.269336267464021,0.297956094192855
"EP400",0.00574874639076309,0.272146637435187,0.300963246879441
"SETD3",0.00573882236744678,0.272975174017498,0.301828460633588
"VPS37B",0.00572845184720032,0.273842829353371,0.302736628054167
"BCL2L13",0.0057056149430615,0.275760130747117,0.304723232161262
"CDK9",0.00569472886132192,0.276677301132939,0.305611791655204
"ATE1",0.00568772252761511,0.277268694848791,0.306213298466452
"IFIT1",0.00568643611515657,0.277377372421475,0.306281584342443
"GOLGB1",0.00564995814424546,0.28047115202765,0.309593177774232
"IMPA2",0.00563906638627965,0.281399433138373,0.310565410847178
"RNF217",0.00563518020025395,0.281731148504566,0.310879029354068
"NUP133",0.00562501063424706,0.282600452821924,0.311785649772146
"USP39",0.00561302783882,0.28362708479869,0.312865510446066
"UBE2G1",0.00558995798543794,0.285610710216189,0.315000476280945
"SH3TC1",0.00558612132944104,0.285941506316131,0.315312121486737
"BDP1",0.00555611021001161,0.288537993341114,0.318068015589986
"WDR41",0.00554164173899817,0.289795429717311,0.319346455333183
"TCHP",0.00550823763562587,0.292712611301077,0.322343785192259
"SEC24A",0.00550170838406331,0.293285106590183,0.322919842857294
"METTL22",0.00549643062134317,0.293748418102987,0.323311586199103
"DCP1A",0.00549596572726518,0.293789252616835,0.323311586199103
"LUC7L2",0.00547839772759446,0.295335148932205,0.324958129202079
"EXOC7",0.00546780064140843,0.296270269155888,0.325877358637482
"GTPBP1",0.00542716722225206,0.299874236469507,0.32967508963135
"ATP6V1A",0.0054193397208972,0.300571838211554,0.33038646237847
"GATAD2B",0.00540822953512493,0.301563854424492,0.33130977654635
"RNF40",0.00538844040210611,0.30333619737084,0.33308902559801
"TMEM33",0.00535474393039213,0.306370001189579,0.336250976628751
"UHRF2",0.00534346148994006,0.307390274208181,0.337257528574104
"RWDD3",0.00532343548208416,0.3092067630171,0.339136691260828
"ZNF746",0.00530111331645932,0.311239872112836,0.341309339797673
"APC",0.00527867685414952,0.313292256414192,0.343502393499243
"BNIP3L",0.00527745213700331,0.313404543730881,0.343567891836435
"SATB1",0.00522987100821834,0.317787488281893,0.348139175332945
"IFIT2",0.00518680113198745,0.32178934940149,0.352228154426074
"FAM20B",0.0051843090763831,0.322021902549877,0.352423702522782
"ATXN1L",0.00516966810312782,0.323390380469751,0.353862143516525
"PLEKHA2",0.00515017726633674,0.325218043221892,0.355683433687643
"MMGT1",0.00513241631421058,0.326889334132167,0.357391716815403
"PIAS4",0.00511199036484977,0.328818283111534,0.359440550908412
"SMG5",0.00510953317136838,0.329050827316122,0.359634622031562
"UBE2D3",0.00510465347463821,0.329512948619743,0.360050166877806
"RSF1",0.00510435557209584,0.32954117445653,0.360050166877806
"RHOT2",0.00509360435870829,0.330560884568736,0.361043612313798
"NFATC2IP",0.00509084106236881,0.330823301795371,0.361269875920852
"FUT4",0.00507639024444278,0.332197822391607,0.362649751677463
"AC005280.2",0.00505220006760278,0.33450696791752,0.3649877430315
"CHMP6",0.00502417598937081,0.33719499299794,0.367736591196085
"MGRN1",0.00502247401394579,0.337358689795029,0.367792415187577
"TAF2",0.00499164748058674,0.340332437400331,0.370972570143942
"ZFR",0.00497154916428316,0.342280281909566,0.373033586118477
"WRNIP1",0.00495238719821604,0.344144004387912,0.375002250114695
"KLF2",0.00495102180346882,0.344277051552977,0.375084713056718
"HMGXB4",0.00494012674169908,0.34533986688205,0.376054638520127
"MDM4",0.00493712037995591,0.34563350585832,0.37631171711935
"RASA3",0.00493336093095922,0.346000924609643,0.376649025157816
"ZRSR2",0.00492827232431337,0.346498640871897,0.3771280362944
"PIP4K2B",0.00492703518555296,0.346619714183449,0.377197019196303
"JADE2",0.00483847669935996,0.355356454674892,0.386447189065942
"TGOLN2",0.00483440687141141,0.35576127518932,0.38682308617791
"PRPSAP2",0.00481099382281152,0.358095786761761,0.389167262940225
"FASTKD5",0.00479946073580432,0.359249284096031,0.390226253434101
"ZFAND3",0.00479471045159609,0.359725068347767,0.390678155624203
"MTFR1L",0.00475300769970804,0.363918951482453,0.395101644767897
"LILRA6",0.00474082581521024,0.36514978316185,0.396240544782104
"GORASP1",0.00469865986775191,0.369430180346588,0.400619425958864
"ENTPD6",0.0046691674211023,0.372442511067567,0.403819094089511
"KLF9",0.00465200526425184,0.374202422893418,0.405659996829243
"ACIN1",0.00465099627327741,0.374306050797366,0.40570506633176
"BABAM2",0.00459101080983141,0.380498686038117,0.412280478839445
"VRK3",0.00457525142519203,0.382135996821022,0.413985939886635
"PBX2",0.00455194844821933,0.384564947405291,0.416548314469151
"ZBED4",0.00450487844108032,0.389499934474282,0.421614333045175
"ECD",0.00447113279488563,0.393061544520098,0.425326470881182
"CHD6",0.00446389594831776,0.393827903340326,0.426017013904542
"ANAPC4",0.00445946733303273,0.394297325307478,0.426454245303604
"ITGA5",0.00445528672972715,0.39474076913143,0.42686323992413
"MIIP",0.00445220686215507,0.395067648874014,0.427146070504101
"PIK3R1",0.00445130190321057,0.395163727200007,0.427179306950007
"EIF3B",0.00441787791233058,0.398722196054377,0.43095482192156
"LRRC8C",0.00439648413217869,0.401009967567922,0.433212684725557
"CHMP4B",0.00438547319863036,0.402190502345481,0.434416240597184
"STIM2",0.00436000364433349,0.404929189506641,0.437229899421043
"NBAS",0.00432529418022666,0.408679322457382,0.440987854468784
"EFTUD2",0.00431549578568153,0.409741706148629,0.44199213371412
"RPRD1A",0.00424573276371654,0.417353055712144,0.449457136920771
"POLR2B",0.00423963571988281,0.41802219763342,0.450103611351663
"INSR",0.00422996098065995,0.419085282318687,0.451173979219427
"CHPF2",0.00422587022425794,0.419535262856467,0.451584054750672
"SETD7",0.00421452485850212,0.420784731045101,0.452779883405673
"CBLL1",0.00419464412592803,0.422979461610058,0.454991727543034
"C2orf68",0.00419034451173775,0.42345499693469,0.455428322085705
"XPO7",0.00416727150916397,0.426012199108277,0.458065888555381
"CDK5RAP2",0.00416695340865033,0.426047517330265,0.458065888555381
"ERAP1",0.00416575761983946,0.426180299244669,0.458133310828946
"BRPF1",0.00415008173960575,0.427923200174056,0.459855667774158
"TPP2",0.00414342303207663,0.428664793061062,0.460501218704112
"MIGA1",0.00412175648951028,0.431083003965696,0.463022947252788
"NFKB1",0.00411287420575378,0.432076640888373,0.464013974725392
"PITRM1",0.00410658999734303,0.432780438805108,0.464693465085859
"GANC",0.00407465499095397,0.436367227229659,0.468237146172249
"ABHD18",0.00407138674852444,0.436735264486058,0.468555162325213
"SLC25A40",0.00406622809647882,0.437316544723576,0.46910181614483
"TLK1",0.00405977686423729,0.438044100019811,0.469805171576365
"AQR",0.00404460614466687,0.439757759730483,0.471488395066891
"PARG",0.00403936996915667,0.440350121495444,0.472046088594395
"TBC1D22A",0.00402174104889477,0.442347818823383,0.474109842535619
"STK40",0.0040096080276814,0.443725731397699,0.475430814794847
"IFT20",0.00399861686068198,0.444976080253135,0.476614287794069
"STK17A",0.00399230348742594,0.445695193487028,0.477306334974314
"ATF6",0.00398977172464875,0.445983755186992,0.477537142386596
"LSG1",0.00397089883997133,0.448138172397994,0.479765412008856
"TMSB10",0.00396654801746094,0.44863567381246,0.480219390207247
"WDR7",0.00395015207384579,0.450513307314734,0.482150270621007
"UBXN2B",0.00394294985350654,0.451339497199726,0.482939070747313
"TRIM5",0.00391724796261746,0.454294821269472,0.48587919866838
"AEBP2",0.00386704679775826,0.460098527189171,0.491925457197515
"WASHC2A",0.00385520829763524,0.461473184838469,0.493308893540591
"AC027644.3",0.00385460446229246,0.461543362157815,0.493308893540591
"PLEKHA3",0.00378623467459891,0.469527688464252,0.50143286951638
"PHF8",0.00377908988998586,0.470366451206653,0.502246587945304
"EGLN1",0.003776076359671,0.470720472850852,0.502542529637308
"BCL11A",0.00374985859892144,0.473806664143587,0.505743887035338
"NADSYN1",0.00373702845758454,0.475320992413863,0.507122821214399
"MALT1",0.00372438529408205,0.476815845786282,0.508634687510314
"ANKIB1",0.00371422059892083,0.47801952390312,0.509835505265677
"MED25",0.00370938137464434,0.478593156050157,0.510364060390789
"MIOS",0.00369193323807892,0.480664542637823,0.512489363954026
"CLASP1",0.00368724302473226,0.48122218138783,0.512936409857923
"DYM",0.00368643302930571,0.481318520723989,0.512936409857923
"TRAPPC5",0.003686427389329,0.481319191569036,0.512936409857923
"PTPN11",0.00365413563829282,0.485168453232065,0.516954261282797
"TJP2",0.00364754717206482,0.485955858197688,0.517624535825429
"C3orf62",0.00360778726064265,0.49072230919187,0.52236119464286
"DEK",0.00360088164531662,0.491552713524115,0.523159961097292
"ZC3H18",0.00359483493059792,0.492280453552252,0.523763971574389
"TRIM11",0.00357158445365141,0.495084091502362,0.526404259268571
"SRF",0.00357038730847172,0.495228678741841,0.526472374246204
"PANK2",0.00353527291491074,0.499479693826608,0.530905257395279
"DAGLB",0.00353004411392273,0.500114355740247,0.531493442430061
"LSM14B",0.00351228125072747,0.502273569681615,0.533664163548497
"TIA1",0.00351189834869653,0.502320168626101,0.533664163548497
"GBF1",0.00346794082685666,0.507684935563546,0.538925817294117
"NF1",0.00346454283973067,0.508100889352674,0.539279807562951
"KLF11",0.00345321425999104,0.509488931943612,0.540665255161068
"CHP1",0.00345023366683917,0.509854460920008,0.540965346558749
"VHL",0.0034324830727306,0.512034167349913,0.543101782305927
"ZNF800",0.00341631024366508,0.514024354038708,0.545035878479577
"FAM107B",0.0034114735237009,0.514620328995176,0.545424991508758
"SECISBP2L",0.00341130095980725,0.514641598748475,0.545424991508758
"PLK3",0.00340262582969308,0.515711460049152,0.546470263501031
"RELA",0.00340145256168377,0.515856241989467,0.546535101300784
"STAT5A",0.00338956776897543,0.517324019946975,0.547912593943516
"IKBKB",0.0033880079505528,0.517516818687445,0.548028014347022
"NCOA6",0.00337903360195909,0.518626800014779,0.549114496922531
"KAT6B",0.00337794061474689,0.518762068782846,0.549168783306711
"FOXN3",0.00332578695166966,0.525237756756437,0.555664151079868
"SLAIN2",0.00329636631234932,0.528908949033626,0.559186078392925
"RASSF4",0.00328858799152517,0.529881728370352,0.560123967677504
"KLC1",0.00323922721691021,0.536076047810446,0.566397091238639
"CNST",0.00320702740074492,0.540136380257293,0.570410540158646
"MBOAT1",0.00320588061262761,0.540281271183544,0.570471406814924
"PPP2R5E",0.00320401133417555,0.540517486801671,0.570628666027664
"BISPR",0.0031689131981289,0.544962306677748,0.575135360945781
"HERPUD2",0.00312944229670565,0.549982479007664,0.57987186707823
"GRAMD1A",0.00312254774912668,0.55086170518944,0.580611611885951
"GRB2",0.00311528917242625,0.551788100718071,0.581494294405988
"TNPO3",0.00310547999965773,0.553041237678104,0.582720968886293
"GTPBP2",0.00310386595870643,0.553247567498322,0.582750539117775
"RPS9",0.00309814686910571,0.553978966927808,0.58342694680638
"PPP2CA",0.00309314789658423,0.554618659902318,0.584000535957426
"FBXO42",0.00309249485690949,0.554702252721874,0.584000535957426
"SMNDC1",0.003079095805953,0.556418766608562,0.585713394958425
"PAK1",0.00307088550591123,0.557471842728131,0.586727448125647
"TMCO3",0.00299364624314015,0.567425980742847,0.596723670917924
"SRGAP2",0.00298585775391462,0.568434420187958,0.59759193426417
"MADD",0.00296114864872271,0.571639368945287,0.600671519473527
"SERINC5",0.00295988320237955,0.571803737481857,0.600747683698599
"STRN3",0.00294423168059296,0.573838565271994,0.602720504110089
"TFE3",0.00292543518041559,0.576286790705651,0.60487446422115
"UBP1",0.00292047092724157,0.576934201408033,0.605456791140565
"GALNT2",0.00290888234117818,0.578446853859857,0.606752050462979
"ARID4A",0.00289578772035888,0.580158328331798,0.608449655218687
"RPGR",0.0028923380825113,0.580609592632052,0.608825263292439
"ANGEL2",0.00287667326745764,0.582660850258166,0.610684814403761
"SPTY2D1",0.00287449481118777,0.582946379806499,0.610883704307564
"PGGT1B",0.00285339908398597,0.585714759821884,0.613686394185173
"SOS1",0.00285032378153535,0.586118839079295,0.614011371559114
"PRR14",0.00282253082363026,0.589776544594302,0.617744160294384
"PRKAR2A",0.00281921993063587,0.59021297656645,0.618102265063503
"KDM1A",0.00281531667872042,0.590727682443461,0.618542214576449
"LTN1",0.00278207396080559,0.595119608079525,0.622443128719234
"FAM168A",0.00275969764091058,0.598084265999545,0.625343823941312
"TAB3",0.00274140516885066,0.600512821167072,0.627682306121554
"GOLGA5",0.00270656438099708,0.60515065786504,0.632327793051243
"BORCS7",0.00269674602822007,0.606460522925988,0.633514989562595
"PTPN18",0.00269183121009884,0.607116683833384,0.634078095671352
"TRPM7",0.00267316497131108,0.609611633839673,0.636378869877659
"MXI1",0.00266535505067813,0.610656866855083,0.637248528011825
"CCNT2",0.00266475566521536,0.610737117852875,0.637248528011825
"AGPAT3",0.00265669660959011,0.611816588993405,0.638272994868179
"VIRMA",0.00263707117824249,0.614448844486409,0.640814570944671
"PPP4R3B",0.00263184473681383,0.61515067953445,0.641444201402908
"TOLLIP",0.00261516459548509,0.6173929338771,0.643679636690876
"CNOT10",0.00259765110930167,0.6197510553899,0.645932153696663
"SLTM",0.00259070468385741,0.62068745023893,0.646804996758388
"GPBP1",0.00243602492324592,0.641695672680882,0.667314507394243
"ZNF143",0.0024145064344621,0.644641632057721,0.670271467937878
"ZNF787",0.00237680707052478,0.649816264038846,0.675437000681395
"NRDC",0.00236905475801177,0.650882457598214,0.676437689997953
"USP16",0.00236508096870295,0.651429259268834,0.676898362539675
"GABARAP",0.00235725980331506,0.652506015452503,0.677586456325995
"HNRNPL",0.00235549929843379,0.652748487812159,0.67773060398855
"CNOT6L",0.00228283784654067,0.662787818279336,0.68760818088072
"RPRD1B",0.00227473272623165,0.663911476090028,0.688664640754657
"UBE4B",0.00226666536165262,0.665030650496482,0.689716115632297
"CHIC2",0.00226017586128164,0.6659314721815,0.69040398314698
"CCR1",0.00225960531045539,0.6660106946632,0.69040398314698
"ERICH1",0.00225021186212785,0.667315534837532,0.691646950977771
"MAP2K7",0.00224448328282765,0.66811178391638,0.692362473172498
"SRD5A1",0.00224341156429935,0.668260789918889,0.692407138587907
"ARFGEF2",0.00220077493396284,0.674199309899777,0.698449546525866
"TTC39C",0.00219918684437553,0.674420897813349,0.698568414116552
"WHAMM",0.0021807453043964,0.676996130080478,0.700910575382708
"RBM26",0.00214855503442621,0.681500322212421,0.705454260073592
"TRMT1",0.00210952757871177,0.686976450888428,0.710897758136838
"RNF216",0.00209655560799691,0.688800270625063,0.712584816135881
"SERPINB8",0.00208724017920057,0.690111109247465,0.713802631270356
"BRD4",0.00207937251077839,0.691218948256451,0.714835413429401
"CYTH4",0.00206477645884414,0.693275954983482,0.716622639317313
"METTL7A",0.00204880367463746,0.695529576170771,0.718641629962945
"BMI1",0.00204859580639163,0.695558922362423,0.718641629962945
"UNC119",0.0020419411861097,0.696498641673668,0.719498833822474
"TRIM52",0.0020273344724935,0.698562932739737,0.721403325580856
"DCAF5",0.00201917757687081,0.699716676439802,0.722480674441475
"FAM13B",0.00200733996583086,0.701392268101671,0.724096423314183
"FBXL3",0.00199157385320478,0.703626187460733,0.726173324959474
"MFSD6",0.00191636426131293,0.71431766813815,0.736626011717228
"DIS3",0.00190665561806204,0.715701956925497,0.737937138366015
"KANSL3",0.00190267267005887,0.716270128926479,0.738406512601911
"FGD4",0.00189152174234201,0.717861656101745,0.739795585541239
"ELF4",0.00189085386152711,0.717957019005684,0.739795585541239
"ZBTB24",0.00188037009805238,0.719454510970338,0.741221807867014
"BECN1",0.00184190198987016,0.724958453773413,0.74677459756902
"AKAP10",0.00183210132814147,0.726363001282316,0.748103544798958
"TWF1",0.00178263448887739,0.733466126841166,0.75506243698434
"PICK1",0.0017734999850228,0.734780304354579,0.756296226364962
"PSPC1",0.00171784820519971,0.742803561984488,0.764073267503868
"NBN",0.00167575597709842,0.748890618711619,0.769850136027761
"CIC",0.00166223184008245,0.750849722785372,0.771257735674904
"KANSL1",0.00164180196436582,0.753812235616506,0.774057546169423
"TAZ",0.0016386566465375,0.75426865782729,0.774324147356931
"RAB12",0.00163838050885463,0.754308732718919,0.774324147356931
"ATG13",0.00159235046649167,0.760998079234408,0.780210983539997
"TOR1AIP1",0.00158983832303449,0.761363677919098,0.780341076381104
"SOX4",0.00156966815571384,0.764301018943609,0.782860733487908
"POM121",0.00155844649205486,0.765936679760151,0.784413222473664
"EPN1",0.00150463222477261,0.773794992654383,0.792212912930529
"HEATR3",0.00148478766556925,0.776698733926955,0.794936806890175
"ELK4",0.0014685066873454,0.779083370896214,0.79687845414885
"TOB1",0.0014329864091083,0.78429313748069,0.801580198975887
"HNRNPUL2",0.00141945442454566,0.786280436033037,0.803321130114126
"TBCD",0.00139001741813394,0.79060833127621,0.807528918986974
"YAF2",0.00138918281252835,0.790731131745887,0.807528918986974
"SNX27",0.00136243007522297,0.794670156793132,0.811298170692301
"ORAI2",0.00127928905634682,0.806944719067413,0.823315320421777
"AC009950.1",0.00125137830174092,0.811076181386751,0.827272398425363
"TTBK2",0.0012411058343209,0.812598085602314,0.828695411584453
"FHOD1",0.0012381674083348,0.813033554822112,0.829010196729096
"UGGT1",0.00122791757445577,0.814553012684403,0.830430001080715
"MAML1",0.00121937254833916,0.815820279797122,0.831592296431803
"ZNF639",0.00121737323149302,0.816116857465037,0.831635288981673
"WDR37",0.00120791103607483,0.817520831450498,0.832936137762717
"CAPNS1",0.00120601745857499,0.817801865625263,0.833092645287936
"GRINA",0.00116679172523755,0.823628745023216,0.838636463940475
"SSBP2",0.00114140488202586,0.827405104282554,0.842219301229852
"HERC6",0.00108436411397479,0.835904510390153,0.850473652183446
"ATMIN",0.00107525727182657,0.837263285585355,0.851723566385102
"PIGS",0.00107034303785783,0.83799670978325,0.852337039291053
"CNOT6",0.00106698054312477,0.838498626015447,0.852582273233125
"TOX4",0.00106242110905869,0.839179313104889,0.853009071685287
"F11R",0.00105842649055935,0.83977577664259,0.853482671799977
"ANKRD11",0.0010319045573039,0.843738263935346,0.857110125793861
"PRRC2A",0.0010199097189388,0.845531648694659,0.858798496064266
"CCDC85B",0.00101779546050328,0.845847841165375,0.858986204650392
"DCAF11",0.000972961065614215,0.852558700135497,0.865263704049345
"SIRT7",0.000960961996805166,0.854356566247586,0.866684752540995
"KMT2B",0.0009068845361972,0.862468453358126,0.874371026214208
"MCM3AP",0.000888432330265718,0.865239742357963,0.877044563649048
"RNF10",0.000880259634342017,0.866467710214057,0.878153137401876
"HEXD",0.000864717044386802,0.868803910042824,0.880384371336017
"ZFAND2A",0.00083851654033349,0.872744679855001,0.883829726903964
"HDAC9",0.000807249292780281,0.877451657132491,0.888397562367651
"RNF168",0.000806749115696159,0.877526989564131,0.888397562367651
"USP1",0.000792967704281435,0.879603062860465,0.890026402178634
"LRRC47",0.000775370098289613,0.882255220934757,0.892461517885866
"ARFIP1",0.000767379445835737,0.883459940322231,0.893297415686166
"SEC24C",0.000677599859509853,0.897013540846996,0.906441194753889
"RALB",0.000676422149561166,0.897191542865221,0.906441653790138
"FAM122B",0.000643713791587192,0.90213720132091,0.911055456014228
"TANK",0.000616886596125708,0.906196445855751,0.914872199352208
"LATS1",0.000609938301153234,0.907248201949443,0.9157926114475
"TNRC6B",0.00060288187446706,0.908316492282425,0.916729426758644
"DCTN1",0.000601022064840626,0.908598081270992,0.916750687089899
"MAPK3",0.000600890542548542,0.90861799515793,0.916750687089899
"GSDMD",0.000595429637194584,0.909444885394906,0.917443397733667
"TBK1",0.00058362353306005,0.911232899724425,0.919105322184247
"FMR1",0.000565176379104096,0.914027586386297,0.921639784052068
"ZDHHC17",0.000459314084009044,0.930084906771121,0.936675157188785
"COPA",0.00044505722749002,0.932249726170692,0.938710720730631
"S100PBP",0.00041391108899573,0.936980804967207,0.943329304415707
"TRIM26",0.000382312079844062,0.941782948414744,0.947813676577561
"RIPK1",0.000373694057626322,0.943093015488576,0.948750853731478
"PBRM1",0.000372749920381547,0.943236547759959,0.948750853731478
"NEXN",0.000357328240012963,0.9455812831229,0.950962994778883
"RTF1",0.000349624460406598,0.946752755162845,0.951994695978881
"CTDSPL2",0.000332850506338554,0.949303874338023,0.954266409966481
"ZFP91",0.000296483289861286,0.954836646103432,0.959680552225094
"ZBED1",0.000280045468150572,0.957338164941765,0.962046867874156
"ZNF609",0.000261213636496332,0.960204520814135,0.96477903136358
"GALNT7",0.000255506134387599,0.961073351724723,0.965503622245888
"MUS81",0.000221163546091352,0.966302130360992,0.970309219520836
"SUGP1",0.000193576058659093,0.970503481732416,0.974378342071028
"HSPBAP1",0.000159441241966149,0.975703058901963,0.979147597713129
"PHF2",0.000129892206363869,0.98020494999555,0.983061813632597
"ATXN7L3B",0.000121355883495112,0.981505610086774,0.984064358035167
"RAB3GAP2",0.000119262347347594,0.981824605065741,0.984233251750968
"ZMAT2",0.000115607254837982,0.982381543468468,0.984640584270557
"SLC25A36",0.000109216743712263,0.983355307022409,0.985163499434954
"GALNT10",0.000103520541750881,0.984223295141408,0.985882013732883
"MED17",7.8685657241918e-05,0.988007843376133,0.989369777912874
"BRAP",5.02595403113668e-05,0.992339979929375,0.993403581194037
"PCBP1-AS1",4.4866091004576e-05,0.993161970290536,0.994074243992579
"CCNL2",3.63776399723508e-05,0.994455669738043,0.995216771582324
"CCDC144A",1.63231206024843e-05,0.997512170848544,0.998122830273612
"CPSF7",7.79756584175063e-06,0.998811560831825,0.999046376271664
"AKAP17A",-7.85513031576133e-07,0.999880278690241,0.999880278690241
"NFATC1",-7.25948736323434e-06,0.998893570157214,0.999046376271664
"CPSF2",-1.05533987176431e-05,0.998391540540883,0.998849868715577
"PDPR",-6.19833322166502e-05,0.990553240906602,0.991766782396228
"CARD8",-8.81932864372993e-05,0.986558954489859,0.988070227398085
"KIF3B",-0.000112557762511394,0.98284621117225,0.984804372206003
"NR2C2",-0.000113405779213502,0.982716993671948,0.984804372206003
"CRLF3",-0.000122722674746656,0.981297351818323,0.98400645493684
"TRIM24",-0.000132388830586804,0.979824554835037,0.982831073874114
"UBL3",-0.000149903977565731,0.977156014295179,0.980304744738665
"VPS41",-0.000151440898670214,0.976921866663828,0.980220252340103
"CMTM6",-0.000163990235244169,0.975010070215271,0.978602370136236
"WIPF1",-0.000172863628982983,0.973658361825293,0.977395726948222
"TRAF6",-0.000246973256752677,0.962372364500746,0.966511600477094
"SLC6A6",-0.000252074479037638,0.961595761630179,0.965880026046722
"TACC1",-0.000343777961349741,0.947641877587251,0.952742210620551
"PSMB8-AS1",-0.00037836497202934,0.942382947955083,0.948184012577768
"SH3BP5",-0.000381740003018738,0.941869907727809,0.947813676577561
"AAGAB",-0.000389432666543297,0.94070063238768,0.946928519561301
"NUDT16",-0.000460287699964741,0.929937087627537,0.936670571392519
"KANSL2",-0.000460477934843429,0.929908205518514,0.936670571392519
"ZDHHC3",-0.000476681236122371,0.927448507662975,0.934451894452232
"EPG5",-0.000484120992465759,0.926319366553484,0.933458079304359
"MED16",-0.000496221511868707,0.924483173549146,0.931751347104103
"IREB2",-0.00051163427524636,0.922144947922148,0.929538031069227
"SLC9A9",-0.000518058343489972,0.92117056862456,0.928699025083636
"NSUN3",-0.000579179075873504,0.911906122145437,0.919642484434192
"RERE",-0.000630057068839832,0.90420329812108,0.913000951832528
"PAPOLA",-0.000647545218176413,0.901557671296781,0.910610853535973
"SGMS1",-0.000675762281789479,0.897291279187791,0.906441653790138
"RP2",-0.000704025658892961,0.893020859141606,0.902546046849253
"SENP5",-0.000745656659102297,0.886736354386518,0.89633306817858
"RAC2",-0.000749873129083496,0.886100237574115,0.895828568619076
"SP2",-0.000773767981113533,0.882496744131557,0.892461517885866
"SNHG9",-0.000774640065150127,0.882365273911745,0.892461517885866
"WDR44",-0.000792454272786164,0.879680423811308,0.890026402178634
"SUSD1",-0.000793803164676541,0.879477182874954,0.890026402178634
"NRG1",-0.000804278286000607,0.877899141243438,0.888636721698343
"CTBP2",-0.000856521934044333,0.870036176119426,0.881223318275571
"CARS",-0.000861480600725825,0.869290523275358,0.88060449971712
"TFEB",-0.000863292109950882,0.869018148955944,0.880465001995036
"POLK",-0.000921706835130495,0.860243554247381,0.872250675817211
"CLINT1",-0.000922517570649704,0.860121890730818,0.872250675817211
"LRRC8D",-0.000934583353522039,0.858311625649352,0.870561807088964
"RPLP1",-0.000964592949347803,0.853812446571819,0.866267190516225
"YY1",-0.000969458078983618,0.85308348721325,0.865661933788644
"TCF20",-0.000976600971357359,0.852013470159928,0.864844599892192
"AP3S2",-0.000978479494183417,0.851732109490185,0.864693250286775
"NBPF9",-0.00101444229281907,0.846349366407274,0.859362037206206
"GSK3B",-0.00104175993064419,0.842265362674606,0.85574684400413
"FLI1",-0.0010424118473927,0.842167952074627,0.85574684400413
"MID1IP1",-0.00106271962965187,0.839134742678332,0.853009071685287
"SLC66A2",-0.00106926869656603,0.838157068480168,0.852367539854306
"NR3C1",-0.00112602781463451,0.829694431281082,0.844286722446025
"SYNE3",-0.00113189553696634,0.828820677169583,0.843528889684734
"RO60",-0.00114621282484573,0.826689601014651,0.841622019843318
"TMEM120A",-0.0011987310165458,0.818883496694605,0.833934626384631
"MEX3C",-0.00120237512842553,0.818342505696205,0.83351352270475
"CEP95",-0.00121825366900125,0.815986250554385,0.831631817010845
"PITPNM1",-0.00125537522244835,0.810484215288041,0.826797597059325
"SYMPK",-0.00129331488633506,0.804870583020965,0.821327278256761
"USP47",-0.00131919259576945,0.801047406245564,0.817553534504136
"MRE11",-0.00135802336233953,0.795319498703305,0.81183432982392
"ZNF276",-0.00137705836552562,0.792515657932789,0.809224952610429
"PARVG",-0.00141887792132181,0.786365131956318,0.803321130114126
"SAMD9",-0.00143055207298587,0.784650539191041,0.801820135234609
"PIGBOS1",-0.00144560372245106,0.782441432974981,0.799812709316827
"CDK13",-0.00144720384460092,0.782206688436661,0.799697784049866
"EPC2",-0.00144840110628453,0.782031058165978,0.799643268421828
"NUDT4",-0.00146054851058377,0.780249745097289,0.797946634357277
"CGAS",-0.00147711072416124,0.777822897007522,0.795713675580532
"CLCN7",-0.00147761578349021,0.777748924970932,0.795713675580532
"ALDH3B1",-0.00148068581310785,0.777299325423381,0.795426982253571
"CSNK1G1",-0.0014937774927003,0.77538291446055,0.793714340808373
"ARFGAP2",-0.00155552895728396,0.766362108604882,0.784725993118045
"DHX9",-0.00157164674191296,0.764012730570908,0.782688065257379
"CARD16",-0.0015760272752568,0.763374584768672,0.782156877482773
"SLFN5",-0.00157925249263302,0.762904845392045,0.781798100183886
"SLC25A28",-0.001590894771617,0.761209923749208,0.780305813965557
"TPR",-0.00160314912658499,0.759427131118418,0.778722487963021
"TIAL1",-0.0016062674250955,0.758973677196777,0.778379592394122
"CLASP2",-0.00160702539842982,0.758863467427249,0.778379592394122
"BIRC2",-0.0016083829220599,0.758666094934634,0.778308320835186
"RAPGEF6",-0.00162505765391289,0.756243015880211,0.775944262056626
"GIGYF2",-0.0016264743183087,0.756037264157227,0.775854910227586
"TBC1D2B",-0.00162852749875085,0.755739097621288,0.775670678217893
"NT5DC1",-0.00165925777570594,0.751280761262554,0.771579267536063
"HERC1",-0.00166238251482129,0.750827887192308,0.771257735674904
"FGD6",-0.00166684609307738,0.750181121653576,0.770813165703454
"SRXN1",-0.00166692343027273,0.75016991716036,0.770813165703454
"WDTC1",-0.00166842166136681,0.749952866160228,0.770813165703454
"WDR82",-0.00168013065911449,0.748257249114107,0.769320002312947
"SMC5",-0.00168661814810437,0.747318298604873,0.76847546968837
"SEC14L1",-0.00171601637949568,0.743068135373582,0.764225179970502
"FBRS",-0.00172977721663602,0.741081380895718,0.76242172593174
"CRNKL1",-0.00174290114388956,0.739188188531053,0.760593701072714
"PRPF8",-0.00177057980114216,0.735200594151661,0.756609709517324
"DDX42",-0.00180899085168612,0.729678634984414,0.751281718980803
"CDC42SE1",-0.00181064565194964,0.729441053764546,0.751155396048606
"ALKBH5",-0.00189114806365106,0.717915011015676,0.739795585541239
"PAXBP1",-0.00192598107723922,0.712947398490711,0.735328930640837
"WBP1L",-0.0019672139156709,0.707082804957221,0.729395294858049
"CYSLTR1",-0.00197595011388296,0.705842460051741,0.728230709139701
"VTI1A",-0.00197605468865478,0.705827617495594,0.728230709139701
"TUT4",-0.00199602226220019,0.702995626983556,0.725637102813149
"ZNF384",-0.0020342147470638,0.69759030037192,0.720512698867553
"PI4KA",-0.00205247811304107,0.69501090571006,0.718302450447735
"EHMT1",-0.00206506766281396,0.693234893733846,0.716622639317313
"ARHGAP27",-0.00206943415230673,0.692619304473318,0.716170332539389
"LARP4B",-0.00209638177845033,0.688824722847778,0.712584816135881
"DEF6",-0.00211420527157669,0.686319227470651,0.710330079025347
"WTAP",-0.00218069103357323,0.677003714215632,0.700910575382708
"ZBTB7A",-0.00219080372273632,0.675591071717456,0.699669638347652
"DNAJB14",-0.00226167615702552,0.665723169964251,0.690324835087434
"REXO1",-0.00232143492812688,0.657447332178465,0.68217594949735
"AGPAT4",-0.00234289287776417,0.654485826686431,0.679210846805696
"NUDT3",-0.00235197427370712,0.653234095767357,0.678019450409109
"LAT2",-0.00235272835176833,0.653130201497128,0.678019253316643
"IP6K1",-0.00235814701149754,0.652383835177339,0.677567198473303
"KIF1B",-0.00235944942093553,0.652204493105621,0.677488556708699
"DIP2B",-0.00236270153934188,0.65175676348017,0.677131053493302
"GSE1",-0.00240039596076125,0.646576444332211,0.672176306733026
"TOR1AIP2",-0.00245233091245653,0.639467070328551,0.665102721254863
"CPEB2",-0.00246943856891977,0.637132394112045,0.662779887462935
"GLYR1",-0.00249663786177042,0.633427926983698,0.659031156368462
"BRWD1",-0.00250270922488065,0.632602273226651,0.65827688402926
"PRKCE",-0.00250956154145128,0.631670966196914,0.657412412765906
"TFCP2",-0.00253324714738059,0.62845633258121,0.65417091265976
"ZMIZ2",-0.00254561847882313,0.626780075077687,0.65252995714298
"RAVER1",-0.00256587955162967,0.624038955880228,0.649779693190784
"LTA4H",-0.00256624300057587,0.623989832230458,0.649779693190784
"TM9SF2",-0.00256932690933772,0.623573079344252,0.649501480444913
"TAF13",-0.00258359984365227,0.621645836035041,0.647597271510054
"RFFL",-0.00258695300254804,0.621193441778735,0.647229119099502
"PSME4",-0.00260595354929464,0.618632675144037,0.644869328777378
"ANKLE2",-0.00264266962365101,0.613697446150136,0.640133041309763
"SON",-0.0026653208853798,0.610661441080022,0.637248528011825
"PPP6R1",-0.00267783234033069,0.608987360959546,0.635828707434288
"NFKB2",-0.00269046598766257,0.607299006352253,0.634167210274881
"GAPVD1",-0.00269659543064965,0.606480623993925,0.633514989562595
"ICE1",-0.0027115361842881,0.604487854241972,0.63173618782513
"SLC12A9",-0.00275548883471598,0.598642642760864,0.625827566096982
"ATXN7L3",-0.00276562191458047,0.597298701383645,0.624622346392558
"TRAPPC10",-0.00278235990008226,0.595081767181557,0.622443128719234
"USP8",-0.00278531022731555,0.594691388185312,0.622194318443842
"XRCC4",-0.00279958370054999,0.592804416684277,0.620319346395935
"BRD1",-0.00280422743438295,0.592191101338075,0.619776760132597
"CYTIP",-0.00281097852414307,0.591299979342925,0.618943206042915
"DCTN5",-0.00281213756749147,0.591147051382564,0.618882213280897
"SNTB1",-0.00287665548896074,0.582663180215763,0.610684814403761
"SNX10",-0.00289032719840239,0.580872722210521,0.609003505101409
"TRIM44",-0.00290915712372232,0.578410965060749,0.606752050462979
"STK3",-0.00291149055940084,0.57810624188292,0.606589409313197
"RIT1",-0.00292705012260559,0.576076252707054,0.604750568432678
"PTPRJ",-0.00292913425567624,0.575804600546343,0.604562466415929
"ZC3HAV1",-0.00293167909360433,0.575472980776279,0.604311331242421
"FBXW2",-0.00294402174271618,0.573865882240028,0.602720504110089
"STIM1",-0.00297540022796208,0.569789787744859,0.598824245664024
"RALGAPB",-0.00298050589173309,0.569127865897687,0.598224756790848
"ZEB2",-0.00298699110078936,0.568287623235528,0.597533689403969
"PDK3",-0.0030094721517761,0.565379514029629,0.594667191558191
"RBM22",-0.00303208765777394,0.562461246550217,0.59169294126232
"ASB8",-0.00303611840324781,0.561941890468779,0.591241725118262
"STXBP3",-0.00303927446265518,0.561535398332378,0.590909131546288
"DPEP2",-0.00310427719243238,0.553194994135086,0.582750539117775
"TRIM33",-0.00312717496235735,0.550271544184915,0.580083095111411
"MYD88",-0.00313007368837745,0.549901995444317,0.57987186707823
"YPEL2",-0.00313475999771086,0.549304812537511,0.579344227193136
"UBE2H",-0.0031482463102171,0.547588019688663,0.577626730029764
"DPP8",-0.00315623016053171,0.546572936125065,0.576649000546341
"MSH3",-0.00316365289797429,0.545630030441647,0.5757471173382
"ERCC6L2",-0.00317256917647441,0.544498468930631,0.574738616381735
"COG2",-0.00321401034798994,0.539254539681788,0.569571273092008
"NFATC3",-0.00323383184264109,0.536755320659095,0.567023151796601
"DCAF8",-0.00325664408142119,0.533886237351074,0.564174595086685
"MARF1",-0.00326740819317441,0.532535135623977,0.56283781388774
"CASC4",-0.0033099338353999,0.527214333208337,0.557484604644365
"NFKBID",-0.00331502901728091,0.5265786491408,0.556902492410636
"UHMK1",-0.00331964768564944,0.526002754167705,0.556383434193246
"RIF1",-0.00333285540995628,0.524357680810212,0.55482287055141
"HERC3",-0.00335615671384526,0.521461854283403,0.551848106718176
"TLK2",-0.00336493140779522,0.52037349456717,0.550785479598536
"ADNP",-0.00339302200908893,0.516897196773892,0.547549234042078
"CCDC186",-0.00341548991468605,0.514125408725239,0.54505463308669
"MAP3K4",-0.00342867899777514,0.512501925203378,0.543509746468725
"NT5C3A",-0.00344123671280541,0.510958645987285,0.542048941662318
"PHKB",-0.00346850870508759,0.507615437991445,0.538925817294117
"SUN1",-0.00346991196097835,0.507443727388794,0.538844744139668
"FBXL17",-0.00349413419478755,0.50448456672761,0.535789489484262
"WAPL",-0.00350881784488807,0.502695147247568,0.533975771357368
"PURB",-0.00357160749382561,0.495081309007459,0.526404259268571
"MYSM1",-0.00358143136234569,0.493895670533515,0.525311516829042
"MFSD14A",-0.00358581378210667,0.493367248673956,0.524834863623548
"SHISA5",-0.00360000241637831,0.491658495435704,0.523187376816183
"BTN2A1",-0.00361600214705248,0.48973544697919,0.521395595562603
"MCPH1",-0.00361854731463785,0.489429910404376,0.521155171697689
"UBXN7",-0.00364344512495404,0.486446453615298,0.518062699745369
"SNIP1",-0.00365256606218119,0.485355974699139,0.517069799997225
"GOLPH3",-0.00373756647748666,0.475257437187839,0.507122821214399
"CEP135",-0.00374928912238787,0.47387382257242,0.505743887035338
"VAMP4",-0.00382621291526791,0.46484972872192,0.496518138602175
"TREM1",-0.00384480310899132,0.462683301790239,0.494284873709899
"RAD23B",-0.00384866068304269,0.46223446201981,0.493886078229371
"H1F0",-0.00385062331015552,0.462006198031894,0.493722870665662
"C4orf33",-0.00388721290727574,0.457762172437455,0.489507537356245
"PPM1L",-0.00393592488168036,0.452146179502826,0.483660294762676
"SLC16A7",-0.00394243942866483,0.451398082186728,0.482939070747313
"FAM241A",-0.00400755156116633,0.443959521141212,0.475603367068859
"CRYBG1",-0.00401470509516909,0.443146573627318,0.474888100045141
"LDLR",-0.00405786097869473,0.438260303218467,0.469959957756657
"SEC24B",-0.00408147426926369,0.435599883077408,0.467490485154316
"TENT4B",-0.00408207327515716,0.435532516718193,0.467490485154316
"ALDH1A1",-0.00409146023810537,0.434477610354416,0.466439181690832
"NUP98",-0.00414919914397695,0.428021453566782,0.459885663667974
"ELK3",-0.00415930819132888,0.42689686809138,0.458828164323761
"MCTP1",-0.00420513578582289,0.421820402167672,0.453819613192733
"RNF11",-0.00422358964225664,0.419786248660001,0.451779834360343
"GPAT4",-0.0042467135869796,0.417245470727638,0.449415302737611
"NPIPB5",-0.00425370666590885,0.416478884652849,0.448663527411489
"LINC00877",-0.00425583836992258,0.416245371168274,0.448485866298315
"TNFSF13",-0.00427810900793797,0.413810400156687,0.445935783125831
"SLC4A1AP",-0.00428420687361822,0.413145160066987,0.44529229418364
"TRPC4AP",-0.00428900694318235,0.412621947464788,0.444801697036238
"SNRNP200",-0.00429457429901173,0.4120155919748,0.444221296228766
"HGS",-0.00429985002749221,0.411441486322541,0.443675480385415
"N4BP2L1",-0.00430359141736266,0.411034635514626,0.443309872483442
"AMFR",-0.00431546329799775,0.409745231330878,0.44199213371412
"KDM4A",-0.00435470259266881,0.405500598994432,0.437630062103928
"FAM120A",-0.00435542384275374,0.405422825902403,0.437618364825807
"PDCD6IP",-0.00435545274350597,0.405419709692171,0.437618364825807
"EXOC4",-0.00436441140917848,0.404454435702783,0.436789412062239
"SLC25A44",-0.00440090126848866,0.400536970725273,0.432773213452625
"FBRSL1",-0.00441095576250297,0.399461563702941,0.431682595618154
"MON1B",-0.00447053814412684,0.393124482033494,0.425326470881182
"AC245297.3",-0.00450241148845756,0.389759636559092,0.421825608975888
"AP1G2",-0.00453913912693111,0.385904120240041,0.41779121346736
"BEST1",-0.00454006301056329,0.38580743602186,0.417755716580146
"REL",-0.00454586925251755,0.385200152802984,0.417167235220459
"DHX38",-0.00463710708273843,0.375734336116536,0.407185660455812
"FAM199X",-0.00472040917622917,0.367218458608412,0.398287040872893
"PBXIP1",-0.00472570136093003,0.366681538599794,0.397770681826025
"SMC1A",-0.004737793801747,0.365456534933763,0.396507604612835
"IPO8",-0.00474684493127753,0.36454129990659,0.395645919453733
"MIA3",-0.00475234761747194,0.363985578234484,0.395108369665791
"MBNL3",-0.00479361785903761,0.359834557406026,0.390732160159541
"P2RY13",-0.00480462786803002,0.35873219794856,0.389729330373493
"RNF141",-0.0048079235565836,0.358402635773435,0.389436003438045
"CSNK1G2",-0.00481450697592301,0.357744877513656,0.388850541842773
"MYO9B",-0.00483182397120477,0.356018343732988,0.38703823267813
"SNX20",-0.00483872519933769,0.355331746122508,0.386447189065942
"MRTFA",-0.00486452638680579,0.352772214150003,0.383764515160186
"GBP2",-0.00488092233879821,0.351151777970743,0.382065289461261
"DHX58",-0.00494393819634463,0.344967821131734,0.37571207972002
"DCTN4",-0.00494866721673547,0.344506564933931,0.375272229513169
"LINC01410",-0.00502308538674734,0.337299881794164,0.367789630949007
"RAB8B",-0.00503875564332931,0.3357948075766,0.366270679335303
"ZNF318",-0.00504565688109985,0.335133340744778,0.365610175502979
"TNRC18",-0.00507268781832374,0.332550579495922,0.362913651935293
"CARHSP1",-0.0050756785852546,0.332265608571871,0.362663196801819
"CAT",-0.00508619620598299,0.331264705483561,0.361691490389366
"TATDN2",-0.0051024632090231,0.329720509703492,0.360185913524049
"PPIL2",-0.00514874457045999,0.325352652238836,0.355771139042902
"SLC49A4",-0.00516040691943967,0.324257968695405,0.354692755450989
"ABCC1",-0.00516432338714342,0.323890888991805,0.354350507401008
"POU2F1",-0.00519683182080677,0.320854416539633,0.351263592655078
"CPEB4",-0.00519894678217534,0.320657513604403,0.351106820288994
"EIF2AK1",-0.00520315651515765,0.32026582246802,0.350736674588931
"ZBTB44",-0.00522662084507604,0.318088336317564,0.348410377424064
"AKAP8L",-0.00524413866038036,0.316469024353634,0.34675288775332
"ZNF410",-0.00526399866005674,0.314639759577687,0.344806360730627
"SPECC1L",-0.00527015759790714,0.31407388698388,0.344243935138409
"SUGP2",-0.00533489228988326,0.308166689735368,0.338052653941248
"ZNF33A",-0.00534367691117029,0.30737077258977,0.337257528574104
"NCBP3",-0.00535536165366102,0.306314205240315,0.336246184328607
"PPM1K",-0.00535868693912129,0.306013964022856,0.335973013733238
"TUT7",-0.00538895475358207,0.303290043868516,0.33308902559801
"CNBP",-0.00539296490504511,0.302930367230888,0.332755164811079
"CA5B",-0.00541018283466336,0.301389288726478,0.33117364196533
"PWWP2A",-0.00541455946317548,0.300998395291829,0.330799715652711
"CCDC84",-0.00543900679005635,0.298821124864957,0.328572572211081
"RPS6KB1",-0.0054562119482585,0.297295157508641,0.326949661865685
"NBR1",-0.00547482940918308,0.295649807584155,0.325249611641461
"TBC1D15",-0.00549620938613779,0.293767850080641,0.323311586199103
"TMEM30A",-0.00552159242241458,0.291543980283503,0.321110940548103
"NCOA3",-0.00552865267278263,0.290927431200259,0.320485854285981
"FAM200B",-0.0055346290071143,0.290406222811659,0.319965602417025
"TUBGCP3",-0.00555419979471138,0.288703814031916,0.318197157137672
"APOL6",-0.00558322299162656,0.286191572305453,0.315534654255152
"TBC1D10B",-0.00566254103737155,0.279401331095365,0.308464353715214
"TSC1",-0.0056951480991405,0.276641941204252,0.305611791655204
"CLEC2D",-0.00570538298449579,0.275779651988099,0.304723232161262
"JDP2",-0.00571087214862548,0.275317945992569,0.304315930836757
"PHACTR2",-0.00575070105118039,0.271983649918719,0.300833886511349
"PRR13",-0.00579108008519606,0.268631626535482,0.297229247161308
"FCGR2A",-0.00583345415472158,0.265144610726768,0.293716615542461
"CRBN",-0.00584315454605031,0.264350759340759,0.292886843682407
"PPP1R12A",-0.00585548711029371,0.263343866692237,0.291919667757518
"RNF38",-0.00587052547189402,0.262119644349524,0.290759795513604
"SNX30",-0.00589453468359194,0.260173295040745,0.288698744564901
"ILRUN",-0.00589980777237434,0.25974716578694,0.288323763992362
"CX3CR1",-0.00590576338437463,0.25926646177082,0.287839043480663
"HLA-F",-0.00590875706751184,0.259025061103679,0.287619879330138
"TRIOBP",-0.00597643123909247,0.253609556358062,0.28170222213201
"CSF2RA",-0.00598091694465944,0.253253402285207,0.281354417016259
"PLEKHF2",-0.00603048681071262,0.249340860863496,0.27710191200502
"TLR6",-0.00603165480937883,0.249249183193664,0.277047119979628
"CHFR",-0.00605818114210905,0.247173439820863,0.274880073064943
"PPP4R2",-0.00612131121627571,0.242282149747918,0.269623948093938
"VEGFA",-0.00632973606014784,0.226618295666782,0.252665487221934
"SUN2",-0.00634699960372127,0.225354043056702,0.251341646793709
"OAT",-0.00635091076361281,0.225068320130372,0.251108647954329
"CLK2",-0.00635665091284693,0.224649452294467,0.25068409610876
"EGR2",-0.00636723421251943,0.223878632883037,0.249866592999197
"BRAF",-0.00639371672441024,0.221958108708269,0.247892400877121
"CARD8-AS1",-0.0064437612687622,0.218361132788126,0.244000185638142
"RNF111",-0.00644660846593996,0.218157755715916,0.24381459946507
"GEMIN7",-0.00645434831262305,0.217605581726977,0.243322266689067
"FNBP1",-0.00648006151479609,0.21577837379637,0.241361677994982
"HSPA6",-0.00650109419489941,0.214292004714932,0.239863230067835
"DDX46",-0.00655039864417771,0.21083665636042,0.236076393095466
"ABCD1",-0.00655746703200404,0.2103446121628,0.235565788681121
"PIK3CA",-0.00661252101956614,0.206540616177853,0.231424601297482
"CTDSP2",-0.00662548635521344,0.205652078544077,0.230547546214193
"ZNF655",-0.00663010584136093,0.205336168942926,0.230272362358293
"ATG4B",-0.00666234079425201,0.20314155306234,0.227889408703084
"GOLGA7",-0.00667399880806773,0.202352074341628,0.22708167903288
"ARHGEF18",-0.00670622085851621,0.200181637191607,0.224684556902785
"PIK3C3",-0.00671554628205206,0.19955667114659,0.224021551503504
"ST3GAL2",-0.00680167331782774,0.193851915646001,0.217879289065421
"NCKAP1L",-0.0068090713912282,0.193367534516419,0.21737223876691
"ACTN4",-0.00681807198181555,0.192779429585391,0.216748393917332
"DNAJC10",-0.00684509747279697,0.191021464665118,0.214956684334
"UVRAG",-0.0068471466406728,0.190888652351634,0.214844208826817
"TSC22D4",-0.00685350056029605,0.190477269131241,0.214418110464885
"USP19",-0.00688318596079075,0.188563941011325,0.212447190475968
"USP10",-0.00688345302230296,0.188546792532099,0.212447190475968
"PLSCR3",-0.00688349100627789,0.188544353609144,0.212447190475968
"RBBP6",-0.00689542458805847,0.187779258665597,0.21170905210479
"C1GALT1",-0.00692409495760802,0.185950491635548,0.209755747811113
"HMBOX1",-0.00692994679454223,0.185578849877894,0.209444937079522
"RGS14",-0.00693267030510109,0.185406071047623,0.209286065695676
"LILRA2",-0.00693557604250859,0.185221862995012,0.209114235928404
"RHOT1",-0.00693715782976735,0.18512164315081,0.209037185305698
"SESN3",-0.00694157164014773,0.184842202398268,0.208757698960075
"CGGBP1",-0.00696989327521761,0.18305656713741,0.206883982012858
"FXYD6",-0.00697478699369044,0.182749325390211,0.20657245667379
"DCAF16",-0.00700808190660276,0.180669115901178,0.204397764277885
"CNOT8",-0.00701145388300821,0.180459425148031,0.204195867362033
"ATP11C",-0.00701786940522571,0.180060966754664,0.203780266685476
"TSEN34",-0.00703122207147341,0.179233749589894,0.202879199241469
"ATG9A",-0.0070383465667765,0.178793534403751,0.202451009340444
"ADAM17",-0.00704379151168498,0.178457639461372,0.202140687248519
"H6PD",-0.00706841902786827,0.176944247651447,0.200557773641481
"ATG2B",-0.00708957939791264,0.175651571164743,0.199134727288901
"PTPN12",-0.00712041954997646,0.173780194046489,0.197081510611612
"CORO7",-0.00712468197963419,0.173522726241488,0.196823661375234
"TDRD7",-0.0071275258501184,0.173351103684483,0.196663112248681
"ZNF587",-0.00713074801049462,0.173156805327984,0.196476777722034
"HPSE",-0.00717099867858162,0.17074336493382,0.193839229021933
"JARID2",-0.00718390261469024,0.169974999992257,0.193000442853313
"FKBP5",-0.00724725399726753,0.166240301522787,0.188989582917055
"NEK7",-0.00726241951859218,0.165355484773452,0.188016375556318
"GAB2",-0.00728651885423581,0.163956731409224,0.186490798530533
"CABIN1",-0.00728761156790702,0.163893520972442,0.18645133810994
"RPS6KA1",-0.00728982514734449,0.163765527858379,0.186338151955809
"R3HCC1L",-0.00732824179738542,0.161556189863807,0.183856287089569
"ZNF350",-0.00732918198159459,0.161502403478389,0.183827074154197
"KCNE3",-0.00734990328076354,0.160320402398357,0.182513458276242
"KMT2A",-0.00736798899313509,0.159294096900781,0.181376664147911
"ZXDC",-0.00746156062410508,0.154063447962893,0.175794657788791
"NEK4",-0.00752929819651201,0.150359117177856,0.171711424997175
"MEF2D",-0.00753726613589567,0.149927880677534,0.171248861612459
"GIMAP8",-0.00755885046626957,0.148764444259871,0.170068532360734
"DISC1",-0.00757785560954916,0.147745748849981,0.169022170775358
"PCNT",-0.0075892440411606,0.147137876366041,0.168356219055159
"BROX",-0.00761205102676324,0.145926275206625,0.16699912258024
"AC127502.2",-0.00763818854957428,0.144547149124631,0.16550775148456
"FBXO3",-0.00764159539711664,0.144368127697056,0.165331725150351
"AREL1",-0.0076509919818765,0.143875241073522,0.164796132820373
"S1PR4",-0.00766694461569629,0.143041420801158,0.163869775573501
"TNNT1",-0.00777855526750926,0.137311064293618,0.157581137151426
"OAZ1",-0.00779043955856775,0.136711476649435,0.156948135967341
"RPS11",-0.00782750562224566,0.134854387206195,0.154897748340496
"TRMT6",-0.00783752075243093,0.134355968424873,0.154352367169534
"TNKS",-0.00788790955260619,0.131869872561253,0.151602818147612
"YTHDC2",-0.00789398240677506,0.131572671248094,0.151287746151959
"PTGER4",-0.00790029213139458,0.131264427863801,0.150959864445652
"ARHGEF3",-0.0079434261319683,0.129172214614446,0.148632161061114
"EPS15L1",-0.00794744581361844,0.128978567026723,0.148435464041668
"KAT7",-0.00794801451353844,0.128951188209822,0.148430082485179
"SCLT1",-0.00796897252424285,0.127945356318436,0.147298246101414
"CREB1",-0.00805792392963252,0.123744091824533,0.142612175629966
"FOXO1",-0.00807300428051036,0.123042628605085,0.14182875631524
"DHX16",-0.00807689153264608,0.122862317242194,0.141645887873297
"ICAM1",-0.00808790009917304,0.122352801339337,0.141083353643136
"TMUB2",-0.00813913187126049,0.120003303580668,0.138471867068551
"GIGYF1",-0.00820704081595832,0.116943615594437,0.135084339002903
"RAB1B",-0.00820848007066388,0.116879438076274,0.135034063640693
"GDAP2",-0.00824579566936631,0.115225140511924,0.133193417373932
"SAMD8",-0.0082476518268889,0.115143335462325,0.133122392087123
"ITPK1",-0.00826072380075903,0.114568516988052,0.132528125277403
"TRAFD1",-0.00827518537127904,0.113935226781696,0.131865553672991
"RBMXL1",-0.0082905353086373,0.113266052598159,0.131137498120553
"PKN1",-0.00832668944791748,0.111702162591546,0.129372672989111
"TTLL3",-0.00833149566367207,0.111495553113505,0.129179146953057
"RETREG3",-0.00833374224924157,0.111399080428372,0.129090249528659
"DLG1",-0.00840701408346107,0.108288606082401,0.125574832665261
"TRA2A",-0.00842074048539,0.107713621868081,0.12495238817841
"ARHGAP15",-0.00843501302234894,0.107118326903819,0.124305932072625
"DHX8",-0.00843911584054233,0.106947685133701,0.124129942376023
"RASA2",-0.00844048661981796,0.106890720591912,0.124085854266676
"STYX",-0.00845878896913265,0.106132443581832,0.123293162071432
"MNT",-0.00847452287614052,0.105483993638035,0.122561640377728
"SPSB3",-0.00848089516092329,0.105222265245795,0.122279269494669
"DENND1C",-0.00852896338491852,0.103264532848314,0.120217862493283
"INTS3",-0.00856510477721862,0.101811718426988,0.118589883320087
"FBXL20",-0.00863232467753343,0.0991529188709709,0.115554685129841
"BPTF",-0.00863701880876506,0.0989693377792875,0.115361299768405
"FOXJ2",-0.00866333645175689,0.0979451093922686,0.114248907262561
"KLHDC7B",-0.00870875374686313,0.09619749463074,0.112290523102263
"PUM2",-0.00871882786753676,0.0958132533584837,0.11186197329603
"TGFBR2",-0.00873787531486667,0.095090114712989,0.111077214578081
"MOAP1",-0.0087718425985013,0.0938113976528202,0.109603094684442
"CDC42",-0.00879095458827146,0.093098001281103,0.108866881126069
"SRSF6",-0.00881345423963257,0.0922637398800408,0.107968557604386
"C2CD5",-0.00882911237347832,0.0916867053225434,0.107350945451072
"SP1",-0.00882917487028731,0.0916844080101567,0.107350945451072
"ADD1",-0.00883332021073912,0.0915321332149279,0.107208363840774
"TRERF1",-0.00889965337506611,0.089122991733012,0.104461477223097
"SOD2",-0.00890605472485287,0.0888932302022199,0.104229544308127
"BTN3A3",-0.00893437853961023,0.0878823342891206,0.103081216645546
"TMEM43",-0.00894775498543164,0.0874081536814225,0.102543425223244
"FAM118A",-0.00898393770922425,0.0861358528503276,0.101087094944434
"TAF15",-0.00899319208355804,0.0858128532411895,0.100726110321526
"TPCN2",-0.0089939047820319,0.0857880190182325,0.100715041900019
"SMAD4",-0.0090001013569169,0.085572341918727,0.100497929129628
"SCAF11",-0.0090069991897555,0.0853327726120297,0.100252590716523
"ARSD",-0.00906144121337007,0.083460913940982,0.0981239804614531
"TEPSIN",-0.00906697684762117,0.083272461503466,0.0979552632798958
"KIF13B",-0.00909835798981739,0.0822106431094687,0.0967758704806818
"TRPM2",-0.00911233772267208,0.0817411700245816,0.0962405491843534
"MFSD14B",-0.0091515401713193,0.0804362489808373,0.0947212168293793
"GSAP",-0.00923657349720243,0.0776638996916425,0.0915389537018133
"CAMK2G",-0.00924083363731769,0.0775270789912957,0.091394165604957
"CHUK",-0.00925136702271645,0.0771896265011785,0.0910456031146861
"CLK1",-0.0092756102601964,0.0764175049158481,0.0901674151127621
"VASP",-0.00931371614030773,0.0752166125140757,0.0888306019900699
"UBALD2",-0.00934726395057736,0.074172160537071,0.0876129332595068
"RBM23",-0.00935017998048215,0.0740819377636137,0.0875221736715769
"AL390728.6",-0.00935857880901325,0.0738225768177077,0.087231521278542
"TAF1",-0.00937162405416339,0.0734212040770381,0.0867729270165718
"MPPE1",-0.00938191258889547,0.0731059095277425,0.0864159169214212
"DUSP18",-0.00948542855137905,0.0699948754580631,0.0829333990113839
"ZNF592",-0.00949659813926309,0.0696657813828499,0.0825584336924184
"HBS1L",-0.00951983083444627,0.068985335507417,0.0818113773893511
"CLASRP",-0.00954980845990609,0.0681154196367214,0.0808383760364648
"LMBR1L",-0.00956996166486472,0.0675356827321644,0.0801649044486003
"MKLN1",-0.00957984826586896,0.0672527676868429,0.0798725876724031
"PAK2",-0.00961107756804465,0.0663655097456645,0.0788618143797082
"G3BP2",-0.00963074526236958,0.0658116941237648,0.0782179342267178
"RASAL3",-0.0096363177749218,0.0656554740551158,0.078046452613154
"FBH1",-0.00968138771994486,0.0644031833772745,0.0766274818781839
"GALNT4",-0.00968913072096617,0.0641900375885116,0.0764016868293626
"PIP4P2",-0.00977656789051224,0.0618232821787012,0.0736785670587583
"LEMD3",-0.0097795271672005,0.0617444610219114,0.0735980467021434
"GARS-DT",-0.00980661163083645,0.061026916078397,0.0727692827504212
"RLF",-0.00983719268261574,0.0602250528647374,0.071891801283486
"TMOD2",-0.0098513012659502,0.0598580680939087,0.0714798263375297
"MCMBP",-0.00994912679446,0.0573641818065235,0.0685894331841716
"CCDC88C",-0.00997405243346985,0.0567427461734324,0.067858802722133
"GSR",-0.00999866860395574,0.0561345342558265,0.067156008227739
"CDK12",-0.0100006270108836,0.0560863802891793,0.0671106797823306
"EDRF1",-0.0101019521138845,0.0536414891996673,0.0643029072950907
"SMARCA2",-0.010120397209336,0.053206139487969,0.0638161328145921
"OSBPL2",-0.0101594364597341,0.0522944460834902,0.0627341446777723
"GLG1",-0.0101768422831329,0.0518921941162919,0.0622744429391182
"GYG1",-0.010200364498433,0.0513527066546146,0.0616496504054114
"NCAPD2",-0.0102389002686729,0.0504790291662527,0.0606230515593241
"DHX40",-0.0102561477307928,0.0500920508255366,0.060180416813186
"KRI1",-0.0103437276969394,0.0481652073514161,0.0579613704516029
"SFSWAP",-0.0103496028372926,0.048038208224482,0.0578404798106194
"PGS1",-0.0103727279637602,0.0475410572566152,0.0572583130802215
"C16orf70",-0.0104021882137474,0.046913983724792,0.0565493410016022
"RUBCN",-0.010409835479156,0.0467523508801772,0.0563649032001841
"TADA2B",-0.0104164338428733,0.0466132644913817,0.0562075845157974
"SMARCD2",-0.0104244422705048,0.0464449234510403,0.0560149252025275
"OPA1",-0.0104481154147943,0.0459502920135735,0.0554388280466402
"ZBTB21",-0.010451141300301,0.0458873895204802,0.0553731547960316
"SGK1",-0.0104666161179632,0.0455668299187104,0.0550167929840312
"RNF125",-0.0104728825370643,0.0454375593845306,0.0548809834206652
"PRKAR1A",-0.0105118949886643,0.044639700950865,0.0539372324555083
"CIDEB",-0.0105149098033903,0.0445785388313371,0.0538732877780558
"TRIQK",-0.0105238429911653,0.0443977244941522,0.0536746158917839
"MAP3K7CL",-0.0105320842667177,0.0442314641579283,0.0535032955901082
"NOTCH2NLA",-0.0105653595669476,0.0435654990790167,0.0527367585592689
"PDP1",-0.0105809333122925,0.0432567306362353,0.0523726860925382
"ETV3",-0.0105906970603276,0.0430640970402415,0.0521587748145793
"ZNF148",-0.0105921548107774,0.043035398689541,0.0521336736394699
"NDE1",-0.0106005892354171,0.0428696695197179,0.0519617907526725
"XRCC5",-0.0106076739483706,0.0427308782442401,0.0518031674320122
"COQ8A",-0.0106166103661213,0.0425563536154038,0.0516011572584403
"CPT1A",-0.0106193435965596,0.0425030952553103,0.0515461392652975
"SMAD3",-0.0106420677024095,0.042062483352376,0.0510401848845275
"DDX59",-0.010666385643598,0.0415952548646205,0.0504826018757915
"PIBF1",-0.0107904665053923,0.0392791051804533,0.0477424780944048
"ING3",-0.0108192245663493,0.0387582088525493,0.0471268680450005
"PAFAH1B1",-0.0108516531883744,0.0381778793740684,0.0464557929178595
"NUP210",-0.0108824989454657,0.0376327485875104,0.0458180466043097
"TRRAP",-0.0109058905482687,0.0372237817041534,0.0453539106935809
"MARK3",-0.0109395575982011,0.0366418092057294,0.0446781328957588
"SAP30BP",-0.010953262776092,0.0364071295760504,0.0444085472328764
"UBQLN2",-0.0109693144428606,0.0361338997122165,0.0440917201042313
"SMARCC1",-0.010969743275925,0.0361266241974116,0.0440910713090679
"EXT1",-0.0109866875588661,0.0358401479695916,0.0437577754295406
"HK2",-0.0110090422904709,0.035465163226148,0.0433323186642788
"TECPR1",-0.0110226916475979,0.0352378548669959,0.0430706851973115
"DGKA",-0.0110387396716673,0.0349721919651295,0.0427539624285745
"CDK11A",-0.0110490763130305,0.0348019836184239,0.0425697603175408
"SENP6",-0.0110627579497283,0.0345777831015326,0.042303432993604
"MED23",-0.0110722241150488,0.0344233844725318,0.0421381927881319
"G6PD",-0.0110922410109691,0.0340988360945307,0.0417565443689907
"MTMR10",-0.0111192859372376,0.0336644938020892,0.0412478374209257
"DNTTIP2",-0.0111236205187253,0.0335953221068459,0.0411707996128507
"IL16",-0.0111367770519101,0.0333861127855389,0.0409220857502537
"BRAT1",-0.0111666727575638,0.0329148649712209,0.0403747443117902
"TIPARP",-0.0111778225481212,0.032740573931419,0.0401684879646496
"FAM53B",-0.0111909371009886,0.0325365821457679,0.0399257083462895
"SYNJ1",-0.0112205936827657,0.0320792963395735,0.0393867491958932
"ARID2",-0.0112295759305546,0.031941887118341,0.0392254053305247
"PPP1R15B",-0.0112681515897332,0.0313574834991774,0.038522214790985
"RMND5A",-0.0112681607148488,0.0313573463503522,0.038522214790985
"AIF1",-0.0113057434931288,0.0307968321219057,0.0378761641108012
"ZFP36",-0.0113454057468595,0.0302146550928957,0.0371811434212972
"TAX1BP1",-0.0113458122198677,0.0302087380266471,0.0371808601690924
"PACS1",-0.0113547800746619,0.0300784451941003,0.0370344396758998
"RPS4Y1",-0.0114063217459359,0.0293389296989406,0.0361579495516821
"PCED1A",-0.0114512222372133,0.0287075033050203,0.0354198257422575
"MTM1",-0.0114941383366812,0.0281149556068862,0.0347149347984555
"KCTD20",-0.0115614182058657,0.0272072332195217,0.0336131690833773
"MAP2K4",-0.0115999634361335,0.0266986736424419,0.0330035788002052
"IKBKE",-0.0116075845346553,0.0265991000117005,0.0328867087512288
"TAOK1",-0.0116203576903553,0.0264329313292782,0.0326874418443013
"PRKACA",-0.0116498485275918,0.0260527009642722,0.0322355334792603
"OSGIN2",-0.0116695350845187,0.0258015184735936,0.0319489257159764
"ZNF335",-0.0116739327697358,0.0257456950574431,0.0318858409330485
"PPP1R9B",-0.0117372652461465,0.024953274118562,0.0309278684714992
"NPLOC4",-0.0118410790359673,0.0237000071593428,0.0294191469162299
"B4GALT5",-0.0118495789849051,0.0235998553438301,0.0293059552208853
"SLC35A1",-0.0119076992460674,0.0229248346779462,0.0284839546036511
"PIAS1",-0.0119082178641345,0.0229188876290985,0.0284819782016814
"GNAQ",-0.0119849834001211,0.0220532580315704,0.0274270878848026
"VAMP2",-0.0119954579102031,0.0219373777279712,0.0272985488362154
"KBTBD2",-0.0120136855925828,0.0217369862371263,0.0270543339079254
"HDAC7",-0.0120508344391277,0.0213335059961556,0.0265572091018403
"ADM",-0.0120899287282303,0.0209159548185402,0.026047335734022
"SECISBP2",-0.0121147059327947,0.0206550219269099,0.0257321900453766
"ECPAS",-0.0121281509153732,0.0205146219390434,0.0255670221573514
"ZNF518A",-0.0121405136071343,0.0203862590247069,0.0254118897051542
"C18orf25",-0.0122484322195932,0.0192951650701047,0.0240977629853571
"VEZF1",-0.0122659002400786,0.0191234419146132,0.0238924256139387
"WDFY2",-0.0123100555659852,0.0186953073988295,0.0233753910448551
"NSF",-0.0123260444295954,0.0185423585836769,0.0231885884506656
"TTN-AS1",-0.0123601894388873,0.0182193902946395,0.0228021389254121
"FBXO34",-0.0123707161925205,0.018120818961719,0.0226918050893926
"NAA16",-0.0124209067175955,0.0176572349788509,0.0221239943065786
"ETF1",-0.0124239390298605,0.0176295630522177,0.0220935563035076
"N4BP2",-0.0124579896389108,0.0173214282369266,0.0217157234540798
"MAP4K2",-0.012461132707016,0.0172932251500486,0.0216845235962827
"MBD6",-0.0124798240761548,0.0171263359279085,0.0214871447963999
"NEDD9",-0.0124869357908407,0.0170632097625245,0.0214125269534328
"IDI1",-0.0124918951972794,0.0170193091764226,0.0213615364552603
"DIPK2A",-0.0125417165548063,0.0165837609540112,0.0208268592234586
"CNTLN",-0.012589503674878,0.0161752246653264,0.0203255081418228
"TRIM25",-0.0126166406269755,0.0159471881428411,0.0200428135482306
"SLC38A2",-0.0126188977068555,0.0159283494553693,0.0200229857218236
"EDC4",-0.0126239484920082,0.0158862640152236,0.0199739219483715
"LTB",-0.0126594085968663,0.0155935375889903,0.0196134183833818
"GRAMD4",-0.0126613390482816,0.0155777386341086,0.0195973167577067
"RCOR1",-0.0127183741408019,0.0151172705911001,0.0190290171591476
"CSDE1",-0.0127587867037431,0.0147983000645396,0.0186418662470057
"FAM214A",-0.0128082132640972,0.014416256875665,0.0181710984100825
"IFRD1",-0.0128255710031238,0.0142841686620013,0.0180115515356152
"RNPEPL1",-0.0128321753133852,0.0142341925261795,0.0179519966697842
"FAM102B",-0.012871642013439,0.0139387430415047,0.0175861640303663
"HTT",-0.0128766429053256,0.0139016952638645,0.0175428071096595
"PPIP5K2",-0.0128858726343363,0.013833547494331,0.0174601802158178
"CLMN",-0.0128898028995361,0.0138046180122306,0.0174299094891569
"AGO1",-0.0129123209976955,0.0136398967527287,0.0172257378731582
"NUP153",-0.0129245638602645,0.0135510700336774,0.0171168655100816
"FBXO33",-0.0129342014408293,0.0134815055421415,0.0170355785145963
"ARNT",-0.0129553032894188,0.0133302922613784,0.0168510152368314
"PTPN6",-0.0129621043322682,0.0132818772765531,0.0167930600723466
"ZNFX1",-0.0129697023551636,0.0132279726701776,0.0167281402935437
"VPS13D",-0.0129747827554054,0.0131920374661303,0.0166859239608357
"HNRNPH2",-0.0129791486475321,0.0131612251789163,0.0166501722561445
"ZBTB11",-0.0129980008784411,0.0130289049814119,0.0164923486483003
"AC104695.4",-0.0130373053208012,0.012756812500232,0.0161573111442303
"SNX13",-0.0130422039812311,0.0127232554869768,0.0161179314810801
"CANT1",-0.0130435995882498,0.0127137095501972,0.0161089598913158
"AP5Z1",-0.0131012976808232,0.0123245625461144,0.0156401377962919
"HNRNPA2B1",-0.0131041222321468,0.0123057861024292,0.015619341785611
"HMGCR",-0.0131230563252104,0.0121805730995093,0.0154694224795245
"NRM",-0.0131236326520493,0.0121767795627916,0.0154676092445175
"SIN3A",-0.0131254642001668,0.012164730774526,0.0154553069964732
"NDST1",-0.0131453749318129,0.0120344286777284,0.015295702701203
"HEATR5B",-0.0131592911214688,0.0119440927547739,0.015186790826665
"AP4E1",-0.0131889460478784,0.0117535929786915,0.0149532965352569
"SLK",-0.0132010148189636,0.0116768393718042,0.0148585394731133
"HHEX",-0.0132137409934694,0.0115963868185563,0.0147647861771609
"DMTF1",-0.0132173122995261,0.0115738982267168,0.014739023491678
"RNF19B",-0.0132584556533968,0.0113175949627416,0.0144266788587258
"ERC1",-0.0132663391319092,0.011269064022056,0.0143676171170441
"PARP10",-0.0132737789681061,0.0112234337278432,0.0143150233540069
"PHKG2",-0.0132793551312777,0.0111893414348961,0.014274324741727
"SENP2",-0.0132992739606616,0.0110683088630801,0.0141226782487934
"MLXIP",-0.0133021352277773,0.0110510188451225,0.0141033693557312
"ARRDC4",-0.0133509539675084,0.0107596924780528,0.0137342579893614
"ASH1L",-0.013374887756019,0.0106193773259533,0.0135577990543024
"GTF3C1",-0.0133874548783675,0.0105463543400095,0.0134698309581915
"TBC1D9",-0.0134396292614336,0.010247941790512,0.0130989332211862
"RBM38",-0.0134604152059982,0.0101311653513468,0.0129547348067877
"CUL4B",-0.0135037016910017,0.00989177541310708,0.012658529585221
"TENT4A",-0.013507603915275,0.00987044433026624,0.0126337049787159
"BAIAP2-DT",-0.0135422696893156,0.00968273955662699,0.0124031644242216
"COP1",-0.0135730225206076,0.00951889250115661,0.0121980633423289
"MBTPS1",-0.0135992486314352,0.00938112133048454,0.0120333080750849
"PRKD2",-0.0136402715764444,0.00916918477849615,0.011768380463645
"POU2F2",-0.0136549986822103,0.00909414913919159,0.0116766588908159
"ACOX1",-0.0136593938145309,0.0090718620903592,0.0116513235106744
"PPP6R3",-0.0136655266857798,0.00904084472573817,0.0116173433209269
"SIAH2",-0.0136945705705392,0.00889523584424842,0.0114369817010219
"DYNLL2",-0.0137029390549849,0.0088536717402627,0.0113857800625172
"ATXN2L",-0.0137477261656194,0.00863416078937468,0.0111100459045329
"TRAPPC11",-0.0138272152071857,0.00825651935197034,0.0106387708953847
"ANP32A",-0.0138766257600817,0.00802929202942152,0.0103561868787449
"GGNBP2",-0.0139042049601715,0.00790491135519561,0.0102058274961036
"ARFGAP1",-0.0139463809954238,0.00771803554214208,0.00997243406611165
"YY1AP1",-0.013967818222072,0.00762457618807886,0.0098555711976393
"GMCL1",-0.0139861770646784,0.00754534535421902,0.00975701501698654
"SESTD1",-0.0140019660473122,0.0074777964782516,0.00967540735697783
"LILRB2",-0.0140342482761475,0.00734137109863458,0.00950453153324215
"CRTC2",-0.0140597916062104,0.00723501136388671,0.00936868771976457
"DSTYK",-0.0140774956918847,0.00716210692696371,0.00927979688634338
"PROSER1",-0.0141006627324831,0.00706770258603171,0.00916292673160327
"TLE5",-0.0141212632107928,0.0069846969115089,0.00906070404909626
"ABHD13",-0.0141257457148504,0.00696675191544713,0.0090392188972402
"CERK",-0.014155487945726,0.00684872883779548,0.00888785016703192
"MAVS",-0.0141759578898196,0.00676854692963727,0.00878902876384677
"CD44",-0.0141817430542247,0.00674603954114779,0.00876154281287728
"RCBTB2",-0.0141879550211961,0.00672194657612513,0.00873545750640153
"KDM5B",-0.0141980799541626,0.00668284299080168,0.00868636729102611
"QKI",-0.0142402781730826,0.00652206183049968,0.00848581895478745
"CNN2",-0.0142530719473327,0.00647400774600434,0.00842832788597697
"TCF25",-0.0143005344881104,0.00629850603473739,0.00820148027387234
"ARIH1",-0.0143010522008171,0.00629661553498876,0.00820065186608695
"OTUD1",-0.0143424725939166,0.00614700813734867,0.0080105918281813
"PCNX3",-0.0143567854034162,0.00609606031075565,0.00794578196007185
"MARCH7",-0.0143598712578527,0.00608512587805954,0.00793311126435759
"ARGLU1",-0.0143934409263954,0.0059673112597188,0.00778572760248283
"VCPIP1",-0.0144553285350895,0.00575548779022717,0.00751985994654381
"PLP2",-0.0144713320029743,0.00570182747068655,0.00745123885735531
"BICRAL",-0.0144984700152087,0.0056118630400431,0.00733954001916418
"CHD3",-0.014507015062183,0.00558380186808313,0.00730576278037373
"ZNF217",-0.0145315575687794,0.00550390906108121,0.00720411560387366
"DBNL",-0.0145534795582491,0.00543342066095811,0.00711327678841493
"DENND5A",-0.0145651819625316,0.00539612709064315,0.00706586799892347
"RNF31",-0.0145757693388703,0.0053625862182985,0.00702335510721867
"ADNP2",-0.0145800649593111,0.00534903143590142,0.00700700611659456
"MAU2",-0.0146360602803835,0.00517514729401758,0.00678330252772393
"NCOR1",-0.0146496786727231,0.00513363732446592,0.00673024279674317
"TNKS2",-0.0146549830934054,0.00511755061233255,0.0067104985767008
"LY75",-0.0146958208444398,0.00499521961784126,0.00655534842662509
"EZH1",-0.014753932513837,0.00482570046395034,0.00633924646037921
"GK5",-0.0147615409539883,0.00480389534901299,0.00631187053694673
"CTBP1",-0.0147750340497744,0.00476544447807771,0.0062626082407381
"RPS14",-0.0147825406618504,0.00474417389525762,0.00623590850968925
"NIBAN1",-0.0147853531882362,0.00473622653272756,0.00622671407017349
"PPP4R3A",-0.0147963570712573,0.00470524850224673,0.00618723143758832
"MHENCR",-0.0147988626917184,0.00469822038940356,0.00617923252985727
"UBXN2A",-0.0148081337656288,0.00467229814819484,0.00614637531044222
"ATRX",-0.014820546813716,0.00463779359069797,0.00610344092109165
"MOSPD2",-0.0148315772187388,0.00460732615022129,0.00606456580836457
"RNGTT",-0.0148622957244564,0.00452343044213499,0.00596133606746192
"TFEC",-0.0148625472328833,0.00452274929331568,0.00596133606746192
"PPP4R1",-0.0149192557691571,0.00437151938746987,0.00576694789250969
"BLOC1S6",-0.0149281689250274,0.00434817117331686,0.0057373043655188
"PRPF3",-0.0149384393115925,0.0043214078797615,0.0057031418485831
"DDX6",-0.014949961176068,0.0042915612194973,0.005664895468014
"DENND4B",-0.0151050212948471,0.0039076736004347,0.00516546097849617
"BRD3",-0.0151073844427507,0.00390207237277319,0.00515909993391125
"ATAD2B",-0.0151155685295648,0.00388273043560872,0.00513456545064923
"SLC25A24",-0.0151186907001423,0.00387537460295238,0.00512587480358136
"PTGER2",-0.0151225276175963,0.0038663521652687,0.00511497581070958
"CCDC149",-0.0151406476237224,0.00382400061889083,0.00506099515107455
"GABPA",-0.0151459769119023,0.00381162503638818,0.00504563767724356
"SERTAD2",-0.0151707597798357,0.00375455142620999,0.00497209990369879
"TSPAN32",-0.0153251618425001,0.00341612604952085,0.00453495068259235
"ATP5F1E",-0.0153791089474245,0.00330459080915955,0.00439313027862651
"AL445524.1",-0.0154803220075098,0.00310423924899992,0.00413014167886884
"ZNF267",-0.0154836286016625,0.00309788472766943,0.00412336529916587
"CLIP1",-0.0154844356523753,0.0030963355616274,0.00412214251718996
"PRRG4",-0.0154878061660225,0.00308987335822579,0.00411437719268437
"FOXP1",-0.0155947670037816,0.00289107922128768,0.00385437927177383
"ST8SIA4",-0.0156994605786605,0.00270787302196939,0.00361381380233432
"PCF11",-0.0157430868024428,0.00263471117501735,0.00351761112155676
"MARK2",-0.0157988514122433,0.00254382467015784,0.00340112999866911
"MBTD1",-0.0157992633298143,0.00254316411821951,0.00340094232049891
"MBD4",-0.0158025055590543,0.002537970346322,0.00339538574263418
"PPTC7",-0.0158234398620899,0.00250466826692719,0.00335289130408885
"ATM",-0.0158466952605377,0.0024681428199457,0.00330670445836168
"FURIN",-0.0158492486352852,0.00246416226811585,0.00330204814694434
"PIK3CB",-0.0158794398737435,0.0024175393092711,0.00324023616318459
"TMC8",-0.0159342723709076,0.00233492327276224,0.00313207393461623
"SMG7",-0.0161294134157176,0.00206143853183581,0.00277261574185198
"DUSP22",-0.0161526659425844,0.00203088899107726,0.00273377645123803
"KDM3A",-0.0161903816813102,0.00198221962016857,0.00267004550578582
"UBR1",-0.0162356978589989,0.00192515921316576,0.00259572920925505
"TUG1",-0.0162503371879806,0.00190705075426914,0.00257237421733271
"ITSN2",-0.0163583600627114,0.00177818961378946,0.00240450955428242
"LGALS8",-0.0164049292665831,0.00172514666324041,0.0023342319710815
"FBXO11",-0.0164476176999809,0.0016778061191161,0.00227158757647154
"PARP12",-0.0165722857423372,0.00154630872502978,0.00209833259531853
"INTS8",-0.0165965703019025,0.00152182540809592,0.0020655375790183
"AVL9",-0.0166314082417336,0.00148732545373819,0.00201955011766154
"FAM13A",-0.01665701634843,0.00146242690495218,0.00198739287145653
"CBFA2T3",-0.0166979039083194,0.0014234673721621,0.00193525258456972
"BICD2",-0.0167811308258328,0.001347104312325,0.0018321963790266
"RBM10",-0.0168001909300989,0.00133015648096798,0.00180952207086323
"EVI5",-0.0168339671922333,0.00130060571573474,0.00177042685185795
"CBX6",-0.0168692609828448,0.00127037551737071,0.0017310786020362
"N4BP1",-0.016888453522361,0.00125421009864364,0.00171012004690973
"SCAF8",-0.0168890542248152,0.0012537072200889,0.00170979094804782
"PHC3",-0.0169732330252893,0.00118504958355761,0.00161851977800285
"USP24",-0.0169801469048661,0.00117956777018745,0.00161170618212864
"RIN1",-0.0169965574987394,0.00116664996188642,0.00159472244424282
"XPO6",-0.0170130102723166,0.00115383029155105,0.00157785870030554
"IRF7",-0.0170543472360847,0.00112219363697298,0.00153523791557426
"AKAP9",-0.0171006200428019,0.00108773181083135,0.00148871479573276
"PHF12",-0.0171065722305562,0.00108337065260686,0.00148305639169674
"ZNF445",-0.0171208596543778,0.00107296819653705,0.00146912378407523
"ARHGAP24",-0.017184726844358,0.0010275873830489,0.00140875787594332
"CHST15",-0.017189109647307,0.00102453925646795,0.00140487367004771
"KIAA0100",-0.0172070396336604,0.00101215634730951,0.00138818506371084
"ARRB2",-0.017234175503794,0.000993678873075001,0.0013634149994049
"ZNF652",-0.0172484964591298,0.0009840537574349,0.00135105910670084
"ITPRID2",-0.0172703040905688,0.000969562540209962,0.00133172266552368
"ALPK1",-0.0172723432126106,0.000968217691472063,0.00133015492053884
"SIGIRR",-0.017280110655895,0.000963110688136903,0.00132341691446807
"TMEM164",-0.0172829269306176,0.000961265191037379,0.00132115867542619
"HNRNPK",-0.0173177310147512,0.000938726897362476,0.00129099630941436
"EFHD2",-0.0173559947507746,0.000914513774511066,0.00125849106667088
"INPP4A",-0.0173571007329977,0.00091382259733082,0.00125780466133661
"NISCH",-0.0173822521259355,0.00089823446170555,0.00123660916206167
"ALOX5AP",-0.0174060304669905,0.000883724284273604,0.0012168890839471
"POLD3",-0.0174096702260566,0.000881522479063074,0.00121488068467841
"THAP9-AS1",-0.0174698320423177,0.000845857597003498,0.00116671244076137
"NCOA2",-0.0174759571123942,0.000842302624344078,0.00116205413757366
"MED13",-0.017513715693883,0.000820691899568765,0.00113295684953137
"USP33",-0.0175453573170437,0.000802979501471265,0.00110873917225325
"ZMYM6",-0.0175700388481372,0.000789410221399796,0.00109046355958417
"PSTPIP2",-0.0175876829071152,0.000779840751168464,0.00107770002771917
"PDCD4",-0.0176079705463832,0.000768970638353303,0.00106290275550822
"MAN1A2",-0.0176136883009895,0.000765932572976621,0.001059375325179
"PRR14L",-0.0176999775853759,0.000721416111542738,0.000999707193146762
"TXNRD2",-0.0177207541063718,0.000711062709866073,0.000985777777163779
"NSD1",-0.0177385157768766,0.000702321311281411,0.000974072281111129
"ANTXR2",-0.0177494391829149,0.000696995062295885,0.000966890243431041
"USP38",-0.0177631762828216,0.000690350143221033,0.000958078802033351
"AKAP8",-0.0177855973348084,0.000679630958947464,0.000943803570432991
"NCF4",-0.0178328293674418,0.00065755433334238,0.000913339755978857
"ARRDC1",-0.0178373537777481,0.000655474962414559,0.000910644986031957
"PIK3CG",-0.01784277925211,0.00065298953480859,0.000907384820101713
"FIG4",-0.0178579432022247,0.000646089280117705,0.00089798718397312
"L3MBTL3",-0.0178764202755534,0.000637773075700064,0.000886805693093793
"TLR5",-0.0179287798527339,0.000614744657870222,0.000855877464470935
"RABGAP1L",-0.018017440570418,0.000577506581048756,0.000805061412984386
"RNF139",-0.0180528084789132,0.000563246557926338,0.000785517490555119
"TOPBP1",-0.0180701259418775,0.000556384538196887,0.000776113102353584
"PHF3",-0.0180737267377472,0.000554967541485432,0.000774301704274808
"MTPN",-0.0180910094115945,0.000548213071112337,0.000765040994435957
"ERLIN1",-0.018102708999983,0.000543684152227831,0.000759044840330037
"CHD2",-0.0181233723981447,0.000535770372999858,0.000748156065500443
"INO80D",-0.018162551063873,0.000521059379203218,0.000727768900070634
"AC103591.3",-0.0181677163532601,0.000519148225033694,0.000725254507536387
"CPNE3",-0.018199539129065,0.000507517188560707,0.000709308973666075
"UBA6",-0.0182327574808001,0.00049563552686849,0.000692999374393967
"SF3B2",-0.0182583481111409,0.000486659598359118,0.00068088603767856
"MON2",-0.0182664710349111,0.000483842325443688,0.000677234237583137
"EWSR1",-0.0182743343937869,0.000481129572699935,0.00067372566851835
"ZBTB43",-0.0183028216842164,0.000471420172373398,0.000660695624218066
"BAP1",-0.0183198735968824,0.000465696094889618,0.000652953263647507
"KAT6A",-0.0183986245571394,0.000440091949324166,0.00061799510429335
"DYNC1LI2",-0.0184003724556263,0.000439538856398338,0.000617469927617605
"KDM6B",-0.0184133011831759,0.000435467883604064,0.000611882446379405
"C21orf91",-0.018420689762037,0.000433157215227681,0.000609028359819049
"CHD4",-0.0184365444716175,0.000428237469858528,0.00060224060613789
"PRDM2",-0.0184445705505107,0.000425766899752795,0.000598895006579985
"PPM1B",-0.0184477923152094,0.000424778931503859,0.00059763388297229
"SBF2",-0.0184704052981519,0.000417904568680203,0.000588341961677685
"SCAPER",-0.018494911738641,0.000410571978083961,0.000578392500045882
"FAM53C",-0.0185118656760257,0.000405569692192773,0.000571838397143919
"PUM1",-0.0185240546636562,0.000402008553224486,0.000566939586061624
"SLC43A2",-0.0185281645481569,0.0004008144078412,0.000565499481757825
"ANP32E",-0.0185317613581674,0.0003997720584078,0.000564272391595466
"HNRNPA3",-0.0185886894494217,0.000383607980980788,0.000542159312505922
"NDEL1",-0.0186123007965826,0.000377084731059889,0.000533170409098087
"SECTM1",-0.0186126502714236,0.000376988962853132,0.000533150300483188
"CASP10",-0.0186490143945617,0.000367147262583092,0.00051968149009921
"CAPN7",-0.0186855960851543,0.000357489446962361,0.000506340122235684
"EDEM1",-0.0187403595397064,0.000343474625616122,0.000487123015678569
"ADGRE1",-0.0187758593336989,0.000334666054564014,0.000474836515785487
"FAAP100",-0.0187807537788505,0.000333468308848134,0.000473239809691579
"PTAR1",-0.0188227118761395,0.000323363851506478,0.000458999752746278
"MYCL",-0.0188302780677056,0.000321572519060661,0.000456556162783627
"PCIF1",-0.018852142456962,0.00031644808041604,0.000449378268844499
"SKAP2",-0.0189489539882922,0.000294663127054268,0.000419079296210747
"RAD21",-0.0189752390736077,0.000288995521772444,0.000411287052970883
"LIMD2",-0.0190330308244221,0.000276891565988079,0.000394490533543269
"RC3H1",-0.0190607734762206,0.000271251415906627,0.000386876474083231
"KIDINS220",-0.0190998951102892,0.000263480666828305,0.000376450305883623
"FAM76B",-0.0191093663495003,0.000261631024932144,0.000373889320438547
"OAS2",-0.0191097455906173,0.000261557216876862,0.000373865562733039
"UBAP1",-0.0191261623052952,0.000258380838035807,0.000369567691769439
"STAG2",-0.0192954788544932,0.000227664661157133,0.000326276097028789
"DENND6A",-0.0193070965351946,0.000225687976240349,0.000323514139149179
"CMTR1",-0.0193429975409659,0.000219680939726471,0.00031504145293522
"NUMB",-0.0195088379258759,0.000193829564085124,0.000278518173623855
"PRKD3",-0.019560890272921,0.000186324030402453,0.000267909942989055
"YWHAZ",-0.0196592158381446,0.00017288588810631,0.000248916083778695
"NORAD",-0.0197108765378683,0.000166196046459431,0.00023949520646942
"RGL2",-0.0197657465723106,0.000159357720043253,0.000229742177208995
"SUCO",-0.0198552082622128,0.000148773130334175,0.000214861658079266
"KCTD12",-0.0200029344822933,0.000132730944633573,0.000192075014611399
"DICER1",-0.0200258747287181,0.000130391042438837,0.000188736228498475
"KSR1",-0.0200542851706466,0.000127547048106769,0.000184736951821456
"CD300LB",-0.0200554305256148,0.000127433628764115,0.000184613575196052
"E2F3",-0.0200665348709137,0.000126338932646118,0.000183068249477021
"TRANK1",-0.0200984642673447,0.000123240421495466,0.000178776542209309
"UBR5",-0.0201168744609834,0.000121486555020256,0.000176388873356081
"NAPRT",-0.0201206046333213,0.00012113407505031,0.000175916166743431
"HIST1H1C",-0.0201248636843791,0.00012073279802839,0.000175411340779914
"ATXN7",-0.0202019197691546,0.000113685708700607,0.000165356432365866
"RESF1",-0.0202377024068552,0.000110546837548304,0.000160969983049179
"SAMD9L",-0.0202701080965004,0.00010777490481767,0.000156968662886596
"IRAK4",-0.0203665631711183,9.99072879893358e-05,0.000145704628345813
"PIKFYVE",-0.0203726042027319,9.94330292781616e-05,0.000145045324725707
"LENG8",-0.0203969322612726,9.75445520624076e-05,0.000142354080666076
"KCNQ1",-0.0204113906337639,9.64383100167871e-05,0.000140771080796998
"IL6R",-0.0204191324946511,9.58508432763924e-05,0.000139944799763522
"STAT1",-0.0204897615531255,9.06452079248135e-05,0.000132462755791782
"MIA2",-0.0204929659089807,9.04154858355961e-05,0.000132156594319948
"RSAD2",-0.0205163980412316,8.87522602183576e-05,0.000129783555649211
"LNPEP",-0.0205223433271035,8.83348809572223e-05,0.000129202114473897
"NPEPL1",-0.020551196822517,8.63354707526582e-05,0.000126362504540157
"TP53BP2",-0.0205598960077414,8.57410976642517e-05,0.000125520666486538
"RANBP6",-0.0205608734905008,8.56745531691571e-05,0.000125451338996629
"CDK19",-0.0206508492773522,7.97539337306153e-05,0.000116939048829505
"FAS",-0.0206620893629236,7.90420930057746e-05,0.000115921310917845
"MAP3K11",-0.0206763279524423,7.81489768285771e-05,0.000114637202267273
"BAG4",-0.0207210267840501,7.54068235567284e-05,0.000110664379890884
"FCHSD2",-0.0207473418224298,7.38352817760085e-05,0.000108382369162897
"OTULINL",-0.020800366509428,7.07622372591548e-05,0.000103918128301966
"C16orf54",-0.0208103646156037,7.01965236329196e-05,0.000103110508090773
"RCOR3",-0.0208280960917352,6.92037473718436e-05,0.000101675078722947
"PLEKHM1",-0.0208287142076608,6.91693801384755e-05,0.000101663449070649
"INPP5K",-0.0209163814137596,6.44553058259713e-05,9.48051269944208e-05
"WASHC4",-0.0209545865729951,6.24975274058077e-05,9.19461823085443e-05
"ANKRD50",-0.0209590836867353,6.22708171002913e-05,9.16538951377093e-05
"MYADM",-0.020969388629773,6.17542525947023e-05,9.0934527807244e-05
"AC004687.1",-0.0209696172323632,6.17428393681147e-05,9.0934527807244e-05
"SCPEP1",-0.0210556638964774,5.75858376575574e-05,8.49686767332679e-05
"GPSM3",-0.0210880301622099,5.60919258723509e-05,8.28766127352385e-05
"PPP6R2",-0.0211155068618659,5.48525829671757e-05,8.10821133708783e-05
"TMF1",-0.0211216193891304,5.45804256831178e-05,8.06980604062018e-05
"CTBS",-0.0211567401415199,5.30413169004024e-05,7.84579479400071e-05
"NFIA",-0.0211805208580431,5.20226148220458e-05,7.69685122666973e-05
"NUP58",-0.0212251217818752,5.01618254069989e-05,7.42490410937195e-05
"DGAT1",-0.0212258705091458,5.01311330005205e-05,7.42204138490495e-05
"WAC",-0.0212339449554629,4.98012681214764e-05,7.37487408784174e-05
"DOCK5",-0.0212876118503216,4.76605418931936e-05,7.064262591197e-05
"CCNK",-0.0213267121383542,4.61561185375749e-05,6.84437974594386e-05
"DTX3L",-0.0213493269554516,4.53066606556938e-05,6.72299018081993e-05
"UBN1",-0.0213547254212238,4.51060867434793e-05,6.69474676796522e-05
"WASHC1",-0.0213594326502045,4.49318824914894e-05,6.67040526179287e-05
"CXCR4",-0.021360664853271,4.48863868346992e-05,6.66516459516837e-05
"FAM117B",-0.0213632686671301,4.47903919432486e-05,6.65242122955383e-05
"HECTD4",-0.0213953066666948,4.36250700905452e-05,6.48228882390874e-05
"SIN3B",-0.0214447047816811,4.18844990035055e-05,6.22648600465937e-05
"RLIM",-0.0214840143517065,4.05466928674887e-05,6.03309690413384e-05
"C5AR2",-0.0214878631479399,4.04179102965429e-05,6.01530383607551e-05
"UBR3",-0.021495334804031,4.01690124133031e-05,5.98098390248634e-05
"NSD3",-0.0215621075129433,3.80083317501305e-05,5.66313748820312e-05
"KDM1B",-0.0216005403834712,3.68152021487548e-05,5.48911725538333e-05
"LCOR",-0.0216276066353564,3.59963760933555e-05,5.37070531488723e-05
"COG3",-0.0216446101139185,3.54908514612658e-05,5.30132937751327e-05
"PXK",-0.021670587516415,3.47315236417333e-05,5.19110992693567e-05
"VPS9D1",-0.0217409641677541,3.27511460004865e-05,4.89881017046855e-05
"UBA7",-0.0217614742605481,3.21944930941233e-05,4.81885521633192e-05
"ARL5B",-0.0218577755473281,2.96988800093033e-05,4.45346966745011e-05
"ACTB",-0.0218727544292084,2.9327632136486e-05,4.39880841725959e-05
"MFN2",-0.021879165392102,2.91700896841902e-05,4.37718720117593e-05
"PNPLA8",-0.021977641403154,2.68489548334296e-05,4.03722324519233e-05
"IGKC",-0.0220026872116299,2.62872546077218e-05,3.95549069333223e-05
"EIF2AK2",-0.0220221185467551,2.58591868114255e-05,3.89197429496087e-05
"MAN2C1",-0.0220224663187673,2.58515862031355e-05,3.89172623983652e-05
"MYO5A",-0.0221490156423194,2.32224859622732e-05,3.50400676716691e-05
"NT5C2",-0.0221548017158288,2.31085788264475e-05,3.48762438521039e-05
"BCL2A1",-0.0221924523753757,2.23802559159935e-05,3.37848333361268e-05
"UBC",-0.022260020949874,2.11276473587331e-05,3.19307809596387e-05
"HECA",-0.0222654199014923,2.10304929418758e-05,3.17986500587383e-05
"DGCR2",-0.022274089002867,2.08753812100037e-05,3.15714185405977e-05
"CUL1",-0.0222980678253053,2.04519931970032e-05,3.09454134510546e-05
"RPL13A",-0.0223244007468843,1.99964621916244e-05,3.02841949985731e-05
"RAB11FIP4",-0.022337576619394,1.97721764203202e-05,2.99583984788073e-05
"ITCH",-0.0224295010201255,1.8272763880994e-05,2.77250708410162e-05
"TMEM144",-0.0224599366982714,1.78006499526649e-05,2.70275544334703e-05
"STK11",-0.0225199263751982,1.69039100379615e-05,2.56838865508232e-05
"SFXN5",-0.0225351062152133,1.66839185051372e-05,2.53555228234744e-05
"SLC12A6",-0.0226354642128928,1.52966951241872e-05,2.3279746909203e-05
"WWC3",-0.022669153638943,1.48561918174348e-05,2.26251530636824e-05
"IQGAP2",-0.022787746310942,1.33998105509724e-05,2.04404949561963e-05
"JMJD6",-0.022795606053766,1.33082632524449e-05,2.03055834642905e-05
"MAN2A1",-0.0228113896415017,1.31262209496265e-05,2.00325005995934e-05
"STXBP5",-0.0228304557040548,1.29094870299777e-05,1.97109355913111e-05
"PCMTD2",-0.0228490484699496,1.27014243620278e-05,1.93977838072734e-05
"CTDP1",-0.0228508655166325,1.26812631776281e-05,1.93715183774141e-05
"SRPK2",-0.0228655595454118,1.25193425826852e-05,1.91331140265535e-05
"NECAP1",-0.0229191212102905,1.19456624901985e-05,1.82691792657118e-05
"SREK1",-0.0230128460320918,1.10016658667198e-05,1.68491195681926e-05
"IL1RAP",-0.0230757956071448,1.04080868945648e-05,1.59624846626003e-05
"SP110",-0.0230850019005259,1.0323883077812e-05,1.58407762409611e-05
"CRYBG3",-0.0230863358850594,1.03117361057863e-05,1.5825852267519e-05
"ZMYM2",-0.0231836143522992,9.46180483877187e-06,1.45453280122009e-05
"ERCC5",-0.023195066181541,9.36626965659665e-06,1.4405239006076e-05
"GPR132",-0.0231987976013542,9.33534039431472e-06,1.43644282179406e-05
"PARP9",-0.0232161337525305,9.19291852459336e-06,1.41519428570265e-05
"SMU1",-0.0232192866231968,9.16724081334595e-06,1.41157372674649e-05
"ANO10",-0.023239693351912,9.00269333935673e-06,1.38656322856806e-05
"MSN",-0.0232550332576684,8.88086366371941e-06,1.36844418179113e-05
"CDK5RAP3",-0.0233069186072114,8.48035883605497e-06,1.30858121477761e-05
"HBEGF",-0.0233448749986776,8.19836761574216e-06,1.26566534762036e-05
"RNF44",-0.0233559959797173,8.11745848308853e-06,1.25376667995353e-05
"AP3B1",-0.023370942746568,8.00991693921201e-06,1.23774136016469e-05
"ITPR2",-0.0234084824942345,7.74579244715698e-06,1.19749328492581e-05
"LRMP",-0.0234093985498034,7.73945246390089e-06,1.1967961260403e-05
"ZMYM4",-0.0234194199617291,7.67041790849145e-06,1.18640152083551e-05
"BIN3",-0.023660770346311,6.17507724761871e-06,9.58287563373633e-06
"PARP14",-0.0236642348277312,6.15579372273309e-06,9.55748738048657e-06
"PSMA3-AS1",-0.0236731641852685,6.10635763715263e-06,9.4874919752148e-06
"VPS54",-0.0237099232307452,5.90681870317593e-06,9.18619902030547e-06
"GABBR1",-0.0237305853346566,5.79741425079438e-06,9.02034611415841e-06
"VAV3",-0.0237337331415453,5.78091801895308e-06,8.99896238283697e-06
"KLHL8",-0.0237389802807381,5.7535199507377e-06,8.95844568657372e-06
"ARID1A",-0.0237572908956475,5.65888091722309e-06,8.81528792871207e-06
"INTS1",-0.0238242399281574,5.32537786086726e-06,8.3036776661937e-06
"PPM1A",-0.0239131929559929,4.91127348882513e-06,7.67628641404225e-06
"AZI2",-0.0239191961389065,4.88446686877606e-06,7.63981262917686e-06
"ZNF407",-0.0239264505363602,4.85226003057384e-06,7.59293124899966e-06
"NUP50",-0.0239669001339395,4.67637445926424e-06,7.32314639872326e-06
"SLC16A5",-0.0239754139922049,4.64013999249259e-06,7.26814453064604e-06
"SH3BP2",-0.0239890217547669,4.58278399435868e-06,7.18002438416417e-06
"RIC1",-0.0240018472478699,4.52934737212244e-06,7.10140842180732e-06
"CMPK2",-0.0240388624330945,4.37845235901041e-06,6.87306639212727e-06
"IL10RA",-0.0240410231323057,4.36979454828967e-06,6.86112314042216e-06
"LILRA1",-0.0240870388751427,4.18925919616561e-06,6.5839847655122e-06
"CYFIP2",-0.024098824185219,4.14418405262039e-06,6.51627593459165e-06
"TLN1",-0.0241913825685181,3.80598412677706e-06,5.99314167169277e-06
"STAT6",-0.0242997809880752,3.44350871735827e-06,5.42759401978986e-06
"PRRC2B",-0.0243025116599619,3.43481948202204e-06,5.41520370712806e-06
"MIB1",-0.024312963561716,3.40175446615584e-06,5.36566241247934e-06
"PLXDC2",-0.0243393143860986,3.31974182064379e-06,5.23882983909465e-06
"ASAP1",-0.0243393403428852,3.31966197708018e-06,5.23882983909465e-06
"CNOT1",-0.0243431314443559,3.3080202333291e-06,5.22285348599509e-06
"NDST2",-0.0243468856147002,3.29653048635305e-06,5.20597012554981e-06
"OGFR",-0.0244422994178438,3.01703609453431e-06,4.76804012232664e-06
"SUPT6H",-0.0244439024428903,3.01254040431325e-06,4.76208635478724e-06
"ARNTL",-0.0244986656686424,2.86275915513468e-06,4.52860376391738e-06
"WASHC2C",-0.0245646710655037,2.69171492505842e-06,4.26009009441586e-06
"ZC3H7A",-0.0246539249142517,2.475958569919e-06,3.92336818471411e-06
"ARAF",-0.0246660095342153,2.44805439432658e-06,3.88009203154113e-06
"CUL3",-0.0247002074367245,2.37071558134421e-06,3.75933506447453e-06
"ARID3A",-0.0247090699428478,2.35105893938055e-06,3.72906922505339e-06
"ACSS2",-0.0247489840809727,2.26445393807404e-06,3.59519180357651e-06
"CWC25",-0.0247535760097743,2.25468921561688e-06,3.58055819570152e-06
"SUPT5H",-0.0247783853356347,2.2026276624557e-06,3.50043258559439e-06
"PARP4",-0.0247808647799178,2.19748854582724e-06,3.4931145423337e-06
"CEP192",-0.0248170451510431,2.12379526664585e-06,3.37843636334078e-06
"CDC14A",-0.0248311809391772,2.09565282456368e-06,3.33447996276402e-06
"TRIM8",-0.0248816397842913,1.99808834813647e-06,3.18311442985289e-06
"ZFX",-0.0248932211377781,1.97631896697822e-06,3.1492014150874e-06
"CCDC159",-0.0249714106850839,1.83519759681864e-06,2.92932663281256e-06
"PSD4",-0.0250287388386331,1.73793440283298e-06,2.77610924156415e-06
"KMT2D",-0.0250369692723227,1.72438392497345e-06,2.7551373659522e-06
"USF3",-0.0250652250422593,1.6786323671716e-06,2.68334924610463e-06
"PCGF3",-0.0251082597592159,1.61118511909077e-06,2.57742312420246e-06
"MIER1",-0.0251162562085691,1.59894285270545e-06,2.55846509324235e-06
"SMG1",-0.0251378438573727,1.56633785568767e-06,2.50690744197944e-06
"EIF4G3",-0.0252940031208586,1.34880434794518e-06,2.16139284972196e-06
"RICTOR",-0.0253091707201614,1.32929638457621e-06,2.13117698929849e-06
"CDC42SE2",-0.0253146263137034,1.3223461991029e-06,2.12055419419544e-06
"PIK3AP1",-0.0253616452780846,1.26387743286203e-06,2.02778666406183e-06
"IL4R",-0.0254010244994598,1.2168298368864e-06,1.95278190318195e-06
"NPEPPS",-0.0254234732877667,1.1907683857002e-06,1.91189678430941e-06
"ADAP1",-0.0254327741954933,1.18012876599551e-06,1.89574493171466e-06
"PAN3",-0.0254510577121149,1.15947963816251e-06,1.86349013626019e-06
"POLE4",-0.0254579557688161,1.15177975973615e-06,1.85157021616793e-06
"AP1G1",-0.0255070470836233,1.09838583036645e-06,1.7687799406246e-06
"SAP25",-0.02554137615759,1.06247184251368e-06,1.71136755515014e-06
"IRF1",-0.0255507728330122,1.05284004911581e-06,1.69627112891059e-06
"OSBPL9",-0.0256947168482937,9.15392797461594e-07,1.4781027685364e-06
"GRK3",-0.0257168372869568,8.95865614063196e-07,1.44692919583626e-06
"SIRPB2",-0.0257378184880336,8.77715157540235e-07,1.41831480474495e-06
"TNK2",-0.0257427668436179,8.73486315567522e-07,1.41183029201e-06
"CYTH1",-0.0257647546207223,8.54931764952403e-07,1.38286587809471e-06
"SPAST",-0.0258343654357838,7.98659627308223e-07,1.29312447829152e-06
"PPP2R5C",-0.0258657043271037,7.74506593818296e-07,1.25463927412885e-06
"FRYL",-0.0258721632078607,7.69616903337889e-07,1.24733646852333e-06
"DOK3",-0.0259484051666553,7.14099080537677e-07,1.16023354586365e-06
"FAM91A1",-0.0259769274007917,6.9433843143377e-07,1.12924991659552e-06
"DNAJC5",-0.0259859864948905,6.88173157201554e-07,1.11950139382527e-06
"TOP2B",-0.0260644997748147,6.36904526404158e-07,1.03764809210824e-06
"UBA3",-0.0262020778795353,5.55812198686373e-07,9.06435558745699e-07
"CRIP1",-0.0262560838439735,5.2678194005359e-07,8.59520919408628e-07
"EPC1",-0.0263981291330634,4.57236781905516e-07,7.48101621646212e-07
"TAPBP",-0.0264062992995823,4.535184515628e-07,7.42203663658971e-07
"MDM2",-0.026412103882787,4.50894463715143e-07,7.38094142155634e-07
"STK10",-0.0264375341970367,4.39570191689208e-07,7.19917312941895e-07
"EML3",-0.0265815200408735,3.80447528004884e-07,6.24338839883517e-07
"TMEM167B",-0.0266598156057023,3.5159948757194e-07,5.78012936823069e-07
"RELCH",-0.0266615708049907,3.50977622527409e-07,5.7713573845176e-07
"VENTX",-0.026694945018804,3.39353214740735e-07,5.58442315120797e-07
"MKNK2",-0.0267381668278271,3.24850084307416e-07,5.35654439142972e-07
"FRAT2",-0.0268213385041584,2.98607109467447e-07,4.93127881206913e-07
"FOXN2",-0.0269327874759047,2.66632306132033e-07,4.41103749365191e-07
"IPMK",-0.026951455546749,2.61610417738112e-07,4.32905317937681e-07
"ZZEF1",-0.0270056102892114,2.47553796575199e-07,4.09956109931269e-07
"S100Z",-0.0271524510650523,2.13012874418755e-07,3.53471617499954e-07
"IFNGR2",-0.0271689422355178,2.09438047818956e-07,3.47716088532335e-07
"SLMAP",-0.027184337942501,2.06153061665572e-07,3.42349178859413e-07
"ABHD5",-0.0272622400135522,1.90279947209809e-07,3.16391224531467e-07
"UNKL",-0.0273014810665544,1.82738352633418e-07,3.04005941352999e-07
"MOB3A",-0.0273497823146124,1.73851608662708e-07,2.89295448571337e-07
"TLE4",-0.0273652279953708,1.71099058180565e-07,2.84932664896723e-07
"PPP3R1",-0.027371412169038,1.70008839513982e-07,2.83189246558577e-07
"FLT3",-0.0273904335793784,1.66697457099724e-07,2.77814931052255e-07
"MICAL2",-0.0274212722068017,1.61460943299437e-07,2.69362502498525e-07
"FAM217B",-0.02742370151606,1.6105526464493e-07,2.68754293070074e-07
"SPEN",-0.0274700729079379,1.53497881937369e-07,2.56536081826819e-07
"EEF1D",-0.0275103119156517,1.47218806794919e-07,2.46293899392318e-07
"RABGEF1",-0.0275862630987351,1.36037220323099e-07,2.27875382001333e-07
"FAM193B",-0.0276381266761398,1.28878655689258e-07,2.16164353744578e-07
"ZNF207",-0.0276442974987927,1.28051577061771e-07,2.14832232699477e-07
"CHSY1",-0.0276570113855096,1.26363685293032e-07,2.12109313079806e-07
"AC018755.4",-0.0276800816865083,1.23355683647682e-07,2.07166570688041e-07
"CREBRF",-0.0276936481905239,1.21619297763336e-07,2.04407961125114e-07
"AQP9",-0.0276964007271505,1.2126989594073e-07,2.03909650855382e-07
"ING1",-0.0277225700999682,1.17996152572804e-07,1.98522605641016e-07
"MLLT1",-0.0277494994084081,1.1471667073889e-07,1.93203913779202e-07
"RAB24",-0.0277619429982712,1.13231236532076e-07,1.90800470218224e-07
"ZBTB16",-0.02779969509372,1.08837646111195e-07,1.83491627198297e-07
"GRIPAP1",-0.0279243049599809,9.5475733896282e-08,1.6121393290648e-07
"YTHDF3",-0.0279471545550109,9.32042837032863e-08,1.57459846731805e-07
"AC012368.1",-0.0279963995947963,8.84853708436937e-08,1.49797347119645e-07
"TBC1D14",-0.028007322883066,8.74704349341454e-08,1.48155881761514e-07
"NEAT1",-0.0280258674062835,8.57731278874077e-08,1.45318660307818e-07
"PRKCD",-0.0280527958655118,8.33651236313245e-08,1.41275577579471e-07
"UNC13D",-0.0280551546625273,8.31573406623371e-08,1.40959993064651e-07
"GAK",-0.0281156050139533,7.800023983747e-08,1.32424193211472e-07
"HNRNPD",-0.02812957798845,7.68530184469045e-08,1.30510398598925e-07
"PTBP2",-0.028184185149085,7.25243213001215e-08,1.23287574794642e-07
"ZNF281",-0.0282166907863197,7.00607425171399e-08,1.1918912903611e-07
"ELL",-0.0282590784793086,6.69697125252374e-08,1.1399322585004e-07
"SBNO2",-0.0282877980167148,6.49509218357802e-08,1.10614516009985e-07
"ZNF316",-0.02842217623708,5.62623620615335e-08,9.60175732598031e-08
"EDEM3",-0.0284531693149194,5.44244393863874e-08,9.30509897249479e-08
"ANKHD1",-0.0285227582140379,5.05072448653435e-08,8.64214516957905e-08
"RNPC3",-0.0286600065226425,4.35665786348992e-08,7.47803337135655e-08
"EXOC3",-0.0287160364737458,4.10072731821131e-08,7.05355306668391e-08
"ARFGEF1",-0.0287976994205847,3.75364319282924e-08,6.46334453376812e-08
"OLIG1",-0.0288988925598803,3.36292128349821e-08,5.80126104261512e-08
"PFKFB4",-0.0289782722707988,3.08432296765717e-08,5.33191527301496e-08
"ZFC3H1",-0.02906538041178,2.80436420355273e-08,4.85436408864912e-08
"TOP3A",-0.029094508293345,2.71637387281375e-08,4.70579024389408e-08
"KDM2A",-0.0291917547097755,2.44158622033262e-08,4.23873890295663e-08
"ARHGEF40",-0.0292362516752515,2.32503701914096e-08,4.03962052382238e-08
"CWF19L1",-0.0292416088754499,2.31137472443779e-08,4.01695054449077e-08
"VMP1",-0.0292477553470181,2.29579555394773e-08,3.99093627538161e-08
"ADAM8",-0.0292482652877931,2.29450761968495e-08,3.98975819614368e-08
"KLF7",-0.0292809037582223,2.2135170032662e-08,3.85200270624285e-08
"ENTPD4",-0.0293162559255078,2.12892342953162e-08,3.70676468236425e-08
"FAM8A1",-0.0294115432020768,1.91624264324411e-08,3.34090517374133e-08
"C1RL",-0.0295667565901827,1.61322019145845e-08,2.81635076415364e-08
"TAGAP",-0.0296981380797785,1.39355461473558e-08,2.43806798799605e-08
"YWHAB",-0.0297183673971486,1.36242374969091e-08,2.38807680307752e-08
"CASP8",-0.0297563711377336,1.30575651943747e-08,2.29059193026086e-08
"CEP85L",-0.0297891880571889,1.25867124830393e-08,2.21111273630073e-08
"VIM-AS1",-0.0297899738759907,1.25756423841537e-08,2.2102029545053e-08
"STAT3",-0.0298079368283367,1.23251562472136e-08,2.16734458161061e-08
"LRRFIP2",-0.029816660478574,1.22052639124447e-08,2.14683926444885e-08
"CSAD",-0.029824168993613,1.21029796598534e-08,2.12942091001403e-08
"ZSWIM6",-0.0298495726003808,1.17630592891183e-08,2.07128687401712e-08
"MSL2",-0.029930205157326,1.07444604952794e-08,1.89396825877963e-08
"AP1S2",-0.029948224626374,1.0528833689336e-08,1.85746126985642e-08
"EAF1",-0.029987570244157,1.00725273162818e-08,1.77840085319607e-08
"SGMS2",-0.0299881249897057,1.00662331826043e-08,1.7777696528327e-08
"YPEL3",-0.0300083374132532,9.83949239872909e-09,1.73819511761391e-08
"CLEC4A",-0.0300336020913238,9.5630484086257e-09,1.69027333051081e-08
"CENPC",-0.0300830605254099,9.04356532016329e-09,1.5997518956501e-08
"ARHGEF6",-0.0301859378074079,8.04938417423451e-09,1.42697596884884e-08
"CCNG2",-0.0302541858538863,7.44937454825988e-09,1.32132422128386e-08
"ARHGAP19",-0.030288804555013,7.16187877840629e-09,1.2717100340364e-08
"UBR4",-0.0302986123308229,7.08240963730137e-09,1.25794061963261e-08
"PTPN2",-0.0302997714910134,7.07307420393789e-09,1.25662388981918e-08
"BIRC6",-0.0303467726861491,6.70446111280885e-09,1.193080205649e-08
"FAM13A-AS1",-0.0303552565865668,6.63994583497842e-09,1.18192120525698e-08
"HCLS1",-0.0303554015109274,6.63884902904081e-09,1.18192120525698e-08
"EIF4EBP2",-0.0303868214463814,6.40517283693284e-09,1.14137421662216e-08
"PLAC8",-0.0304149615981998,6.20269425245879e-09,1.1058962373214e-08
"RBM33",-0.0305646320196366,5.22606912526846e-09,9.3457439663581e-09
"NCOA1",-0.0306333657596274,4.82935867650304e-09,8.64340186886857e-09
"GLIPR2",-0.0307132820095439,4.40487603688767e-09,7.89664917169497e-09
"MLKL",-0.0307191395227306,4.37523328269104e-09,7.84781212681318e-09
"ELF2",-0.0307298814504754,4.32137590611915e-09,7.75333580521598e-09
"DAPP1",-0.0307826107229295,4.06622311873554e-09,7.30155637195632e-09
"BTAF1",-0.0307985603616483,3.99197554222261e-09,7.17217260100341e-09
"DMXL1",-0.03082088446615,3.89026591599296e-09,6.99327977969809e-09
"BRWD3",-0.0308635207391691,3.70297532593492e-09,6.66026208554677e-09
"STK26",-0.0308736166422002,3.65992861432206e-09,6.58464867375829e-09
"ZFP36L1",-0.0308747470585729,3.65513919927252e-09,6.57784202720719e-09
"SMCR8",-0.0308975115002992,3.55997780798645e-09,6.40835212241614e-09
"PLSCR1",-0.0311070039695622,2.7902244612811e-09,5.03796949126094e-09
"DSC2",-0.0311102015758817,2.7798339688761e-09,5.02059516257236e-09
"UIMC1",-0.0311315505316231,2.71142064037375e-09,4.90109708232336e-09
"HK3",-0.0311696774171236,2.59329836439492e-09,4.69147335539954e-09
"CBX4",-0.0311829137624373,2.55347434702163e-09,4.62326648596716e-09
"ATP2B4",-0.0312725486120223,2.29903893429874e-09,4.17067606893596e-09
"THEMIS2",-0.0313803658517599,2.0255786908175e-09,3.67969810518611e-09
"WWP2",-0.0313866551104051,2.0106451193573e-09,3.65358471105004e-09
"RBM5",-0.0315724151822159,1.61487420595096e-09,2.94588380538711e-09
"BOD1L1",-0.0315785834451418,1.6031289420079e-09,2.92527407838337e-09
"CCR2",-0.031578594242943,1.60310845460645e-09,2.92527407838337e-09
"RPL34",-0.0315865050463358,1.58816711522897e-09,2.89959134302346e-09
"SEC16A",-0.0315968765277802,1.56878367863283e-09,2.8650021482965e-09
"TASOR",-0.0317560575968071,1.29867615383517e-09,2.37902625210825e-09
"SASH3",-0.031769796317217,1.27761423908256e-09,2.34241219717381e-09
"MAPK8IP3",-0.0317797378862458,1.26258150859185e-09,2.31679986055951e-09
"SLC22A15",-0.0318649600635986,1.140596640233e-09,2.09531352454154e-09
"KIAA0040",-0.031923115128665,1.06403314268655e-09,1.95521323408787e-09
"USP4",-0.0319737321005405,1.00149096168367e-09,1.84132393348927e-09
"PDS5B",-0.0320105481996818,9.58267838382109e-10,1.76334228183007e-09
"MKRN1",-0.0320311685352398,9.34859447371263e-10,1.72075198955893e-09
"ARMH1",-0.0320401803300656,9.24805152280544e-10,1.7032045311578e-09
"ARID4B",-0.0321076948859157,8.527623776264e-10,1.57229566410643e-09
"ARAP2",-0.0322055246576156,7.57992359980742e-10,1.40111791053268e-09
"FAM111A",-0.0322612119291647,7.08720507084707e-10,1.31115299245043e-09
"PDZD8",-0.0323323543391751,6.5030022696068e-10,1.20375506338305e-09
"ACAP3",-0.0323888356212464,6.07290163586581e-10,1.12445853569217e-09
"RAPGEF2",-0.0324656551320593,5.53220249645959e-10,1.02521371660581e-09
"ZFAND5",-0.0325117017001698,5.23093114686855e-10,9.70207881935506e-10
"GPAT3",-0.032552136131296,4.97962647756803e-10,9.24121428053924e-10
"STX3",-0.0325614730446448,4.92329296226302e-10,9.14186009294963e-10
"MAML3",-0.0326324995043771,4.51465088789052e-10,8.39260378306177e-10
"STX16",-0.0326759105429443,4.28139568881602e-10,7.96578401066567e-10
"SLC36A4",-0.0326825728899186,4.24665500115058e-10,7.90339607102833e-10
"DDX60",-0.0327302359684732,4.00601794970252e-10,7.45767236764096e-10
"SLC19A1",-0.0328050795636161,3.65477319785208e-10,6.81154708311199e-10
"CD36",-0.0328235416741151,3.57286330649219e-10,6.66268690754304e-10
"RUNX1",-0.0329115039040784,3.20657950721809e-10,5.98817961102309e-10
"TMTC2",-0.0329171116795072,3.18451441086502e-10,5.94867291949586e-10
"KAT2B",-0.0330023661050734,2.86676859827859e-10,5.35971778540046e-10
"SLFN12",-0.0330753783853354,2.61943381177165e-10,4.90010250682778e-10
"SELENOO",-0.0331097502863862,2.51033427646085e-10,4.69870183209305e-10
"CSNK1G3",-0.0331665459667713,2.33970982805226e-10,4.38310110481538e-10
"KLHL2",-0.0331824115602035,2.29410651989236e-10,4.29890181342971e-10
"SLC44A2",-0.033214161195439,2.2054389568317e-10,4.13749208027709e-10
"SPIDR",-0.0332282175951409,2.1672609540674e-10,4.0670356250553e-10
"USP34",-0.0332344523572304,2.15053437032986e-10,4.03680554499473e-10
"CPPED1",-0.0332503803483056,2.10837333967199e-10,3.9599382059108e-10
"IQSEC1",-0.0334100360554169,1.72797665296556e-10,3.25201823750399e-10
"DDX17",-0.0334100772972217,1.72788763995242e-10,3.25201823750399e-10
"WAS",-0.0334174915153595,1.71195796929343e-10,3.22465606546829e-10
"ZNF467",-0.0334209723557276,1.70452886236052e-10,3.21158781040722e-10
"RNASE2",-0.0335217963245302,1.50249991077148e-10,2.8350200336577e-10
"AHCTF1",-0.0335919750673289,1.37589233140873e-10,2.59687761626741e-10
"KDM4C",-0.0336248077549507,1.32029951323434e-10,2.49267057970722e-10
"GAPT",-0.0336289603105741,1.31342665849023e-10,2.48041117654798e-10
"ZNF770",-0.0336687851003131,1.24926387986033e-10,2.36196855018128e-10
"CNTRL",-0.0336887227807367,1.21830290118978e-10,2.30409730054347e-10
"GNB2",-0.0337845841411779,1.07960878023925e-10,2.04534401773522e-10
"TET3",-0.0338937858917533,9.40369884672330e-11,1.78828921058397e-10
"MANBA",-0.0339137740830287,9.16858209001957e-11,1.74408465826442e-10
"RILPL2",-0.0339246712208307,9.04283237170498e-11,1.72066466956365e-10
"SPATA13",-0.0339677920660624,8.56156146219938e-11,1.63146280500902e-10
"SNX18",-0.0340682948221314,7.53498551625268e-11,1.43751780873242e-10
"DOCK11",-0.0341125525403342,7.12205534674639e-11,1.35992984395525e-10
"TRIM38",-0.0343448770856491,5.2919537668275e-11,1.01373553259649e-10
"BAZ2A",-0.0343513581349809,5.24814267095572e-11,1.00593247677246e-10
"JAZF1",-0.0343818929949693,5.0464587274508e-11,9.67842392492617e-11
"RPS6KA4",-0.034424040226434,4.7804819870974e-11,9.17639202338308e-11
"REC8",-0.0344895361486837,4.39415004083443e-11,8.44224301115942e-11
"MAN2A2",-0.0344981787942094,4.34550932123708e-11,8.35124630871489e-11
"GABPB1-IT1",-0.0345088603949108,4.28612080802302e-11,8.24195818907485e-11
"AFTPH",-0.0345183283963801,4.23414419066953e-11,8.14440562477122e-11
"SEMA4A",-0.0346776645262969,3.44654269625723e-11,6.64704901124772e-11
"DNAJC13",-0.0348062360135559,2.91723302647882e-11,5.63785679193571e-11
"ETS2",-0.034855226139302,2.7372324390363e-11,5.29468215574536e-11
"AMPD2",-0.0348877074358072,2.62393072905964e-11,5.080029347525e-11
"SPOPL",-0.0349655316574961,2.37081182889271e-11,4.59678758520183e-11
"PRKAG2",-0.0349743454299339,2.34369865668277e-11,4.54691448587299e-11
"IFI16",-0.034995536899708,2.27974508090004e-11,4.42546714338611e-11
"MAP3K8",-0.0350122713078248,2.2304525732175e-11,4.33235262141891e-11
"SAP30",-0.0350944627980954,2.00310188285461e-11,3.89654272838543e-11
"AC005632.3",-0.0352390719504518,1.65691489608871e-11,3.23273935858788e-11
"ATP11A",-0.0353119748295853,1.50533861746892e-11,2.94051505258792e-11
"RB1CC1",-0.0354129286022103,1.31764818788306e-11,2.58004907229094e-11
"EPS15",-0.0354555523298262,1.24547012738765e-11,2.44237663253163e-11
"EGR3",-0.0355342163020688,1.12229112398602e-11,2.20478947374416e-11
"KDM5A",-0.0356457586023914,9.67851820761637e-12,1.90482095248031e-11
"RBL2",-0.0356813354047411,9.23124754877647e-12,1.81843616974693e-11
"TMX4",-0.0357708009961206,8.19406710193377e-12,1.61802508947276e-11
"SIRPB1",-0.0357864930588917,8.02431370772819e-12,1.58594205021544e-11
"INPPL1",-0.0357929985207068,7.9549537401631e-12,1.57270902791613e-11
"TES",-0.0357966249712494,7.91654459064564e-12,1.56558888486513e-11
"RELT",-0.0358648220204659,7.22717295937998e-12,1.43185626692201e-11
"FFAR2",-0.0359553947768814,6.40187017612471e-12,1.27142853011857e-11
"ARPC5",-0.0360839588523355,5.38686581909770e-12,1.07245215363157e-11
"OTOF",-0.0361649859728816,4.83007126132219e-12,9.62481130951675e-12
"NLRC5",-0.0362021768885105,4.59378754217889e-12,9.17074288572995e-12
"CHD8",-0.0362144909973437,4.51807880582211e-12,9.02235773746639e-12
"DGKZ",-0.0362778675010456,4.14736623259928e-12,8.29473246519855e-12
"SIPA1",-0.0362783581480183,4.14461593460955e-12,8.29176835387921e-12
"OASL",-0.0363079773233226,3.98185763755207e-12,7.97347174098482e-12
"RASGRP4",-0.036316590994321,3.93571291108947e-12,7.88348376614673e-12
"CYB5R4",-0.0363739333555469,3.6416093653414e-12,7.29661110346371e-12
"TP53INP1",-0.036569202840696,2.79284163296036e-12,5.61488271718783e-12
"ATG2A",-0.0366118986809735,2.6349240235666e-12,5.3006563895626e-12
"ALDH2",-0.036733989773907,2.23011120423573e-12,4.4918259560361e-12
"IGF2R",-0.0367354986692109,2.22551114913684e-12,4.48394203175861e-12
"CDKN1B",-0.0367464704270476,2.19234109465206e-12,4.42119866651301e-12
"ZRANB1",-0.0368018602349231,2.03214888216699e-12,4.10320858295484e-12
"PLEK",-0.0371404362542407,1.27493231131255e-12,2.59188664532384e-12
"ROGDI",-0.0372288401552175,1.12804557120932e-12,2.29827421145732e-12
"ANO6",-0.0372571641539304,1.08459738570205e-12,2.21182086953213e-12
"IL6ST",-0.0372766759905916,1.05562648944181e-12,2.15408426590841e-12
"ANPEP",-0.0372874109518644,1.04001262551717e-12,2.12288559026889e-12
"NBPF10",-0.0373262665732951,9.85369439476986e-13,2.01260399728227e-12
"NRIP1",-0.0373324879394449,9.76885983997732e-13,1.99590017605537e-12
"SPG11",-0.0374020385882033,8.86792441212721e-13,1.81466321773045e-12
"KDM3B",-0.037422950809534,8.61335232750647e-13,1.7636735833773e-12
"OGA",-0.037571397160859,7.00133240252242e-13,1.43945632854376e-12
"PPP2R5A",-0.037613194717464,6.60358706674709e-13,1.35896292862425e-12
"TMEM131L",-0.0376133972057265,6.6017152435455e-13,1.35896292862425e-12
"NOTCH1",-0.0376571943686848,6.2088528487087e-13,1.27974400771934e-12
"SLC9A3R1",-0.0376927391067012,5.90696671554175e-13,1.21944263928677e-12
"CFLAR",-0.0377206357127179,5.68017314665863e-13,1.17336404527185e-12
"NUP214",-0.0377883237819724,5.16481985064168e-13,1.06791879138189e-12
"IMPDH1",-0.0377920188990064,5.1380483111743e-13,1.06271938811951e-12
"ARHGEF1",-0.0378193831204139,4.94398727862816e-13,1.02290470973642e-12
"HOTAIRM1",-0.0379075053310562,4.36667525159033e-13,9.05178275044311e-13
"HELZ2",-0.0379141697364567,4.32581225224946e-13,8.96992087066507e-13
"ELOVL5",-0.0379517576709425,4.10227552947652e-13,8.51450076562461e-13
"CEMIP2",-0.0380521513627844,3.55935496757466e-13,7.40173752481015e-13
"FAM160B1",-0.0380668807137456,3.48588041586022e-13,7.25125235726825e-13
"YTHDC1",-0.0382028968939254,2.87408539970712e-13,5.99004473805712e-13
"GLTP",-0.0383538795917586,2.31806436971952e-13,4.84356179265778e-13
"SETD2",-0.0383891903441533,2.20412557509105e-13,4.6084339654446e-13
"OGT",-0.0383957757016054,2.18349352065581e-13,4.56968010180785e-13
"DYRK1A",-0.0385041039317615,1.8701060417766e-13,3.92260291983812e-13
"MAP3K2",-0.0385168140449309,1.83636746117542e-13,3.85307139318514e-13
"LINC01578",-0.038519642958671,1.82893995708928e-13,3.83871892117165e-13
"PTEN",-0.0385759983378267,1.68697720100579e-13,3.54416996792283e-13
"KLF6",-0.0385872576449108,1.6599405551865e-13,3.48848966564105e-13
"KIAA0513",-0.0385986652555112,1.63298205751024e-13,3.43293784308745e-13
"PTAFR",-0.0386026193050443,1.62373860132667e-13,3.41460372321445e-13
"LPCAT1",-0.0388849956080152,1.08099903663011e-13,2.28428303215504e-13
"CASP1",-0.0389811828147416,9.40487836818688e-14,1.98993834211022e-13
"PHKA2",-0.0393173274359954,5.76612065339069e-14,1.22637920728264e-13
"PLCB1",-0.0393998235828923,5.11056914711018e-14,1.08836811347904e-13
"NOTCH2",-0.0394533627007175,4.72493451097701e-14,1.00689771293245e-13
"WDR26",-0.0394814816717556,4.53400789851766e-14,9.66525713743347e-14
"EXOC6",-0.0395507271626249,4.09558363573936e-14,8.75348996746124e-14
"SNRK",-0.0396792107416444,3.38974301753786e-14,7.26389375570715e-14
"ERBIN",-0.0397381322317677,3.10747326454485e-14,6.66775851775328e-14
"UBR2",-0.0398268899688061,2.72536696589482e-14,5.85362983673467e-14
"SLC2A6",-0.0398664151891305,2.57045547031853e-14,5.52635247120768e-14
"TNIP1",-0.0399311119168158,2.33537667983006e-14,5.02259629366083e-14
"CSF2RB",-0.0400569441534561,1.93711555695925e-14,4.16881550737313e-14
"ENTPD1",-0.0404011572969676,1.15814074152902e-14,2.50642971470267e-14
"DENND1A",-0.0404097396183166,1.14331967626061e-14,2.47599338966276e-14
"LUCAT1",-0.0404208179716715,1.12446380317548e-14,2.43596565446033e-14
"CNPY3",-0.0404334398366313,1.10335353503958e-14,2.39181877058646e-14
"P2RY8",-0.0404392284187201,1.09380294457927e-14,2.37190170867638e-14
"SLC16A6",-0.0404794224549348,1.02969365262295e-14,2.2373336991854e-14
"WLS",-0.0404795674184972,1.02946926453136e-14,2.2373336991854e-14
"CCPG1",-0.0405584956876907,9.14176501216822e-15,1.98964246503182e-14
"PHC2",-0.0405762769411048,8.90011634183386e-15,1.93769432710322e-14
"GBP5",-0.0405812749370469,8.83333243871495e-15,1.92379505277543e-14
"ACSL4",-0.0405952971584427,8.6485871014674e-15,1.8841873531954e-14
"TBC1D10C",-0.0406201842385857,8.33001264215544e-15,1.81659848747206e-14
"FOXO3",-0.0408069876182279,6.28045068606977e-15,1.37651983189823e-14
"CEP350",-0.0408546712970782,5.84243738493027e-15,1.28180723566021e-14
"TLE3",-0.0408551008340939,5.83863170219383e-15,1.28140228495949e-14
"TRPS1",-0.0408610715475787,5.78598340288121e-15,1.27027399221079e-14
"BTG1",-0.0409331540963224,5.1860934468871e-15,1.14010352911055e-14
"FRAT1",-0.0410148204465138,4.58020254470467e-15,1.00894084357409e-14
"ACPP",-0.0411452801019773,3.75383300575924e-15,8.28021598908702e-15
"ATP11B",-0.0412482296238716,3.20699259785512e-15,7.08594714591983e-15
"PNRC1",-0.0413589638325782,2.70623091041987e-15,5.98962007187715e-15
"CERT1",-0.0414001440392257,2.54036219318009e-15,5.62822365944135e-15
"SCAND1",-0.0415468278918926,2.02690812185661e-15,4.50439337209331e-15
"HDAC4",-0.0418622572634333,1.2439930168458e-15,2.78154115736587e-15
"PJA2",-0.0419849862475886,1.02778755333603e-15,2.30283585459594e-15
"ZBTB18",-0.0420067850582293,9.93462632248901e-16,2.22745496901348e-15
"IL15",-0.0420957792811779,8.64668067868112e-16,1.94001366771507e-15
"ALOX5",-0.0421010453278278,8.57585187968723e-16,1.92478268415362e-15
"KDM4B",-0.0421541987553749,7.89218028078015e-16,1.77377362240428e-15
"IGLC2",-0.0424198691562828,5.20230757348623e-16,1.17487692281357e-15
"WDFY3",-0.0424478550407439,4.9781126114542e-16,1.12463373371415e-15
"PFKFB3",-0.0424966361417697,4.60986558883305e-16,1.04360461287363e-15
"SENP7",-0.0425479972884107,4.2511468964131e-16,9.63063007926155e-16
"TMEM131",-0.0426844192594443,3.42654482347567e-16,7.77873265829303e-16
"STAT5B",-0.0427496680689811,3.09002239068745e-16,7.02453629704956e-16
"TRIB1",-0.0427866017932888,2.91420115395762e-16,6.62714683289561e-16
"CITED4",-0.0428951608393451,2.45252597212573e-16,5.59086987648468e-16
"HRH2",-0.0429191091894999,2.36082762591721e-16,5.38746632399536e-16
"PTPN22",-0.0429287788111644,2.32476790198938e-16,5.30702951927604e-16
"CDC40",-0.0429932477249244,2.09784898045546e-16,4.7923608086016e-16
"NUAK2",-0.043155434529726,1.61908597708318e-16,3.71033442627755e-16
"RNF138",-0.0432156050573244,1.47036848631123e-16,3.37307689947468e-16
"SHOC2",-0.0432751005869867,1.33658290096412e-16,3.06832128037338e-16
"RBM39",-0.0434276279746139,1.04599052315772e-16,2.40544707717383e-16
"SIGLEC1",-0.0434556637299408,9.99811785185389e-17,2.3016793843458e-16
"USP7",-0.0435296474042,8.87383437236018e-17,2.0479043108539e-16
"SLC38A10",-0.0435539601095386,8.5323291297837e-17,1.97117907599031e-16
"PLCL2",-0.0437161211601511,6.56374206157502e-17,1.52068552794392e-16
"SRRM2",-0.0437168881442215,6.55558913401542e-17,1.51933504991821e-16
"RNF169",-0.0437424343392015,6.28966956130891e-17,1.45977492338792e-16
"CEACAM4",-0.0439002455343077,4.86748961762945e-17,1.1337245144304e-16
"P2RX1",-0.0439431319854992,4.53925393893527e-17,1.05817739669734e-16
"C4orf48",-0.0439885536752475,4.21541144676286e-17,9.83947163118015e-17
"ITGB2-AS1",-0.0440792160818638,3.63564924185678e-17,8.50138581661646e-17
"TYK2",-0.0440849835651959,3.60155319556857e-17,8.42467076659295e-17
"SYNE1",-0.0440970544273239,3.53121064585344e-17,8.26308346549385e-17
"FAM126B",-0.0442559540052115,2.72235789575685e-17,6.39094288059545e-17
"C5AR1",-0.0442713357011377,2.65453016638532e-17,6.23395051286898e-17
"KLF13",-0.0442754231205975,2.63678827349191e-17,6.19451014448082e-17
"ITPRIP",-0.0442845394366995,2.59763823694117e-17,6.10472997596024e-17
"UBE2D1",-0.0443426365180831,2.36127207795628e-17,5.55723428570129e-17
"AC096667.1",-0.0445818598783524,1.59214029136942e-17,3.76743149655203e-17
"DENND10",-0.0446405632115624,1.4449119199176e-17,3.42152630656329e-17
"RPL28",-0.0448118435297197,1.08787359975616e-17,2.58167607811462e-17
"GRK6",-0.0449317314375248,8.91303485724174e-18,2.11826324597043e-17
"RPS6KA3",-0.0449376106172449,8.82623167150426e-18,2.09839646066527e-17
"MICU1",-0.0449699197689141,8.36388584984474e-18,1.99064745854696e-17
"ADGRE5",-0.0450812852526092,6.94605661965871e-18,1.65500430682685e-17
"DDX58",-0.0451208269388444,6.50202362927002e-18,1.55146826599151e-17
"USP32",-0.0452469504151881,5.26470661489438e-18,1.25990672943556e-17
"MTF1",-0.0452505140433761,5.23335588771408e-18,1.25286271672921e-17
"CMIP",-0.0452635742200078,5.12002730561782e-18,1.22618089831976e-17
"MAST3",-0.0452919161995959,4.88235863850055e-18,1.17097801828748e-17
"SLC40A1",-0.0453623662144496,4.33773787869255e-18,1.04150313077091e-17
"MIS18BP1",-0.0454139652247084,3.97733294205825e-18,9.56022160852091e-18
"RIN3",-0.0455328261886267,3.25577577147857e-18,7.83735714062109e-18
"UHRF1BP1L",-0.0457016222892079,2.44799757464435e-18,5.91901188721331e-18
"DHX57",-0.045818356732854,2.00863905264158e-18,4.86208149802689e-18
"SF1",-0.0458990122584678,1.7515364666982e-18,4.24603093039408e-18
"KBTBD11",-0.0459846549990161,1.51407099509476e-18,3.67992422525262e-18
"NXPE3",-0.0462474049321443,9.66729771713869e-19,2.36722069193456e-18
"HACD4",-0.0464120389644964,7.28898326870683e-19,1.79088209736209e-18
"JAK1",-0.0464233726689959,7.14839602973867e-19,1.75700049783577e-18
"SERPINA1",-0.0464291888408257,7.07729351469273e-19,1.74017845051001e-18
"USF1",-0.0464631031127063,6.67639109002092e-19,1.64222140506233e-18
"CD1D",-0.0464793165923997,6.49273934911788e-19,1.5982503714056e-18
"SVIL",-0.0465028950529304,6.23453509335226e-19,1.53526894313887e-18
"DOCK2",-0.0465734253907034,5.52119818716386e-19,1.36047171341222e-18
"UPP1",-0.0467050725470984,4.39870926346627e-19,1.08769898504321e-18
"NOD2",-0.0468851535510933,3.22002554333326e-19,7.98351422158242e-19
"USP48",-0.0468882806381284,3.20259815391995e-19,7.94331818297748e-19
"HLA-E",-0.0469190595073468,3.03596221035999e-19,7.53573307947365e-19
"MAP3K5",-0.0470293229323875,2.50633634537505e-19,6.22821247664846e-19
"SP100",-0.0470839503992216,2.27887534011239e-19,5.66943948769209e-19
"MX1",-0.047182624268395,1.91852280298266e-19,4.77840079462882e-19
"VPS13B",-0.0472288105317147,1.76980044119475e-19,4.4096628370927e-19
"DUSP6",-0.0472496385579099,1.70651673208326e-19,4.25522745780335e-19
"PIM3",-0.0472924725231314,1.5833145972244e-19,3.9540530315711e-19
"GMIP",-0.0473719979898332,1.37743329359636e-19,3.44780201896363e-19
"MYO15B",-0.0473721582805761,1.37704628790969e-19,3.44780201896363e-19
"RXRA",-0.0473723044052995,1.37669357826083e-19,3.44780201896363e-19
"TTC7A",-0.0474562673187157,1.1881091057695e-19,2.97961539452281e-19
"PPP3CA",-0.0475572532788145,9.94846876894742e-20,2.49973438936888e-19
"PLPPR2",-0.0475612680919019,9.87842514453067e-20,2.48308895020921e-19
"RHOU",-0.0476600346574669,8.3008048798585e-20,2.09261515962711e-19
"PIK3CD",-0.0476960437459693,7.78988288097223e-20,1.96566014186787e-19
"MX2",-0.0477568541455899,6.99669675608614e-20,1.76892511180554e-19
"NIPBL",-0.048070730744362,4.01089189478912e-20,1.01798180155789e-19
"EP300",-0.0481834470783335,3.28157087722689e-20,8.348214161599e-20
"MAPK1",-0.048186351313146,3.26462578848897e-20,8.31157453471219e-20
"XRN1",-0.048266136913179,2.83147961110062e-20,7.22005214406234e-20
"APLP2",-0.0482680017508085,2.82206694680749e-20,7.19885825135675e-20
"INPP5D",-0.0482739427133328,2.79228603941077e-20,7.12566983827776e-20
"RNF144B",-0.0482764201122674,2.77995930204205e-20,7.09698317717724e-20
"RAB31",-0.048314196454686,2.59852656571906e-20,6.64677882890111e-20
"PPM1F",-0.0483464532734693,2.45290508482685e-20,6.27920651707046e-20
"HIST2H2AC",-0.0483499550796488,2.43759029168523e-20,6.24244626989346e-20
"RASSF5",-0.048445923529985,2.05277696375651e-20,5.27142803968582e-20
"NFKBIZ",-0.0485032167411554,1.85235794692325e-20,4.76237367557381e-20
"PREX1",-0.048509849290887,1.83044420522367e-20,4.7078852139073e-20
"MTMR6",-0.0485109553386399,1.82681487684803e-20,4.70039971067786e-20
"CD300E",-0.0485519660957208,1.69715203646289e-20,4.3719385399505e-20
"AKNA",-0.0485749139079254,1.62861353780028e-20,4.19868900242044e-20
"SIPA1L1",-0.0486196967816739,1.50264638430881e-20,3.87852430343902e-20
"CCNY",-0.0486453189929003,1.43495973072369e-20,3.70674307367502e-20
"IRF2BP2",-0.0487419654275645,1.20570883071076e-20,3.12071430529966e-20
"CUX1",-0.0487734674998449,1.13912008910244e-20,2.9507001357178e-20
"RASGRP2",-0.0488564848096184,9.80559516575031e-21,2.54703937996327e-20
"PHIP",-0.048943767363426,8.37368436490542e-21,2.17942469656655e-20
"TNFAIP3",-0.0491727485555778,5.52698276943005e-21,1.44541653386135e-20
"C15orf39",-0.0492325207202128,4.95739614854507e-21,1.29853589820463e-20
"QSOX1",-0.0495043380175352,3.01814637007397e-21,7.95029853648011e-21
"MIR22HG",-0.0495616838526649,2.71721454937363e-21,7.16047913091689e-21
"SYTL1",-0.0495945161520535,2.55849006860941e-21,6.75036645220675e-21
"NXF1",-0.049602217148191,2.52260901401083e-21,6.66107339806251e-21
"SSH2",-0.049634176205876,2.37894692967312e-21,6.29189119182963e-21
"PLEC",-0.0497555876236237,1.90325171457407e-21,5.04192046591785e-21
"TRAF3IP3",-0.0497561236702563,1.90137569595416e-21,5.03899242000335e-21
"ANKRD13D",-0.0498669861675482,1.55021977497192e-21,4.11336724381753e-21
"FBXW7",-0.0498814484162543,1.50942366258132e-21,4.00674458219922e-21
"MSL1",-0.0501285283210587,9.55930146905183e-22,2.54888715353429e-21
"NCOA4",-0.050266643285793,7.3979384989316e-22,1.9830964291109e-21
"RAP1GAP2",-0.0504438666508979,5.31904564205585e-22,1.43405857351592e-21
"MARCH1",-0.0505371118582596,4.46940685359977e-22,1.20747859540642e-21
"GTF2I",-0.0507595808327112,2.94688442420186e-22,7.99781252197252e-22
"ANKRD13A",-0.0508041881824404,2.71018685751532e-22,7.36765142388157e-22
"SAMHD1",-0.0508396415092797,2.53556808647268e-22,6.89581703384293e-22
"AOAH",-0.0510572188949807,1.68319103168985e-22,4.59486553870071e-22
"CAPN2",-0.0511353377039838,1.45232113028153e-22,3.96959680174775e-22
"FMNL1",-0.05119751345904,1.29121615304571e-22,3.53220552661626e-22
"NKG7",-0.0512635679171662,1.13941717384716e-22,3.12217497175723e-22
"RAF1",-0.0513366328318859,9.92022513099014e-23,2.72628969762142e-22
"GNG2",-0.0514226282925486,8.42568420742423e-23,2.32141269903665e-22
"IPCEF1",-0.0514371214508749,8.19675290773212e-23,2.25929049370795e-22
"RELL1",-0.0514856560954021,7.47403058149565e-23,2.06182328868433e-22
"LSP1",-0.0515437411062582,6.69161323215846e-23,1.85066697596667e-22
"PIM1",-0.051591375000286,6.11093728267573e-23,1.69365442789885e-22
"HOOK3",-0.0516484622239293,5.48041846155662e-23,1.52213151663794e-22
"TACC3",-0.0516503326303021,5.46088843126283e-23,1.51735183015709e-22
"CDV3",-0.0519656398050554,2.98612361356667e-23,8.35041753015349e-23
"CELF2",-0.0520138524899346,2.72197227650753e-23,7.61825973621842e-23
"KDM6A",-0.0521140413884901,2.24480155643697e-23,6.28813735046482e-23
"PDE4B",-0.0521755613282836,1.99388728833828e-23,5.59486484598957e-23
"ARRDC3",-0.0522813843049364,1.62559429108231e-23,4.57124106455747e-23
"RBMS1",-0.0523011443188545,1.56470328981108e-23,4.40190624302273e-23
"PTK2B",-0.0523104744908803,1.5367425508632e-23,4.32510667134895e-23
"RARA",-0.052418207580514,1.24761379283515e-23,3.51590473170526e-23
"NBPF14",-0.0525857838094581,9.01388200727303e-24,2.55009781754873e-23
"ANKRD44",-0.0526347492316568,8.19556433958732e-24,2.3205976462634e-23
"BCL3",-0.0528725417656341,5.15599083095187e-24,1.46564643707667e-23
"SLCO3A1",-0.0529029693007772,4.85840566001419e-24,1.38285834589346e-23
"EVI2A",-0.0533144337384525,2.16729734844964e-24,6.20665355416723e-24
"BCL2L11",-0.0533714427723514,1.93702075071044e-24,5.55205684706044e-24
"DDX60L",-0.0533733795756869,1.92963866303946e-24,5.53332349954035e-24
"C11orf21",-0.0535593977827692,1.33638401708518e-24,3.84056206756171e-24
"YPEL5",-0.0536025254938821,1.22705232464407e-24,3.52946242785875e-24
"PELI2",-0.0538482616090843,7.53513562118307e-25,2.17600338742469e-24
"RPL7",-0.0540967035232294,4.59213501058447e-25,1.33318733122563e-24
"OSCAR",-0.0542330588312666,3.49587591202594e-25,1.01944855989409e-24
"MIDN",-0.0542642801769392,3.2839082647708e-25,9.58063018075481e-25
"KIAA1109",-0.0543026539530755,3.04075684917864e-25,8.87917297004464e-25
"TUBA1A",-0.0543446158473572,2.79525696541931e-25,8.17325135953106e-25
"NTNG2",-0.0544629338068322,2.20386552129857e-25,6.46427670625844e-25
"APOBR",-0.0544937481094274,2.07139103786853e-25,6.08116506761761e-25
"KIF13A",-0.0545091746438097,2.0080661046309e-25,5.89790484819263e-25
"PHF20L1",-0.0545615707708923,1.80697117213343e-25,5.31204025333111e-25
"FAM160A2",-0.0546544235341032,1.4984191270327e-25,4.41689100655536e-25
"TNFAIP2",-0.0548615877035642,9.8562555576423e-26,2.9171660858246e-25
"LAMTOR4",-0.0548749381037162,9.59323221730087e-26,2.84060472086563e-25
"TCP11L2",-0.054919238786287,8.76929345793512e-26,2.59780881866696e-25
"ATF7IP",-0.0552200973904888,4.7564048298656e-26,1.41673689192079e-25
"HIST1H1D",-0.0552206354592558,4.75118959905985e-26,1.41582851406806e-25
"BTG2",-0.0552410904704993,4.55707760446832e-26,1.35860343720993e-25
"DENND4A",-0.0552855379580681,4.16196792623644e-26,1.24250896354949e-25
"CYLD",-0.0555226726807514,2.56229643123828e-26,7.67749498965897e-26
"SP3",-0.0555286307434226,2.5311901510681e-26,7.58776763305054e-26
"SIK3",-0.0556019596281245,2.17767105312532e-26,6.53401254948754e-26
"FES",-0.0556264305979239,2.0709558795463e-26,6.22238489911476e-26
"TRIP12",-0.0556459257742592,1.98966366123869e-26,5.98638795084148e-26
"MAP3K3",-0.0557531852898439,1.59583580385726e-26,4.81475518487252e-26
"JUNB",-0.0558501902652639,1.30676568615307e-26,3.94990016461801e-26
"TUBA4A",-0.0558715060865193,1.25056544215707e-26,3.78352469265291e-26
"USP25",-0.0560326370095738,8.96515828075897e-27,2.71991669789337e-26
"EREG",-0.056033213366613,8.95447606079152e-27,2.71793706989113e-26
"PTBP3",-0.0561144523840472,7.56841217522789e-27,2.30150133961116e-26
"DIAPH2",-0.0561638214999773,6.83234612872299e-27,2.07960330491578e-26
"CSRNP1",-0.0562509967549372,5.70181219016955e-27,1.73873358672241e-26
"R3HDM4",-0.0563256557127112,4.88246356487134e-27,1.49096435250485e-26
"TBL1X",-0.0563278742620115,4.85999239691235e-27,1.48479580799126e-26
"IFI44L",-0.0563328774880986,4.8096915926772e-27,1.47011517685477e-26
"XAF1",-0.0563784819691791,4.37435468827356e-27,1.33955648486804e-26
"DCP2",-0.0564097253431614,4.09889542945208e-27,1.25637966796801e-26
"RGS18",-0.0564738310079905,3.58641352959738e-27,1.09981105330712e-26
"LINC01001",-0.0564801065201504,3.53979749036985e-27,1.08602515213693e-26
"KIAA1958",-0.056631889755165,2.57846430715128e-27,7.93317630124944e-27
"HNRNPH1",-0.0567269523833164,2.11341353315408e-27,6.50541322022665e-27
"LRCH4",-0.0568159092567253,1.75398468071383e-27,5.40412433671396e-27
"KIAA0232",-0.0569718257382222,1.26422644945883e-27,3.9025082750528e-27
"MYCBP2",-0.057082975891325,1.00049906857003e-27,3.0971888779881e-27
"SHKBP1",-0.0570997191038757,9.65814769989766e-28,2.99407158188387e-27
"BASP1",-0.0575690158587973,3.57765006199172e-28,1.11756694244156e-27
"PNPLA2",-0.0579006333654758,1.76491526824975e-28,5.54227474727034e-28
"RCSD1",-0.0580538845315131,1.27150291185365e-28,4.00823820525513e-28
"TSC22D3",-0.058093536275006,1.16791377460149e-28,3.68702088766034e-28
"ABCA7",-0.058138452072755,1.06065567103835e-28,3.35165141481332e-28
"CAMKK2",-0.0584776601187211,5.11196092175595e-29,1.6216400051645e-28
"DDX3X",-0.0585845027857493,4.0584986491569e-29,1.29121480137167e-28
"PLCB2",-0.0588462602565787,2.30176636619417e-29,7.34811938582886e-29
"SOS2",-0.0590120861348961,1.60495092546197e-29,5.14119017671259e-29
"TOM1",-0.0591120843437128,1.29067264950111e-29,4.14460598351585e-29
"UBXN11",-0.0594479812863539,6.19063005463704e-30,1.99774626343618e-29
"LILRB3",-0.0594533092751378,6.11869974217725e-30,1.97550908219036e-29
"CCL5",-0.0594943926326073,5.59121141073332e-30,1.80698666353803e-29
"LPAR2",-0.0595822017979943,4.61033115691891e-30,1.49145695714675e-29
"ACAP1",-0.0596511420091161,3.96163290359821e-30,1.28477955970858e-29
"FGR",-0.0598020018976848,2.84115984595338e-30,9.2323573920692e-30
"UTRN",-0.0598028018627496,2.8361494168827e-30,9.220658820278e-30
"QPCT",-0.0598130620243629,2.77265908831359e-30,9.01872891512151e-30
"NFKBIA",-0.0598746730083147,2.42001211280518e-30,7.87950159039852e-30
"ELF1",-0.0601561976443995,1.29746213399915e-30,4.24564936540862e-30
"PLXNC1",-0.0601680482828061,1.26377890621224e-30,4.13957238918619e-30
"FBXO9",-0.060522472872907,5.74098049958786e-31,1.88710560614909e-30
"EPB41",-0.0606730897803489,4.09970856859812e-31,1.35168404546114e-30
"SPECC1",-0.0607119839053033,3.75778795526693e-31,1.24082917431996e-30
"OSBPL8",-0.0607314857291288,3.59715873444872e-31,1.18838927770721e-30
"ARHGAP30",-0.061160004335555,1.37259010987876e-31,4.55764049689556e-31
"SAMSN1",-0.0611819508214948,1.30627008516645e-31,4.34404568505505e-31
"CTDSP1",-0.061227144697838,1.1795549071453e-31,3.92664459415273e-31
"HIPK1",-0.0612918269018978,1.01914862439837e-31,3.39612319384126e-31
"BAZ2B",-0.0613217616047047,9.52437224254981e-32,3.17868023082137e-31
"HNRNPU",-0.0616608086451098,4.41404431813502e-32,1.48223018756891e-31
"FRY",-0.0617061706618385,3.98117423289546e-32,1.33824766759231e-31
"EGR1",-0.0618951440715413,2.58773815628762e-32,8.71645134766021e-32
"ADAR",-0.0619206074325465,2.44155868964966e-32,8.23254807268153e-32
"APOBEC3A",-0.0619983009870258,2.04433078603176e-32,6.90027603462861e-32
"ZNF394",-0.0620900087249021,1.65730134467116e-32,5.61130822965307e-32
"CD300LF",-0.0622152961296694,1.2435407248316e-32,4.23010887562382e-32
"RASSF3",-0.0624442722985813,7.34574256184212e-33,2.51053135751823e-32
"ATP2B1",-0.0624798750304985,6.76725703560708e-33,2.31524471474616e-32
"DENND3",-0.0626219839287451,4.87552771863744e-33,1.67153645644738e-32
"LYN",-0.0626385973304344,4.6919593790544e-33,1.60944545751614e-32
"ZNF516",-0.0627622317328179,3.52516944930035e-33,1.21175383067958e-32
"AHR",-0.0628722954234689,2.73168647391819e-33,9.40978196337044e-33
"VCL",-0.0629084614105372,2.5118720088749e-33,8.66171898418992e-33
"CARS2",-0.0632751929585819,1.06998542715974e-33,3.71906683826175e-33
"BCLAF1",-0.0633533301567198,8.91528688325139e-34,3.10208332318774e-33
"TMEM71",-0.0635694763889175,5.3755714133402e-34,1.88044333335571e-33
"PICALM",-0.0636739677140802,4.20671586737652e-34,1.4763021116966e-33
"ASGR1",-0.063689782684325,4.05332882507501e-34,1.42400128201722e-33
"PTP4A2",-0.0637125553845738,3.84216998790322e-34,1.35054340757587e-33
"STK4",-0.0637212203360246,3.76472666040775e-34,1.32403350757105e-33
"AREG",-0.063747040789204,3.54303109212571e-34,1.246735052762e-33
"SULT1B1",-0.0641136858407254,1.49259893790681e-34,5.28635528495921e-34
"ATP2B1-AS1",-0.0642482502428338,1.0854660833656e-34,3.84857768603269e-34
"TNFSF10",-0.0644300908329743,7.05070727782002e-35,2.50802634289376e-34
"NHSL2",-0.0646922015463466,3.77749946649955e-35,1.35105533435307e-34
"VNN1",-0.064839785033832,2.65532515526e-35,9.51261143292597e-35
"SH3KBP1",-0.06488737674287,2.36961227817599e-35,8.49370892254092e-35
"FBN2",-0.0649869919472692,1.8667044969407e-35,6.70577692362545e-35
"RALGAPA2",-0.0650660285103244,1.54441292945424e-35,5.55410986401089e-35
"SULT1A1",-0.0653417518356084,7.95853091719507e-36,2.87474448268626e-35
"CREBBP",-0.0653784029599761,7.28564146356203e-36,2.6360555555489e-35
"PKN2",-0.0654238462130175,6.5293452254607e-36,2.36372420177531e-35
"S1PR3",-0.0658175706434105,2.51823030001712e-36,9.18760586021869e-36
"CD46",-0.0658653810352149,2.24223933291682e-36,8.19438835025724e-36
"FPR2",-0.0659537899517993,1.8086870995353e-36,6.61734541508774e-36
"PXN",-0.0659772865755982,1.7082089735809e-36,6.25323083385885e-36
"FCAR",-0.0659971983779965,1.6274166617125e-36,5.96415366271094e-36
"ARHGAP9",-0.0661922894201013,1.01157300296965e-36,3.71972119989626e-36
"C19orf38",-0.0662843137625357,8.07941118986937e-37,2.98604807006026e-36
"DGKD",-0.0667168768636407,2.79714236610864e-37,1.04025692773711e-36
"STAT2",-0.0670038581874069,1.378607732697e-37,5.15342330267182e-37
"KMT2C",-0.06732226580815,6.26584023911317e-38,2.35708075278031e-37
"C9orf72",-0.0673800861531755,5.42771809948185e-38,2.04886956896145e-37
"MTMR3",-0.0674656970826182,4.38716227876389e-38,1.65799231089932e-37
"SOCS3",-0.0676193179934785,2.99244825785782e-38,1.13418125854345e-37
"ARHGAP4",-0.0676485587146338,2.78199952555567e-38,1.05625510441829e-37
"ROCK1",-0.0676786127339239,2.58102591446287e-38,9.80519897080665e-38
"TRABD",-0.0679642893268447,1.26336926557465e-38,4.82471276771442e-38
"H3F3A",-0.0681250599542745,8.44015264396641e-39,3.24216909437441e-38
"EHD1",-0.0687238438057952,1.86322501909945e-39,7.25969319122301e-39
"VSTM1",-0.0688245596602339,1.44327257444934e-39,5.64361010272117e-39
"RIOK3",-0.0693827165834111,3.48111549606074e-40,1.3768622573046e-39
"TLR8",-0.069499706798263,2.58006808912356e-40,1.02481683880254e-39
"HEBP2",-0.0695633658673309,2.19156077131891e-40,8.71558657109675e-40
"FOLR3",-0.0695858263672935,2.06885787689754e-40,8.23261886741092e-40
"MBNL1",-0.0697312930203667,1.42388003956352e-40,5.67988267154748e-40
"HERC5",-0.0697688858820015,1.292665994569e-40,5.16908273546919e-40
"KIAA0319L",-0.0699214410766109,8.72704119201928e-41,3.49616392851851e-40
"AGO4",-0.0700157125607065,6.84300307746895e-41,2.74475792150258e-40
"AGTRAP",-0.0700982878026867,5.52858426726199e-41,2.22162777746521e-40
"LIN7A",-0.0707264213572446,1.08243906723372e-41,4.39564386433171e-41
"CREB5",-0.0708965104394017,6.94295764331512e-42,2.82119683480387e-41
"MYH9",-0.0712986011206364,2.4198294479473e-42,9.92524776077756e-42
"RNF166",-0.0715187337523732,1.35543498832269e-42,5.59812631311037e-42
"DIAPH1",-0.0715779665150394,1.15935854266789e-42,4.79133132235313e-42
"ODF3B",-0.0719812914644554,3.98702327477032e-43,1.661386754012e-42
"RTN3",-0.0720004212833685,3.78963039577971e-43,1.58215859052412e-42
"RAB3D",-0.0720951157551181,2.94680509170113e-43,1.23501356984244e-42
"CPD",-0.072278669873729,1.80793560364377e-43,7.62107219640425e-43
"MT-ND4",-0.0727265207245546,5.46074288039984e-44,2.31083087068312e-43
"STX11",-0.0727590673202016,5.00428009651566e-44,2.119040367294e-43
"HELZ",-0.072801713725316,4.4631511380139e-44,1.89481052859318e-43
"MBOAT7",-0.0731160877378079,1.91589508681861e-44,8.16565976376797e-44
"SF3B1",-0.0733458006333386,1.03040146796442e-44,4.41176476591447e-44
"FGD3",-0.0733547761521807,1.00569075023726e-44,4.30878514092477e-44
"ECE1",-0.0734907739210273,6.95942002388616e-45,2.98560945644145e-44
"IER2",-0.0737224735664874,3.71093202690326e-45,1.60145700276525e-44
"TMEM123",-0.0743667880650991,6.39065012906828e-46,2.78919028997653e-45
"NADK",-0.0746357768978878,3.05243268984422e-46,1.33579684914334e-45
"TMPO",-0.0749178189602236,1.40258299467699e-46,6.17098763068516e-46
"STK38",-0.0751550886413532,7.27500487106924e-47,3.21595550013865e-46
"FAR1",-0.0752694956736953,5.29715770245724e-47,2.34958053315234e-46
"CORO1A",-0.075419744969605,3.48951883810833e-47,1.55836572155412e-46
"EIF4E3",-0.0756177250333971,2.01070054997773e-47,9.02262196002363e-47
"TMEM91",-0.0759016866443082,9.09605947280272e-48,4.09009881933867e-47
"RFLNB",-0.0759094484706767,8.90058793307186e-48,4.0049582867463e-47
"TESC",-0.0759250412874018,8.52044957920531e-48,3.83654954193143e-47
"NLRP1",-0.0760530644044928,5.95219671280386e-48,2.6893892265592e-47
"ARHGAP45",-0.076076837219735,5.56827027847385e-48,2.51940145886935e-47
"FOSL2",-0.076132488951083,4.76318107288148e-48,2.15961704954917e-47
"RRP12",-0.076813570014184,6.97959580878196e-49,3.19109072712003e-48
"ZBP1",-0.0769019967955241,5.43243580051271e-49,2.49069181372735e-48
"NRGN",-0.0769855021573931,4.28648126378271e-49,1.96666768439378e-48
"GMFG",-0.0770393254295402,3.67893058055753e-49,1.69029150637281e-48
"GGA3",-0.0771794600047814,2.46989053922738e-49,1.13960087123985e-48
"TPM3",-0.0774114717136551,1.27493123679453e-49,5.92430733913478e-49
"NFAM1",-0.0774305481074794,1.2073549505979e-49,5.61428639189832e-49
"G0S2",-0.0775925691699233,7.59832881559488e-50,3.54588678061094e-49
"SETX",-0.0777201586056906,5.27283744730076e-50,2.46593785625554e-49
"LTB4R",-0.0781405063281675,1.57557135885333e-50,7.42153137188984e-50
"CLEC4E",-0.0782300876234837,1.2169450023278e-50,5.75299090760603e-50
"LINC00937",-0.0782886798305188,1.02762893137476e-50,4.86505282645055e-50
"ANXA1",-0.0784779657967749,5.94598589204402e-51,2.82315582877152e-50
"SULF2",-0.0788776104381683,1.86489553136392e-51,8.91278288308281e-51
"PTPRE",-0.0788791818909371,1.85639052203576e-51,8.87862562770287e-51
"MAP2K6",-0.0789814336482536,1.37851860966702e-51,6.61243922964269e-51
"GLT1D1",-0.0790420823982574,1.15522603095861e-51,5.55766577660588e-51
"CHD1",-0.0790635917616251,1.08501201802469e-51,5.22756711410865e-51
"CD302",-0.0796416786652181,1.99869930664268e-52,9.72283933543888e-52
"RNF24",-0.0796552770747479,1.92043947440842e-52,9.35606056906276e-52
"LPGAT1",-0.0799852506538656,7.27038399539128e-53,3.56592427320841e-52
"PECAM1",-0.0801086997874479,5.04995885571932e-53,2.48432136935237e-52
"KDM7A",-0.0801445388962524,4.54248954773785e-53,2.23635517041492e-52
"ATG16L2",-0.0803001528902333,2.86647380080433e-53,1.41869838831633e-52
"H1FX",-0.0804659018988257,1.75368320804909e-53,8.71907286252847e-53
"XRN2",-0.0807210133369216,8.21559389974816e-54,4.11282947293671e-53
"TNFRSF1B",-0.0807983834067195,6.5246665413197e-54,3.27133971220462e-53
"TALDO1",-0.080823685664041,6.05073510489512e-54,3.03604805186526e-53
"NBPF19",-0.0809668600935127,3.94725359359644e-54,1.9851649226872e-53
"JAK3",-0.0812283103594545,1.80583794364603e-54,9.14528929167911e-54
"ADD3",-0.081304637225002,1.43656365406818e-54,7.28646483343506e-54
"ZNF106",-0.0815180285402523,7.56933755378936e-55,3.85123182308754e-54
"PHF21A",-0.0816909448933148,4.49814347643925e-55,2.2957737743138e-54
"MAPK14",-0.0817683025126865,3.56254830252372e-55,1.81968287514844e-54
"SEMA4D",-0.0818007893917291,3.22999541772149e-55,1.65240297660901e-54
"CES1",-0.0818150152392951,3.09428447046593e-55,1.58545704293936e-54
"CFP",-0.0819137509251455,2.29660528954723e-55,1.17951338437233e-54
"HIPK3",-0.0819265314647083,2.20960951979144e-55,1.13572539625758e-54
"CD14",-0.0820811872673382,1.38409267397415e-55,7.14222407454065e-55
"EHBP1L1",-0.0824166217175625,5.00295202884791e-56,2.58776110479491e-55
"TRIM22",-0.0824513259451193,4.50193935235833e-56,2.33230423817106e-55
"ABTB1",-0.0825037657068022,3.83810167172928e-56,1.98996897143267e-55
"MSL3",-0.0826077127547437,2.79673403769026e-56,1.45350136235444e-55
"SELPLG",-0.0826676921998322,2.3294416196201e-56,1.2116061502845e-55
"BNIP2",-0.083100078182691,6.21089787443065e-57,3.24595126323162e-56
"GASK1B",-0.0831160874035061,5.91344297157651e-57,3.09296721185338e-56
"PRKCB",-0.0831961589962018,4.62566951687717e-57,2.42134726191697e-56
"HIST1H1E",-0.0833694369101676,2.71638921251853e-57,1.42648615834909e-56
"HSH2D",-0.0833959345407914,2.5037843760074e-57,1.31695432424267e-56
"ATP2A3",-0.0837138321292473,9.39879929310884e-58,4.98372666491043e-57
"GAS7",-0.0838024558001778,7.14749677673838e-58,3.79304658492821e-57
"ACSL1",-0.0838988069972489,5.30545702988141e-58,2.82238226699469e-57
"PTGS2",-0.0839958174257885,3.92875395755615e-58,2.09170955818421e-57
"MCEMP1",-0.0840926171631855,2.91017393828904e-58,1.55447036017432e-57
"ASGR2",-0.084277767732503,1.63757894086646e-58,8.76862499212525e-58
"APAF1",-0.0845941839184634,6.11173878551957e-59,3.28066898027315e-58
"IFI44",-0.0847229625093602,4.08784955222096e-59,2.20151238652559e-58
"KLF10",-0.0860710714507679,5.84671523444844e-61,3.21225413469108e-60
"PARP8",-0.0865747070454038,1.1756350033138e-61,6.51933982329569e-61
"SMARCD3",-0.0869249799288622,3.83135416665541e-62,2.13732026805402e-61
"PYGL",-0.0873401795569505,1.00834502099174e-62,5.67345933497762e-62
"CSGALNACT2",-0.0877156138543999,2.99910850019468e-63,1.70505838037155e-62
"BST1",-0.0885899592355703,1.7447268356964e-64,1.01215830095679e-63
"ANXA6",-0.0887483381485529,1.03908082162429e-64,6.04404840905662e-64
"FYN",-0.0888604044478085,7.19685425535776e-65,4.20116367156509e-64
"NLRP12",-0.0889248406652867,5.82555277013609e-65,3.4037054522922e-64
"ACTR2",-0.0890875650257886,3.41347322108587e-65,2.00155048605017e-64
"NACC2",-0.089402837730448,1.20840727169521e-65,7.13047539922679e-65
"JMJD1C",-0.0895254182336348,8.06182510081962e-66,4.77429461133683e-65
"LBR",-0.0895912014349013,6.48634847629934e-66,3.8447639472389e-65
"CCND3",-0.0895997170469884,6.30624483529205e-66,3.74140006652808e-65
"BIN2",-0.0896633337899464,5.10942891694325e-66,3.0368587508159e-65
"MAP2K3",-0.0899050835266482,2.29325373912783e-66,1.37050209747877e-65
"MED13L",-0.0899468481792415,1.99640956643987e-66,1.19419265740017e-65
"SORL1",-0.0900822750933858,1.27303899126152e-66,7.64290994019081e-66
"MPP7",-0.0904106125286558,4.26432406593436e-67,2.57434448227875e-66
"DDX5",-0.0906266725224249,2.07173179008989e-67,1.25416504107479e-66
"NIN",-0.0909380290175212,7.2980394030299e-68,4.44683892050415e-67
"SLC24A4",-0.091061393873714,4.82208716963555e-68,2.94367935715007e-67
"JAK2",-0.0917715174564248,4.39011566185672e-69,2.7283817677965e-68
"RASSF2",-0.0919762068725842,2.19263210030565e-69,1.36658042629155e-68
"ULK1",-0.0920994806375615,1.44229577921452e-69,9.01503805401965e-69
"TET2",-0.0921748462623264,1.11613882106197e-69,6.9830771407686e-69
"USP3",-0.0921940226821382,1.04562169218468e-69,6.54815576963929e-69
"CAST",-0.0925330806405703,3.29038736428006e-70,2.07449880305333e-69
"LMNB1",-0.0925933933304631,2.67751425982664e-70,1.69299692753835e-69
"OGFRL1",-0.0929989404768371,6.67256854877201e-71,4.25589673116101e-70
"IL1R2",-0.0932043682917552,3.29311371632861e-71,2.10463122945811e-70
"ZDHHC20",-0.0933799091332295,1.79885796957987e-71,1.15757218554264e-70
"FLOT2",-0.0934456970448142,1.43366977905083e-71,9.23481085264466e-71
"PER1",-0.0935251257669286,1.08986935247003e-71,7.0410729510366e-71
"PCNX1",-0.0938418115828021,3.64418980030476e-72,2.3660092268513e-71
"PSTPIP1",-0.0944641410195082,4.18699787613017e-73,2.7701845330076e-72
"SRSF5",-0.0948636187031724,1.03607574235039e-73,6.94755200357622e-73
"DOCK8",-0.0948825717918843,9.69508030583835e-74,6.50784753999704e-73
"RNF213",-0.0948880612056246,9.51036791667984e-74,6.39699438675441e-73
"TXNIP",-0.0949539863279741,7.54797785151862e-74,5.0927429507976e-73
"VPS13C",-0.0951034381689692,4.46723336183886e-74,3.020348678356e-73
"ITGAM",-0.0956047459622505,7.64372672691463e-75,5.20569638964248e-74
"MSRB1",-0.095651639777054,6.47699988829129e-75,4.4203157901512e-74
"BACH1",-0.095670002413814,6.07012145663769e-75,4.15130272839929e-74
"AP5B1",-0.0964639577286697,3.6280714200166e-76,2.51541155292349e-75
"NFIL3",-0.0969458174127038,6.48803517949125e-77,4.52708367166636e-76
"TLR4",-0.0971803483797928,2.79829601161245e-77,1.96090667994879e-76
"PELI1",-0.0972667705210868,2.05158118295873e-77,1.44228363163271e-76
"TNFSF13B",-0.0977898976982644,3.1153017314391e-78,2.21630497498899e-77
"COTL1",-0.0987731434630075,8.76743749274563e-80,6.36198738374816e-79
"CLEC4D",-0.0989237175639042,5.05848948669903e-80,3.67471158489314e-79
"MS4A6A",-0.099498689056636,6.14558276885485e-81,4.51458653289585e-80
"MAP4K4",-0.0996108667138392,4.06751003945522e-81,2.99812634024332e-80
"CSTA",-0.0997937985533235,2.07302972315126e-81,1.53493412570362e-80
"HLX",-0.100003925249741,9.54318498296724e-82,7.07407521753286e-81
"THBS1",-0.100202573726997,4.57639771497647e-82,3.41948437263042e-81
"TSPO",-0.101007244863601,2.29655938663254e-83,1.73182298382971e-82
"BCL6",-0.101111256885371,1.5571871426722e-83,1.17698144957119e-82
"IVNS1ABP",-0.101111668556055,1.55479312915742e-83,1.17653211555916e-82
"MEFV",-0.101355066891981,6.25346876432922e-84,4.76517235211939e-83
"CDA",-0.102058505191899,4.44139551115659e-85,3.44458408682583e-84
"SYK",-0.102179550616066,2.8122763637693e-85,2.183689176523e-84
"EVI2B",-0.102448597180813,1.01644421891465e-85,7.91132417055236e-85
"ARHGAP26",-0.102481601085497,8.96985234990778e-86,6.9981974539018e-85
"GPCPD1",-0.102666248469594,4.45322134306416e-86,3.49102651570185e-85
"LILRA5",-0.103355004937727,3.23144073954373e-87,2.5577675006219e-86
"GRK2",-0.103484096769124,1.97243480430684e-87,1.56882953169807e-86
"NLRP3",-0.103941459801223,3.41375430219323e-88,2.7419073252751e-87
"SPTLC2",-0.10394172184594,3.41031760860476e-88,2.7419073252751e-87
"RETN",-0.10493974174762,7.22198535282971e-90,5.90216752960008e-89
"TLR2",-0.105068408222556,4.38166853618068e-90,3.58989334455505e-89
"F5",-0.10545314933512,9.79707512767731e-91,8.12858847522262e-90
"AGFG1",-0.106054231312871,9.33056260738258e-92,7.82092542654709e-91
"AL034397.3",-0.107102541571346,1.49546208118316e-93,1.2878858627274e-92
"DYSF",-0.108619198277718,3.51405005889274e-96,3.0963422217036e-95
"CCNL1",-0.110820724089922,4.5986246344169e-100,4.19913517595219e-99
"NCF2",-0.111521134901552,2.57355326405955e-101,2.37989975112041e-100
"LRRFIP1",-0.111950568954962,4.3538130994263e-102,4.04910811437399e-101
"PLCG2",-0.112305529576626,9.97112094814192e-103,9.32635032316908e-102
"GNLY",-0.112547787649754,3.63642417580034e-103,3.42085485775289e-102
"MT-CYB",-0.113950154849537,1.0135789335336e-105,9.77401042395677e-105
"LST1",-0.114013853666743,7.74540553013234e-106,7.50214242311188e-105
"METTL9",-0.114266099928331,2.66568986508252e-106,2.60123587132978e-105
"CRISPLD2",-0.114314096312295,2.17544817444745e-106,2.13559762230291e-105
"MARC1",-0.115162688212888,5.89940882087112e-108,5.8796242181182e-107
"SRGN",-0.115504119673151,1.37115394747167e-108,1.3812949936163e-107
"NBEAL2",-0.115579963063163,9.90956814834793e-109,1.00292192807893e-107
"CCDC69",-0.115607507635269,8.80667353644032e-109,8.92682660174369e-108
"CXCL8",-0.115689622756972,6.1940405664138e-109,6.28829770546792e-108
"TMEM154",-0.11618153104149,7.48304502050646e-110,7.66836180941555e-109
"IFITM2",-0.116192431393447,7.1399189612667e-110,7.32822451628912e-109
"STEAP4",-0.116481892281449,2.04949887148009e-110,2.11350530311307e-109
"H3F3B",-0.117047668390816,1.77087081499002e-111,1.85544124814179e-110
"PGD",-0.117134001976517,1.21743585307169e-111,1.27762369299883e-110
"HIF1A",-0.117686259272639,1.10032638242989e-112,1.17165047041151e-111
"IQGAP1",-0.117851313246123,5.35237019781734e-113,5.72729891216527e-112
"SLC25A37",-0.118944150036121,4.4154063236187e-115,4.87633894321268e-114
"TYMP",-0.120081611726663,2.85350167872476e-117,3.20003327195583e-116
"STXBP2",-0.120265104521927,1.2593787328234e-117,1.41718040536995e-116
"MYO1G",-0.120412281178329,6.5288483567518e-118,7.35958802697298e-117
"SMAP2",-0.121776245329964,1.42427167593628e-120,1.65691961161413e-119
"AKAP13",-0.122168005161485,2.41846191540027e-121,2.82355428622981e-120
"SCO2",-0.123535637586178,4.735580697247e-124,5.62931392701834e-123
"NFE2",-0.123590911564668,3.67510186315227e-124,4.38463795279006e-123
"ACAP2",-0.124412364245829,8.37525786823111e-126,1.01969154455298e-124
"MTRNR2L8",-0.125372157560749,9.77201048493254e-128,1.21462746293705e-126
"CKAP4",-0.126124293682344,2.91414458838552e-129,3.67812303452984e-128
"S100A6",-0.126348430317664,1.01883643492881e-129,1.29594408785302e-128
"MXD1",-0.127979733709868,4.58321960721077e-133,6.00502801441763e-132
"PRAM1",-0.129708443383426,1.16443682415956e-136,1.56647900336527e-135
"RAB11FIP1",-0.130308635352144,6.40202313345124e-138,8.68390606773946e-137
"IL17RA",-0.130422074062824,3.6943347712086e-138,5.02153029816255e-137
"MAP3K1",-0.130515313331081,2.35024579747504e-138,3.20791378369349e-137
"TKT",-0.130835500266117,4.96006637924664e-139,6.82713978684517e-138
"CEBPD",-0.130872293988465,4.14705438604154e-139,5.72013535357376e-138
"CD55",-0.131267775721113,6.03440477538904e-140,8.35867339438423e-139
"CCDC88B",-0.133728277943515,3.26564721342789e-145,4.6314102996511e-144
"PABPC1",-0.134022061340866,7.5575068232483e-146,1.0835741142631e-144
"AHNAK",-0.134254743980939,2.36567053938224e-146,3.3992865904354e-145
"CR1",-0.135184571560016,2.23451693300989e-148,3.26829344698404e-147
"FYB1",-0.135194207510467,2.12875153372254e-148,3.12057792095919e-147
"TMEM170B",-0.136468578367112,3.38372659246542e-151,5.06242665023774e-150
"CLEC12A",-0.136691230552022,1.09049968792085e-151,1.64278501373882e-150
"SLC11A1",-0.136901248937534,3.74110054305431e-152,5.66187855335395e-151
"RBP7",-0.138236823387909,3.99029639644046e-155,6.19680708786881e-154
"FPR1",-0.14278900150414,1.76360488514088e-165,2.9565253177054e-164
"DPYD",-0.143369686005104,7.95238213457876e-167,1.36106477476115e-165
"CYBB",-0.143465378851049,4.76602816254715e-167,8.22171296219875e-166
"CLEC7A",-0.14359170165268,2.42332505730448e-167,4.19145482133774e-166
"GCA",-0.143977546436555,3.05860024099005e-168,5.34682576887512e-167
"PADI4",-0.144294889324044,5.55060802085134e-169,9.7816375310852e-168
"PLBD1",-0.144899039136365,2.13110318709301e-170,3.81730209238742e-169
"RNF149",-0.145793044702789,1.66856054814043e-172,3.04722035300059e-171
"RAB27A",-0.145845406233949,1.25476120047616e-172,2.29793521812693e-171
"NAIP",-0.14631287864658,9.80441027001227e-174,1.83146383843829e-172
"VNN2",-0.149082935970477,2.26566476292869e-180,4.39552410089845e-179
"CDKN2D",-0.149178954657665,1.32689572927142e-180,2.58191793987397e-179
"FOS",-0.150471381832411,9.5511693239669e-184,1.90964969541577e-182
"SERPINB1",-0.151505289289496,2.78957215793573e-186,5.64650859708477e-185
"CD93",-0.151947207844609,2.2734676977733e-187,4.65953975173724e-186
"IRS2",-0.152099103257473,9.58664154076002e-188,1.97720701556748e-186
"AGTPBP1",-0.153388322312974,6.06563490793379e-191,1.29176289993717e-189
"MT-ATP6",-0.153593057512722,1.87194314245332e-191,4.03919612718145e-190
"ICAM3",-0.153873680208523,3.72647137845954e-192,8.12122329078949e-191
"FBXL5",-0.154896031904999,1.01423792489716e-194,2.2554719567951e-193
"VSIR",-0.159765707440873,3.49404310463557e-207,8.65305068867703e-206
"EMB",-0.161614950476264,5.06414377393846e-212,1.32437487976039e-210
"DUSP1",-0.163528953682084,4.31063504132347e-217,1.16458396281706e-215
"CYP1B1",-0.165291229721489,8.14509979175544e-222,2.28552199306854e-220
"MCL1",-0.16836367164502,3.52948349962809e-230,1.02105146551188e-228
"IRAK3",-0.168542230763764,1.13939097944571e-230,3.32559742125718e-229
"MYO1F",-0.169083928743007,3.66130208802671e-232,1.08314900685605e-230
"LYST",-0.171346108912581,1.87849086243068e-238,5.84836821836751e-237
"DMXL2",-0.172581147127795,6.34643101533996e-242,1.99485413357176e-240
"CDC42EP3",-0.173495621730036,1.64143845946256e-244,5.20957507182827e-243
"DAZAP2",-0.178638751527737,2.473822786154e-259,8.46798606066746e-258
"JAML",-0.179976075891126,2.91018883621087e-263,1.03406601147536e-261
"AC020656.1",-0.181990150337575,3.06931456790533e-269,1.11484325805361e-267
"MT-CO1",-0.182367822945436,2.28232607837667e-270,8.33622787733332e-269
"HMGB2",-0.185837939737426,7.43051955926716e-281,2.87459981529519e-279
"LCP1",-0.194331120032166,2.03409418419268e-307,9.1088409426382e-306
"MPEG1",-0.194553244430023,3.94953131694759e-308,1.79319692709745e-306
"USP15",-0.195906624388993,1.73993186709883e-312,8.01103841344505e-311
"FGL2",-0.19734403266574,3.78785308697108e-317,1.75638180500019e-315
"MEGF9",-0.208161567476075,0,0
"SLC2A3",-0.209262438799124,0,0
"SMCHD1",-0.228869921459374,0,0
"S100A4",-0.229427291671408,0,0
"SELL",-0.230500945848767,0,0
"MTRNR2L12",-0.240686709935537,0,0
"MT-ND3",-0.246087798076737,0,0
"RIPOR2",-0.247622297039517,0,0
"NAMPT",-0.248353304941564,0,0
"STK17B",-0.249778464224137,0,0
"PTPRC",-0.249788484139381,0,0
"MT-ND2",-0.251776567134611,0,0
"CSF3R",-0.257287915065195,0,0
"LRRK2",-0.272545320116826,0,0
"FCN1",-0.277589602451715,0,0
"RGS2",-0.281187451090985,0,0
"CTSS",-0.286678582832278,0,0
"S100A12",-0.288746467510709,0,0
"NCF1",-0.294657197956131,0,0
"LYZ",-0.303736116460727,0,0
"MNDA",-0.307599815321661,0,0
"MT-CO3",-0.315444898782453,0,0
"MT-CO2",-0.366009335745821,0,0
"MT-ND1",-0.378372165077791,0,0
"S100A9",-0.389585634183513,0,0
"VCAN",-0.39594461745804,0,0
"S100A8",-0.429453525484119,0,0
