"gene","cor","pval","FDR"
"TMSB10",0.400798868065151,0,0
"TNFRSF4",0.344661790239457,0,0
"CD4",0.320178026759067,0,0
"TMSB4X",0.289479776751487,0,0
"ACTB",0.28533341069978,0,0
"ITGB1",0.284159714126216,0,0
"CORO1B",0.284098241725809,0,0
"S100A11",0.276234910862038,0,0
"LIMS1",0.268301063739861,0,0
"ACTG1",0.265269150225498,0,0
"TBC1D4",0.262453950674034,0,0
"ISG15",0.261418181073826,0,0
"COTL1",0.259980707244682,0,0
"GAPDH",0.249386450477855,0,0
"MAL",0.242207437945336,0,0
"CD52",0.241071787057063,0,0
"PRDX1",0.240353192612311,0,0
"BIRC3",0.232851560653134,0,0
"LDHB",0.229135825564209,0,0
"TRAC",0.229016973703215,0,0
"TNFSF10",0.227830454125806,0,0
"CRIP1",0.226753571977702,0,0
"LGALS1",0.225402765194691,0,0
"DYNLL1",0.223927295412831,0,0
"SUSD3",0.223664129315688,0,0
"ARPC1B",0.223489204865147,0,0
"CD82",0.223044472799836,0,0
"ICOS",0.221957609818451,0,0
"EPSTI1",0.221863243737228,0,0
"GSTK1",0.21425304591841,6.8068691843848e-309,6.65342620107579e-307
"TYMP",0.207590997659455,1.0731845127032e-289,9.82389695993546e-288
"ARID5B",0.207118178695125,2.33378384929469e-288,2.07060483982807e-286
"CCDC50",0.206638394450191,5.26934788483502e-287,4.53557153012591e-285
"JPT1",0.206177745126376,1.04292184815315e-285,8.84489749749885e-284
"OAS1",0.205042100709741,1.58885414903432e-282,1.27262803853901e-280
"SUB1",0.203597127862547,1.67211333334289e-278,1.26882599913006e-276
"S100A4",0.202012553040008,3.96803609498524e-274,2.93380309740768e-272
"VIM",0.199685909526583,9.03234809855582e-268,6.59361411194575e-266
"MAF",0.198450454467211,1.99130246037885e-264,1.40046844987864e-262
"PFN1",0.196522926712921,2.95520476885505e-259,2.0288887978556e-257
"CORO1A",0.194935578785975,4.88073990157372e-255,3.23531344969835e-253
"MAP3K1",0.194736971313235,1.63542542367325e-254,1.07176118390042e-252
"MX1",0.194381879066841,1.41613921126505e-253,9.17626385546688e-252
"MYL6",0.193354372556259,7.13574859912793e-251,4.57242913013008e-249
"LGALS9",0.189980194127318,4.16136119248174e-242,2.6085402170698e-240
"CD28",0.187665923505338,3.43382655387805e-236,2.1066891208739e-234
"ATP5F1E",0.182723849521331,8.1425702655744e-224,4.60374536485956e-222
"ITM2A",0.182159644480352,2.00035152944842e-222,1.12000264760476e-220
"IFIT1",0.181186652041086,4.87568600323199e-220,2.70366165198451e-218
"IL32",0.181138939882921,6.37869603999225e-220,3.50342286310813e-218
"TPM4",0.181017151757806,1.26606888473171e-219,6.88813137570543e-218
"TXN",0.18062406797504,1.15329710750677e-218,6.21594805513227e-217
"LEF1",0.179313524445095,1.7571827814542e-215,9.29694779875814e-214
"ANXA2",0.179096657207454,5.87673621278071e-215,3.08101252173694e-213
"TIGIT",0.178640173100428,7.42284072171741e-214,3.85653355334633e-212
"CYTOR",0.178405072404889,2.73318738816654e-213,1.40734747031754e-211
"PLP2",0.177977218244162,2.91652373310155e-212,1.47540283936813e-210
"LTB",0.177357601989238,8.89694603729337e-211,4.46162502583225e-209
"SIT1",0.177195441676701,2.17174930846653e-210,1.07046822751509e-208
"COX5A",0.177111887909556,3.43842059867897e-210,1.68045521971031e-208
"TNFRSF25",0.176686159411441,3.56092273612738e-209,1.71132011827055e-207
"GBP1",0.176113281373026,8.19534362552623e-208,3.90599559408345e-206
"DNPH1",0.175143880732351,1.61286952750076e-205,7.5011440041104e-204
"S100A10",0.174878090881628,6.8269821568587e-205,3.07587547645345e-203
"LY6E",0.174490027958698,5.58879027654782e-204,2.4984925213063e-202
"FXYD5",0.1731060158407,9.68956911806365e-201,4.20148459427617e-199
"CD59",0.170799856261381,2.10235295536125e-195,8.98094036560616e-194
"GMFG",0.170373077181273,2.00428213058475e-194,8.49904047579579e-193
"IL6ST",0.169957636961227,1.78939624200398e-193,7.53244388878609e-192
"PVT1",0.169895270213124,2.48440776636095e-193,1.03823040497127e-191
"RCAN3",0.169028566447099,2.34441673001922e-191,9.72679948346824e-190
"PKM",0.167394666633755,1.15856197119623e-187,4.639879783256e-186
"STAM",0.167202711327081,3.12897086963564e-187,1.24446724173715e-185
"ANXA5",0.166184530944,5.96160522628848e-185,2.35483406438395e-183
"CD3D",0.166142388392048,7.40311442598203e-185,2.90433747582574e-183
"UCP2",0.1655282962921,1.72606021475902e-183,6.59217831689755e-182
"SOD1",0.165030564377375,2.19601946592863e-182,8.33187122369107e-181
"RNASET2",0.164618190470587,1.79528398700972e-181,6.76692990397716e-180
"TRIB2",0.163890802171785,7.2082600537694e-180,2.68193778903794e-178
"CD79B",0.163504483013114,5.08769887413213e-179,1.88081791071282e-177
"GNG5",0.163289360381487,1.50731148492203e-178,5.53672951181232e-177
"SPATS2L",0.16290277248245,1.05730462236754e-177,3.85916187164154e-176
"SEM1",0.162637500424581,4.01321989303206e-177,1.45561252346641e-175
"MIR4435-2HG",0.162471383660511,9.24161615018601e-177,3.33102502113267e-175
"RILPL2",0.161811439670938,2.51801979795354e-175,8.90884673300493e-174
"TMEM173",0.1614946356146,1.2243176428202e-174,4.30526819886834e-173
"OCIAD2",0.160747420310854,5.03806108594645e-173,1.76087868379716e-171
"CFL1",0.159659246624307,1.09449731869303e-170,3.80238917885704e-169
"FYB1",0.158266810809814,1.01227862392803e-167,3.49569510430714e-166
"CLTA",0.157822432679089,8.83389783674566e-167,3.03244576336382e-165
"LIME1",0.157783351120173,1.06847524679888e-166,3.64609275046695e-165
"LINC00892",0.157340565946497,9.18845881188786e-166,3.08080476559054e-164
"LAT",0.157299510846957,1.12136803866154e-165,3.73810952541103e-164
"SESN3",0.156429206466958,7.55031609136853e-164,2.44621757859114e-162
"ISG20",0.155265381023335,2.02381639930995e-161,6.48408287490027e-160
"STAT1",0.155154750357842,3.43560330606247e-161,1.0946477495062e-159
"CALM3",0.154972860494041,8.19409721997406e-161,2.59644827843903e-159
"IFI6",0.154883556108141,1.25509249204799e-160,3.95525595718074e-159
"TXNDC17",0.15485196280906,1.45934639583517e-160,4.57394057868555e-159
"HERC5",0.154744586817935,2.43561981144023e-160,7.55173088848161e-159
"FKBP1A",0.154696298003125,3.06617491660266e-160,9.45595226954413e-159
"ABRACL",0.15442501740764,1.11611012625234e-159,3.42372717983897e-158
"VMP1",0.153927579059447,1.18555052312657e-158,3.61749728405869e-157
"HSPA8",0.153680282507242,3.82651279313188e-158,1.16144733042061e-156
"SERINC5",0.153306548389178,2.23998068009004e-157,6.76333433616714e-156
"C4orf48",0.153121986819452,5.35192672488232e-157,1.60752924074981e-155
"PTTG1",0.152872478000279,1.73432618966728e-156,5.18231043306281e-155
"PHTF2",0.152606331006297,6.06516090471542e-156,1.80297850193267e-154
"TP53INP1",0.151555805620103,8.30419926908831e-154,2.43098056775798e-152
"DOK2",0.150389186961547,1.8784427579087e-151,5.471201709525e-150
"TSPO",0.150347076268708,2.28261058001771e-151,6.61498252008147e-150
"IFIT3",0.150006623343484,1.10094184167464e-150,3.17456580046882e-149
"CXCR3",0.149347124033417,2.29544885704121e-149,6.55339285077061e-148
"DGKA",0.149319658698968,2.6041811392082e-149,7.39818356148458e-148
"NOP10",0.148384055302558,1.88918074815254e-147,5.28878901679402e-146
"CHMP2A",0.147979379763072,1.19470967774379e-146,3.32844961910553e-145
"CD40LG",0.147437553584084,1.40007291677454e-145,3.86326340241089e-144
"LINC00426",0.147379892140506,1.81828489133294e-145,4.99335665157955e-144
"SELL",0.147292722640145,2.69882327835704e-145,7.34156313504011e-144
"PSMB8",0.147095311979682,6.59483761006264e-145,1.78556002334419e-143
"YWHAB",0.146908279604508,1.53579906563649e-144,4.11951312163982e-143
"CARD16",0.14669810895675,3.96554730369538e-144,1.05876441205608e-142
"NABP1",0.145630184007761,4.80980731950126e-142,1.27239260603504e-140
"NDUFA13",0.145299781906288,2.10682147271973e-141,5.54796321149528e-140
"BATF",0.145220741888596,2.99823133942322e-141,7.85945460656987e-140
"CLIC1",0.145191613634029,3.4144059101003e-141,8.90989994730699e-140
"RAC2",0.145134253320103,4.41005425783224e-141,1.14562085157291e-139
"HSPA1A",0.14470486736096,2.98454388571073e-140,7.68386812004186e-139
"ACTR3",0.144247256296478,2.27553703404391e-139,5.80664693598727e-138
"BLVRA",0.143394630427122,9.84179684775657e-138,2.50033667052917e-136
"PIM2",0.143378431954082,1.05695855903687e-137,2.67345614472176e-136
"DYNLRB1",0.142700941635525,2.07333426117314e-136,5.17615527453917e-135
"FAS",0.142236620736062,1.58086514328604e-135,3.91281085035647e-134
"RBX1",0.142063446532895,3.3664139928552e-135,8.29662799008374e-134
"BST2",0.142011645822386,4.21969828183926e-135,1.03553191452626e-133
"SUMO2",0.141175220952225,1.60097263253953e-133,3.91220727620995e-132
"B2M",0.13984725709734,4.91586419013053e-131,1.18618363114991e-129
"COX6C",0.13951333236385,2.05679795841127e-130,4.9423140942324e-129
"ADSL",0.139436481680743,2.85778190499484e-130,6.83851794444201e-129
"AQP3",0.138327069820468,3.22803290344744e-128,7.66093240912814e-127
"PPP1CC",0.137494867571079,1.09078273064081e-126,2.57809180639573e-125
"ARPC3",0.137025561098875,7.86445767230868e-126,1.85119703657976e-124
"PLSCR3",0.136976766169525,9.65374185476145e-126,2.2631353364394e-124
"SH3BGRL3",0.136875053080952,1.47967689191583e-125,3.45477596586177e-124
"CTSB",0.136687811981587,3.24506578466151e-125,7.54608644360602e-124
"CAPG",0.136286156307625,1.74262353970004e-124,3.98798014025798e-123
"NDUFA12",0.136112509354018,3.59837471236438e-124,8.20230314869778e-123
"RBPJ",0.13606370336763,4.4110260328036e-124,1.0015113043771e-122
"YWHAE",0.135789344986651,1.38372115514553e-123,3.12938035361737e-122
"PSMA2",0.135573781970372,3.39178328976394e-123,7.64078680940182e-122
"TRADD",0.135190195810113,1.66622084355189e-122,3.73894770613375e-121
"CD2",0.134826776808865,7.49590128890187e-122,1.67553731523632e-120
"GTF3C6",0.134717424262668,1.17755997588417e-121,2.62200323587799e-120
"CAPZB",0.134665062442865,1.46168123874991e-121,3.24212142456566e-120
"EMP3",0.134653314221405,1.53429427714573e-121,3.39014371505726e-120
"ARL6IP5",0.134567011736836,2.19042248096419e-121,4.82143757546583e-120
"C17orf49",0.133565981619107,1.3380973096405e-119,2.90105533259278e-118
"ARHGDIB",0.133415859690612,2.4724982584429e-119,5.32048412553739e-118
"IRF7",0.133376952755037,2.89862757334157e-119,6.21426959682559e-118
"TESPA1",0.133360555239832,3.09949080536141e-119,6.62028276834046e-118
"ATP5MF",0.132855050602713,2.43507927181248e-118,5.16290520608184e-117
"CD27",0.132746392991945,3.78862748264583e-118,8.00330208513498e-117
"LAP3",0.132732502509943,4.00876841107679e-118,8.40675179151994e-117
"CCDC167",0.132608947745106,6.62336208308459e-118,1.38394670772278e-116
"RGS10",0.132153866737584,4.19241796278208e-117,8.69700517674973e-116
"UBE2L6",0.132144072528458,4.36194995571318e-117,9.01625999806376e-116
"PSMA4",0.13183842494086,1.50065763038331e-116,3.05805390615567e-115
"COX6B1",0.131225490669861,1.77214355675345e-115,3.58594803220952e-114
"OPTN",0.130970814325128,4.92599211798874e-115,9.93293585469967e-114
"HLA-A",0.130939788887866,5.57855506105651e-115,1.12095913021299e-113
"CCR7",0.130585943712713,2.30026466324829e-114,4.5901821152086e-113
"NECAP2",0.13005182779654,1.93746312915677e-113,3.82648968008463e-112
"ADI1",0.130009324405397,2.29461909736069e-113,4.51640557490754e-112
"LIMA1",0.129558539734322,1.37554689514761e-112,2.69822413071982e-111
"NT5C3A",0.129226538726384,5.12290452435935e-112,9.91402362146992e-111
"ATP5MC2",0.128878680775317,2.02400726089911e-111,3.90382938916561e-110
"CSTB",0.128815981318293,2.59171341005471e-111,4.98213707859516e-110
"IFI27",0.128653976185179,4.90655927158228e-111,9.40070675056977e-110
"PSMA5",0.128646373399653,5.05564485707898e-111,9.65427281151473e-110
"GBP2",0.128398965758538,1.33773822302923e-110,2.5461176013893e-109
"SLAMF1",0.128181468783813,3.14183845133204e-110,5.96019156211575e-109
"RGCC",0.128031136407359,5.66381103188753e-110,1.07092453183264e-108
"LGALS3",0.128003121570263,6.32072460087159e-110,1.19122937167407e-108
"SQOR",0.127747959051697,1.71533358638692e-109,3.21179506256277e-108
"S1PR4",0.126563028850299,1.72250985701578e-107,3.18388280301603e-106
"ATP5F1C",0.126297552343249,4.80867040566497e-107,8.83172045524519e-106
"ARPC5",0.126286415226985,5.02005606670547e-107,9.19068677355251e-106
"PSMD8",0.126142692682444,8.74308323948906e-107,1.59561269120675e-105
"TFRC",0.125060451687898,5.58499390669257e-105,1.01604605236265e-103
"IFI16",0.124557847072789,3.80202707715643e-104,6.8734451893295e-103
"ATP5PD",0.124548075824719,3.94616688361206e-104,7.11173263055961e-103
"PSMB9",0.123553446580677,1.71529110900198e-102,3.03438154159951e-101
"COX8A",0.123350552224287,3.68850452197483e-102,6.50507815847976e-101
"TLK1",0.122957493586994,1.61963310491672e-101,2.83043155031961e-100
"NDUFV2",0.122649766139176,5.14062403368912e-101,8.95648906413448e-100
"NDUFB3",0.122162845770149,3.17736132504031e-100,5.51922974744201e-99
"CHMP7",0.122139650843839,3.46472302413416e-100,6.00031762167618e-99
"LGALS3BP",0.121660301690332,2.06592532177138e-99,3.53536834737554e-98
"TAP1",0.121482918358851,3.99278520049299e-99,6.8125420861666e-98
"PFKL",0.121311732923201,7.53412131663464e-99,1.27791993038329e-97
"CSK",0.120653820090834,8.57296520760353e-98,1.44140788198978e-96
"PSMA7",0.120554215513984,1.23738756285909e-97,2.06243181358624e-96
"SAT1",0.12040277242645,2.16056524331097e-97,3.59077226460357e-96
"AHR",0.120325857902982,2.86672224122079e-97,4.73707368628089e-96
"VAMP8",0.119852071485117,1.62990075639218e-96,2.67795944789564e-95
"UBL5",0.119470742034433,6.56795602448492e-96,1.06696908149872e-94
"TRAF3IP3",0.119094029790724,2.59078049682841e-95,4.18516278017072e-94
"NDFIP1",0.118954462266396,4.30281285343063e-95,6.93137478372471e-94
"NDUFB9",0.118695328476728,1.1018449311936e-94,1.77001106356364e-93
"RTRAF",0.118523432121718,2.05356413210467e-94,3.28058292239547e-93
"METTL8",0.117836737593969,2.44712463818657e-93,3.87707906275328e-92
"PRDX3",0.117723825677309,3.67275880051109e-93,5.80295890480753e-92
"CYLD",0.117505152929273,8.05388002605175e-93,1.26557836812644e-91
"TOX",0.11723029005347,2.15637511091655e-92,3.37013963811809e-91
"SEC11A",0.117189925873597,2.49143436634579e-92,3.88327080830166e-91
"LDHA",0.116287134340733,6.21722189093217e-91,9.61252510589969e-90
"TALDO1",0.115712857832977,4.7488556271617e-90,7.3031067738244e-89
"COA6",0.115703624189166,4.90625223067328e-90,7.52509484422681e-89
"PELI1",0.115571585273322,7.81845771525236e-90,1.19599590567269e-88
"IFI44",0.114886356970577,8.70066805841142e-89,1.32044086033838e-87
"GPR183",0.114834227026918,1.04448313098005e-88,1.58098010928135e-87
"PSMB3",0.114742947568599,1.43797885362962e-88,2.16522821119636e-87
"SMC4",0.114600437434911,2.36759988448555e-88,3.55571576401775e-87
"NDUFB5",0.114438271500935,4.17251860804698e-88,6.23391575456138e-87
"SAMD9L",0.114402179286103,4.73282549869772e-88,7.05276605968728e-87
"THEM4",0.114356726693749,5.54637989369969e-88,8.24380743478507e-87
"MFHAS1",0.114344692009603,5.78422273545e-88,8.57522172630851e-87
"PPP1CA",0.113967883475366,2.14885760639398e-87,3.1694275744435e-86
"SIRPG",0.113791297465228,3.96872860127969e-87,5.83868822540306e-86
"PPM1G",0.113540124810988,9.4822027513474e-87,1.39144690246871e-85
"COX7C",0.113445374296626,1.3163722844734e-86,1.92678146308582e-85
"ARPC2",0.113098641447835,4.36215010315818e-86,6.36873915061094e-85
"MICOS10",0.112797198378428,1.23236005468662e-85,1.79018146986845e-84
"CHURC1",0.112782187296769,1.29767509458258e-85,1.88032469106978e-84
"CBX3",0.112667863752854,1.92255648985637e-85,2.77879280125356e-84
"IKBKE",0.112370568872224,5.3331806085018e-85,7.65085884806714e-84
"C16orf87",0.111929850682066,2.40803458099455e-84,3.4289223280483e-83
"HINT1",0.111711065889907,5.07793936240713e-84,7.1952030228506e-83
"SAMHD1",0.111604996316278,7.28695326199345e-84,1.02999655543912e-82
"NDUFA4",0.111018758935636,5.33025917911998e-83,7.51579576674448e-82
"ATP5PF",0.110995440683813,5.76802286311924e-83,8.11321654917284e-82
"MRPL51",0.110985286361773,5.96969148569817e-83,8.37645031582028e-82
"P2RY10",0.11079734658576,1.12703170240832e-82,1.57757083198757e-81
"WDR1",0.110644214552731,1.88996442547566e-82,2.63908591809156e-81
"GATA3",0.11061214107051,2.10590459601277e-82,2.92644621812184e-81
"PLEC",0.110452831245043,3.60254116666386e-82,4.99419589138233e-81
"COX7A2",0.110292764036851,6.17366042880712e-82,8.5380095186884e-81
"RPS27L",0.11020796070279,8.20994660374628e-82,1.13269765702882e-80
"SLC25A3",0.109987383452052,1.72142814959865e-81,2.36932604743089e-80
"SNRPG",0.109768003003291,3.58956377033426e-81,4.92881291988516e-80
"NDUFS6",0.109702770918933,4.46493875706931e-81,6.11622370831799e-80
"H3F3A",0.109674309244097,4.9107595992066e-81,6.71098355654608e-80
"OGDH",0.109555086286773,7.31425678595928e-81,9.97194299872983e-80
"VDAC1",0.109289718019654,1.77253925094461e-80,2.40523149651707e-79
"SAMSN1",0.109271823272379,1.88141628658196e-80,2.54697833913571e-79
"OAS3",0.1092152771183,2.27124546148022e-80,3.06751114200385e-79
"LIMD2",0.108750154140267,1.06489434465574e-79,1.43487048729665e-78
"TIMP1",0.108339895609992,4.13784443937299e-79,5.53664707235825e-78
"LPAR6",0.108192594407033,6.72769049941254e-79,8.981155349563e-78
"MRPL52",0.108127146713527,8.34762300332175e-79,1.11179542402209e-77
"MX2",0.107979090638681,1.3592872466779e-78,1.8062233989842e-77
"GPSM3",0.107682469795783,3.60285717144027e-78,4.76552231827891e-77
"IKZF2",0.107488386275379,6.80770315446382e-78,8.98398720635992e-77
"WASHC3",0.107377422930197,9.78976433040146e-78,1.28604945087529e-76
"TMEM167A",0.107141553178817,2.11635909455061e-77,2.76758342364475e-76
"UBE2N",0.107061767079826,2.74584587841277e-77,3.57734926767682e-76
"GPR155",0.107061527841485,2.74798981373476e-77,3.57734926767682e-76
"NDUFB1",0.106985524847234,3.52095017641249e-77,4.57327019535379e-76
"TNFRSF1B",0.10695867793474,3.84295395103578e-77,4.98029560351087e-76
"EVL",0.10689484890396,4.73134397732965e-77,6.11786114736773e-76
"PARK7",0.106788489088124,6.68904193061777e-77,8.6299115914704e-76
"PMVK",0.106310812523741,3.15399325918002e-76,4.05101984981986e-75
"AP1S1",0.106234705108067,4.03537839957098e-76,5.17156160673908e-75
"LCK",0.106104930517671,6.14038584665473e-76,7.85179715690861e-75
"NDUFC1",0.105861729964865,1.3466078064053e-75,1.71432388952304e-74
"ATP2B1",0.10560440641534,3.08478703847162e-75,3.90988282436611e-74
"ARPC4",0.105579800159893,3.33888584421093e-75,4.22266549639571e-74
"POLR1D",0.105410361511596,5.75567403190491e-75,7.2632324161916e-74
"C4orf3",0.105359503011945,6.77652090765169e-75,8.53279390271339e-74
"PFDN4",0.105351203865867,6.95944728895122e-75,8.74403758505047e-74
"GNAI2",0.105150427556162,1.32479732743369e-74,1.66089264941523e-73
"RHOG",0.105092924735381,1.59265038814003e-74,1.99236763305934e-73
"MVP",0.104843278441538,3.53831107500187e-74,4.40722245562328e-73
"THOC3",0.104780453658675,4.32420967991092e-74,5.37450802242377e-73
"LRP10",0.104637414165893,6.82405574907691e-74,8.40904476600994e-73
"SAMD9",0.104591946660188,7.88797921056752e-74,9.69935524676821e-73
"TBC1D10C",0.104542151525724,9.2437063343857e-74,1.13181431911682e-72
"SKA2",0.104044199622488,4.49591229460085e-73,5.48159116341715e-72
"GALM",0.104005866988495,5.07648600452143e-73,6.17639130550107e-72
"OAS2",0.103902912635333,7.03282388646465e-73,8.53858849541929e-72
"ZYX",0.103869946462099,7.80601730875054e-73,9.45741634864798e-72
"NDUFB4",0.103849534683669,8.32665562130675e-73,1.00670488402675e-71
"TRAPPC5",0.103753830668976,1.12686341448516e-72,1.35954420739246e-71
"EIF2S2",0.103585166242883,1.91931552984867e-72,2.31079178718941e-71
"TRAT1",0.103583162261118,1.93148779816953e-72,2.32060211084243e-71
"ATP5MC3",0.103576409594618,1.9730731424763e-72,2.36563675938895e-71
"GDI2",0.103574077070907,1.98764409083052e-72,2.37816254602067e-71
"SLC9A9",0.103522417147377,2.33932904737572e-72,2.79314919590388e-71
"COX6A1",0.103428475821228,3.14528604044441e-72,3.74769929653779e-71
"OAZ1",0.103102815558817,8.75878173542967e-72,1.03507980057834e-70
"OASL",0.102595396686898,4.29173877719508e-71,5.05111378124163e-70
"UQCR10",0.102307154528131,1.05477537504875e-70,1.23385184338867e-69
"MZT2A",0.102269958506373,1.18433349122109e-70,1.38260146637085e-69
"AP2S1",0.102133964526522,1.80830322532361e-70,2.10676458594773e-69
"SLC25A5",0.101963940558249,3.06698230875794e-70,3.56598527713851e-69
"NUDT5",0.101931762033304,3.38915279635712e-70,3.93264470353954e-69
"DEF6",0.101353928251623,2.02630376378402e-69,2.33247381352144e-68
"PSMB2",0.101223240245606,3.03200065393758e-69,3.48317684686414e-68
"RNASEK",0.100925771356335,7.57290249400714e-69,8.6652636275673e-68
"EID1",0.100920306326927,7.70113347306023e-69,8.79454192854225e-68
"MYL12B",0.100796557386227,1.12608813242958e-68,1.28342890508327e-67
"PDCD5",0.100723890078306,1.40727082284077e-68,1.60073586495517e-67
"HNRNPF",0.100504743866965,2.75352681532001e-68,3.12590337479341e-67
"SERF2",0.100498139744258,2.80972762758933e-68,3.18343796233943e-67
"IFI35",0.10027223600557,5.60364958689928e-68,6.33651905248003e-67
"TRAPPC1",0.100140153858929,8.38390024376579e-68,9.46183027510711e-67
"TRBC1",0.100065088480535,1.05386352555978e-67,1.18472338243728e-66
"USP18",0.099965388877696,1.42759745033933e-67,1.60174211986516e-66
"POU2F2",0.0997973431453189,2.37953434841315e-67,2.65945243939896e-66
"PALM2-AKAP2",0.0996568692214437,3.64487183604262e-67,4.05791040124668e-66
"IGBP1",0.0992926824707125,1.09791235797414e-66,1.2176270323917e-65
"RNF214",0.0992519953672468,1.24153404523479e-66,1.37426618788273e-65
"MPG",0.0991494382393785,1.69215094579434e-66,1.86947021157011e-65
"DBI",0.0991335843661596,1.77506923664384e-66,1.95732777967974e-65
"MRPS18C",0.0989860891381354,2.76913182383116e-66,3.04182537676843e-65
"NPDC1",0.0989236856904176,3.34169023730629e-66,3.65683635646022e-65
"PPA1",0.098918639352252,3.39284819202288e-66,3.7057870309462e-65
"GSTO1",0.0988340768235693,4.37604454852174e-66,4.75266457840393e-65
"RAC1",0.0988305665942649,4.42249436987946e-66,4.79408365246144e-65
"H2AFZ",0.0987398363518002,5.80944470044457e-66,6.27398269428162e-65
"ATP5MD",0.0986104973834189,8.56688987987151e-66,9.21739812261549e-65
"ANP32B",0.0981489132341718,3.41202508490225e-65,3.65746257706901e-64
"EVI2B",0.0978946657827277,7.28429176438636e-65,7.7937867542145e-64
"PYM1",0.0975167486955805,2.24066452666817e-64,2.38852353517474e-63
"ATP5F1B",0.0970707123981174,8.39204289070734e-64,8.89649105711567e-63
"SUMO1",0.0970269866582998,9.54871242092465e-64,1.01041145929307e-62
"COX7B",0.0970230364126354,9.66072325589823e-64,1.02039177686383e-62
"NDUFC2",0.0967295617903512,2.29459459853911e-63,2.41918227601006e-62
"VOPP1",0.0965419845791109,3.98320538236625e-63,4.19181486133324e-62
"DUSP16",0.0963880036272578,6.25903101839019e-63,6.57483276558401e-62
"HMGN1",0.096155781260095,1.23570207663513e-62,1.29099526738312e-61
"NSD3",0.0960863877319588,1.51372987362418e-62,1.57860401106522e-61
"TCEAL8",0.0960453713824302,1.70652137738102e-62,1.77644562876469e-61
"HELLS",0.0956606951925949,5.23961239844455e-62,5.40551783574771e-61
"MT-ATP8",0.0956379613922313,5.59795420334723e-62,5.76489319476847e-61
"FAM126A",0.0956362012854079,5.6266955182951e-62,5.78416275472511e-61
"PSME2",0.0954810308654325,8.83414000267139e-62,9.06521092444945e-61
"SMS",0.0954675308129368,9.18742054371417e-62,9.41098654984007e-61
"LFNG",0.095381161078148,1.18055170512584e-61,1.20713505025899e-60
"IL27RA",0.0953601686675556,1.2546896841116e-61,1.28067175367639e-60
"ETV6",0.0953471559844285,1.30295643762361e-61,1.32758829960696e-60
"MDH1",0.0952904019133769,1.53604188098516e-61,1.55682838798619e-60
"BRK1",0.0951673529823157,2.19389976209885e-61,2.21968770667089e-60
"COX5B",0.0951586896654626,2.24961858667379e-61,2.27207537466685e-60
"TAGLN2",0.0951508928828725,2.30096853133917e-61,2.31582644332164e-60
"CHMP5",0.0951431808084688,2.35290924635937e-61,2.36397693793632e-60
"CARHSP1",0.0950343048856451,3.22391334540522e-61,3.22783129565138e-60
"RAB11FIP1",0.0949430564448944,4.1965713477795e-61,4.19438942160215e-60
"SVBP",0.0949336707135764,4.31188159260964e-61,4.30218358902764e-60
"SEPTIN6",0.0947111325486261,8.19302931284162e-61,8.14641380123408e-60
"LSP1",0.0946918350156695,8.66139259247035e-61,8.59728934264656e-60
"TBCB",0.0944943834781154,1.52874249554787e-60,1.5122226366766e-59
"MXD4",0.0944657006924929,1.66010159471816e-60,1.63654801653669e-59
"GIMAP4",0.0944102664004127,1.94667600028451e-60,1.91578165420491e-59
"PSMA6",0.0943617672536036,2.23751959547849e-60,2.19825817838577e-59
"PARP9",0.0942869779886161,2.77306080718247e-60,2.71976899235057e-59
"TAB2",0.0941017006125075,4.71526451684025e-60,4.59340041699623e-59
"PAG1",0.0940980219626327,4.76517533336175e-60,4.63419327951049e-59
"ZNHIT1",0.0940318656548075,5.75817765584472e-60,5.59047315509369e-59
"NDUFA11",0.0940138681306066,6.06231878059109e-60,5.87586427019644e-59
"TRBC2",0.0937455451220536,1.30435237968858e-59,1.26211412309799e-58
"NDUFA7",0.0935793405416699,2.09425115709989e-59,2.01965659247409e-58
"CCND2",0.0934496070418974,3.02888787371421e-59,2.91612627173787e-58
"CLN5",0.0934327807436727,3.17725136345135e-59,3.05386810217066e-58
"ETFB",0.093141821361006,7.25403694839175e-59,6.96073728475462e-58
"CHCHD1",0.0928395882187581,1.70531235888107e-58,1.63364391589155e-57
"NMI",0.0926982493986594,2.54090357692308e-58,2.42605810068136e-57
"AURKAIP1",0.0926357070212928,3.03065932602455e-58,2.88412744772007e-57
"ENO1",0.0925111544191907,4.30356411220254e-58,4.08201549918948e-57
"POMP",0.0925003204816834,4.43675260221848e-58,4.20143715221576e-57
"ATP5MG",0.092480309783914,4.69364484282087e-58,4.43741800140131e-57
"TMEM258",0.0923695473318212,6.40797411282376e-58,6.03836384128344e-57
"IL2RG",0.0920824169175643,1.43372695834461e-57,1.34882599816858e-56
"NDUFS5",0.091982064514358,1.8986449695766e-57,1.78040415277207e-56
"EZH2",0.0918575062193134,2.68940595911454e-57,2.51782535165804e-56
"HNRNPLL",0.0913973277517733,9.69427756486241e-57,9.00272121039638e-56
"NDUFB11",0.0913459836045625,1.11807690442164e-56,1.03664783083595e-55
"TTC39C",0.0912515243748223,1.4533241101866e-56,1.34531623490307e-55
"FUT8",0.0911736339291108,1.8037927271485e-56,1.66706292587586e-55
"ATOX1",0.0911311346909649,2.02929725165406e-56,1.87247316004623e-55
"TWF2",0.0910904424074333,2.27146999903264e-56,2.09258266524301e-55
"ATP8B2",0.0910801583157774,2.33710071657982e-56,2.14961081858306e-55
"PBXIP1",0.0910725396099296,2.38693631149125e-56,2.19195250133281e-55
"CTSZ",0.0907312800203311,6.13052897151849e-56,5.62078864526982e-55
"MT-ND6",0.0907296888135248,6.15750031399795e-56,5.63655623981368e-55
"BTF3",0.0907239697154202,6.25541982740848e-56,5.71711666317982e-55
"CCT8",0.0905382569270509,1.04356897737399e-55,9.47757841341066e-55
"RAN",0.0898366295664988,7.14656026307371e-55,6.43972078705408e-54
"VCP",0.0896565333908518,1.16820354840519e-54,1.0510186994778e-53
"SNX6",0.0895313045653017,1.64310535058878e-54,1.47368406793864e-53
"SLFN5",0.0895109395169099,1.73675166029919e-54,1.55525571815923e-53
"GTF2H5",0.0894609549301988,1.98974824160072e-54,1.77905086966067e-53
"PSMB10",0.0893955777300382,2.37681748429343e-54,2.1185635907141e-53
"PHF19",0.0892588954480736,3.44514204893673e-54,3.06607009200897e-53
"PSMB1",0.0892520622497556,3.50961997147602e-54,3.11864073582469e-53
"NDUFS2",0.0892322387210588,3.70355422329424e-54,3.28590726242121e-53
"GLRX3",0.08912882337568,4.90220065595529e-54,4.34270217863197e-53
"DNAJC15",0.0890489843012596,6.08562059344072e-54,5.38278741754182e-53
"ZNF706",0.0889416724590281,8.13581285269557e-54,7.17419460573323e-53
"CD37",0.0886399982846309,1.83679400532902e-53,1.61722000438663e-52
"IFIH1",0.088572272777649,2.20439896800981e-53,1.93203173989552e-52
"COPZ1",0.0884357530162657,3.18283797499809e-53,2.78112524269909e-52
"RCSD1",0.0884144993418972,3.36997983865187e-53,2.9401926973533e-52
"USP46",0.0883567088837388,3.93608850590243e-53,3.42891577243796e-52
"TMEM59",0.0883459813079226,4.05114998247447e-53,3.52382834825494e-52
"MYL12A",0.0883034791007622,4.54089133712954e-53,3.94387354536537e-52
"CITED2",0.0882272873976035,5.57095748689432e-53,4.83123486119091e-52
"PGAM1",0.0882109452889665,5.82054690537925e-53,5.04010420470302e-52
"CAP1",0.0881569539112279,6.72702862395216e-53,5.81630795717123e-52
"SELPLG",0.0879672447115731,1.11785347785516e-52,9.6218820996876e-52
"SKAP1",0.0878900801035741,1.37392129120865e-52,1.17907798904766e-51
"GSDMD",0.0878497483902009,1.53020510470458e-52,1.3112470785782e-51
"PGLS",0.0877262959186788,2.12730271747418e-52,1.81750441061831e-51
"TRAF1",0.0876489533670632,2.61435746700351e-52,2.22703094715055e-51
"TMCO1",0.0876478555483958,2.62201569944307e-52,2.23026025644369e-51
"YPEL2",0.0876304704043337,2.74631288567781e-52,2.33232130338245e-51
"ETHE1",0.0875919450831635,3.04305462946962e-52,2.57698914069769e-51
"SP110",0.0874698225186258,4.21143961240468e-52,3.55598422324126e-51
"MCL1",0.087428954711698,4.69474276799927e-52,3.95827215541693e-51
"COPE",0.0873925070782788,5.17215197633295e-52,4.35442342299447e-51
"PGK1",0.0873171012431629,6.31875176675301e-52,5.31198854793945e-51
"PPP1R18",0.0872997815157971,6.61598012636644e-52,5.55376381204589e-51
"HIGD2A",0.0872297189434877,7.96724833597186e-52,6.66866780167631e-51
"DENND10",0.0870397517501427,1.31773457258215e-51,1.09976487410728e-50
"TMEM154",0.0870203211465593,1.38724114271261e-51,1.15610110838491e-50
"PARP12",0.0870098306847335,1.42627238752156e-51,1.18691383244398e-50
"DAD1",0.0869435682149614,1.69935901842352e-51,1.41213306329228e-50
"BLOC1S1",0.0869064605827483,1.8744190644785e-51,1.55312855529419e-50
"JUND",0.0867325337412983,2.96624098910892e-51,2.45076100060045e-50
"FTH1",0.0867150859213507,3.10585670087603e-51,2.5624428603651e-50
"EIF3A",0.0866904048115317,3.31459489241729e-51,2.72685716755642e-50
"PARP14",0.0866686741669302,3.50990863021788e-51,2.88342493881289e-50
"CLDND1",0.0865847265310294,4.37818600204487e-51,3.58650549343648e-50
"IFITM1",0.0864694565603407,5.92869007082181e-51,4.84975257282687e-50
"CKAP2",0.0864658577045647,5.98503395197913e-51,4.88890804547644e-50
"AP3M2",0.0863909658663125,7.28638245959213e-51,5.94350320289503e-50
"ERH",0.0861631344741517,1.32431259517069e-50,1.07719474419596e-49
"UGP2",0.0861036784439985,1.54736190722732e-50,1.25685015760281e-49
"HEBP2",0.0859639198000492,2.23003829046317e-50,1.80880883559791e-49
"JAK3",0.0859006121484058,2.63101837371204e-50,2.13105097769626e-49
"XAF1",0.0858717929811402,2.83659023258501e-50,2.29433602683278e-49
"TMEM14C",0.085486821563047,7.73013072379108e-50,6.23491802574869e-49
"PRDX2",0.0854795089293401,7.87840216964507e-50,6.33678456239095e-49
"SNX20",0.0854368590413505,8.80133544735857e-50,7.06926205082407e-49
"SPTAN1",0.0853334260909735,1.15112881577884e-49,9.20743395367068e-49
"TRIM59",0.0852650546601834,1.37437358616262e-49,1.0977856608587e-48
"RSAD2",0.0852575336798799,1.40142237121457e-49,1.11784271297295e-48
"TEX264",0.0852502177078118,1.42824216913415e-49,1.13766195986142e-48
"TMBIM6",0.085239879562491,1.46701432997346e-49,1.16693401944234e-48
"FAM102A",0.0852368615596887,1.4785293571956e-49,1.17447366431778e-48
"YWHAH",0.085163434691434,1.78815954993382e-49,1.41847539538767e-48
"ELOVL5",0.0849684778692556,2.96011556781042e-49,2.33849129857023e-48
"SEC11C",0.0848383300543447,4.1415327588637e-49,3.26733507802557e-48
"IFI44L",0.0847620917732322,5.04074188463706e-49,3.96588791933178e-48
"PSMC5",0.0846019873002717,7.61111018779929e-49,5.97187380313449e-48
"USP15",0.0844755544849408,1.05323523954593e-48,8.25272775334425e-48
"CLTB",0.0843843264643947,1.331032001205e-48,1.04152802590899e-47
"RAB11A",0.0843801900062577,1.34522672327446e-48,1.0512090126184e-47
"LAMTOR2",0.0842741314933375,1.76539077017742e-48,1.37581196913692e-47
"CEP164",0.0841442875444441,2.46125566384248e-48,1.91552785605662e-47
"ATP5ME",0.0841134661998662,2.6630569915526e-48,2.06979106068515e-47
"ICAM3",0.0839835716674756,3.71086940490764e-48,2.88029392437447e-47
"TLE5",0.083932496905497,4.22739532339522e-48,3.27679957392745e-47
"ATP6V0E1",0.0838285206803095,5.51041797651121e-48,4.26558127121344e-47
"RAP1A",0.0838211137490893,5.61538136168037e-48,4.34100594005505e-47
"EIF4E2",0.0837370475814152,6.95561439552744e-48,5.3698832957171e-47
"ALOX5AP",0.0836769033394392,8.10555081617685e-48,6.24929298888929e-47
"SRP14",0.0836266803399451,9.20941147621781e-48,7.09087796840428e-47
"PARP1",0.0834843029523894,1.32203705963226e-47,1.01655836305323e-46
"R3HDM4",0.0832896166052297,2.1652391945028e-47,1.66270764776267e-46
"TKT",0.0832635923976621,2.31264391417735e-47,1.77118425671458e-46
"PRDX4",0.0831958985099455,2.7445315989716e-47,2.09916627735666e-46
"FLT3LG",0.0830848009911921,3.63390412634984e-47,2.77205358421422e-46
"EIF3H",0.0830753151955737,3.72198371998295e-47,2.83549274942427e-46
"CHCHD5",0.08303635567211,4.10658082186578e-47,3.12436036935356e-46
"CD5",0.0830251103893492,4.22477195449076e-47,3.2100474125887e-46
"NDUFAB1",0.0829261285355479,5.4224811643464e-47,4.11466432562969e-46
"S100A6",0.0828364743130572,6.79619882893764e-47,5.13678619219966e-46
"DRAP1",0.0827704600911284,8.02430529794919e-47,6.05709013786295e-46
"TIMM8B",0.0826849240002408,9.94939572014685e-47,7.49062207807923e-46
"MRPL28",0.0826552747812409,1.07187815814389e-46,8.05934985399712e-46
"PDCD10",0.0825773190776875,1.30359665318305e-46,9.78885663920134e-46
"POLD4",0.0824134073089842,1.96607118968661e-46,1.47251072089905e-45
"TPI1",0.0823786764011811,2.14469816460217e-46,1.60421197344497e-45
"C1orf43",0.0823653374818789,2.21751662513079e-46,1.65616363940349e-45
"TRAFD1",0.0823649088701399,2.21989681508392e-46,1.65616363940349e-45
"HSBP1",0.0822394408004696,3.03817439153849e-46,2.26371469198998e-45
"DECR1",0.0822342039635583,3.07819600233151e-46,2.29057501231559e-45
"TANK",0.0822218055004854,3.17505277782776e-46,2.35960430022328e-45
"STK24",0.0820277840703427,5.15270880024781e-46,3.81459199628102e-45
"RGS1",0.0819162030742445,6.80367603110843e-46,5.03035893223106e-45
"PIH1D1",0.0817465483455115,1.03743196397063e-45,7.66052514240538e-45
"CCNQ",0.0814536949988747,2.14449483875574e-45,1.57947659452163e-44
"ECH1",0.0813040206706698,3.10503417791668e-45,2.2811123699421e-44
"TNFRSF14",0.0813028931406523,3.1136956477476e-45,2.28456524180158e-44
"SNRPB2",0.0810760506912013,5.44907308054495e-45,3.98791934714502e-44
"ELOB",0.0810571930948477,5.70816616093512e-45,4.17224261725131e-44
"FKBP3",0.0810402011467218,5.95210612332266e-45,4.34503747002554e-44
"MIAT",0.0809587929901473,7.27259271573481e-45,5.3022809344681e-44
"UBXN11",0.0809244213177462,7.91413406738676e-45,5.76272868265397e-44
"BIN1",0.0808563064244889,9.35651639745602e-45,6.80441741035673e-44
"TIFA",0.0808131468727923,1.0402890558613e-44,7.55585262613614e-44
"MPLKIP",0.0808097973139399,1.04888069787306e-44,7.60867293664643e-44
"MMADHC",0.0807261118342723,1.28801947551622e-44,9.33166873781661e-44
"RHOA",0.0807134155266367,1.32876051731159e-44,9.61475772062228e-44
"C14orf119",0.0806846941458628,1.4257167748704e-44,1.03033942865634e-43
"LAMTOR5",0.0806041599156302,1.73675731751495e-44,1.25355187110247e-43
"PCBD1",0.0804992147961658,2.24540488236577e-44,1.61865624457543e-43
"PPP4C",0.0804261208631533,2.68476696787859e-44,1.9305550004683e-43
"CYBC1",0.0803844093971924,2.97279247609979e-44,2.13500550556258e-43
"AKTIP",0.08036113989415,3.14662304357522e-44,2.25703670302218e-43
"CMTM7",0.0801250869781393,5.59502911374786e-44,3.99338278452771e-43
"ANXA11",0.0799233474830898,9.1377851605902e-44,6.50587741001527e-43
"H2AFY",0.079799817770396,1.23317162075573e-43,8.76905146349977e-43
"ESD",0.0797936678909285,1.25169735806101e-43,8.88982594081017e-43
"SNRNP35",0.0797522143105069,1.38400238941109e-43,9.81739456301816e-43
"CNIH1",0.0796998562192683,1.57116158431346e-43,1.11313130918129e-42
"UGCG",0.0796851866022505,1.62797491705059e-43,1.15196703639641e-42
"UBALD2",0.0795676946691548,2.16322563502374e-43,1.52883850945857e-42
"RPA3",0.0795046225328674,2.51941233027478e-43,1.77839056409972e-42
"SMC6",0.0793286397868587,3.85233358365835e-43,2.70931802158021e-42
"MT1E",0.0792495738678296,4.66067940564298e-43,3.27382924876286e-42
"PTRHD1",0.0792215839522796,4.98556970234614e-43,3.49778351258275e-42
"PSMC4",0.0791331404545798,6.16766851305657e-43,4.3113871896724e-42
"TSPAN14",0.079103277291459,6.62672351764869e-43,4.62667246080872e-42
"CACYBP",0.0789670703592676,9.19078146942834e-43,6.39363531172415e-42
"UXS1",0.0789150734205426,1.04115797748875e-42,7.23416633274412e-42
"GGCT",0.0787442628889402,1.56745465845723e-42,1.08647968934169e-41
"REXO2",0.0786510074493874,1.95901232182761e-42,1.35463118225178e-41
"SFT2D1",0.0783995345729041,3.56951322179578e-42,2.46236635766702e-41
"SGTB",0.0783802671669353,3.73713739919859e-42,2.57491892248247e-41
"ELK3",0.0783467007151205,4.04807217620255e-42,2.78582723629595e-41
"RALA",0.0780238709434231,8.71581411346163e-42,5.98382142765872e-41
"ATP5PO",0.0777571881027186,1.63833468048147e-41,1.12212305253404e-40
"GBP4",0.0777191781077473,1.79222484915498e-41,1.22606888553698e-40
"EIF3I",0.0776632214797384,2.04529949435969e-41,1.39754054312468e-40
"SH3BGRL",0.0772677753002752,5.18767400683917e-41,3.53632576801909e-40
"COMMD6",0.0772363647667843,5.58458899579123e-41,3.80239961496199e-40
"HAUS1",0.0770673261092493,8.3000003691801e-41,5.64458751521953e-40
"ECE1",0.0770088785758266,9.51681884079233e-41,6.46448695581264e-40
"CUTA",0.077004340237187,9.61840972794612e-41,6.52580810600768e-40
"HERC6",0.0769524181482446,1.08603217771408e-40,7.35975037470872e-40
"UBXN1",0.076882570297401,1.27859759599525e-40,8.64439898722695e-40
"IFNAR2",0.0768633325594722,1.33735795119701e-40,9.03108115287252e-40
"EED",0.0768384080527409,1.41749829209275e-40,9.5610674274841e-40
"CD58",0.076657508616739,2.16132008333785e-40,1.45611365894969e-39
"TBCA",0.0766082438276296,2.42401098779902e-40,1.63118685725052e-39
"GLRX",0.0765308505786866,2.90220610305907e-40,1.95070193430556e-39
"C9orf16",0.0763082066108651,4.86669153147765e-40,3.26731199790822e-39
"GLIPR2",0.0762422349965318,5.6706304678261e-40,3.80261929162246e-39
"TMBIM4",0.076240085921812,5.6989300939988e-40,3.81715793868654e-39
"CCM2",0.0762056051495794,6.17266726327631e-40,4.12967193820354e-39
"LAIR2",0.0761855788263873,6.46557906323831e-40,4.3206250820041e-39
"SUCLG1",0.0760923629282985,8.02153442681548e-40,5.35418854623205e-39
"RNASEH2B",0.0759608311759304,1.08694271230221e-39,7.2299868764093e-39
"PHPT1",0.0758859325273622,1.29193590244958e-39,8.58363404311836e-39
"DDT",0.0756904865472261,2.02624636916892e-39,1.34314515068933e-38
"ADD3",0.0756870979890769,2.04209740478736e-39,1.35209824723406e-38
"SRP9",0.0755999711965748,2.49482015942977e-39,1.64806733785011e-38
"STAT2",0.0754837430040523,3.25756204356254e-39,2.14701260631145e-38
"PSMG2",0.07536581514743,4.26833141290528e-39,2.80358397018505e-38
"PSMB6",0.0753337021810532,4.59394886035601e-39,3.01402765388773e-38
"GABARAP",0.0752984224535093,4.98020267241986e-39,3.2637305468006e-38
"PSMB7",0.0750202381093998,9.40005292138826e-39,6.14039223763584e-38
"NAP1L1",0.0750201607600729,9.40171032743618e-39,6.14039223763584e-38
"NDUFB8",0.0748902742317693,1.26377349165594e-38,8.23523358912973e-38
"H2AFJ",0.0747410907088624,1.77395429837929e-38,1.15467205855004e-37
"PHF11",0.0747245706441736,1.84175939181057e-38,1.19745506342408e-37
"PSMB4",0.07466770908038,2.09544693210494e-38,1.36086063710013e-37
"MRPS33",0.0746539789839681,2.16173723412749e-38,1.40233280418596e-37
"SP140",0.0745450103738913,2.76735839804657e-38,1.79117349961106e-37
"RNF181",0.0744074407308905,3.7779611345757e-38,2.43980983909273e-37
"FAM89B",0.0743924838971241,3.90787607457748e-38,2.52088605392487e-37
"DYNC1I2",0.0743164000633379,4.64074271848497e-38,2.9902975706707e-37
"DESI1",0.0743083035120362,4.72635801597291e-38,3.04206547746828e-37
"PDIA6",0.0741865761929525,6.21989283882532e-38,3.99889877385793e-37
"NEDD8",0.0741140240649872,7.32435370262565e-38,4.70373583552808e-37
"TMEM123",0.0740410812498293,8.63113686580634e-38,5.53679269244774e-37
"AIP",0.0740203457917872,9.04322385388968e-38,5.78826547895469e-37
"RPL26L1",0.0738939802442059,1.20126821786024e-37,7.68039225321507e-37
"CD53",0.0738559493004357,1.30831444921364e-37,8.35553646579744e-37
"DDRGK1",0.0738190433831488,1.42124645624649e-37,9.06673485970523e-37
"FKBP5",0.0736849726914327,1.91929939495751e-37,1.22035276854685e-36
"DNAJA1",0.0735218810616827,2.76400535021104e-37,1.75165042358979e-36
"GIPC1",0.0732027143558991,5.6299205927737e-37,3.5600605327331e-36
"GNB2",0.0730560977794242,7.79797283730083e-37,4.92023078257264e-36
"HSD17B10",0.0730360757836792,8.15230094514766e-37,5.13817700007285e-36
"ANXA6",0.0730300576104192,8.2618988343536e-37,5.20156884036214e-36
"PDZD11",0.0729882492202861,9.06477726739681e-37,5.69461552299318e-36
"ATP5IF1",0.0729774775499308,9.28390293925561e-37,5.82592690431851e-36
"CNN2",0.0729554867255162,9.74773453590849e-37,6.10371173383108e-36
"NDUFA1",0.0726652916654696,1.85229907785416e-36,1.15733572935915e-35
"COMMD3",0.0725939286190009,2.16822231542484e-36,1.34888221068555e-35
"SEC61G",0.072394073219519,3.36731385190792e-36,2.09034434703477e-35
"TUBB",0.0723341102220424,3.84185548818854e-36,2.38236350541756e-35
"SHKBP1",0.0723146279684567,4.00990453250138e-36,2.48390112126052e-35
"CIAO2B",0.0722658291555627,4.46358219153356e-36,2.76196121229335e-35
"HPRT1",0.0720783812888173,6.73286095826565e-36,4.14833431050406e-35
"DDX60L",0.0720237567161734,7.58812233210587e-36,4.66531998819345e-35
"CNTRL",0.0720069195080879,7.87289554395808e-36,4.83524905239683e-35
"PPP1R7",0.0719992787034468,8.00560593308112e-36,4.91152440596583e-35
"UBE2D2",0.0719081021212734,9.77156291764654e-36,5.98858696557573e-35
"PDCD6",0.0716693946955373,1.64472068459755e-35,1.0058434982051e-34
"LAMTOR4",0.0716273168380442,1.80249815540163e-35,1.10023101449727e-34
"CENPK",0.0716137037029322,1.85669441031268e-35,1.13186527885462e-34
"PSMC2",0.071533599482543,2.21002146841257e-35,1.34301304618918e-34
"HADHB",0.0714302063750009,2.76645323059435e-35,1.67761680134991e-34
"ANAPC16",0.071410187603639,2.889282630241e-35,1.75026186224788e-34
"PSMD4",0.0713717142067948,3.14075799091103e-35,1.90060349775277e-34
"NCKAP1L",0.0711086761004971,5.55023696232261e-35,3.35515896873318e-34
"NEAT1",0.0710212853213006,6.70292514848497e-35,4.04772453731025e-34
"SF3B6",0.0709912795626684,7.15121481918081e-35,4.31391797721922e-34
"CD44",0.0709737882443901,7.4261506757395e-35,4.47508996311282e-34
"UQCRC2",0.0708300891689466,1.01207510398653e-34,6.08617009873863e-34
"DDX60",0.0708052742876712,1.06758568750801e-34,6.40662503627338e-34
"NIBAN1",0.0708012849079596,1.07678783774474e-34,6.45513041608514e-34
"ZFP36L1",0.0707678127839294,1.15716666535504e-34,6.92259352603998e-34
"PML",0.0706010516565558,1.65556070235406e-34,9.86324232487174e-34
"IL10RB",0.0704894441881805,2.10302493714062e-34,1.25161453173271e-33
"COX7A2L",0.0704817083560429,2.138158553827e-34,1.27121241030106e-33
"CDC25B",0.0704057907534091,2.51543378246851e-34,1.49397596534458e-33
"ATP6V1F",0.0703173164760783,3.03922517475262e-34,1.80135781940374e-33
"TRIM69",0.0702872016722125,3.24116793766972e-34,1.91710928169654e-33
"SLC35D2",0.0702844209104169,3.26047407670861e-34,1.92655266397321e-33
"VMA21",0.0702433571355172,3.55923332928405e-34,2.10093128044842e-33
"MRPL15",0.0700580368286718,5.28342706777343e-34,3.10280284112519e-33
"SYPL1",0.0699480059608422,6.67670912564307e-34,3.91704796821807e-33
"IBTK",0.0698979713899645,7.42560469608464e-34,4.35197787421953e-33
"CISD2",0.0698816326179907,7.68778600442319e-34,4.50106212055924e-33
"TRIM14",0.0697004730809907,1.1288904244682e-33,6.58938368209325e-33
"MRPS24",0.069629615855227,1.31158028413209e-33,7.64801162648103e-33
"CISD1",0.0695560146001356,1.53246584800668e-33,8.92700055096414e-33
"CMTM6",0.0695395433737371,1.58674940373547e-33,9.22458045498231e-33
"PDCL",0.0695307012540585,1.61667343644563e-33,9.3890792628217e-33
"PYCARD",0.0694987799958573,1.72944296944559e-33,1.00339010108579e-32
"MPC2",0.0694772941148185,1.80971185401414e-33,1.04890535297483e-32
"DAAM1",0.0693561016969725,2.33686039910881e-33,1.35307971101009e-32
"SP100",0.0693476471482784,2.37886996382725e-33,1.37602237526497e-32
"HDAC7",0.0693381740942517,2.42683190672669e-33,1.40235867796521e-32
"SEPTIN9",0.0691171098735733,3.86371651573918e-33,2.23043575037716e-32
"PSMD14",0.0690511388996809,4.4376418581196e-33,2.55918805957757e-32
"PRELID1",0.0690085769280651,4.85206319250015e-33,2.79259964382718e-32
"FIBP",0.0689704810286199,5.25547330414126e-33,3.01875642878313e-32
"IDH2",0.0689123683682611,5.9358818268698e-33,3.40619208911026e-32
"ILK",0.0688544100197945,6.70153122518792e-33,3.84172272123844e-32
"YIPF3",0.068822094800786,7.17021215759749e-33,4.1063171313669e-32
"AP1S2",0.0688100339344701,7.35335665128625e-33,4.20702458412379e-32
"HIKESHI",0.0687454739900676,8.4156210909622e-33,4.80999869490377e-32
"HLA-DQB1",0.0686655347889954,9.94421339167068e-33,5.67804738908563e-32
"MRPL13",0.0686000949773554,1.13984282555535e-32,6.48911507895132e-32
"BTF3L4",0.0685157189939885,1.35890338934107e-32,7.71338173851375e-32
"CASK",0.0685066573455083,1.38478395158233e-32,7.85255560351551e-32
"SEPTIN1",0.068449996704301,1.55807896464852e-32,8.82656325061692e-32
"NSUN6",0.068445916178938,1.57135980024302e-32,8.89306375662559e-32
"NTAN1",0.0683996203268928,1.73014312716268e-32,9.78209354347761e-32
"CSNK2B",0.0683763626092469,1.81582397115319e-32,1.0246435265793e-31
"PAFAH1B3",0.0683646134155414,1.86069636809305e-32,1.04893802099634e-31
"SYNE3",0.0683523620704091,1.90865948204769e-32,1.07492570634463e-31
"PSMA1",0.068338120747181,1.96595803069051e-32,1.1061151183407e-31
"CCT5",0.0681940087322188,2.65102920865339e-32,1.48865486332075e-31
"FAM207A",0.0681416519731896,2.95473600771236e-32,1.6575839062721e-31
"SNRPE",0.0680997865554712,3.22224178474508e-32,1.80414256044902e-31
"KIAA0040",0.0678055745760276,5.91591977303837e-32,3.30592144681321e-31
"NSMCE1",0.0677162711306644,7.1103202249199e-32,3.96952727367987e-31
"COX17",0.0676870756553221,7.55052017624176e-32,4.20713525182476e-31
"HMGA1",0.0676082733162959,8.87840737863914e-32,4.93749039080153e-31
"ZCRB1",0.0675938818810175,9.14482854469151e-32,5.08075397083198e-31
"EIF3E",0.0675426505074588,1.01592994170739e-31,5.63894896422184e-31
"NUDT1",0.067446848996615,1.23653709602934e-31,6.85024921498676e-31
"ELMO1",0.0673618060849595,1.47185629167057e-31,8.14606068528233e-31
"DCTN3",0.0673578956933467,1.4836859936744e-31,8.20365975601177e-31
"RALY",0.0672491963675618,1.85311460278036e-31,1.02267099657745e-30
"FAM104A",0.0672185863255385,1.97272220387473e-31,1.08659875355736e-30
"RTF2",0.0670514719889142,2.7742648262803e-31,1.52373192887224e-30
"FABP5",0.0669360695531633,3.50908055642867e-31,1.92548692377965e-30
"MPRIP",0.0669146881050892,3.66505787242127e-31,2.00916242873132e-30
"NUCB1",0.0668506309867886,4.17474885815396e-31,2.28422928510189e-30
"RBIS",0.066608977059831,6.81517690913382e-31,3.71134327053586e-30
"TADA3",0.0665365071220932,7.89148336585595e-31,4.29341363876333e-30
"NDUFA9",0.0665301372053381,7.99379095322789e-31,4.34497572358768e-30
"MCUB",0.0665166550824466,8.21469041434155e-31,4.46083988884253e-30
"TIPRL",0.066457390328126,9.25981354682409e-31,5.02364484708697e-30
"PSMC1",0.0664210852871589,9.96416603291381e-31,5.40069036765169e-30
"STOML2",0.0663240128636599,1.21195459520408e-30,6.56276258266845e-30
"TSTA3",0.0663227237842765,1.2151080088293e-30,6.57366593519563e-30
"LSM6",0.0662742549465488,1.33977368778092e-30,7.23452702006794e-30
"NDUFB2",0.0661674279204206,1.6611550969935e-30,8.94480060164473e-30
"PLGRKT",0.0661603534453194,1.68495682255392e-30,9.06450186163103e-30
"ELOC",0.0660627382984106,2.05010120929147e-30,1.09674709406159e-29
"CASP2",0.0660357413305246,2.16427713625889e-30,1.15675498098285e-29
"REEP3",0.0660186003913471,2.24002261446834e-30,1.19613059422583e-29
"ATP5F1A",0.0659465327431859,2.58834544097988e-30,1.37957376692523e-29
"ATP6V1D",0.0659161021780976,2.75109974919947e-30,1.46496696709449e-29
"SH3YL1",0.0658016813960084,3.4592300360308e-30,1.84034867322782e-29
"OST4",0.0657799705855686,3.61272258123526e-30,1.92023697013675e-29
"PSMA3",0.0657069733578369,4.18008495881477e-30,2.21567554756294e-29
"DGKH",0.0656767354638759,4.44024084105038e-30,2.34925403030619e-29
"ZNF524",0.0656192115806897,4.98031078127736e-30,2.63258041023158e-29
"ICAM2",0.065583770862098,5.34499850701375e-30,2.82276615292567e-29
"SYNGR2",0.0655781223487236,5.40552146052071e-30,2.85211731590329e-29
"CGAS",0.0655748085581606,5.44134424341182e-30,2.86839417292102e-29
"RER1",0.0653406743383245,8.67004845549024e-30,4.56622551989152e-29
"NDUFA2",0.065294563075412,9.50126666713537e-30,4.9994347508549e-29
"DOCK8",0.0652181213097188,1.10568875143693e-29,5.80209920794975e-29
"IFI27L2",0.0651861722144924,1.1779666415796e-29,6.17575783817233e-29
"SRI",0.0651645892206585,1.22942749514196e-29,6.43969878699701e-29
"TXNL1",0.0651552860182572,1.25229163305482e-29,6.55350802888126e-29
"DBNL",0.0650925039330657,1.41801415609131e-29,7.4140413764085e-29
"MAP4K4",0.0650853782289371,1.43814746064209e-29,7.51249674413308e-29
"COA3",0.0649319114672632,1.94764634335755e-29,1.01555845046501e-28
"MDH2",0.0648949527503386,2.09499161804165e-29,1.09140168574943e-28
"FDFT1",0.0648453919400551,2.31007389914515e-29,1.20236427584568e-28
"VPS28",0.0648005466968327,2.52350004730814e-29,1.31108331286721e-28
"ANXA7",0.0647524993020353,2.77390652935561e-29,1.43988469440088e-28
"MAPKAPK3",0.0647196196205488,2.95932027694186e-29,1.53474820477731e-28
"DDX58",0.0646111133504358,3.66289716426917e-29,1.89792703920398e-28
"ANTXR2",0.0643182978016348,6.50180079118324e-29,3.36587838085761e-28
"UQCR11",0.0641906884752998,8.34233353271073e-29,4.3148195052146e-28
"HINT2",0.064141596039429,9.18072394010395e-29,4.73994941473406e-28
"DPY30",0.0641053466082455,9.85294128331596e-29,5.08246085696629e-28
"CLPP",0.0640894293874825,1.01633307517401e-28,5.23788457956079e-28
"RGS19",0.0640468448802747,1.10422468841927e-28,5.68577123045886e-28
"NDUFA6",0.0639685425646179,1.28596695625651e-28,6.61567478744988e-28
"MRPS34",0.0639658223718935,1.2927875696439e-28,6.64483593060281e-28
"ACAP1",0.0637932932827946,1.8073395180941e-28,9.27306672673371e-28
"CD74",0.0637862775163995,1.8320977936474e-28,9.39174042307962e-28
"CASP4",0.0637838666491715,1.84068305258433e-28,9.42737048335156e-28
"ABCC1",0.0636519414232332,2.37665684868583e-28,1.21616504404359e-27
"MTIF3",0.0634397741191842,3.58082093232165e-28,1.82748622271672e-27
"ORMDL2",0.0633696816119886,4.09886091944076e-28,2.09002041754331e-27
"TRAF3",0.063293306674229,4.74821158070263e-28,2.41472100404868e-27
"NR3C1",0.0631510490223455,6.24146045982429e-28,3.16853014716608e-27
"PSMB5",0.063140256754848,6.37213180828002e-28,3.23202147215047e-27
"EIF3K",0.0631143008220549,6.69761845066166e-28,3.39412703031334e-27
"MRPL42",0.0630627296212103,7.39403602083376e-28,3.74047418703055e-27
"NCOR1",0.0630515192820425,7.55467308812347e-28,3.81838735312954e-27
"ESYT1",0.0630057549335174,8.24714388521767e-28,4.16473544536342e-27
"NDUFS4",0.0629195709995505,9.72650144371154e-28,4.90750077216837e-27
"ZNRD1",0.0628987943373963,1.0120821442908e-27,5.10199101934009e-27
"ACTL6A",0.0628865665645302,1.03602609012302e-27,5.21813315435761e-27
"ADRM1",0.0628314254123494,1.15117150520432e-27,5.78797390628884e-27
"UBE2L3",0.0627201819773136,1.42349285516931e-27,7.13850721370558e-27
"ZCCHC9",0.0626981776699793,1.48448757815332e-27,7.43791473780208e-27
"EIF3G",0.0626867382723885,1.51721376108307e-27,7.59528798625527e-27
"MRPS36",0.0626460251408747,1.63959880474668e-27,8.18779322460668e-27
"VPS29",0.0626459510324893,1.63983027127115e-27,8.18779322460668e-27
"MRPL58",0.0626118368549026,1.7498959465907e-27,8.72980097230847e-27
"NDUFS3",0.0625654252589502,1.91148710679986e-27,9.52769761876819e-27
"NOSIP",0.0624911172316301,2.20154807208014e-27,1.09640135852212e-26
"CNST",0.0624199483167709,2.52014310032818e-27,1.25398319754898e-26
"ATP5F1D",0.0623864830311529,2.68536295387974e-27,1.3350420823297e-26
"ATXN7L1",0.062360475195444,2.8211435610532e-27,1.40133806344477e-26
"MED16",0.0623345425437924,2.96330692359243e-27,1.47068769607208e-26
"VAMP5",0.0623205629809616,3.04286684912437e-27,1.50887473077388e-26
"DCTN2",0.062310882653727,3.09919671687069e-27,1.53548689572107e-26
"HRAS",0.0622677165377513,3.36323131252997e-27,1.6648716720481e-26
"NDUFS7",0.0622314347321945,3.60232230265018e-27,1.78169748879791e-26
"ACAT2",0.062049729528226,5.07803789794083e-27,2.50513640354361e-26
"MRPS14",0.0619768556510292,5.82609095691611e-27,2.86926272831214e-26
"GET3",0.0619443218976736,6.19439503605368e-27,3.04804404205816e-26
"TMEM50A",0.0619191614315296,6.49497735773449e-27,3.1905054873982e-26
"FOXO1",0.0619185032577592,6.50303139199498e-27,3.19174315213915e-26
"TM9SF2",0.0618609413769751,7.24709662504301e-27,3.55089262843017e-26
"PCBP1",0.0618236079009863,7.77419417398302e-27,3.80592341267912e-26
"MFNG",0.0618195926907344,7.8330993675911e-27,3.83150840143324e-26
"IFIT5",0.0617150270681067,9.5330709175316e-27,4.65120304411208e-26
"VBP1",0.0616967977165689,9.86481016080649e-27,4.80899071829003e-26
"PPP1R2",0.0616903249478844,9.9853348367255e-27,4.86363395298952e-26
"TSPAN5",0.0616698562177873,1.03761584078659e-26,5.04973042516141e-26
"ATP6V0E2",0.0615856724021598,1.21494224546039e-26,5.89778781950343e-26
"TRAPPC3",0.0614758960624401,1.49198919543179e-26,7.23050562189508e-26
"HTATIP2",0.061463982224956,1.52559060595375e-26,7.38713772001284e-26
"CAPN1",0.0614491897385329,1.56835653968684e-26,7.58444870687032e-26
"DLEU2",0.061448980626831,1.56896953481815e-26,7.58444870687032e-26
"FAM160B1",0.0614139125380133,1.67520171357361e-26,8.09119621623032e-26
"FERMT3",0.0614071514137994,1.69648848645755e-26,8.18715405974953e-26
"CAPZA2",0.0613820258126109,1.77797041741653e-26,8.57320685388055e-26
"LMNB1",0.0613256058151727,1.97534863537873e-26,9.51698878882971e-26
"MRPS21",0.061277448990116,2.16089707669588e-26,1.04022482815569e-25
"MRPL41",0.0612558649182728,2.24957173687992e-26,1.08200835751347e-25
"HIGD1A",0.0611005821776012,3.00313266585006e-26,1.44325550699644e-25
"UQCRH",0.0610431641529224,3.34110941578081e-26,1.60434454627876e-25
"AC008555.4",0.0608826796405681,4.49900651390305e-26,2.15546415764779e-25
"ATP5MPL",0.0608224274289126,5.02974707878011e-26,2.4071826890726e-25
"TPGS1",0.0607005506072833,6.30032779135757e-26,3.01027260751939e-25
"RDX",0.0605720323711854,7.98546190081648e-26,3.81226479983515e-25
"ATP6V0D1",0.0604619188597103,9.77966173645417e-26,4.66109993670506e-25
"PCMT1",0.0604311352967484,1.03491239917942e-25,4.92843914621611e-25
"GIMAP7",0.0603675009145009,1.16325376065733e-25,5.53505316642807e-25
"TCIRG1",0.0603374758979206,1.22916907815894e-25,5.8438731028381e-25
"CHCHD2",0.0603301777049281,1.24574244213754e-25,5.91291906486188e-25
"MRPL23",0.0603017052256235,1.31254460361726e-25,6.22487231008284e-25
"NUP37",0.0602916330191623,1.33701626718658e-25,6.33572129241168e-25
"SNX5",0.0602907738548432,1.33912452372889e-25,6.34050174740929e-25
"CD47",0.0602435366619579,1.46025151810976e-25,6.90834331824362e-25
"ERP29",0.0599533154441358,2.48221726149514e-25,1.17047808234199e-24
"MRPL54",0.0599107924346182,2.68229865048569e-25,1.26276051570212e-24
"PPT1",0.0597842580473044,3.37714860947579e-25,1.58728737007717e-24
"COPB2",0.0597544243677351,3.56539260588646e-25,1.67439895424652e-24
"SNU13",0.0597061744538649,3.89207949463402e-25,1.82633217620459e-24
"URM1",0.0596954112240911,3.96890670853108e-25,1.86086869821941e-24
"HSPB1",0.059694779692537,3.97346092065474e-25,1.86149058727993e-24
"NCOA3",0.0595715965949592,4.96840787374203e-25,2.32571495193752e-24
"TRIM22",0.0595132023760116,5.52272129616157e-25,2.58309275871563e-24
"GABARAPL2",0.0594110259445111,6.6439008864594e-25,3.10245962851914e-24
"UQCC2",0.0592400411588894,9.04573772083737e-25,4.21720043945587e-24
"PQBP1",0.0592297979717024,9.21426400977071e-25,4.29229891311371e-24
"CBX5",0.0592059124359433,9.61942125790331e-25,4.47741746524039e-24
"EHD4",0.0591849010493354,9.99038694094255e-25,4.64633560390449e-24
"H1FX",0.0591234205737694,1.1159226981225e-24,5.18158309184579e-24
"COX16",0.0590565557388126,1.25845633588209e-24,5.82465304095669e-24
"HMGN2",0.059022179661412,1.3386103879477e-24,6.19067049502355e-24
"MSL3",0.058979083414051,1.4462748651267e-24,6.68322688075775e-24
"SH3BP1",0.0589275523612948,1.58632138061386e-24,7.31865232160011e-24
"SNX17",0.0589170379118558,1.61650552410442e-24,7.44871140897161e-24
"SMAP1",0.058916834524516,1.61709496862016e-24,7.44871140897161e-24
"HMOX2",0.0589046840116298,1.65269786453091e-24,7.60663095351136e-24
"SSNA1",0.0588002458681637,1.99254631146954e-24,9.15618691493613e-24
"PPP4R2",0.0587285233820611,2.26516561495362e-24,1.04006449852209e-23
"SLC16A1-AS1",0.0587108105339783,2.33799404440837e-24,1.07265009181409e-23
"JAGN1",0.0586376921320874,2.66399108043811e-24,1.2212429698638e-23
"CLNS1A",0.0585043995753216,3.37828307268005e-24,1.54623480001158e-23
"PRDX5",0.058390239016745,4.13873309162128e-24,1.89128951976069e-23
"NDUFA8",0.0583694409664421,4.29449766218675e-24,1.96091591590111e-23
"LSM2",0.0582672453051457,5.14838003234512e-24,2.34894838975746e-23
"MFAP1",0.0581655116271233,6.16506048706666e-24,2.81058528291806e-23
"DCP2",0.0580724539497062,7.26793513606988e-24,3.30814379871468e-23
"COX14",0.0580480548406102,7.58808639895165e-24,3.44842350376314e-23
"UFD1",0.0580413475160102,7.67851747695619e-24,3.48677246374853e-23
"STX10",0.0578861385045313,1.00965347017959e-23,4.56680122551037e-23
"SPOCK2",0.0578517981585697,1.07259467241898e-23,4.84389465610042e-23
"TMEM156",0.0578248926687892,1.1246102544363e-23,5.07482577256194e-23
"M6PR",0.0578202562946912,1.13382258273082e-23,5.11239627412714e-23
"MITD1",0.05780710023239,1.1603721207411e-23,5.22802032837027e-23
"MCTS1",0.0577481880273479,1.28701248724122e-23,5.79406792655745e-23
"CLPTM1L",0.0576419031052091,1.55105623142115e-23,6.97189500125158e-23
"UBE2R2",0.0576265560069414,1.59337459324599e-23,7.15653526421309e-23
"UCHL3",0.0575897905813498,1.69945908003061e-23,7.62706654827746e-23
"NMRK1",0.0575521809366915,1.81521495793134e-23,8.14023690699068e-23
"INPP4B",0.0574976077300533,1.997193913033e-23,8.9493529887034e-23
"CISH",0.0574824632379684,2.05082095544435e-23,9.18251898295621e-23
"SNX2",0.0574638160773423,2.11881306975141e-23,9.47224416531501e-23
"FKBP8",0.0574435774473723,2.19513547569359e-23,9.80584530466686e-23
"ZNF688",0.0573434237533843,2.61478955191626e-23,1.16624063000008e-22
"ROMO1",0.0572115566841105,3.29056076543455e-23,1.46651189600163e-22
"SEC61B",0.057194377730231,3.39046257473099e-23,1.50986854582808e-22
"UBE2K",0.0571713799224414,3.52891837268535e-23,1.57031421722812e-22
"SCAND1",0.0570024017514451,4.73315148270784e-23,2.10293409867304e-22
"ACAA1",0.0569617815154899,5.07862773061054e-23,2.25469177231955e-22
"LRRFIP1",0.0569586508107504,5.10626789347002e-23,2.26521899551089e-22
"GRSF1",0.0569430741183655,5.24601980906352e-23,2.32542630583161e-22
"ATP6V0B",0.0568844680628035,5.80658709419138e-23,2.56798985983142e-22
"HCLS1",0.0568452168023682,6.21477972590641e-23,2.746408787686e-22
"KIF20B",0.0568064347044297,6.64596625257523e-23,2.93470806880562e-22
"PDHB",0.0567832666524602,6.91754798313287e-23,3.05229527304723e-22
"RANBP1",0.0567651244330401,7.1378605559587e-23,3.14709799894601e-22
"WAS",0.0567566080916785,7.24366171396748e-23,3.19130611951493e-22
"ATP5PB",0.0567352652626215,7.51567955045354e-23,3.30862015018821e-22
"MRPL27",0.0566937522700063,8.07405609969458e-23,3.55172246582293e-22
"MYCBP2",0.0566758519830889,8.32731889719976e-23,3.66033903049932e-22
"NME2",0.0565995561390645,9.49795249355136e-23,4.16759338234658e-22
"CMAS",0.0565992472116023,9.50300901298032e-23,4.16759338234658e-22
"ADA",0.0565924440814843,9.61504048992269e-23,4.21352116302311e-22
"SEPHS2",0.0565416500041325,1.04938590954988e-22,4.59514695548531e-22
"RPLP1",0.0564668272428073,1.19351213126299e-22,5.21438216741942e-22
"BAZ1A",0.056465772137121,1.19567862516572e-22,5.21989298359631e-22
"AKAP11",0.0564528031233881,1.22262857947972e-22,5.33350909066533e-22
"SMIM26",0.0563588482496643,1.43666991137662e-22,6.26249083817762e-22
"RBCK1",0.0563416061765274,1.47979639211121e-22,6.44560860521552e-22
"TXNDC9",0.0563254410669299,1.52139188846462e-22,6.62178643077393e-22
"TNIP1",0.0562971456385066,1.59700474341373e-22,6.94564581845172e-22
"SDF4",0.056201664596036,1.88066724742392e-22,8.16087886824211e-22
"RACK1",0.0561441577722875,2.07501059858462e-22,8.99067326975018e-22
"MRPL18",0.0561319465930826,2.11876892882846e-22,9.17337868810342e-22
"TMEM256",0.056075310702758,2.33396305451642e-22,1.00974980760662e-21
"SLIRP",0.0560660144147526,2.37129518463439e-22,1.02513188379209e-21
"LRRC8C",0.0560625428232995,2.38538747565785e-22,1.03045165334223e-21
"USP48",0.0560219493681352,2.55644910108289e-22,1.10352110523541e-21
"PSMC3",0.0559318180081957,2.98087847815539e-22,1.28576860011385e-21
"SNAPIN",0.0559230921710232,3.02549700719305e-22,1.30403895668777e-21
"OIP5-AS1",0.055792840056526,3.77568439268543e-22,1.62374137901692e-21
"TMEM63A",0.0557515429766481,4.04995188852153e-22,1.74039288681846e-21
"HLA-DRA",0.0556954463825496,4.45432815715311e-22,1.91274091454222e-21
"LYPLA1",0.0556831336799731,4.54829683866333e-22,1.95163897831633e-21
"TSTD1",0.0556667980597159,4.67600170627883e-22,2.00494437472937e-21
"CKLF",0.0556519144352502,4.79544121178352e-22,2.05310389520086e-21
"MKNK2",0.0556199740521854,5.06204506868756e-22,2.16563901417813e-21
"VDAC3",0.0555928531276318,5.29989780258918e-22,2.26571613250792e-21
"CAPZA1",0.0554897209637595,6.30973357790444e-22,2.69143739229105e-21
"IDH3G",0.0554743278792171,6.47596213766789e-22,2.76030108262607e-21
"MYCBP",0.0553991395228679,7.35228870928817e-22,3.12919918719298e-21
"RIC3",0.0553935113811122,7.42241793776833e-22,3.15671712736799e-21
"PEF1",0.0553871010881185,7.50309962442518e-22,3.18867911083714e-21
"KIF5B",0.0551702368467596,1.08086247256893e-21,4.58670631295438e-21
"SFXN1",0.0551579289654502,1.10344129585939e-21,4.67563993623889e-21
"NRBP1",0.0551404884605474,1.1362371327806e-21,4.80754185234462e-21
"TMEM183A",0.0550640295598029,1.2917705119543e-21,5.43769382659888e-21
"HLA-DRB5",0.0550601752720075,1.30014565496904e-21,5.4689569600339e-21
"SERBP1",0.0550459743126626,1.33146971746755e-21,5.59256071422824e-21
"LGALS8",0.0549405346187384,1.58860721861011e-21,6.66775679019249e-21
"SDF2",0.0548960417071076,1.71132433477884e-21,7.17760540994149e-21
"SYT11",0.0548469741547219,1.85755139337229e-21,7.78524628312354e-21
"ADK",0.0548409579348198,1.87631034777931e-21,7.85245411875421e-21
"CAT",0.0547707655926237,2.10951927765098e-21,8.81565048856031e-21
"CNIH4",0.0547675730101069,2.12078240479875e-21,8.85630132402203e-21
"ATP2C1",0.0547320659385537,2.25012913056004e-21,9.38964883931963e-21
"SPCS2",0.0546670900774212,2.50735106809898e-21,1.04479000070281e-20
"SLC4A7",0.0546018817270272,2.79470362518152e-21,1.16284673928008e-20
"CALCOCO2",0.0545350290369888,3.12310868808471e-21,1.29762015880292e-20
"MIIP",0.0544711400786423,3.472521546904e-21,1.44175894607598e-20
"LINC00649",0.0543088286452319,4.54377626514922e-21,1.88517681446874e-20
"CHMP1A",0.0542621391205573,4.90843813457055e-21,2.03500810367134e-20
"DCK",0.054227616684723,5.19654411651211e-21,2.15136180329687e-20
"MAD1L1",0.0541986258943713,5.45135844217068e-21,2.25523559081767e-20
"PCED1B",0.0541892700508378,5.53619966473632e-21,2.28869272161537e-20
"C19orf53",0.0541807427424568,5.61466434179601e-21,2.31946771197261e-20
"MRPL36",0.0541509651945866,5.89738928964617e-21,2.43277854316091e-20
"TRIM21",0.0541034448021578,6.37800503796314e-21,2.62916047562069e-20
"DSTN",0.0540854178686509,6.57029128761907e-21,2.70569766677041e-20
"HELZ2",0.0540850499193743,6.57427517624907e-21,2.70569766677041e-20
"NAA10",0.0540847292143815,6.57774948640907e-21,2.70569766677041e-20
"PFKP",0.054056609699066,6.88954394589568e-21,2.83193157063296e-20
"PHB2",0.05403732061745,7.11183203416052e-21,2.92122046588345e-20
"BTG3",0.0540080942046588,7.46222121411572e-21,3.06078447665757e-20
"MALT1",0.0540034556027984,7.51938062746013e-21,3.08203753223614e-20
"TMEM219",0.0539876331693741,7.7176301199929e-21,3.16104921178971e-20
"PSME1",0.0539722686711011,7.91508588054492e-21,3.23962386608251e-20
"BRI3",0.0539461153989742,8.26274623427601e-21,3.37952181085601e-20
"CDC123",0.0539049465898765,8.84084096525397e-21,3.61340395794611e-20
"HDGFL2",0.0538561115095627,9.57862396090552e-21,3.91217594777211e-20
"GCH1",0.0538037526281929,1.04373425933982e-20,4.25988356235862e-20
"SH3BP5",0.0537026536539521,1.23164487393396e-20,5.01971447913581e-20
"RUVBL1",0.0537007767722812,1.23543235810754e-20,5.03159492175579e-20
"ZNF593",0.0536493238169745,1.34386889423361e-20,5.46936620539537e-20
"NUDT2",0.0536327159924486,1.38083931582339e-20,5.61586765469215e-20
"EDF1",0.0536152826726952,1.42072937947182e-20,5.77402842241999e-20
"TRIM25",0.0535897073439316,1.48131983395531e-20,6.01603625522553e-20
"SNHG25",0.0533990719518523,2.02104110026379e-20,8.19644446218092e-20
"NMT2",0.0533451991673069,2.20606879590547e-20,8.92799911999077e-20
"HIVEP2",0.0532809888969426,2.44857691888048e-20,9.89554526361859e-20
"UQCRFS1",0.0532381831845466,2.62469963527326e-20,1.05998899136001e-19
"DPYSL2",0.0532016600417652,2.78483323416135e-20,1.1238721666486e-19
"TUBA1C",0.0531964246779044,2.80856520967417e-20,1.1326570324609e-19
"TRIR",0.0531773816201836,2.89658610698875e-20,1.16733837030078e-19
"TRMT112",0.0530878917610867,3.34813934541868e-20,1.34837427409424e-19
"IFT57",0.0530678493957462,3.45844046458205e-20,1.39182317929133e-19
"NDUFB10",0.0530161902904871,3.75957749718349e-20,1.51195839792588e-19
"SELENOH",0.0529484629358216,4.1939498878336e-20,1.68547101067152e-19
"MORC3",0.0529439614324594,4.22451797341943e-20,1.69539284291648e-19
"PSMD13",0.0529073887902489,4.48117166227701e-20,1.79714304425254e-19
"NMT1",0.052825661120843,5.11173557790364e-20,2.04860174272205e-19
"KDSR",0.0527947397490273,5.37252395732809e-20,2.15162122652161e-19
"MTCH2",0.052726827114308,5.99234378244853e-20,2.39818505158783e-19
"UBASH3A",0.0527183237079343,6.0747693508627e-20,2.42948646646499e-19
"SH3GLB1",0.0526330144878673,6.96627231482921e-20,2.78409511016078e-19
"NPC2",0.0526151085565199,7.16920480320598e-20,2.86321358033857e-19
"RFFL",0.0525281143930834,8.24135268183713e-20,3.28912670700033e-19
"GTF2A2",0.0525034414106046,8.57328350027691e-20,3.41923415948111e-19
"TRAK2",0.0524968525677521,8.66413775034413e-20,3.45069629877311e-19
"ANAPC15",0.0524001300965523,1.01126876961311e-19,4.02205999610952e-19
"SCO2",0.0523378312025613,1.1169862252559e-19,4.43335138406798e-19
"RAB10",0.0522888519992592,1.20770628057995e-19,4.79012525454234e-19
"GDE1",0.0522865204164321,1.21220186962129e-19,4.8046516715505e-19
"EIF3M",0.0522503761485208,1.28404536113574e-19,5.0859131852128e-19
"ACSL4",0.0522467774793002,1.29142466428355e-19,5.11163077482718e-19
"C12orf10",0.052086030481018,1.66749355533276e-19,6.59111400521182e-19
"LAMP2",0.0520656001990502,1.72245196095406e-19,6.79437787881126e-19
"ERO1A",0.0520273406870751,1.83022919241115e-19,7.21458082886882e-19
"DEGS1",0.0519666560219485,2.0149965307313e-19,7.93748974913073e-19
"CMC2",0.0519458701418299,2.08242835324671e-19,8.1975183025077e-19
"ASXL1",0.0519320747159074,2.12840835375561e-19,8.3670967798968e-19
"CD3G",0.0518765881545055,2.32369494829913e-19,9.1285754542514e-19
"APBB1IP",0.0517744128141448,2.73072439317124e-19,1.07057019547373e-18
"TECPR1",0.0517472121859348,2.85046918619611e-19,1.11675650793431e-18
"SH3KBP1",0.051692163964006,3.10890320238671e-19,1.21717887088691e-18
"DTX3L",0.0516776694116022,3.18071599737837e-19,1.2444497392728e-18
"ZDHHC12",0.051618841412832,3.48938659141155e-19,1.36336669869041e-18
"PARP10",0.0515089002196868,4.14764735795712e-19,1.6189956246736e-18
"RFXANK",0.0515086533775917,4.14925530304765e-19,1.6189956246736e-18
"NQO2",0.0514948924191154,4.23987587592471e-19,1.65323625263406e-18
"SCAMP2",0.0514280597833583,4.7085625086543e-19,1.83474864779793e-18
"HK1",0.0513924839707846,4.97855830358709e-19,1.93864589714968e-18
"ARF5",0.051350188342429,5.31950725730933e-19,2.0700133841365e-18
"NT5C",0.0513360698696112,5.43837380677907e-19,2.11484165500303e-18
"RASGRP2",0.0513132338214777,5.63621271628319e-19,2.19029910611895e-18
"GNG10",0.0512597072584591,6.12822905300682e-19,2.37989878442359e-18
"HNRNPK",0.051209403065516,6.62919041002087e-19,2.56925679399129e-18
"SNW1",0.0511916105922405,6.81589248491745e-19,2.63984230762384e-18
"PPP2R1A",0.0511633276336129,7.12341796506896e-19,2.75709740970152e-18
"CUEDC2",0.0511557579887071,7.20802305062459e-19,2.7879724301108e-18
"ACOT9",0.0511266902639478,7.5422333235395e-19,2.9152854944271e-18
"CCT6A",0.0510990544993752,7.8741539037456e-19,3.04154357420635e-18
"PIN4",0.0510668699289079,8.27892536210616e-19,3.19575385296293e-18
"ARPC1A",0.0510523899815139,8.46767157610333e-19,3.26642555046073e-18
"EIF3F",0.0510184533680098,8.92684958690134e-19,3.4412527785869e-18
"AGPAT3",0.050965133365721,9.69842952167135e-19,3.73619526061982e-18
"SAE1",0.050890836600674,1.08844661944094e-18,4.18750610694858e-18
"DR1",0.0508741639087875,1.11696957249836e-18,4.29437568306536e-18
"N4BP2",0.0508579458773244,1.14542255678274e-18,4.40083403395476e-18
"ITGB7",0.0508379077101975,1.18156774425203e-18,4.53366678715998e-18
"EBPL",0.0508371404085286,1.18297398200696e-18,4.53604451744292e-18
"AHSA1",0.050814347995171,1.2255079106403e-18,4.69601602701835e-18
"TXNDC15",0.0508042808755653,1.2447721488823e-18,4.76666731912631e-18
"SNRPF",0.050803352658131,1.24656335263418e-18,4.77035889491792e-18
"DCTPP1",0.0507426204542052,1.36946158991966e-18,5.23719163731214e-18
"PSMD7",0.0507366600699427,1.38214928915378e-18,5.28221004012581e-18
"NUTF2",0.0505035947448892,1.98062449159811e-18,7.55940532299555e-18
"COPS9",0.0504899554401144,2.02266563338508e-18,7.70965810160726e-18
"TACC3",0.0504282645421928,2.22409184407803e-18,8.46622948171487e-18
"VDAC2",0.0504110071296809,2.28390042923196e-18,8.68816212096355e-18
"NIPAL3",0.050282020805681,2.78414193444305e-18,1.05841440579651e-17
"SERPINB1",0.0502463962456719,2.94042053063515e-18,1.116353206068e-17
"HADHA",0.0502444388308751,2.94925397881483e-18,1.11897024314639e-17
"ZBP1",0.0502216488731645,3.05404914471154e-18,1.157207714688e-17
"IL17RA",0.0501657640962765,3.32683881676015e-18,1.25974257756112e-17
"GIMAP2",0.0501330981570442,3.49728775208694e-18,1.32254809614986e-17
"TMEM126A",0.0500562123964385,3.93324512566183e-18,1.48546330318872e-17
"HDGF",0.049987998647515,4.36467448641899e-18,1.64409391007043e-17
"TIMMDC1",0.0499775919540685,4.43447685916669e-18,1.66929686989649e-17
"FRG1",0.0499178061969643,4.85736573503418e-18,1.82729472889381e-17
"ZBTB24",0.049902360673483,4.97293857157524e-18,1.86833464119052e-17
"TPR",0.0498966248446449,5.01654518377895e-18,1.88349062987326e-17
"KRTCAP2",0.0498417832795502,5.45300427926637e-18,2.0460296472693e-17
"MCCC2",0.0498083355468165,5.73738423117232e-18,2.15133256574582e-17
"FIS1",0.0497671603263719,6.10763158183059e-18,2.28718904755955e-17
"HACD4",0.0497594471018344,6.17956600762813e-18,2.312625383906e-17
"CDK2AP2",0.0497583502966689,6.18986261818571e-18,2.31497650577672e-17
"PSMD11",0.0497059441960481,6.7020845026041e-18,2.50492037112883e-17
"ITK",0.0496987953282904,6.77512515137786e-18,2.53057945259042e-17
"EIF3J",0.0496574885625098,7.21280550890069e-18,2.69231387506992e-17
"NCOA4",0.0496528034770304,7.26417685510715e-18,2.70973531199243e-17
"HELB",0.0496275248810944,7.54764697091531e-18,2.81365740667541e-17
"STAMBP",0.0496189343244942,7.64644392901033e-18,2.84680711030359e-17
"UBE2H",0.0496071708496891,7.78380494662212e-18,2.89607762110773e-17
"PIM3",0.0493659810193328,1.12030529453314e-17,4.15218549715466e-17
"ASF1A",0.0493412185633097,1.16286692834883e-17,4.30716350403835e-17
"SLC12A6",0.0493384751189479,1.16767943093812e-17,4.32221263043655e-17
"SMDT1",0.0493337960662594,1.17593273003111e-17,4.34997052860129e-17
"MBD2",0.0492372649407088,1.35964215176664e-17,5.0166706904915e-17
"SNF8",0.0491944719071327,1.44988326488362e-17,5.34621278042447e-17
"ADH5",0.0491665869325971,1.51184076348422e-17,5.57110906262844e-17
"MRPS31",0.0491628655867408,1.52030435394658e-17,5.59871980153889e-17
"FBXW5",0.0491043898315195,1.65960370681272e-17,6.10391235790111e-17
"MYO1G",0.0490867577748841,1.70402519577239e-17,6.25930783695502e-17
"NIT2",0.0490855042244246,1.70722763677549e-17,6.26707942793396e-17
"CSRP1",0.0490658653566874,1.75818121356972e-17,6.44591929984525e-17
"SSBP1",0.0490423742287185,1.82110336325368e-17,6.67236537222614e-17
"ECI1",0.0490263622820213,1.86526025765815e-17,6.82981327359656e-17
"GRHPR",0.0489925511679475,1.96200251100665e-17,7.17948507676102e-17
"ZNRF2",0.0489703409960217,2.02822843113937e-17,7.41711690702647e-17
"HLA-DRB1",0.0489622224926841,2.05298246561608e-17,7.50288332015711e-17
"MRPS12",0.04893506797564,2.13796465292804e-17,7.80357098318733e-17
"RPP21",0.0488470680531344,2.43792769074359e-17,8.88502538632728e-17
"EIF4E3",0.0488468072872408,2.43887553087499e-17,8.88502538632728e-17
"POLR3K",0.0488423939722247,2.45497244319652e-17,8.93802151509744e-17
"COX20",0.0488263554238887,2.5143581632334e-17,9.14845648414323e-17
"AP2M1",0.0487867520341562,2.66713551899076e-17,9.69821597605279e-17
"CHMP4A",0.0487147667241647,2.96864029604262e-17,1.07809499919885e-16
"RHBDD2",0.0487060858510146,3.0071984269714e-17,1.09141053041813e-16
"SYTL1",0.0487044305234691,3.0146068379015e-17,1.09341117196088e-16
"UBL3",0.0486739293183895,3.15438232113886e-17,1.14195372542422e-16
"CFAP36",0.048610851256422,3.46403966782428e-17,1.25248380967665e-16
"SELENOW",0.0486096918166049,3.47000342249696e-17,1.2538539935802e-16
"GIMAP6",0.0486015051701007,3.51240187801274e-17,1.26837956358794e-16
"CCDC32",0.048587056214802,3.58848312856424e-17,1.29504269101564e-16
"TUFM",0.04851492793367,3.99327228857045e-17,1.43932508051161e-16
"NSA2",0.048384293627061,4.84425113839023e-17,1.74495917021215e-16
"THYN1",0.0483719492957681,4.93336388895287e-17,1.775949409962e-16
"TUBA1A",0.0483444068169797,5.13806034909336e-17,1.84848372010115e-16
"BAK1",0.0483203302464693,5.32384473587203e-17,1.9141279670682e-16
"RBM42",0.0482658231273438,5.76927252031287e-17,2.07298408876289e-16
"ANP32A",0.048189158575559,6.45857663191069e-17,2.31851871021237e-16
"STAT5B",0.0481889398822229,6.4606547031581e-17,2.31851871021237e-16
"PDP1",0.048080173508113,7.580287466866e-17,2.71862673018758e-16
"MLKL",0.0480526951853992,7.8921743929973e-17,2.82521227339637e-16
"HAX1",0.0480427092333448,8.00862493802667e-17,2.86512034848634e-16
"CCT3",0.0480316130649246,8.14001029886937e-17,2.91031862328454e-16
"PLK3",0.0480202771116502,8.27642952397954e-17,2.9554284250644e-16
"COMTD1",0.048015777355589,8.33120342566284e-17,2.97314666805678e-16
"MZT2B",0.0479964721440246,8.57028373281822e-17,3.05657552796306e-16
"THADA",0.0479774290992997,8.8127421564644e-17,3.14110531621324e-16
"PSMD9",0.0479420711082276,9.28099656275139e-17,3.30596091274782e-16
"HIST3H2A",0.0479203374752477,9.58090690285742e-17,3.41068457461597e-16
"GHITM",0.0478710742371909,1.02965418237906e-16,3.66092211453764e-16
"PSMF1",0.0478670752292539,1.03568953905192e-16,3.68011187412965e-16
"RPS6KA1",0.0477962329238844,1.14857511254484e-16,4.07620472248992e-16
"TRAPPC2L",0.0477674296780598,1.19786667244609e-16,4.24852220171994e-16
"CYB5B",0.047756411992361,1.2172679677213e-16,4.31468000605332e-16
"TMEM14B",0.0477477220108184,1.23278861844253e-16,4.36700980501111e-16
"NAP1L4",0.0477380321084734,1.25032531967809e-16,4.42641259581555e-16
"SOD2",0.0477339186620143,1.2578439565143e-16,4.45029821915213e-16
"CCDC90B",0.0477314772317846,1.26232751175961e-16,4.46342290638728e-16
"SMCHD1",0.0477236370748232,1.27683235170009e-16,4.51194373299904e-16
"NOB1",0.0476649161779471,1.39082175590315e-16,4.90573031577582e-16
"ZDHHC21",0.0476387389347342,1.44481645949801e-16,5.093066333695e-16
"SNRPB",0.0476357619475522,1.45108634133576e-16,5.11204332955608e-16
"TIMM13",0.0475898910398422,1.5511562881111e-16,5.46124439165855e-16
"TTC1",0.0475894476761507,1.5521559671939e-16,5.46142981257304e-16
"TAF9",0.0475390209311685,1.67009974617003e-16,5.87284465619667e-16
"YWHAQ",0.0474571608090611,1.88064207534349e-16,6.6091790667312e-16
"GIMAP1",0.047354977653838,2.18046717559644e-16,7.64887725162084e-16
"SPCS1",0.0473402342069832,2.22744872277881e-16,7.80893421535891e-16
"HSPD1",0.0473217792426861,2.28766569377777e-16,8.01516892832103e-16
"DDX39A",0.0473050570093286,2.34361298837409e-16,8.2062028560737e-16
"ARL6IP4",0.0472883412271149,2.4008861399432e-16,8.40164464141529e-16
"UBXN4",0.0471709610556732,2.84381409846541e-16,9.94558878462705e-16
"NOL7",0.0471123504521049,3.09420745604404e-16,1.08081734700218e-15
"EIF2AK2",0.0470974964766404,3.1610422637807e-16,1.10349459656315e-15
"PAK2",0.0470375947815532,3.44531018026124e-16,1.20200265030651e-15
"ALDH9A1",0.0469944741726736,3.66539481730088e-16,1.27801281205406e-15
"SLC6A6",0.0469033137748107,4.1772862958153e-16,1.45561390138772e-15
"MRPL32",0.0468975610519387,4.21185440716232e-16,1.46677321051359e-15
"HM13",0.0468848246895647,4.28939330778618e-16,1.49287454471955e-15
"AIDA",0.0468347988639938,4.60779953551298e-16,1.6027249650967e-15
"OSBPL8",0.0467901624951255,4.91149449345198e-16,1.70732903819997e-15
"TAF10",0.046789090339904,4.91902663559383e-16,1.70891726551022e-15
"NCK2",0.0467052941707971,5.54430922268328e-16,1.92151630331818e-15
"NUDT21",0.0466711435583149,5.82104177039658e-16,2.0162130864791e-15
"NBEAL2",0.0465556108600334,6.862004730303e-16,2.37249288247347e-15
"RECQL",0.0465108176057209,7.31318508985673e-16,2.52394604507503e-15
"ITPA",0.0464748139170599,7.69691288933852e-16,2.65320362419696e-15
"SRGAP2C",0.0464185717839889,8.33638411769698e-16,2.86849207677556e-15
"ACTR2",0.0463581394349637,9.08187651610247e-16,3.12314739823273e-15
"TRAPPC4",0.0462834857478121,1.00939662716239e-15,3.46499425526519e-15
"CCNDBP1",0.0462629903642994,1.03907481180104e-15,3.56474981538168e-15
"MRPL22",0.0462042537026954,1.12897236332361e-15,3.86855830023009e-15
"OXA1L",0.0461607558868216,1.2004431364286e-15,4.10850139044848e-15
"CARS",0.0461603486518442,1.2011328843933e-15,4.10850139044848e-15
"EGLN2",0.0461058214779477,1.2971015277655e-15,4.4315074115069e-15
"KDM5B",0.0460932600271976,1.32025844892717e-15,4.50795173177206e-15
"IRF2",0.0460387521126967,1.42555100685856e-15,4.8645873707416e-15
"EIF2S1",0.0460030076710708,1.49904444609217e-15,5.10933174977158e-15
"CTSD",0.0459982843659015,1.50903092999445e-15,5.140331584925e-15
"TMEM223",0.0459819970566023,1.54397233947364e-15,5.2562505795422e-15
"CAB39",0.0459538877007127,1.60615961912703e-15,5.46473305221567e-15
"TOR1A",0.0459324612921648,1.65521279958374e-15,5.621679749823e-15
"HDAC1",0.0458609175475281,1.82993588218343e-15,6.2077883720893e-15
"MYD88",0.0458393611976271,1.88605473158848e-15,6.39440190303983e-15
"RAP1GDS1",0.0458252235352782,1.92377687153093e-15,6.5184613502461e-15
"GPRIN3",0.0458191325208469,1.94025703904075e-15,6.56658588271596e-15
"DBP",0.045765568403319,2.09130036211325e-15,7.07362415736489e-15
"MRPL50",0.0457476191157525,2.14446014513212e-15,7.24918033820455e-15
"COMT",0.0457239790783936,2.21650892439208e-15,7.48834620209089e-15
"TRIM38",0.0457052938118892,2.27513885818479e-15,7.67742878592844e-15
"CHMP3",0.0456467594719586,2.46886844124754e-15,8.32629491267519e-15
"BABAM1",0.0455414914804552,2.8589832391101e-15,9.63069879669856e-15
"DNASE2",0.045481487296898,3.10788630276952e-15,1.04630357898843e-14
"GLOD4",0.045470450769034,3.15593562185065e-15,1.06124085896284e-14
"LCMT1",0.0454597616541928,3.20316938640811e-15,1.07649637828762e-14
"MIB1",0.0454415144010481,3.2854149215907e-15,1.10220988090829e-14
"WSB2",0.0454395423790366,3.29442691700601e-15,1.10459069944033e-14
"SNRPC",0.0454050221011307,3.45618209772797e-15,1.15747980009275e-14
"RTN4",0.0452807654207618,4.10581575192388e-15,1.3742448892249e-14
"BCAP31",0.0452627666299977,4.20938082819445e-15,1.40809160302769e-14
"MRPS15",0.0451513683212336,4.91003533770875e-15,1.64151732130819e-14
"MRPL16",0.0450864089575298,5.37034461230936e-15,1.79436717144774e-14
"SNX3",0.0450519976322091,5.63113677671094e-15,1.8793267240331e-14
"LINC00963",0.0450208380987055,5.87801527753804e-15,1.96058496851139e-14
"C12orf76",0.0449353344036951,6.6115124753493e-15,2.2026916490664e-14
"CCT4",0.0448767992986899,7.16487284025494e-15,2.38567099709874e-14
"TNFAIP8",0.0447990532859844,7.97084157913633e-15,2.65250106098553e-14
"SDHB",0.0447691032005565,8.30458266772029e-15,2.76196818020432e-14
"NAPA",0.0447175157375434,8.91196939676683e-15,2.96056034050428e-14
"NTPCR",0.0447082011963188,9.02620495720129e-15,2.99678318872653e-14
"SARNP",0.0446911073011198,9.2396091549433e-15,3.06587031050391e-14
"AMMECR1",0.0446151604965127,1.02493543018187e-14,3.39506181841402e-14
"COMMD4",0.0445826763320715,1.0713703251674e-14,3.54480359451545e-14
"MRPL35",0.0445658222439682,1.09627203509682e-14,3.62511515275423e-14
"NDUFAF3",0.0445618048592484,1.10229122091193e-14,3.64293035587341e-14
"ACAT1",0.044554833128192,1.11281413659432e-14,3.67560087384848e-14
"MTX1",0.044383874094048,1.40413808952968e-14,4.63253109972408e-14
"PPM1M",0.0443798428675132,1.41184346484848e-14,4.65528945785088e-14
"UBA1",0.0443255918164936,1.51967742981354e-14,5.00798842156267e-14
"MRPL11",0.0443069176695305,1.55863876416248e-14,5.13344931634781e-14
"WDFY1",0.0442902345904095,1.59427603454031e-14,5.24483165498801e-14
"RNF10",0.0442585879247899,1.66409378822877e-14,5.47139616688443e-14
"MEI1",0.04422648439614,1.73799123863746e-14,5.71110853175056e-14
"FGFR1OP2",0.0441551113500948,1.91404198573959e-14,6.28245881147422e-14
"TMEM35B",0.0441396623446294,1.95439828066162e-14,6.41127126540136e-14
"ARPP19",0.0441364489550185,1.9628969388589e-14,6.43183332181776e-14
"MRPL21",0.0439513340084958,2.51900572187253e-14,8.23532086056625e-14
"GOLGA7",0.0439137583958713,2.64950561900223e-14,8.65215113521284e-14
"SASH3",0.0438873768934273,2.74507870896969e-14,8.95917878586768e-14
"MRPL34",0.0438676680077091,2.81868369363488e-14,9.19420184456583e-14
"THOC7",0.043792617349843,3.11716473929144e-14,1.01505867032715e-13
"N4BP1",0.0437429160196389,3.33171896499619e-14,1.08431282568471e-13
"TBL1XR1",0.0437018721731214,3.51979461576256e-14,1.14423086522563e-13
"VASP",0.0436900468009035,3.57589323494915e-14,1.16181274850432e-13
"CDR2",0.0436745300866202,3.65083881067599e-14,1.18549478722795e-13
"ISCA2",0.0436596499668157,3.72415958828764e-14,1.20862286694737e-13
"APOBEC3D",0.0436499129018435,3.77292008571125e-14,1.22375872521354e-13
"XRN2",0.0435686152757754,4.2053068512132e-14,1.36170716512895e-13
"HPF1",0.0434151924869401,5.15809126320838e-14,1.66741660958087e-13
"BZW2",0.0434110925030628,5.1862684147664e-14,1.67558599148223e-13
"TMEM116",0.043405131491065,5.22750563659148e-14,1.6879633262163e-13
"ARHGAP45",0.0433425051366883,5.68070658981609e-14,1.83327559616505e-13
"IGFLR1",0.0433089135682323,5.9394885592524e-14,1.91464675915084e-13
"SMC3",0.0432889836845093,6.09846535837324e-14,1.96369903527295e-13
"PFDN1",0.0432639110034944,6.3044172752953e-14,2.02775094403949e-13
"SEPTIN11",0.0432100919132923,6.7698622673417e-14,2.17503040087797e-13
"RPL28",0.0431917911042901,6.93570332237168e-14,2.22707132851434e-13
"ARHGAP4",0.0431207168688566,7.61849991162757e-14,2.44223952142058e-13
"MGST3",0.0430743524891495,8.0990852137881e-14,2.59341612592537e-13
"FLII",0.0430394011147793,8.48095090392978e-14,2.71418667386032e-13
"COMMD8",0.0430324513801478,8.55896357594999e-14,2.73763410662804e-13
"MRPL3",0.0430148779089951,8.75939103824979e-14,2.8001889200436e-13
"HCFC1R1",0.0429881231361419,9.07342125586341e-14,2.89736546968794e-13
"AGFG1",0.0429242038650251,9.86915125450177e-14,3.14797540291547e-13
"CTSA",0.042874900972682,1.05294113281959e-13,3.35486823921027e-13
"NFKB2",0.042866178928431,1.06506526082856e-13,3.39162416300292e-13
"ENSA",0.0427658110979839,1.21484738132741e-13,3.86219671891686e-13
"ARHGEF6",0.0427337267471601,1.26695700453943e-13,4.02564244913437e-13
"HPCAL1",0.0426981841149844,1.32724953366485e-13,4.21257460684931e-13
"SHFL",0.0426816197473444,1.3563030389306e-13,4.30242003603563e-13
"COMMD1",0.0426495019293966,1.41442858293115e-13,4.48187342734281e-13
"PPP1R35",0.0425357824047276,1.64059270112356e-13,5.19280906003269e-13
"TRABD2A",0.0425085289122727,1.6998653971789e-13,5.3774677704502e-13
"LINC01089",0.0424680968210316,1.79169492091049e-13,5.6648599829445e-13
"SNRPD1",0.0423791854174137,2.01111410266443e-13,6.35164021361761e-13
"NDUFB6",0.0423161671683254,2.18240892492994e-13,6.88509423964494e-13
"FAM200B",0.0422995541615637,2.22990330731516e-13,7.03108385636225e-13
"HDDC2",0.0422897557907847,2.25839002264845e-13,7.11701380361398e-13
"GLCCI1",0.0422068003013321,2.51433457839245e-13,7.91062057478954e-13
"OLA1",0.0421828745960824,2.5933058001002e-13,8.15463170620384e-13
"MORC2",0.0421505337487582,2.70393652066035e-13,8.49787570280557e-13
"DCPS",0.042143922804805,2.72711516217599e-13,8.56138984228032e-13
"AATF",0.0420953791323629,2.90339646376335e-13,9.09993880789306e-13
"HNRNPM",0.0420900835285553,2.92329101579703e-13,9.1573162890285e-13
"ITM2B",0.0420869029835543,2.93530399370669e-13,9.18995555467235e-13
"LMO4",0.0420607591575191,3.03590444025207e-13,9.49976175091357e-13
"FCMR",0.042039814409383,3.11893531334069e-13,9.75428413884803e-13
"TMEM126B",0.0419089091658142,3.69077643544485e-13,1.15301775206991e-12
"EMC6",0.0418480368778176,3.99061687570821e-13,1.24466671293722e-12
"NAAA",0.0418094818789087,4.19276836052067e-13,1.30701054784447e-12
"TFPT",0.041795346658857,4.26937344287754e-13,1.33017161777821e-12
"CSAD",0.0417772559090716,4.36942291195955e-13,1.36060809574896e-12
"RBMX2",0.0417474827135053,4.53911547148219e-13,1.41268639633232e-12
"EIF4A3",0.0417113063323433,4.75402788924198e-13,1.47877447881653e-12
"VPS35",0.0416724132197951,4.99622670828359e-13,1.5532743626238e-12
"IAH1",0.0416538951373428,5.11576179496704e-13,1.58957964825296e-12
"COPS5",0.0415779290317253,5.63620606390969e-13,1.74940798549877e-12
"UBE2D3",0.0415771951623483,5.64147905402081e-13,1.75010272751684e-12
"COPS4",0.0415233671653501,6.04173980828888e-13,1.87125206629441e-12
"NFYC",0.0414860462978868,6.33548745085994e-13,1.96117853618407e-12
"MAP4K2",0.0414329051363708,6.77808554353576e-13,2.09481346889447e-12
"DNAJA2",0.0414273010623971,6.82649292908166e-13,2.10864406652458e-12
"GADD45A",0.0413524354119147,7.50665754368126e-13,2.31502107242833e-12
"MLX",0.0412464854685625,8.58417897536308e-13,2.64590914756381e-12
"NAA38",0.0412113448037786,8.97402877159616e-13,2.76459529518136e-12
"STAU1",0.0411417683842412,9.79785467154007e-13,3.01516690985974e-12
"SYF2",0.041108856988862,1.02129715161036e-12,3.14123769244637e-12
"CRTC3",0.0410844050672587,1.05325154057891e-12,3.23434591827399e-12
"ARRDC1",0.0410808811359802,1.05793685703967e-12,3.24527758220628e-12
"DCUN1D5",0.0410701231921485,1.07236719211869e-12,3.28779457573017e-12
"MRPS11",0.0410380361353316,1.11656452973279e-12,3.42148121305473e-12
"TSSC4",0.0410155950435337,1.14853256464458e-12,3.51757158805381e-12
"SURF1",0.0409609260411512,1.23021676880667e-12,3.765743155896e-12
"MARCKSL1",0.0409066745393448,1.31690379684296e-12,4.02682088886178e-12
"OXLD1",0.0408872851977733,1.34931688552343e-12,4.12156275360892e-12
"TNFSF12",0.0408762871716852,1.36804881725815e-12,4.17656830552025e-12
"SPPL2A",0.0408583326540059,1.39917874964746e-12,4.26934595196660e-12
"ARHGAP30",0.0408479668081759,1.41746662122765e-12,4.32286092259116e-12
"CCDC66",0.0408359132223769,1.43902709998401e-12,4.38629454841849e-12
"MCM3",0.0408339336201234,1.44259867897958e-12,4.39485820479409e-12
"HSPA4",0.0408114053538492,1.48386165658916e-12,4.51341253879202e-12
"ATXN10",0.0407241588727619,1.6548735483082e-12,5.02562177624718e-12
"TDG",0.0406715477689185,1.76718982163271e-12,5.36106454568956e-12
"CIAO2A",0.0406662306631105,1.77894864236582e-12,5.39389948502823e-12
"TUBB4B",0.0406298363974571,1.86152104707732e-12,5.64129893772723e-12
"ATP2B4",0.0406124028658843,1.90239524819252e-12,5.76213938882683e-12
"LARP7",0.0405974704634602,1.93810432794037e-12,5.86721661901948e-12
"GRK6",0.0405761376262784,1.99026238550106e-12,6.02195339831303e-12
"ZNF292",0.0405082263595086,2.16563983961253e-12,6.54572586742425e-12
"PLEKHJ1",0.0404994620606783,2.18934962143155e-12,6.61392313608996e-12
"SUN1",0.0404825883255439,2.23571671194243e-12,6.75045983129425e-12
"SUGT1",0.0404680997438096,2.27629715366908e-12,6.86939073009398e-12
"SAMM50",0.0404518362084407,2.32270987420214e-12,7.00578862161283e-12
"RRAGA",0.0404045025310106,2.46313572921717e-12,7.41770430830049e-12
"SSR3",0.0403640348212765,2.58976837997512e-12,7.79092031680568e-12
"LPXN",0.0403414322098398,2.66325338114301e-12,8.00781139158068e-12
"BAX",0.0402432717417319,3.00683092641515e-12,9.03616151778851e-12
"CBLL1",0.0402368934013061,3.03060175172799e-12,9.10285432407048e-12
"UBE2E1",0.0402339618253286,3.0415888766524e-12,9.13109997483309e-12
"MRPS28",0.0402278935176615,3.06445626906541e-12,9.19496321732581e-12
"GALT",0.0401364292369613,3.43024759390816e-12,1.02764872073082e-11
"WDR83OS",0.0401343737799289,3.43894135461674e-12,1.0294633305375e-11
"STMP1",0.0401341533726404,3.43987487072267e-12,1.0294633305375e-11
"ANKRD10",0.0401191036641334,3.50420773912763e-12,1.04791977483815e-11
"CASP1",0.0401062550021597,3.56006412464649e-12,1.06377667392934e-11
"PPIA",0.0401005379148743,3.58519749226802e-12,1.07040448852098e-11
"TRPS1",0.0401003657344741,3.58595712124593e-12,1.07040448852098e-11
"PIN1",0.0400997200665554,3.58880709768033e-12,1.07070101046676e-11
"EEF1E1",0.0400545284024739,3.79389820748845e-12,1.13130356580072e-11
"OSTF1",0.0400376185690855,3.8735571790675e-12,1.15446016804559e-11
"STK25",0.040035816697457,3.88214150829732e-12,1.15642097512142e-11
"IRF9",0.0400215262893427,3.95088643524022e-12,1.17629127888644e-11
"PET100",0.0399864773963374,4.12458418222704e-12,1.22610706076821e-11
"PCNA",0.0399853550461078,4.13026835271726e-12,1.22716422411749e-11
"JKAMP",0.0399844162388467,4.13502886299218e-12,1.22794600684222e-11
"UQCRC1",0.0399753590758069,4.18123313303e-12,1.24102786815152e-11
"MAP2K2",0.0399484269375675,4.3216354672035e-12,1.28138158042995e-11
"PMF1",0.039849201960096,4.87993119980117e-12,1.44617488331209e-11
"GLG1",0.0398130293273707,5.10056134498474e-12,1.51000704704964e-11
"PNPT1",0.0397831359462143,5.29024586122579e-12,1.56535904985578e-11
"SNAP47",0.0397550090738796,5.47502544481335e-12,1.6175446588237e-11
"COPS3",0.0397516790104385,5.4973167606898e-12,1.62329880997942e-11
"PSMD6",0.0396508265216539,6.21620780242747e-12,1.83464024547591e-11
"OTUB1",0.0396006543637316,6.60738646829724e-12,1.94909451471459e-11
"B4GALT3",0.0395156713148733,7.32570477121948e-12,2.15767821325959e-11
"CLUAP1",0.0395056089815615,7.41566488627031e-12,2.18194588771025e-11
"MCRS1",0.0394937643619401,7.52294682643881e-12,2.21238318960085e-11
"CTBS",0.0394342354570114,8.08558058614956e-12,2.37663319267709e-11
"PEX16",0.0394161550372007,8.26448574804495e-12,2.42798213494525e-11
"UBA3",0.0394115929158052,8.3102370983313e-12,2.4401801092707e-11
"IKBKB",0.0394088324791929,8.33804061255072e-12,2.44709822964784e-11
"PSIP1",0.0393937686633221,8.49137883113831e-12,2.49083325122964e-11
"MRPS5",0.0393691408624419,8.74804199656059e-12,2.56351413588236e-11
"PEBP1",0.0393597431963147,8.8479720331828e-12,2.59148068640758e-11
"SMIM30",0.0393558608790958,8.88958030529603e-12,2.60234566602245e-11
"LMF2",0.0393520523480184,8.93058402912113e-12,2.61302273444655e-11
"TP53TG1",0.0393402922709463,9.05836929664342e-12,2.64772507520236e-11
"PSMD1",0.0393233034493373,9.246138827942e-12,2.70124025434354e-11
"TECR",0.039314451118243,9.34548527061885e-12,2.7288816990207e-11
"RHOF",0.0393131279132357,9.36042467141742e-12,2.73186078340406e-11
"TOR3A",0.0392888112163074,9.63917059067735e-12,2.81036889769647e-11
"RAB30-DT",0.0392714094101204,9.8436257912491e-12,2.86852905195218e-11
"INTS11",0.039263452432221,9.93852259937063e-12,2.89472019346315e-11
"RAB11B",0.0392523957698856,1.00718763791474e-11,2.93208031693806e-11
"FLYWCH2",0.0392474145038351,1.01325263920267e-11,2.94824821911291e-11
"PRKD2",0.0391885776249488,1.0876539716994e-11,3.16313689096845e-11
"ST13",0.0391848508632683,1.09254272987764e-11,3.17575298548606e-11
"CMTR1",0.0391664249050934,1.11703193206905e-11,3.24530133614216e-11
"RAB7A",0.0391654082667211,1.11839864534763e-11,3.24763594547822e-11
"L3MBTL3",0.0390740601537781,1.24812582876189e-11,3.61705610777378e-11
"LAX1",0.0390535512902108,1.27921729152525e-11,3.70529689614571e-11
"MAT2B",0.0390224589361576,1.32780527780731e-11,3.8441029302785e-11
"NDUFA10",0.0389697615891178,1.41431452809217e-11,4.09044728360459e-11
"MRPL47",0.0389312384703314,1.48102373389435e-11,4.28123502424498e-11
"TRAF5",0.0389018408917416,1.53399419420545e-11,4.43213653205553e-11
"YIF1A",0.0388823821318316,1.57007206490791e-11,4.53183463379577e-11
"ACAP2",0.0388271361973593,1.67709071121992e-11,4.8383102209131e-11
"IFNAR1",0.0388119294985163,1.70778080700439e-11,4.92192499449991e-11
"PSMC6",0.0388039961900633,1.72400937381788e-11,4.96621481458927e-11
"SLC35E3",0.0387850860304284,1.76330384402919e-11,5.07687132726726e-11
"SLC25A11",0.0387675090967725,1.80061355007163e-11,5.17912136821102e-11
"USP10",0.0387630960507959,1.81010164538268e-11,5.20381664452737e-11
"SMIM15",0.0387551722174215,1.82726098286435e-11,5.25053018842985e-11
"BRMS1",0.0387260589055244,1.89168532989258e-11,5.43294287723631e-11
"RNF145",0.0386805933316646,1.99676849069865e-11,5.72618790942771e-11
"ABHD3",0.0386106309932935,2.16972656678612e-11,6.21291614233146e-11
"RAB37",0.038608231210735,2.1759122679364e-11,6.22753650083831e-11
"LMAN2",0.0385558848005432,2.31521847882507e-11,6.61966532840069e-11
"ARF3",0.0385375382474247,2.3660798172318e-11,6.7617355331892e-11
"RNF7",0.0385052749353443,2.45818777283316e-11,7.0214803793605e-11
"PRORP",0.0384157008930183,2.73270324514823e-11,7.79787214981189e-11
"BUD31",0.0383978137622453,2.79101009095719e-11,7.96031414171618e-11
"PDCL3",0.0383776390275192,2.85823567058668e-11,8.14802032242877e-11
"PTPN6",0.0383598286044002,2.91889822252695e-11,8.30863082394517e-11
"UBE2A",0.0382291676600079,3.40413937561298e-11,9.67077427544831e-11
"TRIM13",0.038224013145718,3.42481888534046e-11,9.72473191125478e-11
"ERGIC2",0.0382198007297212,3.44181000985378e-11,9.76816846792655e-11
"MIEN1",0.0381910178200196,3.56013594644812e-11,1.00990182012623e-10
"CAPNS1",0.0381860648245191,3.58089516636616e-11,1.01529117130942e-10
"TARS",0.0381452406486571,3.75657162010123e-11,1.0635320831185e-10
"BACH1",0.0381017071433253,3.95319811404566e-11,1.11776680287332e-10
"ITGB2-AS1",0.0381015442838107,3.95395227650699e-11,1.11776680287332e-10
"NME1",0.0380323297665065,4.28754565651962e-11,1.20970038166089e-10
"BSG",0.0380311189056061,4.29362008573313e-11,1.21082185987398e-10
"MGAT4B",0.0380015700082527,4.44449321907315e-11,1.25275622651001e-10
"HDAC10",0.0379933642935722,4.48730276596316e-11,1.2642049365564e-10
"TM2D1",0.0379785849228451,4.56542725430176e-11,1.28558686404093e-10
"DIMT1",0.0379654989542058,4.63570992143162e-11,1.30474080609547e-10
"FOS",0.0379394917260561,4.77854705755206e-11,1.34297665111612e-10
"SELENOT",0.0379257020928372,4.85602016636834e-11,1.36342104671111e-10
"PEPD",0.0379221387432751,4.87623878048401e-11,1.36843158379812e-10
"YIPF4",0.0378704861483611,5.1787335653034e-11,1.45190843320878e-10
"POLR2G",0.037824105509248,5.46594354118922e-11,1.53168592818456e-10
"TOMM22",0.0377524743168666,5.94038425238501e-11,1.66221232331414e-10
"FBH1",0.0376538442012337,6.6601110170916e-11,1.85909294460635e-10
"IFITM3",0.0376191789850143,6.93279094172614e-11,1.93333681629278e-10
"MTG1",0.0376139274080706,6.97504144672687e-11,1.94417902480782e-10
"CLIP1",0.0375980611148436,7.10422591307302e-11,1.97923047539576e-10
"PRR13",0.0375946050653276,7.13267409960491e-11,1.98619659741292e-10
"MED8",0.0375850206077875,7.21215189370196e-11,2.00735907195846e-10
"HMG20B",0.0375714735238077,7.32596814234792e-11,2.03805394485868e-10
"EZR",0.0375437622274165,7.56428338515796e-11,2.10333762209286e-10
"UTP18",0.0375144286501724,7.82480855990266e-11,2.17473113084138e-10
"ACTN4",0.0374061515501154,8.86464163836130e-11,2.46017268183011e-10
"MAP2K3",0.0373912660105623,9.01776512075795e-11,2.50146471627759e-10
"DEK",0.0373876267160315,9.05559317620807e-11,2.510750281115e-10
"CCZ1",0.0373458642030644,9.5009474415973e-11,2.63296318576125e-10
"MRPL57",0.0373066513098734,9.93856454932035e-11,2.75159393931495e-10
"LINS1",0.037306173608905,9.94401535351585e-11,2.75178198386401e-10
"CD2BP2",0.0372741788064726,1.03158217865848e-10,2.85330188216951e-10
"PRKCQ",0.0372720203589755,1.03413883461065e-10,2.85900223355687e-10
"MT1F",0.0372701464898513,1.03636343293739e-10,2.86377954851457e-10
"DMAC1",0.0372663655989118,1.04086623829593e-10,2.8748446342206e-10
"ATP6V1E1",0.0372492843643539,1.06144842958541e-10,2.9302886995783e-10
"RSBN1L",0.0372352579303192,1.07864672815108e-10,2.97634243121878e-10
"LETMD1",0.0371891801720511,1.13708340543798e-10,3.13400238201128e-10
"ERP44",0.0371835829289309,1.1443893529015e-10,3.15171604497752e-10
"EIF6",0.0371735520074952,1.15759743875836e-10,3.18657013332673e-10
"METTL5",0.0371716237976921,1.1601534032857e-10,3.19056017012334e-10
"ZNF106",0.0371455239887841,1.19529779593578e-10,3.28407927068205e-10
"CARD8-AS1",0.0371341343872003,1.21095848468142e-10,3.32552265769417e-10
"VPS25",0.0371300689650908,1.21659685860765e-10,3.33941650813438e-10
"AL133453.1",0.0371250107380073,1.22364799631622e-10,3.35717316591611e-10
"RARA",0.0370985717840476,1.26115875009168e-10,3.45844151772645e-10
"PPP1R11",0.0370957018165766,1.26529756227857e-10,3.46814213006678e-10
"GPKOW",0.0370862819898303,1.27897550473931e-10,3.50064154524518e-10
"GLIPR1",0.0370733312521992,1.29801661870069e-10,3.55107297914937e-10
"TOP1",0.0370720775126782,1.29987459878968e-10,3.55446980143199e-10
"PLPBP",0.0370392477349918,1.34946250109235e-10,3.68657046129776e-10
"ARHGAP15",0.0369924703982044,1.42332480869979e-10,3.88651239193736e-10
"SCP2",0.0369875854165099,1.43126238516065e-10,3.90633704459133e-10
"SPOP",0.0369536885047869,1.48754524346796e-10,4.05802905349089e-10
"WSB1",0.0369456400073513,1.50122354352153e-10,4.09340717517195e-10
"DENND1B",0.0369360293801417,1.51771771722475e-10,4.1364263115478e-10
"MRPS23",0.036922843525682,1.54063630569606e-10,4.19514987343389e-10
"NOL12",0.0369130671903971,1.55784671521361e-10,4.23978386344354e-10
"POP4",0.0368708532256275,1.63434272235163e-10,4.44168448624027e-10
"LSM7",0.0367583525142151,1.85657668917506e-10,5.04090290323569e-10
"PTPN18",0.0366801738956917,2.02812507556848e-10,5.50150390912673e-10
"SBF1",0.0366258116164297,2.1564419015581e-10,5.84407915708908e-10
"TSC22D4",0.0365761028992708,2.28069351227109e-10,6.17790487800254e-10
"ALKBH7",0.036523873891621,2.41877516265143e-10,6.54886214225859e-10
"ATF4",0.0365060115478908,2.46784718204807e-10,6.67545717583078e-10
"FAM118A",0.0364534533152188,2.61794456545314e-10,7.07482957308728e-10
"CIB1",0.0364159520730957,2.73045466426185e-10,7.37542484721222e-10
"ARHGAP1",0.0364149539468952,2.73351282138309e-10,7.38022867084095e-10
"MTHFS",0.0363800468941031,2.84259405201399e-10,7.66755841813127e-10
"TCEAL4",0.0363546115331087,2.9247426357995e-10,7.8780900423427e-10
"TPM3",0.0363408267893854,2.9702271518914e-10,7.99630700768654e-10
"AC008105.3",0.0363404729200809,2.97140383517813e-10,7.99630700768654e-10
"HNRNPR",0.0363277583704051,3.01398546663473e-10,8.10711482559819e-10
"MAPK13",0.0362937617391825,3.13078964903887e-10,8.41737245035298e-10
"DUT",0.0362874357026494,3.15300687701771e-10,8.47315501386819e-10
"ARL6IP6",0.0362735535305564,3.20230240056895e-10,8.60161990874763e-10
"NARF",0.0362255461335095,3.37864609958766e-10,9.06684600108051e-10
"UFC1",0.0362233976858248,3.38675566716843e-10,9.08438136398156e-10
"SMIM7",0.0362216235718651,3.3934665911677e-10,9.09815054916975e-10
"EMC7",0.0361718792215579,3.58701017634431e-10,9.59920542319147e-10
"ILF2",0.0361545794304163,3.65681273114045e-10,9.78146522286038e-10
"POLR2L",0.036134943504787,3.73764864600692e-10,9.98842434732247e-10
"TMEM141",0.0361307522711424,3.75512740276927e-10,1.00304862120289e-09
"MT-ND4L",0.0361267418745071,3.77192670209692e-10,1.00706950421264e-09
"RAB8A",0.0360831116831296,3.95949818717702e-10,1.05568312739019e-09
"SLTM",0.0360742607671601,3.99864529505914e-10,1.06562788431636e-09
"TFDP1",0.0360401335831088,4.1531556515847e-10,1.10578248581205e-09
"MTMR14",0.0360037789562361,4.32416048247233e-10,1.14972030900959e-09
"MESD",0.0359751938204175,4.46342743529194e-10,1.18620212070639e-09
"MT1X",0.0359721642499971,4.47844159043238e-10,1.18964406504024e-09
"ZGPAT",0.0359395346328996,4.64330669189872e-10,1.23287061197882e-09
"DDB2",0.035917543446275,4.75774566683119e-10,1.2615135292237e-09
"RASSF7",0.0358966272341274,4.8691422057907e-10,1.29045694397036e-09
"BAD",0.0358724081917829,5.00131104003279e-10,1.32487647073354e-09
"ITGB1BP1",0.0358676017426918,5.02795417726655e-10,1.33132285308982e-09
"RERE",0.0358669346925654,5.03166270147567e-10,1.33169338225838e-09
"SARAF",0.0358479044835073,5.13859444319241e-10,1.35937037403168e-09
"VSIR",0.0358249045211657,5.2707948117778e-10,1.39370351579654e-09
"STK11",0.0358056232904696,5.38417287781872e-10,1.42303047600278e-09
"SLC7A6OS",0.0357846196729373,5.5103873865659e-10,1.45572167010195e-09
"MRPL48",0.0357615362027626,5.6524306274052e-10,1.49187951616685e-09
"TYW3",0.0357581562303511,5.67352676818559e-10,1.49607813772868e-09
"ARF4",0.0357435716321338,5.7654410666852e-10,1.51962059559294e-09
"HNRNPD",0.0357222625830056,5.90235114810185e-10,1.55499584609883e-09
"PTEN",0.0357046406356675,6.01796352866604e-10,1.58473039588206e-09
"RAB5C",0.0356867687530523,6.13747147237003e-10,1.61546316664345e-09
"ZCCHC10",0.0356704224026998,6.24880365765276e-10,1.64401691120819e-09
"SARS",0.0356661389221395,6.27830199867491e-10,1.65102451556581e-09
"LAGE3",0.0356072329276232,6.69800496482663e-10,1.75898882660087e-09
"ATG3",0.0355949920880562,6.78859396458884e-10,1.78196729147856e-09
"SRPK1",0.035568730092943,6.98699859145459e-10,1.83238878455267e-09
"MRPS2",0.035557942490953,7.07012595606362e-10,1.85333710857359e-09
"ANKRD39",0.0355469739710587,7.15563637522938e-10,1.87404881816294e-09
"MRPL38",0.0355445854481305,7.17439059019659e-10,1.87810760479636e-09
"MKRN1",0.035538238966136,7.22445518414305e-10,1.88949809736748e-09
"SCLT1",0.0355354925123401,7.24622624404596e-10,1.8943330348782e-09
"DPP7",0.0354040404525589,8.3665256880841e-10,2.18324677118466e-09
"CD84",0.0354020424902526,8.38479360971763e-10,2.18702418576398e-09
"TXN2",0.035384444523914,8.54738598177804e-10,2.22842563096356e-09
"MAPKAPK5-AS1",0.0353791210331243,8.59717406833145e-10,2.24039326037359e-09
"CCDC71L",0.0353386004789146,8.98552581073127e-10,2.33842632448047e-09
"MED28",0.035307069664357,9.29950457839114e-10,2.41904568802804e-09
"PRKAG1",0.0353040522304586,9.33010661712093e-10,2.42591185125953e-09
"SRA1",0.0352755504859178,9.62405096806072e-10,2.49783537051333e-09
"RPUSD3",0.0352662551452641,9.72185404038035e-10,2.52208422181167e-09
"PFDN2",0.0352380831000653,1.00242297488885e-09,2.5993584964856e-09
"RNF187",0.0352286805222755,1.01271756159338e-09,2.62369370067792e-09
"C1orf131",0.0352030114464532,1.04134949618837e-09,2.69666032533378e-09
"CHKB",0.0351886366650943,1.05772666308893e-09,2.73661268103807e-09
"SLC25A24",0.0351619409544705,1.08880985076196e-09,2.81198674847479e-09
"UQCRQ",0.0350875803681001,1.18016166273229e-09,3.045186715426e-09
"RPAP3",0.0350700898991243,1.20271064849937e-09,3.10198224950621e-09
"PMAIP1",0.0350479770003693,1.23182077244195e-09,3.17564166055999e-09
"EXOSC1",0.035021183785304,1.26801340483946e-09,3.26748583811847e-09
"GPR174",0.0349803018396705,1.32524297512871e-09,3.41343288859637e-09
"FMC1",0.0349653706795335,1.34676610969667e-09,3.46732149759852e-09
"SMIM4",0.0349467381001577,1.37410309128937e-09,3.5361233946746e-09
"SRSF9",0.0348915579251329,1.45827221231687e-09,3.74937844334881e-09
"TRABD",0.0348447398981569,1.53360896308994e-09,3.93894219936996e-09
"CUL3",0.0348074180831089,1.59636955224245e-09,4.09349186651055e-09
"CPSF6",0.0347157824164732,1.76127030441532e-09,4.50432188273311e-09
"GRAMD1A",0.0347090094367041,1.77409654091096e-09,4.53511292173472e-09
"ARMC10",0.0347043009300637,1.78306678926349e-09,4.55602400251774e-09
"TSG101",0.0346690789869172,1.8515848020672e-09,4.72481838651397e-09
"SHISA5",0.0346312185139196,1.92809609133525e-09,4.91788153858045e-09
"FNTA",0.0346149712926395,1.96186631055134e-09,5.00180504551263e-09
"WASHC4",0.0346143345593566,1.96320144200054e-09,5.00299722316266e-09
"DCAF13",0.0346072878906671,1.97803645169946e-09,5.03857606755775e-09
"STK16",0.0345838142216836,2.02824650322041e-09,5.16419319385082e-09
"EMC2",0.0345735381017794,2.05061581856392e-09,5.21884440673351e-09
"RMDN1",0.0345656090639429,2.0680400349241e-09,5.260867614207e-09
"SMARCB1",0.0345105652714586,2.19303887081068e-09,5.57639116753314e-09
"NDUFA3",0.0344477421146246,2.34470687029473e-09,5.95417195992502e-09
"ACTR1A",0.0344443185406669,2.35325925470082e-09,5.973259736734e-09
"RGS14",0.0344071082375296,2.44819580194695e-09,6.21150250322396e-09
"DNAJB12",0.0344021102381576,2.46122824842892e-09,6.24182203548356e-09
"PACS1",0.0342982142872528,2.74795907789848e-09,6.95980676426901e-09
"CCDC47",0.03429472260746,2.75813973395876e-09,6.98252495423186e-09
"ACYP1",0.0342894225815277,2.77366318888494e-09,7.01874313747233e-09
"TMED3",0.0342118746107569,3.0107635832946e-09,7.60537607746822e-09
"MRPL46",0.0342094682387981,3.01842807825313e-09,7.62139874224422e-09
"SMARCD2",0.0342012011676586,3.04490440385366e-09,7.68488564421184e-09
"VKORC1",0.034175995587384,3.12703170003246e-09,7.88871032987193e-09
"PCID2",0.0341563937931687,3.19238709891519e-09,8.05006401374897e-09
"BISPR",0.03411712837801,3.32732826321128e-09,8.3866704956029e-09
"SLC9A3R1",0.034071584427374,3.49080915096905e-09,8.7948870133851e-09
"ANKH",0.0340564431807978,3.54687103753572e-09,8.92443511058835e-09
"RASSF2",0.034031788043208,3.64003963589503e-09,9.15486636729464e-09
"TMED9",0.0340304849194946,3.64502969714914e-09,9.16342034152533e-09
"FAM192A",0.0339815224067413,3.83742447940764e-09,9.63029894375277e-09
"CD164",0.0339688102892892,3.88897044643939e-09,9.7554121638173e-09
"FBXL3",0.0339616514189724,3.91829469237056e-09,9.82469803952219e-09
"HTATSF1",0.0339410886633126,4.00372604013078e-09,1.00301859571825e-08
"BOLA3",0.0339366276571659,4.02249792154256e-09,1.0072837826112e-08
"LEO1",0.03391214475705,4.12705686420061e-09,1.03301809617382e-08
"MRPL19",0.0339025397345419,4.1687953184321e-09,1.04256039034683e-08
"CWC15",0.0338884207960925,4.23089559132361e-09,1.05763220091735e-08
"CERT1",0.0338647793995008,4.33690049916976e-09,1.08366140289047e-08
"TMA7",0.0338625896785992,4.34684869202448e-09,1.08567676080144e-08
"SPG21",0.0338328183672633,4.48432718770259e-09,1.11807673547258e-08
"CCNG1",0.0338267623135102,4.51280634386332e-09,1.1246911920942e-08
"NDUFS8",0.0338127887199846,4.57919167113653e-09,1.14060644937732e-08
"POLR2J",0.0338124898830899,4.58062170410591e-09,1.14060644937732e-08
"MRPL44",0.0338087949735302,4.59833900674565e-09,1.14403024382667e-08
"SDHD",0.033777189308385,4.75263964533433e-09,1.18190913474097e-08
"MIS18BP1",0.0337670245674577,4.80332665383298e-09,1.19399934537305e-08
"FDPS",0.0336781038362006,5.26974748963192e-09,1.30768647903215e-08
"MTERF4",0.0336770638685638,5.27545500556431e-09,1.30853974267051e-08
"C18orf21",0.0336727104751162,5.29941250439583e-09,1.31391710717329e-08
"RNF167",0.0336331836452533,5.52183485286655e-09,1.36730019735858e-08
"IMPA1",0.0336159136966997,5.62184167840738e-09,1.39146613559551e-08
"MARCH2",0.0336082246429093,5.66693226510118e-09,1.40202481221959e-08
"LAPTM5",0.033602430643691,5.70114200254324e-09,1.4098836161521e-08
"MSMO1",0.0335994312746306,5.71893012498272e-09,1.41367638365947e-08
"UBQLN2",0.0335969377179577,5.73375955501901e-09,1.41612810937022e-08
"CFDP1",0.0335411070345757,6.07575723854023e-09,1.49995256826462e-08
"USE1",0.0335310109067466,6.13968568558115e-09,1.51443829549814e-08
"NAA20",0.033499782547078,6.34159206720231e-09,1.563572528925e-08
"LSM10",0.0334714241766806,6.53052725538697e-09,1.60809353893325e-08
"RBL1",0.0334635286504883,6.5840975225422e-09,1.62059284731118e-08
"PLIN2",0.0334587841944557,6.61649343986781e-09,1.62787191415178e-08
"MAP4K1",0.0333904512917928,7.10063597949486e-09,1.74624169269709e-08
"APOBEC3C",0.0333733166083289,7.22733764697558e-09,1.77664348721689e-08
"GARS",0.0333515376666112,7.3915573809477e-09,1.81623823672456e-08
"RNF34",0.0333428525505386,7.45805279634633e-09,1.83179686867672e-08
"SPAG7",0.0333393605383034,7.48495214961406e-09,1.83762107479031e-08
"CHST11",0.0333381429444041,7.49435357209738e-09,1.83914625745896e-08
"REEP5",0.0333118731169437,7.70001016166134e-09,1.88881151009362e-08
"ELOVL1",0.033281940585232,7.94103191868791e-09,1.94595417907602e-08
"DGUOK",0.033281689634617,7.94308329728618e-09,1.94595417907602e-08
"R3HDM1",0.0332806256600385,7.95178640910749e-09,1.94725911767825e-08
"LASP1",0.0332573769838209,8.14428750653132e-09,1.99270708740628e-08
"BIN3",0.0332411165238224,8.28161030041191e-09,2.02544726897691e-08
"NASP",0.0332335534096723,8.34624679658587e-09,2.03952564728435e-08
"STXBP2",0.0332279378569816,8.39455588931208e-09,2.05046183031185e-08
"RANBP9",0.0331577703140877,9.0215904721875e-09,2.20082539141731e-08
"TMEM70",0.0331514612870736,9.08014991351511e-09,2.21417439962967e-08
"PPP6C",0.0331443064808836,9.14700691103787e-09,2.22953460929651e-08
"FAM32A",0.0331365885265416,9.21966264236312e-09,2.24629465392937e-08
"CREB1",0.0331357363883668,9.22771885551598e-09,2.24730805066557e-08
"RTCA",0.0330730247077631,9.83976374738416e-09,2.39232367332059e-08
"PRPF40A",0.0330697055568392,9.87323397895029e-09,2.39944965683128e-08
"CSNK1A1",0.0330329209796851,1.02516570721214e-08,2.49036673693866e-08
"RGL4",0.0330224728439511,1.03616888527555e-08,2.51603619426698e-08
"C1D",0.0329353508291003,1.13249875076179e-08,2.74532168795428e-08
"SH3GLB2",0.0328807540117051,1.19724329081853e-08,2.89861547361481e-08
"RPS6KA5",0.0328683952424725,1.21239079900465e-08,2.93405696091473e-08
"TMEM179B",0.0328653066145966,1.21620535814764e-08,2.94205381729759e-08
"UBE2Q1",0.0328539614744197,1.23031732908902e-08,2.97494341167982e-08
"TPGS2",0.0328205344546287,1.27282767382746e-08,3.07515592583282e-08
"CD226",0.0327929051279795,1.30903907657478e-08,3.15867295171831e-08
"TRIP12",0.0327598611946526,1.35366244341013e-08,3.26361676887384e-08
"HIBCH",0.0327551397628463,1.36015783718818e-08,3.27790649689269e-08
"MOB2",0.0327506652692168,1.36634144951807e-08,3.29005893084371e-08
"CCT7",0.0327407019495305,1.38020871650605e-08,3.32206330053857e-08
"ZNF580",0.032730134798368,1.39506580151317e-08,3.35642239354462e-08
"AFTPH",0.0326440176325874,1.52207586728239e-08,3.65742146942398e-08
"PRKCA",0.0326213967629757,1.55725844188463e-08,3.74040376274414e-08
"C11orf54",0.0326206221086498,1.55847715463195e-08,3.74177258566297e-08
"MRPL1",0.032590619354416,1.60639785415556e-08,3.85522115060971e-08
"ANKRD13A",0.0325792405084929,1.62494400553159e-08,3.89810818631476e-08
"PPID",0.032569245652495,1.64140583258652e-08,3.93432561784141e-08
"ZNFX1",0.03256614140117,1.64655150848719e-08,3.94501975465129e-08
"CDIPT",0.0325516136868143,1.67084191879341e-08,3.99989429044483e-08
"CCNI",0.0324914063044681,1.77527117123267e-08,4.24460565692321e-08
"SKP1",0.0324651215896083,1.82282430767558e-08,4.3564972160651e-08
"ST8SIA4",0.032456935351842,1.83788543083173e-08,4.39067327241366e-08
"CCS",0.0324239303751044,1.89984331091245e-08,4.53681009276691e-08
"TMEM238",0.032392006630346,1.96169830195278e-08,4.68258034245103e-08
"FAM50A",0.0323779135254291,1.98962290951763e-08,4.74727154289954e-08
"UPF2",0.0323764714844459,1.99250189213257e-08,4.75217469475953e-08
"TMEM243",0.0323702444956779,2.00498035702174e-08,4.77995937120479e-08
"ECHS1",0.0323471659016562,2.05189336407851e-08,4.88776085528326e-08
"ZBED5",0.0323446989812647,2.05697058591497e-08,4.89783210940199e-08
"EDEM1",0.0322542496162151,2.25178436393126e-08,5.35727740379189e-08
"MRPL20",0.032228502002142,2.31043978735845e-08,5.49229441619793e-08
"EXOC6",0.0322211937730461,2.32735703444612e-08,5.53022992074611e-08
"DHPS",0.0321774183542792,2.43123456580789e-08,5.76992993457371e-08
"HDAC4",0.0321503880459343,2.49760880730843e-08,5.92501439397274e-08
"IPCEF1",0.0321301208029507,2.54852622701686e-08,6.04331856546309e-08
"ISY1",0.0321012871817192,2.6227045391681e-08,6.21666135527432e-08
"MRPL43",0.0320515773245323,2.75553738889905e-08,6.52615364344181e-08
"TOMM5",0.032050555701303,2.75833465261301e-08,6.53009685616553e-08
"ARL1",0.0320330073028602,2.80681552060259e-08,6.63941965025231e-08
"SMAP2",0.0320323128647622,2.80875094918787e-08,6.64127376956394e-08
"SAP18",0.0319917364205092,2.92411555192104e-08,6.91121901144616e-08
"RRP36",0.0319498628810052,3.04798397622447e-08,7.19298386314343e-08
"TBC1D2B",0.0319310869505027,3.10516513268556e-08,7.32113136557549e-08
"SLC39A7",0.0319062216076281,3.18249505122912e-08,7.50038780565523e-08
"FDX1",0.0318940344635865,3.22107542719757e-08,7.5882115966701e-08
"TCP11L2",0.0318932601409527,3.22354193918493e-08,7.59092134066128e-08
"DAP3",0.0318884182691624,3.2390067388053e-08,7.62422525007761e-08
"MSH3",0.0318738477517272,3.28597993923456e-08,7.73163864119368e-08
"COG4",0.0318385978388392,3.4023698583717e-08,7.99896737595988e-08
"GLUD1",0.0318208297631725,3.46254329247711e-08,8.13380332697168e-08
"GGPS1",0.031818245803887,3.47137965820588e-08,8.15124042706569e-08
"TTC32",0.0317873107039102,3.57888154466581e-08,8.40024821655992e-08
"CPSF2",0.0317813768256352,3.59986810508835e-08,8.44606971604739e-08
"SLA",0.0317792326886756,3.60748066651752e-08,8.46048841147073e-08
"EXOC1",0.0317516358093269,3.70686538228888e-08,8.68650656629824e-08
"CHMP2B",0.031751078247597,3.70890044555787e-08,8.68774527600823e-08
"PPP1R12A",0.0317359404967156,3.7645681186007e-08,8.81456124237525e-08
"ST6GAL1",0.0317293110101984,3.78920177803098e-08,8.86863906408469e-08
"TYK2",0.0316781573576568,3.98460513399459e-08,9.31841760249263e-08
"DCLRE1C",0.0316542991907362,4.07904962811005e-08,9.53541921577246e-08
"TMA16",0.0316421057228058,4.12815298128769e-08,9.64238891984046e-08
"RAB35",0.0316380769725051,4.14450244530896e-08,9.67665813850072e-08
"ORAI1",0.0316307498987742,4.1743982203616e-08,9.74251498859788e-08
"TMEM87B",0.0316160958663241,4.23481782083521e-08,9.87553351102169e-08
"NDUFAF2",0.031578643958221,4.3931125613601e-08,1.02405336060484e-07
"CNPPD1",0.0315614393674321,4.46773841508053e-08,1.04060773181621e-07
"SLC2A4RG",0.0315208574318429,4.64866552039637e-08,1.0818746592464e-07
"ZNF277",0.0315122291860913,4.68803846481808e-08,1.09059773403009e-07
"TRNAU1AP",0.0314784081620056,4.84551293108704e-08,1.12632297757271e-07
"NBDY",0.0314658798016151,4.90513799510871e-08,1.13972324003997e-07
"MRPL12",0.0314596872266851,4.93487176420218e-08,1.14617017576134e-07
"PDXK",0.0314477377961517,4.99274175867213e-08,1.15914419171748e-07
"ETFA",0.0314177459496223,5.1409017000084e-08,1.19258166146213e-07
"POR",0.0313865061840784,5.29975475944526e-08,1.22844395891161e-07
"MAP3K5",0.0313224504992764,5.64048873879696e-08,1.30637343600972e-07
"POLE4",0.0313199628807703,5.65414059763959e-08,1.30900958757878e-07
"NUP42",0.0313065055035551,5.72855056804113e-08,1.32570429879186e-07
"ITFG1",0.0312953588690014,5.79090140586919e-08,1.33959600512024e-07
"TMPO",0.0312757585212748,5.90213802580245e-08,1.36478067340829e-07
"FAM98C",0.0312730523069905,5.91765816275279e-08,1.36782102703789e-07
"GPR108",0.031271817482178,5.92475301326239e-08,1.36891228475497e-07
"MRPS35",0.0312632908764747,5.97396919410774e-08,1.37973089076569e-07
"ENTPD4",0.0312193468821782,6.2339648425418e-08,1.43747601946975e-07
"MARCH5",0.0312102566234249,6.28909970816682e-08,1.44903068385929e-07
"BLZF1",0.0311975186530448,6.3671543895202e-08,1.46642888835315e-07
"HIVEP3",0.0311851266321791,6.44398936108052e-08,1.48353240101203e-07
"RABIF",0.0311792802461748,6.48055016735515e-08,1.49135406285464e-07
"TFG",0.0311707010218042,6.5345650172532e-08,1.50258518558609e-07
"INTS8",0.0311656708278529,6.56643770182207e-08,1.50931232468744e-07
"MRPL33",0.0310774312874918,7.15066236458418e-08,1.64032895213035e-07
"LSM1",0.03107459939965,7.17022211627325e-08,1.64416186658242e-07
"GMPR2",0.0310699794285295,7.20224337882016e-08,1.6501921956955e-07
"EDEM3",0.0310669681389507,7.22318929829484e-08,1.65433410179771e-07
"SNX1",0.0310292202907538,7.49081320761078e-08,1.71494719207191e-07
"SSU72",0.0309667729936174,7.95476849015279e-08,1.81972034441536e-07
"CNDP2",0.0309640166635992,7.97587529814645e-08,1.82328834995298e-07
"H2AFV",0.0309639105529411,7.97668893173464e-08,1.82328834995298e-07
"UBC",0.0309375951923565,8.18097059605154e-08,1.86924157794886e-07
"FAM174C",0.0309241880786823,8.28698652835443e-08,1.89271490332753e-07
"COA4",0.0309026708932205,8.45991865106468e-08,1.93068266168144e-07
"ARHGAP9",0.0308919932155374,8.54702650734721e-08,1.94979042198858e-07
"TMEM250",0.0308047071920009,9.29241391742675e-08,2.1164830593128e-07
"PPP2R3C",0.0307969674736081,9.36146507858712e-08,2.1313686975212e-07
"SDHAF1",0.0307963595694631,9.3669095838125e-08,2.13176667600026e-07
"HMGB2",0.0307793421450213,9.52057087702497e-08,2.16588292890742e-07
"MRPL4",0.0307771567080146,9.540480528353e-08,2.16955643560772e-07
"ZFC3H1",0.0307599866005343,9.69831110358704e-08,2.20284206909754e-07
"MFF",0.0307446693261886,9.84124081312074e-08,2.23442660508926e-07
"RNF20",0.0307137514421894,1.01359814815049e-07,2.30044097614478e-07
"NSMCE2",0.0306789054878429,1.04784116447231e-07,2.37348782227488e-07
"CNPY2",0.0306512622897228,1.07579987180421e-07,2.43490496887553e-07
"STIP1",0.0306244018474983,1.10365770545498e-07,2.49599764210152e-07
"UBE2M",0.0305972062909328,1.132573774138e-07,2.56038924165184e-07
"EBNA1BP2",0.0305153050178346,1.22415391370941e-07,2.76447444146762e-07
"AC243960.1",0.030515189682003,1.22428779668949e-07,2.76447444146762e-07
"PTPN7",0.0305131374889093,1.22667237275665e-07,2.76877478422216e-07
"RAD21",0.030435065173869,1.32080267610135e-07,2.97774395350918e-07
"RESF1",0.0304134671112143,1.34805331421574e-07,3.03680604026648e-07
"KPNA3",0.0304119672740208,1.34996574558639e-07,3.03992676876092e-07
"ABTB1",0.0303801641861639,1.39114094777531e-07,3.13020282708552e-07
"SOCS3",0.030343780323525,1.43973714536851e-07,3.23828553718417e-07
"PNKD",0.0302830294661918,1.52456083839391e-07,3.42106706420922e-07
"CALM2",0.0302762212667119,1.53436263786061e-07,3.44172280534507e-07
"PPP3CB",0.0302621341078373,1.55483786490837e-07,3.48629469942712e-07
"TTF2",0.0302534856639888,1.56753872530876e-07,3.51340685147907e-07
"OCIAD1",0.0302294883313069,1.60330814608698e-07,3.58939366400762e-07
"CDC42",0.0302190084894738,1.61917538457449e-07,3.62210412833245e-07
"RSU1",0.0302149702366029,1.62533002817267e-07,3.63446230029925e-07
"KIAA0355",0.0301650538723127,1.70329975157957e-07,3.80438794243199e-07
"TTC28-AS1",0.0301550609292579,1.71933749030067e-07,3.83723657374766e-07
"KCMF1",0.0301017960758571,1.80731617607943e-07,4.03046882732021e-07
"USB1",0.0300673803558317,1.86645900091627e-07,4.15593399933749e-07
"NME3",0.0300515130544778,1.89435268756539e-07,4.21641526406392e-07
"TAF12",0.0300493285110248,1.89822438776184e-07,4.22340279483894e-07
"PRPF38A",0.0300476011000072,1.9012913191622e-07,4.22859507813668e-07
"EMC8",0.029997384606915,1.99257120507806e-07,4.4298990515363e-07
"PPIG",0.0299928437320202,2.00103099153838e-07,4.44527955631813e-07
"CTNNBL1",0.029982910369485,2.01965833996663e-07,4.48493247847038e-07
"DDX17",0.0299752269536137,2.03418135007651e-07,4.51370675101624e-07
"MBIP",0.0299619679416909,2.05948090173557e-07,4.56808706165732e-07
"NOL9",0.0299051418660215,2.17139768352288e-07,4.81447537134812e-07
"EIF3D",0.0298449608330039,2.29632389968488e-07,5.08950804361364e-07
"AKR1A1",0.0297332731009544,2.54681496196775e-07,5.63170317701995e-07
"SAR1B",0.0297116061815408,2.59837568721681e-07,5.74131516788481e-07
"CD247",0.0297057203110325,2.61255551985063e-07,5.77043572691634e-07
"SNX4",0.0296844276618974,2.66447920102777e-07,5.88061674409764e-07
"ODC1",0.0296533788871696,2.74198404190278e-07,6.04935806031115e-07
"ARHGAP18",0.0296433230682116,2.7675491648181e-07,6.10109175592737e-07
"LRCH4",0.0296329765084463,2.79409365749362e-07,6.15725568313553e-07
"NSD1",0.0296092815237075,2.85581357000162e-07,6.28846004513148e-07
"POLR2K",0.0296006324621767,2.8786686867788e-07,6.33636729643258e-07
"THAP1",0.0295302696492163,3.07128088937643e-07,6.75260270264348e-07
"ASAP1",0.0294168147178221,3.40832940213616e-07,7.48508593378493e-07
"C18orf32",0.0293816019917565,3.52000964847919e-07,7.72740603074971e-07
"SKI",0.029358125634235,3.59642055103268e-07,7.88614346684619e-07
"POLK",0.0293265694213156,3.70165578634878e-07,8.11073287229232e-07
"STX8",0.0293233572722284,3.71253296044385e-07,8.13147648419281e-07
"COX4I1",0.0292977820474939,3.8002447020459e-07,8.3172807440213e-07
"TESC",0.0292977808694175,3.80024878801736e-07,8.3172807440213e-07
"SMIM12",0.0292836991116892,3.84939322598961e-07,8.4216429189234e-07
"PIGS",0.0292794734171538,3.86425987147731e-07,8.45096195631766e-07
"JOSD2",0.0292710744406035,3.89397343701455e-07,8.51271600123689e-07
"PIEZO1",0.0292545420967713,3.95310629330513e-07,8.63871314645346e-07
"FAM78A",0.0292402060691338,4.00508400323212e-07,8.74898463887865e-07
"POLR2H",0.0292247449346815,4.06187995676723e-07,8.86633675650136e-07
"DDI2",0.0292164471157841,4.09268135359257e-07,8.92809414506044e-07
"UBR5",0.0292137314747407,4.10281063202317e-07,8.94552321923539e-07
"ZMAT3",0.0291960329148969,4.16942080529262e-07,9.08732040216272e-07
"PLRG1",0.0291473263005398,4.35816351919404e-07,9.49151397854683e-07
"SELENOF",0.0290540244598595,4.74298992131528e-07,1.03218199532925e-06
"GPX4",0.0290477272840679,4.7701110906184e-07,1.03769259372298e-06
"APRT",0.0290364126450119,4.81921812356248e-07,1.04798004972039e-06
"C22orf39",0.0290215390137662,4.88451384047415e-07,1.06137872336151e-06
"RPS19BP1",0.0290100441183025,4.93556044867355e-07,1.07206693436913e-06
"ACTR1B",0.0289678410580264,5.12742436100813e-07,1.11290388746458e-06
"IQGAP2",0.0289579205247543,5.17355833109027e-07,1.12249476656876e-06
"GADD45GIP1",0.0289457852938387,5.23053583971689e-07,1.13400376645291e-06
"DDA1",0.0289244855676007,5.33200878488615e-07,1.15470126407955e-06
"TRIOBP",0.0288671002044807,5.6149303121669e-07,1.21505827805878e-06
"WWP1",0.0288484793513316,5.70980544023701e-07,1.23466246621098e-06
"RAB8B",0.0288458711387316,5.72321731477966e-07,1.23709873516995e-06
"MRPL17",0.0288426754074706,5.7396917148328e-07,1.24019490893371e-06
"TM7SF3",0.0288132573046582,5.89350857822828e-07,1.27247712357329e-06
"SS18L2",0.0287697104266814,6.12851570008194e-07,1.32173335984938e-06
"SFPQ",0.0287518135723654,6.22769508407901e-07,1.34262121681808e-06
"NELFE",0.0287370497098969,6.31067502655077e-07,1.36000234970547e-06
"FBXO22",0.028685592053054,6.60830202436288e-07,1.42307982727785e-06
"TRRAP",0.0286536785929812,6.79963434303769e-07,1.46318997224994e-06
"NPM1",0.0286181789127669,7.01873822394803e-07,1.50921190669308e-06
"CLTC",0.0286003271111341,7.13147438063413e-07,1.53231046025026e-06
"AP1G2",0.0285995206010797,7.13660855499714e-07,1.53284251533216e-06
"TSR3",0.0285813910893179,7.25296369368646e-07,1.5562749308749e-06
"C11orf58",0.0285812616512757,7.2538009609706e-07,1.5562749308749e-06
"PPCS",0.028580729925843,7.2572413928978e-07,1.55643403171594e-06
"TMEM204",0.0285689923296522,7.33358895198059e-07,1.57222332661978e-06
"DICER1",0.0285664681547719,7.35010832253576e-07,1.57517929008041e-06
"IST1",0.028557757918382,7.40738786967558e-07,1.58686500165004e-06
"TMEM9B",0.0284413264733023,8.21558393914799e-07,1.75934914879564e-06
"GPATCH2",0.0283284703766364,9.07961050962139e-07,1.9407751597104e-06
"MR1",0.0283211241362536,9.13878766128587e-07,1.95270057216138e-06
"PHYKPL",0.0283182391275347,9.16212906085266e-07,1.95696289977546e-06
"LINC01550",0.0283130106616315,9.20457673980609e-07,1.96508456564379e-06
"TRANK1",0.0283073733009154,9.25055617285839e-07,1.97365732330279e-06
"RAB4B",0.0282741555485087,9.52601008707202e-07,2.03167530222427e-06
"MT2A",0.0282685202015473,9.5735171405932e-07,2.0410526192163e-06
"MPV17",0.0282486064185929,9.74322789958776e-07,2.07569986320364e-06
"CWC27",0.0282293342554473,9.91022583109042e-07,2.11049750250733e-06
"EVI2A",0.0282025615900984,1.01467960920308e-06,2.15928313884656e-06
"ABI1",0.0281829473121792,1.03235529821216e-06,2.19527765663331e-06
"MAP4",0.0280981474523399,1.11224301600952e-06,2.35906784601945e-06
"WDR13",0.0280935002892709,1.11678871112462e-06,2.36783841803518e-06
"MAX",0.0280843461215918,1.12579534866851e-06,2.38518066707248e-06
"CUL4B",0.0280564054936423,1.153719972605e-06,2.4434458619218e-06
"C1orf50",0.0280468514425552,1.16342055244135e-06,2.46308602273468e-06
"DYNC1LI1",0.0279999176731475,1.21222496387604e-06,2.56358685979947e-06
"SSB",0.0279728176031962,1.24129588186382e-06,2.62410313442399e-06
"ADAR",0.0279620903685874,1.25298754024233e-06,2.64687880753756e-06
"CASP3",0.027960536882179,1.25468944784795e-06,2.64950349532739e-06
"MAP3K7",0.0279243308236948,1.29499035349737e-06,2.73360518617106e-06
"AP1M1",0.027916706597491,1.30363415525878e-06,2.74983839552941e-06
"KRCC1",0.0279082658588056,1.31326838282055e-06,2.76914762841905e-06
"TEFM",0.0279046497097758,1.31741676189266e-06,2.77687955622622e-06
"CLOCK",0.0277996474999178,1.44352096888773e-06,3.03713441356277e-06
"TMOD3",0.027743502513364,1.5156316102674e-06,3.18769055303141e-06
"EIF2B1",0.0277069826085126,1.56438210471325e-06,3.28782492634159e-06
"AIMP1",0.0276982480743598,1.57626329840616e-06,3.31038253529072e-06
"TAF1B",0.0276878912522446,1.59046363497437e-06,3.33898936399606e-06
"CYC1",0.0276771353487424,1.60534129343088e-06,3.36865654817893e-06
"STARD3",0.0276350417688757,1.66486197028168e-06,3.49009777630478e-06
"NSUN5",0.0276036069103844,1.71068860861415e-06,3.584862356787e-06
"MCRIP1",0.027599630871892,1.71657063529941e-06,3.59588189385096e-06
"MRPS16",0.0275718681888461,1.7581868988214e-06,3.67905074219993e-06
"PIM1",0.0275614913729673,1.77398928158803e-06,3.71077119583539e-06
"TRIP4",0.0275586250468966,1.77837827967869e-06,3.71860316856672e-06
"RABGAP1L",0.0275299086386173,1.82292945764516e-06,3.81037846402306e-06
"ANXA4",0.0275283109473104,1.82543938169674e-06,3.81424236023373e-06
"LAMTOR1",0.0275000765268683,1.87034646118172e-06,3.9066599209109e-06
"CLPTM1",0.0274848826059656,1.89494985642422e-06,3.9566168797967e-06
"USP22",0.0274657916117088,1.92630476484377e-06,4.01917495617004e-06
"SUZ12",0.0274590814566252,1.93744339055309e-06,4.0409533574393e-06
"CHD3",0.027453750597525,1.94633650996328e-06,4.05803422015844e-06
"TNFSF8",0.0274438488600607,1.96295909429635e-06,4.08973450029157e-06
"CENPX",0.0274427988884834,1.96472971449248e-06,4.09194520168947e-06
"VPS33A",0.0274413848792189,1.96711665434916e-06,4.09543745329662e-06
"C1QBP",0.0274177942474803,2.00735248187185e-06,4.17619111217711e-06
"AC009950.1",0.0273870042367975,2.06105798276206e-06,4.28174401534178e-06
"PPP1R15A",0.027384974228596,2.06464690341835e-06,4.28765527260122e-06
"STT3B",0.0273626086357731,2.10458725910837e-06,4.367454020611e-06
"RANGRF",0.0273575974473054,2.11363742979853e-06,4.38150505307266e-06
"LSM3",0.0272878641458286,2.24352008621309e-06,4.64740673031283e-06
"CCDC107",0.0272719636958922,2.274190941285e-06,4.70924924897328e-06
"CLINT1",0.0272569446887169,2.30353100832185e-06,4.76829265075093e-06
"SNAP29",0.0272105550074728,2.39646726485379e-06,4.95533406827244e-06
"JUN",0.0272096154252208,2.3983862995897e-06,4.95752465581857e-06
"ELP6",0.027189479917031,2.43986808377226e-06,5.04146156901276e-06
"OS9",0.0271775576243183,2.46475327738472e-06,5.0910573605579e-06
"COA8",0.0271709266424251,2.47869926125281e-06,5.11690213401729e-06
"SRP19",0.0271266570651891,2.57376462506742e-06,5.30482508676334e-06
"CD6",0.0271250250361119,2.57733531739866e-06,5.310286807945e-06
"WBP4",0.0271236766481199,2.58028902200357e-06,5.31447385353377e-06
"NIPSNAP2",0.0271207494154858,2.58671244330069e-06,5.32390102088333e-06
"SDCBP",0.0271159372055672,2.5973055623316e-06,5.34379635318099e-06
"ATP6AP1",0.0270858572366641,2.66447018506526e-06,5.47807470847464e-06
"DLGAP1-AS1",0.0270764174313213,2.68588945608829e-06,5.52014415297974e-06
"HCP5",0.0270333582012491,2.78570609375611e-06,5.71714129633148e-06
"UQCRB",0.0270117408032283,2.83715049495885e-06,5.81651151952638e-06
"DDOST",0.0270056257581331,2.85186749823571e-06,5.84460549478512e-06
"RCBTB2",0.0269960596712132,2.87503709756988e-06,5.88581432079712e-06
"LMBRD1",0.0269651428019141,2.95116100894491e-06,6.03951225641777e-06
"CCDC43",0.0269628145051546,2.95697140404836e-06,6.04925650484103e-06
"PSMD2",0.0269368202401,3.02259130544366e-06,6.17913187090827e-06
"DRG2",0.0269368170488749,3.02259944647689e-06,6.17913187090827e-06
"NUDCD2",0.026915154651727,3.0783490998243e-06,6.29087145949211e-06
"TSNAX",0.0269142433313403,3.08071593328298e-06,6.29347813929965e-06
"COA5",0.0268911018864145,3.14140597201508e-06,6.41291619136671e-06
"AK2",0.0268578633184147,3.23058649935643e-06,6.59030503777452e-06
"LUC7L3",0.0267986173882742,3.3956006682579e-06,6.91958623810719e-06
"PWP1",0.0267977123746859,3.39818295800328e-06,6.92240237329739e-06
"TMX1",0.0267915051104478,3.41594506194257e-06,6.95612823877924e-06
"RRAGC",0.0267276492765441,3.60391330362375e-06,7.32855007827863e-06
"P4HTM",0.0266991944956307,3.69083153914823e-06,7.50265262117301e-06
"FTX",0.0266916538169515,3.71420006960196e-06,7.54749534932858e-06
"IL10RA",0.0266629996464676,3.80429937611829e-06,7.72513890918105e-06
"HERC4",0.0266530436124169,3.83609242011748e-06,7.78695705273408e-06
"YIPF5",0.0265427206702915,4.2058763373814e-06,8.51062766234335e-06
"CTCF",0.0265415621918595,4.20993486313692e-06,8.51585210652776e-06
"PIK3C3",0.0265343335153053,4.23534415136308e-06,8.56424604520016e-06
"CHORDC1",0.0265078839133963,4.32957460022319e-06,8.74865337052809e-06
"CNOT11",0.0265067517451867,4.33365261121791e-06,8.75382648297502e-06
"TMEM263",0.0264995425622517,4.35970616673568e-06,8.80131267539389e-06
"ACP1",0.0264994026350531,4.36021333684764e-06,8.80131267539389e-06
"NUDT22",0.0264942264043011,4.37901450464764e-06,8.83308032469498e-06
"BCKDHA",0.026487294933521,4.4043127511943e-06,8.88100406857956e-06
"GRN",0.0264793703215756,4.43340728243177e-06,8.93654659132612e-06
"SMAD3",0.0264560769622481,4.51999674149838e-06,9.10472274125782e-06
"UBA7",0.0264371693858957,4.59147167913337e-06,9.24546689021025e-06
"RPL36",0.0264138456406269,4.68113291084801e-06,9.42272024323227e-06
"VPS51",0.0264130310930243,4.68429430835859e-06,9.42579388566084e-06
"AP2B1",0.0263924258763374,4.76495022081939e-06,9.58474639813932e-06
"BAG1",0.026367135178529,4.86576575610287e-06,9.78412521459039e-06
"CERS2",0.0263654830486013,4.87242218791049e-06,9.79409507064476e-06
"NPHP3",0.0263648675542715,4.87490424363026e-06,9.79566995575459e-06
"RASGRP1",0.026361290659828,4.88935248871799e-06,9.82128032129455e-06
"SNRPD3",0.0263559791838274,4.91088296169851e-06,9.86109402510979e-06
"MINK1",0.026348697791439,4.94054624059233e-06,9.91720507117856e-06
"PFDN6",0.0263445490072708,4.95752440893875e-06,9.9478229875956e-06
"NAA60",0.0263111218323536,5.09637268963731e-06,1.02228804525699e-05
"TAPT1",0.026306262522061,5.11686448579131e-06,1.02604163732818e-05
"RNPEPL1",0.0262936099831801,5.17059127757185e-06,1.03645463669645e-05
"DNAJC7",0.0262644346263715,5.29654575652749e-06,1.06059650617688e-05
"APH1A",0.0262613370438851,5.31008968742919e-06,1.06293950806679e-05
"TIMM17A",0.026255535263524,5.33554677162101e-06,1.06766475475151e-05
"MIF",0.0262338973240873,5.43152422331812e-06,1.08649324300644e-05
"AAMP",0.0262296090910006,5.45074038224835e-06,1.0899590771299e-05
"HSH2D",0.0262223326289371,5.48349620521642e-06,1.09612903346562e-05
"KXD1",0.0261862325678162,5.64881070913978e-06,1.12839249600309e-05
"SP1",0.0261550278282535,5.79554217346446e-06,1.15730234468039e-05
"KDELR1",0.026151591423579,5.81192208571567e-06,1.16017150115342e-05
"ATP6V1H",0.0261445544068928,5.84560299215808e-06,1.16649108843514e-05
"TCP1",0.0261429465602345,5.85332471989171e-06,1.16751748961468e-05
"PLEKHO1",0.0261384492139156,5.87497522454419e-06,1.17113660974581e-05
"SLF1",0.0261358707367326,5.88742271899356e-06,1.17280714405651e-05
"INIP",0.0261280619858714,5.92527329615512e-06,1.17993960976956e-05
"TATDN1",0.0261189179188239,5.96989245797408e-06,1.18841456006685e-05
"LYPLA2",0.0261100377824763,6.01353138666469e-06,1.19668859582109e-05
"ATIC",0.0260715991571915,6.2059726605797e-06,1.23413256322631e-05
"RAD50",0.0260562995839674,6.28419708696639e-06,1.24925765599914e-05
"PLCG1",0.0260386129142802,6.37580211519359e-06,1.26659492932557e-05
"UROD",0.0260133926003854,6.50863885127987e-06,1.2925385762855e-05
"STAMBPL1",0.0259709207344342,6.73834456737977e-06,1.33677444513516e-05
"CTSC",0.0259545842543332,6.82874763398702e-06,1.35424304006888e-05
"ASB8",0.0259415021755665,6.90197675242702e-06,1.36829494435361e-05
"ATRAID",0.0259141920903715,7.05727757332389e-06,1.39716168092547e-05
"ACIN1",0.0259112508798082,7.07420093402046e-06,1.40003146144461e-05
"ARFRP1",0.0258618204397342,7.36449138956037e-06,1.45598292230355e-05
"POLDIP2",0.0258570801266089,7.39292075915807e-06,1.46110260514272e-05
"FGD3",0.0258411012478381,7.489526951678e-06,1.4791815729564e-05
"UTP6",0.0258245956016474,7.59058474602288e-06,1.49862725882622e-05
"ATP13A3",0.0258234402325816,7.5977072426991e-06,1.4995201118633e-05
"CDK5RAP3",0.0258069303695266,7.70018616147359e-06,1.51922591834479e-05
"RAB1B",0.0258027082180428,7.72660504454581e-06,1.52391693884732e-05
"TXNDC12",0.0257490186594495,8.07020061088592e-06,1.588967119255e-05
"SDHA",0.0257167921778833,8.2834032094229e-06,1.63038861121986e-05
"ACTR10",0.0257139309866518,8.30259018690691e-06,1.6336075608288e-05
"KPNB1",0.0256855308791522,8.49535721088558e-06,1.67039635305752e-05
"SDHC",0.0256313228200786,8.87523391756163e-06,1.74449468311445e-05
"SLC52A2",0.0256195338380685,8.95997049565572e-06,1.76055025037297e-05
"AC004687.1",0.0256173475010922,8.97577013789349e-06,1.76305403219454e-05
"NFKB1",0.0256097166490268,9.03112361994219e-06,1.77332277549222e-05
"VAV1",0.0256048262567273,9.06676939610829e-06,1.77971610304141e-05
"ARHGEF18",0.0255990888663352,9.10876025979159e-06,1.78735013331807e-05
"WNK1",0.0255960308919311,9.13121683207069e-06,1.79114719287591e-05
"RPL24",0.0255832525707785,9.22562947198e-06,1.80905151869802e-05
"TRAPPC6A",0.025579536908705,9.2532572001234e-06,1.81385228664554e-05
"UBE2J2",0.0255302545861139,9.62725418510401e-06,1.88588229909969e-05
"RBM43",0.0254581728524087,1.02003757647985e-05,1.99611696761428e-05
"SUDS3",0.025443156627135,1.03238030951545e-05,2.01890038825893e-05
"ENOPH1",0.025413829767719,1.05689828055899e-05,2.06614657084193e-05
"STRAP",0.0253968748358028,1.0713256233075e-05,2.09293186640052e-05
"PLEKHF1",0.0253731229332269,1.09185321470977e-05,2.130868862684e-05
"C2orf68",0.0253691436839518,1.09532880177982e-05,2.13692868736949e-05
"CEP135",0.0253516202489163,1.11076032438144e-05,2.16556957089512e-05
"RAB4A",0.0253278880616193,1.13199057755371e-05,2.20621482282942e-05
"CRBN",0.025317736368781,1.14118983728558e-05,2.22339249717092e-05
"LRRC57",0.0252528311156996,1.20171414157852e-05,2.34052193667116e-05
"VPS8",0.025242661977734,1.21147016202138e-05,2.35872667939815e-05
"RBBP4",0.0252033690503922,1.24988182157469e-05,2.43269269828593e-05
"RRS1",0.0251998437637908,1.25338428268333e-05,2.43868662558527e-05
"RYBP",0.0251884769529925,1.2647413868167e-05,2.45995398913049e-05
"ABRAXAS1",0.0251529451613992,1.30087943782184e-05,2.52768588878657e-05
"SNRNP40",0.0251466132969621,1.30742190008561e-05,2.53954263987662e-05
"SSR2",0.0251099004675633,1.3459788085673e-05,2.61179669885856e-05
"IGKC",0.0251023983296656,1.35399013455646e-05,2.62645849511843e-05
"FAM120A",0.0250635722029497,1.39618355720913e-05,2.70375774829586e-05
"WDR45",0.0250579023119596,1.40244914118694e-05,2.71497958953511e-05
"PIK3IP1",0.0250510206906977,1.41008979097515e-05,2.72885497468244e-05
"NBR1",0.0250472298158071,1.41431573279448e-05,2.73611500537598e-05
"CCDC57",0.0249410228145441,1.53774213078221e-05,2.96891826857081e-05
"SMG7",0.0249329302703173,1.54755631290475e-05,2.98686655171409e-05
"YWHAG",0.0249156278936845,1.56874035206129e-05,3.02673991647288e-05
"ECHDC2",0.0249103831827128,1.57521607980707e-05,3.03720198336588e-05
"SPAST",0.0248731913792581,1.62187383128243e-05,3.12298710684667e-05
"CNOT8",0.0248687926619965,1.6274784091213e-05,3.13273297243075e-05
"SNX18",0.0248230812909544,1.68682422478652e-05,3.24263843478129e-05
"GTF2F1",0.0248200989248535,1.69076696859589e-05,3.24913465774492e-05
"IP6K2",0.0248184422015446,1.69296098041872e-05,3.25118414055103e-05
"AUP1",0.0247791583506665,1.74578678827841e-05,3.34817173528487e-05
"SLC25A46",0.0247725138898686,1.75487559929084e-05,3.36336576308084e-05
"PTTG1IP",0.0247591146154681,1.77334148157314e-05,3.39762801469511e-05
"C21orf91",0.0247522926302063,1.78281400817924e-05,3.41350876001649e-05
"BNIP3L",0.0247429073530526,1.79592454593929e-05,3.43746991584197e-05
"ACSL5",0.0247066748157381,1.84740563704039e-05,3.53483354638749e-05
"UQCC3",0.0246995218807552,1.8577336959039e-05,3.55106073061908e-05
"TCEA1",0.0246627525049506,1.91169849898469e-05,3.65179372098202e-05
"VAMP4",0.0246619062241878,1.91295795351422e-05,3.65298957546904e-05
"TAP2",0.0246322632419977,1.95757530260323e-05,3.73695358163285e-05
"TPRKB",0.024619814676215,1.9766063098974e-05,3.77203460925821e-05
"MIATNB",0.0246121290453468,1.98844370553154e-05,3.79336912001337e-05
"FBXL15",0.0246006756245809,2.00620957593052e-05,3.82473078492275e-05
"UBA6",0.0245965369176123,2.01266639001752e-05,3.83577233021516e-05
"DCXR",0.0245637415305604,2.06453481122127e-05,3.93072705721791e-05
"PRELID3B",0.0245351678795381,2.11076136969975e-05,4.01608737019414e-05
"PIGBOS1",0.0245288982280604,2.12103543221322e-05,4.03430453086202e-05
"NRDC",0.0245205052638486,2.13486350064888e-05,4.05926732879725e-05
"TP53RK",0.0245065822824237,2.15799215250423e-05,4.10054060741084e-05
"FIP1L1",0.0244160478710115,2.31430629811489e-05,4.39322067848208e-05
"IKBKG",0.0244152769174023,2.31568255295605e-05,4.39438673343125e-05
"TET2",0.0243885683707088,2.36384456414678e-05,4.48430644784028e-05
"MTA1",0.0243862946662911,2.36798833518778e-05,4.49069014436959e-05
"SMIM19",0.0243629891449921,2.41086246914233e-05,4.56749141246512e-05
"MRPS22",0.0243625162193614,2.41174008778759e-05,4.5676535587097e-05
"CAPN2",0.0243363740610293,2.4607282354196e-05,4.65890339253606e-05
"TMEM245",0.0243180057694403,2.49571346455663e-05,4.72359026914935e-05
"PSMG4",0.024310588224526,2.50997499530289e-05,4.74902421191331e-05
"ELOF1",0.0242767334325864,2.57605681920555e-05,4.86971075601476e-05
"STN1",0.0242766134136989,2.57629400322543e-05,4.86971075601476e-05
"UBE2F",0.0242739132988101,2.5816355238378e-05,4.87820840955852e-05
"QARS",0.0242631480281975,2.60303688780474e-05,4.91703692498197e-05
"NIPSNAP1",0.0242109406782208,2.70924030001333e-05,5.11430075619538e-05
"WBP1",0.0242064744567016,2.7185146021421e-05,5.1301288319874e-05
"CCDC28A",0.0241924989377712,2.74773078115362e-05,5.18356670425677e-05
"ACOT13",0.0241902956188951,2.75236403053147e-05,5.19060934077012e-05
"WDR48",0.024189684547738,2.75365033671717e-05,5.19133752593917e-05
"MRFAP1L1",0.0241890650117553,2.75495504484938e-05,5.1920999162243e-05
"SLC35B1",0.0241728981988892,2.78920996511395e-05,5.25494082613923e-05
"POLR2E",0.0241641974981881,2.80781258940614e-05,5.28752985778715e-05
"CHMP4B",0.0241601078001338,2.81659730552169e-05,5.30134355774921e-05
"YBX1",0.0241340708206886,2.8731406978208e-05,5.40600404709055e-05
"ARHGDIA",0.0241217154317306,2.90034830867722e-05,5.45186072234079e-05
"APOL6",0.024121245347791,2.90138829394655e-05,5.45203854388718e-05
"LMAN1",0.024098563691618,2.95199110409466e-05,5.54532009684491e-05
"HLA-DMA",0.0240812468908735,2.9911884098801e-05,5.61529412753208e-05
"MYC",0.024071739578012,3.01291843387269e-05,5.65424686239629e-05
"PSTPIP1",0.0240626295549572,3.03388109381251e-05,5.6917346350087e-05
"ITGAE",0.0240590844064743,3.04207607655372e-05,5.70525292145864e-05
"CORO7",0.0240304495538912,3.10904400196989e-05,5.82705777034786e-05
"TBK1",0.0239764745906455,3.23910109560105e-05,6.06687106798677e-05
"BECN1",0.0239618001874474,3.275344069063e-05,6.13077223183587e-05
"ABHD2",0.0239200322860402,3.38062333490403e-05,6.32372843736346e-05
"PPIL3",0.0239109854013996,3.40384638632525e-05,6.36510444550509e-05
"BANF1",0.0238922369401488,3.45245630502716e-05,6.45181967306923e-05
"GTPBP8",0.023886098534324,3.46851435633371e-05,6.47972863394121e-05
"MGAT1",0.0238566716264326,3.54648506972263e-05,6.6232446234101e-05
"SLC7A6",0.0237579920874364,3.82027703328539e-05,7.12533559215939e-05
"BCL2L13",0.0237443633735279,3.85963138619157e-05,7.19175903204097e-05
"DHX15",0.0237314831697558,3.89717776094136e-05,7.25703072242455e-05
"CHTOP",0.0237128149906246,3.95221216093864e-05,7.3571360658919e-05
"ATRX",0.0237116567237439,3.95565095739146e-05,7.36116136536835e-05
"AZI2",0.0236850162692188,4.03553239118446e-05,7.50739203224542e-05
"SSBP4",0.0236654959574441,4.09503326011303e-05,7.615626188672e-05
"SNUPN",0.0236517257778907,4.13750655781155e-05,7.68965527518504e-05
"CTDSP2",0.0236138933670825,4.25636048467949e-05,7.90545279070745e-05
"RNF5",0.023606197893851,4.280929682966e-05,7.94852591167576e-05
"SEC23IP",0.0235857284126491,4.34693876202502e-05,8.06589312760564e-05
"NFAT5",0.023556479690512,4.44293605242101e-05,8.23871775379806e-05
"CHP1",0.0235409456977002,4.49473428981277e-05,8.32941280506113e-05
"ST6GALNAC6",0.0235251412706419,4.54802173375415e-05,8.42545497544497e-05
"DCAF7",0.0235215884885133,4.56008277286654e-05,8.44508585456689e-05
"ZNF585A",0.0235179755659348,4.57237907978698e-05,8.46513969602939e-05
"UBE2V2",0.023489030496906,4.6720326674108e-05,8.6440848228932e-05
"YTHDF2",0.0234747423691351,4.72198044085699e-05,8.73369506171337e-05
"NUDC",0.0234677397491995,4.74664434201042e-05,8.77649821108499e-05
"TIA1",0.0234664734938735,4.75111723474491e-05,8.7819529143506e-05
"AP2A2",0.0234152136300831,4.9355788441561e-05,9.1141476766725e-05
"RHEB",0.0233983854560281,4.9976019225203e-05,9.22277449189587e-05
"FMNL1",0.023358648732258,5.14700306619936e-05,9.48937553797049e-05
"BICDL1",0.0233483089840078,5.18656659086081e-05,9.55926159459709e-05
"DEXI",0.0233280124732092,5.26506777712189e-05,9.6946506611309e-05
"IMMT",0.0233217917078926,5.28935248196691e-05,9.73625782429084e-05
"PIKFYVE",0.023316624491616,5.30960498397365e-05,9.77041861601022e-05
"SIRT7",0.0233053657115511,5.35398764463152e-05,9.8489463306507e-05
"MPC1",0.0232827933668229,5.44402988437649e-05,0.00010011390415561
"NFATC2IP",0.0232789944781488,5.45932418189191e-05,0.000100363157656904
"DRAM2",0.0232712564522904,5.49060340808919e-05,0.000100906022480721
"SEL1L3",0.0232351988857567,5.63861004701301e-05,0.000103593068305588
"LSM5",0.0232341517652637,5.64296414990249e-05,0.000103640045390088
"ADAM8",0.0232303048120042,5.65898778498231e-05,0.000103899051871835
"PDCD2",0.0232299016190233,5.66066968928916e-05,0.000103899051871835
"COPB1",0.02321947279365,5.70433800442849e-05,0.000104667251897993
"AP3S1",0.0232188202768873,5.70708084796085e-05,0.000104684272424269
"TDRD3",0.0232177796304451,5.71145777300082e-05,0.00010473124634943
"ZFYVE28",0.0232098670622763,5.74484191854423e-05,0.00010530992798552
"NUBP2",0.0232006352816076,5.7840255835601e-05,0.000105994520306295
"PRKCQ-AS1",0.0231848344459653,5.85167913012635e-05,0.000107200233619564
"TAF11",0.0231821032105024,5.86344900458226e-05,0.000107381741535173
"PDLIM2",0.02316728258301,5.92770828297034e-05,0.00010852410688219
"AKR7A2",0.0231456327544189,6.02277727798778e-05,0.000110194659143895
"ATF7",0.0231292509100824,6.09567099681019e-05,0.000111492973798301
"TRIM26",0.0231238909074895,6.11970201857802e-05,0.000111897024543879
"KIAA0319L",0.0231145341804105,6.16186703433887e-05,0.000112632289023874
"MRPL9",0.0230208875735434,6.59930184263518e-05,0.000120551706450672
"RTCB",0.0230131435224287,6.63676150556109e-05,0.000121159239007821
"MOCS2",0.0229993267159758,6.70409668236321e-05,0.000122349764453129
"SCFD1",0.0229898791740131,6.7505101533205e-05,0.00012315783629927
"ARL4A",0.0229637234399741,6.88059812982016e-05,0.000125412166291634
"YDJC",0.0229496178852306,6.95173428544727e-05,0.00012666872551082
"INSIG1",0.022931219858922,7.045563909875e-05,0.00012829733839043
"MOB4",0.0229292205110544,7.05583241323776e-05,0.000128443767446787
"NAMPT",0.022898409693437,7.21587561496755e-05,0.00013131572947781
"PITPNA",0.0228628291125863,7.40496597314027e-05,0.000134714317877287
"PTPN11",0.0228288517685487,7.58990235929392e-05,0.000138035215723898
"PRKAR1A",0.0228168171560209,7.6564469772757e-05,0.000139201543877519
"AGA",0.0227524957245301,8.02156249046256e-05,0.0001457018925433
"TRPV2",0.0227342079370689,8.12833923394485e-05,0.0001475484178853
"EIF1B",0.022700529537326,8.32850099422471e-05,0.000151039198848094
"MAZ",0.0226969122400953,8.35027465448501e-05,0.000151386463163832
"SMARCC1",0.0226885295948773,8.40093941003884e-05,0.000152257126265537
"EMC3",0.0226752819830759,8.48160076250823e-05,0.000153622461047063
"ATP6V1B2",0.0226604083452697,8.57303447243272e-05,0.000155229795298334
"TUG1",0.0226582224806268,8.5865500187516e-05,0.000155425718638231
"HDAC2",0.0225997186232506,8.95585840549183e-05,0.000161907321079848
"SRSF4",0.0225689007191281,9.1563816881164e-05,0.000165480580367807
"MAP1LC3B",0.0225578057528702,9.22960596623415e-05,0.000166699460091677
"UBE2V1",0.0225485850505848,9.29088096202933e-05,0.000167753633400198
"DDX19B",0.0225451986397496,9.31348122319034e-05,0.000168109064832985
"GOLGB1",0.0225445135155385,9.31805992165948e-05,0.000168139085006915
"DALRD3",0.0225401993321935,9.34694056667941e-05,0.000168607464022647
"PIGC",0.0225337814873325,9.39006030680978e-05,0.00016933232579541
"BLMH",0.0224900409321477,9.68898235351884e-05,0.000174613628852322
"CCAR1",0.0224808587937536,9.75286354054532e-05,0.000175655103180278
"STX12",0.0224671765456395,9.84879064013149e-05,0.000177216772610416
"ZMPSTE24",0.0224165441283452,0.000102115810216455,0.000183515698821531
"GTF2B",0.0224049258080498,0.000102965893442341,0.000184928155553405
"R3HCC1",0.0224000200590736,0.000103326836382852,0.000185518638051031
"SCNM1",0.0223892959189574,0.000104120032949434,0.000186884603180636
"NAGK",0.0223418815731438,0.000107696339460484,0.00019312337987208
"MED31",0.0223230735061243,0.000109146820737018,0.000195542005340286
"RABGAP1",0.0223087030898567,0.00011026746905273,0.000197488352182328
"CCDC115",0.0222739434279854,0.000113023178095083,0.000202298158930585
"ANKIB1",0.0222586565898891,0.000114255555153612,0.000204313732270041
"STAT5A",0.0222562522982907,0.000114450531193775,0.000204598950215282
"PTPA",0.0222088728093994,0.000118357389553495,0.000211255668695452
"C19orf25",0.0221986356509354,0.000119217895331554,0.00021265994505941
"KATNA1",0.0221976167212714,0.000119303865627068,0.000212747493219326
"PYURF",0.0221731745362231,0.000121383733011423,0.000216389486329792
"NUP50",0.0221515511603453,0.000123252191007371,0.000219516796028261
"ERGIC3",0.0220985755457869,0.000127944993366427,0.000227663923710023
"RHOT1",0.0220946940867758,0.000128295368821295,0.000228216962366567
"PTGES3",0.0220696457863563,0.000130578292281356,0.000232206294044582
"TRIM56",0.022065985978034,0.000130915038006645,0.000232733361339187
"FAF2",0.0220611500326161,0.000131361257418037,0.000233454659947557
"IL16",0.0220558291415876,0.000131853879155199,0.000234257954740614
"SNRPA",0.0220314703807395,0.000134131382929896,0.000238157538595046
"OSTC",0.0220303551319612,0.000134236539009504,0.000238258194683157
"XPC",0.0220299929988096,0.000134270701009235,0.000238258194683157
"TMEM208",0.0219779464229323,0.000139266632047415,0.000246971299820861
"IDH3B",0.0219554192739502,0.000141482850014493,0.000250670229196184
"COPS6",0.0219451389600969,0.000142505225446373,0.000252404064849273
"DLD",0.0219380664061565,0.000143212625087695,0.000253579124617972
"DGCR6L",0.0219363971078589,0.000143380070648771,0.000253797687977736
"RUFY1",0.0218846940694542,0.000148658570586308,0.00026281850906537
"HSPB11",0.0218761308540221,0.000149550278572085,0.000264313961546189
"MTO1",0.0218749048200165,0.000149678359734712,0.000264459283269022
"DNAJC8",0.021870637510495,0.000150124962169477,0.000265167123072395
"EIF4EBP2",0.0218418559042431,0.000153170071601498,0.00027046289128164
"CCDC18-AS1",0.0218214185853772,0.000155367547939136,0.000274175229181456
"SLC25A6",0.0218163778193408,0.000155914088484452,0.000275055536338279
"NDUFB7",0.0217638374471069,0.000161719475691377,0.000284774417194555
"STYX",0.0217562665764223,0.00016257258615389,0.000286189287041967
"EWSR1",0.0217328377421396,0.000165239528491811,0.000290795349652815
"GOLPH3",0.0217016988750574,0.000168847858546398,0.000297054789578119
"GDI1",0.0216724415072206,0.000172305583906319,0.000303045532902635
"DUSP23",0.0215863676465338,0.000182868207814802,0.000321133055562716
"TMEM147",0.0215834583569508,0.000183235642805228,0.000321680350702511
"SUPT4H1",0.0215498148754842,0.000187535444526206,0.000329028569693528
"TINF2",0.0215348302565,0.000189480921296966,0.000332340776496229
"GRB2",0.0215185865849884,0.00019161128040955,0.000335975145674026
"TRIM8",0.0214941300115036,0.000194861260719229,0.000341569875552521
"APPBP2",0.0214816656592732,0.000196537479123537,0.000344403416015023
"ATF1",0.0214746155169994,0.000197491578303035,0.000345970210228919
"NCF1",0.0214055764096108,0.000207067438017817,0.000362415148724963
"RPP30",0.0213888138583065,0.000209457355166653,0.000366486822586798
"TAPBPL",0.0213866073533453,0.000209773869607926,0.000366907781783142
"ZCCHC2",0.0213862498878165,0.000209825188888643,0.000366907781783142
"RAD23B",0.0213783554619259,0.000210961556342257,0.000368783054084812
"GART",0.0213538903554352,0.000214520016678964,0.000374776412053192
"OXR1",0.0213398601156284,0.000216586070822202,0.000378271311457189
"CINP",0.0213384393369549,0.000216796329264941,0.00037852389672144
"WBP2",0.0213314377733605,0.000217835280030974,0.000380222778431788
"SLC12A9",0.0212792778621823,0.000225723614168324,0.000393396217258605
"MAVS",0.0212418494735698,0.000231548422854239,0.000403425907734259
"FAM204A",0.021237600331225,0.00023221854074488,0.000404349131786148
"PPP2R2A",0.0212000277144487,0.000238223692999004,0.000414555231600862
"LZIC",0.021195171961073,0.000239010324058122,0.00041579865425134
"CFAP298",0.0211779238192923,0.000241824265830238,0.000420440319880308
"TMEM11",0.0211654865815837,0.000243872587016555,0.000423873782195441
"REC8",0.0211639985321521,0.000244118744944263,0.000424173787916109
"HLA-DQA1",0.0211132735625933,0.000252650565868802,0.000438470001012753
"CMTM3",0.0210806338020703,0.000258287509371101,0.000447713876327965
"ZNF280D",0.0210695035170218,0.000260236540382582,0.000450685924440345
"DOCK11",0.0210525907327252,0.000263224561497002,0.000455497311338678
"SCAMP1-AS1",0.0210524379647398,0.000263251697362895,0.000455497311338678
"ZBTB8OS",0.0210416969796556,0.000265166184500852,0.000458672281348655
"IWS1",0.0210310751926311,0.000267072254821204,0.000461830792669831
"XRCC6",0.0210224076909169,0.000268637138502674,0.000464258429051519
"MZT1",0.0210202279369522,0.000269032034885095,0.000464801601312865
"TBRG4",0.0210194912413815,0.00026916562173896,0.000464893123860013
"PA2G4",0.0209739962320285,0.000277536875443197,0.000478921352687288
"PTDSS1",0.0209574231588231,0.000280646550193754,0.000484142582999516
"ZC3H7A",0.020946569422538,0.000282700741418365,0.000487540423373119
"RABL6",0.0209059437192629,0.000290515328177423,0.000500717841482127
"RNF149",0.0208920454726234,0.000293234867949394,0.000505103190998852
"TXLNA",0.0208762805019848,0.000296348537090211,0.000510161795044552
"VTI1B",0.0208528562561697,0.000301032188277556,0.000517760999044637
"ZNF281",0.0208441857089461,0.000302783364992739,0.00052046249356576
"FAM53B",0.0208004824351532,0.000311756197323916,0.000535247987486461
"FAAP20",0.0207795760258887,0.000316136020804911,0.000542606080947001
"CLPX",0.0207655960418393,0.000319096845301005,0.000547524994600088
"TNRC6A",0.0207567259533362,0.000320988881211326,0.000550607637699499
"TTC39B",0.0207299679323352,0.00032676031561968,0.000560340987266932
"TBC1D15",0.020722775783395,0.000328328067389019,0.000562862058451984
"GPS1",0.020721932948168,0.000328512249517853,0.000563010443675917
"IK",0.0207171982968471,0.000329548696353806,0.000564618934008437
"USP42",0.0206925493569243,0.000334994124781269,0.00057343755346203
"CLN3",0.0206776113817022,0.000338335063505919,0.000578812907516653
"YY1AP1",0.0206574509441148,0.000342893469417561,0.000586236897879199
"CHMP6",0.0206418325247161,0.000346464321158501,0.000591842340083257
"SLC66A3",0.0206072252780889,0.000354500894576444,0.000605033044990338
"C2CD5",0.0205941969495902,0.000357571278149132,0.000609912322119505
"IER3IP1",0.0205470240827685,0.000368897767828817,0.000628860013913328
"UBE2B",0.0205299803247231,0.000373071921488216,0.00063559993241434
"FXR1",0.0205091078252392,0.000378243906046561,0.000643840792848441
"IFT80",0.020504222142913,0.000379464167613023,0.000645727310305195
"DPM1",0.0204857827562681,0.000384102866772263,0.000653428092234703
"HBS1L",0.020475218960772,0.000386784166429636,0.000657795425479124
"COPS8",0.0204596314602122,0.000390772543067092,0.000664382445715778
"PRPSAP2",0.0204572866101003,0.000391375835003194,0.000665212036682411
"NSFL1C",0.0204429466026402,0.000395084262688483,0.000671119570817225
"TIMM17B",0.0204094028174664,0.000403887527136292,0.000685467736608298
"ZC3HAV1",0.0203505731759475,0.000419770785767546,0.000712005329859246
"BFAR",0.0203034946449739,0.000432899529477394,0.000733411159370192
"UBA2",0.0202965739207832,0.000434861513231698,0.000736518750897857
"ATP6V1G1",0.0202909040302128,0.000436475075890772,0.000739034575062268
"COMMD7",0.0202754706078994,0.000440895543849163,0.000746300147161175
"WASF2",0.0202575130396423,0.00044609156908322,0.000754679411247333
"RPN2",0.0202574581872602,0.000446107527820731,0.000754679411247333
"DZIP3",0.0202510866511631,0.000447964890737534,0.000757377169417578
"ANP32E",0.0202497959958604,0.00044834200689321,0.000757792600748284
"SNHG7",0.0202157139425889,0.000458408296588257,0.000774579738184728
"MARF1",0.0202142349276516,0.000458849868610635,0.00077509876750953
"PPDPF",0.0201978579642603,0.000463765944902002,0.000783173705490438
"HSPH1",0.0200990867571141,0.000494472606781337,0.000833320725689063
"EXOC3",0.0200598484261778,0.000507189312077741,0.000854502121750607
"RRP1B",0.0200521502297949,0.000509719715387798,0.00085851448558453
"GPN1",0.0200482227333178,0.0005110152153295,0.000860445181548971
"AHCYL1",0.0200270772517268,0.000518043038057884,0.000872023993134798
"ARHGEF1",0.0200242667533717,0.000518983876253325,0.000873352790882092
"RARS2",0.020002323329028,0.000526384566024042,0.000885548364136712
"ZNF267",0.0199857074229664,0.000532053784784513,0.000894563899956934
"AGPS",0.0199749280734876,0.00053576198660203,0.000900536105139583
"UBE2I",0.0199622149610811,0.00054016636514416,0.000907674658445912
"GOLGA8B",0.0199590115411196,0.000541281478541882,0.000909283509103126
"PDCD6IP",0.0199533643611624,0.000543252491347419,0.000912328805358348
"HDAC8",0.0199177820654765,0.000555826237641229,0.000933173191405231
"ARMCX6",0.0198925419766577,0.000564909107554429,0.000947870475201161
"U2AF1L4",0.0198860169275222,0.000567279587425538,0.000951571082223118
"C16orf54",0.0198728251165578,0.000572100349473875,0.000959378515677766
"PI4KB",0.0198527492458197,0.000579510042235019,0.000970957121896966
"RPIA",0.0198346864882151,0.0005862529880172,0.000981684373372588
"MEGF9",0.0198229295505172,0.000590681094823699,0.000988525210054636
"METAP2",0.0197913999802714,0.000602710497427397,0.00100807176295354
"TIMM10",0.0197864523436486,0.000604618724344235,0.00101097018941525
"FLI1",0.0197819583215752,0.000606356870553402,0.00101358262970477
"AFF1",0.0197446590949356,0.000620963529854139,0.00103709721305208
"RPA1",0.0197390929138766,0.000623171152437053,0.00104048292880848
"BOLA2",0.0197365409606563,0.000624185730881015,0.00104187528509141
"ZNF207",0.0197334162623713,0.000625430108007454,0.00104365029886545
"DDX1",0.0197236657102366,0.000629328012627032,0.00104954732470217
"DNAJC13",0.0197221974213172,0.000629916933386968,0.00105022577474491
"DDX39B",0.0196814478875878,0.000646467292503118,0.0010759529223277
"INPP5K",0.0196767269695158,0.000648410608350466,0.00107856474714656
"TUBA4A",0.0196745821383904,0.000649295298913946,0.00107941366066207
"MRPS9",0.0196722006386426,0.000650278924620471,0.00108073733668192
"PIGF",0.0196479728966904,0.000660364717083699,0.00109686731665371
"MED11",0.0196296870679118,0.00066807305363255,0.00110903203808259
"FBXW2",0.0196243848151006,0.000670323798242153,0.00111244815667986
"CDC34",0.0196226633853127,0.000671056039692384,0.00111334297494418
"BUD23",0.0195995593179157,0.000680956012304569,0.00112944300343988
"TMEM205",0.0195934400609972,0.000683600729344719,0.00113350356703019
"PITPNB",0.0195790661551828,0.000689850668853316,0.00114353803026073
"RARS",0.0195475498679144,0.000703740644001584,0.00116522316794635
"DHX29",0.0195233640454492,0.000714575664835117,0.00118282372534561
"TMEM134",0.0195185622820082,0.000716745165646874,0.00118607442475912
"ITPKB",0.0194886939771721,0.000730378068370004,0.001208287527335
"MGAT5",0.0194872801773442,0.000731029306368068,0.0012090180699239
"NHP2",0.0194827177783249,0.000733134562741837,0.0012121522429278
"LEPROTL1",0.0194795539034542,0.000734597794456161,0.00121422341089959
"GOLT1B",0.0194422884806318,0.000752037683548588,0.00124198205069436
"MAN1A2",0.0194381809965589,0.000753983295573579,0.00124483872475604
"CHCHD3",0.0194109880181911,0.00076698228720549,0.00126557563671361
"ATP5MC1",0.0193835377805026,0.000780315027277689,0.00128720731187369
"CDK10",0.0193771005611803,0.000783472607815647,0.00129204647677233
"ZMAT2",0.0193549606578116,0.000794423424116131,0.00130935692680129
"BDH2",0.0192916860848902,0.000826508270618066,0.00136146049604524
"SLC50A1",0.019250469693664,0.000848050152029901,0.00139614765251397
"SOCS4",0.0192387583076131,0.000854265472595206,0.00140597859031294
"UBE2Z",0.0192256390130982,0.000861278130406338,0.00141711582826058
"GNPAT",0.0191833010512922,0.000884274786987737,0.00145288111013056
"EI24",0.0191731881561121,0.000889851374158567,0.00146121095523134
"IARS2",0.0191211372863405,0.000919073191565187,0.00150705006987672
"DNAJC4",0.0190890134714403,0.000937548898007824,0.00153690861137326
"JAK2",0.0190688615741446,0.000949314066282681,0.00155575283326292
"PIP4P1",0.019008021202403,0.000985668958126414,0.00161395595727286
"CGGBP1",0.018999443827721,0.000990896778603104,0.00162159526736779
"WIPI2",0.0189779202247081,0.00100412842859653,0.00164185104840267
"CAPRIN1",0.0189689266670513,0.00100970551965446,0.00164956706284626
"WDR61",0.0189512031507681,0.00102078025795626,0.00166624391385048
"UCKL1",0.0189401775757842,0.00102772632202597,0.00167641539458169
"CDV3",0.0189399286945197,0.00102788361977473,0.00167641539458169
"AK6",0.0189338022091454,0.00103176270794457,0.00168131549497495
"DDX49",0.0189304186763499,0.00103391085161949,0.00168386441154747
"KDELR2",0.0189038200265083,0.00105094255730722,0.00171063667174449
"CPEB4",0.0188542407652875,0.00108338401649756,0.00176244728438404
"CDC27",0.0188429309238245,0.00109091303566525,0.00177369480594347
"PNP",0.0188405016845935,0.00109253649262145,0.00177583369587032
"RPS6KB2",0.0188149319075945,0.00110976078787587,0.00180230652314282
"PSMD3",0.0188003940149166,0.00111966540712912,0.00181685717583389
"ANKRD28",0.0187872416790475,0.00112869640120427,0.00183048148080568
"RNF213",0.0187775694595958,0.00113538070559499,0.00184080419712294
"HMGB1",0.0187458962517095,0.00115752646822866,0.00187503855991915
"IRF3",0.0187455135411973,0.00115779648203088,0.00187503855991915
"COMMD10",0.0187337446913658,0.00116612823224893,0.00188665259299996
"DCAF11",0.0187335359831018,0.00116627648587565,0.00188665259299996
"SNAPC5",0.0187162964792345,0.00117858268896404,0.00190602534135043
"XAB2",0.0186633450548767,0.00121713557305376,0.0019661683052664
"DARS",0.0186504268737044,0.00122671615528633,0.00198058758196784
"HMCES",0.0186503833623855,0.00122674854218643,0.00198058758196784
"GBF1",0.0186078463189225,0.00125879071631932,0.00203061428280098
"PHF14",0.0185910549511075,0.00127165062964072,0.00205021223962484
"NUMB",0.018571590476622,0.00128670950593122,0.00207391104547383
"ZNF330",0.0185686564528187,0.00128899366408067,0.00207643197227744
"RSRP1",0.0184990919715484,0.001344258597064,0.00216364480303323
"ATAD2",0.0184844043582864,0.00135620304416981,0.00218226086934355
"ZADH2",0.0184807481979643,0.00135919153250313,0.00218645957264868
"PSEN1",0.0184779465402839,0.00136148567306133,0.00218892887553519
"NDUFV1",0.0184604810265011,0.00137586804877023,0.00221020363154817
"PDHA1",0.0184418556134119,0.00139135985761497,0.00223322357329962
"DNMT1",0.0184400383509254,0.00139287995830846,0.00223504137995683
"SH2D3C",0.0184349538402384,0.00139714118137149,0.0022412554083364
"APEH",0.0184042149481825,0.00142315984760551,0.00228172444846844
"TMEM248",0.0183602837755372,0.00146112094582125,0.00234063458181976
"DEAF1",0.018349129898072,0.00147090647341794,0.00235565610447132
"GMPS",0.018344194367558,0.00147525575981982,0.00236196556548609
"KIFAP3",0.0183377180602978,0.00148098078569894,0.00237047354735659
"TPT1-AS1",0.0183239445019613,0.0014932246731202,0.002389408071555
"GIMAP5",0.0183046504015976,0.00151053285787117,0.00241588838127735
"PPWD1",0.0182963156366268,0.00151806674094063,0.00242713914471988
"MALSU1",0.0182905124775274,0.0015233327003183,0.00243488350408416
"WDR6",0.0182610539955832,0.00155032462983195,0.00247596846863497
"SAP30L",0.0182315027433461,0.00157784344929691,0.00251922014731321
"TRNT1",0.0182271978526079,0.00158188958363531,0.00252498124240931
"FOXN2",0.0181826163999305,0.00162435664423603,0.00258989902330915
"EPS15",0.0181793200794338,0.00162753791469788,0.00259425405032136
"CCDC85B",0.0181787353523464,0.00162810283170932,0.00259443742206899
"DNM2",0.0181717204618216,0.00163489414583892,0.00260453992791521
"CYB5R4",0.0181687360172791,0.00163779136787716,0.00260843491260634
"MOB3A",0.0181261567419489,0.00167964404568241,0.00267361501834129
"MTA2",0.0181180947606849,0.0016876783800198,0.00268566258763084
"CEP57",0.018113083980623,0.00169268977460367,0.00269289432555568
"MAP2K1",0.0180554367374082,0.00175133689674643,0.00278312479568385
"CYB561D2",0.0180455494513685,0.00176158138722849,0.00279863357028835
"SOAT1",0.0180256579574206,0.00178235861054637,0.00283086260176835
"CASP8AP2",0.0180036432240832,0.00180561605854913,0.00286701206212909
"OAZ2",0.0180019507331695,0.00180741558434378,0.00286907945910008
"KMT5A",0.0179902952113023,0.00181985304023117,0.00288802765080165
"PSMD12",0.0179657571188268,0.00184629478782257,0.00292757273614869
"TRAPPC12",0.0179439814943427,0.00187005487555264,0.00296443278375813
"NDRG1",0.0179135734351607,0.00190370421741541,0.00301611599500952
"CYB5R3",0.0179069421288156,0.00191111583583054,0.0030261957784829
"FUBP1",0.017904344706171,0.00191402611487392,0.00302936691592547
"GYPC",0.0179042172099485,0.00191416907259102,0.00302936691592547
"TXNRD1",0.0178783353971325,0.00194339344181082,0.00307308746337346
"TATDN2",0.0178565876962999,0.00196826589989611,0.00311156508900791
"RAD51-AS1",0.0178511611779127,0.00197451749775944,0.00312059260333754
"NADSYN1",0.0178328259608427,0.0019957755805521,0.00315332541727232
"BAG6",0.0178187046680069,0.00201229094529817,0.00317767849987255
"ZFAND1",0.0178080174609551,0.00202487329306257,0.00319667240106539
"ATPAF1",0.0178041904782742,0.00202939643204115,0.00320293629545193
"UNC45A",0.0177936320868045,0.00204192358655473,0.00322094456336464
"POLR2I",0.0177909015674473,0.00204517477612672,0.00322502326406167
"MTDH",0.0177783986523442,0.00206012256293702,0.00324610022416879
"HNRNPUL2",0.0177726856918476,0.00206698596247591,0.0032560251422012
"C8orf76",0.0177506996832434,0.00209359551072848,0.00329704131905275
"MLEC",0.0177137491388494,0.00213902520444049,0.00336674627565729
"ATP1A1",0.0177073109358357,0.00214703264943089,0.00337842763690803
"TRIP11",0.0176992425298623,0.00215710644107989,0.00339335320395737
"ANAPC13",0.0176784362844961,0.00218328430464543,0.00343172542515405
"LYRM1",0.0176775612556264,0.00218439159676719,0.0034325303374813
"GALK2",0.0176641170279454,0.00220146922851637,0.00345842360143118
"PBDC1",0.0176506085430885,0.00221875164649231,0.00348367567256226
"STX17",0.0176491319394038,0.00222064829507444,0.00348570460470722
"STX16",0.017638932527967,0.00223378972886337,0.00350442474601607
"NNT",0.0176348809226635,0.00223902976743176,0.00351169014652677
"BUB3",0.0176155417609213,0.00226419709839938,0.00354826757241011
"SINHCAF",0.0176064945729171,0.00227605955319877,0.00356588846598677
"UVRAG",0.0175839770554453,0.00230583157872662,0.00361155098167203
"TP53",0.0175473685833154,0.00235499642650422,0.00368555343056983
"TPP1",0.0175367719910522,0.00236940562461931,0.00370609228022228
"CRLF3",0.0175209162146606,0.00239111702917558,0.00373701135697983
"NELFB",0.0175202990298861,0.00239196581451405,0.00373732507512937
"GIGYF2",0.0175145089908727,0.00239994202512318,0.00374877184693536
"LRRFIP2",0.0174634540225822,0.00247133504996544,0.00385402629344259
"RASSF3",0.0174164817990288,0.00253872980595431,0.00395591861414172
"AK3",0.017392576271629,0.00257367055639396,0.0040081982443219
"NIFK",0.0173910660782013,0.00257589258064075,0.00401057573233133
"HAT1",0.0173782254685168,0.00259485660661552,0.00403792176210245
"MFSD1",0.0173675311712562,0.00261074812101666,0.00406155500779689
"SDHAF2",0.0173411759399494,0.00265029200951248,0.00412175491474957
"HMGN4",0.0173189052181145,0.00268413334594186,0.00417009617619793
"NDE1",0.0173156160010437,0.00268916478702726,0.00417523353540517
"AGPAT2",0.0173153335507204,0.00268959724646804,0.00417523353540517
"NFKBIZ",0.0173131753737621,0.00269290372779979,0.00417809410767323
"CZIB",0.0172809108181217,0.00274278018444241,0.00425318992301139
"R3HCC1L",0.0172736503965318,0.00275411945486643,0.00426962550973514
"TXNDC11",0.0172726226740767,0.00275572799904212,0.00427097107510774
"PDAP1",0.017254233674389,0.00278465504940394,0.00431464418858477
"SF3B5",0.0172508957572003,0.00278993544468552,0.00432166470843443
"PARL",0.0172350758891023,0.00281508616755071,0.00435945271972743
"DENND2D",0.0172236465437016,0.00283338538738951,0.0043854357297572
"RAB5A",0.0172231462360261,0.00283418889228055,0.00438550237235898
"CDC26",0.0172169049290281,0.00284423006680377,0.00439985911889951
"SMIM20",0.0171963181922295,0.00287758122281807,0.00444971322113146
"ASXL2",0.0171960606209108,0.00287800074819149,0.00444971322113146
"MHENCR",0.0171704498790434,0.0029199946949334,0.00451101243120304
"ARF6",0.0171441461884106,0.00296370629559796,0.00457511335459983
"BCL10",0.0171437092811749,0.00296443736448588,0.00457511335459983
"STXBP3",0.0171435757930375,0.00296466076055828,0.00457511335459983
"NPEPPS",0.0171348734218625,0.0029792576021685,0.00459640946808607
"CS",0.0171222920863122,0.00300047672809459,0.00462790834204907
"MYH9",0.0171217576472617,0.003001381134455,0.00462806550866363
"NSL1",0.0171037210981749,0.00303204974640709,0.00467410609129368
"GBP3",0.0170989485207328,0.0030402125244518,0.00468543710008379
"TMUB1",0.0170980540370057,0.00304174463309946,0.00468654589876693
"XRCC5",0.0170907386853923,0.00305430112265642,0.00470463530298065
"PPP2CA",0.0170662226771973,0.00309672724723773,0.0047636239089944
"XRN1",0.0170654850906475,0.00309801196207561,0.00476432932941068
"USP1",0.0170483186826537,0.00312804970246345,0.00480924090485383
"SF3B3",0.0170358930177356,0.00314995748325545,0.0048390529584268
"ZRSR2",0.0170349469893461,0.00315163114875103,0.00484033470967968
"EIF5A",0.016996861942538,0.00321968620325159,0.00494222260690761
"BLOC1S2",0.0169895807647656,0.00323284858344623,0.00495846749487618
"LSM8",0.0169605793267383,0.00328576322126161,0.00503427112035487
"CAND1",0.0169536044647165,0.00329860634457252,0.00505260631849926
"ETNK1",0.0169516153430253,0.00330227737276914,0.00505688624767913
"LTV1",0.0169484954955443,0.00330804271043489,0.00506437013832705
"TNIP2",0.0169245472117122,0.00335260424348337,0.00512714629333561
"LEPROT",0.0169201605394595,0.003360825687314,0.00513835677060971
"VPS72",0.0168886848497659,0.00342035752037317,0.00522798882056509
"UBE2D1",0.0168693329818048,0.00345743374612483,0.0052818597122919
"PMPCB",0.0168572154488167,0.00348083556349222,0.00531620198481452
"OGT",0.0168548214474108,0.0034854759624825,0.00532187976585559
"SYMPK",0.0168459981487435,0.00350262720231026,0.00534523711979976
"LRRC59",0.0168418017764228,0.00351081127128271,0.00535606442894792
"ACO2",0.0168414082692117,0.00351157960912989,0.00535606442894792
"STX11",0.0168063241355507,0.00358070080892983,0.0054600480076939
"CDC5L",0.0167857695917606,0.00362176910744954,0.00551975223114733
"TMEM87A",0.0167850096622876,0.00362329563706627,0.00552061979893293
"KMT5B",0.0167602469616154,0.00367335971708935,0.00559542141797525
"GTF2E2",0.0167504095059079,0.00369342258432132,0.00562301162718613
"ROCK2",0.0167452734914977,0.00370393669466987,0.00563753046137798
"REV3L",0.016743852619635,0.00370685021095899,0.00564047629725607
"MRPS26",0.0167430732866062,0.00370844912808144,0.00564142076540376
"CEP85L",0.0167000468956377,0.00379770300321239,0.00577110756772749
"LINC01184",0.0166733961303309,0.00385396178426298,0.00585351530414659
"HERC2",0.0166663984527286,0.00386885858758098,0.00587459385849909
"ARL8A",0.0166648755572655,0.00387210748177409,0.00587797942811034
"LPCAT4",0.0165565077938176,0.00410975874644113,0.00623054119104258
"GID8",0.0165458722233538,0.00413378175637008,0.00626366773226123
"ZC3H8",0.0165448912208376,0.00413600399355993,0.00626538876565802
"GNAS",0.0165417678686465,0.00414308645591089,0.00627446943047218
"MICU1",0.0164837284555048,0.00427671350336799,0.00647174147833198
"SOCS1",0.0164828992751407,0.00427865056399487,0.00647297423991563
"ARL6IP1",0.0164543733311616,0.00434577685436268,0.00657280228667967
"TRAPPC6B",0.0164506041043818,0.00435471751901943,0.0065845977798073
"ANAPC4",0.0164211236100607,0.00442522295079486,0.00668594727724233
"SAP30",0.0164142975848867,0.00444169483559664,0.00670907651044679
"UPK3BL1",0.0163931029334947,0.00449319434891153,0.00678508819328955
"IL12RB1",0.0163707439618499,0.0045481087958899,0.00686082747211537
"FRYL",0.0163576860998655,0.00458045986319679,0.00690782218385353
"B3GAT3",0.0163156745135404,0.00468596309445988,0.00705770414357538
"MAGED2",0.0163118333876319,0.00469571819926694,0.00707055009273432
"CPNE3",0.0162893029508467,0.00475330863807517,0.00715539830743396
"TMEM18",0.0162558615012898,0.00483996793425248,0.00728204932868094
"MRPL14",0.0162200920206679,0.00493423994549777,0.00741808179501711
"HNRNPH2",0.0162017373905199,0.00498325629186195,0.00748786843021571
"IMPDH1",0.0161985763380734,0.0049917422409992,0.00749866566914362
"DDHD1",0.016194622270148,0.0050023754598283,0.00751268210334109
"AGGF1",0.0161826532408162,0.00503468732962692,0.00755924025773456
"EIF4E",0.0161775949216366,0.00504839951697787,0.00757785528745742
"ABHD13",0.0161697083789652,0.00506984586848753,0.0076080669069913
"ATP2A2",0.0161654591900883,0.00508143505264354,0.00762347449235049
"PLSCR1",0.016132141014022,0.00517313986729975,0.00775701966061302
"CAMK2G",0.0161248278728998,0.00519346759203309,0.00778345311934896
"EIF4H",0.0161136447990823,0.0052246918296119,0.00782618124191476
"OXCT1",0.0161124950737147,0.00522791157064431,0.00782897066421858
"MAGOH",0.0161102314981351,0.005234255825482,0.00783643648638492
"ARL5A",0.0160902802287512,0.00529047593759547,0.00791444221325891
"LSM4",0.0160738070896552,0.00533730556300907,0.00798242769239453
"PHF6",0.0160311626179597,0.00546027843455935,0.00816211138727417
"SENP7",0.0160269621413177,0.00547252856309915,0.00817830324524302
"DRG1",0.0160094930506405,0.00552374137374894,0.00825056112468535
"KHDRBS1",0.0159750203383595,0.00562607311925364,0.00839688501002478
"SRPK2",0.0159345331135286,0.00574844054633786,0.00857729796396648
"NEPRO",0.0159180822426015,0.00579884313119863,0.00864802905032906
"UBXN6",0.0159010151562072,0.00585155446298918,0.00871987457055778
"HNRNPA1",0.0158695270868343,0.00594993943418918,0.00886190617690315
"CD320",0.0158590522169045,0.00598299723553132,0.00890884199775603
"GIT1",0.0158363049427571,0.00605535624342634,0.00900960770274501
"PRPF31",0.0158179274882758,0.00611438951700998,0.00909509526556527
"ZNF638",0.0158125067624434,0.0061319010477766,0.0091187914756389
"CYHR1",0.0157806965193499,0.00623557653688597,0.00926818811552097
"ANAPC10",0.0157735843668236,0.00625897111984988,0.00929577297145873
"VPS36",0.0157274505149574,0.00641265097315571,0.00951666447817524
"NUDT16L1",0.0157043258468734,0.00649095347875663,0.00963039071571636
"SF3A3",0.0157014252074904,0.00650083580491197,0.00963913680379453
"PUF60",0.01570068662721,0.00650335426981869,0.00963913680379453
"SPTLC2",0.0156963593389473,0.00651812741376202,0.00965828386309495
"TMEM33",0.0156611226384156,0.00663955177488336,0.0098331523075892
"SDCCAG8",0.0156442234942527,0.00669850398781254,0.00991593423516658
"C12orf49",0.0156422739656693,0.00670533504829344,0.00992236457113497
"TOR1AIP1",0.0156418926356411,0.00670667194352074,0.00992236457113497
"AC025164.1",0.0156150243504271,0.00680147410121689,0.0100497312686953
"NXPE3",0.015603893908554,0.00684109828981841,0.0101031021350532
"SLBP",0.0155951898254429,0.00687222906584902,0.0101438815005762
"CCDC7",0.015591646675811,0.0068849377999226,0.0101600399928745
"UTP11",0.0155451146575071,0.00705381143747011,0.0104012606903324
"RAMAC",0.0154996384748817,0.00722243734547148,0.0106417465946178
"HAGH",0.0154604604127756,0.0073706010883585,0.0108461996623025
"NTMT1",0.0154556088946485,0.00738913703347246,0.0108679299342096
"ARAF",0.015454565049208,0.00739313066177199,0.0108710312408055
"ACADM",0.0154433487356448,0.00743616527028761,0.0109315230980751
"THAP6",0.015431800714253,0.00748070716818799,0.010991398277437
"SF3B4",0.0154284264796847,0.00749376702542489,0.0110077825867614
"PIGP",0.0154252662170397,0.00750601724917847,0.0110229695635376
"PRPS1",0.0154046642574691,0.00758631829859444,0.0111323912539425
"FGL2",0.0153748178391442,0.00770401801644922,0.0112936125828324
"ZEB1",0.0153683360989363,0.00772979410674805,0.0113285190885937
"STMN3",0.0153456237466467,0.0078207257886017,0.011450146134264
"DHRS4L2",0.0153422793579886,0.00783419609554972,0.0114641113676477
"SAFB",0.0153422684306085,0.0078342401421709,0.0114641113676477
"MAN2B1",0.0153359216862738,0.00785986042607648,0.0114957684699932
"MAP7D3",0.0153123921165255,0.00795549980292883,0.0116268036906971
"UHRF2",0.0152931533619546,0.00803447151856632,0.0117392442988528
"BCL2L11",0.0152510011374026,0.00820995737298797,0.0119895730995243
"SETDB2",0.0151805231059394,0.00851104026996335,0.0124166883978949
"MRPL24",0.0151695126385834,0.0085589584301631,0.0124802814833756
"SUPT6H",0.0151287060362559,0.0087386612897282,0.0127358755769175
"PSMB8-AS1",0.0150971677025256,0.00887985069559409,0.0129383777062888
"STK38",0.0150885851615327,0.00891862367568367,0.0129915894765516
"CREB3L2",0.0150794418631438,0.00896009624728951,0.0130487058227572
"MGAT2",0.0150641138966688,0.00903000798594249,0.0131438808821127
"HNRNPA2B1",0.0149883057200029,0.00938298461726543,0.0136404517992865
"RTF1",0.0149768726631076,0.00943727387061638,0.0137124611770836
"TPMT",0.0149745016015897,0.00944856774155339,0.0137254131399341
"SLC25A39",0.0149591364086534,0.00952204804471652,0.0138251890921148
"ZNHIT3",0.0149524187766536,0.0095543332693474,0.0138685728578723
"SLC5A3",0.0149472669299292,0.00957915935670152,0.0139011102189476
"SNRNP70",0.0149400512299708,0.00961402757734191,0.0139376815079263
"ME2",0.0148932671258021,0.00984285898332008,0.0142586706246689
"ERG28",0.0148779265582166,0.00991894268829578,0.0143616727299527
"PDLIM5",0.0148621274257182,0.00999784791394444,0.0144722863754311
"MYO5A",0.0148562757863663,0.0100272141890573,0.0145111528803748
"ENTR1",0.0148535333481742,0.0100410034506399,0.0145274628449172
"EPN1",0.0148058022356749,0.0102837201393359,0.0148748969258967
"RHOH",0.0147858023430226,0.0103869641508177,0.0150204669653375
"HEIH",0.0147797413648885,0.0104184338867441,0.015062198100991
"PCSK7",0.0147597498407199,0.0105228358432453,0.0152055109766965
"YBEY",0.0147592279416684,0.0105255737824829,0.0152056573155258
"UBLCP1",0.0147515551902667,0.0105658990720542,0.0152600901448877
"DPM2",0.0147387981327657,0.0106332499095969,0.0153535183346633
"CHFR",0.0147207855012246,0.0107289975994442,0.0154859441491709
"LSM12",0.0147133962581225,0.0107684969601903,0.0155371333423612
"MICOS13",0.014668723298008,0.0110100622245037,0.0158743602496559
"WASHC1",0.0146243764245006,0.0112546141077955,0.0162182307745268
"PEX2",0.0146124355512289,0.0113212812084274,0.016306151031219
"SLC38A10",0.0145601214381857,0.011617506875231,0.0167161083207229
"BNIP3",0.0145185082948276,0.0118580286219743,0.0170536785693082
"IL4R",0.0145109139570615,0.011902396844905,0.0171089537897725
"MRPS6",0.0144856613452551,0.0120509898826287,0.0173122031376972
"CBFB",0.0144827277545753,0.012068358064402,0.0173302343021429
"DNMT3A",0.014463322017624,0.0121838086065349,0.0174873131492999
"DDX56",0.0144621896178883,0.0121905757112517,0.0174926723380912
"STX5",0.014458763049301,0.0122110728237032,0.0175177256154966
"ANAPC5",0.0144540178332368,0.0122395082682838,0.0175541517491153
"SCAMP3",0.0144326931514432,0.0123680207256968,0.0177340565701376
"CERS5",0.0144163718884578,0.0124671862148984,0.0178718028588912
"TBC1D1",0.0144117038118295,0.0124956779161375,0.0179081944687786
"GRIPAP1",0.0143767108405062,0.0127111005490394,0.0181988373550919
"SMIM29",0.0143583593981379,0.0128253837819447,0.0183487939147793
"ATAD1",0.0143571005806529,0.0128332562602004,0.0183555031876428
"KLF6",0.0143552348085446,0.0128449324175825,0.0183676482152735
"HDDC3",0.0143506706492246,0.0128735349368708,0.0184039851216991
"SIKE1",0.0143467643582291,0.0128980594861798,0.0184344756026763
"SF3B1",0.0143312648956367,0.0129957763490789,0.0185695347386367
"TAF8",0.0143301992105388,0.0130025189914848,0.0185745670111203
"GPBP1L1",0.0143047446017793,0.0131644938327573,0.0187919890924533
"ILKAP",0.0142813093329619,0.0133151937825769,0.0189977047362992
"NUP62",0.0142797048889614,0.0133255666743263,0.0190078018824733
"SRP68",0.014276284741968,0.013347702111949,0.0190346681700322
"TNK2",0.0142166226842318,0.0137391017346129,0.0195783048439616
"CCDC91",0.0142033099467419,0.0138278078079516,0.0196949784214514
"MPHOSPH6",0.014178499574894,0.0139944757082851,0.0199077803181253
"RANBP3",0.0141748554912621,0.0140191042182249,0.0199378974171401
"THUMPD3-AS1",0.0141543388473715,0.0141584810687382,0.0201261918470331
"MRPS7",0.0141531435914619,0.0141666384262417,0.0201305384672345
"SLC35C2",0.0141444898616065,0.0142258220187033,0.0202036180679079
"GUSB",0.0141443234084518,0.01422696254097,0.0202036180679079
"STX7",0.0141407309423503,0.0142515974667814,0.0202336195447878
"VAMP3",0.0141373217797443,0.0142750102021652,0.0202618714831126
"OTUD5",0.0141184727879347,0.0144050707672964,0.0204414476168795
"SRP54",0.014109751686037,0.0144656003604025,0.0205222920734172
"HEXD",0.0140995146264615,0.0145369376507153,0.0206184258316958
"DELE1",0.0140834124898003,0.0146497736328067,0.020768250870304
"JAKMIP1",0.0140588219024503,0.0148235824604796,0.0209888534371681
"NT5DC1",0.0140565341823003,0.0148398443198532,0.0210067212058403
"ORC3",0.0139734459685555,0.0154412152075837,0.021825854926994
"CSTF2T",0.0139478991646786,0.015630377894676,0.0220769995881941
"WAC-AS1",0.0139388413595843,0.0156979348138938,0.0221615642770442
"AZIN1",0.0139213419244392,0.0158291807572668,0.0223359152011641
"ING4",0.0139104125151011,0.0159116401377705,0.0224412884995163
"POP7",0.0138848007047223,0.0161063553952763,0.0227048036090341
"SRSF8",0.0138496060639197,0.0163773398027433,0.0230698873088472
"CXXC1",0.0138416874318101,0.0164388591688543,0.0231452394596638
"CTDNEP1",0.0138248202061274,0.0165705766877365,0.0233136169207555
"KDM5C",0.0138234013231629,0.0165816990052053,0.0233188967075295
"GFER",0.0138227942262983,0.016586459908841,0.0233188967075295
"MRFAP1",0.0137948374457017,0.0168070037274122,0.0236190330028469
"DENND1C",0.0137809697692319,0.0169173542889675,0.0237667191679599
"ZSCAN16-AS1",0.0137800137340213,0.0169249852135319,0.0237716487399996
"DMAP1",0.0137791181455164,0.016932136402048,0.0237759022718799
"PANK2",0.013753675392807,0.0171364051005498,0.0240510217120639
"UBP1",0.0137490696972832,0.0171736124111921,0.0240973778042202
"PYCR2",0.0137027731033041,0.0175515754800649,0.0245977972766791
"MICU2",0.0137004119592077,0.0175710456721287,0.0246191011640345
"AASDHPPT",0.0136857322302124,0.0176925212375714,0.0247832815100983
"EXOSC9",0.013682983856552,0.0177153457959696,0.0248092275875078
"ELMOD2",0.0136478426103358,0.0180094672915581,0.0252027658020906
"NME6",0.0136271911235002,0.0181843018728172,0.0254350882611052
"SMC5",0.013626476160866,0.0181903812392988,0.0254374220676615
"IMP4",0.013623949694594,0.0182118781778792,0.0254613094428677
"TMEM43",0.0136144480807854,0.0182929237921289,0.0255684177191487
"PRMT9",0.0136101726543033,0.018329494643063,0.0256133258072557
"PIGK",0.0135998017178347,0.0184184708748057,0.0257189640520592
"ANAPC11",0.0135950619610237,0.0184592607672885,0.0257696821217509
"YAF2",0.0135917790953303,0.0184875591152264,0.0258029412917499
"DDX54",0.0135753594511726,0.0186296672019051,0.0259887011982068
"LARP4",0.0135744135564915,0.0186378827286845,0.0259938741708159
"FNBP1",0.0135527796665904,0.0188266501526759,0.0262254327126768
"GSR",0.0135403587112741,0.0189357836022435,0.0263647185017234
"LINC00476",0.0135382232631013,0.0189546017777397,0.0263845494695208
"ABCD4",0.0135097167725607,0.0192073795962351,0.0267299609390655
"SMARCAD1",0.0134656239805663,0.0196041704278391,0.0272492771408407
"CCDC25",0.0134540567022911,0.0197094424325939,0.0273890010864504
"TRIM5",0.0134453048762996,0.0197894191572636,0.0274935148831461
"RALGDS",0.0134350582413476,0.019883415836738,0.0276174516210184
"UFL1",0.0134325664808967,0.0199063326299679,0.0276426246754214
"SLAIN2",0.0133950256044603,0.0202543980072901,0.0281124219754614
"CARD8",0.0133873881505631,0.0203258561283148,0.0281964019883818
"UNC50",0.013381039486623,0.0203854232618167,0.0282602730651194
"TMX2",0.0133779000978402,0.0204149351927365,0.0282943838636173
"NRBF2",0.0133498887735942,0.020679910346356,0.0286478604293622
"MFSD6",0.0133384582246205,0.0207888968850405,0.0287919232315151
"ZNF226",0.0133256674645552,0.0209114458428035,0.0289546958404436
"RNH1",0.0133101389221472,0.0210610713692514,0.029154872440344
"ANKFY1",0.0132575252875447,0.021574986594576,0.0298447943609787
"RB1",0.0132411443830015,0.0217372034607559,0.0300547716034954
"MEA1",0.0132371558974036,0.0217768609640763,0.0300951730601074
"SF3A2",0.0132237949838909,0.0219101675765158,0.0302576476086607
"SLC39A3",0.0131914767209306,0.0222355577687065,0.0306996556504981
"TMEM160",0.0131825262386708,0.0223264137263292,0.0308177185159743
"BRCC3",0.0131785238927355,0.0223671456939024,0.0308665540121405
"TLNRD1",0.013174992157475,0.0224031418872554,0.0309088323597612
"RFX7",0.0131565793061141,0.022591626398318,0.031153971649713
"SEC13",0.0130833297253841,0.023355162598303,0.0321530729778976
"VTA1",0.0130358735612805,0.0238617059639322,0.0328269223029573
"TMC6",0.0130081424042033,0.0241620953626057,0.0332164014198206
"DCTN5",0.0130050125214353,0.02419620388484,0.0332553641095978
"EIF2B5",0.0129766265073036,0.0245074567128112,0.0336751257714516
"NBAS",0.0129727247585197,0.0245505094563053,0.0337262477452389
"CLEC2D",0.0129715412935862,0.0245635810108099,0.0337361685375901
"SLC2A3",0.0129608045718439,0.0246824455282661,0.0338752173635198
"C5orf24",0.0128966423118122,0.0254032122426626,0.0348395541030762
"CTSS",0.0128716375779426,0.0256889954010102,0.0352147460132222
"NUMA1",0.0127915008950293,0.0266237050018305,0.0364613884458695
"MAP7D1",0.0127784201575748,0.0267790339577934,0.0366567027853298
"UROS",0.0127484008661419,0.0271384633374703,0.0371310837644581
"TMEM106B",0.0127458813556404,0.0271688186538055,0.0371637991405352
"STX2",0.0127312922434225,0.0273451664368924,0.0373961524404928
"PBX2",0.0127272187037859,0.0273945819003893,0.037445971514469
"NSMCE4A",0.0127149911816364,0.0275433749930923,0.0376315194468523
"TMEM8A",0.0127035392528628,0.0276833617441844,0.0378048655407794
"TMEM222",0.0126910524648708,0.0278366972578268,0.0380052635146513
"SMIM10L1",0.0126843297933898,0.0279195532838731,0.0381093642102002
"MAML1",0.0126663540472731,0.0281421469620954,0.0384041082655949
"C12orf57",0.0126638446658192,0.0281733419623719,0.0384375829422756
"EPC1",0.0126530371649643,0.028308034552904,0.0386030823519975
"TMEM230",0.0126409680801053,0.0284591054939125,0.0387999199487928
"DTNBP1",0.012640229314364,0.0284683752730113,0.0388033845898029
"UBL4A",0.0126348323411112,0.0285361735762673,0.0388866051546157
"SSRP1",0.0126205632247486,0.0287160965202719,0.03911330388106
"ARMC1",0.0125922228577584,0.0290763456990923,0.0395852893405725
"TIMM29",0.0125881709562762,0.0291281680091544,0.039646482159262
"RPS26",0.0125724378174965,0.029330143175131,0.0399119716118406
"CYBA",0.0125690755340075,0.0293734626176286,0.0399614906619166
"RDH11",0.0125522648703093,0.0295908765909945,0.0402382893893576
"APOL2",0.012540201246026,0.029747748267356,0.0404325393018717
"LCP2",0.0125335637485107,0.0298343648056624,0.0405407120250365
"NDUFV3",0.0125209763366379,0.0299992207869107,0.0407551251538549
"PPP1R12C",0.0125027959207452,0.0302387095281202,0.0410611344122131
"USP3",0.012490567139797,0.0304007205053722,0.0412714112887197
"IQSEC1",0.0124885538593163,0.0304274644766054,0.0412979966195771
"ING5",0.0124722382868523,0.0306449433901922,0.0415736035124061
"MTF2",0.0124675917078521,0.0307071237867235,0.0416481615423412
"SLC35E1",0.0124374250835041,0.0311134533579756,0.0421695148097404
"ZMYM5",0.0124326844985085,0.0311777244005623,0.0422466956339386
"NOL8",0.0124113053315644,0.0314689922934878,0.042612865336007
"C1orf122",0.0124112227431304,0.0314701219812821,0.042612865336007
"NORAD",0.0124008380958847,0.0316124460673398,0.0427854908402601
"BTBD6",0.0123594715020791,0.0321848770696544,0.0435157121516022
"C2orf49",0.0123591253121861,0.0321897048792673,0.0435157121516022
"TRIM27",0.0123583895221385,0.032199967939738,0.0435193848391069
"METTL26",0.0123550545217107,0.0322465208716793,0.0435720913465264
"PITPNM1",0.0123395549505754,0.0324636353659351,0.0438551850914377
"LINC00861",0.012310593441527,0.0328726786084892,0.0443558113091149
"DENR",0.0122991089404725,0.0330360996028642,0.044555469225846
"SUCLA2",0.0122921891926885,0.0331349008614913,0.0446678291884573
"GLT8D1",0.0122862787344937,0.033219491462233,0.0447713968830796
"LRRC58",0.0122678931265158,0.0334838091409142,0.0450960129181812
"POLR2F",0.0122473408215762,0.0337814035158714,0.0454543523275853
"NDUFS1",0.0122389379583837,0.0339037255197634,0.0455870331248486
"CNOT7",0.0122259389315969,0.0340937006578247,0.045831788273584
"KIAA2013",0.0122249882730455,0.0341076297536921,0.0458398277300261
"ARHGAP5",0.012221270697147,0.034162146568892,0.0459023996418453
"CRYZL1",0.012218764395712,0.0341989425253834,0.0459411370938472
"CYP20A1",0.0121961935379492,0.0345318424600833,0.0463451560314872
"SOS1",0.0121910843564026,0.0346075813540291,0.0464248336927557
"NCSTN",0.0121910046998622,0.034608763311052,0.0464248336927557
"BTBD1",0.0121814600874383,0.0347506376675551,0.0465954260471495
"PHB",0.0121558747986745,0.0351333984819862,0.0470867555300057
"MFSD11",0.0121540174691254,0.0351613240459166,0.0471132332185876
"STX4",0.0121486997589817,0.035241382369386,0.0472095359173633
"HDLBP",0.0121259222684997,0.035586060906663,0.0476380717847553
"RWDD1",0.0121238027903474,0.0356182794922844,0.0476701364195878
"DPM3",0.0121181420711037,0.0357044511469365,0.0477743781355876
"CSKMT",0.0121149554353165,0.0357530386512211,0.0478282936445354
"NIPA2",0.0121092233677462,0.0358405790003795,0.047934280866231
"USF2",0.0120836775408594,0.036232941645439,0.0484365726632468
"RFTN1",0.0120755568694045,0.0363584328088248,0.048593066514135
"SUPT20H",0.0120623954612134,0.0365626065762668,0.0488546228279264
"MED29",0.0120442532718798,0.0368456482326001,0.0492100169887459
"C2orf74",0.0119584796951731,0.0382092246465566,0.0509520483078885
"CLK3",0.0119583184769233,0.0382118274547629,0.0509520483078885
"ASPSCR1",0.0119561284572613,0.0382471994359089,0.0509852193807457
"MTLN",0.0119365421437695,0.0385647862411343,0.0513870430343395
"FRA10AC1",0.0119048177384587,0.0390839429271788,0.0520667819036821
"UBAP2L",0.011892522145832,0.0392867451215778,0.052312782063297
"CMTR2",0.0118495354430334,0.0400027995113034,0.0531898603972139
"PWWP2A",0.0118023404805618,0.0408016729982299,0.0542048486940317
"SLC39A10",0.0117740681447514,0.0412866864641725,0.0548239283534154
"NMD3",0.0117434926470782,0.041816697892765,0.0555021626576699
"SPTLC1",0.0117285005745331,0.0420786753201514,0.055824182326044
"DPH3",0.0117243467105347,0.0421515068104431,0.0559079438306866
"WRAP73",0.0117194699350353,0.0422371495049512,0.056008655137975
"NSUN3",0.0116874571211394,0.0428029997372291,0.0567198758006893
"VPS41",0.0116830279936648,0.0428817902563632,0.056811230050183
"KMT2B",0.0116802786988189,0.0429307595847363,0.0568630432993051
"PRMT1",0.0116737472250025,0.0430472851229726,0.0570042923775392
"GIT2",0.0116708978705935,0.0430982030502472,0.0570586173073406
"DPF2",0.0116189106826097,0.0440361867331818,0.0582335906650446
"GTPBP6",0.0115564243702601,0.0451863503966882,0.0596998127692328
"RBM26",0.0115233162038459,0.0458059567195808,0.0604907149992724
"EFR3A",0.01152189363028,0.0458327392099909,0.0605122268827879
"GLRX5",0.0115057851138472,0.0461369322909179,0.0608581172282075
"INTS10",0.0115011982746414,0.0462238604554576,0.0609588390685169
"EIF3B",0.0114973320078574,0.0462972396553686,0.0610416509127825
"HOOK3",0.0114852893630526,0.0465264299002218,0.0613298105679038
"MRPL40",0.0114733613287025,0.046754379559139,0.0616162035917629
"MRPS18B",0.0114567108141249,0.0470741486776282,0.0620234442366649
"ZNF143",0.0114521375546514,0.047162298365096,0.0621253939404999
"THAP5",0.01144301588812,0.0473385333581308,0.0623433025522585
"WWP2",0.0114251400178854,0.0476855100241018,0.062785921531734
"CEP250",0.0114131079204995,0.047920258781941,0.063080605431512
"BBIP1",0.0113710099184856,0.0487492561204348,0.0641133318236141
"USP39",0.0113504306902793,0.0491588652900124,0.0646372950587099
"IGHA1",0.011335522795774,0.0494573927452181,0.0649853688680048
"ZNF33B",0.0113317449382471,0.0495332846027777,0.0650702624838768
"WDR46",0.0113300822295681,0.0495667170304154,0.0650993525653394
"VAPA",0.0113086147080439,0.0500000712666,0.0656535544158657
"TMEM106C",0.0113012951036375,0.0501485527330477,0.0658335314389907
"B3GALT4",0.0112852551685958,0.0504752227021817,0.0662472938833595
"GINM1",0.0112587601333835,0.0510187259520119,0.0669301620940065
"STRN",0.0112263525865088,0.051690169508854,0.0677493653539912
"GPANK1",0.0112198919689963,0.051824905530852,0.0679105271975514
"HGS",0.0112111822905406,0.0520070106082094,0.0681181989955811
"GSK3A",0.0111946471450465,0.0523542060779767,0.068557381119821
"SETX",0.0111850401160847,0.0525568175700541,0.0688070753522139
"E2F4",0.0111826443417065,0.0526074462500517,0.068857726401282
"SIGIRR",0.0111597016879053,0.0530943493254974,0.0694477461011892
"NPTN",0.0110930973952252,0.0545292401348864,0.0712599428637866
"TBRG1",0.0110817617686618,0.0547766416877148,0.0715670350278774
"C20orf27",0.0110560921776541,0.0553403450740223,0.0722707812594852
"CSDE1",0.0110407819766479,0.0556788523379668,0.0726963870122379
"TMEM165",0.0110261945671413,0.0560029817283602,0.0731030320569156
"TAF2",0.0110240473032385,0.0560508259272656,0.0731489280657481
"CDKN1B",0.0110233185961793,0.0560670703261808,0.0731535734323721
"PCMTD2",0.011015088109476,0.0562508173726669,0.0733435369179675
"ARHGEF3",0.0109886265175504,0.0568449772117086,0.0741014881509773
"BROX",0.010981450631049,0.0570069992298113,0.0742796456379464
"DCAF15",0.0109806163508057,0.0570258610766007,0.0742869077995836
"ATG4B",0.0109767937672347,0.057112350456806,0.0743827744093045
"VAMP7",0.0109599942599638,0.0574937488107677,0.0748288082581128
"MYADM",0.0109215305173692,0.0583749687298916,0.0759072028557576
"USO1",0.0109102921262234,0.0586345527368638,0.0762275621355936
"USP4",0.0108514019541218,0.0600105150633144,0.0779843481327486
"ZDHHC24",0.0108512998084816,0.0600129247465126,0.0779843481327486
"MSI2",0.0108471741549328,0.0601103187262244,0.0780933111273116
"SPTBN1",0.0108375635365837,0.0603377041189343,0.0783534203228764
"NAPG",0.0108264737311909,0.0606009723667871,0.0786775793874969
"GNB1",0.0108034278693699,0.0611511184433004,0.0793560981238778
"PSPC1",0.0108024744611287,0.061173966817245,0.0793678890067608
"UBAC1",0.0107874095446135,0.0615359361270977,0.0798016063964409
"LINC00513",0.0107751176487369,0.0618325891949848,0.0801682872948465
"CDK4",0.0107679496931226,0.0620061265667716,0.0803752150844171
"EIF2AK4",0.010761851628521,0.0621540787905951,0.0805487585652436
"AKT1",0.0107612808315015,0.0621679424959076,0.0805487585652436
"RAE1",0.0107414775073406,0.0626505185124353,0.0811557817298326
"TCERG1",0.0107396002441477,0.0626964247761472,0.0811970091363218
"ANAPC7",0.0107172621318256,0.0632448146666833,0.0818888294078947
"SLF2",0.0106698190172558,0.0644226748935398,0.0833390682169233
"PHF10",0.0106656374018264,0.0645273535767104,0.0834557631928435
"ZDHHC6",0.010661315067874,0.0646357023736866,0.0835771514773656
"TOB2",0.0106411390825167,0.0651434454923524,0.0841770670298894
"DLG1",0.0106037136385279,0.0660939933963526,0.0853862141390604
"CAMK4",0.0105996581543181,0.0661976791924061,0.0855010114003597
"RINL",0.010589314529314,0.0664627395788142,0.0858241422192166
"STK4",0.010567763209063,0.0670178109710849,0.086444132379836
"VPS50",0.0105609421225082,0.0671942864639542,0.0866523814932074
"TULP4",0.010559635109414,0.0672281451977041,0.0866766629454861
"COMMD9",0.0105585135370266,0.0672572112036586,0.0866947557021679
"SYNCRIP",0.0105437871926659,0.067639810686041,0.0871498962174277
"IGLC2",0.010543759577649,0.067640529819526,0.0871498962174277
"KIN",0.0105316799494769,0.0679557038158158,0.0875364181161067
"C19orf12",0.0104994552938072,0.0688024012979494,0.0885084649309111
"RNF111",0.0104704592414023,0.0695716586119365,0.089418265035667
"CENPB",0.0104677781512029,0.0696431424598342,0.089490196650148
"AGAP2",0.0104451926438037,0.0702477190383736,0.0902268587292429
"EBAG9",0.0104393120761339,0.0704058366808659,0.0904098107634277
"LBR",0.0104323550724687,0.070593274598715,0.0906303238225266
"RBM12B",0.0104033838124737,0.0713782338442824,0.0916176885332688
"XPO1",0.010392216827576,0.0716827004447051,0.0919470937421295
"FAM107B",0.0103748022303498,0.0721596302970508,0.0925382672722019
"DESI2",0.0103687436280339,0.0723261639874085,0.092731211141704
"FNDC3A",0.0103573201379813,0.072641019124533,0.0930935016202626
"CYB5A",0.010309755070375,0.0739640936716695,0.0947049130116603
"MDM2",0.0102858523203069,0.0746363746520789,0.0955232961869815
"DGLUCY",0.0102729498782414,0.0750013338973878,0.0959690908777979
"TMX3",0.0102674900409843,0.0751562093613476,0.096124608424682
"ECI2",0.0102659520299214,0.0751998841742284,0.0961591423575998
"PPM1K",0.0102273948539975,0.0763015781435405,0.0975246456457886
"CDKN2AIPNL",0.0102161391967649,0.0766256566767804,0.0979171642045187
"ADAM17",0.0102052750240551,0.0769395268627188,0.0982529343262399
"METTL9",0.0101656100723543,0.0780943704045857,0.0996614813284455
"GMFB",0.010158200443334,0.0783116579306091,0.0999166662136775
"WBP1L",0.010145444555816,0.0786868771721122,0.100351323629965
"ITPR1",0.0101346048193302,0.0790068805927482,0.100736829621574
"AASDH",0.0101200082128093,0.0794394633600747,0.101243621038133
"EIF2D",0.0101018003367355,0.0799817662929347,0.101889738504828
"NAA16",0.0100969216723714,0.0801275822163638,0.102031573027713
"FUNDC2",0.0100912470695051,0.080297459187059,0.102224160514739
"DOCK10",0.0100718221551554,0.0808811865738527,0.1029336018114
"G3BP1",0.0100715156269659,0.0808904254221022,0.1029336018114
"CCDC137",0.0100517540944026,0.0814878542415809,0.103602393168253
"MAML2",0.0100279093550029,0.0822134872768778,0.104478885219426
"PRR14L",0.0100152661814081,0.0826003593777202,0.104924289103813
"DCTD",0.00998437727086609,0.0835517464807176,0.106062716696962
"TLE3",0.00998222962224925,0.0836182232505617,0.10612374416505
"GLYR1",0.00997996982441209,0.0836882176420953,0.106189208172049
"ACLY",0.0099639664120841,0.0841852617991172,0.106725962804025
"NAGPA",0.00995076739471674,0.0845970007328622,0.107224374335476
"PPP4R3B",0.00993013653406113,0.0852438353945113,0.107996748400735
"PREX1",0.0099078842759637,0.0859459816160887,0.108838488357484
"COX11",0.00990070675362394,0.0861734547969592,0.10910259359255
"AC005332.4",0.00988636962476818,0.0866292892425683,0.109653757094907
"UBQLN1",0.00984305593345143,0.0880182398531248,0.111340467039476
"C15orf40",0.00983831765571034,0.088171266927934,0.111507152799312
"JPX",0.00983777886949396,0.0881886811024214,0.111507152799312
"PPP1R9B",0.00982023642204589,0.088757189205136,0.112201383197286
"TPP2",0.00977890140557852,0.0901084372227347,0.113784838507447
"SIAH2",0.00975010023767283,0.091059701444835,0.114910568540999
"PSENEN",0.00971015626321477,0.0923923443448046,0.11643939026147
"OGFR",0.00970828440535641,0.0924551769143982,0.116493118913117
"SERINC3",0.0096752079880239,0.093571121854108,0.117770549919826
"TTC37",0.00964127050447787,0.0947273219210348,0.119147756928813
"ARHGEF2",0.00962834704013786,0.0951706036778727,0.119679213129152
"RNF19A",0.00961373486450084,0.0956738088043645,0.12028577618809
"KDM3B",0.00960797532017725,0.0958727367793388,0.120489032783556
"LTN1",0.00960784440570988,0.095877262258321,0.120489032783556
"KLHL36",0.00959457815696431,0.096336740028794,0.121018160287895
"PAIP1",0.00959447625037578,0.0963402763796995,0.121018160287895
"ANKRD17",0.00959262602347968,0.0964045008075086,0.121046609024912
"CHCHD7",0.0095558496207204,0.0976881915728752,0.122551185729992
"POLR3GL",0.00954204419444571,0.0981735856778606,0.123073733960578
"TCF20",0.00954157573855804,0.0981900901599827,0.123073733960578
"RBM18",0.00954062824418382,0.0982234787410148,0.123088831355809
"ELF1",0.00953342006254859,0.0984777835278889,0.123380703368528
"SHLD2",0.00950481980659106,0.0994919864764949,0.124624301913542
"HDAC3",0.0094983449116249,0.0997227476517547,0.12488622925248
"MAPRE1",0.00948529124037693,0.100189270014798,0.12544323060689
"MED13L",0.0094295211021556,0.102202055358942,0.127907824057079
"SEC14L1",0.00942862894491362,0.102234513555029,0.127920685543903
"SNHG12",0.00942235193384683,0.102463113824793,0.128169478688527
"LUC7L2",0.00938520341214296,0.103824349289386,0.129797316789917
"RBM8A",0.00936987577015011,0.104390171870286,0.130476402508873
"CNPY3",0.00936739882126599,0.10448183829303,0.130538844698596
"TXNL4A",0.00936588171317112,0.104538014679942,0.130576289941353
"EXOC5",0.00936314401776235,0.104639448393725,0.130674685770163
"SRSF3",0.00934953400794777,0.105144870101585,0.131249018587845
"ZC3H15",0.00934808138172517,0.105198929105079,0.131288081399912
"TFCP2",0.00925557311879446,0.108687257027752,0.135436346430217
"SLC25A28",0.00923715147255347,0.10939271042792,0.136285971276262
"PUM1",0.00922837028193492,0.109730256044531,0.136676973349635
"EXOC7",0.00922191203957311,0.109979033337225,0.13695726306538
"TMBIM1",0.00921670319688564,0.110180007132144,0.137148305877633
"PHC2",0.00918091051142405,0.111568860364075,0.138787234193188
"NBN",0.00915901125597891,0.112425398735474,0.139792426586347
"EXOSC10",0.00915165827104114,0.112714153412305,0.140121259480224
"OSBPL3",0.00913141018401656,0.113512325675075,0.141083099605207
"CARS2",0.00911663163055814,0.114097696275799,0.141719020982669
"BABAM2",0.0091116287189835,0.114296396448711,0.141935253729483
"METAP1",0.00909066514699984,0.115131967872683,0.142942100908883
"EMC10",0.00907864177115152,0.115613362124761,0.143508880622793
"NKTR",0.00906900763204091,0.116000236444486,0.143927143626366
"PLCB2",0.00903478393223361,0.117382775381249,0.14561119931677
"EXOC4",0.00902667004553322,0.117712442189806,0.145988742819057
"API5",0.0090002680132523,0.118790185403656,0.147293700112424
"STRADA",0.00899364447604867,0.119061771309311,0.14759871778607
"TNRC6C-AS1",0.00898159900469114,0.119556920543239,0.148180692192749
"BLCAP",0.00897021460691385,0.120026376631658,0.148698628149252
"LRPAP1",0.00893459060961899,0.121504725628699,0.150497799119568
"CSGALNACT2",0.0089205617062772,0.122090799763005,0.151191248063828
"ICE2",0.0088969242862095,0.123083276164545,0.152354851607841
"ATP6AP2",0.00889503608599702,0.123162827946113,0.152420607031166
"STIM1",0.00888772740735288,0.123471128479987,0.152769362356594
"IARS",0.00888557996234913,0.123561828144278,0.152848790842568
"RNF13",0.0088840851373442,0.123624994391902,0.152894133102745
"CDK9",0.00888094829830611,0.123757628536774,0.15302535243816
"MAN2A1",0.0088733745540318,0.124078324967728,0.153323269785491
"LTA4H",0.00885535228898305,0.124844052107151,0.154137368551046
"CXorf38",0.00885272526434969,0.124955975736445,0.154224240537867
"ELAVL1",0.00884181841619689,0.125421495668236,0.154750912605631
"ERAP2",0.00883297345175392,0.125800002958079,0.155184730921763
"GTF2H3",0.00882563665393686,0.126114645190378,0.155539597693094
"PAFAH1B1",0.00881794181886483,0.126445300177027,0.155880728114774
"CA5B",0.00880284815590034,0.127095850567576,0.156615762868207
"GMEB1",0.00878369182780848,0.127925252335025,0.157570467794978
"SRP72",0.00877751981769361,0.128193373270019,0.157867004836259
"DMAC2L",0.00872975264077576,0.130283245334107,0.160406378275362
"KLHDC3",0.00872813874362084,0.130354314274729,0.160459622288658
"EXOSC7",0.00871594672560652,0.130892169519443,0.161087311484982
"PARP4",0.00871171468299047,0.131079269469751,0.161266631686414
"HIST1H4C",0.00869514789385972,0.131813687922649,0.162083057196144
"LAMTOR3",0.00868751243412061,0.132153245355086,0.162431322668965
"BCL7B",0.00867154386334645,0.132865575656301,0.163272059409735
"ESYT2",0.0086688823298089,0.132984590538528,0.163365025688618
"NIP7",0.00866858516771534,0.132997883753782,0.163365025688618
"GPBP1",0.00866753290702674,0.133044963733861,0.16338805490911
"TMEM80",0.0086638839454205,0.133208324584385,0.163519031051118
"ABCD2",0.00865688101941326,0.133522274330712,0.163869537362251
"COP1",0.00862062521085989,0.135156829445859,0.165769765081725
"UBE4B",0.00860969538502893,0.135652610028248,0.166271753885847
"TIMM9",0.0085947490236167,0.136332854111558,0.166928146424916
"AC016831.5",0.00859304729329678,0.136410470516441,0.166987727333542
"PIK3CA",0.00859185410395584,0.136464912558573,0.167018919933211
"ALG5",0.00858859083036924,0.13661389265836,0.167165779537611
"C3orf38",0.00856713215089921,0.137596686057378,0.168261257101972
"RABAC1",0.0085548637734159,0.138161013677224,0.168843942758328
"YTHDC2",0.00855315171970001,0.13823990728233,0.168904564681609
"GOSR2",0.00854413274799967,0.13865608614958,0.169341306400811
"CCT2",0.00850148097427801,0.140637330034681,0.171615633159121
"PLEKHB2",0.00849297792349126,0.141034900321162,0.172064368553446
"CUTC",0.00846138441175035,0.142519663823316,0.173765518238703
"RNF44",0.00844546018477951,0.143272570160063,0.174535891870106
"HMGXB3",0.00842872695393449,0.14406701055005,0.175466620874792
"FCGRT",0.00841592407031259,0.144677127670286,0.176135316714067
"CBWD1",0.00841511569456938,0.144715716891303,0.176145111716367
"CEP63",0.00841157680398832,0.144884744820771,0.176313636501664
"DUSP5",0.00840197683319409,0.145344029567144,0.176797936830568
"OTUD4",0.00836271521032298,0.147234006773767,0.179059155854979
"ORAI2",0.0083408162312511,0.148296311994746,0.18027504875078
"SLC25A38",0.00829373174338726,0.15060016288542,0.182882952065744
"GTF2F2",0.0082693407986556,0.151804292764605,0.184267597637019
"PEX26",0.00826441532234602,0.152048340494162,0.184524995713349
"MRPS30",0.00824447687452743,0.153039304226025,0.185571418728235
"TMC8",0.0082318201535966,0.153670902088352,0.186258951732561
"TMEM161B-AS1",0.00823078906045529,0.153722443040457,0.186282271278486
"AP3M1",0.00821172076227833,0.154677974787194,0.187400815251628
"RBBP6",0.00819744250533057,0.155396421580824,0.18819218044028
"RAB14",0.00819324373443529,0.15560817465099,0.188409057991236
"SMARCE1",0.00817939194563127,0.156308303275169,0.189137638478368
"IFITM2",0.00814247929777859,0.158185691829504,0.191168668227316
"CCDC124",0.00813318598662593,0.158661032286631,0.191702948501362
"SRFBP1",0.00807411816572337,0.16170757969206,0.195138650781358
"LLPH",0.00806626597789186,0.162115876189807,0.195549520599586
"TSEN15",0.00806058930498119,0.162411534884731,0.195865186465965
"VPS26B",0.00800147741833248,0.165514479065145,0.19944146716341
"TMEM259",0.0080014614744709,0.165515321977472,0.19944146716341
"HEXB",0.00798870722208146,0.166190642856072,0.200171561685665
"SMARCA4",0.007978753238674,0.166719131165904,0.200724265017488
"GOPC",0.00793375043051306,0.169124246396765,0.203534960135673
"GPI",0.00792060964805838,0.169831423819266,0.204343380172274
"CCDC97",0.00790690126034811,0.170571507099706,0.205191047443471
"SNAP23",0.00788034443405352,0.172012116856681,0.206794637880442
"FBXO25",0.00787253618780031,0.172437412323675,0.207262725483667
"CLSTN3",0.00784829201695727,0.173762943055908,0.208744025492841
"SCYL2",0.00784801001727374,0.173778405824715,0.208744025492841
"FCHSD2",0.00778929276139438,0.177020460922081,0.21237965761093
"MED27",0.00777272830519291,0.177943160325768,0.213391184362384
"SRPRB",0.00773543313496022,0.180033730908668,0.215763617238214
"FAM76B",0.00770831465785106,0.181565270463825,0.217508706847711
"GGA3",0.00767941950130643,0.183207765366015,0.219292417739956
"NONO",0.00767877810233767,0.183244349070374,0.219292417739956
"ERCC1",0.00765995350868151,0.184320466184622,0.220351602090945
"AAK1",0.00764367027563303,0.18525507248797,0.22142300581101
"ANKRD49",0.00764087020652571,0.18541614021499,0.221569598139214
"MGMT",0.00758053268440283,0.18891212362053,0.225513603171103
"VHL",0.00757432460410026,0.18927456174227,0.225899502807879
"SGF29",0.00756828554851609,0.189627623448989,0.226274054299674
"RPP38",0.00756123357887366,0.190040517117582,0.226719830826872
"TIAL1",0.00755166403221115,0.190601873713878,0.227295493322567
"DEDD2",0.00754204618014596,0.191167293016321,0.227922633621071
"CNOT10",0.00752476541600963,0.192186302963979,0.229042861994889
"OARD1",0.00751429330180466,0.192805761414309,0.229733641751305
"NOL11",0.00750909275156525,0.193113934953675,0.230053307762414
"C6orf226",0.00747589375576635,0.195089768464782,0.232263149202394
"MTCH1",0.00745492060723561,0.196345599843803,0.233469087484374
"CDC42SE1",0.00744997346994758,0.196642686078262,0.233774143602007
"SRSF10",0.00743907280780487,0.197298455852265,0.234505398784009
"BRD7",0.00743062824265036,0.197807569226536,0.235062075361515
"VRK3",0.00740906347050884,0.199112044945441,0.236514760700383
"DCTN1",0.00740480378994217,0.199370459331496,0.236772948715967
"SSR1",0.00736303605956147,0.201917297183761,0.239501656285222
"CEP104",0.00730483161616183,0.205505818395046,0.243529009104534
"FBXO6",0.00727272062394832,0.207505308251337,0.245775952492393
"SNRPA1",0.00725890794566117,0.208369724412667,0.246698460416311
"NFYB",0.0072438524974452,0.209314884536576,0.247664944423971
"COMMD5",0.00722391365776967,0.210571391012994,0.249100556301936
"RWDD3",0.00720835918526408,0.211555385530528,0.250213270786414
"UPF3A",0.00715753362432896,0.2147938366074,0.253783252553754
"CEP192",0.0071390130447292,0.21598274958313,0.255135706031526
"SLC30A9",0.00712790813383144,0.216697888350012,0.255875659728607
"TOP2B",0.00710862664049012,0.217943630789091,0.257267428911278
"MED4",0.00710828452299881,0.217965780763049,0.257267428911278
"GOLGA2",0.00708794993506144,0.21928522605092,0.258771822925241
"ELP5",0.00706119202536224,0.221030183615944,0.26072429308921
"AKIRIN1",0.00700691629692147,0.22460017640538,0.264772938947226
"CRTAP",0.00697620681874014,0.226638254362726,0.267066369617867
"PDCD7",0.00694320632714278,0.228843045390982,0.269444230863575
"HIPK2",0.0069403093052999,0.229037324426753,0.269617932224757
"PABPC4",0.00693889895955774,0.22913194699944,0.26967427313179
"HARS",0.00693316881029451,0.229516678915433,0.270071962314896
"SREK1",0.0069213864043153,0.230309213167666,0.270924566155112
"DAXX",0.00690501001956793,0.231413986286584,0.272137940235467
"ZC3H4",0.00687880344593389,0.233189739132472,0.274114395755598
"CAMTA1",0.0068745011227238,0.233482184704874,0.274402233379459
"LRBA",0.00686800712786828,0.23392409895538,0.274753620911543
"IRAK4",0.00686276069360846,0.234281549727165,0.275117429704044
"SUMO3",0.00683080393325024,0.236467189611991,0.277570991755007
"ZNF654",0.00682455709616935,0.236896112773271,0.277961318893887
"VPS26C",0.00680102561555162,0.238516778077171,0.27974908667298
"ASH1L",0.00669357210687837,0.246016743041439,0.287726334844855
"SHARPIN",0.00668437617918917,0.246666189287955,0.288368926337652
"STUB1",0.00668282859043217,0.246775602996689,0.288438366939989
"EAPP",0.00667832579400839,0.247094141680294,0.288752161108461
"UBE3C",0.00667582843257808,0.247270935143157,0.288900219402469
"CCDC174",0.00666931586978939,0.247732389745498,0.28938073560103
"PHF5A",0.00663668192900853,0.250053778848669,0.291909152061314
"GAR1",0.006636043005651,0.250099379284715,0.291909152061314
"TUSC2",0.00662250741684037,0.251066789395734,0.292919719693546
"VPS4A",0.00662175269582051,0.251120807263447,0.292923482097148
"TAOK1",0.00658869331104364,0.253494937622174,0.295633024320945
"MAP3K11",0.00652601159226147,0.258039173104652,0.300567948150784
"ATP2A3",0.00652408515791426,0.258179722810937,0.300670933249329
"ORC2",0.00647692263093462,0.261637192120078,0.304451510685329
"HSF1",0.00647016592036174,0.262135132792426,0.304969398994134
"SLU7",0.00644296915440544,0.264146036891221,0.307246913019699
"SYNJ2BP",0.00643250915834501,0.264922264353654,0.307963454651789
"FLOT2",0.00640572548937978,0.26691701761534,0.310219758280465
"ARHGAP17",0.00640257779616669,0.2671521232872,0.310430444287182
"HELQ",0.00639255054388281,0.267902022145586,0.311176427334057
"SMC1A",0.0063834063095408,0.268587143429974,0.311909395118941
"MIF4GD",0.00634198443602964,0.271705693123508,0.315403931610964
"RAB2A",0.00631286690984629,0.273912663573591,0.317710042403237
"KTN1",0.0061713471404127,0.284813391615159,0.330021866474708
"POLR2C",0.00613520274843768,0.287643866324337,0.333100838773585
"BRD8",0.00612306628651828,0.288598516449539,0.334139258053502
"BRD4",0.00611252111097768,0.289429728489723,0.334967137106208
"LTBP4",0.0060841346189668,0.291675268281882,0.337362870473649
"RWDD4",0.00607217171467188,0.292625102590641,0.338325775188498
"RIC8A",0.0060682860284762,0.292934065838407,0.338615104768509
"RAD51C",0.00603191030283092,0.295837033538888,0.341689434402679
"SLC4A1AP",0.00601758550296724,0.296985492565055,0.342817320981319
"ARID4A",0.00601145283360593,0.297478075857458,0.343317203015802
"PRKRA",0.0059946288024305,0.298832204402083,0.344673064557362
"EIF4A1",0.00598783175911203,0.299380448278921,0.345236361772553
"TMEM127",0.00596536476084987,0.301197389827376,0.347192753774631
"N4BP2L1",0.0059595648461579,0.301667628190976,0.347665310107386
"TBC1D22A",0.00593430254166598,0.303721511817797,0.349910064525956
"ORC4",0.00593033254623236,0.304045124329517,0.350125445688563
"ATP1B3",0.00588571643358343,0.30769773280966,0.353978221646381
"PYROXD1",0.00587076786298532,0.308928002909992,0.355251803146943
"MPHOSPH8",0.00586009625730981,0.309808264514568,0.356135919373491
"RFC1",0.00585994998879838,0.309820341164697,0.356135919373491
"PRCC",0.00585671159437671,0.310087798633798,0.356372326568576
"RIOK3",0.00583863594839439,0.311583457247128,0.358017557704699
"ITSN2",0.00583791134599752,0.311643513035823,0.358017557704699
"ABR",0.00583630216655515,0.311776910766815,0.358099471099825
"TRIM11",0.00582968284074263,0.312326035344953,0.358587347368972
"GPALPP1",0.00582632425525115,0.312604899677619,0.358836078113222
"TERF2",0.00582544772284352,0.312677705396618,0.358848224283044
"LAPTM4A",0.00582181556292985,0.312979515494311,0.359123132880162
"PRKRIP1",0.00581077523635791,0.313898075815736,0.36010547110192
"SNRPD2",0.00580490999961521,0.314386786865099,0.360594391378485
"ANKRD13C",0.00578718367354973,0.315866842669408,0.362147928762321
"PTPMT1",0.00577695842039043,0.316722675237952,0.362984830702955
"MCMBP",0.00577083407689036,0.317235997881191,0.3635008940554
"ECHDC1",0.00575536894372765,0.318534661923486,0.364843971263703
"KIAA1143",0.00573475755370796,0.320270880363079,0.366759763116337
"ABT1",0.00567666477479804,0.32519760387831,0.372106067771074
"GOLGA5",0.00567031510701844,0.325739078951686,0.372651709643796
"VEZT",0.00565918402292104,0.326689708443848,0.37366512268855
"PHKB",0.00565759613624296,0.326825465680229,0.373746274157819
"PTBP1",0.00565320577129117,0.327201013008442,0.37410155472238
"RBMX",0.00563800707762105,0.328503256642836,0.375505003351488
"SYNC",0.00562243945820919,0.329840589506612,0.376895319929588
"TTF1",0.00560112216559415,0.331677557564833,0.378844221524339
"KNOP1",0.00558458307998164,0.33310732141709,0.380326652665286
"GNL2",0.00557547619212324,0.33389628553003,0.381076564150343
"GPAA1",0.00557078427143511,0.334303234366121,0.381465522870878
"CUL4A",0.00556893254074836,0.334463930252475,0.381573389864693
"FASTK",0.00556208917385698,0.335058239529031,0.382100230841195
"AP5Z1",0.00553961598774637,0.337014695545185,0.383954806719126
"CYTH2",0.00551935368243954,0.338784961469457,0.385663812237339
"TAF1D",0.00551483548824023,0.339180516817538,0.38603790023421
"MFSD8",0.00549936471775052,0.34053718276669,0.387429065499211
"PAM16",0.00545879956398418,0.34411091193822,0.391147654559584
"SP140L",0.00545841592451708,0.344144823866019,0.391147654559584
"LRCH3",0.00542730136223751,0.346902305476596,0.394126397888796
"CD3E",0.00539650054712601,0.349645792099256,0.397086900952424
"MAD2L2",0.00538528802672612,0.350647922012836,0.398068221702367
"GMIP",0.00536878811846101,0.352125925402291,0.399413810441371
"CASC3",0.00534998562091491,0.353814986901167,0.401032041953425
"DLGAP4",0.00534364142272138,0.354386050738344,0.401600384084895
"COPS2",0.00533081749823305,0.355542154223687,0.402831356268763
"PTGES2",0.00531573211479102,0.356905174677931,0.404216838642503
"ORMDL1",0.0053068289489465,0.357711151265129,0.404970594689046
"EIF5B",0.0053034010374475,0.358021774891254,0.405242703787608
"LIPA",0.00530221566807122,0.358129227800393,0.40528478350174
"TSFM",0.00529857683186327,0.358459212492194,0.405578630261425
"C15orf61",0.00529692037582579,0.358609490079733,0.405623506942469
"ATXN7L3",0.00523481209563288,0.364272666423342,0.411752345602394
"FBXO3",0.00522954684071387,0.364755321496965,0.412143007341245
"FLAD1",0.0052212418990698,0.365517430059531,0.412835687260736
"HOTAIRM1",0.00520092416637424,0.367386087172633,0.414621441237685
"DHX16",0.00518303790645847,0.369036034224116,0.416239156927533
"CDC37L1",0.00516418854017067,0.370779803417699,0.418042448936436
"CDC37",0.0051562775481567,0.371513176624318,0.418787429552862
"OSBPL2",0.00514184868809546,0.372853091334798,0.420215707978851
"SS18",0.0051296552759913,0.373987744937863,0.421412138541746
"EIF2AK1",0.00511912674924221,0.374969189817406,0.422352991733786
"TDP2",0.00511020147702887,0.375802428368883,0.423126240609791
"FBXO9",0.00510718404689466,0.376084385626406,0.423361048586274
"NCBP2",0.0050751859797552,0.379082404686314,0.426652659606943
"WDR55",0.005074329232602,0.379162878140485,0.426659964533888
"LYRM2",0.00507306001047421,0.37928211429659,0.426710876540857
"TMEM131",0.00502661287662028,0.383661410031271,0.431385328845845
"SCO1",0.00502113988482271,0.384179465265149,0.431883621088521
"TRIM28",0.00500864629063448,0.385363670087012,0.433130439561839
"MPPE1",0.00500479696572247,0.38572897719983,0.433456549398172
"ARFIP1",0.00500286910325471,0.385912013911987,0.433577748729872
"AP3D1",0.00496154557720467,0.38984812902958,0.437744190053269
"VAPB",0.00495646627208768,0.390333617919769,0.438118718284023
"GARS-DT",0.00495491233254075,0.390482219554682,0.43820022575829
"EEFSEC",0.00493273387168746,0.392606867406351,0.440327460974801
"RBM4",0.00492775035790785,0.393085239577193,0.440692569331585
"ATXN1",0.00490877166516465,0.394910253064827,0.442480557494629
"TTLL3",0.00490787354146039,0.394996744470511,0.442491496767956
"TNPO3",0.00481740317762613,0.403767827152113,0.451878334792594
"ARHGAP35",0.00481508922792208,0.403993682659236,0.452043377550605
"PCYT1A",0.00480423906838658,0.405053732068202,0.453141585419461
"USP16",0.00479564527810426,0.405894515358663,0.453818082604383
"CSNK2A2",0.00479007868051949,0.406439685589846,0.454251485813302
"EXOSC8",0.00478880511928931,0.406564474469952,0.454302911115717
"TARDBP",0.00478723720483819,0.406718136712783,0.454386573890472
"ABLIM1",0.00476953831131903,0.408455105170771,0.456238735525825
"PPA2",0.00476700742821292,0.408703846389261,0.456428172371586
"ANKRD36B",0.00476367397466577,0.409031603708545,0.456705761585127
"SNRPN",0.00474475402585524,0.410894843385391,0.45869736000843
"SRSF11",0.00474189894274384,0.411176449450851,0.458922892197224
"HEXA",0.00474078756299171,0.411286099395048,0.458956450311773
"CSNK1G1",0.00472794005395249,0.412554908194689,0.460249574412545
"ABHD14B",0.00472743812097573,0.412604525700166,0.460249574412545
"SPN",0.00471517652467896,0.413817717532274,0.461513590603099
"ZFAND2B",0.00471270548477338,0.414062463507983,0.461697259677212
"SURF2",0.00468701752787366,0.416611814910236,0.464360327906327
"USP38",0.0046752807082607,0.417779687783869,0.465572069458855
"RHOT2",0.00465800004207674,0.419502707144639,0.467131128036906
"AC058791.1",0.00461548072541361,0.423759964811112,0.471689580595577
"SF3A1",0.00455648592929326,0.429708501664729,0.477573507246193
"BORCS7",0.00454666460947762,0.430703489071896,0.478494899148068
"HLA-DPA1",0.00454404991627051,0.430968605971333,0.478697216994738
"BAZ1B",0.00453688218248289,0.431695863758645,0.479412679818237
"MED13",0.00450109080150048,0.435337980610639,0.483271248158143
"WTAP",0.00448958452686875,0.436512609766536,0.484481951601927
"NADK",0.0044876000648287,0.436715379955495,0.484520507157241
"MEF2A",0.00447033069105372,0.43848223488493,0.486206480889117
"ATXN3",0.00444030535572006,0.44156393223108,0.489240960072361
"MEAF6",0.00441635805529259,0.444030666401858,0.491690640003748
"ARL8B",0.00438706466860929,0.44705875370568,0.494474076068404
"FAM120AOS",0.00436511895012047,0.449334979901963,0.496538392213442
"LINC01934",0.00436492022831579,0.44935562146037,0.496538392213442
"SDF2L1",0.00436041932568663,0.449823281575338,0.496959935794057
"ADA2",0.00434537323445085,0.45138862604491,0.498498316047683
"RAB5B",0.00432116800305803,0.453913311197036,0.500998672856135
"ZNF507",0.00428986277735523,0.45719032712459,0.504519061715941
"GABPA",0.00428461466408315,0.457740994597397,0.50503009677505
"SIVA1",0.00428142539903248,0.458075815568371,0.505302836339479
"PPIE",0.00425466235715923,0.460890907458905,0.508116586372683
"CCDC82",0.00421869555325265,0.464689288949111,0.512087490970302
"ATF6",0.00421803572515145,0.464759134339962,0.512087490970302
"MAPKAPK5",0.00420802050880014,0.465820000920417,0.513120514568486
"PKN1",0.00420750508312611,0.46587463400045,0.513120514568486
"SMG1",0.00420090050813387,0.466575007682443,0.513793788295713
"ASMTL",0.00414643033771573,0.472373452498732,0.519484687368456
"COQ4",0.00414300434607275,0.472739477201234,0.519689013537842
"GNB5",0.00413677697058584,0.473405194656333,0.520321661441409
"CLSTN1",0.00409184361281633,0.478223899813851,0.525417647214036
"PPIB",0.0040766702797409,0.479857139649013,0.526910914766919
"GOLGA8A",0.00405440495632372,0.48225924977617,0.529346991522492
"FXN",0.00404856976236797,0.482889863115212,0.529938314098083
"BCL2L1",0.00401869551272277,0.4861253984122,0.533286127571458
"CPNE1",0.00400175794380733,0.487965019265506,0.534897218419345
"U2AF2",0.00395908705486834,0.49261618460078,0.539687981875513
"CFLAR",0.00395133496560336,0.49346371293955,0.540308568923939
"GORASP2",0.00389155447373533,0.500025597380435,0.547181711592593
"COG5",0.0038861667729588,0.500619251414293,0.547707608920337
"PIK3R5",0.00387497554979203,0.501853570760324,0.548771062242154
"SYS1",0.00386038350816881,0.503465394290506,0.550284801554443
"ALYREF",0.00385916818707444,0.50359976074927,0.550284801554443
"BCCIP",0.00385303977927484,0.504277608662753,0.550617725445255
"UBE2G1",0.00380059873669553,0.510097602483842,0.556724616488326
"DNAJC21",0.00378501833616107,0.511833486826142,0.558302197565039
"TCHP",0.00377694628930684,0.512734041485843,0.559178747588665
"WAPL",0.00376723653814772,0.513818398961197,0.56014947198662
"LBH",0.00376111612113269,0.51450252237528,0.560789273585001
"GIMAP8",0.00375335641339358,0.515370561390937,0.561523148978185
"CRIPT",0.00374626624036997,0.51616436717011,0.562281810629019
"RBM10",0.00370548067253421,0.520742944660362,0.567055242042354
"KDM6A",0.00365155970391809,0.526828050348222,0.573356740207246
"NUTM2B-AS1",0.00363863502518804,0.528292004700483,0.574733067554742
"HIST1H2AC",0.00362930241459754,0.5293503789869,0.575775864884469
"NSMAF",0.00362487697556198,0.529852627074755,0.575996248885977
"ZFP91",0.00361280824264454,0.531223550859264,0.577268931186239
"KAT5",0.00359197481437636,0.533594308109402,0.579626742299289
"KHSRP",0.00358173868544643,0.53476109250565,0.580566118313269
"RAP2B",0.00357071806168566,0.536018736078703,0.581603019937137
"MCFD2",0.00353775749164119,0.539788971543478,0.585583709347486
"PRKACA",0.00352832551218661,0.54087029772345,0.586646418463632
"DIAPH1",0.0035260038011352,0.541136635446124,0.58682492978898
"ACADVL",0.00347711417422779,0.54676023299787,0.592589036590625
"RC3H2",0.00344340102674754,0.55065491991371,0.596473877374599
"SMAD4",0.00343359739617717,0.551790034109366,0.597591197503984
"SPSB3",0.00340616815533199,0.55497202480838,0.600924458706333
"ZNF622",0.00339708068328493,0.556028211681408,0.601842097741494
"HIF1A",0.00338810392826465,0.557072492466544,0.602633101492133
"HERC1",0.00338385240855793,0.557567411944913,0.602942296022185
"AKAP10",0.00337667083198028,0.558403905126547,0.603620491258631
"PTBP3",0.00336258718622486,0.560046103937972,0.605055429263823
"NRAS",0.00335531499934089,0.560894980060708,0.605859027909741
"APOBEC3G",0.0033429720176462,0.562337189804868,0.607189397791551
"PROSER1",0.00328786676744866,0.568797690098375,0.613476019973318
"FOPNL",0.00324988172843621,0.573271578285691,0.617660668661725
"NARS",0.00323378638526134,0.575172312729097,0.619424598974547
"ESF1",0.00322200573729493,0.576565400745323,0.620808936911553
"BNIP2",0.00321646355367894,0.577221326267803,0.621399176514172
"YLPM1",0.00321020409408958,0.577962564852614,0.622081021184215
"YEATS4",0.00318659009109016,0.580762933579433,0.624978510534165
"ANKRD12",0.00317932529297837,0.581625737139547,0.625790228746972
"RPRD2",0.00317497488065303,0.582142700445831,0.626112822355671
"GTF3C3",0.00317159056217842,0.582545010331092,0.626428691885028
"NVL",0.00309907205502565,0.591196638511978,0.634903354617985
"HAUS3",0.00309135200695635,0.592121126512167,0.635727628810851
"MFN1",0.00308942979923442,0.592351417059441,0.635788316058403
"FRMD8",0.00308311965950003,0.593107693507232,0.636481590706403
"WDR70",0.00306748232999601,0.594983746495202,0.638257303950489
"KIAA1109",0.00301741671675966,0.601008398316729,0.644240786820181
"NDUFA5",0.00301582046230613,0.601200936246105,0.644292469603684
"NAA25",0.00301432037731534,0.601381899728258,0.644292469603684
"ILRUN",0.0030113451219151,0.601740893819968,0.644403135750375
"QRICH1",0.0030001199752076,0.603096188508516,0.645605353997236
"NAXE",0.00298962078214815,0.604365074913792,0.646756984046732
"COPS7B",0.00298165724872092,0.605328310948337,0.647667600971996
"TAX1BP1",0.00297534361409714,0.606092470505374,0.648244673109141
"EIF3L",0.00294509280950842,0.609759794705923,0.651870293416008
"KAT8",0.00294458502338043,0.609821438005785,0.651870293416008
"DAP",0.00294042814446244,0.61032617131994,0.652288923276889
"POLR2J3",0.00287950857009865,0.617744258827876,0.659483735775706
"OXSR1",0.00287724124328472,0.618021108130367,0.659657177602781
"CAAP1",0.00287289040907669,0.618552513586899,0.66010221055804
"ZNF302",0.00287034043149853,0.618864057423554,0.660312491981801
"EMC4",0.00285862262848909,0.620296561376185,0.661718510813255
"ZAP70",0.00285448833923387,0.62080232348443,0.662135564922269
"PRPF39",0.00285007293565768,0.621342673292282,0.662589348534873
"PCNX1",0.0028424724215646,0.622273289995412,0.663336425767752
"WDR20",0.00282935762259212,0.623880502550244,0.664926789541167
"FAM111A",0.00282207658289208,0.624773564714321,0.665632578553019
"AKAP9",0.00281364250948716,0.625808742346936,0.666489199836525
"CHM",0.00278643110388346,0.629153627656927,0.669202921412552
"EHBP1L1",0.00278574415140064,0.629238168285395,0.669202921412552
"ATG5",0.0027853624330379,0.629285147012358,0.669202921412552
"MTPN",0.00276243657674678,0.632109416238932,0.671834685486532
"FAF1",0.00275857980881699,0.632585066367723,0.672216340103678
"HUWE1",0.00275467972735634,0.633066212885979,0.672603693757082
"PPP1CB",0.00272730969186269,0.636447167412785,0.675573497969728
"TPT1",0.00271329947433312,0.638180756004768,0.67699939548345
"AGTRAP",0.00270294188651499,0.639463651231464,0.678009058834902
"HEATR5B",0.00270212691164899,0.639564640204936,0.678009058834902
"TSC2",0.00268557480901408,0.641617165032465,0.680059950513182
"EDEM2",0.00267555158198381,0.642861417906066,0.681003269115408
"SECISBP2L",0.00266290773628705,0.644432416125916,0.682416772640132
"GSK3B",0.00265252700530018,0.645723410745742,0.683369307912255
"CISD3",0.00265186386799336,0.645805917829337,0.683369307912255
"RAPGEF6",0.002648518114042,0.646222260658216,0.68362943579528
"KRIT1",0.00264798323985367,0.646288830233374,0.68362943579528
"HECA",0.00264058760477795,0.647209569084194,0.684477825950586
"GPS2",0.00262741601833949,0.648850737108813,0.685955582850169
"DUSP11",0.00262048679983418,0.649714797160075,0.686497844489218
"SRCAP",0.00253781673482679,0.660059672733987,0.696790066384203
"IPO7",0.00253660349041622,0.660211982525457,0.696823298540321
"CHRAC1",0.00248505992159711,0.666695658648415,0.703151767268729
"NUP58",0.00244378522550409,0.671905650572081,0.708063775699877
"FAM162A",0.00243407767187061,0.67313331277325,0.708904275888118
"DLST",0.00241650516441189,0.675357828355931,0.711117143715292
"MFSD14A",0.00238335837348754,0.679561617524809,0.71502131878591
"MAF1",0.00237866024428509,0.680158261019367,0.715388052398083
"RING1",0.00235745983341731,0.682853114296862,0.718091522638586
"S1PR1",0.0023481900244616,0.684032703753244,0.719200839114851
"RPRD1A",0.00232782853800838,0.686626421398512,0.721796312833617
"MUS81",0.00229303296079994,0.691067341978495,0.726067655527414
"MAN1B1",0.00227979375296395,0.692759852961031,0.727713310023
"UFSP2",0.00226671150229617,0.694433806277901,0.729338874668485
"CUL1",0.00222470156901909,0.699819281040064,0.734326381688146
"NF1",0.00221845949500203,0.700620783104538,0.734988490648131
"CCNB1IP1",0.00218842485430366,0.704481973775831,0.738681371411858
"OTUD1",0.00217186532411522,0.706614101280228,0.740513087785403
"TMUB2",0.00215411837261298,0.708901673373,0.742568862943665
"ARL2BP",0.0021402385391903,0.71069260856559,0.744246281750093
"PNRC2",0.00213664294248919,0.711156814728556,0.74459719508707
"TOX4",0.00212299448214255,0.712919860258179,0.746307648231787
"RAB5IF",0.00210108305765279,0.715753484323077,0.749002058445143
"TRAPPC8",0.00209678032789468,0.716310382609701,0.749448834635368
"TNIK",0.00209013224252039,0.717171134730038,0.750206678990436
"UPF3B",0.00208917664103565,0.717294889535853,0.750206678990436
"ATXN2L",0.00208229527121413,0.718186277657077,0.751002767588098
"ACBD3",0.00207638288791565,0.718952453228806,0.751667657318804
"TAZ",0.00205018570678542,0.722350690883396,0.754946798536525
"DIAPH2",0.00203896157366289,0.723808341861661,0.756196142665978
"SERP1",0.00203604379720661,0.724187430758357,0.756455155439856
"ELOA",0.00202503374402417,0.72561850833893,0.757675527356619
"PRPF6",0.00200516613719846,0.728203306011144,0.760099269821949
"RBM22",0.00200282477365442,0.728508124365047,0.760279832286143
"ANO6",0.00200098688456345,0.728747426270902,0.760310402448607
"NCOR2",0.00200057473877194,0.728801093243611,0.760310402448607
"MARCH7",0.00198230675209442,0.731181164427914,0.762517500046253
"RBM17",0.00196372707540989,0.733604501241345,0.764768105325169
"HACD3",0.00196049833443393,0.73402589572973,0.765069101874815
"TUBGCP2",0.001947659569595,0.735702320271989,0.766677860680983
"STAG1",0.00187337223327743,0.745426902879056,0.776390996731717
"CRELD2",0.00185881276218914,0.747337629483837,0.77810003777456
"RAD17",0.00185027040459452,0.748459418190425,0.779127340199311
"FAM177A1",0.00183129738845581,0.750952870847181,0.781581881641526
"PCBP1-AS1",0.00181859885146304,0.75262318106709,0.783037684505486
"SREK1IP1",0.00177628292809796,0.758197558107149,0.788126409085062
"ABHD16A",0.00177362997423659,0.758547460540375,0.788348027561064
"RSBN1",0.00176790916969806,0.759302155041342,0.788848050463596
"PELP1",0.00175313780449221,0.761251867649617,0.790588784573266
"RNPC3",0.00169313334716153,0.769187495191861,0.797968031079593
"DNAJC24",0.00169011676163029,0.769587087354907,0.798238980715063
"PLEKHF2",0.00165404542733886,0.774369991112473,0.803055518566019
"GTF2H2",0.00162505423646601,0.778220324601407,0.806758333988192
"VPS39",0.00159501496692147,0.782215604128677,0.810537812267798
"AKAP8L",0.00159447291255429,0.78228775153157,0.810537812267798
"EMG1",0.00154623776865745,0.788715275625861,0.816610591478337
"SLC30A7",0.00153411981066963,0.790332323456128,0.817991117977654
"MON1B",0.00150389737076631,0.794369195172309,0.821579474275234
"CKAP5",0.00149221601728932,0.795930980230098,0.823047151333508
"RNF8",0.00148098641450525,0.797433137797864,0.824452654299083
"PRNP",0.00144543167411854,0.802194136518105,0.82883567410456
"PXK",0.00144503424935598,0.802247396020748,0.82883567410456
"BRD9",0.00144329703072928,0.802480214137701,0.828927708209228
"LEMD2",0.00143263450808357,0.803909564665311,0.8301067966741
"F8A1",0.00142862235197924,0.80444757909827,0.830513639215848
"VIRMA",0.00142571586224429,0.804837385869331,0.830767353554399
"XPOT",0.00140497829511325,0.807620027915375,0.833192254201783
"ARFGEF1",0.00140283458032491,0.807907818857829,0.833340080728511
"ENY2",0.00139624487041403,0.808792641517358,0.833957810439852
"AC007952.4",0.0013962205049124,0.808795913610211,0.833957810439852
"PNPLA6",0.00133038168750589,0.81764957186305,0.842333883696715
"ZNF720",0.00132120857592024,0.818884999702906,0.843176107023553
"ADARB1",0.00132117982455416,0.818888872624136,0.843176107023553
"SEL1L",0.00131538744497024,0.819669218755015,0.843811564541266
"AC016831.1",0.00128809187789623,0.823348853599393,0.847145912347493
"CBFA2T2",0.00128373789285004,0.823936163037394,0.847598974712211
"RALBP1",0.00128122544517835,0.824275112218437,0.847645251812362
"CSNK2A1",0.00127366697896477,0.825295006801555,0.848470428115359
"CCDC14",0.00125930141193784,0.827234222784138,0.850081924945852
"GPATCH2L",0.00125527900669722,0.827777398897771,0.850488555040699
"PIBF1",0.0012503587064377,0.828441936628664,0.851019709393927
"PMPCA",0.00124576940926267,0.829061879649478,0.851504872651565
"RALGAPB",0.00122485928733353,0.831887855501208,0.853951096951845
"HECTD4",0.00118501688960947,0.837278493885204,0.858945420167499
"BBC3",0.00116873423885527,0.839483736915079,0.860829073753424
"HCFC1",0.00115699795148443,0.841074025472139,0.862306471981836
"POLDIP3",0.00112816239266144,0.844984038746029,0.86616120715399
"SART1",0.00110901697561663,0.847582215725342,0.868670097403242
"LINC00909",0.00107463231833272,0.852252615175595,0.873146354897434
"GABPB1-AS1",0.00105338991182897,0.855140530759971,0.875638395044878
"METTL4",0.00104918611323667,0.855712270573044,0.876068287661059
"VCL",0.00104237334998153,0.856639004696699,0.876861402216163
"PRPSAP1",0.00100146538411765,0.862207792332247,0.881779098843778
"SMAD2",0.000991634881578208,0.863547047388899,0.88299216707301
"ZNF326",0.000979595329679733,0.865187785393452,0.884513022223726
"FBXO11",0.000971093420979692,0.866346767541613,0.885540908970663
"RELCH",0.00091721899428474,0.873697522064089,0.892105809090581
"STARD7",0.000911655120115065,0.874457302883843,0.892723537923725
"TLK2",0.00090963055117159,0.874733798833927,0.892847755376151
"DDX23",0.00090009834625765,0.876035819712148,0.893860327721153
"TNPO1",0.000889892660846958,0.877430204375531,0.895124710531344
"HSPA14.1",0.000871062664119409,0.880003908649434,0.897274140944358
"TOMM20",0.000857585268688242,0.881846793860862,0.898676525922529
"CBX1",0.000850098406846377,0.882870816743989,0.899561130770775
"MARK2",0.000816570989657848,0.887458939502465,0.903756966998184
"TGS1",0.000807522468518241,0.88869785457459,0.904858850164489
"ZFP14",0.000805713894013887,0.888945515611107,0.904951242458826
"KIF3B",0.000778384649334907,0.892689210251479,0.908441622643423
"NELFCD",0.000777194947574715,0.892852236406721,0.908447220775857
"ZFR",0.00076621330631745,0.894357275814932,0.909497162691715
"RRBP1",0.000738239934636924,0.89819274652534,0.913236524896268
"DNAJC19",0.000716876416652304,0.901123537727297,0.915893451193748
"SBNO1",0.000715651320932112,0.901291645861838,0.915902893689025
"RNGTT",0.000697779865662511,0.903744473715168,0.917748614177738
"IFT20",0.00069178392783451,0.904567613332438,0.918261120592883
"GTPBP10",0.000684120962435065,0.905619756466474,0.919167394498796
"PLCG2",0.00066479503200844,0.90827398376194,0.92153695713496
"FKBP15",0.000654929156448615,0.909629361976908,0.92274978549179
"UBR2",0.000646538643219938,0.910782261431867,0.923594391010652
"TSR2",0.000636153786256401,0.912209453805052,0.924608853405631
"PSME3",0.000635759590754182,0.912263633757247,0.924608853405631
"PKNOX1",0.000632752514479904,0.912676952862745,0.924865223538824
"UBA5",0.000620882937183089,0.914308641906042,0.926355927243876
"MADD",0.000611837685589565,0.915552318944828,0.927453051704694
"NLRC5",0.000595552232514753,0.917792006789536,0.929241864633812
"PUS7L",0.000590911473642989,0.918430356199138,0.929715264911432
"RNF113A",0.000588887232425426,0.918708812753895,0.929833928247053
"ELP3",0.000567828875896383,0.921606205425739,0.932439120471971
"NUTM2A-AS1",0.000561075482186488,0.922535618575163,0.933215736243285
"PPP5C",0.00054561779514117,0.924663326997346,0.934876123210675
"DERL2",0.00054358907577558,0.924942615020738,0.934994576831656
"SACS",0.000469856829718173,0.935099127567368,0.943442384303885
"DGKE",0.000421452897006509,0.941772552509543,0.94951089341303
"MRPS10",0.000395916848797625,0.945294871886416,0.952562559176823
"FBXW7",0.000392723735100685,0.945735391249415,0.952673537351158
"CBX6",0.000388092786816646,0.94637430254554,0.952984215606798
"MBD1",0.000385585040205211,0.946720299590658,0.953096644426793
"NCOA6",0.000378252347710085,0.947732058072527,0.953742521283809
"ARID4B",0.000377840652934782,0.947788865870905,0.953742521283809
"MYDGF",0.000366790373280423,0.949313739495164,0.955110316760051
"CUL5",0.000346594525408352,0.952101123482551,0.957747632849097
"PRPF18",0.000342974740981238,0.952600780636648,0.957959407995966
"ABI2",0.000342662576614111,0.952643871138697,0.957959407995966
"OMA1",0.000323146280568938,0.955338128698876,0.960166432242318
"MTAP",0.00028978751991171,0.959944526791243,0.964459945297055
"NCK1",0.000257518170115505,0.96440176625623,0.968600659352086
"FUBP3",0.000223792465496303,0.969061353165169,0.97311106106626
"CD99",0.000216320523959757,0.970093834789827,0.973978263445845
"ING3",0.000206369823058196,0.971468911812746,0.975189071266163
"PRRC1",0.000203218748595349,0.971904373395559,0.975456408174764
"LYRM7",0.000194736385289992,0.973076631744466,0.976463012923322
"SETD1B",0.00017296842694456,0.976085212749477,0.979141315346362
"RNASEH2C",0.000155219799707709,0.978538529950021,0.981260946308776
"LARP1",0.000147151200525693,0.97965388658849,0.982037887007791
"PDS5A",0.000142967364998369,0.980232251690898,0.982446888338792
"ETS1",0.000115827248736909,0.983984286209627,0.985485499868008
"METTL2B",0.000113686028684835,0.984280319215132,0.985485499868008
"AC026979.2",0.000113620962472734,0.984289314936662,0.985485499868008
"ACTR6",0.000103512196820295,0.985686924694296,0.986542258714336
"TYW5",9.47447183268987e-05,0.986899127551371,0.987584117402179
"BOD1L1",6.611511025346e-05,0.990857689910157,0.99132678084835
"STAU2",6.52089443372703e-05,0.990982987964407,0.99132678084835
"SAP25",5.20525584383225e-05,0.992802181121552,0.992974363254941
"SZRD1",-2.20848743297413e-05,0.996946073390666,0.996946073390666
"DUSP22",-0.000109523273183458,0.984855844465553,0.985881557894957
"RNF114",-0.000118368035599496,0.983633014214985,0.98534160030881
"RSL24D1",-0.000122930523786798,0.983002243488765,0.984880809277225
"YPEL3",-0.000139695372980276,0.980684572616056,0.982729440534629
"SETD5",-0.000151238943323986,0.979088815480553,0.98164207212732
"LINC00667",-0.000159366882235262,0.977965277353896,0.980856652956508
"ADCY7",-0.000179109908683033,0.975236353368557,0.978459994759302
"FAM193A",-0.000286992701468968,0.960330516647439,0.964679688121544
"TOGARAM1",-0.000316617312077934,0.956239579257881,0.960904975358111
"ARFGAP2",-0.000325629692259176,0.954995260547514,0.959989135014382
"TBC1D23",-0.000336526233823466,0.953490946731751,0.958644053312763
"PBRM1",-0.000384887903723352,0.946816486200987,0.953096644426793
"CALU",-0.000390060759012244,0.946102785954476,0.952877185923762
"EGLN1",-0.000394595192467159,0.945477204495377,0.9525798459687
"BRWD3",-0.000406644021048657,0.943815083202788,0.951237606576455
"POGLUT1",-0.000409401522250898,0.943434723387293,0.951020459670428
"PHIP",-0.000455659565682355,0.937056045513392,0.944920827850277
"AP2A1",-0.000459881065932641,0.936474123453464,0.944499172780015
"HNRNPA3",-0.000467177768030181,0.935468373564395,0.943649835638599
"SCAMP4",-0.000473646839907823,0.934576787163933,0.943080372978897
"MCM3AP",-0.000475593605610054,0.934308494232838,0.942974638824077
"TBCD",-0.000480062860151956,0.933692593533131,0.942517974252681
"C18orf25",-0.000484850657665946,0.933032838985933,0.942016873675048
"JTB",-0.000509714322465353,0.929607396312786,0.938722790148107
"ZRANB2",-0.000512853264603648,0.929175038709315,0.938450516328655
"THAP11",-0.000523598921945134,0.927695091897535,0.937119915041703
"DHX38",-0.000535745174409949,0.926022549328699,0.935594261033393
"AP5M1",-0.000537280518948267,0.925811155047565,0.935544582295306
"MTREX",-0.000539733064608611,0.925473486581296,0.935367262024945
"LIX1L",-0.000546264489889572,0.924574300321174,0.934876123210675
"EHMT1",-0.000550049125898561,0.924053310636847,0.934587064616397
"NLRP1",-0.000584822190422864,0.919268033892589,0.930236664583008
"TOMM6",-0.000595482697231604,0.917801571172914,0.929241864633812
"SRSF2",-0.000603062311469117,0.916759086785268,0.92851240841072
"CBL",-0.000640345387019937,0.911633367170695,0.924294941714732
"DTYMK",-0.000653385858794001,0.909841404763719,0.922802564416526
"TBC1D14",-0.000671583876659049,0.907341484197062,0.920752831139268
"IMP3",-0.000694262095196801,0.904227390894182,0.918077352691329
"ERCC6L2",-0.000701230148877641,0.903270855723437,0.917429204818081
"PPIL2",-0.000704274394256908,0.902853002838063,0.917166332106238
"PRPF19",-0.000711764003055492,0.901825094479951,0.916283530631761
"EBLN3P",-0.000722444862446696,0.900359489318409,0.91527819053398
"RRP15",-0.000770976552177385,0.89370442356537,0.908993546860933
"MACO1",-0.000773067401172204,0.893417873738996,0.908862388049531
"NSUN2",-0.000797432162727477,0.890079730382649,0.905945959251101
"PPTC7",-0.000823931375961757,0.886451364902674,0.902890325219661
"EIF2S3",-0.000837737635578619,0.884561900998497,0.901124974926397
"CTC1",-0.00086237097887858,0.881192326990872,0.89816828380282
"CHIC2",-0.000865868301980147,0.880714103985893,0.897839532912612
"PRDM1",-0.000878536599514663,0.87898220981226,0.896390876036659
"RETREG2",-0.00088168313266343,0.878552133902374,0.896110745704809
"HPS1",-0.000905313189644505,0.8753234731526,0.893291535953114
"FAM91A1",-0.000941956662048515,0.87032086266216,0.888815373644887
"MORF4L1",-0.000944749116518384,0.869939843533757,0.888583612762872
"HBP1",-0.000952478195186762,0.86888539967039,0.887663790947589
"STMN1",-0.00095604814384305,0.868398446029894,0.887323500753792
"MTMR6",-0.000957404045180077,0.868213509354953,0.887291743478649
"THOC2",-0.00101127779532045,0.860871396796346,0.880568525243796
"MTMR4",-0.00101155053421302,0.860834256955396,0.880568525243796
"DNPEP",-0.00101349965084367,0.860568847660965,0.880568525243796
"TRMT10B",-0.00103550123263847,0.857574012977461,0.877662703254839
"CCDC69",-0.00106994086840648,0.852890251115035,0.873489269788742
"ABCE1",-0.0010714787517814,0.85268121989626,0.873430301090894
"DAZAP1",-0.00108477803174891,0.850873996592949,0.871888830552868
"RNF139",-0.00118339683369552,0.837497849419429,0.858945420167499
"REST",-0.00118411606503443,0.837400463952291,0.858945420167499
"TUBA1B",-0.00118675595257844,0.837043038874548,0.85893722512269
"DNAJB11",-0.00119077925583996,0.836498372242998,0.858531075409391
"ZNF407",-0.00124205544385536,0.829563656854101,0.851716861149653
"CCDC6",-0.00124340926973562,0.829380739449771,0.851680684545375
"ERVK3-1",-0.00126854593217054,0.82598617818223,0.848950684294585
"RPL36AL",-0.00127309803962185,0.825371788057424,0.848470428115359
"ZFAS1",-0.00128252951498847,0.82409917873085,0.847615474182417
"UBAP2",-0.00130052446330979,0.821672366623739,0.845571830535172
"PDPK1",-0.00131393772922821,0.819864551619751,0.8438620148476
"MAEA",-0.00132105464170721,0.818905735293727,0.843176107023553
"FBRS",-0.00133884264813516,0.816510457307401,0.841310667731245
"MINDY2",-0.00135821691065622,0.813903528329645,0.838774418848653
"NFU1",-0.0013628412399006,0.81328159914273,0.8382832854792
"CEPT1",-0.00139415311899075,0.809073559248756,0.834094961778258
"RAB1A",-0.00140605845035538,0.807475028329732,0.83319171379094
"ZHX1",-0.00140915537334519,0.807059335372926,0.832911808714328
"METTL14",-0.00144098167993674,0.802790539475568,0.82909975665394
"PPHLN1",-0.00145574934796184,0.800811771491153,0.827649011861914
"SETD3",-0.001477699055535,0.797873022331377,0.824759584116338
"SMARCD1",-0.00151520924266466,0.792857594536798,0.820163183442818
"IGLC3",-0.00152238211227755,0.791899489735113,0.81931904508475
"RBM5",-0.00153088854916642,0.790763663123523,0.818290695358578
"ACYP2",-0.00154099901791616,0.789414235170235,0.817187559545278
"NMRAL1",-0.00156344972451187,0.786420038567238,0.814380384704124
"TTC17",-0.00156447329855928,0.786283601845899,0.814380384704124
"CMPK1",-0.00157277156061675,0.785177732311713,0.813386021599003
"COPG1",-0.00159720044299109,0.781924736408694,0.810452903463144
"TMEM131L",-0.00163937333738249,0.776317911188319,0.804930851100869
"ARF1",-0.00170248545905144,0.767949057211784,0.796826594627629
"PATL1",-0.00170411432474166,0.767733417821584,0.796746197692473
"NCBP1",-0.00170995550976913,0.766960273284634,0.796087094318301
"ABCF1",-0.00173662679083903,0.763432996231338,0.792568512919195
"C7orf50",-0.00174482164022158,0.762350208973611,0.791586902259779
"PHKG2",-0.00175666604575222,0.760786027163897,0.790247301630799
"SLC44A2",-0.00176834842145898,0.759244200355694,0.788848050463596
"DCAF8",-0.00179005927162391,0.756381371334616,0.786380271946409
"CAMLG",-0.00179007627059715,0.756379131125281,0.786380271946409
"CARD19",-0.00181145247659232,0.753563694184854,0.783733421887115
"TRIM24",-0.00181208769344517,0.75348008035665,0.783733421887115
"EXOG",-0.00181931037066548,0.752529560214121,0.783037684505486
"MRPL2",-0.00187228188559346,0.745569941671636,0.776399756883411
"RNF6",-0.00190759001860542,0.740942476995256,0.771859693791842
"GANAB",-0.00194134018038526,0.736527938921709,0.767399570688617
"SLC25A42",-0.00196432936385282,0.733525903307313,0.764768105325169
"NKAPD1",-0.00198546906588652,0.730768971817511,0.762225476663336
"WDR33",-0.00201717168448314,0.726640999272225,0.758605836857879
"ADIPOR1",-0.00202707993113235,0.725352473973504,0.757534899928503
"BTN2A1",-0.00204459864046763,0.723076144065401,0.755568059942955
"ZNF33A",-0.00207186320792617,0.71953834137327,0.752143848957704
"NOP56",-0.00210396217470364,0.715380927313349,0.748748059494752
"FBXO28",-0.00215365022536312,0.708962052950897,0.742568862943665
"PRKX",-0.00215653989565115,0.708589385160517,0.742448216609866
"MLLT10",-0.00217711759185842,0.705937593644609,0.739938586431927
"DIS3",-0.00218263393120202,0.705227322930766,0.73932848052022
"ZBTB25",-0.00219312533040606,0.703877184481887,0.73818143715349
"NINJ1",-0.00221780243519472,0.700705171073942,0.734988490648131
"FCF1",-0.00222916846347728,0.699245922772411,0.733858277821382
"RAB11FIP2",-0.00224725496701504,0.69692614456178,0.731556803001053
"ZSWIM8",-0.00224960192849081,0.69662532990444,0.731374163036393
"KAT2B",-0.00226213759988825,0.6950194171155,0.729821008467788
"TERF1",-0.00229689149386184,0.690574353970829,0.725681905858194
"GOSR1",-0.00231074830056776,0.688805012998757,0.723954530702356
"SEPTIN2",-0.00237969041922044,0.680027415793813,0.715380902386523
"RPS15",-0.00240420664223214,0.67691639636113,0.712368039747197
"YTHDF1",-0.0024090543215551,0.676301893642224,0.711851253994289
"RIOK1",-0.00241131619842611,0.676015246762786,0.71167943192424
"RAB3GAP2",-0.00243533931383049,0.672973710349242,0.708865641567868
"WDR73",-0.00243865158016126,0.672554766383084,0.708553770137239
"NEMF",-0.00244330083427142,0.671966888227055,0.708063775699877
"RUFY2",-0.00246489238077925,0.669239363411208,0.705447524911796
"EFTUD2",-0.0024681051164334,0.668833890222885,0.70514900272676
"PWWP3A",-0.002474460664356,0.668032053278083,0.704432410176395
"NSF",-0.00249251167074947,0.665756746261673,0.702289949824596
"RABEP1",-0.00250931747351817,0.663641157282886,0.700186343587707
"MGRN1",-0.00251659528306931,0.662725824440549,0.699348550695086
"RAP1GAP2",-0.00255177761657081,0.658308049030012,0.695068201896024
"CLCN3",-0.00258652067015654,0.653957107087335,0.690600739163644
"TIMM22",-0.0026114420951874,0.650843363257749,0.68743840218085
"NCBP3",-0.0026122657830056,0.650740553238398,0.68743840218085
"TRIAP1",-0.00262323522731252,0.649372017148504,0.686261393237204
"MAPK14",-0.00262650990887797,0.648963700369433,0.685955582850169
"DPH5",-0.00263822608747905,0.647503686178031,0.684663322000129
"OPA1",-0.00265252027770486,0.645724247766599,0.683369307912255
"CTNNB1",-0.0026612364025226,0.644640198467883,0.682511478715675
"RIPK1",-0.00266443618856511,0.64424242130537,0.682340871197074
"TBCC",-0.00267672146355354,0.642716140632797,0.680974459494642
"SLC38A2",-0.00267886350660076,0.642450174615693,0.680817742926994
"PARG",-0.00270422827441341,0.639304259920771,0.677982285208364
"HMGXB4",-0.00271265902596887,0.638260050848538,0.67699939548345
"ZNF518A",-0.00271418948097574,0.638070569859299,0.67699939548345
"TSN",-0.00271951388997806,0.637411555182295,0.676472660790632
"ATMIN",-0.00273058125574348,0.636042638520918,0.675268390344281
"ZNF675",-0.0027392176546382,0.634975269404058,0.674259322160412
"MAGOHB",-0.0027396854135528,0.634917480891476,0.674259322160412
"MFSD14C",-0.00274971283576056,0.63367919476652,0.673130947912787
"NGRN",-0.00277280334084696,0.630831651570135,0.670600209143773
"CNOT3",-0.0027787733084951,0.63009631808344,0.669942010764601
"APLP2",-0.00278726104171532,0.629051496848634,0.669202921412552
"ZNF146",-0.00278993854997759,0.628722055389585,0.669097636728499
"SRBD1",-0.00279178183903094,0.628495299475126,0.668979769670183
"MARS",-0.00279657403664912,0.627905941671596,0.668475828986541
"SPATA13",-0.00280293741977998,0.627123721728775,0.667766341065333
"GXYLT1",-0.00281906621544059,0.625142965072349,0.66590311776362
"CHD8",-0.00282686025774173,0.6241867567882,0.665130270952984
"BCAP29",-0.00284323603653187,0.622179764682165,0.663336425767752
"ZFX",-0.00288182754673289,0.617461159036458,0.659303555668071
"TSPAN31",-0.00289476015802093,0.615883393701149,0.657740653976764
"TOPBP1",-0.0029109685934298,0.613908485523568,0.655752960921359
"HIST1H1C",-0.0029206859872509,0.612725815077994,0.654610925445497
"RETREG3",-0.00293073489974306,0.611503856556524,0.653426485225398
"GON4L",-0.00296848288403425,0.60692333571694,0.649012956996031
"FOXK2",-0.00297624961626741,0.605982787622106,0.648244673109141
"METTL15",-0.0029994511781416,0.603176980637612,0.645605353997236
"USP8",-0.00301060434306545,0.601830291165515,0.644403135750375
"ASNSD1",-0.00301151927550691,0.601719877797843,0.644403135750375
"NUDCD3",-0.00301423852641937,0.601391774558112,0.644292469603684
"DPYD",-0.0030244870793987,0.600155916330364,0.643446582910803
"PHF20L1",-0.00304349436125857,0.597866902058654,0.641111644509531
"LENG1",-0.00306459195600069,0.59533080900509,0.638510837926791
"CWC22",-0.00307521983219379,0.594055118615423,0.637379696568399
"NPIPB5",-0.0030908218287231,0.592184640536135,0.635727628810851
"NAA15",-0.00310591126802132,0.59037818663018,0.634142485061696
"RSRC1",-0.00311819334525534,0.588909695605372,0.632682975886025
"KLC1",-0.00311859256279774,0.588861991968309,0.632682975886025
"FAM215B",-0.00315420565314115,0.584613678997803,0.628301730670953
"KANSL1-AS1",-0.00316399920280918,0.583447902681249,0.627165713842081
"EIF2A",-0.00316678072833946,0.583117001110888,0.626926872745431
"SNX10",-0.00317566803343815,0.582060318121728,0.626112822355671
"CEBPG",-0.00323687812813657,0.574806970956639,0.619146769052473
"MAN2C1",-0.00324946973696786,0.57332019409506,0.617660668661725
"ROCK1",-0.00325107742120312,0.573130495241877,0.617660668661725
"CBWD5",-0.00325600784910753,0.572548914672144,0.617175624469954
"EPM2AIP1",-0.00325729558802941,0.572397062469828,0.617127287205739
"CELF1",-0.00328315938449612,0.569351220300735,0.61395820633402
"WDR75",-0.00329290855630426,0.568205123209301,0.612951542377111
"PIK3CD",-0.00333026074271957,0.563824301866451,0.608339522706048
"SUPT5H",-0.00333159024874019,0.563668672185967,0.608285410272543
"CENPT",-0.00333447683123118,0.563330845100592,0.608034621691019
"WDR11",-0.00333740358842409,0.562988415925139,0.607778770992189
"SLCO3A1",-0.00335353217487115,0.561103182651245,0.605970422162871
"RCOR3",-0.00336378562010548,0.559906271574729,0.605017700612977
"RNF126",-0.00336961778287575,0.559226020953701,0.60439588883808
"TRMU",-0.0033824710954597,0.557728256671816,0.603003160147424
"XIST",-0.00338595021013718,0.557323180084674,0.602791218970052
"ASCC2",-0.00339055899325657,0.556786795803008,0.602437045290047
"DIDO1",-0.00339275383056566,0.556531442378999,0.602273752711519
"AC025159.1",-0.00340133027695271,0.555534182730305,0.601420242501534
"CDC14A",-0.00344654374727385,0.550291283137488,0.59619196502985
"ZDHHC20",-0.00344963868582061,0.549933290699377,0.595916063033316
"MRE11",-0.003517012444846,0.54216870683288,0.587723107576169
"MAU2",-0.0035222921706733,0.541562555389064,0.587176397241724
"SNHG5",-0.00357103477626364,0.53598257270236,0.581603019937137
"EZH1",-0.0035742486771363,0.535615669802517,0.581384447158125
"AC118549.1",-0.00358355916393466,0.534553487792292,0.580450002654519
"XIAP",-0.00358550139210088,0.534332043769817,0.580318812885223
"PI4KA",-0.00359660729781906,0.533066688929924,0.579162696883737
"EEF2",-0.00361369546864918,0.531122706954798,0.577268121185133
"VPS26A",-0.00362522029197053,0.529813655043934,0.575996248885977
"PTBP2",-0.00362566846203872,0.529762782598978,0.575996248885977
"TRMT13",-0.00364336757423625,0.527755717295646,0.574257966347922
"UBE2J1",-0.00366375428150664,0.525448694440154,0.571963499591614
"STK39",-0.00367747752644114,0.523898639829608,0.570383888219247
"SHPRH",-0.00374177606844484,0.516667408189987,0.562723501988981
"CNOT9",-0.0037537436728,0.515327222634081,0.561523148978185
"PMS2",-0.00377013734243637,0.513494320422865,0.559902012833931
"WIPF2",-0.00378689829774585,0.511623868224344,0.558179123732461
"DERL1",-0.00379821314010364,0.510363192998932,0.556909088746422
"NLRC3",-0.00383122364740552,0.506694536895296,0.553115160756232
"SNX13",-0.00385273598161953,0.504311223478731,0.550617725445255
"MED1",-0.00385721759183412,0.503815459026783,0.550284801554443
"UIMC1",-0.00385787814911681,0.503742408649688,0.550284801554443
"VPS4B",-0.00385849027353675,0.503674719406235,0.550284801554443
"ZNF37A",-0.00386064546330865,0.503436434889967,0.550284801554443
"PANK3",-0.0038749299242729,0.501858606253705,0.548771062242154
"RANGAP1",-0.00388546941616631,0.500696118298598,0.547707608920337
"INO80",-0.00391089280277958,0.497897847076777,0.544956706033739
"MIEF1",-0.00392045947367775,0.496847033185621,0.543909802654039
"SNX27",-0.00395293882875616,0.493288300119568,0.540219070791787
"SEC31A",-0.00395603658005446,0.49294959688839,0.539950679060845
"YKT6",-0.00397329947360967,0.491064383603203,0.53809011974913
"ARMCX3",-0.00398401778436884,0.489895830426281,0.536911678842334
"KCTD20",-0.0040034899348704,0.487776732279758,0.534792474345507
"LIN7C",-0.00400830740346301,0.487253225277616,0.534320089404072
"DDX52",-0.00401538903917628,0.486484225773819,0.533578267409208
"USP12",-0.00404647741188737,0.483116093886128,0.530085714125057
"TMEM209",-0.00406004529884978,0.481650119917926,0.528779029424458
"IFI30",-0.00408001114279031,0.479497272112659,0.526616028998991
"PTCD3",-0.00408739080720046,0.478702879400892,0.525843715334275
"HIF1AN",-0.00409891069146871,0.477464246041386,0.524682985312628
"RASA3",-0.00414515249769453,0.472509955596856,0.519535731921271
"SCOC",-0.0041476199056577,0.472246398438801,0.519444016745483
"OSGEP",-0.00415010599503251,0.471980927740295,0.519251051178612
"FAM219B",-0.00416406528653275,0.470491848741424,0.517711599254301
"WDR26",-0.00416725304494555,0.470152165264001,0.517436552877384
"CTDSP1",-0.00418225947981273,0.468554919897855,0.515777099265304
"PHACTR2",-0.00418408463271029,0.468360860508093,0.51566190961248
"EP300",-0.00422363262544641,0.464166865840566,0.511630411946205
"LARP4B",-0.00427344235239085,0.458914507722262,0.506034410331603
"OSTM1",-0.0042781569398217,0.458419093142208,0.505584798269481
"ZNRD2",-0.00432947164441604,0.453046317990379,0.500137464749333
"INTS1",-0.00434236019460831,0.451702462455693,0.498749397086345
"NDUFAF4",-0.00435278482897129,0.450617163982752,0.497741655753405
"NR2C1",-0.00436593040996845,0.449250697823997,0.496538392213442
"ZNF101",-0.00437305897015782,0.448510677183827,0.495889776709956
"RPF1",-0.00438204063859407,0.447579270212808,0.494954870818268
"DYNC1LI2",-0.00438810387775395,0.446951129044237,0.494449867868428
"YME1L1",-0.00439200509454427,0.446547234950143,0.494097832685625
"DCAF10",-0.00440116173862894,0.445600061364691,0.493144416405714
"PRKCSH",-0.00440332738472666,0.44537621199684,0.492991288788057
"AP1G1",-0.0044112455468676,0.444558306607786,0.492180409715319
"UBE2Q2",-0.00442490602560615,0.443149265918163,0.490808875849826
"GNPTG",-0.00443094047265088,0.442527643052624,0.490214544272855
"RSRC2",-0.00445129301161972,0.440434760622936,0.488083640375186
"C6orf62",-0.00445479855344866,0.440074854290808,0.48777852867482
"MARK3",-0.0044592703017242,0.439615994620225,0.487363598803313
"BCL11B",-0.00447027506630002,0.438487932565337,0.486206480889117
"KLHL28",-0.00448631082393993,0.436847142266198,0.484573469792107
"RPS6KB1",-0.00448844757417495,0.436628775728546,0.484517635102275
"TRPC4AP",-0.00450315312133414,0.435127639595611,0.483130746543683
"RPN1",-0.00455426886590837,0.429932993228136,0.477730938718046
"NSRP1",-0.00456539393561982,0.428807196874543,0.476663666996046
"REX1BD",-0.0045742575821423,0.427911472443166,0.475759680273711
"SRSF1",-0.00458445923405541,0.426881884017314,0.474706483827198
"NOL10",-0.00458942397842885,0.426381346419569,0.474241316258757
"IQCB1",-0.00458963422958333,0.426360156791,0.474241316258757
"ISCU",-0.00459183022827831,0.426138875348216,0.474154523274775
"SFSWAP",-0.00459822730192616,0.425494651421501,0.473529072703164
"SDAD1",-0.00461666794937979,0.423640751754384,0.47164791802462
"PSAP",-0.00466051024742406,0.419252160732267,0.466942296435493
"BID",-0.0046638239594154,0.418921550217645,0.466664203226803
"HNRNPUL1",-0.00467219310647552,0.418087239884434,0.465824789878966
"C1orf162",-0.00470000772080527,0.415321473025774,0.463011586108571
"SUMF2",-0.00479082886797031,0.406366189771661,0.454251485813302
"STK10",-0.00479752434382344,0.405710585837604,0.453700397232007
"ATF2",-0.00479810728081176,0.405653536047309,0.453700397232007
"UNC13D",-0.00482466857879317,0.403059171424655,0.451172795342777
"PDS5B",-0.00484957411234469,0.400635586721658,0.44854696731194
"TMEM242",-0.00485382272261127,0.400223025705665,0.44817207558147
"VTI1A",-0.00488986564958918,0.396733362381682,0.444350611935358
"ZNF195",-0.00491770245057835,0.394050820848669,0.441603397558157
"SMARCA5",-0.0049193484135776,0.393892549267735,0.441511823445486
"TMEM30A",-0.00492780648639713,0.393079849785198,0.440692569331585
"ATP6V0A2",-0.00494204450114937,0.391714077434878,0.43941160952479
"SMG6",-0.00494893408933433,0.391054233220102,0.438756763225744
"PDE7A",-0.00495707363637448,0.390275545642748,0.438118718284023
"ARHGAP25",-0.00497340463704299,0.388716049534476,0.436558024861796
"CARNMT1",-0.00498641854006956,0.387476033318786,0.435250152736548
"ERICH1",-0.00503411964467464,0.382951540257369,0.430671125714556
"TOMM40",-0.00506240713547243,0.380283799914718,0.427754373728921
"METTL23",-0.0051133557399004,0.375507824642147,0.422877099142992
"ZC3H6",-0.00512390269353623,0.374523790259489,0.421933717215564
"OSBPL11",-0.00517325628039519,0.369940302347354,0.417177497778097
"KDM7A",-0.00518782081597436,0.368594376219765,0.415822333266702
"KIF21B",-0.00519658953742275,0.367785519516556,0.414991017619248
"SNRNP27",-0.00520639133113843,0.366882678197975,0.414134352156532
"PHF21A",-0.00521471652594209,0.366116932123426,0.413350890281088
"C6orf89",-0.00521573088784261,0.366023699958239,0.413326547417107
"PXN",-0.00522591860271243,0.365088147007248,0.412431605052067
"NEDD9",-0.00522948260872534,0.364761211976715,0.412143007341245
"FBXW11",-0.00525014180613215,0.362869697969319,0.410246921817107
"NPLOC4",-0.00527007111362664,0.361050841091904,0.40827062756412
"GTF2A1",-0.00529658913233742,0.3586395460204,0.405623506942469
"BLOC1S5",-0.00530851913056917,0.357558056223073,0.404876754415563
"ZNF138",-0.00531768334696575,0.356728688492721,0.404096316349936
"IRAK1",-0.00535412304793699,0.353442875856416,0.400689023995272
"SPPL3",-0.00535417033285516,0.353438624585789,0.400689023995272
"GBP5",-0.00536819075923143,0.352179508599683,0.399413810441371
"GRK2",-0.00537325596654876,0.351725322541261,0.399055663013073
"CNBP",-0.00537377269500188,0.351679009492498,0.399055663013073
"SLC25A26",-0.00538239889836467,0.350906435450377,0.398283293297053
"DUSP12",-0.00538666831129022,0.350524459540753,0.398006410350762
"MSH6",-0.00539982541724178,0.349348978370175,0.39682796105196
"DDX50",-0.00544543025789753,0.345293953764081,0.392376400267479
"SEC16A",-0.00546343808981964,0.343701056844177,0.390797317590767
"PAXBP1",-0.00546697279071898,0.343388943885423,0.390519431943845
"MDFIC",-0.00549859783396785,0.340604522803419,0.387429247141483
"PPIP5K2",-0.00551121904627307,0.339497339651254,0.386322248967795
"TMEM50B",-0.00551973564315612,0.338751535446842,0.385663812237339
"IVNS1ABP",-0.00552742196964416,0.338079342011823,0.385012552405644
"HAUS6",-0.00552932248361428,0.337913268265571,0.384899430789561
"ZDHHC3",-0.00553958520771528,0.337017380199794,0.383954806719126
"GNL3L",-0.00555226695778785,0.33591243382202,0.382847234358022
"SHOC2",-0.00555769877541033,0.335439879800437,0.382384223524238
"ILF3-DT",-0.00555868947631239,0.335353737575859,0.382361606287066
"THEMIS2",-0.0055631256032378,0.334968187575956,0.382073088953825
"ZNF107",-0.005575573032981,0.333887889506021,0.381076564150343
"PARP11",-0.00559198837402351,0.332466660579348,0.379670342883387
"SGSM3",-0.00560900160622529,0.330997796155984,0.378142688278835
"RSL1D1",-0.00563736040474364,0.328558738843698,0.375505003351488
"UBR1",-0.00568336167038424,0.324627153406761,0.371527047766777
"THAP7",-0.00569424243553059,0.323701705112468,0.370541431795078
"PTPN2",-0.00570788130124422,0.322544100557315,0.369289622377216
"THRAP3",-0.00576472407371084,0.317748661858409,0.364015997802433
"N4BP2L2",-0.00577924767983111,0.316530936910961,0.36283719204244
"SLC35F5",-0.00578767900503751,0.315825423041395,0.362147928762321
"COG2",-0.00582972258286467,0.312322736526458,0.358587347368972
"SLMAP",-0.00587476913994517,0.30859837883204,0.354943528265731
"ZDHHC17",-0.00588980232658237,0.307362028104544,0.353662573040483
"ITGA6",-0.00590427801795442,0.306174629849797,0.352366611523404
"COQ10B",-0.0059129539199244,0.305464430296042,0.351619435033388
"BANP",-0.00592180830604633,0.304740747676798,0.350856436784208
"SMIM27",-0.00593063413262878,0.304020532606374,0.350125445688563
"RUNX2",-0.00593411565592639,0.303736740595966,0.349910064525956
"RNFT1",-0.00596694307327381,0.301069509892236,0.347114726818977
"PCF11",-0.00600328282360591,0.298135148599018,0.343937867967701
"PIGT",-0.00600952316536067,0.297633181979677,0.343427483088595
"ZNF131",-0.00603051028034744,0.295949145975617,0.341689434402679
"ASCC3",-0.00603095269924302,0.295913714428456,0.341689434402679
"RIOK2",-0.00603157815438004,0.295863629090598,0.341689434402679
"DFFA",-0.00603450469686977,0.295629352156947,0.341593763552217
"BORCS5",-0.00605519055051712,0.293976940945332,0.339752508703754
"CWC25",-0.00608028488851317,0.291980703983319,0.337648429892079
"RIT1",-0.00609886550655051,0.290508510374297,0.336080758140135
"ARGLU1",-0.00611120259732752,0.289533772189749,0.335020317860811
"PSD4",-0.00611391263645549,0.289319950751748,0.334907297467951
"FAM214A",-0.00613695773945175,0.287505995812962,0.333008049378058
"EEF1AKMT2",-0.00613881948993514,0.287359787119169,0.332905562940186
"PNKP",-0.00619074369966723,0.28330223695642,0.328336816826301
"MIER1",-0.00625555037980783,0.278292693292307,0.322595771299846
"FAM98B",-0.0062571929403885,0.278166511961249,0.322514329409032
"RBBP5",-0.0062973199442911,0.27509605284689,0.319018487184399
"IMMP1L",-0.00633195510237054,0.272464490275474,0.316093887631998
"ZMYND8",-0.00633412193169795,0.272300430098837,0.31596711878873
"OBI1",-0.00633907217020542,0.271925879464342,0.315596004602709
"PPP2R5A",-0.00637187287275149,0.269452987485243,0.312851898294221
"AL390728.6",-0.00639734501068041,0.26754328251323,0.310822342919782
"ARHGAP10",-0.00643659407682712,0.264618939162346,0.3076728673688
"MORF4L2",-0.00643900805809397,0.264439801804094,0.307526585401132
"SMNDC1",-0.0064836204474886,0.261144237255184,0.303939216195893
"ZC3H13",-0.00648488830104158,0.261050996407731,0.303892025894911
"CDKAL1",-0.00649633479354921,0.260210237289898,0.302974447496637
"PPFIA1",-0.00652693747899286,0.257971640704322,0.300549990291277
"SDHAF3",-0.00653359658686759,0.257486299219912,0.300045158133205
"VPS11",-0.00654030595520776,0.25699793559018,0.299536599544982
"RRN3",-0.00657131287587995,0.254749346639399,0.296975840321288
"UXT",-0.00657371783715952,0.254575514972598,0.29683319750242
"ZCCHC8",-0.00663109510381764,0.250452711373258,0.292262401151271
"LDLRAP1",-0.00665560284746679,0.248706010514372,0.290400397375255
"USP14",-0.00666700767390934,0.247896084012905,0.289513308323699
"WDR54",-0.00668822164265672,0.246394464210427,0.288109666484496
"RRP7A",-0.00669667267115974,0.245798041584262,0.287528865277168
"NFIC",-0.00670194606296048,0.245426390679272,0.287152362557794
"DHX8",-0.00670279580244594,0.245366540791807,0.287140592683918
"ZKSCAN1",-0.00670297153844525,0.24535416441727,0.287140592683918
"SAP30BP",-0.00670965964378488,0.244883473661086,0.28669163471447
"REXO4",-0.00671749913943092,0.24433255827716,0.286104743875001
"KIF22",-0.00674124148471913,0.242669390899202,0.284214942590516
"SNRNP48",-0.00674531145975603,0.242385087530163,0.283939630263346
"TM9SF4",-0.00675596944280866,0.241641696716366,0.283126303324519
"DNAJC5",-0.00678506033348058,0.239620788349034,0.280815502216801
"CNOT6",-0.00678806435981774,0.239412783147681,0.280628764311519
"NOC3L",-0.0067919386130864,0.239144709619436,0.280371526809369
"UPF1",-0.00679273863533614,0.239089379584868,0.280363654344435
"LRRC47",-0.00682212257531733,0.237063421767421,0.278101048277607
"BRD2",-0.00682815349626235,0.236649108008009,0.277728002825028
"NOTCH2",-0.00685800679084663,0.23460577728981,0.27544208420813
"SLC25A37",-0.00686917542560135,0.233844552977665,0.274716141173802
"RPS28",-0.00687139028571978,0.233693802251511,0.274594979132939
"CUL2",-0.00688756485391969,0.232594995604015,0.273471017257565
"CEP350",-0.00692100042585387,0.230335208576125,0.270924566155112
"IPO9",-0.00695770086746667,0.227872779544239,0.268356610094267
"AMZ2",-0.00696406205875321,0.227447887552284,0.26791094107721
"DPH7",-0.00696861354482624,0.227144220508837,0.267607910045856
"DNAJC2",-0.00698659041960966,0.225947661093299,0.266307002151043
"KIAA0586",-0.00702830845396751,0.223188216116116,0.263162224972734
"DHX30",-0.00705973379606869,0.2211255639814,0.260783461652501
"TASOR",-0.00706375339993427,0.22086271974465,0.260580054166816
"ZNF831",-0.00713728343536865,0.216094021837835,0.255214872811549
"EPG5",-0.00715801379602946,0.214763075250874,0.253783252553754
"MRTO4",-0.00717351595141902,0.213771662456487,0.252679068945801
"APEX1",-0.0071858464787658,0.212985446305108,0.251801367126191
"PPP2R2D",-0.0072016050234719,0.211983695281745,0.250668437705521
"MED15",-0.00724426021559604,0.209289247719389,0.247664944423971
"KIAA0232",-0.00725393709240907,0.208681444975555,0.247016808943766
"RTN3",-0.00727107376989564,0.207608233814327,0.245847368461442
"ANXA2R",-0.00730055752589346,0.205771147083912,0.243772022438973
"S100PBP",-0.00730454201796467,0.205523788332195,0.243529009104534
"PLD3",-0.00731557679124017,0.204839873489729,0.242818407074053
"KLHDC2",-0.00731901321054368,0.20462722886129,0.242616206587801
"MAPK1IP1L",-0.00732491864147127,0.2042621775807,0.242233184887497
"ETFRF1",-0.00737430918734516,0.201227579418507,0.238732657993526
"SNX14",-0.00738439988799366,0.200611664418989,0.238050919486484
"PDCD11",-0.007390411557017,0.200245379486959,0.237665178740748
"PCNP",-0.00739067558518665,0.200229303716558,0.237665178740748
"ZBED1",-0.00739245326234708,0.200121091573338,0.237615469446869
"RAD23A",-0.00741624238596008,0.198677088586959,0.236046718146064
"RDH14",-0.00745828194580782,0.196143931908239,0.233277388186185
"TMEM65",-0.0074608064887669,0.195992568449938,0.233145450134239
"SUCLG2",-0.00746825489439942,0.195546484879232,0.232662797255731
"STAT6",-0.0074707325815193,0.195398261767571,0.232534415108044
"ZBTB37",-0.00747113058431252,0.195374459657077,0.232534415108044
"CIR1",-0.00748842626346318,0.194342163323908,0.231420866382196
"C1orf35",-0.00750067080733637,0.193613768669444,0.230601116050534
"BICD2",-0.00754030689813527,0.191269674480461,0.227997563606618
"RBM14",-0.00755777959705979,0.190242989600221,0.226914440749633
"TM9SF3",-0.00759276012000093,0.188199762380467,0.224709736987195
"NBEAL1",-0.00760855983127844,0.18728222041278,0.223660502199317
"ZNF141",-0.00762261595692658,0.186468714234317,0.222735102524711
"CTR9",-0.00763770239674523,0.18559848623664,0.221741551714669
"SAMD8",-0.00766355905778417,0.18411399182882,0.220150402421067
"C12orf65",-0.00766629529286876,0.183957413690007,0.220008794017062
"VPS13B",-0.00767054364496723,0.183714501694371,0.219763852161675
"GAPVD1",-0.00767749966126925,0.183317284120665,0.219334186208273
"USP34",-0.00768491256627953,0.18289467705287,0.218964833415799
"APC",-0.00769538045416536,0.182299136884888,0.218297159969923
"MLF2",-0.00770361562659405,0.18183163217236,0.21778255923946
"USF3",-0.00772325630797299,0.180720236218539,0.216541367602808
"ITGB2",-0.0077493091799629,0.179253791347086,0.214873542859831
"RBM12",-0.00776236560178261,0.178522217501164,0.21404108697073
"NENF",-0.00778534670237993,0.17723994643624,0.21259209049455
"AGO2",-0.00778919290630713,0.177026012508365,0.21237965761093
"UBXN7",-0.00779343938233951,0.176790038109619,0.212184838663512
"HNRNPL",-0.00780437670825596,0.176183336117306,0.211500686800272
"METTL17",-0.00781250616757993,0.175733395262137,0.211004474386163
"LARS",-0.0078170693794057,0.175481211176309,0.210745552864176
"MDM4",-0.00786027079989385,0.173107064333783,0.2080242633909
"KRAS",-0.00789239077930605,0.171357522953289,0.206050632792248
"MRI1",-0.0078960993418075,0.171156376962102,0.205851684242011
"EPRS",-0.00795815150792708,0.167816953230628,0.202003834122528
"DNAJC10",-0.00798446966464207,0.166415473913825,0.200400509096059
"BMS1",-0.00799913019643067,0.165638605619529,0.199548326427371
"RAP2A",-0.00802124334862512,0.164471985673262,0.198267128214403
"MOGS",-0.00802173855435281,0.16444593121022,0.198267128214403
"DOCK2",-0.00807052545977518,0.161894296057571,0.195323097356488
"INO80E",-0.00809658885695158,0.160543442877476,0.19377438992767
"KIAA1191",-0.00810621088635574,0.160046896376586,0.193215501654548
"SRM",-0.00811232652788445,0.159731901680684,0.192875602385365
"ORMDL3",-0.00811937826345699,0.159369274369417,0.192478032521136
"CALR",-0.00812559494817047,0.159050105390859,0.192132793839356
"RSF1",-0.0081498456150992,0.157809681318888,0.190754230175231
"ATP11B",-0.00815953810064534,0.157315964540386,0.190197309749351
"DTWD1",-0.00816081026239082,0.157251250037952,0.190158934570951
"EML4",-0.00816853380054701,0.156858788871549,0.189724126556675
"DIS3L2",-0.00817437423018992,0.156562508728783,0.18940549356805
"ITFG2",-0.00818917981475584,0.155813335370459,0.188578280184981
"OGA",-0.00818929232018071,0.155807652946425,0.188578280184981
"ZFAND6",-0.00820106741144934,0.155213785746174,0.188010481495103
"ZNF511",-0.00824295704107474,0.153115042732496,0.185624227756633
"SLAMF6",-0.00825282577739877,0.152623757954337,0.18510645891118
"PJA2",-0.00825918970730482,0.152307585939384,0.184761852779224
"YARS",-0.00825964972664415,0.152284750647657,0.184761852779224
"UBE4A",-0.00828888592023567,0.150838809660235,0.183134192696963
"PAGR1",-0.00829842184070985,0.150369459475281,0.182641253747671
"VPS37A",-0.00832476447906732,0.149078682997349,0.181111599925366
"TOR1AIP2",-0.00833061722680231,0.148793052797861,0.18080268341451
"CDC16",-0.00833939551344666,0.148365431786383,0.180321063248065
"ZNF410",-0.00835384949934509,0.147663373637374,0.17954346948487
"MRPS25",-0.00840456707320075,0.145219996823808,0.176684329468966
"EIF4G2",-0.00842334048183146,0.144323460276308,0.175741848693723
"EMSY",-0.00845027426762304,0.143044636538229,0.174295038858223
"AHCTF1",-0.00845296297994558,0.142917454536623,0.174176872424494
"RAB6A",-0.00845561514202423,0.142792086474164,0.174060867194357
"PNO1",-0.00846914933580426,0.142153637251505,0.173355894698548
"PNPLA2",-0.00847572813089251,0.141844088231854,0.173014986639827
"GSPT1",-0.00850463067029593,0.140490281163531,0.171472476501605
"AL359220.1",-0.00853309055363338,0.139166939606482,0.169893255865915
"AKIRIN2",-0.00853641039629805,0.139013199080233,0.169741503090347
"PPP6R2",-0.00854665101149102,0.138539784326958,0.169235106166822
"RPL23",-0.00856038809364316,0.13790668258823,0.168568850887309
"SUPT3H",-0.00856534881679924,0.137678606282978,0.168325741453029
"TMX4",-0.00857658625619741,0.137163024586146,0.16776652445139
"ELP4",-0.0085800413346633,0.137004802813983,0.167608548542266
"ALG13",-0.00859532118878858,0.136306765153532,0.166928146424916
"CRTC2",-0.00859641452926511,0.136256922934661,0.166906048123235
"ANKLE2",-0.00859742954659759,0.136210663834112,0.166884830748103
"PHAX",-0.00859968700932046,0.136107824134469,0.166794267272308
"LPIN2",-0.00861710245710034,0.135316469614105,0.165895000056238
"GRPEL1",-0.00861820906718147,0.135266305826275,0.165868761577743
"FAM136A",-0.00863084809236308,0.134694384286377,0.165237718395987
"NT5C2",-0.00863429754757755,0.134538620021347,0.165081749290023
"TGOLN2",-0.00866457812300902,0.133177234903225,0.163515672490291
"HMBOX1",-0.00868935742851697,0.132071134369363,0.162365003604374
"FBXO44",-0.00870387043156644,0.131426614673659,0.161641562555554
"WDR45B",-0.00871138611375831,0.13109380429095,0.161266631686414
"U2SURP",-0.00879356334115051,0.127497326392131,0.157076924012694
"MBD3",-0.00880673281847283,0.126928169753894,0.156442563575701
"LONP2",-0.00882335747196275,0.126212513718481,0.155627018733051
"TBPL1",-0.0088524455044607,0.124967899433579,0.154224240537867
"RABGGTB",-0.0088572878494052,0.124761638135572,0.154068601098039
"APAF1",-0.00885730333920352,0.124760978768643,0.154068601098039
"ARL16",-0.00886827087346898,0.124294796469984,0.153557860163324
"CTBP1",-0.00887838278051565,0.123866188192482,0.15309393641364
"RIF1",-0.00887849779563703,0.123861319747325,0.15309393641364
"SEC22C",-0.0088980453441859,0.123036063847557,0.152329106957677
"MANF",-0.00897515059422439,0.1198226553844,0.1484781378603
"CCNC",-0.0090745525038516,0.115777449137205,0.143681633134122
"KPNA2",-0.00912319498839939,0.113837432508101,0.141426211390396
"RFLNB",-0.00912743395462515,0.11366958890389,0.141248118769388
"DSTYK",-0.00916219633709767,0.112300500490155,0.139667238802398
"PGGT1B",-0.00918197713650431,0.111527273671636,0.138765434145485
"TMEM120B",-0.0091856984651499,0.111382278395224,0.138614932996387
"MED21",-0.00922099978299442,0.11001421017324,0.136971491811113
"KDM4B",-0.00926774912947013,0.10822295789061,0.134886924174444
"ZC3H14",-0.00927225641055194,0.108051483566704,0.134702314251877
"MSN",-0.00932617326957097,0.106016909967144,0.132194490763355
"GCHFR",-0.00933025193219877,0.105864244469525,0.132032676871919
"RUNX1",-0.00934017514176414,0.105493544031837,0.131598803467792
"AC016831.7",-0.00934626248193477,0.105266649955785,0.131344173581786
"ARHGEF7",-0.00935225563862219,0.105043644868882,0.131151050001915
"KDM3A",-0.00936730258907476,0.104485400924002,0.130538844698596
"FAM122B",-0.00942133949514891,0.102500023532423,0.128169478688527
"MTMR12",-0.00942163408719087,0.102489282723449,0.128169478688527
"AC092683.1",-0.00945894094090396,0.101136298091289,0.126601482763721
"CDK11B",-0.00955078480275485,0.0978660456545132,0.122720914392167
"PCIF1",-0.00955254220915654,0.0978043040013643,0.122670165544991
"RCHY1",-0.009566988788251,0.0972979417774636,0.122088170198136
"RHOC",-0.00956910257350363,0.0972240282573857,0.122021974093655
"DDX27",-0.00957722682369689,0.096940362275476,0.12169243997446
"HSPE1",-0.00959261444166129,0.0964049029393832,0.121046609024912
"APOL3",-0.00965108927352982,0.0943916400982351,0.118751437270184
"ACSS1",-0.0096577549737414,0.0941642985114905,0.118491274168834
"MAN2B2",-0.00968342538438796,0.0932928764527719,0.117445976534192
"PPIL4",-0.00968622248444015,0.0931983167477618,0.117352552987848
"APTX",-0.00969242365692862,0.0929889520802753,0.117114498066597
"PARN",-0.00969759999772408,0.0928144770985655,0.116920290394807
"ILF3",-0.00971185981964445,0.0923351909506754,0.116392796986349
"MSL1",-0.00971677130064169,0.0921705723463886,0.116210688832887
"TNFSF14",-0.00971878130974596,0.092103270681509,0.11615122720758
"SLC33A1",-0.0097227768678879,0.0919696035817025,0.116008027964934
"YY1",-0.00974277833822257,0.0913028169173579,0.115192156018902
"SPG7",-0.00975251263567827,0.0909797145636251,0.114834759003814
"ATL3",-0.00976891834061747,0.0904372548668119,0.11417505446955
"RPL22",-0.00978952301317733,0.0897596446667173,0.113369222687902
"CCNY",-0.0097905622909495,0.0897255752990755,0.113351017031713
"DYRK2",-0.0098062078936843,0.0892139416698374,0.112729360563092
"RNASEH1",-0.00980785225831378,0.0891603053280762,0.112686276753674
"ADSS",-0.00987070817918729,0.0871294518755396,0.110240357386186
"SNHG30",-0.00988581967331,0.0866468130885195,0.109653757094907
"ARID5A",-0.00991459179997648,0.0857338425970362,0.108593689931278
"CPT1A",-0.00994781532672044,0.0846893120777114,0.107317790101552
"SLC35E2B",-0.00996737575947616,0.0840791723298781,0.106614904755147
"UGGT1",-0.00997008792996603,0.0839948543823636,0.106531410869384
"UBR4",-0.00997568018745097,0.0838212142386849,0.106334567205124
"SIN3A",-0.00999438302060799,0.083242599664009,0.105693542990387
"CDC40",-0.00999694389188412,0.0831636257388477,0.105616522712164
"HNRNPH3",-0.0100222487047977,0.0823865171063719,0.104675709220632
"RPAIN",-0.0100301296961347,0.0821456983289612,0.104415746586537
"NUP88",-0.010057749011591,0.0813062393236901,0.103394284934889
"TRIM73",-0.0100680149531553,0.0809959975221043,0.103022478542121
"ECPAS",-0.0100683754858293,0.0809851195393665,0.103022478542121
"SNTB2",-0.0100968913666144,0.0801284886843264,0.102031573027713
"RBM7",-0.0101079577327809,0.0797980388979354,0.101678146337692
"DAZAP2",-0.0101232455444307,0.0793433564917575,0.101143487375766
"KHDC4",-0.0101454359377441,0.0786871311695339,0.100351323629965
"MIGA1",-0.0101721004601865,0.0779044431391276,0.0994411074775008
"EPS15L1",-0.0102013508826483,0.0770531541133748,0.0983762541004721
"ARID2",-0.0102060901896353,0.0769159401067393,0.0982445684597044
"AC005670.3",-0.0102114779259661,0.0767601945140066,0.0980673552862819
"ZDHHC5",-0.0102623391992148,0.0753025590319531,0.0962690884365492
"RNF220",-0.0102717952883569,0.0750340636106263,0.0959896727689623
"SCAMP1",-0.0102874469653417,0.0745913693254501,0.0954868872141778
"MLH3",-0.0103230296974847,0.0735928787942185,0.0942505289820693
"RUBCN",-0.0103235737377288,0.0735776976789293,0.0942505289820693
"OTULIN",-0.0103357219459663,0.0732393757495847,0.0938394756604876
"BTBD7",-0.0103659808188333,0.0724022101280622,0.0928080786415947
"RO60",-0.0103955696582933,0.071591174316904,0.0918501228666485
"TMED5",-0.0103991141360672,0.0714945207177948,0.0917465289229023
"ZNF335",-0.0104508065736827,0.0700970427442873,0.0900533850537548
"EP400",-0.0104709643528702,0.0695581979590997,0.089418265035667
"BCAS2",-0.0104772916483351,0.0693897637327705,0.0892242513816918
"DCAF16",-0.0104819394534225,0.0692662514637114,0.0890852970988455
"TMEM167B",-0.0104998389747554,0.0687922693899923,0.0885084649309111
"C7orf26",-0.0105019663606813,0.0687361135013622,0.088462657121704
"RAB21",-0.0105153609751477,0.0683834050273347,0.0880283698197856
"CCDC88B",-0.0105232298336741,0.0681768960110854,0.087782129782525
"PABPN1",-0.0105252309216118,0.068124461647635,0.0877342050741203
"TCF12",-0.0105812447811221,0.0666701372592837,0.0860149175781408
"KPNA6",-0.0105822564360228,0.066644107900805,0.0860005751317839
"AC004865.2",-0.010582701332404,0.0666326635961797,0.0860005751317839
"SEC62",-0.0105831890450324,0.0666201197661482,0.0860005751317839
"GPR171",-0.0106534839465931,0.0648323890208869,0.083793901273746
"ANKRD36",-0.0106553016879528,0.0647866906303101,0.0837536079051779
"TMED2",-0.010681718345685,0.0641255648085188,0.0829733300988844
"PRH1",-0.0106946013921483,0.0638051690090884,0.0825772912197965
"IMPAD1",-0.0106950450614346,0.0637941587381279,0.0825772912197965
"ANKHD1",-0.0107903128888409,0.0614660389969214,0.0797288904397764
"ZMYM4",-0.0108050232879652,0.0611129001372518,0.0793243518099328
"KIDINS220",-0.0108442210480167,0.0601801129334974,0.078166376416099
"PLEKHM2",-0.0109293618210919,0.0581946464594198,0.0756897893846355
"SUPT16H",-0.0109543684651572,0.0576219433106623,0.0749618197772591
"TBC1D20",-0.0109575704559862,0.0575489507194267,0.0748837542416367
"DDX46",-0.010967960683159,0.0573126243249314,0.0746099107182572
"RBM25",-0.0109694509454571,0.0572787944828106,0.0745827066566649
"ICE1",-0.0109814326275934,0.0570074062066154,0.0742796456379464
"EXOC2",-0.0110175267504481,0.0561963220952685,0.0732890523571717
"PPP3CC",-0.0110179920152814,0.0561859300138494,0.0732890523571717
"SCARB2",-0.0110779936390898,0.0548590886203876,0.0716585196090091
"FBXO21",-0.0110959510305085,0.054467106227367,0.0711948779721726
"NAA35",-0.0111429139297654,0.0534530099418177,0.0698851753195335
"INSIG2",-0.0111460228297189,0.0533864378816619,0.069813965365883
"ANK3",-0.0111662259095504,0.0529555067110022,0.0692818528136002
"WASHC2A",-0.0111704807257947,0.0528651230782171,0.0691792976610116
"HNRNPAB",-0.0112138064584203,0.0519520873134461,0.0680617191132766
"PPP4R3A",-0.0112442471893411,0.0513185074347285,0.0672775249775129
"ANKRA2",-0.0112485036442054,0.051230433055215,0.0671773322940938
"SPNS3",-0.0112508764550067,0.0511813899152539,0.0671282864774321
"RNF138",-0.011269388698484,0.0508001121588377,0.0666585316996626
"WDR36",-0.0113381403262753,0.0494048674521532,0.0649311464440673
"TFAM",-0.0113393979546537,0.0493796476040275,0.0649127941035847
"INO80D",-0.0113749002236126,0.0486721463628346,0.0640265210023876
"ZNF148",-0.0113784226457301,0.048602416779421,0.0639493811469133
"SUSD6",-0.0113798868969295,0.0485734552728539,0.0639258595523843
"ZCCHC7",-0.0115062776354265,0.0461276063846315,0.0608581172282075
"MLXIP",-0.0115063933304241,0.046125415927713,0.0608581172282075
"MAP3K2",-0.0115195337433474,0.0458771973913936,0.060557060507248
"AKAP8",-0.0115293327126539,0.0456928309309478,0.0603551433758076
"IMPDH2",-0.0115638339521373,0.0450486547739342,0.0595315288912188
"ACSF3",-0.0115697619337196,0.0449387472986946,0.0593998981598836
"ASAH1",-0.0115844500865256,0.0446673961239962,0.0590547623675117
"C1GALT1",-0.0116299998033629,0.0438346772035229,0.0579804090442011
"RAF1",-0.0116352616540545,0.0437393324966314,0.0578675683661559
"SURF6",-0.0116358788790854,0.0437281598670525,0.0578660619443074
"EBP",-0.0116685076488393,0.0431409555309139,0.0571021093749783
"NOP58",-0.0117062920883244,0.0424693067318277,0.0562906209888417
"TOMM70",-0.0117133280921208,0.0423452178707037,0.0561390509104248
"PPP2R5E",-0.0117365061401103,0.0419386106182906,0.0556511659999268
"SAFB2",-0.011773450086318,0.0412973435972277,0.0548254559220102
"GPATCH4",-0.0117747167839888,0.0412755045338023,0.0548217030507687
"KIAA0100",-0.0118066103127206,0.0407288451377155,0.0541205644952086
"FLNA",-0.0118332480420905,0.0402769853232721,0.053532467010673
"HEATR1",-0.0118491070792327,0.0400099903594787,0.0531898603972139
"ANKRD13D",-0.0118493513202743,0.0400058902048976,0.0531898603972139
"KPNA4",-0.0118643231134276,0.0397552334881382,0.052887758137507
"HTT",-0.0118748454118244,0.0395798684009141,0.0526666130752357
"EIF2B4",-0.0118840883128086,0.039426367888438,0.052474466561879
"MAPK9",-0.011891320730446,0.0393066089690964,0.052327150028804
"A1BG",-0.0119007753433322,0.0391505194378856,0.0521434285446389
"PRRC2A",-0.011955683716915,0.0382543860344177,0.0509852193807457
"IPO8",-0.0119617424420726,0.0381565812056951,0.0509019208450713
"WRN",-0.0119965129255815,0.0375993900191497,0.0501702180102814
"PCBP2",-0.0120095505665034,0.0373922560941506,0.0499053785917534
"TAGAP",-0.0120127550587782,0.0373414940565152,0.0498491657925748
"LUZP1",-0.0120275435436928,0.0371079904286067,0.0495489189168268
"TM2D3",-0.0120462853332379,0.036813852920307,0.0491789413461688
"RBM6",-0.0121019042209756,0.0359526229281866,0.0480729831733949
"AGL",-0.0121296029295983,0.0355301695584354,0.0475742948324813
"CALCOCO1",-0.0121412199459109,0.0353542545017629,0.0473497412242607
"ATP9B",-0.0121626890903894,0.0350311054336713,0.0469605729976715
"THUMPD3",-0.012190560122872,0.0346153606517859,0.0464248336927557
"AC097376.3",-0.0122030608568427,0.0344302639014282,0.0462195837801528
"NGLY1",-0.0122033914852755,0.034425379829424,0.0462195837801528
"ODF2L",-0.0122042676934696,0.0344124392684737,0.046217172161455
"DDX10",-0.0122399215025847,0.0338893883484308,0.0455783821374534
"ATG13",-0.0122438420448522,0.0338322899153237,0.0455122033920391
"TMEM161B",-0.0122605297407408,0.0335901710715689,0.0452075884643496
"NUP54",-0.0122622290879706,0.033565598887779,0.0451850627417885
"PRPF4B",-0.0122634236159333,0.0335483354820967,0.0451723676687489
"FGD5-AS1",-0.0122764483166437,0.0333605938889494,0.0449405617747188
"CD46",-0.0122802393536634,0.0333061180238724,0.0448776594961851
"BIRC2",-0.0122972172586046,0.0330630842605107,0.0445814372060709
"PTK2B",-0.0123007327115511,0.0330129517038892,0.0445346649067436
"TMEM168",-0.01231694987004,0.0327825264367599,0.0442445190640754
"AP3B1",-0.0123226103729832,0.0327024227396056,0.0441467396861671
"TUT7",-0.0123250630915537,0.0326677655687435,0.0441102795680038
"ZMYM2",-0.0123361823637902,0.0325110433226275,0.0439089430542371
"PRPF38B",-0.0123929151334271,0.0317214030723674,0.0429027512941705
"RASAL3",-0.0123969519753062,0.0316658480364108,0.0428376602453627
"ITPR2",-0.012397016120084,0.0316649659495247,0.0428376602453627
"MED19",-0.0124070102194617,0.0315277892379294,0.0426809297030842
"TNKS2",-0.0124235107438491,0.0313024222561811,0.0424057009986837
"TRIM23",-0.0124550488363791,0.0308755133383621,0.0418568607010659
"CSPP1",-0.0124613741688178,0.0307904961724515,0.0417514205094117
"ZDHHC18",-0.0124796124200449,0.0305464848970506,0.041449783153245
"NRDE2",-0.0125088880858205,0.030158275705347,0.0409615581706867
"CEP290",-0.0125412226303845,0.0297344388470963,0.0404239766221604
"EHMT2",-0.0125671796547887,0.0293979132617055,0.0399853221179848
"BCL7C",-0.012613171997118,0.0288096778393964,0.0392315022667767
"MMP24OS",-0.0126240745376366,0.0286717311051077,0.0390621009409771
"ZFAND3",-0.0126557241015577,0.0282744958671676,0.0385664658623357
"RPL37",-0.0127084552824704,0.0276231939152845,0.037731634132981
"TCTN3",-0.0127245794076474,0.0274266398947495,0.0374809081215687
"PDIA4",-0.0127277363308468,0.0273882983788864,0.037445971514469
"PTAR1",-0.0127574175979302,0.0270300685402102,0.0369915532205487
"PPP6R3",-0.012785979311017,0.0266891766197356,0.0365423745408393
"ZNF44",-0.0127940719910687,0.0265932658587088,0.0364283525432717
"SENP5",-0.0128098233838441,0.0264074408897884,0.0361823976268495
"TRIM33",-0.0128205202031088,0.0262818871373103,0.0360189265971645
"ATF7IP",-0.0128743748314338,0.0256575759403453,0.0351800381474017
"RPA2",-0.0129052585954595,0.0253053746671288,0.0347136288547411
"LPIN1",-0.0129181410467623,0.0251597032179261,0.0345220101017797
"LAS1L",-0.0129613194162379,0.0246767344164531,0.0338752173635198
"NFKBIB",-0.0129625830635796,0.0246627217690102,0.0338642658194956
"LNPK",-0.013017795563913,0.0240571605272911,0.0330800297474696
"OSBP",-0.0130285641697007,0.0239405667055532,0.0329275574030349
"ADNP",-0.0130483916829049,0.0237271717232015,0.0326496299994519
"TMEM203",-0.013054456689513,0.023662227108606,0.0325680343043748
"ZMYM6",-0.013086015560228,0.0233267753954886,0.0321216603882002
"MED23",-0.0131105745450416,0.0230685919376846,0.0317737209707732
"AKR1B1",-0.0131114212877996,0.0230597347394496,0.0317691089924524
"KPNA1",-0.0131366205305219,0.0227974910073796,0.0314153239282099
"SON",-0.0131374805740239,0.0227885866092878,0.031410559028624
"FAM217B",-0.0131529793866229,0.0226286378722869,0.0311975507075014
"RAD54L2",-0.0131637809426545,0.0225177428400592,0.031059512786085
"KMT2A",-0.0132283837244753,0.021864304241281,0.0302015431280162
"SLC3A2",-0.0132304453642254,0.0218437258685917,0.030180346690026
"TES",-0.0132379633102221,0.0217688277812678,0.030091282314135
"KCNAB2",-0.0132527188156759,0.0216224745415445,0.0299033119139298
"CFAP97",-0.0132911023799217,0.0212457702402953,0.0293964388137675
"MAP3K12",-0.013307667086039,0.0210849746423022,0.0291809572263395
"ZCCHC17",-0.013372848342021,0.0204625026238813,0.0283534965477952
"RPAP2",-0.0133837924540817,0.0203595745280461,0.0282312253674542
"CHD4",-0.013386991680461,0.0203295716087552,0.0281964019883818
"PTPN1",-0.0133894501525594,0.0203065418303612,0.0281780141327462
"PCMTD1",-0.0134044022265738,0.0201669675466223,0.0279978097836714
"BPTF",-0.0134726745298452,0.0195402456501949,0.027166971230635
"BRWD1",-0.0134796814818902,0.0194768966193003,0.0270854262849059
"YWHAZ",-0.013499678030597,0.0192970957783478,0.0268418599502489
"PRR12",-0.0134999777091556,0.0192944122590898,0.0268418599502489
"SECISBP2",-0.0135490701301743,0.0188591852605021,0.0262644099003419
"UBB",-0.0135604373752967,0.0187596421707259,0.026138404541816
"MYSM1",-0.0135626814034535,0.0187400456004347,0.0261174100961109
"POLG",-0.0135706328085136,0.0186707519118003,0.0260271274535539
"ECD",-0.0135717395926361,0.0186611244722091,0.0260199963325024
"MLLT3",-0.0135906962324781,0.0184969017310139,0.0258097344018285
"ANKRD36C",-0.0136048647190648,0.0183749863338711,0.0256644577833458
"MOB1A",-0.013608782991928,0.0183413952159142,0.0256237466594422
"UBE3A",-0.0136441021424574,0.0180410243149637,0.025240802334885
"FAM76A",-0.013654368805708,0.0179545238097902,0.0251319754395777
"NR1H2",-0.0136634806436502,0.0178780576572097,0.0250310168752435
"CASP8",-0.0137110633523186,0.0174833630871892,0.0245081562770589
"EIF4A2",-0.013715569435637,0.0174463844951108,0.0244622658359601
"BIRC6",-0.0137206416004424,0.0174048424809579,0.024409952963931
"DCUN1D1",-0.0137352259927161,0.0172858763395289,0.0242490023960261
"ZPR1",-0.0137631781460228,0.0170598601090696,0.0239494189992707
"ATXN2",-0.0137946949423139,0.0168081344622306,0.0236190330028469
"ATAD2B",-0.0138228777674226,0.016585804701242,0.0233188967075295
"SKAP2",-0.0138306360207224,0.0165250562060099,0.0232552462518446
"NUDT4",-0.0138399415534624,0.0164524500697332,0.0231587209060658
"BEX2",-0.0138457536166037,0.0164072439201807,0.0231063676892997
"CCDC186",-0.0138676523508125,0.0162378944635952,0.0228790465114961
"RRP8",-0.013870529736338,0.0162157573451846,0.0228534390541739
"NR2C2",-0.0138897779229463,0.016068352670586,0.0226567701347848
"PTPRJ",-0.0139194212843468,0.0158436441820059,0.0223508551853297
"ZNF430",-0.0139233451732947,0.0158141076179271,0.0223201073501188
"DDIT4",-0.0139421699820508,0.0156730787548574,0.0221318915718077
"ADD1",-0.0139573426138449,0.0155602171545664,0.0219832857252289
"RNF11",-0.0139660292706416,0.015495923892856,0.0218978174687823
"SLC25A45",-0.0139913425710097,0.0153099017703496,0.0216455512404036
"TRA2A",-0.013995074862495,0.0152826408973604,0.0216123075171843
"MAT2A",-0.0140080426624949,0.0151882552303378,0.021484098090105
"BDP1",-0.0140155547003169,0.0151338142449398,0.0214123421861059
"ELK4",-0.0140221452073386,0.0150861933379368,0.0213502029398482
"ELP2",-0.0140654176489539,0.0147767856130179,0.0209277314907354
"ABHD14A",-0.0140716003182995,0.0147330378150466,0.0208708988158618
"BTN3A2",-0.0140719666882141,0.0147304490133678,0.0208708988158618
"TARSL2",-0.014079945767871,0.0146741674996675,0.0207977203171744
"SERINC1",-0.0140936073014835,0.0145782440230304,0.0206719285175353
"ZBTB11",-0.0141528679599866,0.0141685201384611,0.0201305384672345
"NUS1",-0.0141556024972408,0.0141498614448822,0.0201188981638649
"BICRAL",-0.0141864748999384,0.0139407077483242,0.0198361859325403
"UPP1",-0.0141882749685248,0.0139285973198836,0.0198238451983635
"CRKL",-0.0142004380325678,0.0138470102653181,0.0197125915082916
"MIA2",-0.0142006268728908,0.0138457469009549,0.0197125915082916
"PAFAH1B2",-0.0142150117703224,0.0137498088602202,0.0195887222571368
"DNAJB14",-0.0142520798133334,0.0135052891547803,0.0192498770527974
"PSMG3",-0.0142726593721923,0.0133712012425577,0.0190634654056441
"SMARCA2",-0.014302123094529,0.0131812761284188,0.0188112891444176
"PUM2",-0.0143206405233978,0.0130631357578755,0.0186519197612449
"POLR2A",-0.014327826235603,0.0130175440385325,0.0185914255745956
"CCNL2",-0.0143625685632837,0.0127990912427186,0.0183157218850517
"KARS",-0.0143758059873731,0.0127167143083152,0.0182023557746472
"USP9X",-0.014378652845588,0.0126990596458274,0.0181861129817448
"RALGAPA1",-0.0143884592299211,0.0126384117470825,0.0181037557241492
"VPS13D",-0.014403831425113,0.0125438578100338,0.0179727771404882
"LMBR1L",-0.0144644442865758,0.0121771053265705,0.0174820429221638
"AXIN1",-0.014485355489319,0.0120527996528272,0.0173122031376972
"ZNF644",-0.0144876113909593,0.0120394569928655,0.0173016567350749
"ATG14",-0.0145125278687172,0.0118929556291344,0.0170996447552277
"LAMP1",-0.0145546798854994,0.0116487107739846,0.016756825900117
"LINC00342",-0.014571977939016,0.0115497739697129,0.0166227967265621
"SZT2",-0.014588914385813,0.0114536285416788,0.0164885361457468
"IPO5",-0.0146069756285524,0.0113518811443603,0.0163461419624284
"SLC30A5",-0.0146177396058441,0.0112916249773878,0.0162674996863841
"MAP3K3",-0.0146594524936249,0.0110607924142995,0.0159429117353825
"PSMA3-AS1",-0.014668646705695,0.0110104804922184,0.0158743602496559
"PET117",-0.0147059117378351,0.0108086373600627,0.0155911484881144
"PCNX2",-0.0147205352115681,0.0107303334177366,0.0154859441491709
"SYNRG",-0.0147758016373952,0.0104389351560649,0.0150880548985028
"AC010642.2",-0.0148881688433808,0.00986808674477434,0.0142916263830019
"TNRC18",-0.014927379857939,0.00967553298971543,0.0140197986813289
"WDR82",-0.0149291998464949,0.00966667745461602,0.0140104872784043
"ZBTB40",-0.0149411298553879,0.00960880818408781,0.0139336175000338
"CCNT2",-0.0149434906695625,0.00959739318332123,0.0139205650121261
"LSM14A",-0.0149456693601092,0.00958686951475161,0.0139087991173767
"MAST3",-0.0149620558132033,0.00950804761408524,0.0138083380988239
"NOC2L",-0.0149834516280995,0.00940599988728249,0.0136704640498886
"ATE1",-0.0149904198379332,0.00937297641814221,0.0136293381249183
"MRPL55",-0.0149994216024352,0.00933046873152282,0.013570949098283
"NFX1",-0.0150510557054385,0.00908995092227226,0.0132244568538709
"NEDD1",-0.0150511257803941,0.00908962830114532,0.0132244568538709
"GNAI3",-0.0150786096464005,0.00896387959008394,0.0130509198677137
"FBRSL1",-0.0151685874276249,0.00856299596327182,0.0124830125682984
"KATNBL1",-0.0151763761309233,0.00852905990292631,0.0124398301619059
"MTMR9",-0.0152111125555993,0.00837916975954974,0.0122273967619745
"IP6K1",-0.0152292011751479,0.00830205275510457,0.0121179291922774
"MKLN1",-0.0152362944178547,0.00827198594666669,0.0120770994821334
"ZFYVE16",-0.0152590017689554,0.00817638818436542,0.0119435741284791
"TBC1D9B",-0.0153152415517135,0.00794386265939074,0.0116127391525238
"PEX1",-0.0153339423046282,0.00786786605391027,0.0115045597192953
"BCL2",-0.0153374401709791,0.00785372384701022,0.0114897071095149
"ANGEL2",-0.0153536696591439,0.00778840396285132,0.0114057200745971
"DMTF1",-0.0153615828458494,0.00775673210661937,0.011362223535401
"USP7",-0.0153657356289409,0.00774015716072601,0.0113408247830048
"PITHD1",-0.0153751678023777,0.00770262850360888,0.0112936125828324
"ZNF766",-0.0153885606918225,0.0076496211270133,0.0112195740181805
"CCDC130",-0.0153980052888816,0.00761243741913379,0.0111678775365415
"SNHG8",-0.0154080091261092,0.00757322873175726,0.0111160117322586
"CCPG1",-0.015414430161308,0.00754815784538219,0.0110820331706515
"DMXL1",-0.0154383819821816,0.00745529331242896,0.0109568492693114
"MVD",-0.0154568685373922,0.0073843203669257,0.0108636162132807
"PAIP2",-0.0154647160389843,0.00735437618875494,0.0108250861359239
"CCDC92",-0.0154660991296981,0.00734910995275986,0.0108200962720363
"C8orf33",-0.0154787520960263,0.00730108951440097,0.0107521407634194
"EDRF1",-0.0154970948035205,0.00723197525313036,0.0106530782336661
"AMD1",-0.0155104298317598,0.00718209882051315,0.0105850150518526
"GLO1",-0.0155200510670875,0.00714630489467417,0.0105349540714688
"XRRA1",-0.0155672090349754,0.0069731683835729,0.010284977511014
"POGZ",-0.0155692841996111,0.0069656368680494,0.0102764972673423
"BTN3A3",-0.0155970271017366,0.00686564733882379,0.0101367609326669
"C12orf29",-0.0156092593418172,0.0068219716163681,0.010077436042929
"SPEN",-0.0156183729630888,0.0067895935180089,0.0100347477750788
"LY75",-0.015621507108972,0.00677849074313462,0.0100209064638958
"PAPOLG",-0.0156302582558084,0.00674757595996347,0.00997776168233573
"GFM1",-0.0156340507140987,0.00673421791452459,0.0099605628912704
"TRAM1",-0.0156441142151146,0.00669888673143905,0.00991593423516658
"TAF7",-0.0156872310149494,0.00654939008508414,0.00970211472403807
"ARMC8",-0.0157006338913938,0.00650353412581316,0.00963913680379453
"DNAJC3",-0.0157023329383153,0.0064977417597575,0.00963798269766499
"NDUFAF8",-0.0157462767377491,0.0063495321563712,0.00942541877626582
"CNOT4",-0.0157720909645194,0.00626389351521834,0.00930068844033578
"TAF3",-0.0157759627778207,0.00625113884042637,0.00928653212074675
"DCTN4",-0.0157764675471182,0.00624947773398559,0.00928645660703296
"PARVG",-0.0158006333722197,0.00617041566638682,0.00917370124982026
"DNAJC9",-0.0158462829556359,0.00602351971559218,0.00896455179350197
"KLF10",-0.0158465932461299,0.00602253210359834,0.00896455179350197
"MED10",-0.0158888826967516,0.00588928753130629,0.00877383652623182
"TMED7",-0.015908232584167,0.00582921111110504,0.00868882410900563
"GLMN",-0.0159130497783578,0.00581434110963024,0.00866889999463227
"ARRDC2",-0.0159230197895235,0.00578367366637378,0.00862763736005628
"ARL2",-0.0159934956755119,0.00557101862403618,0.00831686885964708
"DANCR",-0.0160045430430421,0.00553833136677405,0.00827021154639718
"ZNF224",-0.016024004776518,0.0054811681970231,0.00818909248503425
"POLR2D",-0.0160363808184117,0.00544509472732085,0.00814152483600191
"BEX4",-0.0160937947643136,0.00528053302415705,0.00790161752732582
"BSDC1",-0.0160944838233263,0.00527858559903086,0.00790075347770853
"C1orf52",-0.0161212074527655,0.00520355765431907,0.00779654897179997
"RBM23",-0.016131340451215,0.00517536161491944,0.00775833387918908
"ADAM10",-0.0161464016824684,0.00513370734552782,0.00769989343606214
"ARCN1",-0.0162045429913792,0.00497573549333888,0.00747851618193519
"EID2",-0.0162202715785886,0.00493376259437609,0.00741808179501711
"XPO6",-0.0162355647535779,0.00489325893511579,0.00736030888857923
"REV1",-0.0162861781564684,0.0047613462578196,0.00716562731441693
"LINC01578",-0.0163286539621617,0.00465313545900437,0.00701009200420016
"PAPOLA",-0.0163330897228553,0.00464196435738804,0.00699508974367829
"ATP6V0C",-0.0163446386572136,0.00461299313389902,0.00695324919058955
"PLEKHM1",-0.0163558197911648,0.00458510065692785,0.0069130131996086
"RPL7L1",-0.0163798538019546,0.00452566172823572,0.00682875227282453
"RAB2B",-0.0163854535474219,0.00451191354878594,0.00680978943623358
"LEMD3",-0.0163874594983098,0.00450699786281987,0.00680415096201104
"HSD17B11",-0.0164309774724138,0.004401542218058,0.00665191141811858
"CAPN15",-0.0164479967970982,0.00436091184518602,0.00659223554683821
"PPP1R16B",-0.0164937384725341,0.00425339161897038,0.00643813896761212
"ATXN7",-0.0165223774572001,0.00418730258877828,0.00633976740075724
"UBE2W",-0.0165508263696225,0.0041225758105836,0.00624832975023275
"EIF4G1",-0.0165813019231553,0.00405424636739767,0.00614799863286415
"CBX7",-0.0165991699857308,0.0040146639007297,0.00608957567477859
"POP5",-0.0166294472593786,0.00394839192783399,0.00599062779474312
"MAPKAP1",-0.0166507926643905,0.00390226908727009,0.00592220679639121
"OTULINL",-0.0166911584305133,0.0038163827392615,0.00579796608464727
"SND1",-0.0167055918063575,0.0037860921024601,0.00575497974562135
"SNHG32",-0.0167120132455318,0.00377268609040247,0.00573611407417639
"PPP1R15B",-0.0167343097322156,0.00372647207080561,0.00566734294101686
"DUS1L",-0.0167556548677417,0.00368271263773253,0.0056081868977564
"HECTD1",-0.0167875777258768,0.00361813931853562,0.0055156778879183
"ATF6B",-0.0168493934830796,0.0034960180849972,0.00533656333938033
"RPS11",-0.0168763824513557,0.0034438855279841,0.00526255639636574
"ZNF480",-0.0169299040835841,0.00334258930313006,0.00511318634248038
"ZNF451",-0.0169392410216933,0.00332519853272114,0.00508793312236742
"MAGT1",-0.0169423084431779,0.00331950323018108,0.00508056664767895
"AC139887.2",-0.0169722697493244,0.00326433924053013,0.00500277555145821
"SREBF2",-0.0169732478609186,0.00326255252548194,0.00500136640469281
"PCNX4",-0.0169790312714524,0.00325200617312333,0.00498652475416173
"CDK5RAP1",-0.0169901225986543,0.00323186740995868,0.00495828128577592
"FBXL20",-0.016992076388329,0.00322833166574111,0.00495417475155109
"MCPH1",-0.017028698416092,0.0031627061816477,0.00485605073204533
"CDK12",-0.0170443255552669,0.00313507482132747,0.00481747308675607
"JARID2",-0.0170472313667835,0.003129961196781,0.00481089718065992
"PMS1",-0.0170675403766033,0.0030944333113702,0.00476136523657203
"SELENOM",-0.0170731923736382,0.00308461151629035,0.00474751924591578
"GAK",-0.0170774153689546,0.00307729154143094,0.00473751743711485
"RAP2C",-0.0170861991505635,0.00306211679070227,0.00471541456127637
"AQR",-0.0171573227716128,0.00294173530200712,0.00454338175861678
"NOL4L",-0.0171785772904718,0.00290660799023855,0.00449153490881718
"KIAA2026",-0.0171845433608366,0.00289681691826002,0.00447760470855148
"RNF4",-0.0172328822840554,0.00281858989925365,0.00436370683194519
"FAM199X",-0.017298328778177,0.00271575062296744,0.0042124082417034
"ANKZF1",-0.0173143060936017,0.00269117092125867,0.00417652925266382
"DYM",-0.0173153238951561,0.0026896120312173,0.00417523353540517
"WDR43",-0.0173227771615476,0.00267822154577213,0.00416203278212553
"FMR1",-0.0173252053551078,0.00267452017986609,0.00415740104509104
"DDX55",-0.0173407909037752,0.00265087376084726,0.00412175491474957
"DDX19A",-0.0173787925815134,0.00259401636235572,0.004037703741351
"ZNHIT6",-0.0173944757485762,0.00257087824816202,0.00400493107972727
"UBAC2",-0.0174325501101193,0.00251548846217134,0.00392076269225463
"HEXIM1",-0.0174604738782522,0.00247556177558493,0.00385957414430881
"CASC4",-0.0174763331113557,0.00245314451518601,0.00382669310767587
"MTSS1",-0.0174803503729364,0.00244749561929637,0.003818914295585
"ESCO1",-0.0174807223635401,0.0024469731451258,0.003818914295585
"GPATCH11",-0.017493966479983,0.00242843767957254,0.00379122904658767
"POGK",-0.0174995621053806,0.00242064514857536,0.00378008680526242
"USP47",-0.0175255539804926,0.00238474774149052,0.00372806728793056
"HPS4",-0.0175307404935613,0.00237764322934261,0.00371796868319383
"PATJ",-0.0175421849510447,0.00236203505198426,0.00369556596440402
"NUP210",-0.0175521144258606,0.00234856910145257,0.00367649240175813
"WAC",-0.0175651655885498,0.00233097655843668,0.00364994347339243
"VRK1",-0.0176248113628928,0.00225210178835156,0.00353027208845433
"AL499604.1",-0.0176299181201902,0.00224546362557319,0.00352082347163693
"TBC1D5",-0.017647009192261,0.00222337749680256,0.00348903891811166
"NISCH",-0.0176569503580967,0.00221062266218309,0.0034718575416149
"GLUL",-0.0176821905452019,0.00217853936846622,0.00342520080096638
"FASTKD2",-0.0176879507812993,0.00217127749463443,0.00341471429276159
"OXNAD1",-0.0177167704943657,0.00213527687432386,0.00336176405520768
"FEM1B",-0.0177832322688352,0.00205433191782883,0.00323786066414836
"SELENOS",-0.0177905214719151,0.00204562772671018,0.00322502326406167
"YTHDF3",-0.0177978619209805,0.00203689654587889,0.00321389394803927
"DBF4",-0.0178204347918016,0.00201026078289406,0.0031753420802383
"PPP1R14B",-0.0178945919476551,0.00192498994692062,0.00304482090616873
"ANAPC1",-0.017903417831742,0.00191506561504507,0.00302995429409188
"NFKBIA",-0.0179125158162706,0.00190488451530476,0.00301715709963267
"ATXN7L3B",-0.0179154798646973,0.00190157834699905,0.00301357579751128
"MED6",-0.0179810600302736,0.00182976357404586,0.00290215801196988
"C16orf72",-0.0179859222486747,0.00182453962537442,0.00289466850606171
"SF3B2",-0.0180602593751091,0.00174635992823288,0.00277598062461935
"MAPRE2",-0.0180786368897011,0.00172751326789191,0.00274677943643029
"LINC-PINT",-0.018094339853241,0.00171155781084057,0.00272216047852112
"FAM117A",-0.0181348276703667,0.0016710421345838,0.0026606570928064
"NFATC3",-0.0181837375750253,0.00162327590594029,0.00258889163428032
"RMND5A",-0.018194257862679,0.00161316723650214,0.00257348145308654
"AL365361.1",-0.0182011484992866,0.00160657764030674,0.00256367826553651
"DCTN6",-0.0182642467588395,0.00154737806002711,0.00247194716680785
"EAF1",-0.0182754250996955,0.00153710226841961,0.00245621190966359
"ZNF721",-0.0183045637820914,0.00151061097674461,0.00241588838127735
"KIZ",-0.0183609343853544,0.00146055200832301,0.00234037327924391
"PTGER4",-0.0183615716837108,0.00145999490921189,0.00234013080639938
"KAT6A",-0.0184330900354895,0.00139870620588424,0.00224314201594394
"SEC23A",-0.0184418602549196,0.00139135597705374,0.00223322357329962
"C5orf56",-0.0184465246591795,0.00138746131341125,0.00222820645904837
"ZSWIM7",-0.0184681720853455,0.00136951749197842,0.00220061503935345
"PPM1B",-0.0184727279677949,0.0013657684318522,0.00219520249344806
"TTC14",-0.0184802430354619,0.00135960492171407,0.00218651466355968
"LRPPRC",-0.0185129315018089,0.00133309271404324,0.00214627182632255
"EHD1",-0.0185599075810293,0.00129582695908333,0.00208685676432103
"PUM3",-0.0185688681992752,0.00128882869275875,0.00207643197227744
"DPP8",-0.0185962408421607,0.0012676660534726,0.00204435965614555
"CDC73",-0.0186086234841613,0.00125819843029101,0.00203022673404819
"CNNM3",-0.0186397803052431,0.00123466432936385,0.00199280973619965
"DCP1A",-0.0186783183321341,0.00120611735416553,0.00194891532123076
"TNKS",-0.0186955901320342,0.00119352221662006,0.00192910387422867
"TMEM138",-0.0187149747757986,0.00117953110482446,0.00190702435702907
"SIRT2",-0.0187399295344364,0.00116174279348217,0.00188037347460333
"PTOV1",-0.0187404181784411,0.00116139696491,0.00188034146452441
"CDK11A",-0.0187481927646024,0.00115590743113343,0.00187303123218503
"NKAP",-0.0187584952822781,0.00114866989844086,0.00186182667349871
"DHX36",-0.0187987486400259,0.0011207915292198,0.00181817292517879
"SEMA4D",-0.0188104104169792,0.00111283255092535,0.00180627788381269
"ARRB2",-0.0188107220979351,0.00111262055236009,0.00180627788381269
"RBM27",-0.0188270018962429,0.00110159916151547,0.00178955559562245
"RBM15B",-0.0188281993298769,0.00110079250045276,0.00178874904201495
"NOP14",-0.0188437566037135,0.00109036174323643,0.00177329841321052
"SLFN13",-0.0188854886247382,0.00106283125579661,0.0017294999582898
"SCAF4",-0.018928734357345,0.00103498173745988,0.00168513260302969
"UBN1",-0.0189318609422379,0.00103299467755027,0.00168284754390747
"PICALM",-0.0189370352781298,0.00102971395048525,0.00167845120193567
"DDX18",-0.0189387246120125,0.00102864493777558,0.0016771827413491
"TLN1",-0.0189433671638713,0.00102571241211122,0.00167382101885834
"CYTIP",-0.0189533793220661,0.00101941442413758,0.0016644855560593
"UBR3",-0.0189615559616452,0.00101429760986959,0.00165659991960293
"KIF3A",-0.0189701186428832,0.00100896470614601,0.00164882387654974
"KDM1A",-0.0189718460695624,0.00100789200253374,0.00164753774903971
"POU2F1",-0.0189861258890963,0.00099906481772627,0.00163403482808491
"FBXO42",-0.0189948409240557,0.000993712773052397,0.001625742287147
"SART3",-0.0190052090225805,0.000987380132052295,0.00161629895587442
"DDHD2",-0.0190447120420917,0.000963593245397131,0.00157825681516764
"GGNBP2",-0.0190541675236499,0.000957978861210735,0.00156950684448929
"CREBRF",-0.0191424849711068,0.000906982482755652,0.00148764732026503
"RANBP6",-0.0191588540896858,0.000897811518826561,0.00147302390585285
"TMEM41B",-0.0191692761928691,0.000892017291334011,0.00146393389844145
"GPCPD1",-0.0191709468765791,0.000891091695091497,0.00146283114306651
"TUBGCP3",-0.0191752454825588,0.000888714261419809,0.00145975936929879
"SAMD4B",-0.0191863751956309,0.000882586032950109,0.00145051970704568
"ERLEC1",-0.0192124085392855,0.000868404244825648,0.00142761895094342
"PREPL",-0.0192130199369101,0.000868073736604061,0.00142748253179231
"ZNF24",-0.0192229281817605,0.000862733789571536,0.00141910603663977
"YRDC",-0.0192504953567412,0.000848036578610121,0.00139614765251397
"PPIH",-0.0193359486924551,0.000803940290248502,0.00132466390110375
"ZNF431",-0.019358374579754,0.000792725621496819,0.00130693214956322
"AGO1",-0.0194134082382056,0.000765816975273192,0.0012640144523184
"CPSF7",-0.0194665293772915,0.000740650002276986,0.00122352579866267
"SBK1",-0.0194743035565285,0.000737031966537774,0.00121789780831614
"PHRF1",-0.0195672750471582,0.000695017184901394,0.00115110973731371
"SMARCC2",-0.0195719453901558,0.000692966492370402,0.00114804302255102
"TMEM107",-0.0195770217605726,0.000690743896707268,0.00114468967020426
"DHX9",-0.019642673732841,0.000662590010548866,0.00110024664291256
"PURA",-0.0196591117450407,0.00065570978466989,0.0010894492446532
"UBTF",-0.0196748053084635,0.000649203194401603,0.00107941366066207
"RLF",-0.0196772923876149,0.000648177573951342,0.00107848819070323
"BLOC1S4",-0.0196941985314053,0.000641245662932145,0.00106757036320141
"SP3",-0.0196989209541467,0.000639321716352866,0.00106467465729338
"NFATC2",-0.0197063091567182,0.000636322481049903,0.00105998606245372
"TTC19",-0.0197104530250183,0.000634646014859403,0.0010574988638238
"ZNF75A",-0.0197148095269797,0.000632887955182439,0.00105487423050206
"LRRC75A",-0.0197245350735717,0.000628979558326673,0.00104926963056694
"HNRNPC",-0.0197740716374962,0.000609418436991645,0.00101811011765087
"MFSD10",-0.0197807591410562,0.000606821461138535,0.00101406530466124
"MAP3K4",-0.0198164673099762,0.000593128258297259,0.000992332656106844
"FOXK1",-0.0198273350587929,0.000589018179274176,0.000986028400544028
"HPS3",-0.0198512524582768,0.000580066047094753,0.000971606416960627
"ZNF7",-0.0198535196720046,0.000579224048986439,0.000970759979803776
"VCPIP1",-0.0198675078249628,0.000574054243741535,0.000962375239435301
"CEBPZOS",-0.0199000668324478,0.000562186862747759,0.000943577310089151
"ZFP90",-0.0199985319594235,0.000527673172978669,0.000887457331165933
"CWF19L1",-0.020121524290254,0.000487335100844394,0.000821532162107459
"SNIP1",-0.0201296959889404,0.000484759590968765,0.000817429403835342
"SDR39U1",-0.020141537584061,0.000481049941494494,0.000811411235039119
"UNKL",-0.0201624448246407,0.000474564837235176,0.000800706675346769
"TRPM7",-0.0201674658612175,0.000473019579790526,0.00079833301628679
"TSPYL1",-0.0201756752496651,0.000470503192319023,0.000794318474854745
"DOCK9",-0.0202526609547971,0.000447505296244252,0.000756822006874076
"KRR1",-0.0203077425505652,0.000431699369808436,0.000731592790386497
"PGP",-0.0203096790559254,0.000431153280890693,0.000730882119605122
"EEA1",-0.0203464631802258,0.000420901951236795,0.000713714070209526
"GABPB1-IT1",-0.0203771060450342,0.000412536372256882,0.000699940352693568
"NHLRC3",-0.0204205419273697,0.000400944047314163,0.000680672452417067
"BAZ2A",-0.0204305423120753,0.000398318556083892,0.0006764143442096
"LATS1",-0.0204535933882411,0.000392327806230768,0.000666633605931891
"CAST",-0.0205153568650728,0.000376688473949516,0.000641382470997006
"MAP2K7",-0.0205258203775382,0.000374097407894835,0.000637158816104405
"COA1",-0.0205439439273577,0.000369648875765926,0.000629954215881235
"SENP2",-0.0205762838665844,0.000361833466800583,0.000616999882625358
"LYSMD3",-0.0206034281252115,0.000355393213439677,0.000606376527191307
"KDM5A",-0.0206156454223663,0.000352529656484454,0.000601846811410849
"CHMP1B",-0.0206239291244134,0.00035060036819488,0.000598730329694957
"ZNF655",-0.020645588418904,0.000345602445379975,0.000590544978520389
"DDX42",-0.0206570724791406,0.000342979589638359,0.000586236897879199
"BET1L",-0.0206628084576038,0.000341676527856358,0.000584356030886008
"RCC2",-0.0206818727148991,0.000337378834865532,0.000577348290999858
"ARID1A",-0.0206927495008705,0.000334949572054713,0.00057343755346203
"G2E3",-0.0207059063480883,0.000332032943765223,0.000568706262754392
"P4HB",-0.0208016475488559,0.000311513788849778,0.000534991072155054
"CCNK",-0.0208162178344199,0.0003084972226589,0.000529968270203716
"USP25",-0.0208287322476356,0.000305928150507812,0.000525711455297543
"SSR4",-0.0208503846897539,0.000301530397733712,0.000518463268852212
"DPP9",-0.0208579448038753,0.000300008883537514,0.000516154901957293
"MOAP1",-0.0208696436381734,0.000297668593991417,0.000512281343344823
"GADD45B",-0.0208915257550109,0.000293337024754728,0.000505128283595257
"PDXDC1",-0.0209052175506056,0.00029065683427716,0.000500812059538805
"FRAT2",-0.0209373015111323,0.000284465939395786,0.000490437988787891
"NUP160",-0.0209807473534612,0.00027627941391474,0.000476894157451753
"POLR2M",-0.0210092890709237,0.000271022010910932,0.000467959262551899
"MT-ND5",-0.0210296392604876,0.000267330914847105,0.000462139504173638
"HMGN3",-0.0210620215759333,0.000261554448548352,0.00045283233406735
"RPL22L1",-0.0210704302401615,0.000260073736560396,0.000450539272677622
"PPP6R1",-0.0210751114065044,0.000259252822333623,0.000449252111297477
"WDFY2",-0.0210908890797191,0.000256503824124943,0.000444755728721752
"LETM1",-0.0210939614071794,0.000255971711312371,0.000443966574176976
"DNM1L",-0.021110219056407,0.000253173150468259,0.000439244752933348
"IQGAP1",-0.0211242952375501,0.00025077330512103,0.000435343061599332
"TCF3",-0.0211392100754512,0.000248253765982103,0.000431098906479611
"TRIM4",-0.0211399356716897,0.000248131799880488,0.000431016894551437
"NUP153",-0.0211824326039107,0.00024108569655224,0.000419282633298181
"C11orf1",-0.0212056464786703,0.000237316486008316,0.00041310116957741
"WDR60",-0.0212381351864299,0.000232134090527389,0.000404324161906207
"OSER1",-0.021290607296861,0.000223987763794057,0.000390488946130692
"NOM1",-0.0213066719421684,0.000221547873694344,0.000386352158329387
"ATG12",-0.0213155554415752,0.000220209387693221,0.000384134161774593
"PRKAG2",-0.0213306507577786,0.000217952355815799,0.000380312022992348
"PPP1R10",-0.0213611472980699,0.000213458654745299,0.000373035170277618
"HLA-B",-0.0214222521639431,0.000204715326967896,0.000358407192053387
"SP4",-0.0214704466906071,0.000198057793219878,0.00034685675478258
"SNHG3",-0.0215505212382713,0.000187444201310977,0.000328968566330007
"GFPT1",-0.021607829661957,0.000180178941764049,0.000316506840436574
"C1orf56",-0.0216156595245704,0.00017920712295351,0.00031489563621965
"RNPS1",-0.0216178149300636,0.000178940466881574,0.000314522911461761
"RPL7",-0.0216564831235856,0.000174219553303959,0.000306318342653637
"NPAT",-0.0217831592217197,0.000159561288303581,0.000281059850228086
"GNA13",-0.0217852092676794,0.000159333901141616,0.000280745068097677
"KMT2D",-0.0217926360242362,0.000158512690289914,0.000279383461155847
"OSBPL9",-0.0217998836422649,0.000157715128967009,0.000278062717441988
"SVIP",-0.0218140437047781,0.000156167775213912,0.000275418825583679
"SIRT1",-0.0218349428139621,0.000153910090743701,0.000271686407505028
"CIZ1",-0.0218885893523136,0.000148254604064837,0.000262184698448915
"CGRRF1",-0.0218931512431489,0.000147782819868036,0.000261430528275755
"ZNF609",-0.0219174324568774,0.000145295385080456,0.000257109078170908
"URI1",-0.0219604160608271,0.000140988418938503,0.000249870993244729
"COIL",-0.0219610326305131,0.00014092752240189,0.00024983984681577
"NUP107",-0.0220079977787303,0.000136361055565264,0.000241893019823093
"RB1CC1",-0.0220341819256594,0.000133876036769805,0.000237777364968114
"PHC3",-0.0221164845448366,0.000126340013365471,0.000224877425024282
"OTUD6B-AS1",-0.0221325191571662,0.000124919131903451,0.000222416990950048
"SLC35A3",-0.0221540845289002,0.000123031890822945,0.000219192126776622
"SETD2",-0.0221672221563531,0.000121895391985885,0.000217234464024288
"REXO1",-0.0222016472140744,0.000118964141615103,0.000212272959373236
"SMU1",-0.0222098782067842,0.000118273195337773,0.000211170748456017
"SRSF6",-0.0222198548932224,0.000117440780463063,0.00020974945213084
"PLAAT4",-0.0222222154328212,0.000117244636261582,0.000209464007844035
"NAE1",-0.0222235671297502,0.000117132458906842,0.000209328444535406
"TP53I13",-0.0222685053089638,0.000113460138408871,0.000202954286043412
"CREBZF",-0.0222703276469049,0.000113313533859156,0.000202754933219283
"FAM49B",-0.0222962362141632,0.000111248457803514,0.000199183438731097
"MBD4",-0.0223256321791299,0.000108948418013355,0.000195247211523622
"MMGT1",-0.0223282858726431,0.000108743006743793,0.000194939670466725
"UTP23",-0.0223578660058665,0.00010647793265262,0.000190997896612024
"CRCP",-0.0223848836775959,0.000104448043948173,0.000187415018496923
"LSG1",-0.022408530659815,0.000102701423490827,0.000184510625941308
"DENND6A",-0.022460764806484,9.89404961316596e-05,0.000177864663712993
"AKT2",-0.0224615943920138,9.88818272362288e-05,0.000177814623533312
"CDKN2D",-0.0224666589105493,9.85243724076977e-05,0.000177227091601744
"RELA",-0.0224714780989694,9.81853659864624e-05,0.000176727529851413
"ARFGEF2",-0.0224783441531316,9.77042742013383e-05,0.000175916499943527
"RBM33",-0.0224879497084098,9.70349640075468e-05,0.000174820567769923
"TAF15",-0.022505407196356,9.5829604071869e-05,0.000172756901119871
"TNFRSF1A",-0.0225684104945953,9.1596054402445e-05,0.000165486981747776
"SUCO",-0.0226021566056267,8.94017349028951e-05,0.000161674445025085
"DNAJB9",-0.0226436840715636,8.67695684933173e-05,0.00015696364538926
"BRIX1",-0.0226457874747339,8.66382145924833e-05,0.000156775206637857
"ZZEF1",-0.0226838367969513,8.42942939720121e-05,0.000152725477014324
"CIAO1",-0.0227153781437545,8.2396834231904e-05,0.000149475477513492
"FOXP1",-0.0227255233033551,8.17951528051557e-05,0.000148430662752465
"PPM1A",-0.0227378675071672,8.10686519921406e-05,0.000147204948374898
"CCDC12",-0.0227942474288014,7.78273485039421e-05,0.000141408418028429
"SH3BP2",-0.0228041632723285,7.72701055755593e-05,0.000140440182431217
"ZNF160",-0.0229314848110668,7.04420419647269e-05,0.00012829733839043
"TAOK3",-0.0229684954482592,6.85668857470901e-05,0.000125015880525915
"CDS2",-0.0229750146677758,6.82415185925767e-05,0.000124461998014987
"NCOA1",-0.0230184766401705,6.61094254966254e-05,0.000120726110462014
"RNF38",-0.0230874197963154,6.2856136608159e-05,0.000114857838979484
"TBL1X",-0.0231470262336226,6.01661499952375e-05,0.000110116847674559
"CST3",-0.0233350251405042,5.23781832270915e-05,9.64755613767604e-05
"FOXJ3",-0.0233392584910568,5.22143333503505e-05,9.62044921506298e-05
"USP33",-0.0233863036230426,5.04258637488694e-05,9.29983870290151e-05
"STAT3",-0.023397635300308,5.0003838758325e-05,9.22495643375753e-05
"ZNF639",-0.023402718703948,4.98156075787252e-05,9.19611424156557e-05
"R3HDM2",-0.0234354406895933,4.8619940701364e-05,8.98114023141468e-05
"CASD1",-0.0234556366836792,4.78956072715732e-05,8.85017517254607e-05
"SPAG9",-0.0235009968064555,4.63058726751097e-05,8.57015300761739e-05
"AGK",-0.0235465811664188,4.47587692123549e-05,8.29713346344104e-05
"ZNF770",-0.02358296576953,4.355921205293e-05,8.07996062750876e-05
"PIK3C2A",-0.0236002996787247,4.29985181829299e-05,7.98108961573726e-05
"PRDX6",-0.0236305515813504,4.20363351604894e-05,7.81003688371592e-05
"CNOT2",-0.0236604298970744,4.11061089035686e-05,7.64213185193037e-05
"NIPBL",-0.0237399490932368,3.87246037336439e-05,7.21333300167714e-05
"DDX3X",-0.0237451907347615,3.85723136367493e-05,7.18960997876965e-05
"PNISR",-0.0237515611968711,3.83879921201485e-05,7.15756710497564e-05
"ARPC5L",-0.0237778775490679,3.76353836943943e-05,7.02178122826178e-05
"ZNF493",-0.0238188483012511,3.64914955689815e-05,6.81056488499405e-05
"GNL3",-0.0238244704666806,3.6337126813882e-05,6.78394983281507e-05
"ARRDC3",-0.0238973444669779,3.43914886821214e-05,6.42903452932882e-05
"SQSTM1",-0.0239534799287554,3.29606431005135e-05,6.16755446984625e-05
"CDKN2AIP",-0.0239755589583462,3.24135134246719e-05,6.06911467272997e-05
"NUDT3",-0.0240289404595596,3.1126118753765e-05,5.83184947540489e-05
"NUP214",-0.0240530992850287,3.05595906770192e-05,5.7294265095699e-05
"MYO9B",-0.024096560617752,2.95650005061322e-05,5.55198169713006e-05
"ARHGAP12",-0.0241242194623205,2.89481451093716e-05,5.4432328935685e-05
"VPS53",-0.0241327846821941,2.8759615301207e-05,5.40954668760799e-05
"ZFAND5",-0.0241639510408641,2.80834124404405e-05,5.28752985778715e-05
"UBE2S",-0.0242451958626352,2.63910155576146e-05,4.98352936217299e-05
"MIA3",-0.0242772629688924,2.57501058560079e-05,4.86971075601476e-05
"SPECC1L",-0.024365517989131,2.40617479033034e-05,4.56010845081665e-05
"HIST1H1D",-0.0243794672245592,2.38047275715368e-05,4.51288178517595e-05
"CCDC88C",-0.0244756687300617,2.21020091867237e-05,4.19698014421586e-05
"VEZF1",-0.0244927891430483,2.18114016804188e-05,4.14316052341815e-05
"NGDN",-0.0245075379621021,2.15639699786349e-05,4.0988600813048e-05
"LCORL",-0.0245372074790921,2.10742930821759e-05,4.01107089785176e-05
"NXF1",-0.0245845192301007,2.03152756975254e-05,3.86916099562844e-05
"RREB1",-0.0245908002253571,2.0216489564737e-05,3.85161860983938e-05
"XPO4",-0.0246114759236402,1.98945274849875e-05,3.79403902135988e-05
"AKAP13",-0.0246894950533491,1.87230396390405e-05,3.57772596415993e-05
"PTPRA",-0.0246995322897788,1.85771862652617e-05,3.55106073061908e-05
"ZNF254",-0.0247017183762477,1.85455635871598e-05,3.54733881284081e-05
"THOC1",-0.0247576980820624,1.77530442654197e-05,3.40025925867404e-05
"SURF4",-0.0247777986077483,1.74764309276539e-05,3.350617591748e-05
"UCHL5",-0.0247914188954351,1.72913346874059e-05,3.31733623227778e-05
"CAPN7",-0.0247984931356024,1.71959361109199e-05,3.30013189855823e-05
"FAM168B",-0.0248089667159552,1.7055616662329e-05,3.27429231996176e-05
"TAF1",-0.0248192373335335,1.69190764245066e-05,3.25024362891838e-05
"UHMK1",-0.024823652176637,1.68607050299097e-05,3.24227028701199e-05
"AVL9",-0.0248354050690069,1.67062467064409e-05,3.21363991848047e-05
"KDM2B",-0.0248643935780267,1.63310191235627e-05,3.14250875160447e-05
"GABPB2",-0.0248941558706052,1.59541397554811e-05,3.07306359284769e-05
"POLE3",-0.0248966520474982,1.59229103568857e-05,3.06807297120481e-05
"KLF9",-0.0248971710948988,1.59164239329411e-05,3.06784815579115e-05
"ZNF350",-0.0249140720355512,1.57065874251671e-05,3.02942774852637e-05
"EEF1D",-0.0249455301434899,1.53230165250109e-05,2.95940510046007e-05
"SLA2",-0.0249829434974091,1.4878455918816e-05,2.87450771470056e-05
"CEP120",-0.0249900174638361,1.47957944219451e-05,2.85949552383906e-05
"COX19",-0.0250042761349167,1.46305063650387e-05,2.82849916886283e-05
"SEC22B",-0.0250287784776124,1.43505771687271e-05,2.77531115130949e-05
"B4GALT5",-0.0250638801833104,1.39584398524795e-05,2.70375774829586e-05
"DHX40",-0.0250706888006994,1.38835705058807e-05,2.69040830334052e-05
"ATF7IP2",-0.0250759757503856,1.38256981537264e-05,2.68009415974924e-05
"EPC2",-0.0250859846122344,1.37167680054175e-05,2.65987226251657e-05
"MBD5",-0.0251210028691468,1.33420578257731e-05,2.58982320704252e-05
"CSNK1G2",-0.0251455768698639,1.30849578384042e-05,2.54077278969956e-05
"CARD11",-0.0251533360873812,1.30047653503638e-05,2.52768588878657e-05
"ETF1",-0.0251796099804953,1.27366889038905e-05,2.47648297062496e-05
"ZNF43",-0.0253658724656911,1.0981938829241e-05,2.14179375137751e-05
"FAR1",-0.0253788251956394,1.086891049738e-05,2.12190273657382e-05
"ENOSF1",-0.0253922834213919,1.07526480286632e-05,2.09991605761261e-05
"RP9",-0.02540496954746,1.06441434521468e-05,2.08013470987904e-05
"CACUL1",-0.0254496952796665,1.0269883705334e-05,2.00903729066015e-05
"RAB22A",-0.0254722273683571,1.00861310221501e-05,1.97443033281532e-05
"C16orf91",-0.0255177359859034,9.72453126017866e-06,1.90429106205264e-05
"PRRC2C",-0.0255778332448129,9.26595117076468e-06,1.81572342513761e-05
"SEC61A1",-0.0256954362818664,8.42764311324326e-06,1.6576472658279e-05
"UBA52",-0.0257526899386875,8.04624784621832e-06,1.58479205359088e-05
"MXD1",-0.0257546683918982,8.03336789036302e-06,1.58279578488977e-05
"TWISTNB",-0.0257651311559441,7.96558114716768e-06,1.56997629787136e-05
"SNHG29",-0.0257810678714552,7.86337917394211e-06,1.55036265627775e-05
"TMF1",-0.0258518715518401,7.4242794590584e-06,1.46679752108221e-05
"ZC3H18",-0.0258827420049426,7.24026133015492e-06,1.43191313755156e-05
"EPB41",-0.0258859630566304,7.22131398885103e-06,1.42865584129344e-05
"PCM1",-0.0259171138874505,7.04050425635036e-06,1.39431964444961e-05
"RAPGEF1",-0.0259253279885418,6.9935531447365e-06,1.38549711390228e-05
"SIDT1",-0.0259316254639472,6.95776025813883e-06,1.37887984222291e-05
"RNF169",-0.0259713017742486,6.73624968761335e-06,1.33677444513516e-05
"MPHOSPH9",-0.0259760707727422,6.71008333431791e-06,1.33208435762518e-05
"TASOR2",-0.0260497811192231,6.31781083572152e-06,1.25550706718146e-05
"NAA50",-0.026072898739644,6.19937119437449e-06,1.23324503890851e-05
"DYNLT1",-0.026137546867208,5.87932839927823e-06,1.17159940838416e-05
"TSC22D2",-0.0261426405336856,5.8547955262106e-06,1.16751748961468e-05
"MEX3C",-0.0262174778895098,5.50545507786774e-06,1.10013719452749e-05
"KDM4C",-0.0262660326138742,5.28957162279357e-06,1.05956788984545e-05
"RBM3",-0.026280908454528,5.22506915020402e-06,1.04701090303081e-05
"RALGAPA2",-0.0264602063579785,4.50452912015741e-06,9.07673635078539e-06
"ARL14EP",-0.0264967343505089,4.36989543325653e-06,8.81777010622478e-06
"NAIP",-0.0265083232493321,4.32799312543106e-06,8.74852308249594e-06
"ERBIN",-0.026551626449506,4.17480145214972e-06,8.45071252177868e-06
"TRIM52",-0.0265549155764888,4.16338044703485e-06,8.43055303302317e-06
"EIF4G3",-0.02655856319701,4.15074963928776e-06,8.40792875650597e-06
"MATR3.1",-0.0265960019177287,4.02321338123208e-06,8.1524496027988e-06
"WWC3",-0.0266126103066028,3.96784676152335e-06,8.04308340024786e-06
"ARHGEF9",-0.0266237252054084,3.93120221891475e-06,7.97160449946602e-06
"IKZF1",-0.0266300749279375,3.9104137242253e-06,7.93223916553195e-06
"DTD1",-0.0266416162419852,3.87289786685531e-06,7.85890288464272e-06
"ZNF800",-0.0266686928847736,3.78623257845745e-06,7.69116001407683e-06
"BRD3",-0.0267334535056115,3.58642625168592e-06,7.29556267847361e-06
"CD2AP",-0.0267467492934152,3.54667462480625e-06,7.21724508160115e-06
"POM121C",-0.026769522596556,3.47956672891871e-06,7.08318437192877e-06
"RASSF5",-0.0268096860567263,3.36417010695022e-06,6.85796005895438e-06
"SAT2",-0.0268408746897254,3.27710039474621e-06,6.68282813879116e-06
"ZBTB20",-0.0268775813525981,3.17739349534288e-06,6.48408644290248e-06
"INTS6",-0.0268954206224624,3.12999343471912e-06,6.39188106870579e-06
"TTC21B",-0.0269990630172648,2.86774344437207e-06,5.87296748710715e-06
"SPRTN",-0.0270012420312354,2.86246280525842e-06,5.86423552324167e-06
"PPP3R1",-0.027025170553192,2.80508460459018e-06,5.75281753722317e-06
"CYFIP2",-0.0270302154189996,2.7931291858067e-06,5.73033654021602e-06
"ERCC5",-0.0270500233034318,2.74665922331425e-06,5.63901165569715e-06
"ZFAND2A",-0.0270670170654937,2.70738338830949e-06,5.56035612549175e-06
"PHACTR4",-0.0270758214759345,2.68724723190797e-06,5.52096714870441e-06
"PNPLA8",-0.0271011035412778,2.63022152885003e-06,5.40958900031318e-06
"FBXW4",-0.027121498114188,2.58506806477108e-06,5.32241611193674e-06
"GATAD1",-0.0271501823916954,2.52281845986007e-06,5.20167824741259e-06
"GTPBP1",-0.0271583676703892,2.50532058726074e-06,5.16744772057679e-06
"TRIM52-AS1",-0.0271638172258446,2.49373559887398e-06,5.1453929154584e-06
"ATXN1L",-0.0271707650053356,2.47904015301618e-06,5.11690213401729e-06
"JAZF1",-0.0272158684274609,2.38564266329068e-06,4.93472067403062e-06
"ZNF26",-0.0272202723750056,2.37670644662674e-06,4.91800002787816e-06
"ANKRD11",-0.0273211009599345,2.18068635929936e-06,4.51887108662572e-06
"MARCH9",-0.0273599205901586,2.1094372127854e-06,4.37437051640898e-06
"WDR74",-0.0273604233562368,2.10852927290643e-06,4.37406054563e-06
"DENND4B",-0.0273674057367429,2.09595860263205e-06,4.35111348501765e-06
"CNOT1",-0.0273877018450678,2.05982604127732e-06,4.28072676758426e-06
"UTP3",-0.0273923421065955,2.05164955056848e-06,4.26527143407657e-06
"KPNA5",-0.0274141101322809,2.01370699079766e-06,4.18790054667512e-06
"ZNF428",-0.0274221614138595,1.99984476687367e-06,4.16207317595108e-06
"FNBP4",-0.0274498250674638,1.95291026834369e-06,4.07026870890425e-06
"AC245407.2",-0.0274696172299035,1.91998193279358e-06,4.0074324308435e-06
"GNL1",-0.0275851199008835,1.73820305898899e-06,3.63855427992359e-06
"AC114760.2",-0.0275887448674707,1.73277467343738e-06,3.6285081850811e-06
"CCDC84",-0.0276688339110295,1.61691528624729e-06,3.39081834755932e-06
"SDE2",-0.0276768316682164,1.60576328263289e-06,3.36865654817893e-06
"TENT2",-0.0277002072062748,1.5735908571802e-06,3.3059739429356e-06
"TMED10",-0.0277127261529955,1.55661638714492e-06,3.27269657479575e-06
"ADIPOR2",-0.027826277361096,1.41048307711467e-06,2.96870653493441e-06
"PTMA",-0.027833362898791,1.40181573756851e-06,2.95154120429266e-06
"RC3H1",-0.0278475743104222,1.38458583649604e-06,2.91632816620624e-06
"FBXO32",-0.0278814549635513,1.34432656458173e-06,2.83256532624874e-06
"ZNF32",-0.0279199675851087,1.29993031095949e-06,2.74302894376266e-06
"DDB1",-0.0279626629694623,1.25236079294476e-06,2.64652425537282e-06
"IREB2",-0.0280020005598097,1.21001791088724e-06,2.55985814089754e-06
"ZNF92",-0.0280296643536516,1.1810691431417e-06,2.49953238476998e-06
"LCP1",-0.0280863416666803,1.12382602651155e-06,2.38188338658292e-06
"SNHG6",-0.0281003701868051,1.11007511300264e-06,2.3553359737624e-06
"RCN2",-0.0281059814641074,1.10462033101151e-06,2.34462475117534e-06
"ADPGK",-0.0281194000287471,1.09168039135466e-06,2.31801208282118e-06
"CLASP1",-0.0281375174599373,1.07444043038693e-06,2.2822460265346e-06
"TOB1",-0.0281551221633995,1.05793953556643e-06,2.24802406102121e-06
"APPL1",-0.0281574347528384,1.05579015280953e-06,2.24428374907945e-06
"NUB1",-0.0281971756371603,1.01950401162755e-06,2.16874940429955e-06
"RPL38",-0.0282140556518665,1.0044573173666e-06,2.13831869666046e-06
"XPA",-0.0282504072334617,9.72776253522437e-07,2.07317097341607e-06
"NUP98",-0.0283127167999949,9.20696808803455e-07,1.96508456564379e-06
"CLK4",-0.0283412308579732,8.97769523135179e-07,1.91970220241772e-06
"WASHC2C",-0.0283722684235926,8.73438159721636e-07,1.86836716139268e-06
"FCRL3",-0.0284085845221201,8.45774574785871e-07,1.80986344073845e-06
"PLEKHA3",-0.0284399519961836,8.22561400050338e-07,1.7608432049333e-06
"AEBP2",-0.0285826937789427,7.24454245492962e-07,1.55544588002901e-06
"IRF2BP2",-0.0286025210921936,7.11752568483113e-07,1.52988336281853e-06
"CYCS",-0.0286219259204676,6.99529444267688e-07,1.50473193028413e-06
"ZNF830",-0.028679391979267,6.6450628823124e-07,1.43046202472175e-06
"KLF12",-0.0286879374340574,6.59444717703493e-07,1.42062670414496e-06
"SRRT",-0.0287947953858654,5.99206053460963e-07,1.29278762076669e-06
"MARCH8",-0.0287955686382369,5.98790113649171e-07,1.29237372208637e-06
"NSMCE3",-0.0288256013499046,5.82848814025586e-07,1.25890977920807e-06
"STARD3NL",-0.0288620542785761,5.64048861949558e-07,1.22013120287438e-06
"GTF2I",-0.0288819703472093,5.54025864677861e-07,1.19934953513409e-06
"NCBP2AS2",-0.0289289705595068,5.310485547023e-07,1.15047220697527e-06
"POM121",-0.0289447905561584,5.23523308363256e-07,1.13459561042123e-06
"TWF1",-0.0289489940407783,5.21541151830465e-07,1.13114998969774e-06
"SH2D2A",-0.0290014214079518,4.97418954333513e-07,1.08005086959389e-06
"NBPF19",-0.0290267740102632,4.86143533079088e-07,1.05676206380215e-06
"AKT3",-0.0291218632758251,4.46008919050563e-07,9.70982799609134e-07
"TMED4",-0.0291545663512223,4.32959510700006e-07,9.43285794562498e-07
"LRIF1",-0.0292162894570712,4.09326875663947e-07,8.92809414506044e-07
"SCAF8",-0.0292342081953487,4.02702542316365e-07,8.79358410275833e-07
"KBTBD2",-0.0293379643902188,3.66331697304794e-07,8.02977916517198e-07
"PIAS2",-0.0293707596674452,3.55510250498723e-07,7.79850747290275e-07
"ATG16L1",-0.0293761879694008,3.53749096793416e-07,7.76282740185551e-07
"RPS4Y1",-0.0295018378495495,3.15258993818177e-07,6.92608997085497e-07
"CABIN1",-0.0295052967578929,3.14258825182608e-07,6.90674788425342e-07
"PAN3",-0.0295326201071978,3.06465043041044e-07,6.74059459655874e-07
"NOLC1",-0.0295806304462459,2.93220251273178e-07,6.45174051542319e-07
"THAP12",-0.0296190483469586,2.83021541975601e-07,6.23447376842356e-07
"QKI",-0.0296510793134771,2.74781010555797e-07,6.05989326147335e-07
"GOLGA3",-0.0296961186265397,2.63584778714401e-07,5.81965321150823e-07
"C1orf174",-0.0297246916245835,2.56711698045919e-07,5.67442070766889e-07
"ALKBH5",-0.0297476971492556,2.51303953655049e-07,5.55914806570261e-07
"PCNT",-0.029782832422202,2.43256733880259e-07,5.38319871177074e-07
"EPB41L4A-AS1",-0.0298153508249894,2.36031089308194e-07,5.22530246464628e-07
"PPAN",-0.0298364806824617,2.31447613884772e-07,5.1258002660272e-07
"CDK5RAP2",-0.0298394921841732,2.3080140326083e-07,5.1134525263358e-07
"PNN",-0.0299754636755202,2.03373240093965e-07,4.51370675101624e-07
"MON2",-0.0299930451955726,2.00065492412173e-07,4.44527955631813e-07
"SCAPER",-0.0300685317929202,1.86445037291244e-07,4.15306500602011e-07
"TRERF1",-0.0300882080370344,1.83044729677031e-07,4.07889859369181e-07
"NCOA2",-0.0300929055837817,1.82241841308289e-07,4.06257711180868e-07
"CRNKL1",-0.0301091139559596,1.79497616740981e-07,4.00449808798932e-07
"IER2",-0.0301602125537769,1.71105146968446e-07,3.82022215473103e-07
"DHRS7",-0.0301716892708139,1.69273056332161e-07,3.78224609014946e-07
"ARIH1",-0.0301930164068977,1.65918733181073e-07,3.7087338537025e-07
"CAMK1D",-0.0302216029207612,1.61523314488353e-07,3.61468744530203e-07
"SGK3",-0.0302383048337899,1.59007586698449e-07,3.56115243685419e-07
"JMJD1C",-0.0302388461695951,1.58926685139513e-07,3.56072336130369e-07
"BCL2A1",-0.0302975425909692,1.50386792628116e-07,3.37594641139098e-07
"RNF216",-0.0303015528356134,1.4981981561003e-07,3.36452833575951e-07
"HNRNPA0",-0.0303037410235358,1.49511317182482e-07,3.3589083217428e-07
"FAM13B",-0.0303126172788871,1.48266199867815e-07,3.33223372812817e-07
"LENG8",-0.0303131881330281,1.48186467396114e-07,3.33174018508143e-07
"GRAP2",-0.0303825843762483,1.38796531532525e-07,3.1242763362532e-07
"PRXL2C",-0.0304236167553588,1.33518027882044e-07,3.00898189447343e-07
"HYOU1",-0.0304413697293236,1.31294910698639e-07,2.96119573718832e-07
"KRT10",-0.0304469044107207,1.30609181919503e-07,2.94688244182228e-07
"DYRK1A",-0.0305485034487744,1.18619998419721e-07,2.68057026209455e-07
"LYSMD2",-0.0306394392584187,1.08797704363121e-07,2.46150004339787e-07
"AFF4",-0.0306618131873694,1.06504439430739e-07,2.41150805731085e-07
"AFG3L2",-0.0306912751432657,1.03555928894422e-07,2.34658955573333e-07
"FNIP1",-0.0306950168543856,1.03187165783788e-07,2.33915245705624e-07
"KAT7",-0.0307046487717908,1.02243732551774e-07,2.31867717509273e-07
"HP1BP3",-0.0307076038900572,1.01955960135581e-07,2.3130606691656e-07
"GIGYF1",-0.0307617073657614,9.68238028093058e-08,2.20009011348017e-07
"CLASP2",-0.0307665688600667,9.63750937901664e-08,2.19075745324355e-07
"SPIDR",-0.0308152492620332,9.19915380247891e-08,2.0960695368983e-07
"RPS10",-0.030823954546282,9.12282638450004e-08,2.07949959523367e-07
"BX890604.2",-0.0308500672955555,8.8975311313055e-08,2.02894669965357e-07
"ACAA2",-0.0309228730739637,8.2974561955604e-08,1.89435589389536e-07
"MRNIP",-0.0309676697295588,7.94791333439607e-08,1.81887365870881e-07
"LPP",-0.0310708158034901,7.19643617088421e-08,1.64951698718161e-07
"GLTP",-0.031107183421877,6.94826418042496e-08,1.59453400431798e-07
"EMB",-0.0311083880051838,6.94018761626327e-08,1.59331456938656e-07
"COG3",-0.0311260074638783,6.82308578417163e-08,1.56705438937944e-07
"NACA",-0.0311521261940011,6.65301072760418e-08,1.52860210621886e-07
"CCDC59",-0.0311764093006175,6.4985773263731e-08,1.49490608062201e-07
"AC093323.1",-0.0312109258905806,6.28502436435546e-08,1.44867048398233e-07
"FYTTD1",-0.0312250529704137,6.19959542282267e-08,1.43012267213673e-07
"MED17",-0.0312335339100448,6.14885124525221e-08,1.41898459909442e-07
"TPRG1L",-0.031234662695679,6.14212777821372e-08,1.41800043622732e-07
"USP24",-0.0313431178060659,5.52829648419627e-08,1.28090340796946e-07
"MDN1",-0.0314057969867844,5.20110907338211e-08,1.20606337057477e-07
"NUFIP2",-0.0314288719053456,5.08544887854004e-08,1.18019250231551e-07
"GALNT1",-0.0314846006617367,4.81630157636535e-08,1.11998432221367e-07
"VEGFB",-0.0315594149386282,4.47659987914976e-08,1.04225076718033e-07
"CD48",-0.0315619523648776,4.46549559060931e-08,1.04050557862804e-07
"FBXO7",-0.0316268554089314,4.190373430135e-08,9.7758428687656e-08
"C12orf75",-0.0316427481458386,4.1255516893801e-08,9.64021742003851e-08
"GATAD2B",-0.0317282909360235,3.79300599054027e-08,8.87394139855811e-08
"AARSD1",-0.0317632218396452,3.66482136107348e-08,8.59147349158974e-08
"ARID1B",-0.0318238650178824,3.45219149365764e-08,8.11279068619544e-08
"TRAPPC10",-0.0318509194655209,3.36123826164691e-08,7.90548982663855e-08
"HIST2H2AC",-0.0319478448706647,3.05408038745993e-08,7.20363255398013e-08
"RPSA",-0.0319497520598487,3.04831846046862e-08,7.19298386314343e-08
"HUS1",-0.031960124157731,3.01716683171884e-08,7.12530758334257e-08
"MARCH6",-0.0319652579735061,3.00186237823622e-08,7.0920689616093e-08
"HLA-DPB1",-0.0320356863155837,2.79936111565297e-08,6.6245037152116e-08
"AKAP17A",-0.0320931743594729,2.64395076277149e-08,6.26444702091339e-08
"NDEL1",-0.0321898286758262,2.40133688834243e-08,5.70132146359439e-08
"ZNF791",-0.0322166327516934,2.33797584918286e-08,5.55317410306323e-08
"OAT",-0.0322396662009254,2.2848268545831e-08,5.43364802902299e-08
"TSPAN3",-0.0323030769312289,2.14449528748295e-08,5.10412889926297e-08
"TCOF1",-0.0323568615136624,2.03205622932247e-08,4.8425075514474e-08
"BIN2",-0.0324965857407227,1.7660438895253e-08,4.22429494437678e-08
"MED30",-0.0325069369074268,1.74774238825312e-08,4.18225325852935e-08
"NCOA7",-0.0325533229153826,1.66796611782524e-08,3.99466802387797e-08
"PSME4",-0.0325699157243194,1.64029715775478e-08,3.93330299741031e-08
"HENMT1",-0.0326632583147354,1.49275919968341e-08,3.58847115655449e-08
"ZFPM1",-0.0326768857821891,1.47232784856085e-08,3.54083181928708e-08
"CCDC93",-0.032752428749918,1.36390111980967e-08,3.28555461902355e-08
"ZNF264",-0.03278087522074,1.32511659683007e-08,3.19613024421539e-08
"YTHDC1",-0.0327984382756129,1.30170801394854e-08,3.14229808139021e-08
"TIMM10B",-0.0328060960640259,1.2916277076575e-08,3.11927009634037e-08
"HNRNPU",-0.0328313328712468,1.25894124446352e-08,3.04288103806418e-08
"POLR2B",-0.032881552260525,1.1962712660323e-08,2.89747853473677e-08
"AL627171.2",-0.0329248904569784,1.14463396177133e-08,2.77357313341818e-08
"DKC1",-0.032962608202804,1.10146149444368e-08,2.67120623988927e-08
"UFM1",-0.0329888961922828,1.07231193133577e-08,2.6016082911289e-08
"HAUS2",-0.0330200305778513,1.03875739604923e-08,2.52126006019187e-08
"RPS17",-0.033082618357037,9.74364049656237e-09,2.36995254085513e-08
"VPS13A",-0.0330862074644588,9.70791466668152e-09,2.36225923555917e-08
"WIPF1",-0.0330931356685498,9.63931135375754e-09,2.34655587070999e-08
"GFI1",-0.033200055586303,8.6384738564384e-09,2.10825555353704e-08
"ZRANB1",-0.0332184992977029,8.47636638546263e-09,2.069568371929e-08
"SIPA1L1",-0.033236010989433,8.3251900240011e-09,2.03524251243808e-08
"STK17B",-0.033279418553569,7.96167153933204e-09,1.94885228214465e-08
"HSP90AA1",-0.0332903763921967,7.87237289280417e-09,1.93027102350347e-08
"RICTOR",-0.0334893837224501,6.41024771406837e-09,1.57914987471304e-08
"GMCL1",-0.0334984787626118,6.35016060500897e-09,1.5650160773114e-08
"RBM48",-0.0335348253886881,6.11545594645428e-09,1.50910716487813e-08
"PRRC2B",-0.0335973352617345,5.73139281870851e-09,1.41612810937022e-08
"RYK",-0.0336602629352813,5.36849900810431e-09,1.32990265376879e-08
"FNDC3B",-0.0336631447973382,5.35242653003778e-09,1.32649092388173e-08
"SFT2D2",-0.0337324914753153,4.97948723522955e-09,1.23619039541837e-08
"DGKZ",-0.0337546074144613,4.86595949062486e-09,1.20852663145709e-08
"PURB",-0.0337617396062723,4.82988782765161e-09,1.2000845800115e-08
"IER5",-0.0338114187319125,4.58575108660462e-09,1.14139087252693e-08
"POLR3E",-0.0338344629362945,4.47662369299543e-09,1.11663879054951e-08
"TADA2B",-0.0338350411099137,4.47391847130517e-09,1.11644689848624e-08
"ZNF506",-0.0338596726136149,4.36013580838738e-09,1.08852394835368e-08
"ATG16L2",-0.0339086440910405,4.14222162737299e-09,1.03636408351671e-08
"PGPEP1",-0.0339581984881371,3.93251545189554e-09,9.85606980055696e-09
"FAM172A",-0.0339869957507738,3.81543614796613e-09,9.57928614075781e-09
"ZNF274",-0.0339989762385002,3.76773349096027e-09,9.46364069789542e-09
"SUGP2",-0.0340251999915576,3.66533566221724e-09,9.21045349194198e-09
"JADE1",-0.0340607501571808,3.53083547157185e-09,8.88796515257742e-09
"DHRS1",-0.0340698041378818,3.49735582087582e-09,8.80753319606589e-09
"NEK7",-0.0342207976364392,2.98250806453325e-09,7.53730236992254e-09
"MACF1",-0.0342245864019832,2.97058885891415e-09,7.51047170072682e-09
"POC1B",-0.0342783216084367,2.80645347734124e-09,7.0986040367662e-09
"ACBD6",-0.0343499564466351,2.60131603610284e-09,6.5912959491235e-09
"CRACR2A",-0.0343615380488299,2.56955176899978e-09,6.51367255025131e-09
"DENND11",-0.0344819571957165,2.26088086071188e-09,5.74383256551781e-09
"MRPL10",-0.0345094110792949,2.19573715244682e-09,5.58079160782759e-09
"RLIM",-0.034669112165624,1.85151906726307e-09,4.72481838651397e-09
"WAKMAR2",-0.0346965441700782,1.79794076659381e-09,4.59199486312955e-09
"EFCAB14",-0.0347364711890832,1.72264823050464e-09,4.40750325879336e-09
"ADNP2",-0.0347407259269143,1.71480836433462e-09,4.38939184958621e-09
"MNDA",-0.0347421203678388,1.71224651169455e-09,4.38478047643981e-09
"GTPBP4",-0.0347593793467466,1.68084557792084e-09,4.30628007457551e-09
"PRKAA1",-0.034792733964255,1.62174254936958e-09,4.15670634765083e-09
"TMEM170A",-0.0348126280798056,1.58746040224556e-09,4.07245735754011e-09
"GCLM",-0.0348144715416788,1.58431968280344e-09,4.06620899453823e-09
"PHF3",-0.0348444726985846,1.53404962368388e-09,3.93894219936996e-09
"CYTH4",-0.0348525385444556,1.52080178351949e-09,3.90840636611269e-09
"PMM2",-0.0349192925535914,1.41535763570706e-09,3.64066346348021e-09
"IKZF5",-0.0351484587569795,1.10484453568256e-09,2.85212105518412e-09
"RBBP7",-0.0351696881666335,1.07969879927981e-09,2.7897056341607e-09
"MNAT1",-0.0351772918122573,1.07082888586614e-09,2.76802787305693e-09
"TRMT11",-0.035184336755117,1.06267415005595e-09,2.7481801898532e-09
"ZNF708",-0.0351927821968502,1.05297807084426e-09,2.72554961156143e-09
"WBP11",-0.0352311241487215,1.010032240692e-09,2.61791277845878e-09
"SFI1",-0.0352789509834442,9.58851208714511e-10,2.48973206693228e-09
"RAB18",-0.0352804091469781,9.57331193187515e-10,2.48690495095153e-09
"KDM2A",-0.0352952687080623,9.41974688620813e-10,2.44811538047599e-09
"RNF166",-0.0353543837412139,8.83226548333437e-10,2.29957900868575e-09
"TXLNG",-0.0353594995612743,8.7831386033823e-10,2.28782115292257e-09
"ABCA5",-0.0354615897926041,7.85668338209079e-10,2.05113141985141e-09
"BCR",-0.0354805190136096,7.69570642085901e-10,2.01001535004954e-09
"EIF5",-0.0355293821035302,7.29489311035004e-10,1.90619159797864e-09
"GGA1",-0.0355432163730397,7.18516190876463e-10,1.88007389872258e-09
"TGIF1",-0.0355538261403475,7.10209946928007e-10,1.86087267784362e-09
"MCOLN2",-0.035568725374115,6.98703474463554e-10,1.83238878455267e-09
"TRA2B",-0.0356115261908368,6.66651263948323e-10,1.75151609985876e-09
"CYTH1",-0.0356548169054431,6.35692711988978e-10,1.67093886510503e-09
"STAG2",-0.0357589453325157,5.66859471335657e-10,1.49546137748981e-09
"ZDHHC2",-0.0357715769382428,5.59021165370848e-10,1.47613326954839e-09
"PKN2",-0.0359284360490506,4.70072224141162e-10,1.2469671189614e-09
"DNTTIP2",-0.0359329613299623,4.67722873492661e-10,1.24130594175434e-09
"SLC16A7",-0.036026602536959,4.21601742245122e-10,1.12148397026182e-09
"IVD",-0.0360375620574476,4.16503146320052e-10,1.10843269258317e-09
"PDE12",-0.0360680186844998,4.0264805939639e-10,1.07255028108036e-09
"BLOC1S6",-0.0360879697357601,3.93817057512256e-10,1.0504824101171e-09
"NPRL2",-0.0361119112459016,3.83469096280882e-10,1.02335320603973e-09
"FBXO33",-0.036153553830038,3.66099228278362e-10,9.78810500454943e-10
"SEC63",-0.036198039434242,3.48392103823764e-10,9.32765674443661e-10
"CERK",-0.0362053785513081,3.45552326552445e-10,9.25592321053391e-10
"METTL16",-0.0362191098959079,3.40299728305316e-10,9.11946344394403e-10
"PRR5L",-0.0362634221042134,3.23875323288899e-10,8.69547946651341e-10
"CDK13",-0.0363555334720554,2.92172496599211e-10,7.87363919573667e-10
"UBXN2A",-0.0363662339148602,2.88692217523921e-10,7.78348769733733e-10
"TIPARP",-0.0363961484212739,2.79176018694423e-10,7.53396396729406e-10
"SEC24C",-0.0364757888796941,2.55309905190166e-10,6.90282336254894e-10
"SLK",-0.0365183106804444,2.43395550945677e-10,6.58687068185695e-10
"RPL18",-0.0366315418165723,2.14255100067271e-10,5.80916390262318e-10
"TAPBP",-0.0367551389264813,1.86334018379468e-10,5.05688604232654e-10
"FBL",-0.036825315521756,1.720977063805e-10,4.6749292166573e-10
"SPG11",-0.0368889288807739,1.6011486970769e-10,4.35352406225483e-10
"FBXO34",-0.0368983418956796,1.58412447319329e-10,4.3092669042008e-10
"FAM8A1",-0.0369227962017471,1.54071916627935e-10,4.19514987343389e-10
"GYG1",-0.037057785072824,1.32123986115941e-10,3.61118022715938e-10
"ZNF91",-0.0370874051186824,1.27733712258124e-10,3.49781727726782e-10
"ISG20L2",-0.0370950437291563,1.26624846682722e-10,3.46909971885634e-10
"LNPEP",-0.0371679366027393,1.1650563828908e-10,3.20251675888048e-10
"MKNK1",-0.0371729673361905,1.15837187569638e-10,3.18718063317796e-10
"PIAS1",-0.037188926078481,1.13741407760527e-10,3.13400238201128e-10
"PRKACB",-0.0372079784027254,1.11287865215439e-10,3.06933103155157e-10
"HIPK3",-0.0373331157274157,9.64111269149111e-11,2.6705233857747e-10
"KANSL2",-0.0374303762848132,8.62086674569197e-11,2.39367060772295e-10
"BAG5",-0.0375133497029123,7.83455662587000e-11,2.17639152511524e-10
"SPCS3",-0.0376422400391489,6.75020157471999e-11,1.88332909924578e-10
"SNRNP200",-0.0376658379927125,6.56823148230942e-11,1.83433370258975e-10
"CDK6",-0.037687382348771,6.40629229174416e-11,1.78997517667096e-10
"HGSNAT",-0.0376874837519238,6.40553940077966e-11,1.78997517667096e-10
"PHF1",-0.0377345845748103,6.06502366245418e-11,1.69626534730229e-10
"MTR",-0.03778484056835,5.72122121347323e-11,1.60166421058739e-10
"LLGL2",-0.0377913566766347,5.67806470363553e-11,1.59035449955639e-10
"SSH2",-0.0378886074517334,5.07057544533694e-11,1.42227668255147e-10
"ERAP1",-0.0379300661941281,4.8313697524106e-11,1.35716070931086e-10
"DDX24",-0.037955903727474,4.68791588760381e-11,1.31814777785525e-10
"WDR37",-0.0379631382673801,4.64850100919801e-11,1.30770269853878e-10
"ELMSAN1",-0.0380497568494347,4.20104634999894e-11,1.18587539405012e-10
"RAB11FIP4",-0.0380813499608081,4.04856639838844e-11,1.1433928706908e-10
"NXT1",-0.0380961571541938,3.9789782510133e-11,1.12429042496785e-10
"TNRC6B",-0.0381099224301717,3.91533721104852e-11,1.1079366877388e-10
"CHD6",-0.0381770884096657,3.61881980184139e-11,1.02503604112079e-10
"DDIT3",-0.0381842011810456,3.58873678354308e-11,1.01701449782275e-10
"GPATCH8",-0.0382511209975188,3.31742437636716e-11,9.429071650325e-11
"ZNF266",-0.0382926108374045,3.15940446318115e-11,8.984361705703e-11
"PRKAR2A",-0.0383334742290162,3.01097985359733e-11,8.56651248924311e-11
"B3GNT2",-0.0383724205241877,2.87588099497223e-11,8.19022503605179e-11
"GLS",-0.0383735811031651,2.87194753377773e-11,8.18306394629257e-11
"PCED1B-AS1",-0.0384912364466199,2.49935342690023e-11,7.13553030343248e-11
"CEP95",-0.0385785454931747,2.25387289690789e-11,6.44746279586695e-11
"TOMM7",-0.0386244935830438,2.13432974532872e-11,6.11459495345789e-11
"MECP2",-0.0386513799591584,2.06728209098557e-11,5.92545517828716e-11
"SCAF11",-0.038687096378398,1.98139522595945e-11,5.68492849159608e-11
"CDYL",-0.0387150422555139,1.91663947128792e-11,5.50187149373689e-11
"AC092821.3",-0.0387706690021707,1.79384965581185e-11,5.1622410005324e-11
"TOPORS",-0.0388237655462851,1.68384641141625e-11,4.85537112731876e-11
"RPL8",-0.038892879459359,1.55050731017947e-11,4.47760423525539e-11
"KRI1",-0.0390217181513342,1.32898467319918e-11,3.84558685917696e-11
"RASA2",-0.0391050195840092,1.20258840148058e-11,3.48684128272424e-11
"HLA-E",-0.039149558037948,1.13991988259357e-11,3.3067997801394e-11
"TMEM181",-0.039155240719571,1.13215776687501e-11,3.28593550154413e-11
"ASCL2",-0.039308262535853,9.41555775664643e-12,2.74656153680222e-11
"HELZ",-0.0393447561403749,9.00965523879144e-12,2.6348215903707e-11
"MYO9A",-0.0393724377222666,8.71324753374065e-12,2.55461609186997e-11
"CYP51A1",-0.0395068340550589,7.40465477646416e-12,2.17981848370948e-11
"PRKDC",-0.0395348648439741,7.15706472100405e-12,2.10908493847881e-11
"TGFB1",-0.0395686494029715,6.8694171986252e-12,2.02535424255989e-11
"GTDC1",-0.0397744847198635,5.34641942110161e-12,1.58035883144505e-11
"PRDM2",-0.0397781643346894,5.32245610557278e-12,1.57408227491478e-11
"JMJD6",-0.0398345696141019,4.96802908673142e-12,1.47152664320391e-11
"TP53BP2",-0.0399533020279143,4.2958826128888e-12,1.27440097883383e-11
"CSNK1E",-0.0399903498797039,4.1050307101572e-12,1.22092378058157e-11
"CTDSPL2",-0.0400107491486798,4.00351858508541e-12,1.19134631992712e-11
"RPL37A",-0.0401188783266463,3.50517989537504e-12,1.04791977483815e-11
"RBM28",-0.0401443559002263,3.39692230934049e-12,1.01819391673423e-11
"LY9",-0.0401479098101781,3.38208422137982e-12,1.01427351558489e-11
"TRAPPC2",-0.0403939483326609,2.49556440620042e-12,7.51144046480055e-12
"AGO3",-0.0404073135455325,2.4545685710831e-12,7.39576643126241e-12
"PCGF5",-0.0404281677552577,2.39191713136269e-12,7.21076115868721e-12
"ZNF83",-0.0405552387498123,2.04269358839457e-12,6.17735391938725e-12
"COMMD2",-0.040701946420788,1.70141261251484e-12,5.16423501914373e-12
"TACC1",-0.0407340383504691,1.63457769299768e-12,4.96660145180064e-12
"MBTPS1",-0.0407592155856744,1.58395259305119e-12,4.81531608019304e-12
"DCAF5",-0.0408229056407591,1.46265499582116e-12,4.45125665482884e-12
"PIK3CG",-0.0408313914114506,1.44719806476736e-12,4.40654236510737e-12
"JADE2",-0.0409061453162116,1.31777827004243e-12,4.02735945062781e-12
"CEP78",-0.0409505400605765,1.24636704551429e-12,3.81315583632939e-12
"WDTC1",-0.0410826641380611,1.05556367883995e-12,3.23972098769025e-12
"RPL11",-0.0410906819683616,1.0449563404562e-12,3.21058242696373e-12
"UBN2",-0.0411077075056095,1.02277778219407e-12,3.1441148560305e-12
"BTAF1",-0.0412090570802881,9.00000263065457e-13,2.77111666689722e-12
"GAS5",-0.0413901806986051,7.15581315937095e-13,2.20800291546775e-12
"MAPK8",-0.0414009803772214,7.05842598992792e-13,2.17911898736158e-12
"COPA",-0.0414612165338061,6.53863906414986e-13,2.02189444948806e-12
"ZMYND11",-0.0414733074487201,6.43892755801038e-13,1.99212957226641e-12
"YPEL5",-0.0415601963218563,5.76498329731239e-13,1.7864942867061e-12
"NCALD",-0.0415739473842582,5.66487315510528e-13,1.75641524115549e-12
"PTS",-0.0416017078283442,5.46794478892482e-13,1.69809572416421e-12
"PARP15",-0.0418952967300384,3.75584522130996e-13,1.17207572463715e-12
"OGFRL1",-0.0419050763068756,3.70898507086611e-13,1.15807887946318e-12
"NECAP1",-0.042004549184096,3.26380309777191e-13,1.02018170541196e-12
"MBNL2",-0.0421083422897448,2.85525586926292e-13,8.95392093422471e-13
"SSBP3",-0.0421097591566607,2.85004189315936e-13,8.94243286063659e-13
"PRPF3",-0.0421467870077042,2.71704911405558e-13,8.53443477165496e-13
"PDIA3",-0.0422145262369041,2.48934189135052e-13,7.8362634756651e-13
"ZNF276",-0.0422310070471896,2.43684065108425e-13,7.67518297913866e-13
"SPTY2D1",-0.0423261814059576,2.15426107812166e-13,6.80001293789143e-13
"PDK3",-0.0424467204101417,1.84219698672609e-13,5.82134247805443e-13
"PRPF8",-0.0426176398828964,1.47450766497047e-13,4.66967913447815e-13
"KANSL1",-0.0426690140805218,1.37883096391137e-13,4.37147782785974e-13
"FAM126B",-0.0427123663619349,1.30286082570694e-13,4.13744404286999e-13
"DIP2A",-0.0428082459742204,1.14915028428795e-13,3.65535007693802e-13
"STIM2",-0.0428185035467803,1.13380121110326e-13,3.60851632694951e-13
"HLA-C",-0.0428865430545102,1.03696912138696e-13,3.30580482202243e-13
"SNHG17",-0.0429780374734028,9.19464994178603e-14,2.93445192110017e-13
"NFIA",-0.0430038938028805,8.8870012997384e-14,2.83940922413248e-13
"TMEM109",-0.0430850333490209,7.98579875185828e-14,2.55856118899815e-13
"C11orf21",-0.0431274226310697,7.55135365634344e-14,2.42206098643674e-13
"CWF19L2",-0.0431402325093175,7.4246986163793e-14,2.38276221038728e-13
"PDE4B",-0.0432528451781424,6.39747462865782e-14,2.05653490431826e-13
"ANKRD44",-0.0432826531788663,6.14983248208963e-14,1.97913414755641e-13
"SRPRA",-0.0433077792321931,5.94842656073631e-14,1.9164567584227e-13
"FBXL5",-0.0433351351455387,5.73651680927435e-14,1.85025125498239e-13
"IL18R1",-0.0434349731654176,5.02424933482809e-14,1.62506146460761e-13
"CANX",-0.0434437893714298,4.96570196521953e-14,1.60702599514147e-13
"LUC7L",-0.0435783622327027,4.15100120376627e-14,1.34487774955731e-13
"ST3GAL1",-0.0436037502929518,4.01276673521633e-14,1.30082213389503e-13
"CAMK2D",-0.0437200830058544,3.43509229417568e-14,1.11732528260074e-13
"TERF2IP",-0.0438250524670898,2.98453570664071e-14,9.72419063287965e-14
"SNHG9",-0.0438523680491843,2.87715817958368e-14,9.37963325136185e-14
"PLCL2",-0.0439467709368276,2.53450955297844e-14,8.28131251672898e-14
"TTC38",-0.0439798128259284,2.42433031951734e-14,7.9302966265777e-14
"ELF2",-0.0440043809134299,2.3454742447356e-14,7.67670259329749e-14
"AC087190.1",-0.0440490210256108,2.20859768089952e-14,7.23281250752274e-14
"SLC25A36",-0.044138479708466,1.9575218569215e-14,6.41786728190238e-14
"ITGA4",-0.0442244927304953,1.74268062829535e-14,5.7232569381431e-14
"PYHIN1",-0.0442986508536427,1.57619871756612e-14,5.18832077865514e-14
"GUK1",-0.044405115129779,1.36421581119983e-14,4.50339586902657e-14
"FCN1",-0.0446016289969197,1.04403248146907e-14,3.45633485684968e-14
"LRMP",-0.0446212829260407,1.01640817170981e-14,3.36875053232785e-14
"TSPAN32",-0.0446376143761518,9.94001890570651e-15,3.29638234785563e-14
"AHNAK",-0.0447407229292564,8.63350328551645e-15,2.86970682694947e-14
"ARIH2",-0.0450067690406032,5.99294718874456e-15,1.99776453395895e-14
"FOXN3",-0.0450776812586637,5.43534121619685e-15,1.81503258794483e-14
"UBE2G2",-0.0454271956715897,3.35140624271242e-15,1.12304240567824e-14
"ZNF121",-0.0454465849618886,3.26235412200832e-15,1.09511037378475e-14
"VCAN",-0.0454572665694356,3.21429463607909e-15,1.07960612500105e-14
"KAT6B",-0.0454808069508447,3.11082735313899e-15,1.04668269227261e-14
"CENPC",-0.0455537403243993,2.81064076712504e-15,9.47338708592059e-15
"LAIR1",-0.0457093174685921,2.26238592782664e-15,7.63886396122729e-15
"AC005261.1",-0.0458240698408014,1.92688774908525e-15,6.52516832000858e-15
"RPL4",-0.0458776364391782,1.78754596409679e-15,6.06755595935621e-15
"INPP5D",-0.0459422720029522,1.63257190414597e-15,5.54805077855616e-15
"JAKMIP2",-0.0459425066496841,1.63203414451368e-15,5.54805077855616e-15
"CHCHD10",-0.0460048688541076,1.49512724989804e-15,5.09899399773034e-15
"ACSL3",-0.0461161697297629,1.27832554574516e-15,4.36994867949754e-15
"SMURF2",-0.0461695569234586,1.18563148298906e-15,4.06029498954747e-15
"EEF1G",-0.0462530065635445,1.05384148928688e-15,3.61326032622914e-15
"VPS13C",-0.0463284305524479,9.47207100813541e-16,3.25345047670738e-15
"CHD2",-0.0463416989055083,9.2958057287706e-16,3.19480999033492e-15
"HLTF",-0.0464292006291122,8.21165064602388e-16,2.82725906123103e-15
"JMY",-0.0464377450308078,8.11271362439573e-16,2.79486376773537e-15
"RPS6KA3",-0.0464797510164261,7.64314254648666e-16,2.63624420248735e-15
"RBM38",-0.046529436888679,7.12219881135426e-16,2.45950422425629e-15
"RPL29",-0.0465387818476667,7.02820410872053e-16,2.4284992866981e-15
"TUT4",-0.0465708516184691,6.71483552362961e-16,2.32300278732885e-15
"KLHL24",-0.0466496460960914,6.00217619277953e-16,2.07770408786072e-15
"KMT2C",-0.0467132237484424,5.48193163150027e-16,1.90104027172953e-15
"ACBD5",-0.0467391569626047,5.28271938615649e-16,1.83305912755502e-15
"BBX",-0.0467761448197481,5.01087532510873e-16,1.73977832630355e-15
"SENP6",-0.0471293718699969,3.01933155830895e-16,1.05530212707683e-15
"PLEKHA2",-0.0473559794849038,2.17731041648795e-16,7.64245232616311e-16
"RPL39",-0.0474433622115787,1.91862165580388e-16,6.73854512120643e-16
"AC092338.3",-0.04768215881658,1.35634799560245e-16,4.78706174457733e-16
"NPC1",-0.0477153342124673,1.29237239909156e-16,4.564061007692e-16
"AP002387.2",-0.0478636243266038,1.0409257166242e-16,3.69644002941609e-16
"BTN3A1",-0.0478738787410509,1.02544228884172e-16,3.64819597763739e-16
"AIF1",-0.0480248856136146,8.22070000178987e-17,2.93734677263458e-16
"CHD1",-0.0480537972086789,7.87942597530289e-17,2.82240059624669e-16
"CCNT1",-0.048078712240107,7.59656290251402e-17,2.72277055679294e-16
"G6PD",-0.0485736931424735,3.66029239545255e-17,1.32013172261256e-16
"RANBP2",-0.048663156415186,3.20526272539297e-17,1.15964555441288e-16
"CALM1",-0.0486935235173621,3.06387324287015e-17,1.10988423314272e-16
"WHAMM",-0.0487016356584928,3.02715612656808e-17,1.09727274556368e-16
"SNHG1",-0.0487173025396487,2.9574692085287e-17,1.07471486613642e-16
"MGA",-0.0488803748529613,2.31980355492121e-17,8.46192732525656e-17
"SACM1L",-0.0489429669652164,2.11289244562333e-17,7.71694156675728e-17
"THAP9-AS1",-0.0490781344048152,1.72617572799651e-17,6.3326052311424e-17
"JAK1",-0.0491013305383899,1.66722838679025e-17,6.1280472317523e-17
"MEF2D",-0.0491467837813416,1.55742056719955e-17,5.73174499747274e-17
"CTDP1",-0.0492456218489506,1.34267748349957e-17,4.95724778959155e-17
"GNG2",-0.0492584842529714,1.31697389987658e-17,4.8654634725101e-17
"VAMP2",-0.0492719853473107,1.2905162736147e-17,4.77077394226663e-17
"MAP4K5",-0.0494241946998237,1.02620869351287e-17,3.80588137330465e-17
"MSL2",-0.0494525761438909,9.83205194124861e-18,3.64874154087392e-17
"SYAP1",-0.0494607644369262,9.71132313030831e-18,3.60625888554334e-17
"GCC2",-0.0495114939918063,8.99530959220275e-18,3.34252257849441e-17
"MIB2",-0.0495802000136708,8.10800099937598e-18,3.01475446572542e-17
"CREBBP",-0.049625508419602,7.57072381611974e-18,2.82043696689681e-17
"PGGHG",-0.049790340676878,5.89638641555003e-18,2.20951659899136e-17
"AC006369.1",-0.0499099316829921,4.91595243806329e-18,1.84812892505287e-17
"SCML4",-0.0499989153515698,4.2926168420329e-18,1.61800792993488e-17
"VGLL4",-0.0500271997050367,4.11133847843299e-18,1.55069254448156e-17
"ARNTL",-0.0500382305128422,4.04270740038458e-18,1.5258045535352e-17
"MPHOSPH10",-0.0500655333813489,3.87766161084652e-18,1.4654308328802e-17
"AL121839.2",-0.0501604701188098,3.35389474442431e-18,1.26915426450755e-17
"RBM34",-0.0502414256162553,2.96290328712759e-18,1.12340981307461e-17
"CDC42EP3",-0.0502731355383235,2.82233483592628e-18,1.07222694326659e-17
"PHF12",-0.0504607310222815,2.11573473765711e-18,8.0590767715116e-18
"TRMT10C",-0.0504899598251224,2.02265197665605e-18,7.70965810160726e-18
"CBX4",-0.0507048030655096,1.45195629619683e-18,5.54531917891861e-18
"BCAS4",-0.0508429214071116,1.17241966481211e-18,4.50156072368272e-18
"INPP4A",-0.0509033243487761,1.06755538132492e-18,4.10987442196316e-18
"SET",-0.0512378082208923,6.34154331750995e-19,2.45942705528446e-18
"ZNF217",-0.0512398805076289,6.32104735603077e-19,2.45312786690642e-18
"TCF25",-0.0516231462639626,3.46582899772318e-19,1.3550803952454e-18
"MAPKAPK2",-0.0518159947278592,2.55721015188916e-19,1.00322659496223e-18
"CCND3",-0.051838429852318,2.46816394668299e-19,9.68951768585489e-19
"SC5D",-0.0519450836677664,2.08502307640662e-19,8.20213375282195e-19
"TPD52",-0.052069726997534,1.71120831009995e-19,6.75464635478877e-19
"ST3GAL5",-0.0520810836478393,1.68063963540216e-19,6.63852655983852e-19
"MYLIP",-0.0521258536153567,1.56530068352483e-19,6.19141909594493e-19
"HERPUD2",-0.052381079691779,1.04250070336561e-19,4.1405658101305e-19
"AC008875.3",-0.0523873999809543,1.03203475152646e-19,4.10182247557071e-19
"HERPUD1",-0.0524233120354127,9.74508466310723e-20,3.8785302451442e-19
"BAZ2B",-0.0524997330618691,8.62430183759475e-20,3.43720447114091e-19
"GTF3A",-0.0529445484857586,4.22051905276908e-20,1.69496750538435e-19
"CEBPZ",-0.0533382048071936,2.23128765039063e-20,9.02372782594863e-20
"NFE2L2",-0.0533657007227953,2.13376067240415e-20,8.64143103774909e-20
"ZBTB4",-0.0533945326275893,2.03602067920622e-20,8.25139230989619e-20
"TSC22D3",-0.0534953671147674,1.72774357810559e-20,7.0118910731421e-20
"RNF168",-0.0537439024143899,1.15124541204421e-20,4.69535522719869e-20
"RNMT",-0.0540275042225467,7.22766489740745e-21,2.96668636749813e-20
"HCG18",-0.0541606658140307,5.80377336852533e-21,2.39587408849575e-20
"GALNT10",-0.0542331759420294,5.14904475255371e-21,2.13322852643515e-20
"KIF2A",-0.0545689954998688,2.9517452274433e-21,1.22730459456853e-20
"KMT2E",-0.0546155234445193,2.73201206776406e-21,1.13758220901049e-20
"ABCA2",-0.0547280436227405,2.26526513199377e-21,9.44597542748232e-21
"ISCA1",-0.0547734013171896,2.10026529887255e-21,8.78334298665554e-21
"FOXO3",-0.0548431968923867,1.86930734305035e-21,7.82882748538226e-21
"RAB29",-0.0550542666852447,1.31308907980336e-21,5.5193766204271e-21
"PGRMC2",-0.0550683335742514,1.28248120748899e-21,5.40253405667568e-21
"EXOSC6",-0.0550697620926912,1.27941268434541e-21,5.39354747852337e-21
"PRSS23",-0.0550892273242897,1.23831721671356e-21,5.22412244973455e-21
"ADAT1",-0.0550977913011746,1.22065301828746e-21,5.15337185685491e-21
"BMI1",-0.0551181749045152,1.17960598512517e-21,4.98372726462775e-21
"ERO1B",-0.0551334504929637,1.1497430703273e-21,4.86112044470495e-21
"EIF1",-0.0551445708154185,1.12847510320048e-21,4.77820552140763e-21
"RPS24",-0.0551624938973225,1.09501299521108e-21,4.64333819366343e-21
"AC044849.1",-0.0552272344581548,9.82118832767461e-22,4.17075059541233e-21
"EMD",-0.0554093563739724,7.22665332865207e-22,3.07799924271318e-21
"GGA2",-0.0555316140805245,5.8784131969105e-22,2.50931228028001e-21
"DYNC1H1",-0.0555791928121292,5.42385447449081e-22,2.31699027810285e-21
"ITGAL",-0.0556567496233934,4.75631195836245e-22,2.0378641206446e-21
"SNHG15",-0.0558428763640604,3.46790385990109e-22,1.49249265373504e-21
"JAML",-0.0558869863794132,3.21725264177567e-22,1.3856531728992e-21
"ATR",-0.0561715477361094,1.98008623536327e-22,8.58583257093232e-22
"GATAD2A",-0.0562702167210589,1.67241591701875e-22,7.26266761554753e-22
"PDE3B",-0.0562858889239335,1.62810943911484e-22,7.07558940118712e-22
"CDC42SE2",-0.056491143972982,1.14464435815234e-22,5.00467324750915e-22
"CIRBP",-0.0564936598790999,1.13970279138379e-22,4.9868482533462e-22
"ARFGAP3",-0.0566751652537658,8.33719017725115e-23,3.6618869575177e-22
"UBE2E3",-0.0568857473160998,5.79374002634086e-23,2.56427465325462e-22
"CYB561",-0.0569363156579194,5.30782744520423e-23,2.35101696440037e-22
"DYNLL2",-0.0570363010414769,4.46272679758348e-23,1.98431344962714e-22
"DENND4A",-0.0573566989653652,2.55489965098181e-23,1.14041070334459e-22
"ZBED4",-0.0574681099495774,2.10296140241467e-23,9.40867215494603e-23
"SERPINB9",-0.0577038390085156,1.39129065910329e-23,6.25863746571661e-23
"SNHG14",-0.057854415409376,1.06766380400613e-23,4.82540529600575e-23
"METRN",-0.0579456068405262,9.09190518935122e-24,4.11562144638842e-23
"ITGAM",-0.0579661462526466,8.76845696014142e-24,3.97232453174671e-23
"SAR1A",-0.0579687182555552,8.72876529280247e-24,3.95745200028238e-23
"DYNLT3",-0.0579876858293792,8.44149718437244e-24,3.83022142110746e-23
"DENND4C",-0.0580656768071888,7.35549432770977e-24,3.34535771197967e-23
"NOP53",-0.0581083551370728,6.82103442583086e-24,3.10718053189309e-23
"FAM3C",-0.0584417448423295,3.77666273807179e-24,1.72720174547661e-23
"SLFN12L",-0.0585930378451853,2.88482384916667e-24,1.32142804909803e-23
"RPS9",-0.0588107935092504,1.95529665312439e-24,8.99218165755054e-24
"AC012615.1",-0.0589306800940585,1.57745073748544e-24,7.28355356531506e-24
"DDX21",-0.0590719220004902,1.22418278574971e-24,5.67057198828802e-24
"THUMPD1",-0.0590821813418298,1.20181639884729e-24,5.57144306443114e-24
"ETV3",-0.0591199039497464,1.12300356515857e-24,5.21026674197062e-24
"G3BP2",-0.0591600359988226,1.04477371858961e-24,4.8551249275635e-24
"RORA",-0.0593416771746656,7.53053731449035e-25,3.51364147998915e-24
"KIF13B",-0.059430773360262,6.41091722454431e-25,2.99609073208647e-24
"KDM6B",-0.0598444329384659,3.02691094837871e-25,1.42383323322186e-24
"CLK1",-0.059939006338567,2.54783664208083e-25,1.20043904533335e-24
"MBP",-0.060111356935083,1.85996256844689e-25,8.77774478906154e-25
"SORL1",-0.0601309483910211,1.79450369043512e-25,8.47575985482338e-25
"PFDN5",-0.0601345822962809,1.78261558159214e-25,8.42651152380483e-25
"ZNF394",-0.0603311496358183,1.24352257997345e-25,5.90724441409133e-25
"THEMIS",-0.0605550618919961,8.2390365921388e-26,3.93006815772246e-25
"CELF2",-0.0607152951242143,6.13111818092505e-26,2.93185394273588e-25
"ZNF683",-0.0608825543950565,4.50005001874101e-26,2.15546415764779e-25
"RPS27",-0.0609333685337573,4.09578475366233e-26,1.96509073830039e-25
"CSNK1G3",-0.0615564221290288,1.28333890026506e-26,6.22457143635709e-26
"IDS",-0.0616049473776282,1.1718593706221e-26,5.69343975600478e-26
"CRYBG1",-0.0616080700657167,1.16502365071427e-26,5.6650011751005e-26
"TRIM44",-0.0617186848869448,9.46785026518492e-27,4.62329318199165e-26
"CDK17",-0.0618080755189694,8.00452853244672e-27,3.91204373276442e-26
"RPL18A",-0.0618941764312981,6.80776682336831e-27,3.3384686454392e-26
"RPS29",-0.0619400944579927,6.24391669126923e-27,3.06979263073739e-26
"RPL12",-0.0620156528466581,5.41517228175314e-27,2.66917081614277e-26
"LPGAT1",-0.0621296461018021,4.3668368235711e-27,2.15612568163823e-26
"C9orf78",-0.0621455160380688,4.23783639779879e-27,2.09422472203133e-26
"RIN3",-0.0626686961322497,1.57028916427662e-27,7.85416965341134e-27
"RPS5",-0.0627487064149887,1.34811022961355e-27,6.76636352844329e-27
"SMAD5",-0.0627659892152384,1.3043766072996e-27,6.55256088353381e-27
"TPST2",-0.0628817080868082,1.04569497432897e-27,5.26223640222965e-27
"RBL2",-0.0630968905526421,6.92512864178372e-28,3.50634037551947e-27
"EIF4B",-0.0631747248939862,5.96403359436e-28,3.03035962455279e-27
"CX3CR1",-0.0633345659630071,4.38568433665751e-28,2.23232493993856e-27
"DNAJC1",-0.0633381897474824,4.35518719851159e-28,2.21876012136187e-27
"RPL21",-0.0635114771140342,3.11807923273177e-28,1.59273365236175e-27
"HNRNPDL",-0.0636350235098202,2.45574273295592e-28,1.25552024299262e-27
"FLOT1",-0.0638341687049135,1.66955337183578e-28,8.57374380710326e-28
"IFRD1",-0.0641713277501414,8.66349331562994e-29,4.47691451175967e-28
"MXRA7",-0.0648064647978416,2.49425162499146e-29,1.2970558269906e-28
"SF1",-0.0649359629766977,1.93213302485648e-29,1.00838109994093e-28
"CSNK1D",-0.065266696275767,1.00414508387972e-29,5.27404799520434e-29
"KLHDC4",-0.0652898287561401,9.59096158853337e-30,5.04203058168386e-29
"MTRNR2L8",-0.0656804060845179,4.40782264539536e-30,2.33424363599587e-29
"PTPN12",-0.0657126944546968,4.13259257667508e-30,2.19251714716515e-29
"EIF1AX",-0.0657589666748585,3.76764502430599e-30,2.00073746364389e-29
"BRAF",-0.066010614321506,2.27620570024315e-30,1.21432731482907e-29
"HSPA9",-0.0660756743603636,1.9975307836304e-30,1.06961560159671e-29
"TLE4",-0.0660825895883784,1.96997928529724e-30,1.05584298683171e-29
"BCL9L",-0.0660982708562557,1.90889182298816e-30,1.02405387378351e-29
"CD300A",-0.066142285202344,1.74729386681408e-30,9.38234984163573e-30
"BCLAF1",-0.0661569388982411,1.69656570847449e-30,9.11844775468069e-30
"SRRM1",-0.0662288204409266,1.46813020314785e-30,7.91281016967633e-30
"E2F3",-0.0662438252892896,1.42444476491489e-30,7.68453971867554e-30
"AGPAT4",-0.0662801650310456,1.32391773277005e-30,7.1556078396297e-30
"NIN",-0.066622309116051,6.63367740389662e-31,3.61591848660414e-30
"AGO4",-0.0667892659825598,4.72881973218924e-31,2.58004762493239e-30
"SUN2",-0.0668032352703452,4.59659818032627e-31,2.5102823585172e-30
"ZBTB43",-0.0668345764237477,4.31315289789036e-31,2.35772064096054e-30
"TCF7",-0.066900133498026,3.77515118859659e-31,2.06754956359321e-30
"RIPOR2",-0.0671703465359909,2.17695487430598e-31,1.19680636416803e-30
"HNRNPH1",-0.067198582508753,2.05499547788868e-31,1.13083577490306e-30
"SLC15A4",-0.0672311244080823,1.92283049795408e-31,1.06013035197908e-30
"PHF20",-0.0672550851856527,1.83094404314958e-31,1.01140366828004e-30
"CD96",-0.0675097631015589,1.0868625300997e-31,6.02686174142783e-31
"CREM",-0.0676815806309053,7.63634810256751e-32,4.2508513038134e-31
"PTPRE",-0.067714139208861,7.14158360786217e-32,3.98312501610649e-31
"MBNL1",-0.0680148903561098,3.84073235223819e-32,2.14835145250801e-31
"PABPC1",-0.0681276001967236,3.04196781463714e-32,1.70486184519071e-31
"GOLGA4",-0.0682617060828139,2.30385621898381e-32,1.29496479677189e-31
"SMIM14",-0.0683775853791554,1.81121617045018e-32,1.02304443241784e-31
"KLF2",-0.0685246071782881,1.33398497470769e-32,7.57940034397957e-32
"ENPP4",-0.0685995777736204,1.14107245631369e-32,6.48970893053356e-32
"ABI3",-0.0686211154524748,1.09096553557672e-32,6.21699431192781e-32
"PTPN22",-0.0686496267799329,1.02798051241743e-32,5.86386114254334e-32
"TENT4B",-0.0690012749576265,4.9269277310742e-33,2.83286064058873e-32
"STK26",-0.0690478706579041,4.46817814887769e-33,2.57422411434342e-32
"RPL15",-0.069554214749859,1.53830661644699e-33,8.951982095913e-33
"LST1",-0.0697802380788673,9.53323452307014e-34,5.57022933075436e-33
"SESN1",-0.0698662323065115,7.943318516514e-34,4.64595516072376e-33
"MMP25-AS1",-0.0702067870915202,3.8481035999267e-34,2.2621828196511e-33
"HLA-F",-0.0702150323565415,3.78100469105839e-34,2.2250055156463e-33
"LINC00623",-0.0702315667325199,3.64993236930377e-34,2.15006741305157e-33
"NR1D2",-0.0702364466671959,3.61211772891504e-34,2.12996758104837e-33
"FAM133B",-0.0702901008195693,3.22116078409353e-34,1.90723144167017e-33
"ZNF22",-0.0703910306162551,2.59612204050908e-34,1.54031232588641e-33
"LCOR",-0.0707029919611978,1.33015448044935e-34,7.93278271846058e-34
"FAU",-0.0707086060460092,1.31420729319357e-34,7.84579033110488e-34
"IL2RB",-0.0707087839407924,1.31370508783265e-34,7.84579033110488e-34
"CCL4L2",-0.0707833051393526,1.11924867017223e-34,6.70270724909992e-34
"MAPK1",-0.0708240087399777,1.02540580882484e-34,6.15991177030508e-34
"ERGIC1",-0.0709021024446398,8.66700445639868e-35,5.21739193111181e-34
"MXI1",-0.0714858809220552,2.45146167509733e-35,1.48816626108277e-34
"HSP90AB1",-0.0715750358742095,2.01962898826425e-35,1.22860763452742e-34
"RPL31",-0.0716132229220063,1.85863779967977e-35,1.13186527885462e-34
"MAN1A1",-0.0716272206535604,1.80287551361179e-35,1.10023101449727e-34
"RPS25",-0.0718302324633937,1.15827745686514e-35,7.09106804006505e-35
"USP36",-0.072073923136766,6.79891695276118e-36,4.18456286729709e-35
"THRA",-0.0721086678393038,6.30068215533791e-36,3.88620684383248e-35
"BRD1",-0.0721800706584352,5.38782063232924e-36,3.32671965595747e-35
"UTRN",-0.072192115337976,5.24735143038248e-36,3.24345934608958e-35
"FCGR3A",-0.0724754155456744,2.81537201483924e-36,1.74959594930796e-35
"RAB27A",-0.0726112840743634,2.08678119979803e-36,1.29961848587854e-35
"CUX1",-0.0726403272564002,1.95723987301594e-36,1.22025971326302e-35
"GALC",-0.072640604062968,1.95604449671503e-36,1.22025971326302e-35
"SIK3",-0.0727860306209139,1.41855080669854e-36,8.87286605447989e-36
"FUT11",-0.0729731459391088,9.37349682148059e-37,5.8757561053781e-36
"NUCKS1",-0.0729941928407756,8.94607616355961e-37,5.62617461671192e-36
"RPL35A",-0.0731891968455911,5.80173662860013e-37,3.66468950023406e-36
"CHST12",-0.0733289475664928,4.25074497229054e-37,2.69089421023047e-36
"CPD",-0.073555121967623,2.56615828473607e-37,1.6280566367517e-36
"SELENOK",-0.0736762693685455,1.95706086719289e-37,1.24299229307284e-36
"PRKCH",-0.0737316135540604,1.72894110988751e-37,1.10053017447254e-36
"TGFBR2",-0.0737875188110899,1.5253496736082e-37,9.72010117977733e-37
"MYO1F",-0.0740262115031525,8.92470726352402e-38,5.71875408763811e-37
"SUPV3L1",-0.0744961428771594,3.09112757568773e-38,1.99849021625461e-37
"ABHD17A",-0.0745682914687086,2.62519747154924e-38,1.7010689683623e-37
"BZW1",-0.0749995979638822,9.85278549378422e-39,6.42771650934995e-38
"H3F3B",-0.075192807445441,6.34028299284112e-39,4.15033053572245e-38
"DNAJB6",-0.0754514785233636,3.50769268793267e-39,2.3065979169108e-38
"OFD1",-0.075462704271525,3.41857049837606e-39,2.25055891143091e-38
"SRGN",-0.0755509865244915,2.79182193858701e-39,1.84215527686857e-38
"PTPRC",-0.0756390602370699,2.2805320154598e-39,1.50823717123356e-38
"RPS8",-0.0758828801770745,1.30105985294048e-39,8.63430629678679e-39
"CD55",-0.0760503925409228,8.83864830720933e-40,5.88596822028594e-39
"SPON2",-0.076055467478212,8.73560615198041e-40,5.82407406687526e-39
"KIF21A",-0.0769178828842417,1.17733993362785e-40,7.96915422210308e-40
"ZBTB38",-0.0773216885686725,4.57072864586499e-41,3.11945468647378e-40
"DGKD",-0.0779317561764725,1.08414930349686e-41,7.43435081244516e-41
"PRMT2",-0.0782813283675045,4.72937084543314e-42,3.25080830341036e-41
"TENT5C",-0.0784957600973149,2.83792246447958e-42,1.96003579073697e-41
"PTP4A2",-0.0786928038768679,1.7727496444448e-42,1.22730458577589e-41
"STK17A",-0.0788828451686363,1.12478682749705e-42,7.80583108805715e-42
"HIPK1",-0.0790289320818492,7.92256343675424e-43,5.51804629707267e-42
"ADGRG1",-0.079076120388312,7.07360885701043e-43,4.93270886074718e-42
"GALNT11",-0.0791458743565626,5.98167690899199e-43,4.18644790463068e-42
"PPP3CA",-0.0791888223559046,5.39456392763509e-43,3.78012760275474e-42
"CCNH",-0.0794711449372549,2.73158248239117e-43,1.92344764053112e-42
"TGFBR1",-0.0794729182457503,2.71991069880824e-43,1.91757029340185e-42
"HSPA5",-0.0799992141519442,7.59955720486432e-44,5.41738521637237e-43
"B4GALT4",-0.08020430399033,4.61318917882761e-44,3.29668674030964e-43
"ZBTB1",-0.0802070951461957,4.58191552027051e-44,3.27840034806452e-43
"GSTP1",-0.0802643810411719,3.98466985999839e-44,2.85460758790195e-43
"VAV3",-0.0804602121262801,2.47011356893495e-44,1.77842009388862e-43
"SOS2",-0.0812566515156223,3.4904084671197e-45,2.55771100760855e-44
"AGTPBP1",-0.0814046490815399,2.42119685778001e-45,1.78100029066547e-44
"CEMIP2",-0.081662351778511,1.27862986297184e-45,9.42948647027953e-45
"PLAAT3",-0.0821812243068412,3.51378335171435e-46,2.60462578269109e-45
"ZBTB44",-0.0821862098159165,3.47030531542549e-46,2.57570794775532e-45
"TNRC6C",-0.0825416191782897,1.42574281603298e-46,1.06921441093136e-45
"SIPA1",-0.0826892344577564,9.84221434789002e-47,7.41961439794532e-46
"F2R",-0.0828490918875571,6.5837119162673e-47,4.98271215500177e-46
"RAB9A",-0.0828789964323427,6.10613857495339e-47,4.62734575055929e-46
"RNF115",-0.0830883949139592,3.60107761464619e-47,2.75065094088272e-46
"IGF2R",-0.083288859157983,2.16939436544505e-47,1.66368315233e-46
"GK5",-0.0843152083665093,1.58905573674452e-48,1.2400655526124e-47
"S100A8",-0.0847454307667955,5.2617816398568e-49,4.13415459360411e-48
"LINC02591",-0.0847931966321318,4.65251912762251e-49,3.66544778811462e-48
"JOSD1",-0.0850391868090226,2.46588718721227e-49,1.95072310132416e-48
"SNHG16",-0.0851313569812279,1.94293645791685e-49,1.53913661439649e-48
"SRSF5",-0.085401805436522,9.639889853332e-50,7.72128399780078e-49
"IRF1",-0.0854039597205303,9.58613525927597e-50,7.68890709878227e-49
"MIDN",-0.0854852999464748,7.76075249604208e-50,6.25087425204954e-49
"JUNB",-0.0855614256259458,6.36745340043444e-50,5.14301173113522e-49
"PRKCB",-0.0863120892805878,8.96237299772816e-51,7.30028320309298e-50
"SLC20A1",-0.0866275293854001,3.91163806077981e-51,3.20887861970372e-50
"IDI1",-0.0866998241529623,3.23333272881705e-51,2.6638042638697e-50
"ZBTB7A",-0.086740637885581,2.90353521959801e-51,2.40239420536897e-50
"RBM39",-0.0869096977441627,1.85845791573416e-51,1.54211896403438e-50
"LYZ",-0.0871180889506442,1.07096341297577e-51,8.95108116323374e-51
"DTHD1",-0.0872761131816265,7.04479098852948e-52,5.90513221378626e-51
"SH2D1A",-0.0875320396025088,3.56910504392926e-52,3.01803941178007e-51
"RPS13",-0.0876299540829537,2.75009274544835e-52,2.33232130338245e-51
"TFDP2",-0.0876954844756289,2.30944551050277e-52,1.97020299690377e-51
"LYST",-0.087805142954444,1.72373336725915e-52,1.47489174020527e-51
"CCNL1",-0.0879044538326954,1.32215395769515e-52,1.13634305127093e-51
"NCL",-0.0879828803763593,1.07207331396468e-52,9.24162451664319e-52
"SLC38A1",-0.0879882878786412,1.05667896777908e-52,9.12255629817657e-52
"APBA2",-0.0884644184148681,2.94672336356687e-53,2.57871830617452e-52
"PRR5",-0.0885778218558238,2.17170493250453e-53,1.90627432964287e-52
"CLIP4",-0.0886009407400371,2.0406098620972e-53,1.79393248090161e-52
"CCSER2",-0.0890432032114294,6.18161295687074e-54,5.45932035563148e-53
"DNAJB1",-0.089439394925027,2.10990339607202e-54,1.88356236612188e-53
"ERN1",-0.0896423739069322,1.21417082077573e-54,1.09067338370929e-53
"ANTKMT",-0.0899955400358746,4.62831554592316e-55,4.17707288784645e-54
"PDZD8",-0.0901214256287348,3.27884263271037e-55,2.96380649887786e-54
"SNRK",-0.0902718267322957,2.17064021594525e-55,1.96516202909832e-54
"RAP1B",-0.0903739732965521,1.63966877303294e-55,1.4867877066165e-54
"RPS21",-0.0905481243446146,1.01560118028991e-55,9.2381261935835e-55
"RPS16",-0.0906018392708464,8.75943876711558e-56,7.9803607219519e-55
"YPEL1",-0.0907156780451043,6.40014617026702e-56,5.84013338036865e-55
"STOM",-0.091460295426544,8.13739364810145e-57,7.56908857558081e-56
"RPL35",-0.0914718290165473,7.88049327253491e-57,7.34197168056686e-56
"ZNF652",-0.0917048509244513,4.11809553930626e-57,3.84288947818434e-56
"SFMBT2",-0.0917348202099026,3.78785948928578e-57,3.54045148698721e-56
"GSE1",-0.0920524823006641,1.55907037785026e-57,1.46435812199714e-56
"TMEM71",-0.0923835823346449,6.16022985341066e-58,5.81441007604244e-57
"PTMS",-0.092621110274261,3.1578779865554e-58,3.00024420897281e-57
"FGR",-0.0926914986617868,2.5897228058399e-58,2.46858370599648e-57
"CD63",-0.0927594989664376,2.1378194622079e-58,2.04457791684129e-57
"KLF13",-0.0936679267316482,1.62731963898823e-59,1.57198531960555e-58
"CMIP",-0.0941071906357168,4.64174453061113e-60,4.52943159188399e-59
"P2RY8",-0.0942062535314926,3.49513372170104e-60,3.41634511407625e-59
"USP11",-0.0942620015701219,2.97896285064149e-60,2.91675360944813e-59
"CHD9",-0.0944913541780865,1.54211182808724e-60,1.52283543023615e-59
"RBMS1",-0.0946620993179006,9.43583703349184e-61,9.34990930792911e-60
"RASSF1",-0.0948113905280383,6.1366498330417e-61,6.11227281297953e-60
"CTPS1",-0.095090141738007,2.74319483406137e-61,2.75130514922295e-60
"TSHZ1",-0.0951514348480418,2.29736166325333e-61,2.31582644332164e-60
"TXK",-0.0953130574787011,1.43839101736393e-61,1.4604227107637e-60
"IL7R",-0.0953296966514108,1.37063515131562e-61,1.39408340699068e-60
"REL",-0.0957749609003562,3.75655347283276e-62,3.88244513939543e-61
"LAG3",-0.0958994905947806,2.6127667310676e-62,2.70517517739082e-61
"PLEKHA1",-0.0959696386596418,2.12903396347523e-62,2.20829835743915e-61
"TRG-AS1",-0.0959871244802549,2.023055197488e-62,2.10215483313753e-61
"FUS",-0.0961617809832319,1.21420128450192e-62,1.27083462935074e-61
"RPLP0",-0.0963222851412129,7.58891631986571e-63,7.95732371212101e-62
"MTFP1",-0.0971996278387351,5.73308229994961e-64,6.0888923800754e-63
"RHBDF2",-0.097214437313935,5.48736790828769e-64,5.83868094595851e-63
"HIST1H1E",-0.0976141702271408,1.67788830220341e-64,1.79192256274205e-63
"RPS19",-0.0984405267734807,1.42614754689866e-65,1.53158154617589e-64
"LPCAT1",-0.098736196191242,5.87334232530585e-66,6.33113368038109e-65
"RPL27",-0.098741683645155,5.77728367780148e-66,6.2509559042929e-65
"TTC3",-0.0988356011436071,4.35602538880001e-66,4.73984875796409e-65
"ANXA1",-0.0988803114855868,3.8077474119571e-66,4.15109249995399e-65
"RRAS2",-0.0989776043264451,2.84082624220279e-66,3.11464732676492e-65
"TC2N",-0.099044580521637,2.32161730686563e-66,2.55510820776604e-65
"ITCH",-0.0993166203509463,1.02128096401034e-66,1.13482221954675e-65
"ARAP2",-0.0997484379802036,2.76054530153968e-67,3.07931619999601e-66
"ADGRE5",-0.0999020725991476,1.73082232107252e-67,1.93818491759713e-66
"TSEN54",-0.10012405001075,8.80569421000652e-68,9.91844502131008e-67
"TYROBP",-0.101012771954571,5.79587231721609e-69,6.64508859908254e-68
"IKZF3",-0.101398174893182,1.76764500095111e-69,2.038801744097e-68
"DPP4",-0.101757584381505,5.81646291123027e-70,6.72215262706713e-69
"PTGER2",-0.101816692238659,4.84287320986815e-70,5.60820277134731e-69
"SMAD7",-0.102415482007772,7.52527911563949e-71,8.82078956501889e-70
"MLLT6",-0.102590444071738,4.35865784486459e-71,5.11942561941631e-70
"RNF125",-0.102951416409668,1.40843952098633e-71,1.66103695654973e-70
"SBDS",-0.103317708005994,4.45764591795911e-72,5.27869486835117e-71
"ENC1",-0.103338957207122,4.16932482543957e-72,4.94742721570164e-71
"XBP1",-0.103422647076201,3.2035647627155e-72,3.80926968795469e-71
"AC245297.3",-0.10426726574653,2.21558832458971e-73,2.70705463303154e-72
"PPP2R2B",-0.104578084920549,8.244108670817e-74,1.01156967456599e-72
"RPS7",-0.104640375039359,6.75995808897398e-74,8.34789685205845e-73
"BTG2",-0.104670515515034,6.14066792402906e-74,7.59940599096043e-73
"PRKD3",-0.104774018387676,4.41394257917453e-74,5.47423803313968e-73
"S100A9",-0.10491505597304,2.8132398005551e-74,3.51167833978382e-73
"CLIC3",-0.105791072802849,1.6911262547981e-75,2.14817733731733e-74
"SRRM2",-0.105891604276998,1.22289902258185e-75,1.56027846531627e-74
"RPL26",-0.106534907662069,1.52504191305668e-76,1.96315105191917e-75
"CD7",-0.107154941102431,2.02584053231461e-77,2.65523235224054e-76
"USP28",-0.107453094550502,7.64183441529007e-78,1.00617486467986e-76
"TBX21",-0.107688096519357,3.53693959186366e-78,4.68908750029373e-77
"SYNE2",-0.108374685357809,3.68871911766997e-79,4.94717282595412e-78
"FCRL6",-0.108688629000481,1.30572486569613e-79,1.75527163181109e-78
"BHLHE40",-0.109328983862895,1.55515355990384e-80,2.11522891036922e-79
"KLRC4",-0.110643294197152,1.89584169208622e-82,2.64089831842058e-81
"DUSP1",-0.111724453760233,4.85152611617011e-84,6.89131800787021e-83
"XCL2",-0.111972971808613,2.07837135106698e-84,2.96682365881269e-83
"RPL14",-0.112266869445805,7.60791199675779e-85,1.08870542147152e-83
"RPL41",-0.112392556473979,4.94601561908876e-85,7.11313518086905e-84
"MT-CO1",-0.112441485727716,4.1821133969673e-85,6.0295619900776e-84
"PILRB",-0.112908614992588,8.39793677978965e-86,1.22300256083452e-84
"ATG2A",-0.114135011191772,1.20128616531704e-87,1.77636341420087e-86
"CNOT6L",-0.1145397529341,2.92711582834585e-88,4.38459142391442e-87
"RPS20",-0.114771143457621,1.30278861972346e-88,1.96680156281287e-87
"VPS37B",-0.114887343765069,8.67062114314291e-89,1.31935282671518e-87
"SEPTIN7",-0.11515903807573,3.34114538112734e-89,5.09745645845538e-88
"RPS4X",-0.11571495580027,4.71380182198051e-90,7.26858157950845e-89
"KLF3",-0.11687435209367,7.69277744171499e-92,1.19258729855834e-90
"ATP8A1",-0.116927635015398,6.36071499955155e-92,9.88739714350776e-91
"RPL19",-0.117292380475677,1.72660849679638e-92,2.70580195680019e-91
"SRSF7",-0.117561830064172,6.57175507194242e-93,1.0355003142047e-91
"PER1",-0.118038818631859,1.1820369104888e-93,1.87790822666362e-92
"MCTP2",-0.118490104979004,2.31677805003767e-94,3.69084503164842e-93
"TSPYL2",-0.118663595987229,1.23613221707067e-94,1.98021513773515e-93
"CRTAM",-0.119279947665005,1.31682769027735e-95,2.13318687916558e-94
"GTF3C1",-0.119738624855354,2.46852186061897e-96,4.02145920061854e-95
"LINC01138",-0.119742330543584,2.43529234915029e-96,3.97856401630304e-95
"GZMB",-0.119802602448688,1.95340791862777e-96,3.20037030304725e-95
"PATL2",-0.120043390478808,8.08618479836915e-97,1.33237222091985e-95
"RPLP2",-0.120388324511459,2.27847444387407e-97,3.77585118328212e-96
"PECAM1",-0.12058431783525,1.10752626146416e-97,1.85133447822139e-96
"AKNA",-0.120610280008277,1.00650285072244e-97,1.68735521515009e-96
"CEBPB",-0.121048414278578,1.99721633907695e-98,3.36782065130315e-97
"GNPTAB",-0.121136426500469,1.44216314390759e-98,2.43898969235045e-97
"AUTS2",-0.12145075058277,4.49908629568436e-99,7.6537553590595e-98
"DDX6",-0.121740252279059,1.53460066435844e-99,2.63394108076045e-98
"KLRB1",-0.12181448907173,1.16419561912698e-99,2.0041540703001e-98
"CD81",-0.122030976712933,5.19691384479589e-100,8.9732341745323e-99
"TGFBR3",-0.123108249652164,9.18780488393343e-102,1.61051886825666e-100
"RPL6",-0.123265050210935,5.09104433263603e-102,8.95123556899755e-101
"HSP90B1",-0.123775651643882,7.40515849033662e-103,1.31401689273142e-101
"CBLB",-0.123892916547717,4.75055406538846e-103,8.45569299231335e-102
"ADRB2",-0.12392462634397,4.21288279306101e-103,7.5218870178275e-102
"RPL36A",-0.124012232292436,3.022665258177e-103,5.41357470307663e-102
"PTGDR",-0.124109333877851,2.09146082017507e-103,3.75746247661982e-102
"FYN",-0.124801513770258,1.50177284831139e-104,2.7234981183056e-103
"RPS15A",-0.126535518421793,1.91606276237921e-107,3.53033033566803e-106
"PAXX",-0.127254556917285,1.17552202968746e-108,2.17981850328217e-107
"FGFBP2",-0.12745560121474,5.37080655238323e-109,9.99143270567551e-108
"YBX3",-0.12766021552868,2.4167957121504e-109,4.5105698614794e-108
"SERPINB6",-0.127883606917877,1.00916344249521e-109,1.89571517031592e-108
"EFHD2",-0.12924652076123,4.73358194642312e-112,9.19143672896367e-111
"NUCB2",-0.129455881952264,2.06636822256017e-112,4.0259275471299e-111
"LINC02084",-0.129464071540503,2.00038726878195e-112,3.91058758612391e-111
"RPL27A",-0.130413734873236,4.57708356441843e-114,9.07080443848834e-113
"LINC02446",-0.130523283320416,2.95495635313569e-114,5.87628734087363e-113
"RPL34",-0.130589353066158,2.26912232302298e-114,4.54375987391443e-113
"FKBP11",-0.131619670081379,3.62697841018851e-116,7.36506496181589e-115
"LINC00987",-0.131842216265356,1.47786018336353e-116,3.02227648136789e-115
"EEF1A1",-0.132059117725457,6.15116888062573e-117,1.26241248877468e-115
"PTPN4",-0.132134929040007,4.52638790371233e-117,9.32274251453894e-116
"PDE4D",-0.132406888307929,1.50401068263361e-117,3.13127422626283e-116
"RPL5",-0.132735773592262,3.9558046323619e-118,8.32595814409893e-117
"APMAP",-0.13308344757462,9.60436026384193e-119,2.0438503926781e-117
"RPL13A",-0.133517253458054,1.63332706851712e-119,3.52786412140009e-118
"MT-ND4",-0.133650596258443,9.46362991118631e-120,2.05950013954005e-118
"PITPNC1",-0.134018143726232,2.09643334074284e-120,4.57959510456969e-119
"GAB3",-0.13440896148349,4.20169588626425e-121,9.21337649280834e-120
"PIP4K2A",-0.136342021808683,1.37976496991736e-124,3.17016118785394e-123
"RGS2",-0.136459241804496,8.45095321764133e-125,1.9494658882455e-123
"B4GALT1",-0.136469263013011,8.10393625121112e-125,1.87692370926645e-123
"RPL10A",-0.139318272065978,4.73781970949759e-130,1.12904984564763e-128
"BTG1",-0.140434636919238,3.93070441293745e-132,9.52452619723121e-131
"IFNGR1",-0.140966979652683,3.94477340479988e-133,9.59894861834636e-132
"CD160",-0.142492503071626,5.16510223623797e-136,1.28392864639588e-134
"CD69",-0.142798834431954,1.34985970808804e-136,3.38462649414944e-135
"C1orf21",-0.1430040431351,5.48473451376957e-137,1.38124296685193e-135
"CLEC2B",-0.144427380082564,1.02371418737178e-139,2.62389320825468e-138
"MTRNR2L12",-0.144888284437977,1.3196588225551e-140,3.41276790568398e-139
"AOAH",-0.145829164915547,1.97269662185091e-142,5.24264581484525e-141
"RPL9",-0.146925659809216,1.41983826897187e-144,3.8262650921312e-143
"SATB1",-0.14732052354872,2.37949915447959e-145,6.50358844733828e-144
"METRNL",-0.147743658945714,3.48965748827038e-146,9.67541093021889e-145
"RPL32",-0.14844283629021,1.44456338550952e-147,4.06380343621142e-146
"RPS23",-0.148964254619237,1.33010794180376e-148,3.76016299038347e-147
"PPP2R5C",-0.149367779823285,2.08758758616541e-149,5.9896107509532e-148
"SYTL3",-0.151634899494713,5.74091236693565e-154,1.68917559286316e-152
"TNFAIP3",-0.151736629644353,3.56988126551635e-154,1.05576950042219e-152
"RPS2",-0.154768595707789,2.17212210483747e-160,6.77115036680956e-159
"DDX5",-0.156368445957231,1.0120587311412e-163,3.26063838128007e-162
"PNRC1",-0.156459029244773,6.53872886488076e-164,2.13044346687951e-162
"FTL",-0.156505020603891,5.23754350736012e-164,1.71618826175828e-162
"LINC01871",-0.156981733970161,5.23024976895721e-165,1.72359145243293e-163
"SAMD3",-0.157278581027414,1.24119330543332e-165,4.11377114507697e-164
"MGAT4A",-0.157621517881385,2.34760727093171e-166,7.91733984296091e-165
"RPL30",-0.157693085042004,1.65764057066711e-166,5.62330186531603e-165
"NR4A2",-0.162262893652137,2.62939803021927e-176,9.36033237053985e-175
"GABARAPL1",-0.162373227298124,1.5122268940469e-176,5.41677794904873e-175
"RPS3A",-0.164118045606742,2.27836036821658e-180,8.53201574253572e-179
"ARHGAP26",-0.165764574092298,5.14605813518261e-184,1.97848781770654e-182
"ZFP36",-0.165925302665589,2.25681040831978e-184,8.73491652669808e-183
"S1PR5",-0.166133521201888,7.74819475711382e-185,3.0191783219105e-183
"TRGC1",-0.167448664465041,8.75885531243556e-188,3.532329971106e-186
"EOMES",-0.167464327226088,8.07616409794354e-188,3.27994636287608e-186
"RPL7A",-0.167986786422849,5.36592594152396e-189,2.19470176629565e-187
"GZMH",-0.168058877514374,3.68855252399818e-189,1.51942017184982e-187
"ZNF331",-0.171310027889778,1.40833344533178e-196,6.06108879046893e-195
"RPL10",-0.173406878126301,1.9254211843089e-201,8.41204846205261e-200
"MT-CYB",-0.174197869053894,2.71225708285407e-203,1.19401424403202e-201
"RPS12",-0.17443680734566,7.45375287714678e-204,3.3065994494235e-202
"CEBPD",-0.174903027514225,5.96321911601596e-205,2.70786493244599e-203
"EEF1B2",-0.175057674892734,2.57602374145569e-205,1.17904197753769e-203
"CMC1",-0.175083598230425,2.23774486244684e-205,1.03240596973847e-203
"MT-ND3",-0.175422188586073,3.55119682129504e-206,1.66502049336655e-204
"NCR3",-0.17551734187267,2.11551459644126e-206,1.00001415390793e-204
"GPR65",-0.176745226706576,2.57551562258479e-209,1.24815114247449e-207
"SYTL2",-0.177329170069454,1.04045059895122e-210,5.17265396909628e-209
"SLAMF7",-0.178337881545157,3.96563430879244e-213,2.02387726184124e-211
"PLAC8",-0.180413295592311,3.76273207175576e-218,2.00922924609403e-216
"STAT4",-0.183040912197753,1.3409873953926e-224,7.65690525666247e-223
"FOSL2",-0.183642416155461,4.3387193294844e-226,2.50213943731366e-224
"RPS18",-0.184721950731828,8.91274672033404e-229,5.1919000339562e-227
"HOPX",-0.184871738563131,3.76535626366348e-229,2.21579689515789e-227
"RPS6",-0.185779549303346,1.99959088543266e-231,1.1888289315763e-229
"RPS3",-0.186639791397765,1.36231539254371e-233,8.18382590499955e-232
"ZEB2",-0.187130522930697,7.82509185774408e-235,4.75024260459054e-233
"PDCD4",-0.188469434482305,3.0929528892361e-238,1.91796336690587e-236
"SYNE1",-0.190095320074667,2.10319517114324e-242,1.33287104966847e-240
"MT-CO3",-0.195914705598754,1.23341557060387e-257,8.27105534380527e-256
"RPS27A",-0.196514261189615,3.1168343456744e-259,2.11468043194168e-257
"CCL4",-0.197475599364303,8.34505802933563e-262,5.79830718737091e-260
"MT-ND2",-0.198557482862312,1.02420898224978e-264,7.29211506251173e-263
"RPL17",-0.198735965597209,3.3766907502575e-265,2.43417194459188e-263
"PIK3R1",-0.202433631150575,2.75115384259899e-275,2.0605070402946e-273
"RPL13",-0.204032500542596,1.03425034470311e-279,7.95269565053714e-278
"RPL23A",-0.204136628893927,5.31054750757012e-280,4.13863884812931e-278
"PARP8",-0.2048187204208,6.68184990415961e-282,5.27866142428609e-280
"MAP3K8",-0.205736783669199,1.80463133678581e-284,1.46581815763997e-282
"GNLY",-0.205758809748704,1.56535115810065e-284,1.28962573268092e-282
"RPS14",-0.206127329788077,1.44528816294256e-285,1.20796765734634e-283
"ID2",-0.206649583443462,4.90034175105426e-287,4.28185922398938e-285
"ATM",-0.207244124718733,1.02835208398128e-288,9.26641635675009e-287
"LITAF",-0.20800877260436,7.01810183460788e-291,6.52796665809414e-289
"HCST",-0.210801389497169,7.27879094254107e-299,6.88144055174334e-297
"MT-ATP6",-0.211816138527515,8.55230737097855e-302,8.22019276807221e-300
"A2M-AS1",-0.215313331129748,5.20472385548264e-312,5.1751107714773e-310
"MT-CO2",-0.215332589892522,4.56702706577334e-312,4.62070966461666e-310
"PLEK",-0.21757137245783,1.05437561347689e-318,1.08581859346356e-316
"ARL4C",-0.217813812051193,1.99424657287361e-319,2.09105824211055e-317
"TXNIP",-0.217932355192184,8.82796495989139e-320,9.42793851757517e-318
"MT-ND1",-0.221581234580552,0,0
"MATK",-0.223560507779424,0,0
"CD8B",-0.22708663606086,0,0
"RUNX3",-0.227687438094913,0,0
"TRGC2",-0.237094716453194,0,0
"PRF1",-0.249944631828393,0,0
"CXCR4",-0.264059966652856,0,0
"MALAT1",-0.26791742249143,0,0
"KLRD1",-0.269755772635487,0,0
"ZFP36L2",-0.273266839919062,0,0
"KLRG1",-0.279569969849383,0,0
"GZMM",-0.282245103896624,0,0
"CD8A",-0.291424671947235,0,0
"RPL3",-0.299699959812583,0,0
"DUSP2",-0.302977566766751,0,0
"KLRK1",-0.307470674238273,0,0
"GZMA",-0.308091097003939,0,0
"LYAR",-0.311332884418385,0,0
"CST7",-0.321379051482821,0,0
"MYBL1",-0.332750126512735,0,0
"GZMK",-0.333109316298503,0,0
"CTSW",-0.34029485057288,0,0
"NKG7",-0.433269108277843,0,0
"CCL5",-0.485916942292341,0,0
