"gene","cor","pval","FDR"
"LTB",0.36997167101561,0,0
"MAL",0.348691022075743,0,0
"MT-ATP8",0.335844132895603,0,0
"RPL36",0.335567691847236,0,0
"RPS28",0.334890089428291,0,0
"MT-ND4L",0.315818795523385,0,0
"RPL39",0.31534335872664,0,0
"MT-ND5",0.2819618175383,0,0
"RPS29",0.281794872000127,0,0
"RCAN3",0.279491108863401,0,0
"FXYD2",0.269410737468198,0,0
"MT-ND6",0.263623763015398,0,0
"RPS21",0.260843571492326,0,0
"TNFRSF4",0.250843139044239,0,0
"RPL38",0.249906645498866,0,0
"RPL28",0.238307784484849,0,0
"TPT1",0.238218680358301,0,0
"RPS27",0.238141398686449,0,0
"RPL34",0.237988196481251,0,0
"FOSB",0.236853635769486,0,0
"RPL32",0.235943300698993,0,0
"RPL41",0.232646186662046,0,0
"CD40LG",0.22476438006089,0,0
"CD4",0.220741794512916,0,0
"BIRC3",0.220008443558013,0,0
"PLP2",0.216415952762889,0,0
"RPLP1",0.215176899946945,0,0
"RPL37",0.212703423401299,0,0
"LDHB",0.210070378723248,0,0
"RPL30",0.209309018710593,0,0
"RPS25",0.204385388809358,2.96439387504748e-323,1.12152901605963e-321
"RPL9",0.196524464982708,1.59812313969467e-298,5.52832226842526e-297
"LEF1",0.193406146232026,5.17324707688031e-289,1.68551608249054e-287
"RPL13",0.192915324733352,1.56941858178914e-287,4.99717143883315e-286
"RPL35A",0.192882287046096,1.97399716275743e-287,6.21476410117563e-286
"SUSD3",0.192252254104151,1.55370181566643e-285,4.83719165277482e-284
"JUN",0.191590533146473,1.49820161355493e-283,4.58793543298461e-282
"IL7R",0.188669823404989,7.00987549264933e-275,2.02491454952613e-273
"RPL11",0.185284488433452,5.20639426079541e-265,1.42325041158524e-263
"S100A11",0.184087526273748,1.44826695764301e-261,3.93984855855895e-260
"RGCC",0.179029953147889,2.82732475474717e-247,7.40389155402017e-246
"MT-ND4",0.174576225899285,4.84251295291647e-235,1.21692567659838e-233
"CORO1B",0.173081647858269,5.21377576238282e-231,1.25939652467213e-229
"FXYD5",0.172675131406756,6.4194536511982e-230,1.53737684877413e-228
"RPS12",0.170394352492421,7.49189862785439e-224,1.74209958134838e-222
"FOS",0.169354122016171,4.10553296034753e-221,9.42926504499489e-220
"RPS15",0.167969394992771,1.70474280309358e-217,3.8366982604564e-216
"VIM",0.167375328100376,5.94754901611116e-216,1.3226216145352e-214
"RPL37A",0.165923475370942,3.31324520807906e-212,7.28134358669609e-211
"RPL22",0.162422036115461,2.58729044436248e-203,5.43040286524619e-202
"SERINC5",0.161226093284956,2.53778222937063e-200,5.19041299758868e-199
"CAPG",0.160151030265307,1.18537105123609e-197,2.36399265876406e-196
"GPR183",0.160109667048286,1.50032401425741e-197,2.98149495599238e-196
"THEM4",0.157364768298921,8.03416649191337e-191,1.55790550244576e-189
"RPL8",0.15683786092935,1.52273356673959e-189,2.89267759593514e-188
"MT-ND2",0.149310207186224,8.84939044705773e-172,1.54974950204098e-170
"RPS23",0.149156397564743,1.99698118330073e-171,3.48631855178109e-170
"RPLP2",0.148698453486054,2.24129129191995e-170,3.87660382713561e-169
"RPL24",0.148363805264048,1.30545063760362e-169,2.23723100095739e-168
"TNFRSF25",0.146408768269417,3.5528047062666e-165,5.92557070652322e-164
"RPL18",0.145995658788457,3.01877196553813e-164,4.99032392179224e-163
"TBC1D4",0.145970226388649,3.44309720511649e-164,5.67503433455083e-163
"SESN3",0.144235012497409,2.56827536574881e-160,4.08881112206146e-159
"AQP3",0.141497880772838,2.63395013923609e-154,3.96791843555889e-153
"TESPA1",0.141468372328515,3.05322589929107e-154,4.58720588193758e-153
"CISH",0.140984115243845,3.4320258390333e-153,5.11517893668687e-152
"TIMP1",0.140153951613141,2.12926178711997e-151,3.11550471410453e-150
"RPL12",0.139737549549779,1.67218420173659e-150,2.42769955091499e-149
"MAP3K1",0.137508252366848,9.2942089134614e-146,1.31527138260196e-144
"SNHG25",0.136256035230712,3.97032264874625e-143,5.45335493224853e-142
"PRKCQ-AS1",0.135204136233037,6.15708492006454e-141,8.33437292078302e-140
"RPS13",0.134766683760605,4.95665384824331e-140,6.69327425676037e-139
"RPL18A",0.133891250264862,3.15353637539346e-138,4.18777674116231e-137
"DGKA",0.133090156964863,1.37596172395265e-136,1.79741014010039e-135
"TNFSF10",0.132612189581112,1.29463371630741e-135,1.65642176853578e-134
"CD82",0.131664234804818,1.07715176666337e-133,1.35041577189744e-132
"COX7C",0.129743731478348,7.56477901849666e-130,9.15616017703138e-129
"RPL36A",0.12911703527409,1.32244633372901e-128,1.58354471243961e-127
"RPS8",0.127583155569476,1.36939412201975e-125,1.58228549686571e-124
"LINC00892",0.126855649487459,3.57781206276455e-124,4.07521520319768e-123
"RPL35",0.121107940196301,2.86156168204645e-113,2.96417590872242e-112
"NCF1",0.119957247754904,3.77617702261105e-111,3.84758109722042e-110
"GPX4",0.118949166080472,2.61607709495853e-109,2.60862918863836e-108
"SH3YL1",0.118936270875936,2.76116292524543e-109,2.74841155116792e-108
"PVT1",0.118776449701493,5.38773433222581e-109,5.34386959252982e-108
"TRADD",0.118274014698117,4.37997150707733e-108,4.32898771175686e-107
"RPS27A",0.117313316005586,2.34743790632321e-106,2.29581885288574e-105
"SYPL1",0.115439361060345,5.03403501326787e-103,4.81411812531624e-102
"TMEM14C",0.114097888867432,1.12967792631685e-100,1.05511918317994e-99
"TRABD2A",0.113792165846215,3.84440288498106e-100,3.56099731693122e-99
"PRKCA",0.111611006391042,2.173480206634e-96,1.92419953838499e-95
"RPS16",0.109909768107857,1.63083722942495e-93,1.40171960639531e-92
"ICOS",0.109196413369858,2.53890399994345e-92,2.14277379754264e-91
"PRDX1",0.106766235223035,2.55182769593653e-88,2.09376902020912e-87
"NABP1",0.106614058688596,4.51248346133182e-88,3.69167260106621e-87
"TRAC",0.106479265717208,7.47136085162917e-88,6.08568404251888e-87
"SELENOM",0.105689322517413,1.41602242848925e-86,1.13200994140567e-85
"RIC3",0.104178017380372,3.70267736257142e-84,2.87393406369117e-83
"CHMP7",0.103979029936954,7.65902553585456e-84,5.89576636029244e-83
"FAU",0.103956933097915,8.30210677324176e-84,6.38203105037679e-83
"RPL19",0.103879215924813,1.10224811757552e-83,8.43852247389784e-83
"RBPJ",0.102890334348677,3.98413536059759e-82,2.99692544440119e-81
"SNHG8",0.102772195558637,6.10179615410879e-82,4.5775723758535e-81
"CD27",0.10211212672356,6.54350650018712e-81,4.82497505619061e-80
"NOSIP",0.102048800011916,8.20932853555451e-81,6.04534521856077e-80
"EEF1A1",0.0995824036569044,5.03782614967742e-77,3.56014851737608e-76
"CXCR3",0.0993323279948473,1.20521329651959e-76,8.46367833796462e-76
"RPL21",0.0992064996408496,1.86769724111705e-76,1.30668855670661e-75
"GSTK1",0.0990300665274957,3.448638109308e-76,2.39778758865534e-75
"RPS9",0.0982074722110401,5.93035481713253e-75,4.07275838176601e-74
"IL6ST",0.0981383526573995,7.52339386954499e-75,5.16047726376133e-74
"RPL10",0.0974948462634153,6.83772585693843e-74,4.6334480897561e-73
"ADI1",0.097199067665826,1.87641293428698e-73,1.25933150703524e-72
"RPS3A",0.0952829598534227,1.20447165595958e-70,7.79429464202942e-70
"SIT1",0.0938495767691934,1.3931351774477e-68,8.7663812987749e-68
"SLAMF1",0.0931532200283629,1.3642896500928e-67,8.50442625041164e-67
"RNASET2",0.0921629399892712,3.39800593340361e-66,2.06758146045535e-65
"HSPB1",0.089845692191315,5.49149924594806e-63,3.19899810543586e-62
"RPS18",0.0898249021102581,5.86277999109888e-63,3.41173614435287e-62
"FAM102A",0.0897354978280008,7.76625990398297e-63,4.51006430071716e-62
"RPS5",0.0881167763956136,1.20182978967677e-60,6.74855124383628e-60
"TRAT1",0.0877563487743036,3.64685681396649e-60,2.03353090402669e-59
"FLT3LG",0.0870634505155069,3.04146040509119e-59,1.67101412844422e-58
"DNPH1",0.0870419855296464,3.2471395221599e-59,1.78226933224134e-58
"TMEM173",0.0854911571884151,3.51604921643246e-57,1.84148970176519e-56
"LPAR6",0.0838819161641813,4.1524730869704e-55,2.0851665931346e-54
"AHR",0.0834485831219409,1.47756520972893e-54,7.34718317242317e-54
"THOC3",0.083098543297667,4.09951858476418e-54,2.01877874771691e-53
"TOMM7",0.0828374549501619,8.75139913107324e-54,4.27947999393843e-53
"INPP4B",0.0825243807167961,2.16583116348791e-53,1.04632050346433e-52
"CRIP1",0.0824965740670554,2.34696301347632e-53,1.13284933053586e-52
"MT-ND3",0.0798707651839503,4.08496375238309e-50,1.86418052673899e-49
"AP3M2",0.0791839957300178,2.76317678233924e-49,1.24077265130041e-48
"RPS10",0.0784519934450074,2.08155773437543e-48,9.18507838066137e-48
"CTSB",0.0783794542923547,2.54009177787016e-48,1.11907817006166e-47
"CLN5",0.0783726543253601,2.58791685807852e-48,1.13925263728767e-47
"CD28",0.0779898042056104,7.37748977547494e-48,3.2148874573687e-47
"ARHGAP5",0.0774789153656628,2.96169870561457e-47,1.27182831772138e-46
"BCL2",0.0774208006367045,3.46699625452751e-47,1.48767588134549e-46
"LGALS3",0.0766664813551989,2.65012802713008e-46,1.11329216372091e-45
"TSTD1",0.0766651109790868,2.65989006356066e-46,1.11655609859131e-45
"IGKC",0.0765654677411139,3.47453264936167e-46,1.44660334078921e-45
"SOCS1",0.0754437119312037,6.86637553902376e-45,2.78229707307948e-44
"ANK3",0.0754199106513106,7.31163959957463e-45,2.96058008063701e-44
"ESD",0.0743071793524254,1.34925449409044e-43,5.31357848551148e-43
"TCEAL8",0.0738388856224755,4.54246952254086e-43,1.75922592980781e-42
"ATP5F1E",0.0736504491665718,7.3873714213425e-43,2.84137470454381e-42
"UBXN11",0.0735497610372893,9.57456290856963e-43,3.67505825613865e-42
"VMP1",0.0735386901587677,9.85129571367671e-43,3.77869001912692e-42
"ITM2A",0.0734732075877418,1.16586413107961e-42,4.45668662385413e-42
"HSPA1A",0.0733443366708845,1.62340587584385e-42,6.18461354740241e-42
"PIM2",0.0725563996330894,1.21345818451235e-41,4.50644113055483e-41
"CD59",0.0725045426927374,1.38416683780995e-41,5.13700063515694e-41
"DYNLL1",0.0719825762808405,5.17957072367411e-41,1.90837043625705e-40
"ZFAS1",0.0712472704641938,3.27053067430339e-40,1.18705012297903e-39
"JUND",0.070972136683776,6.48588803521797e-40,2.34194049931453e-39
"RPL29",0.0704205343998519,2.5389414204166e-39,9.03379537778706e-39
"MIF",0.070246455334797,3.89706498729052e-39,1.37873435535202e-38
"MFHAS1",0.0700984672102862,5.6049347476583e-39,1.97920947233e-38
"COMMD6",0.0695354633735773,2.21814932452923e-38,7.70645307790565e-38
"BEX2",0.0693899592133488,3.15942159835406e-38,1.09563110378565e-37
"HIST1H4C",0.0691482402684342,5.67667174101648e-38,1.95887120915371e-37
"OCIAD2",0.0690184665109628,7.76884404646599e-38,2.6725968100918e-37
"PATJ",0.0677285329655713,1.70178579500482e-36,5.6868262344705e-36
"SNHG6",0.0671010009696647,7.48069142147402e-36,2.46453819670432e-35
"LGALS3BP",0.0668806123131924,1.25418076748142e-35,4.10779019343418e-35
"EEF1G",0.0663790743659947,4.03949036843514e-35,1.30399216732204e-34
"LIMS1",0.0659323746592224,1.13643570075569e-34,3.61851458354256e-34
"PIM1",0.0657324374829867,1.80148514960672e-34,5.71336886157104e-34
"MYC",0.0656835516206323,2.01586214409308e-34,6.37522091168037e-34
"ITM2B",0.0654410398504083,3.51691109645045e-34,1.10723425755665e-33
"ADSL",0.0651057359256106,7.56619748879453e-34,2.36876931436897e-33
"CFAP36",0.065039585386602,8.79663928398019e-34,2.75244927679648e-33
"RPS3",0.0645060124538702,2.9493796271153e-33,9.16712336680761e-33
"TAB2",0.0644110821304969,3.65391228491162e-33,1.13317788846955e-32
"CSKMT",0.0642450678253599,5.31027551559599e-33,1.63869955888766e-32
"POU2F2",0.0641899928850637,6.01017691153074e-33,1.85060612155045e-32
"SOCS3",0.064014104541445,8.9187007639567e-33,2.72224395867175e-32
"SNHG29",0.0637475616679494,1.61872442860181e-32,4.90607447154384e-32
"GATA3",0.0636239542813615,2.13234813679651e-32,6.44882836406241e-32
"TXK",0.0631179214040595,6.55278280200704e-32,1.96583484060211e-31
"ABRACL",0.0629616885305788,9.25072472962562e-32,2.76043990334515e-31
"ITGB1",0.0627390004092276,1.51003096202861e-31,4.48210461398747e-31
"DAD1",0.0622799071086412,4.12429785498173e-31,1.20818427492512e-30
"OXNAD1",0.062112605256644,5.93714149324681e-31,1.72840212613793e-30
"NDFIP1",0.0617203509573114,1.38962695618125e-30,3.99972751024126e-30
"PHTF2",0.0616452084497096,1.63449001479303e-30,4.6996829363264e-30
"RPL23",0.0608194310499294,9.60172861987442e-30,2.70800640089463e-29
"TMEM123",0.0606923483054947,1.25827465214924e-29,3.53984495514274e-29
"SOD1",0.0599785993075115,5.68539067756732e-29,1.56334295177072e-28
"CHURC1",0.0593136162257378,2.28075667123265e-28,6.19251956666074e-28
"PAG1",0.0588463644527887,5.99809381859472e-28,1.61060458837589e-27
"PEBP1",0.0586465860223321,9.04807387964666e-28,2.41799742591988e-27
"UGCG",0.0584988403575263,1.2252089031352e-27,3.27111514681737e-27
"MICOS10",0.0579042090342922,4.11861489986171e-27,1.08462020201245e-26
"LDLRAP1",0.0572725422037912,1.47316643841624e-26,3.83916671595964e-26
"TMEM204",0.0569589560951558,2.75931165442628e-26,7.14564811063073e-26
"TMA7",0.0563677181854221,8.92564455634839e-26,2.27774645235776e-25
"RPS19",0.0560737018966037,1.59300847624148e-25,4.03398983319352e-25
"TRAF1",0.0560495866167389,1.67030153969008e-25,4.22780931726433e-25
"ARID5B",0.0549543780189419,1.40630502172966e-24,3.46414652385627e-24
"ARHGAP15",0.0549316367983098,1.46926860405963e-24,3.61606554991225e-24
"CITED2",0.0540708531778851,7.60988403241734e-24,1.83580672051945e-23
"FTH1",0.0532266580141875,3.72454978556283e-23,8.85172900691013e-23
"RPL27A",0.0526590960443484,1.06842958638952e-22,2.51680512909915e-22
"IFIT1",0.052653437793828,1.07965317831517e-22,2.54110727059145e-22
"STT3B",0.0524870362677623,1.46735918650821e-22,3.43630626042291e-22
"C12orf57",0.0522026492369071,2.47347505763291e-22,5.75876785333396e-22
"OST4",0.0520940237056948,3.01720938959587e-22,7.00432536010575e-22
"SVIP",0.0520858802514003,3.06244225600449e-22,7.10638774436818e-22
"SIRPG",0.0518548362284282,4.66664134311037e-22,1.0739982787183e-21
"TCEAL4",0.0517871270712356,5.27792887191681e-22,1.21269017622886e-21
"MAML2",0.051745917793261,5.68808714809336e-22,1.30585990896826e-21
"TUBB",0.0514046057630075,1.05484199518877e-21,2.40102946427209e-21
"TMSB10",0.0513650495636036,1.13281701049405e-21,2.57537790134225e-21
"RGS10",0.0513316144243537,1.20315350316575e-21,2.73085145068484e-21
"AC025164.1",0.0511636806903506,1.62729733552728e-21,3.67568491265413e-21
"NDUFB1",0.051028946927991,2.07195259651401e-21,4.66501500637386e-21
"NMT2",0.0507780172533749,3.24373280617995e-21,7.27115145833298e-21
"EIF3E",0.0505769400604695,4.63825356641693e-21,1.03556864486855e-20
"UXS1",0.0505403668748346,4.94923389925215e-21,1.10324211501229e-20
"SNHG12",0.0503313127496419,7.16557868882788e-21,1.58907411840884e-20
"SAMSN1",0.0499804707552398,1.32890408679817e-20,2.92390204256653e-20
"SNHG32",0.0495866901411687,2.64465009102805e-20,5.7645348541895e-20
"CKLF",0.048632943073145,1.36969385590742e-19,2.92633029679954e-19
"ANAPC16",0.0481083407639467,3.33955276545054e-19,7.01982509286752e-19
"TMSB4X",0.0480827965605879,3.48682609970702e-19,7.32115903437922e-19
"CSTB",0.0480423229046509,3.73341377325743e-19,7.8301088268468e-19
"GPR155",0.0478323884935973,5.31666795633188e-19,1.11008223648599e-18
"CYB5A",0.0477968332418211,5.64387263096355e-19,1.17752279314668e-18
"NECAP2",0.0477549743615781,6.05465138776321e-19,1.26041108384194e-18
"PIK3IP1",0.0477105043932267,6.52342455150061e-19,1.35648501620072e-18
"ICAM2",0.047436427655187,1.03139872905845e-18,2.13282600651054e-18
"NDUFC1",0.0474118323847372,1.07454653595754e-18,2.21959409786438e-18
"PLK3",0.0472599599436265,1.38333999203128e-18,2.8490398071824e-18
"TMEM238",0.0468954178380746,2.52839459110969e-18,5.15803541630094e-18
"FAM200B",0.0467788790136137,3.06306614771519e-18,6.23290584306316e-18
"RPS24",0.0466564502242784,3.74506888737475e-18,7.60136401479467e-18
"DBP",0.046437199700945,5.36100760207357e-18,1.08029797202518e-17
"PABPC4",0.0464027796441489,5.67071791077755e-18,1.14147640704014e-17
"PLEKHO1",0.046331686769738,6.36739266892182e-18,1.28033256249149e-17
"PLSCR3",0.0460197213222075,1.05656337045869e-17,2.10936271038493e-17
"NBDY",0.0456099058488859,2.04457580269464e-17,4.05442420322036e-17
"CCND2",0.0454968462891119,2.4505203929078e-17,4.84912298088112e-17
"ATP5MD",0.0452530173858211,3.61609047971334e-17,7.11741640408797e-17
"COTL1",0.0452080485802092,3.88424919545549e-17,7.63498158236848e-17
"FKBP1A",0.0447166947862407,8.44896371780167e-17,1.64745973119557e-16
"TMEM63A",0.0446933451261327,8.76500008642653e-17,1.70789500988645e-16
"RNF214",0.0445906264854901,1.0299473418723e-16,2.00063254899562e-16
"RPS15A",0.0443023841230464,1.616518091544e-16,3.12593767598778e-16
"TNFSF8",0.0441293831946117,2.11583708832249e-16,4.07182384717007e-16
"GPR171",0.0439163639491901,2.943147161805e-16,5.62914562960928e-16
"PRDX2",0.0436070192941439,4.7396794262384e-16,8.99463715023366e-16
"NME3",0.0431619919404454,9.35293860464873e-16,1.75885462887421e-15
"ATP6V0E2",0.0431310891181274,9.80250679547377e-16,1.84092654429742e-15
"HINT1",0.0429042867661767,1.38210557998613e-15,2.58522018365897e-15
"BEX4",0.0428461942246072,1.50881018780099e-15,2.81657971100492e-15
"ANTXR2",0.0426152500097907,2.13587448012141e-15,3.96470373852282e-15
"GIMAP1",0.042358866116455,3.13482240292249e-15,5.79404510091611e-15
"SMDT1",0.0422953298992554,3.44633128005834e-15,6.35303963600227e-15
"TMEM258",0.0421954199708258,3.9988394102513e-15,7.34737575575354e-15
"PSMB5",0.042186439988151,4.05257356643609e-15,7.44366511514515e-15
"AC243960.1",0.0418934031918981,6.25516870139557e-15,1.14107960294989e-14
"NOP10",0.0416570563656238,8.85823933456448e-15,1.60860574306219e-14
"NMT1",0.0416244958019651,9.29179956310088e-15,1.68515355183228e-14
"DYNC1I2",0.041360338313243,1.36734091229975e-14,2.46623059946179e-14
"ACAP1",0.0412569649890551,1.58946363372856e-14,2.86226034814102e-14
"RPSA",0.0410788113150233,2.05846102413736e-14,3.69376099240018e-14
"ZFP36L1",0.0410640753953914,2.10285679991708e-14,3.77101104215531e-14
"MRPS33",0.0408638117388116,2.80821398491578e-14,5.01026143631583e-14
"ACTG1",0.0407143822532362,3.48156881870502e-14,6.19781183609369e-14
"CTSA",0.0406437863792986,3.85264420977331e-14,6.84968849986345e-14
"UBL5",0.0404343308979155,5.19782266202365e-14,9.21499468458733e-14
"TMEM106B",0.0400356119541243,9.15388425665257e-14,1.60860355516717e-13
"CCDC66",0.040027715232473,9.25655441537355e-14,1.62613576626186e-13
"GTF2H5",0.0399913516222258,9.74413432339424e-14,1.71018254770753e-13
"PKM",0.0399622116579385,1.01529976848037e-13,1.7797121997385e-13
"CLUAP1",0.0397775782767352,1.31645691446907e-13,2.29468881763132e-13
"NSUN6",0.0397424639529095,1.38294346250523e-13,2.40758470452914e-13
"MRPL17",0.0394468021577749,2.09048299662846e-13,3.61576133120553e-13
"AC007952.4",0.0394384390612191,2.11496633493179e-13,3.65697974111625e-13
"NR3C1",0.0389668870759539,4.06210224396396e-13,6.94025029730915e-13
"TCF7",0.038582361585468,6.8776988070733e-13,1.16831234055286e-12
"PRDX3",0.0383450297463436,9.49507410820854e-13,1.60465607063934e-12
"PDE7A",0.0382757858288609,1.0428055839827e-12,1.75808739249068e-12
"NDUFS5",0.0381208035220879,1.28543995890731e-12,2.16064952900917e-12
"NDUFB5",0.0380749385910835,1.36731583640077e-12,2.29620555804312e-12
"RPP21",0.038007773613427,1.49652384179971e-12,2.51018246316838e-12
"NDUFA4",0.03798406952916,1.54492528047323e-12,2.59059284014721e-12
"SARAF",0.0379819434395566,1.54934085737366e-12,2.59721991167275e-12
"HMGN1",0.0377057406481581,2.24182142010544e-12,3.73792539073813e-12
"MT-CYB",0.0376143257826776,2.53196289772888e-12,4.2166775865892e-12
"HAX1",0.0371917535752573,4.42771663094908e-12,7.30221424362527e-12
"TMEM35B",0.0368253395950415,7.15324791325877e-12,1.17075938393406e-11
"RPL14",0.0365584033099351,1.01161858018768e-11,1.64799724516622e-11
"KDSR",0.0363977667113146,1.2447555577132e-11,2.01782185288539e-11
"TRBC1",0.036369029754244,1.29168405918265e-11,2.09147572021368e-11
"A1BG",0.036316965491643,1.38116021308132e-11,2.23441738859923e-11
"RASSF7",0.0362283377011006,1.54763015237288e-11,2.49724139760945e-11
"SELL",0.0359841576870412,2.11461976210928e-11,3.39259351470381e-11
"PPT1",0.0358387435871758,2.5441624162185e-11,4.06775639956874e-11
"PTMA",0.0356805323531764,3.10863620053288e-11,4.96319010478241e-11
"RBIS",0.0355285843188668,3.76531469073851e-11,6.00307923951596e-11
"DCXR",0.0352836145772127,5.11997004768212e-11,8.13735455110907e-11
"CBX5",0.0349565513330198,7.69267288765903e-11,1.21504337267309e-10
"ETV6",0.0348561113363558,8.71079176009586e-11,1.37353058591945e-10
"LINC00426",0.0348322865060352,8.9709853592006e-11,1.41416039248833e-10
"CUTA",0.034785078845329,9.50918426615849e-11,1.4968951861672e-10
"PPP1R14B",0.0346828077847684,1.07856717329675e-10,1.69640483838198e-10
"ATP5ME",0.0346690721225924,1.09693910231003e-10,1.72481670295887e-10
"REX1BD",0.0346588561966921,1.11080127363387e-10,1.74563385794846e-10
"MAF",0.0346566027188403,1.1138820311016e-10,1.74998455348846e-10
"DANCR",0.0342189396332104,1.90119549512973e-10,2.97108186132376e-10
"CMTM7",0.0342043053696409,1.93527026576921e-10,3.02264620105091e-10
"SEPTIN1",0.0341949707216033,1.95731617103437e-10,3.05622731191881e-10
"TMEM156",0.0341664076524942,2.02630927670012e-10,3.16131324794752e-10
"PFKL",0.0340082423434708,2.45355957812162e-10,3.81513537064195e-10
"CSAD",0.0335608013646757,4.19620335075809e-10,6.48525195191626e-10
"MRPL52",0.0335050487455707,4.48424775029683e-10,6.92851513445366e-10
"DEGS1",0.0334857268310292,4.58850742098654e-10,7.08569732356258e-10
"LFNG",0.0334077531224676,5.03381517899141e-10,7.76052276838181e-10
"ARL4A",0.0332764421305961,5.8808025335589e-10,9.03895156282613e-10
"NPC2",0.0331525251332456,6.80674798991461e-10,1.04421066891545e-09
"RPS6KA5",0.0330959540570831,7.2753698719853e-10,1.11488030523942e-09
"SLC7A6",0.0329264245374737,8.87615498169126e-10,1.35499788933255e-09
"CYLD",0.0328962009450256,9.19556303552472e-10,1.40299306428207e-09
"IGHA1",0.0328845005290736,9.32220115534012e-10,1.42154055168778e-09
"BTF3L4",0.0328652090332095,9.53472338005904e-10,1.45355249787407e-09
"TTC39C",0.0328477340123596,9.7313077328022e-10,1.48231172967175e-09
"NMRK1",0.0326062350889819,1.28882994293577e-09,1.95363889645984e-09
"PPP1R2",0.0324625921234022,1.52183626206982e-09,2.30061246631758e-09
"UBA52",0.0323182759392365,1.79710090537098e-09,2.71161913669869e-09
"STMN3",0.0322248859476116,2.00047932123461e-09,3.01281540343961e-09
"RGS14",0.0321053477977392,2.29374445992364e-09,3.44430438194321e-09
"ATOX1",0.032015368136653,2.54171322137693e-09,3.81154961000704e-09
"MARCKSL1",0.0318190152073563,3.17686141754337e-09,4.74370673698722e-09
"RPS26",0.031557268319506,4.26825481432654e-09,6.35982450930229e-09
"YPEL2",0.0314589139887065,4.76630706457483e-09,7.07934926845411e-09
"SMIM4",0.03125286751618,5.99977409895865e-09,8.87846159243841e-09
"TRIB2",0.0312278124376375,6.16945103525545e-09,9.12713928235785e-09
"VEGFB",0.0311924158103557,6.41714010583298e-09,9.47855908094044e-09
"TMEM154",0.0310826328122605,7.2484425819094e-09,1.06867330252618e-08
"NDUFA3",0.0310398219005756,7.6002309753362e-09,1.11994989181657e-08
"NAP1L1",0.0309736558663435,8.17681701418542e-09,1.20333199967162e-08
"MPLKIP",0.0307361247966101,1.06184550523056e-08,1.55530115298276e-08
"TRMT112",0.0303681005826654,1.58578050451306e-08,2.31003741806374e-08
"C4orf3",0.0302751607702791,1.75354117353516e-08,2.55043984855724e-08
"PHF19",0.0299928364144302,2.37576929428353e-08,3.43493579080622e-08
"PNP",0.0299484807625753,2.49125847841081e-08,3.59819910129232e-08
"USP46",0.029900944789605,2.62107440741427e-08,3.78277130547246e-08
"TTC28-AS1",0.0298698223413634,2.7095972721694e-08,3.90750980783256e-08
"CTSZ",0.0297805137675751,2.98003119757564e-08,4.28757248554914e-08
"PSMG4",0.0297192769994501,3.18040672514903e-08,4.57234460947541e-08
"LINC01934",0.0296840491660788,3.30153586338237e-08,4.74283695934242e-08
"C14orf119",0.0293480744772766,4.70568272508966e-08,6.71179587462522e-08
"TMEM116",0.0293280136476764,4.80573668656225e-08,6.8492747689458e-08
"PLCG2",0.0291810944789208,5.60401356862343e-08,7.96472027353936e-08
"RPL27",0.0291793330091671,5.61432334966999e-08,7.97532776972132e-08
"PFDN5",0.0289925316923949,6.81855037775344e-08,9.65903850276296e-08
"ATP5PD",0.0287886893507083,8.41787852029832e-08,1.18735945702874e-07
"AKTIP",0.0286785855824696,9.42710564828519e-08,1.32670768591136e-07
"CASK",0.0285232318399558,1.10525476048123e-07,1.55234277637514e-07
"ECI1",0.0283931472048636,1.26193776519869e-07,1.76841691327168e-07
"RAB30-DT",0.0283162842681644,1.36439840085229e-07,1.91104439849443e-07
"RPS4X",0.0280597758394502,1.76790396804544e-07,2.46512411966326e-07
"PMVK",0.028059230697443,1.76887348916851e-07,2.46586244609461e-07
"IL27RA",0.0277080208237852,2.51300093033712e-07,3.48931050882289e-07
"LSM5",0.0276604299663859,2.63462041948281e-07,3.65727342848196e-07
"ATP8B2",0.0274578879399202,3.21886149927954e-07,4.45725224659316e-07
"ZBTB20",0.0274465196572327,3.255118420013e-07,4.50523181668384e-07
"KIAA0355",0.0273156806163495,3.70183622376713e-07,5.10962812758399e-07
"MGST3",0.0273051564439574,3.74023362325613e-07,5.16135661776099e-07
"PCBD1",0.0272912982278502,3.79138193477249e-07,5.23065100011448e-07
"GIMAP6",0.0271448989814965,4.37463497865017e-07,6.03086209602843e-07
"LINS1",0.0271429236554397,4.38306770883366e-07,6.04100133799897e-07
"PRDX4",0.0270848697451066,4.63802353333368e-07,6.38454529128026e-07
"P2RY10",0.0269816848571956,5.1269043319783e-07,7.05232495738988e-07
"PCED1B",0.0267614870931679,6.3418084723684e-07,8.69999869746696e-07
"RPS11",0.0263821122288688,9.11334012185337e-07,1.2438177799042e-06
"TMEM219",0.0263718962724681,9.20214045834218e-07,1.25502056774275e-06
"RPS14",0.0263563703254372,9.33869391274888e-07,1.27333432328576e-06
"CHCHD10",0.0263314319396751,9.56212379301866e-07,1.30348192011862e-06
"MITD1",0.026292911542951,9.91738317624678e-07,1.35059575503492e-06
"IGLC2",0.0262485457533723,1.0342300668302e-06,1.40675371226127e-06
"DMAC1",0.026032864295695,1.26702349706605e-06,1.71922510352497e-06
"DYNLRB1",0.0258476258500727,1.50649337524431e-06,2.03676450539665e-06
"UPF2",0.0256336058924983,1.83742649965706e-06,2.48118990459715e-06
"GPSM3",0.0255136365292717,2.05240144394386e-06,2.76548634091402e-06
"TMEM243",0.0255133353020761,2.05297046445569e-06,2.76558809682925e-06
"ELK3",0.0254428251847483,2.19041707510903e-06,2.94578768632374e-06
"DPY30",0.0253769912734618,2.32669372695839e-06,3.12680854817142e-06
"KIAA0040",0.0252999580263247,2.49649563907655e-06,3.35178762850623e-06
"IFIT3",0.0252478366605979,2.61806524662276e-06,3.51248207854296e-06
"MRPL50",0.0252387090908596,2.63993117141948e-06,3.54012306404278e-06
"C4orf48",0.0251503283346902,2.86092043546114e-06,3.83371547592641e-06
"GAS5",0.025077069677252,3.05744951962408e-06,4.09217747981212e-06
"VAMP8",0.0248570924159394,3.72847330836057e-06,4.97603344130808e-06
"AKR1A1",0.0248079843702173,3.89647849700191e-06,5.19530466266921e-06
"EIF2S2",0.0245026851825495,5.11548400941618e-06,6.80607131737139e-06
"H2AFZ",0.0244689422437912,5.27071295163315e-06,7.00927275295496e-06
"THAP5",0.0243259399832349,5.98007360009293e-06,7.93191300708184e-06
"REEP3",0.0242695972482908,6.28392448548421e-06,8.32705434302519e-06
"MZT2A",0.0241892654081823,6.74280123470074e-06,8.93301610384467e-06
"BRI3",0.0241717825419524,6.84683077664803e-06,9.06869290293916e-06
"SVBP",0.0241045052859014,7.26165792253672e-06,9.60451522253854e-06
"TATDN1",0.0239775722086957,8.11065207313395e-06,1.06946104041983e-05
"RPL26",0.0238227024293894,9.27531570433069e-06,1.22044773907183e-05
"THAP7",0.0236575058681627,1.06931311031284e-05,1.40370828535796e-05
"ANP32B",0.0234385445574662,1.28937333065655e-05,1.68508585471066e-05
"HDAC7",0.0233728725010437,1.36338872468225e-05,1.78057105875538e-05
"RILPL2",0.0232918373268585,1.46031220526312e-05,1.90448908501153e-05
"EBPL",0.022970732768778,1.91293444062982e-05,2.48495238880147e-05
"CNIH4",0.0228228007796196,2.16380554967564e-05,2.80693664360701e-05
"RERE",0.0226459627209199,2.5048388075508e-05,3.24257719508309e-05
"COX17",0.0226267089909404,2.54491340891408e-05,3.29293344344366e-05
"R3HDM4",0.0226007968293565,2.5998102840106e-05,3.3631894809777e-05
"RPS27L",0.0225515692993005,2.7072193237115e-05,3.49971328490871e-05
"HERC5",0.022375454040651,3.12707109244183e-05,4.03316603038987e-05
"ILF3-DT",0.0223405363713454,3.21735498999487e-05,4.14674732381124e-05
"MDFIC",0.0221658404228334,3.70748693384592e-05,4.76421847678802e-05
"MRPL51",0.0219765830821056,4.3181489054153e-05,5.53497403155246e-05
"SEM1",0.0219570047393473,4.38650214115038e-05,5.62130299542802e-05
"COA6",0.0218894989030963,4.630137227317e-05,5.93080891928788e-05
"CD2",0.0215602116168383,6.01404108341516e-05,7.67016072632192e-05
"MRPS18B",0.0214935832138858,6.33807457652558e-05,8.07607319846506e-05
"MT-CO1",0.0214451512321293,6.58391202441133e-05,8.38360440463556e-05
"BATF",0.0214440008318375,6.58985966698169e-05,8.38927159785675e-05
"IL17RA",0.0213457419318883,7.11705720846508e-05,9.04398834381822e-05
"SMIM26",0.0213092755202639,7.32267609517989e-05,9.29895237647589e-05
"OIP5-AS1",0.0212655208900849,7.57680604448691e-05,9.61730941637705e-05
"ZNF524",0.0212579806242673,7.62143424666104e-05,9.66957607387106e-05
"SENP7",0.0212356047825693,7.75533674382507e-05,9.83500952984741e-05
"EEF1B2",0.0211359072501787,8.3794449114609e-05,0.000106144686446263
"CCDC18-AS1",0.020853590704228,0.000104142925419323,0.000131504496180686
"CHCHD1",0.020597787727646,0.000126529467864713,0.000159485186215441
"NFKB2",0.0205305727486428,0.000133123851649105,0.000167683988456189
"MRPL3",0.0205222919023234,0.000133958322000868,0.000168659275779121
"GGPS1",0.020513185698533,0.000134881652945316,0.000169745516080294
"MTIF3",0.0202894742806169,0.000159539450827026,0.000200057973245615
"C11orf54",0.0200691230489632,0.000187926914515257,0.000234919123119228
"SPATS2L",0.0200401771130659,0.000191990655582432,0.000239892003095641
"DGKH",0.0199841346752109,0.000200094282751635,0.00024985034771394
"C12orf65",0.0199008631985483,0.000212730611769632,0.000265392330444572
"UGP2",0.019875014882515,0.000216803017664112,0.000270352494657251
"SYNE3",0.019849219126476,0.000220940030145516,0.000275450039807669
"SLC25A37",0.019819963724523,0.000225721530327756,0.000281348633442337
"NSA2",0.0198020842779323,0.000228691384771095,0.000284923637229262
"IL10RB",0.0197747128821494,0.000233309022919823,0.000290547503209486
"NDUFAF3",0.0197674937455803,0.000234541413983043,0.000292017348136186
"MED31",0.0197240052710595,0.000242095591479439,0.000301088258910514
"CCNQ",0.0196679558081262,0.000252168564095555,0.00031333761268104
"UBASH3A",0.019570379127724,0.000270648227770413,0.000335853115240345
"ABRAXAS1",0.0194041840610601,0.000305074726645628,0.000377653803428782
"TMX2",0.0193817686929973,0.000310020000228834,0.000383690830671905
"RPA3",0.019358833048015,0.000315157670977338,0.000389877171778587
"GALT",0.0193190737976301,0.000324253190413025,0.000400952091587509
"ASF1A",0.0192042966629188,0.000351907476463152,0.000434380946717952
"GIMAP2",0.0190936185923822,0.000380650036420703,0.000469239508161377
"MRPL33",0.0188653600350899,0.000446989491373072,0.000549447051909343
"CBX3",0.0188248011568559,0.000459851328069067,0.00056488532277489
"ALKBH7",0.0187982059273465,0.000468471647090941,0.000575222416804915
"NDUFV2",0.0187252494758562,0.000492899269296527,0.000604818809971039
"RACK1",0.018721445091021,0.000494205093467294,0.000606288385243151
"SELENOH",0.0186833331038074,0.00050746593021811,0.0006222842610377
"ANKRD49",0.0186500430363745,0.000519319660748223,0.000636680677933284
"PIGP",0.0186475354182269,0.000520222930015202,0.000637648578260103
"SNRPG",0.0183598257106775,0.000634147747870241,0.000775761619529542
"SAP25",0.0183281436035324,0.000648020929698236,0.000792214068505436
"TRAF3IP3",0.0181923053295533,0.000710762788565571,0.000867591955373875
"LIMA1",0.0180682236181883,0.000772962486317957,0.000941260706937382
"YDJC",0.0180620755693301,0.000776172025769055,0.000944758477934357
"ATP5PF",0.0178210791622141,0.000912174555744697,0.00110741469029317
"GCHFR",0.0178046180403663,0.000922226317679566,0.00111913301954878
"NAGK",0.0177788358205031,0.000938176333565956,0.00113824208125214
"EGLN2",0.017717233828171,0.000977326425566051,0.00118471496622802
"ST13",0.0176923790502201,0.000993546534012618,0.00120359593095692
"ARFRP1",0.0175597536412864,0.00108439044651949,0.00131194388218809
"SLC2A4RG",0.0173294385251501,0.00126061354459501,0.00152251687584276
"POLR3K",0.0172941156852325,0.00128986870779522,0.00155684347156675
"ZNF302",0.017281818320954,0.00130019984004122,0.00156897500077326
"ATP1A1",0.0172271317152351,0.00134707401408843,0.00162441141546962
"TMA16",0.0166492039382057,0.00194701826495868,0.00233842485144202
"LINC01550",0.0165457597459192,0.00207735061672644,0.00249068738898908
"PPP1R15A",0.0165217653552974,0.00210870349301463,0.00252611679667678
"ESF1",0.0164731422838149,0.00217357269071181,0.0026021579488889
"CAMK4",0.0164609171062761,0.00219016785880047,0.00262146533120842
"SGTB",0.0163870770818071,0.00229289610701377,0.00274208061965539
"PAFAH1B3",0.0162922925454716,0.00243122943116403,0.00290379576561023
"DUT",0.0162495766554214,0.00249603339982918,0.00297802239145044
"ANAPC13",0.0161677361728569,0.00262462609997273,0.00312944780090365
"GIMAP7",0.0160564416258769,0.00280922158974024,0.00334456719543325
"SNHG7",0.0160528221970784,0.00281541919348183,0.00335123389130675
"OXLD1",0.0159933853733062,0.00291899590758287,0.0034708366361329
"MRPL18",0.0159250272103199,0.00304241152813159,0.00361604967203594
"ETFRF1",0.0157311844851573,0.00341870377515031,0.00405898643134371
"UQCC2",0.0157124090814161,0.00345731452242159,0.00410222116952162
"SNHG5",0.0156949336999235,0.0034936080100557,0.00414353000811686
"CLNS1A",0.0154407107285821,0.00406227869250569,0.00480375813310865
"TACC3",0.015341637454098,0.00430576391024711,0.00508562188200304
"DALRD3",0.0153415119275237,0.00430608062635696,0.00508562188200304
"HDDC3",0.0153339729278969,0.00432514105094149,0.00510705656331144
"IGLC3",0.0152771470719773,0.00447128971621587,0.00527740260523878
"TNFSF12",0.0152559273036919,0.00452700166286373,0.00534090890919755
"TPI1",0.0152223337011061,0.00461648749423456,0.00544419106012005
"TECR",0.0151701873083493,0.00475856996502249,0.00560584950262477
"FMC1",0.0151638569856541,0.0047760848063693,0.00562530038984732
"CHMP5",0.0151072919714076,0.00493519864241954,0.00581026327565528
"ECHS1",0.0149798688064153,0.00531133151829524,0.00624521649780246
"ZC3H6",0.0149387944361813,0.00543798267767945,0.00639279524348975
"AC008105.3",0.0149297567741556,0.00546621326842963,0.00642328772410981
"TMEM223",0.0149223332113605,0.0054895008432416,0.00644930036174548
"DCTPP1",0.0149152414989865,0.0055118309998348,0.0064728208137205
"SOD2",0.0148000511309883,0.00588620182995669,0.0069052281882096
"RPS6",0.014728625933239,0.00612969523475353,0.00718786610076559
"DNMT3A",0.0147076476297188,0.00620291526128415,0.00727220441929631
"GSTO1",0.0146593129566812,0.00637462234872523,0.00746882367598916
"HRAS",0.0145710669453454,0.00669917994443014,0.00783925755034172
"NPHP3",0.0143435938774595,0.00760534689484086,0.00888664803975984
"GRAMD1A",0.0141999021680891,0.00823293939803556,0.00960395345266263
"RANBP1",0.0141421512534281,0.00849796090399203,0.00990898312650257
"ITGA6",0.0141053834891902,0.00867063896443174,0.010106127445232
"IL4R",0.0140950669128534,0.00871965038969758,0.0101569155651352
"C12orf76",0.0140723779112549,0.00882831198463614,0.0102792147022441
"ACYP1",0.0140564597009794,0.00890526750802183,0.0103645107196167
"REXO2",0.0140355554767611,0.0090072374113318,0.0104788371295627
"AMMECR1",0.013997941626776,0.00919334475560901,0.0106864766667565
"PAM16",0.0139310754444898,0.00953267678237366,0.01107632608095
"C1orf162",0.0138034167988781,0.0102116700398522,0.0118505278325392
"PPA1",0.0136704541204254,0.0109643269584808,0.0126976830492512
"TRAPPC6A",0.013664998214117,0.0109962375524167,0.0127320072817651
"IL16",0.0136563429287477,0.0110470300327054,0.0127881752330677
"DHPS",0.013623812274549,0.0112398010116497,0.0130086420630493
"IFITM3",0.0136192744113614,0.0112669276580683,0.0130351444824322
"MRPS18C",0.0136024641199187,0.0113679242235177,0.0131460683756899
"ERGIC2",0.0135599976068751,0.0116266521189371,0.0134369475096976
"NDUFAF2",0.0135510151366172,0.0116820426842976,0.0134981788047018
"TXN",0.0134740612782316,0.0121662546199561,0.014054770334
"JAGN1",0.0134531558130062,0.0123008319118988,0.0142043812145643
"TIFA",0.0134311047587704,0.0124442113438653,0.014366988127528
"OAS1",0.013125604811314,0.0145884428083564,0.0167871937367617
"CNIH1",0.0130154563093901,0.0154379237828522,0.0177319378723312
"PDCL",0.0129481883820773,0.015977853332248,0.0183408213998193
"SLC35D2",0.0128724034104626,0.0166059712611561,0.0190501254754388
"TLK1",0.0127590842536674,0.0175856244010513,0.0201533413381373
"FAM89B",0.012738813869131,0.0177661065829816,0.0203518522671768
"ISCA2",0.0125758127808715,0.0192773804288918,0.0220335386342055
"HPCAL1",0.0124705674021617,0.020311820856679,0.0232016804078331
"MTHFS",0.0124566937826563,0.0204517319561636,0.0233519775636392
"UQCR10",0.012417587288088,0.0208506418291445,0.0237977590245471
"MRPL24",0.0123617892735742,0.0214315496306888,0.024440863681396
"SUCLG1",0.0123471033170561,0.0215867668391579,0.0246078603268187
"AL133453.1",0.0123247207281855,0.0218252126172397,0.0248746169426502
"ECE1",0.0123096620551181,0.021986922130041,0.0250436405725102
"DDT",0.0121596771025559,0.0236552803214125,0.026905660832392
"MRPS21",0.0120976768301878,0.0243763930595811,0.0276977507513975
"TSPO",0.0120728345884724,0.0246706303530388,0.0280150379936027
"KNOP1",0.0120706234477903,0.0246969681076325,0.0280372071646916
"NCK2",0.0120703556896542,0.0247001591313495,0.0280372071646916
"NIT2",0.0120027759017609,0.0255170515458095,0.0289410153537171
"KLHL36",0.0119510040496844,0.0261585742478448,0.0296386271906434
"AP1S1",0.011933397132932,0.0263799013857115,0.0298833570579194
"SERP1",0.0118171581919228,0.0278820749995895,0.0315404013519781
"LAGE3",0.0116777498888253,0.0297804175009566,0.0336470684829357
"ABHD14B",0.0116744900313697,0.0298261055085782,0.0336918958415788
"ATP5MC2",0.0116628187704054,0.0299901766212207,0.0338704050353326
"NDUFB3",0.0115712914584183,0.0313039437647009,0.0353256747598437
"CD37",0.0115270077839658,0.0319571117132028,0.0360554970889447
"HSBP1",0.011488543525719,0.0325338918846552,0.0366693342963813
"ZFP14",0.0114664038248394,0.0328699075282039,0.037040611660578
"PPP1R35",0.0114480268330811,0.033151068685507,0.0373499374574952
"LEPROT",0.0112947495721073,0.0355773505156547,0.0400352353995439
"SNX20",0.0112901494004489,0.0356524502462417,0.0401116906604976
"LSM6",0.0112409816518642,0.0364636161080202,0.0410160788176125
"BOLA3",0.0111296795364496,0.0383581301919732,0.0430865828013265
"CHMP3",0.0110740280942557,0.0393363583245867,0.0441588445614952
"HMGA1",0.0110583632510489,0.0396155018031317,0.0444633030452133
"SNRPN",0.0110240905128936,0.040232100438144,0.0451463137475688
"TNRC6C-AS1",0.0109829228613176,0.0409834865137848,0.0459710685394815
"COX6B1",0.010906839961194,0.0424034495220861,0.0475162829677605
"DLGAP1-AS1",0.0107985865810497,0.0444953862831949,0.0498206083378669
"AL499604.1",0.0106170386383585,0.0481990141387002,0.0538813635015511
"CLTA",0.0106138238624836,0.0482668620857373,0.0539464489685824
"CLOCK",0.0105569544081826,0.0494804180739984,0.0552697354767166
"PABPC1",0.0105028437861072,0.0506587631034112,0.0565408700321682
"GOLGA8B",0.0105023427089387,0.0506697837616817,0.0565419092394393
"MAPKAPK3",0.0105013103330708,0.0506924961003935,0.0565559920658183
"SFXN1",0.0103423971694764,0.0542917220786981,0.0604511842894941
"SMIM20",0.0102351592380885,0.056839114271412,0.0632247710156793
"MRPL57",0.0102140203030565,0.0573528174622412,0.0637708708449206
"MRPS34",0.0101660335719915,0.0585332972153087,0.0650447347996411
"ZNF706",0.010084950678445,0.0605737710073378,0.0672721785027985
"MRPL35",0.0100038855235534,0.0626723773562673,0.0695752778733205
"PTTG1",0.00988935802732864,0.0657393921864267,0.0728934613796469
"THUMPD3-AS1",0.00988821369895798,0.0657706502748989,0.0729136941919947
"PGLS",0.00983383119921339,0.0672703283006627,0.0745467509980055
"ORMDL2",0.00980047252355407,0.0682040895213261,0.0755217778457838
"RRAGA",0.00969443739729986,0.0712431815959036,0.0788090781017457
"SKI",0.00963264687731028,0.0730647772827876,0.0807922280767051
"GALM",0.00958376448730019,0.0745326850218604,0.0823991254414096
"PCNA",0.00944539366683515,0.0788189079633793,0.0870690242907111
"CLPP",0.00943435995534863,0.0791691534284559,0.0874386944842465
"GIMAP5",0.00941149319399843,0.0798990478360492,0.0881926854585818
"TUBB4B",0.00938125961136081,0.0808724723279835,0.0892495736364749
"CSRP1",0.00936997093745658,0.0812383912161521,0.0896180992864796
"IMPDH2",0.00936304201382387,0.0814636548871736,0.0898489120227752
"UQCR11",0.009172319101226,0.0878657070508174,0.0967956403209712
"ZNRD1",0.00915726682510953,0.0883877819766569,0.0973325074075821
"FAM162A",0.00908840241747992,0.0908082538089719,0.0999586435563698
"IKBKE",0.0089056995515456,0.0974889107025073,0.107123108936637
"CHKB",0.00883620774063358,0.10013080438387,0.109982953305999
"COX14",0.00881804120755235,0.100830777015212,0.110730094923231
"SFT2D1",0.00879436399972677,0.10174892678911,0.111694610328339
"TPT1-AS1",0.00873115682532749,0.104232582963501,0.114353836125187
"MRPS14",0.00867168000314443,0.106613404968168,0.116942948021455
"MRPS31",0.00863061790053357,0.108282100035723,0.118703616705827
"RAB11FIP1",0.0084754150216481,0.114776673421158,0.125651197079931
"TIGIT",0.00841375341826374,0.117440485017432,0.128542280866736
"NIPAL3",0.0083810375256214,0.118873399787177,0.129983713640457
"ANKRD28",0.00836504299612839,0.119578909942617,0.130704156683914
"TMCO1",0.00833859223845226,0.120752831296693,0.131935828930916
"P4HTM",0.00833275298918733,0.121013196514977,0.132194532801156
"GOLGA8A",0.00816924054407862,0.128483861330749,0.140164212360817
"MAP4K2",0.00799643371750985,0.136763691204358,0.149080670202144
"YWHAE",0.00798123090543418,0.137511378766416,0.149866543486386
"DIMT1",0.00793807626727612,0.139650935130208,0.152127935342476
"LRP10",0.00793246911601586,0.139930801578477,0.152355199542605
"EIF1B",0.00788399353097375,0.142368356926678,0.154948974988756
"TMEM205",0.00788334332288678,0.142401272276928,0.154954704823283
"WDR6",0.00784283962436522,0.144463222263945,0.157137402478095
"ZBED5",0.00779036091471098,0.147168725852557,0.160049202343825
"ITPKB",0.00776584256553838,0.148445954356232,0.161312997520327
"SH3GLB2",0.00775358102592721,0.149087858843564,0.161979131632286
"PLEC",0.00767643795643691,0.153175070749504,0.166323018112811
"C19orf53",0.00764113516799046,0.155073676547923,0.168319365364044
"ERO1A",0.00762717338378157,0.155829461529028,0.169106952441649
"C12orf10",0.00755291542778344,0.159896259494775,0.173486667610595
"PGGHG",0.00734608805387284,0.171646065886741,0.185803467882808
"RPL5",0.00733369163873819,0.172370305638922,0.186551408420339
"UBQLN2",0.00723129549675344,0.178440258003421,0.192934440642711
"ISG15",0.00717783275249191,0.181672002228734,0.196352921984537
"CDR2",0.00712297808905673,0.185032816504751,0.199908213551691
"YIF1A",0.00707845080232085,0.187794544315596,0.202813764953671
"NSMCE1",0.00696127264432947,0.195207478916818,0.210535548854859
"SIVA1",0.00687822198212736,0.200589876413942,0.216091054868076
"CNST",0.00678795638682509,0.20656181933536,0.22248172891704
"KRTCAP2",0.00675907973506466,0.20849927391579,0.224439095471396
"PIN4",0.0067355635287642,0.21008677800963,0.226061118273036
"MTLN",0.00668866214472882,0.213279026769763,0.229363973520966
"EXOSC8",0.00662411857289883,0.217729081418099,0.233970042620714
"COX20",0.00661914385238899,0.218074821426447,0.234296644799427
"TRIM13",0.0065256381726353,0.224646951883586,0.241034179275438
"SNRPB2",0.00651604766111233,0.2253289476323,0.241673382302662
"MPHOSPH6",0.00643290099880744,0.231303660425167,0.247844304593239
"MARCH9",0.00641285366053763,0.232760897808262,0.249262769217944
"ABLIM1",0.00641181643256193,0.2328364705242,0.249296060530687
"PIP4P1",0.00629342311378946,0.241577296428966,0.258436186857569
"TYMP",0.00625609725346985,0.244380300399828,0.261215761243323
"MT1X",0.00625598594575885,0.244388693111838,0.261215761243323
"LETMD1",0.00623449612347433,0.246012839352011,0.262901592625604
"TMEM167A",0.00615169689931317,0.252341272914217,0.269510290339483
"RAN",0.00615059105233438,0.252426554866557,0.269550002567108
"GDI1",0.0061262789138454,0.254306562661405,0.271505806278246
"IKZF2",0.00597498190834468,0.266224939208349,0.284051399148235
"CISD1",0.00597454166215538,0.266260171257258,0.284051399148235
"FOXO1",0.00592530685080115,0.270220595363086,0.288166739565125
"NOP53",0.00587790196260168,0.274071812200439,0.292162532922058
"LMO4",0.00582234374333479,0.278632935361949,0.296686104839134
"KLRB1",0.00581843671311957,0.278955620317611,0.296973270566089
"VMA21",0.00576960175958378,0.283010385482608,0.301175503274694
"TRIM27",0.00571771222381011,0.287362329813835,0.305632662037717
"NSUN5",0.00570553526779018,0.288390111562905,0.306667587324197
"RPS2",0.00569585077166264,0.289209287262645,0.307462763875455
"PYM1",0.00562573294855086,0.295187028490871,0.313597745528501
"U2AF1L4",0.00560900612762083,0.296625176783638,0.314946474174973
"JUNB",0.00556243007342127,0.30065437835128,0.319164072036479
"LGALS9",0.0054666715170286,0.309052329934286,0.327706576528238
"MRPL36",0.00543186000922058,0.312143335050504,0.330858946401177
"RNASEK",0.00541393557602395,0.313742810668653,0.332491435511939
"SRSF8",0.00540761061602663,0.314308499413283,0.333027950597851
"BZW2",0.0053126626393952,0.322880968349597,0.341852436544708
"HSPA8",0.00528650178602684,0.325269467721468,0.344251198698981
"C1orf43",0.00524805762065695,0.328800241545474,0.347725335652167
"ARL2",0.00522600655191042,0.330836617272416,0.349746916278932
"IRF7",0.00521874202500974,0.331509265898503,0.350325839354179
"SLC9A9",0.00520733971422758,0.332566828440415,0.351377169415551
"NFIC",0.00515812436154347,0.337156510188866,0.355890955565719
"ZFAND1",0.0051512820810334,0.337797810335794,0.356500739947606
"COX8A",0.00514456002686716,0.338428604700618,0.35703198432648
"SLC16A1-AS1",0.00511817738707715,0.340911641839676,0.359448511922774
"TP53INP1",0.00503137538997058,0.349163213647614,0.36787190247814
"DNAJC19",0.00500490063779299,0.351704988695905,0.370410591364753
"FYB1",0.00499533194741912,0.352626530735973,0.371311363818939
"LINC00909",0.00497606461079973,0.354486761218528,0.373200039426757
"ECHDC2",0.00489298058561661,0.362579187980795,0.3814330334981
"FASTK",0.00482957065016403,0.368832544965833,0.387793167352444
"DGCR6L",0.00479225307503839,0.372543895353161,0.391474965227661
"HEBP2",0.00474552229061365,0.377223920802017,0.396169949807815
"ARMC10",0.00472846475289703,0.378941200874422,0.397749857595104
"STN1",0.00471834371421514,0.37996241413688,0.398672415057682
"POLR2L",0.00466022419294845,0.385859364654305,0.404783953486096
"SNRPE",0.00458716447929615,0.393350979742599,0.412411392044438
"FBXL15",0.00458048406851394,0.394040364211396,0.413056902551564
"RNF145",0.00457627501658555,0.394475092265714,0.413435275305229
"TMEM161B-AS1",0.00450733076457197,0.401637162462893,0.42062692177949
"ACOT13",0.00450392912254987,0.401992540409109,0.420920440293843
"NDUFB4",0.00449943490575746,0.402462351463808,0.421333647973694
"CDK4",0.00449651607907957,0.402767652523153,0.421574509663756
"ETFB",0.00448518339969048,0.403954333942257,0.4227376447082
"PSIP1",0.00441014204356479,0.411864823619124,0.430694247352411
"CRTAP",0.00440319023947957,0.41260226993966,0.431384910586166
"ZNF44",0.00437690100904979,0.415398093982607,0.434065060354005
"TTF1",0.00434449065589966,0.41886024945384,0.437438098758725
"NPDC1",0.00432742711754206,0.420689821182657,0.439185126286812
"BST2",0.00431710259200921,0.421799103001111,0.440261160964467
"PELI1",0.00428092444108557,0.425699645005623,0.444166972744649
"SMIM27",0.0042204365271734,0.432267951445194,0.450600744028807
"SURF6",0.00407388710900455,0.448422697629642,0.467179921456872
"CCS",0.00405944025739852,0.450033586775238,0.468771044663278
"IFIT5",0.00405511188840264,0.450516857115755,0.469187226775078
"ANKH",0.00405205688537504,0.450858130663841,0.469455400267589
"TSTA3",0.00402360524149864,0.454043475449402,0.472684309199043
"CD52",0.00393929577979784,0.463556592132373,0.482140152618749
"ETHE1",0.00379564615180873,0.48001821633736,0.499076453498064
"COX7A2L",0.00364407659480455,0.497727417782581,0.516817574440168
"HIVEP2",0.00363797229011946,0.498447850708948,0.517469758312884
"YWHAH",0.00357905130250222,0.505430146319389,0.524232933550593
"MRNIP",0.00345990763314311,0.519704829952438,0.538639886638332
"COA3",0.0034510051807715,0.520779728600002,0.539554372171272
"ZSCAN16-AS1",0.00339633481479529,0.527405747903169,0.54621730017545
"ZC3H8",0.00338005814724457,0.529386745349902,0.548167649841251
"VPS29",0.00332072520673352,0.536639922831698,0.555370291329425
"NDUFB11",0.00327184175738444,0.542653024076078,0.561385923374993
"IFI27",0.00325076343886508,0.545256166824711,0.563974817070078
"NIFK",0.00323910990535307,0.546698017582185,0.565153235663266
"ALOX5AP",0.00321834379920631,0.54927200585006,0.567500059141544
"DNAJC4",0.00309118284088761,0.565162905244411,0.583380534350651
"OTUD6B-AS1",0.00305727688664708,0.569437040217847,0.587684193992783
"LYRM7",0.0029582042446778,0.582013618470685,0.600332103425312
"ING5",0.00292174838001462,0.58667387610066,0.605027677892547
"TXNDC17",0.00275153740332426,0.60865780364346,0.626661460888839
"IFNAR2",0.00273051427406975,0.611398352453985,0.629251858062834
"SYNC",0.00272202251241365,0.612506875523678,0.630276997876366
"ARPC1A",0.00268669908961712,0.617127531294684,0.63489685521938
"TMEM147",0.00268596997880517,0.617223066958456,0.63489685521938
"DPM3",0.00268042220130178,0.617950206401358,0.635528162355149
"LINC00476",0.00267040957586092,0.619263494607349,0.636761949317354
"DYNLT3",0.00263196851574916,0.624316816540605,0.641604885364671
"ATP5MPL",0.00260699541618411,0.6276092035002,0.644751966345577
"TRIM28",0.00259219045235503,0.629564561877794,0.646642192955124
"CASP2",0.00255227217053017,0.634849672439975,0.651831726704584
"SMS",0.00254230385389122,0.636172383027599,0.652950555766789
"FLYWCH2",0.00246292582319711,0.646746310657024,0.663317409392746
"MSH3",0.00244926396253656,0.648573498240571,0.665069695176608
"COA4",0.00244386818759741,0.649295733038235,0.665688490293865
"MED16",0.00235795722199336,0.660839120762801,0.676780415342606
"SCOC",0.00225990084597726,0.674113565742052,0.689493050268016
"ORC3",0.00220385355469647,0.681747156306,0.697173551813654
"TMBIM4",0.00217368150874696,0.685870152105354,0.701261874183252
"EVI2A",0.00213864904105932,0.690669073840972,0.705910904578662
"CCDC71L",0.00212330343762539,0.692775126864989,0.707805252680292
"RAPGEF6",0.00209767000689331,0.69629839103063,0.711145650325433
"FUT8",0.00201593273045865,0.707576528330299,0.72226937427377
"COMTD1",0.00200785970762596,0.70869398458766,0.723278289861454
"MRPS25",0.00190636799005292,0.722795119407977,0.73659644465581
"SYNJ2BP",0.00178235718257582,0.740153232459242,0.753874720956305
"PIH1D1",0.00177708759854478,0.740893841479468,0.75435484877379
"ATP5MC1",0.00176633631206163,0.742405615671241,0.755756779331813
"GRN",0.00175771685062223,0.743618345215534,0.756853833379559
"PDCD5",0.00171320493320949,0.749891089580523,0.762822593212788
"FBXL3",0.00170123118476803,0.751581310369937,0.764403205682963
"CDC14A",0.00165809482757329,0.75768029355822,0.770454515143549
"DPYSL2",0.00165350917409488,0.758329547491857,0.770846868156062
"AC009950.1",0.001616147126862,0.763625719931815,0.775919139300951
"AC026979.2",0.00151818145548992,0.777564652799646,0.78925417755646
"AKAP11",0.00151696010353611,0.777738894491046,0.789288077639953
"AK6",0.00143361923724732,0.789654512833238,0.801090494192156
"ACAT2",0.00141941674865071,0.791690105765708,0.803010199585706
"COX6C",0.00141140874824608,0.79283849185978,0.804029480344228
"CHMP2A",0.0013822223298545,0.797027752438756,0.8079854422335
"C11orf1",0.0013291597031312,0.80465899355044,0.815574064000121
"CYHR1",0.00131560582581447,0.806611273763271,0.817404987010736
"ENOPH1",0.00125892154454709,0.814788922980928,0.825244374549995
"TMEM141",0.0012203255520206,0.820368664708904,0.830745572285634
"NQO2",0.00118207645964442,0.825907240414156,0.836203103031785
"TMEM245",0.00110398770896872,0.837241361217955,0.847525395279158
"BANF1",0.00108307376008361,0.840282744385458,0.850450514635381
"ZNF585A",0.00106502741821906,0.842909029016935,0.852954532071308
"TMEM14B",0.00102946219561175,0.848089927437278,0.858042237472198
"DRAM2",0.00101673761785763,0.849945164476301,0.859608861527737
"NDUFS4",0.000981546554212051,0.855080301166171,0.864490349582396
"PHPT1",0.000967046913870281,0.857197911675693,0.866318682963135
"TALDO1",0.000953341331935672,0.859200498945343,0.867873034623234
"MOCS2",0.000940336043427926,0.8611016010947,0.869479886943189
"CCDC167",0.000822494365210767,0.878362971029952,0.886270451863855
"CDK10",0.000790675415895722,0.883034076327937,0.890823215795096
"MORF4L2",0.000765422517186437,0.886744173189018,0.894244078918707
"AP1S2",0.000739124141456684,0.890610507952427,0.897981519713098
"MIB1",0.000719000014573797,0.893570879693848,0.900804319086944
"CISD2",0.000711658307469108,0.894651257364893,0.901731231344039
"POLR2H",0.000699674203264217,0.896415211533278,0.903227465780253
"MRPL40",0.000688759927433095,0.898022142266185,0.904640676839781
"SLC25A11",0.000686519052366438,0.898352122769023,0.904810441408628
"PURA",0.000670095944646611,0.900771043556829,0.907083724724613
"TMEM87B",0.000650857203599875,0.903605843151477,0.909611486441688
"UQCC3",0.000604256876961375,0.910477355599278,0.916035027069723
"UBALD2",0.000602534682364273,0.910731435632268,0.916126182962346
"LMF2",0.000549722278670553,0.918527300870696,0.92363663988505
"CMTM6",0.000535254054578608,0.920664417003984,0.925305974943832
"OMA1",0.000535129975344502,0.920682747374519,0.925305974943832
"KRIT1",0.000480034432561391,0.928826098711727,0.933322836144973
"PHF1",0.000445814734437979,0.933887722637664,0.938072557386892
"SUPT3H",0.000409090683445691,0.939322748520415,0.943193815213834
"IFNAR1",0.00038095147452217,0.943489175773878,0.94703803350113
"TBCA",0.000317681839532609,0.95286265898181,0.955762008400584
"SDHAF3",0.000286716891859869,0.957452616996936,0.960022269753235
"RPL10A",0.00027072715811977,0.959823349580663,0.962227200545623
"IFT57",0.000256386240511152,0.961949921799737,0.964014192018191
"FCF1",0.000152052043134486,0.977428528669337,0.979175808842146
"WBP1",9.87224256860542e-05,0.985343949945749,0.986752590331662
"USE1",9.62624332767599e-05,0.98570911385764,0.986904263999436
"KANSL1-AS1",4.9862207920644e-05,0.992597288572505,0.993483694438349
"ZNF688",1.0119682168016e-05,0.998497577214887,0.998854056178548
"TRAK2",4.9337004079872e-06,0.999267515804951,0.999445860890763
"DPH5",-1.7733847437956e-06,0.999736713552094,0.999736713552094
"SAE1",-2.25096244502078e-05,0.996658107121939,0.997191935781351
"TTC32",-3.31250736548914e-05,0.995082100515494,0.995792873444434
"TMEM256",-9.53293581438789e-05,0.985847621318495,0.986904263999436
"RHBDD2",-0.000115958027998976,0.982785569062074,0.98436645737692
"NUDT16L1",-0.000156073054236584,0.976831792497543,0.978752970705566
"SEPHS2",-0.000258828978657588,0.961587675845164,0.963823526280862
"IGFLR1",-0.000309035981905809,0.9541440903476,0.956876070563341
"AIP",-0.000328740286461579,0.951223827762369,0.954288995843236
"THYN1",-0.000355624406626395,0.94724054955333,0.950463033070163
"TRABD",-0.00036418100055053,0.945973036017477,0.949361191590606
"LSM4",-0.000388263845692765,0.942406317439583,0.946120566630495
"MGAT4B",-0.000420593174585987,0.937620105680447,0.941652880328535
"SNAPIN",-0.00046148705073371,0.931569199856186,0.935911401218011
"GPANK1",-0.000543868635088311,0.919391878524537,0.924340166352979
"EDEM1",-0.000585423647976208,0.913256364614517,0.918501196572102
"NUDCD3",-0.000604964494283263,0.910372961551287,0.916035027069723
"TMEM70",-0.00062902480248401,0.906824301681057,0.912687389838477
"TIMM8B",-0.000662193959173411,0.90193523819663,0.908092898823915
"TUBA1C",-0.000699382901066753,0.896458095051707,0.903227465780253
"ROMO1",-0.00077526528460846,0.885297797010916,0.892946158108203
"ZCCHC9",-0.000824770183379892,0.878029035164785,0.886093051154953
"VKORC1",-0.000925423755424403,0.863282457021817,0.871367955538592
"JPT1",-0.000931500341033655,0.862393656606534,0.870627643960191
"TRAPPC3",-0.000941951988711617,0.86086533954705,0.869397974918304
"NUDT1",-0.000956377837463692,0.858756742208448,0.867581176011563
"TEX264",-0.000956972547246924,0.858669836184819,0.867581176011563
"FCGRT",-0.000974101592520818,0.85616747664182,0.865433358423658
"TFPT",-0.000985694291670661,0.854474733069527,0.864033995691381
"RPL7",-0.00102074064219091,0.849361435455204,0.859173553121113
"TNRC6A",-0.00130293974665738,0.808436766858964,0.818958720440642
"CENPX",-0.00130889428179787,0.807578441563535,0.818237133704945
"WDR73",-0.00140401233555177,0.79389957265614,0.804959870664919
"DDX18",-0.00148865126367481,0.781780632274259,0.793246182014294
"EMC2",-0.00155253670439291,0.772668044242411,0.784426036220013
"PBXIP1",-0.00155371058482948,0.772500891176446,0.784398440687227
"SP1",-0.00156920643294373,0.770295373569057,0.782300701971909
"PLPBP",-0.00159709293058183,0.7663309866584,0.778415597105977
"RFLNB",-0.00161537825131846,0.763734827334769,0.775919139300951
"SEC62",-0.00163641114703523,0.760751849264552,0.773168908828174
"NT5C",-0.00165720628989585,0.757806082703648,0.770454515143549
"DCK",-0.00171753279771019,0.749280460752426,0.762339815188198
"LYRM1",-0.00172566861297426,0.748132984587625,0.76131055849447
"EEF1E1",-0.00177997634984277,0.740487814705486,0.754078450592321
"RBM12B",-0.00183108462856379,0.733316366889465,0.747046886029552
"WDR74",-0.00188492037607323,0.725787303343771,0.739511281443363
"TRMT13",-0.00191789164623056,0.721189184877379,0.735093523472687
"ADK",-0.00192912093906741,0.719625454418392,0.733633081055243
"MCTS1",-0.00193393653484659,0.718955219487027,0.733083160481313
"GRHPR",-0.00198557004419749,0.711782538246035,0.725901609523345
"ZDHHC21",-0.00198982336757799,0.711192812018227,0.725432202138723
"NTMT1",-0.00199731644786616,0.710154311754309,0.724504781188995
"YWHAG",-0.00200021188790005,0.709753163486412,0.724227372210097
"STX2",-0.00205038103981585,0.702815342846152,0.717540022100535
"DEF6",-0.00205959398563106,0.701543962977254,0.716372516130564
"C19orf25",-0.00210896444004258,0.694745180524115,0.709688660528097
"KDM6B",-0.00213552196231655,0.691098045138442,0.706220540655694
"PTTG1IP",-0.00217127051532364,0.686200019052754,0.701471161395775
"FAM98C",-0.00227257414463512,0.672392079816428,0.687857834116696
"TNFSF14",-0.00227865744940158,0.671566359039994,0.687138556885179
"CAMTA1",-0.00233363549719461,0.664121958012664,0.679645626863216
"MDH1",-0.00233425076923275,0.664038831513528,0.679645626863216
"DCAF15",-0.00234060717858779,0.663180289154049,0.678929912389348
"PPP1R11",-0.00234434037294167,0.662676263099751,0.678537872905355
"KAT8",-0.00235818768025858,0.660808045598285,0.676780415342606
"ORAI2",-0.00236637383380601,0.659704598147408,0.67586555174005
"VPS28",-0.00237959901323703,0.657923482318679,0.674164050999064
"RALA",-0.00238032399670906,0.657825900357563,0.674164050999064
"NUDT5",-0.00242854134301405,0.651349057539412,0.667671505112651
"CTSD",-0.00246586583409116,0.646353380613244,0.66303575781743
"HCFC1R1",-0.00247336678905956,0.645351331102067,0.662129047875501
"MRPL32",-0.00248019254853355,0.644440039811364,0.661315140652424
"PFDN4",-0.00254376040977411,0.635979037969918,0.652871685067489
"BNIP3",-0.00257226250960347,0.632200638022489,0.649230781652562
"ZNF141",-0.00261269879576638,0.626856628521264,0.64409690983373
"CAMK2G",-0.00264533256342734,0.622558006666483,0.63991472291984
"HAGH",-0.00266131709913025,0.620457147010181,0.637872289826647
"PBX2",-0.00274291930430797,0.609780586845717,0.627702132381227
"LYSMD2",-0.00275963668618932,0.607603452698423,0.625690876317891
"TRIM14",-0.00276406320142528,0.607027560998375,0.625212727777044
"MYCBP",-0.00280743766925804,0.601397471083269,0.619527836020338
"TIMMDC1",-0.00281114446920698,0.600917416128718,0.61914712263014
"PCNX2",-0.00281537781177982,0.600369382257408,0.618696215183986
"NGRN",-0.00287922046472179,0.592132088878336,0.610319703158763
"TARSL2",-0.0029130193079378,0.587792298982868,0.60595806539735
"LAT",-0.00291589033246052,0.587424336688519,0.605690153229524
"SNAPC5",-0.00297276530832911,0.580157081561319,0.598527298429609
"LEPROTL1",-0.00304188085220869,0.571382921956564,0.589583850974882
"MICOS13",-0.00311075711574429,0.562702442291482,0.58094776834957
"ZNF593",-0.00312341537505037,0.561114071755692,0.579414641260162
"MED11",-0.00316957249571219,0.555340681567674,0.573558639790868
"RCBTB2",-0.00319485265379121,0.552190953176779,0.570410709972842
"RBX1",-0.00321974174684607,0.549098540790656,0.567425451335208
"EMG1",-0.00322255153868303,0.54874996808117,0.567169830528749
"MFNG",-0.00324607399121468,0.545836148712807,0.564366379591618
"WBP2",-0.00324833235434349,0.545556800509868,0.564181640534656
"TIMM9",-0.00328236484555405,0.541355759223109,0.56014728114592
"IVNS1ABP",-0.00335100555025018,0.532932053353854,0.551634877538788
"MRPL58",-0.00335196997175364,0.532814171912201,0.551614745870307
"GNG10",-0.00344285018578305,0.521765381817118,0.540475637653074
"ICE2",-0.00345476555647989,0.520325554196254,0.539183506974077
"MRPS5",-0.00348839716652835,0.516272659054332,0.535181646566866
"TUG1",-0.00353524497574943,0.510654501160011,0.529455656706883
"EBAG9",-0.00357313999262034,0.506133484322303,0.524865293512618
"MFAP1",-0.00359669757936222,0.503333626630642,0.522155061761961
"RBMX",-0.00360090041119256,0.502834974463518,0.521734344916415
"ALDH9A1",-0.00360201310143814,0.502703001152497,0.521694003418258
"ATP5MF",-0.0036129854384282,0.501402581766113,0.520440835009687
"MESD",-0.00365119606963963,0.49688787469283,0.516041447327394
"FAM174C",-0.00365979379028371,0.495875020643923,0.515085007541899
"NDUFB9",-0.00371194792739766,0.489754690259793,0.508821891771576
"ATP6V0E1",-0.00374912449867164,0.485416931003435,0.504408767169154
"ZNF480",-0.00375221729339252,0.485057003381442,0.504128235710238
"FAM118A",-0.00376419124188101,0.483664885081463,0.50277462734122
"B3GAT3",-0.0038362461785748,0.475333572627265,0.494297521062014
"YIPF5",-0.00395502152244746,0.4617737876982,0.480375033647802
"RPS4Y1",-0.00399723922041947,0.457006615435274,0.4755040981989
"DPP4",-0.0040070921883281,0.455898022305153,0.474438721819513
"MX2",-0.00401364899109774,0.45516113175117,0.473759840700884
"OSGEP",-0.00408141041221753,0.447585113523677,0.466394008216193
"GADD45A",-0.00414747612582082,0.440268186725687,0.458854922523852
"RGL4",-0.00423286107025316,0.430914016835129,0.449272958203547
"NELFE",-0.00423507499421366,0.430673018283015,0.449105246456646
"WWP1",-0.00425598404368081,0.428400806177632,0.44681893128968
"PRPSAP2",-0.00426296307230354,0.427643941852456,0.4461125558714
"PRKRA",-0.00428194625001425,0.425589190727303,0.444134418032738
"USP22",-0.00433545242043138,0.419828755441387,0.438367867615713
"ELMO1",-0.00434916225193436,0.418360173164313,0.436997280598846
"MVP",-0.00436361639853044,0.416815140471901,0.435464587472881
"AC008555.4",-0.00438661783439174,0.414363421392631,0.433064642574469
"HNRNPLL",-0.00439557038310417,0.413411481421172,0.432150334244403
"EIF4A3",-0.00442341417623885,0.410459090801407,0.429304357008415
"CYBC1",-0.00444499620861835,0.40817930160919,0.426999590483088
"MPHOSPH8",-0.00447744530739342,0.404765815520451,0.42350777262446
"MPC2",-0.00451513048092549,0.400823018904495,0.419852747278652
"NDUFA13",-0.00454378246696692,0.397840810669195,0.416806861654546
"ILK",-0.00455997823053056,0.396161025423002,0.41512460480002
"TXNDC15",-0.00460249843254116,0.391771358905423,0.410832091187498
"MRPS26",-0.00461238806612331,0.39075462712448,0.409842584766159
"NDUFA11",-0.00472653626301262,0.379135655233666,0.39787944043623
"CREB3L2",-0.00473854300437591,0.377925984824231,0.396758564809852
"UBL4A",-0.00474472621003924,0.37730395990763,0.39617976228637
"S100A10",-0.00476200871918263,0.375568704961183,0.394505533758664
"AKT3",-0.00477581279989394,0.374186249195273,0.393127060459375
"CUEDC2",-0.00480144501589381,0.371627586816756,0.390585333181002
"ACADM",-0.00481750662405685,0.370029826697852,0.38897901872346
"MRPL34",-0.00483659077840092,0.368136950077032,0.387134447031654
"PPWD1",-0.00486813096888841,0.3650218528565,0.383930642531498
"ASAP1",-0.00492726385653281,0.359226060696184,0.377976500965342
"WASHC3",-0.00494611838333241,0.357390297769344,0.376115535905991
"TP53I13",-0.00497352495665756,0.354732422206966,0.373388522548429
"MPG",-0.00500664656840985,0.351537006189498,0.370303267422171
"UBE2E1",-0.0050507225527624,0.347313136572017,0.365991503826549
"NAA20",-0.00505866497739065,0.346555449306045,0.365261752475282
"RPL26L1",-0.00509721909456338,0.342892452801317,0.361469019093037
"MRPL27",-0.00513475149133602,0.339350388861943,0.357869698754672
"ACAT1",-0.00514215245010093,0.338654714369791,0.357203278623811
"SUPT20H",-0.00514871273406656,0.338038827403505,0.356687928595226
"STARD3",-0.0051735528251006,0.335713334807706,0.354434349710322
"CDIPT",-0.00517872842318871,0.335230102497879,0.353990860071249
"MTO1",-0.00518627186220384,0.334526593705802,0.353314555432965
"TNFAIP8",-0.00520078242286749,0.333176001875238,0.35195444194323
"UCHL3",-0.00522277467167339,0.331135759565273,0.349997132516747
"SKP1",-0.00522932768324693,0.330529396103645,0.349488063351854
"ARRDC1",-0.00524897616152524,0.328715592632971,0.347701430939066
"RHOT2",-0.00526355643113031,0.327373827765393,0.346347542155421
"CEP164",-0.00528382966322952,0.32551407923806,0.344445033997374
"POLD4",-0.00529311745239394,0.324664370906754,0.343675695988185
"COX7B",-0.00531509738515455,0.322659258002685,0.341682252805564
"DNAJB9",-0.00531770116192164,0.322422265423208,0.341495818452402
"PIGBOS1",-0.00538667731166517,0.316185502591213,0.334953413331031
"CCT8",-0.00546309319361676,0.309369122532925,0.327980431833997
"ZNF33B",-0.00547102280299064,0.308667395162519,0.327360348692421
"ARL1",-0.00547896965367699,0.307965198707934,0.326677450986043
"OAS3",-0.00548226220675728,0.307674573365443,0.326430955914415
"ATF1",-0.00551891610454299,0.304451487229385,0.323072549599218
"METTL5",-0.00555130943198772,0.301621770945792,0.320130379617466
"RSBN1",-0.00561906932950232,0.29575939632474,0.314086726739406
"NINJ1",-0.0056220736036087,0.295501253968687,0.31387206733141
"IGBP1",-0.00566391573067551,0.29192165217372,0.310187512093578
"HDAC10",-0.00569190789893338,0.289543248835912,0.307718635781614
"ZNF580",-0.00569539798514765,0.289247625116238,0.307462763875455
"SARS",-0.0057316931426999,0.286185338298303,0.304438617278605
"AASDH",-0.00576701322288474,0.283226420482439,0.301348179301992
"CENPK",-0.00579172331322585,0.281168711774418,0.299272452190662
"HINT2",-0.00582383064891426,0.278510197304158,0.296611772271475
"FAS",-0.00582806109536651,0.278161192268552,0.29629639260083
"ABHD14A",-0.00583657295675905,0.277459879728834,0.295605544866993
"COA5",-0.00586688241920215,0.27497239585206,0.293011086966143
"NDE1",-0.00587633651636855,0.274199626966284,0.292243193137895
"CD5",-0.00589112325613368,0.272993950447019,0.291068892371594
"TCIRG1",-0.00596975848505674,0.266643166469986,0.284405844099315
"DEXI",-0.00605542132516794,0.25984132256846,0.277309230941469
"MRTO4",-0.0060780803057731,0.258062409286125,0.275463188883704
"ABTB1",-0.00618497083935474,0.249784604644985,0.266830523147255
"DENND10",-0.0062210148591575,0.247035573135418,0.263944204356699
"RTRAF",-0.00625775050256554,0.244255667597127,0.261173203818794
"HIGD1A",-0.00628205607263334,0.242428503324282,0.259268956608641
"TAF9",-0.00629306998169924,0.241603708591507,0.258436186857569
"MRPL42",-0.00630496008349723,0.240715517811144,0.257584449458402
"PYCR2",-0.00634747558814667,0.237558432573845,0.254254670768492
"HAUS1",-0.00637686176493182,0.235393460650021,0.251985664466612
"C1orf35",-0.00641572012327005,0.232552137041675,0.249086807335923
"TECPR1",-0.00642843438648324,0.231627775252121,0.248144150738461
"PSMC2",-0.00644212364575141,0.230635448785253,0.247175569897218
"RDX",-0.00647425849654827,0.228317893517099,0.24473861424442
"LYPLA2",-0.00650379996133748,0.226202048045724,0.242516984359716
"PEF1",-0.00650741640389543,0.225943992318258,0.242286669144952
"EEF1D",-0.00652063128994669,0.22500281463689,0.24136978813651
"VBP1",-0.00653188139431962,0.224203780308893,0.240604746237272
"NDUFS3",-0.00653580137757542,0.223925842082066,0.240352503165657
"CACYBP",-0.00653846272286975,0.223737285407169,0.240196120195743
"GSDMD",-0.00656258421941773,0.22203345086589,0.238412619017522
"THAP6",-0.00658191200978909,0.220674943760609,0.2369993071741
"HPRT1",-0.00659859668790809,0.219507017029478,0.235790171254207
"ZEB1",-0.00666131483003175,0.21515644829905,0.2312498535228
"TMEM65",-0.00666909762017924,0.21462094355358,0.230718543578412
"TUBA1A",-0.00667726095207406,0.214060288302973,0.230159987653465
"UTP18",-0.00669327967880627,0.212963198586318,0.229068285005322
"SLIRP",-0.00672678919270599,0.210681340895826,0.226657368857787
"CEPT1",-0.00675318689440097,0.208896262027513,0.224823248012711
"NDUFS7",-0.00676163222449187,0.208327487971461,0.224297260824604
"TRMT10B",-0.00676741492290475,0.207938684223242,0.223921673018264
"MAP7D3",-0.00691451217704429,0.198224783028955,0.213584249970056
"SNUPN",-0.00692371978822058,0.197627964195096,0.212982136797945
"GLOD4",-0.00692529327102276,0.197526105887902,0.212913309751068
"GIPC1",-0.00694181253938364,0.196459060667327,0.211803881488976
"TMEM107",-0.00695445492835443,0.195645295046246,0.210967141319832
"TMEM134",-0.00697664476938821,0.194222957616513,0.209514043211345
"CCDC90B",-0.00699515208306136,0.193042481114369,0.208280720863482
"COX7A2",-0.00701223103808699,0.191957795811577,0.207150296115555
"CDC26",-0.00702895928869752,0.190899734939645,0.206048173074301
"COMMD3",-0.0070688464649768,0.188394204958231,0.203382994526281
"TFG",-0.00707756307302793,0.187849911817827,0.20283447125763
"WASHC4",-0.00708517844576253,0.187375333960392,0.202400033059761
"APRT",-0.00717183964492886,0.182036966466671,0.196709440817437
"GNG5",-0.00722906914197562,0.178573978632895,0.19304177782769
"ABHD13",-0.007257622946644,0.176864609019532,0.191267709175118
"MALSU1",-0.00725850810904441,0.176811814396305,0.191247521304167
"DAP",-0.00728066761809731,0.175493956476307,0.189858712759309
"NFKB1",-0.00731286308068039,0.173592322054811,0.187837685420961
"MRPL4",-0.00737253427463524,0.170108605951414,0.184174773522358
"AL627171.2",-0.00737346776631835,0.170054526297076,0.184151800071268
"NOL9",-0.00738047575097171,0.169648946532844,0.183748105212612
"LAMTOR4",-0.00740731956674391,0.168102097022547,0.182107897103104
"CRTC3",-0.00742323282812071,0.167190123120458,0.181154959390381
"INTS11",-0.00744836769039899,0.165757248221464,0.179637133829643
"MRPL48",-0.00746360897665384,0.164892891875081,0.178734964423202
"NUP62",-0.00746922829612579,0.164575069407362,0.178424973681342
"SRPRB",-0.0075042012999563,0.162607397371889,0.176325823311158
"PPA2",-0.00752488405134611,0.161452112715236,0.175106955613738
"PIGF",-0.00755149811837521,0.159974652722325,0.173538125020502
"SDCCAG8",-0.00764892656897043,0.154653121026544,0.167895406864152
"SPNS3",-0.00772916208163359,0.150372524334022,0.163311555497647
"FRA10AC1",-0.00774008203859963,0.149796992795739,0.16271803598126
"HEXD",-0.00777827959189592,0.147797021349397,0.160638965795582
"MAPKAPK5-AS1",-0.0077807518432893,0.147668284106096,0.160530177328916
"DDX39A",-0.00778351170883813,0.147524671216521,0.160405172195844
"C2orf74",-0.00787638541197345,0.142753867045813,0.15530822576679
"SNHG14",-0.00788521753629496,0.142306410205742,0.154911640014176
"TP53TG1",-0.00793719436940706,0.139694924209918,0.152127935342476
"MRPL46",-0.00793755559473843,0.13967690499548,0.152127935342476
"LCMT1",-0.00797646324235265,0.13774650462484,0.150093605272721
"C1orf131",-0.00801865373058514,0.135676539058755,0.147924382273397
"RBM43",-0.00804627608527711,0.134334387716832,0.146489571660853
"MRPL15",-0.00811976561387746,0.13081356375348,0.14267793134965
"CBFB",-0.00817500301561135,0.128214624857189,0.13989773319698
"HELB",-0.00819066937508673,0.127484871914312,0.139128572971334
"SYNGR2",-0.00819365199311631,0.127346305744954,0.139004420996245
"PNKD",-0.00820354386517324,0.126887588738143,0.138530693023291
"STAT5A",-0.00820838004953226,0.126663788334223,0.138313302771821
"STX17",-0.00822451325067728,0.125919426346887,0.137527278356647
"JKAMP",-0.00834589373852652,0.120427883067457,0.131606446316309
"NOC3L",-0.00837385951426744,0.119189613414279,0.130304056491147
"MPRIP",-0.0083866767397463,0.118625436499873,0.129737889567777
"GGCT",-0.00838782996089502,0.118574777906839,0.129707799217241
"NDUFS6",-0.00839423300971627,0.11829381384962,0.129425719018601
"DDX56",-0.0083969546580758,0.118174546899853,0.129320476630888
"IMMP1L",-0.00850281887776461,0.113608175994254,0.124396291182454
"GAPDH",-0.00850924300122969,0.11333561228726,0.124122097177606
"ZNHIT1",-0.00852325985737858,0.112742691260114,0.123496880731369
"MPV17",-0.00853352512746092,0.112310017431123,0.123046986839494
"HSPD1",-0.00854186290395977,0.111959550575599,0.122687000669858
"ARL6IP6",-0.0085518961528283,0.111538961085443,0.122250017195936
"TLNRD1",-0.00864309440054163,0.107772904189461,0.118168529657159
"LGALS1",-0.00866707273496581,0.106799615368643,0.117124274858292
"UFSP2",-0.00874929144058154,0.10351512678833,0.113588950562326
"CARHSP1",-0.00877110652108805,0.102657268154735,0.112669669161601
"CARS2",-0.008814761372182,0.100957566489641,0.11084761022883
"NFYC",-0.00885298237310196,0.0994879084272225,0.10929822364755
"RNF187",-0.00893138480001872,0.0965266431031575,0.106086547940791
"NDUFA8",-0.00894871187876682,0.0958818069866707,0.10539851831175
"ZBTB24",-0.00897858376262764,0.0947782100007111,0.104205824768292
"METTL26",-0.00898423074209728,0.0945707344218801,0.103998115325788
"UNC50",-0.0090208325695129,0.0932347583527016,0.10254908455516
"NFKBIA",-0.00902214575413488,0.0931871096454888,0.102516796712469
"CHMP1A",-0.0090673586247256,0.091558451854226,0.100744858470662
"PSMG2",-0.00908341130634764,0.0909857350783614,0.100134340019469
"SMAP1",-0.00909271304127208,0.0906551944825134,0.0998097661846768
"PWWP3A",-0.00916536556703529,0.0881065743563018,0.0970419109065872
"EIF3G",-0.00921081637698141,0.086541771559624,0.0953558961502424
"SESN1",-0.00924355277640768,0.0854286698458349,0.0941479382135809
"ABI2",-0.00926704627523868,0.0846370001294707,0.0932938136753646
"CTDSP2",-0.00927517577042904,0.0843644434354841,0.0930116744073289
"SPCS1",-0.00927652740172776,0.0843191963754347,0.092980081953549
"GTPBP8",-0.00937694944553741,0.0810120267857834,0.089385981119813
"ISCU",-0.00942327868470798,0.0795221814454903,0.0877939922814278
"AGPAT3",-0.00943249830378596,0.0792283728403915,0.0874868574182373
"GTPBP10",-0.00948119001549442,0.0776912867929042,0.0858402940038318
"ZYX",-0.00949347960547557,0.0773071953450663,0.0854327593598406
"EXOC1",-0.00955976116057114,0.0752622612461506,0.0831892923123132
"DARS",-0.00965330051209967,0.0724517107267438,0.0801301335923964
"ECH1",-0.00970085423772677,0.0710561644010929,0.0786177187174185
"MED28",-0.00971925118221509,0.0705222200727565,0.0780423620236429
"POLR1D",-0.00977133056529871,0.0690285149769268,0.0764044633479553
"RRP15",-0.00977887371073941,0.0688143382306655,0.0761824479345416
"STX10",-0.00981815653367578,0.0677077679513894,0.0749870220552541
"PPCS",-0.00982535932369594,0.067506466874925,0.0747788575542755
"ASXL2",-0.00982554990721425,0.0675011472070333,0.0747788575542755
"SNHG1",-0.00988511123256873,0.0658554578355595,0.0729932724902048
"NTPCR",-0.0098979009289339,0.0655064238908964,0.072649515037519
"TM7SF3",-0.00989836823224335,0.0654937000051917,0.072649515037519
"SKA2",-0.00991618282464866,0.0650101559341843,0.0721276804306412
"YBEY",-0.00991831381485544,0.0649525118633246,0.0720779953429844
"PDXK",-0.00992179340322954,0.0648584783516919,0.0719879011057401
"LSM2",-0.0100383263078064,0.0617735454823592,0.0685910340564971
"INIP",-0.0101049411565725,0.0600653082322939,0.0667207110671507
"ENOSF1",-0.0101051301642158,0.0600605177164446,0.0667207110671507
"CKAP2",-0.0101943454311367,0.0578344052799871,0.064280842361969
"RYK",-0.0102063744245865,0.0575395703178487,0.063965830601314
"MRPS28",-0.0102219458965078,0.0571597647991873,0.0635688275321781
"CNOT11",-0.0102761022607748,0.0558550325461686,0.062142466227661
"MLH3",-0.0102823859517046,0.0557052650758184,0.0619881464425906
"AP2A2",-0.0103031723101994,0.0552122182426847,0.0614516923598819
"POLE4",-0.0103187058344421,0.0548461465348348,0.0610563776680997
"HDGFL2",-0.010396678462717,0.0530390447301624,0.0590681253314448
"NDUFA7",-0.0104060115015721,0.0528261132917191,0.0588426831418792
"CMAS",-0.0104199871157458,0.0525085985499963,0.0585006334541112
"PPIL4",-0.0104592642916352,0.0516247845554258,0.0575273996119718
"CNPY2",-0.0104602341139968,0.0516031200926086,0.057514694709423
"PLGRKT",-0.0104769345118266,0.0512312487085773,0.0571115810150919
"MRPL38",-0.0104850440825037,0.0510514819327586,0.0569225039298009
"SQOR",-0.0104943431251879,0.0508459982314185,0.0567046714604715
"ZNF274",-0.010498931176744,0.0507448701746199,0.0566031553460529
"ODF2L",-0.0105044783736898,0.0506228260501469,0.0565120153755026
"TXNDC12",-0.0105097198254701,0.0505077346759318,0.0563947689029531
"EI24",-0.0105350552355778,0.0499545083680254,0.055788175546914
"PQBP1",-0.0105589200363905,0.0494380498297692,0.0552334193074216
"ANXA2",-0.010583411733602,0.0489126893075299,0.0546573700656825
"MBD1",-0.0106383691049161,0.04775086050024,0.0533910259863019
"ANXA7",-0.0106388396799773,0.0477410133251547,0.0533906682646511
"SGSM3",-0.0106389912820823,0.047737841288376,0.0533906682646511
"TRAF5",-0.0106735641606985,0.0470190699829406,0.0526042859222198
"BBIP1",-0.0106991117596675,0.046493802619228,0.0520270107584173
"ZBTB25",-0.0107052997068662,0.0463673220095212,0.0518958403318068
"ZRSR2",-0.0107269672374459,0.0459267218929521,0.0514129743284266
"CENPT",-0.0108546482806621,0.0434014033556228,0.0486054085541387
"NAAA",-0.0108601831413126,0.0432946396544995,0.0484955348038807
"TMEM263",-0.0108882423182555,0.0427568050956303,0.0479026660847485
"TIMM10",-0.010907204132431,0.0423965549925835,0.0475162829677605
"AP1G2",-0.0109294965790176,0.0419763137445048,0.0470564637375885
"RANGRF",-0.0109455078052868,0.0416766613306402,0.0467298939769723
"PLRG1",-0.0109697080226918,0.0412271888287841,0.0462351743439076
"SMIM15",-0.0109998657956027,0.0406728188931335,0.0456317271425666
"C7orf50",-0.011076281396058,0.0392963427739215,0.0441227619525258
"MRPS23",-0.0110887724198604,0.0390751456126284,0.0438831895817975
"MRPL20",-0.0111488933732372,0.0380252313074903,0.0427212101538042
"PDZD11",-0.0111638343377839,0.0377680652165187,0.0424407935579248
"MIIP",-0.0111644223030495,0.0377579754020093,0.0424379651329443
"TGIF1",-0.011185770042762,0.0373931860932764,0.0420363921497936
"MRPL1",-0.0111954709646212,0.0372284109266863,0.0418595535379514
"MEI1",-0.0112027466098696,0.0371052363180688,0.0417294289236319
"TIMM17B",-0.0113445510554798,0.0347729224767202,0.0391378705682948
"SPOP",-0.0113971635207839,0.0339400130084855,0.0382080821413324
"SYS1",-0.0114105244922422,0.0337312311470106,0.037980674974452
"BAD",-0.0114178524355249,0.0336171899527081,0.037859873893685
"GABPB1-AS1",-0.0114213977860017,0.0335621338670952,0.0378054669731058
"MCUB",-0.011489859005389,0.0325140197012857,0.0366543082691622
"PFDN2",-0.0114947545491896,0.0324401568948223,0.0365783982371396
"AFF1",-0.0115020503194247,0.0323303467838611,0.0364619165580112
"VAMP4",-0.0115062362675795,0.0322674871247504,0.0363983490030397
"MRI1",-0.0116377798411919,0.0303447854685617,0.0342501868611924
"NFYB",-0.0116512454035675,0.0301536369888374,0.0340412936513789
"CD44",-0.0116537742032216,0.0301178554112117,0.0340077496926114
"LINC00649",-0.01174197561998,0.0288924666176752,0.0326504099466529
"DOCK9",-0.0117429322272798,0.0288794152281574,0.0326422434325522
"RNF5",-0.0117697270377995,0.0285158990416118,0.0322378652873094
"CCDC174",-0.0117698214167987,0.0285146256310689,0.0322378652873094
"STAMBP",-0.0117950293801963,0.0281762555687155,0.0318667479731749
"TRIM69",-0.0118376237568692,0.0276123663421487,0.0312416113429036
"C1orf50",-0.0118400519269094,0.0275805161329686,0.0312118764961947
"YIPF3",-0.011890373089535,0.0269275522862405,0.030479095740677
"LINC01089",-0.011897029801437,0.0268421827849529,0.03038860451048
"GABARAPL2",-0.0119033895940694,0.0267608395313021,0.0303026358321715
"CASP8AP2",-0.011928412493697,0.0264428537487455,0.0299486160889187
"MUS81",-0.0119570034391521,0.0260835266218945,0.0295595719290388
"HIBCH",-0.0119577965781371,0.0260736190214035,0.0295543205897948
"HIST3H2A",-0.0119593633067813,0.0260540575827435,0.029538122333339
"CARD19",-0.0120020624111072,0.0255257993074342,0.0289450787775924
"JAML",-0.0120278632649161,0.0252111120720107,0.0285998121561837
"NXT1",-0.012030497390332,0.0251791739450475,0.0285693644033298
"NFIA",-0.0120400328502056,0.0250638515006433,0.0284442737565016
"AAMP",-0.0120822878658083,0.0245583028880661,0.0278931352624083
"NEDD8",-0.0120823046316313,0.02455810406442,0.0278931352624083
"CDK5RAP3",-0.0121196085534759,0.0241191611531797,0.0274110280069801
"CZIB",-0.012138891944466,0.0238949384910308,0.0271617110149567
"UCKL1",-0.0121477725415977,0.0237922864918363,0.0270505119700245
"APPBP2",-0.0121491351081538,0.0237765703010973,0.027038129051816
"RRS1",-0.012167393606545,0.0235668393912731,0.0268105091247857
"MTX1",-0.0122034433453965,0.0231574546970962,0.0263501271314775
"TPRKB",-0.0122244068681544,0.0229222415480474,0.0260877826229199
"GINM1",-0.0122798645202034,0.0223099809131996,0.0253961269627404
"NOL7",-0.0122908901440391,0.0221899654804379,0.0252646417213275
"MTERF4",-0.0122934729362397,0.0221619327343796,0.0252378522746318
"NUDT22",-0.0123148766992578,0.0219308064103965,0.0249848016108685
"LIX1L",-0.0123236432875226,0.0218367483816278,0.0248827039305901
"TRAPPC4",-0.0123575195250762,0.0214765764810397,0.0244872298270084
"POLR2K",-0.0123619664914664,0.0214296825483261,0.024440863681396
"MINK1",-0.012381986083565,0.0212196753798941,0.0242090921882993
"TRAPPC12",-0.0124157000914821,0.0208700627294204,0.023815074635649
"DDIT4",-0.0124409483660316,0.0206115371370774,0.0235296504616382
"IMPA1",-0.0124685326110349,0.0203322886934588,0.0232203272545635
"ELOC",-0.0124898870130204,0.0201183799045476,0.0229854028511896
"DESI1",-0.0125064359991265,0.0199539606132145,0.0228022013206473
"CCDC7",-0.0125846675632352,0.019192485628824,0.0219409811227927
"C2orf68",-0.0125938891269396,0.0191044218620245,0.0218447623168303
"TMEM126B",-0.0125990862447076,0.0190549464079781,0.02179263666741
"CBWD1",-0.0126119003054722,0.018933437579433,0.0216580902623275
"SLC25A38",-0.0126171378510892,0.0188839681535401,0.0216059121136053
"HPF1",-0.0126303113729949,0.018760041591889,0.0214685058364194
"FAM104A",-0.0126511378967159,0.0185655725253068,0.0212502999247997
"EIF3J",-0.0126526972330447,0.0185510833516029,0.0212380533406297
"EDEM3",-0.0126904636920625,0.0182031708307415,0.0208440068114988
"CTBS",-0.0127322368190207,0.0178250146473046,0.0204151608590834
"TMEM222",-0.0127446188311758,0.0177142556061621,0.0202966036427995
"MAGED2",-0.0127885653546914,0.0173260012604542,0.0198598713568389
"RPAP3",-0.0127960895341124,0.0172602809605336,0.0197885872550798
"SNRNP70",-0.0127998295961036,0.0172276946395839,0.0197552692367972
"OBI1",-0.0128271193218042,0.0169915544080481,0.0194884713267911
"DDB2",-0.0128911399168414,0.0164486952291552,0.0188735643047063
"MIATNB",-0.0129208770807812,0.0162017643569779,0.0185940379800337
"ATP2B1",-0.0129798545350448,0.0157216489538443,0.0180504242444875
"RHEB",-0.0130029018248997,0.0155374570448877,0.0178426043605637
"PRNP",-0.0130220839853625,0.0153856055370114,0.0176754681077105
"LINC00667",-0.0130284962459533,0.0153351363593761,0.0176210998888545
"PPP2R1A",-0.013029144984024,0.0153300384434905,0.0176188546836178
"TOR1A",-0.0130399131650759,0.0152456375114711,0.0175254466901095
"MPC1",-0.0130400743394317,0.0152443773416982,0.0175254466901095
"RYBP",-0.0130440302683229,0.0152134759587411,0.017495653452244
"AK2",-0.0130917954219628,0.0148446933830726,0.017075053718953
"GPR108",-0.013122360487454,0.0146128621348544,0.0168118413885699
"TRAF3",-0.0131523350497339,0.0143886155136512,0.0165606492788049
"SNHG9",-0.0131603443012326,0.0143292126391792,0.016495667138447
"TPM4",-0.0131612316123723,0.0143226449740297,0.0164914942335037
"MALT1",-0.0132090947128057,0.0139722851932697,0.0160913864001405
"CIB1",-0.0132180276079658,0.0139077403366944,0.0160203446756085
"PTPN7",-0.0132399963494104,0.0137501230878632,0.0158420414852766
"FBXO22",-0.0132534737238604,0.0136542107282828,0.0157347721409206
"MLLT3",-0.0132569426861251,0.0136296195240608,0.0157096642971692
"GNB5",-0.0132650923245782,0.0135720012236111,0.0156464708613694
"ARF4",-0.013286862318484,0.013419140258028,0.015473428396294
"CCNI",-0.0132882290853284,0.0134095942778426,0.0154656032790759
"SGF29",-0.0133297910325752,0.0131221624411184,0.015137216615897
"MRPL23",-0.0133778129564478,0.0127968503625972,0.0147649885591918
"MYL12A",-0.0133909111026096,0.0127093682447027,0.0146670715904683
"SURF1",-0.0134268742776505,0.012471887188285,0.0143959744187743
"KIAA0319L",-0.0134708809011249,0.0121866435341934,0.0140754225815375
"ERG28",-0.0135703875104279,0.0115628733273256,0.0133659946630224
"LTA4H",-0.0135939231638504,0.0114195457140143,0.0132030398558564
"TYW3",-0.0136097324008366,0.011324158037028,0.0130981592651197
"DDRGK1",-0.0136192035246188,0.0112673518688261,0.0130351444824322
"NFKBIZ",-0.0136836478462235,0.0108874991262805,0.0126113156477214
"CYTH2",-0.0137177206805728,0.0106912998083465,0.0123866123890787
"TRNT1",-0.0137213108103567,0.0106708111915518,0.0123654313311531
"PRPF6",-0.0137288989695451,0.0106276209482974,0.012317929223218
"UBE2N",-0.013743680868451,0.0105439315697313,0.0122234572852243
"TIMM13",-0.0137456532533068,0.0105328091327395,0.0122130896709853
"BTF3",-0.0137517381761265,0.0104985614954178,0.0121758978932784
"MTA1",-0.0137945082172017,0.0102606221890559,0.0119024066958123
"VDAC1",-0.0137963471163058,0.0102505004695366,0.0118931272528537
"POP5",-0.013815649053779,0.0101447932335307,0.0117753565204445
"ZNF138",-0.0138431813317025,0.00999569203449725,0.0116046940462653
"OSTC",-0.0139052620467407,0.00966663383463116,0.0112249929567495
"THAP1",-0.0139060392907588,0.00966257599879943,0.0112226064035797
"LAMTOR2",-0.0139257363677459,0.0095602470321155,0.0111060581193979
"TP53RK",-0.0139662244163141,0.00935293547345463,0.0108697325577022
"TUBA1B",-0.0140012848306936,0.00917666524164831,0.0106693012477587
"CHCHD7",-0.0140294098893213,0.00903741298348247,0.0105095792403892
"HADHB",-0.0140349596482776,0.00901015905722785,0.0104800604725415
"CST3",-0.0140552591041865,0.00891109593980695,0.0103691407073667
"WDR13",-0.0140624429822074,0.00887627173494455,0.0103329095975549
"RSL1D1",-0.0140833973359437,0.00877538785116126,0.0102197160261654
"BRD8",-0.014097063685214,0.00871014495651544,0.010147952668672
"PGK1",-0.014098854742055,0.00870162669047031,0.010140136405364
"UBA7",-0.0141308593184994,0.00855066288040195,0.00996836171869617
"RANGAP1",-0.0141531660238983,0.00844683254956404,0.00985141511087552
"GPR174",-0.0142786717394601,0.00788338964632891,0.00919810859421761
"BRD9",-0.0142931482862746,0.00782061383641436,0.00912676383574887
"AL365361.1",-0.0143053928423535,0.00776786676856377,0.00906709547407443
"HPS4",-0.0143113546750351,0.00774229996928342,0.0090391352141384
"GADD45B",-0.0143123124647521,0.00773819960897792,0.00903623059152162
"IFI44",-0.0143142194524378,0.00773004146382103,0.00902858531956087
"ECI2",-0.0143144908831514,0.00772888090263471,0.00902858531956087
"LINC01184",-0.0143650646721119,0.00751534711959375,0.0087833170507202
"ASNSD1",-0.0143684012080713,0.00750144731969256,0.00876890087183085
"TDG",-0.0144108221791631,0.00732672313327064,0.00856644198598971
"DLGAP4",-0.0144329469522941,0.00723705167877318,0.0084633634407022
"HIKESHI",-0.0144409593174357,0.00720482136981824,0.00842743038122759
"RAB11A",-0.0144932896365073,0.00699746857267197,0.00818659997520954
"CYB5R3",-0.0145759786996809,0.00668073201139338,0.00781930288050303
"LAPTM4A",-0.0145883905622349,0.00663431795493829,0.00776660075610491
"RNH1",-0.0145925134259224,0.00661896480829811,0.007750246298726
"TMEM80",-0.014595214864341,0.00660892224364788,0.00774010454616567
"PIGC",-0.014620630073872,0.00651511016102136,0.00763183054815295
"NUDCD2",-0.0146678031421459,0.00634415505405177,0.00743468107965415
"COPS3",-0.0147043664281552,0.00621443849885721,0.00728419020029195
"NUBP2",-0.0147966441924167,0.00589761532982316,0.00691716959152972
"MLXIP",-0.014856940330926,0.00569853774293892,0.00668647519083537
"TANK",-0.0148625805331073,0.00568022923448843,0.0066663884042038
"ZNF609",-0.014905537224143,0.00554252034790296,0.00650613406569925
"ATPAF1",-0.0149138873130818,0.00551610432670753,0.00647648201275277
"ENTR1",-0.0149180065602147,0.00550311473171558,0.00646393941658649
"SEC11A",-0.0149337215080098,0.00545381253754375,0.00641005987004933
"SLC7A6OS",-0.0150077001083642,0.00522703536167934,0.00614738849251858
"PREPL",-0.015014717900829,0.00520597139401565,0.00612390085895544
"ZSWIM7",-0.0150321649952367,0.00515393572788509,0.00606396301051187
"SNRPF",-0.0150423261364186,0.00512384731906336,0.00602982788240887
"CDK2AP2",-0.0150847178373427,0.00500002550444523,0.00588534823081518
"STK25",-0.0151168999025519,0.00490783860000986,0.00577926613037514
"POLR2I",-0.0151721800938887,0.0047530683352911,0.00560054561626815
"TSNAX",-0.0151748300923675,0.00474576120714263,0.00559311163087851
"NDUFS2",-0.0151848030614364,0.00471835270053863,0.00556197907737032
"COPS4",-0.0152030503416767,0.00466857472282594,0.00550445881479415
"ARHGEF18",-0.0152407381323686,0.00456726577394223,0.00538727791984262
"MRPS24",-0.0152695510181511,0.00449116116886836,0.00529974040647258
"PHB2",-0.0152974344475773,0.00441860737460364,0.00521632098741917
"KRCC1",-0.0153664624734778,0.00424354144422178,0.00501387439456439
"SORL1",-0.0153935950422512,0.00417646886883575,0.00493566671045035
"COQ4",-0.0153976028618666,0.0041666433473493,0.00492509371831797
"VPS35",-0.0154304793685869,0.00408683190192597,0.00483177341316311
"TAZ",-0.0154501770704321,0.00403968069763062,0.00477804361112748
"GIMAP4",-0.0154952473315153,0.00393364629966095,0.00465361069522904
"CWC22",-0.0155043396157138,0.00391256422631107,0.00462964736576167
"ATIC",-0.0155422099774561,0.00382585445512013,0.00452800176694683
"UQCRB",-0.0155423608723682,0.00382551247920561,0.00452800176694683
"AHCYL1",-0.0155566676259752,0.00379321468837335,0.00449126877533156
"SDR39U1",-0.0155963012688102,0.00370503078994788,0.0043877837165824
"MORC2",-0.0155994153191848,0.00369818169684968,0.00438059823063742
"ANAPC4",-0.0156005181171517,0.00369575894626409,0.00437865393971754
"SMIM19",-0.015626906035293,0.00363821564723063,0.00431138940306205
"TNK2",-0.0156317616055931,0.0036277164404197,0.00429985679613198
"ATRAID",-0.0156359190330097,0.00361874873301964,0.00429013494813667
"METTL4",-0.0156888632973461,0.00350629614393783,0.00415769860148701
"CIAO2B",-0.0156957717856947,0.0034918595599185,0.00414233297497529
"REXO4",-0.0157157988402182,0.0034503144158078,0.00409478229271218
"HGS",-0.0157186974462385,0.00344433881098795,0.00408855638567601
"POLK",-0.0157492853056135,0.00338185231056205,0.00401608398991094
"CEP135",-0.0158201369949327,0.00324105792189603,0.00384970084660987
"SRP9",-0.0158599886009152,0.00316423318704734,0.00375924587242173
"CGAS",-0.0158787192181297,0.00312870142009074,0.00371782077145643
"PRDX5",-0.0159437139398966,0.00300820976981627,0.00357615773229749
"TBC1D10C",-0.0160146929502013,0.00288147122965186,0.00342694498534996
"ORC4",-0.016017697256807,0.00287621592482085,0.00342142093880196
"XRRA1",-0.0160405717008667,0.00283648866514809,0.00337487950732269
"ZNF226",-0.0160522367059011,0.00281642291143011,0.00335171671175501
"CLPTM1",-0.0160602678867161,0.00280268337292304,0.00333749205734397
"PRPF19",-0.0160624975368683,0.00279887981488756,0.00333367109088839
"THADA",-0.0161204776193321,0.00270161184501957,0.00321850186638811
"PPIG",-0.016137512681827,0.00267362645343264,0.00318583938869584
"MTCH2",-0.0161406349995654,0.00266852589551952,0.0031804379239667
"ZCCHC10",-0.0161588468756302,0.00263895211915919,0.00314585996081007
"STK11",-0.0161887429758646,0.00259105354555139,0.00309007534991914
"RGS19",-0.0162469839201747,0.00250001723206527,0.00298214060632051
"EBNA1BP2",-0.0162602728171335,0.00247965968191166,0.00295911687764756
"NCOA3",-0.0162653345277745,0.00247194550619023,0.00295053942847499
"NME6",-0.0162758218695295,0.00245603236177331,0.00293216986693175
"ZNF721",-0.01627988179299,0.00244989717750426,0.00292546852391517
"MAP2K1",-0.0162970168604427,0.00242415758475672,0.00289596655403468
"SCO2",-0.0163086308864048,0.00240685245760879,0.00287590643335601
"CRYZL1",-0.0163173357282595,0.00239395628767513,0.00286110706678001
"STOML2",-0.0163428695182383,0.00235649215396845,0.00281693302705614
"DAP3",-0.0163828737350659,0.00229887461133587,0.00274864376401242
"CHMP6",-0.016434466807828,0.0022264711886417,0.00266321121475947
"MARCH5",-0.0164397527213034,0.00221917242401914,0.00265504745179404
"SLC25A39",-0.016449747051644,0.00220543218858116,0.00263917189511186
"UXT",-0.016492134980699,0.00214801941571304,0.00257211555676407
"AP1M1",-0.0164949289618408,0.0021442836454399,0.00256819097008873
"HNRNPF",-0.0165324598151665,0.00209467608600766,0.00250984921658904
"HTATIP2",-0.0165388849813236,0.00208628971177241,0.00250033523198729
"RPUSD3",-0.0165394591846081,0.00208554174059303,0.00249997345760072
"ZNF101",-0.0165486240222337,0.00207363664401473,0.00248676647829201
"GABARAP",-0.0165732711162072,0.00204192871687151,0.00244926552426112
"HCP5",-0.0165899138811169,0.00202077043567541,0.00242440537818989
"MED8",-0.0166035075653918,0.0020036379840576,0.00240436558086912
"PEX2",-0.0166259899111928,0.00197559523429935,0.00237122203748417
"TSPAN5",-0.0166347490401732,0.00196476763233306,0.00235873132210678
"FBXO25",-0.0166476971630944,0.00194886155805007,0.00234013716976914
"HSF1",-0.0167028936277349,0.0018823730837308,0.00226126875910556
"C17orf49",-0.0167972076164158,0.00177356716344958,0.0021310185214347
"NDRG1",-0.0167977638717201,0.00177294294746428,0.00213072534368214
"OXR1",-0.0168564139425914,0.00170824914409118,0.00205341660306455
"LTBP4",-0.0168930406635953,0.00166895688896976,0.00200661540566113
"ZNF330",-0.0169235170962239,0.00163689812223095,0.00196849293497472
"IFI44L",-0.0169543684615752,0.001605022984516,0.00193057497429226
"HSD17B10",-0.0169582446434047,0.00160105883023764,0.00192622019850832
"JADE1",-0.0169894001634284,0.00156952204663286,0.00188868403464259
"METTL2B",-0.0170549406215631,0.00150503831440956,0.00181147652791048
"YEATS4",-0.0170642248687688,0.00149610372409972,0.00180110961758428
"RARS",-0.0170783259103173,0.00148262717815765,0.00178526916768274
"FAM207A",-0.0170895513425189,0.00147197894800057,0.00177282828811417
"SEPTIN11",-0.0171201925219145,0.00144327098702237,0.00173862652864862
"CXXC1",-0.0171595833722669,0.00140712350115946,0.00169544616222266
"VDAC2",-0.0171639230896373,0.0014031925735285,0.00169107337248467
"PSMB8-AS1",-0.0172157839841043,0.00135699386954081,0.00163574825659426
"OARD1",-0.0172268733556757,0.00134729911832669,0.00162441141546962
"GOLGA2",-0.0172395314182869,0.00133631106878036,0.00161185691550692
"S100A4",-0.0172488147215988,0.00132830515338537,0.00160254511939109
"DTYMK",-0.0173159505733518,0.0012717115024018,0.00153525878058158
"PPP1R12C",-0.0173242333528971,0.00126488574987759,0.00152734749888257
"AKR7A2",-0.0173453869943639,0.0012476064554805,0.00150713226482275
"PLCG1",-0.0174313696469293,0.00117959145797095,0.00142527609540087
"LIMD2",-0.0174866831882391,0.0011376652703605,0.00137491399074838
"BDH2",-0.0175111821121414,0.00111953956197803,0.00135330019528147
"IER5",-0.0175210200072968,0.00111233634912894,0.00134488304218308
"JAK3",-0.0175245852626152,0.00110973649918135,0.00134202920617443
"USP10",-0.0175387787454948,0.00109944195886503,0.00132986676828828
"PRPS1",-0.0175652483348406,0.00108047909706467,0.00130749403151596
"TRAFD1",-0.0176559925626268,0.00101774207918752,0.00123184160081358
"TMEM168",-0.0176579053384123,0.00101645670037731,0.0012305515983829
"TMEM59",-0.0176590961512256,0.00101565723728327,0.00122984942906989
"RPL15",-0.0176592467278578,0.00101555618774046,0.00122984942906989
"MCM3",-0.0176945852265512,0.000992096777906483,0.0012020995337055
"CCDC57",-0.017707512863863,0.000983640860888702,0.0011921114585684
"GDI2",-0.0177250082486752,0.000972303439833006,0.00117888110705845
"RBMX2",-0.0177477555224779,0.000957743596140125,0.00116147914147788
"PHF14",-0.0177550342566798,0.000953127513099701,0.00115613129511055
"RBM42",-0.0178108723188699,0.00091839519860606,0.00111472529629377
"RING1",-0.0178483553647504,0.000895741930167012,0.00108770049331656
"AHSA1",-0.0178676829221005,0.000884264547174061,0.00107399621204236
"DHRS4L2",-0.0178990138349849,0.000865948384021399,0.00105197804987122
"SLC39A10",-0.0179290077629479,0.000848743982532352,0.0010313012311603
"LRCH4",-0.0179466096697455,0.000838795754333953,0.00101943426746638
"CWF19L2",-0.0179478228715139,0.000838114077946537,0.00101882674464477
"TOMM6",-0.0179812581028719,0.000819528424098866,0.000996449834812333
"GMPR2",-0.0179862475796904,0.000816787938615053,0.000993333248263619
"CDKN2AIP",-0.0180132247587682,0.000802117326970427,0.000975703386225803
"TMEM8A",-0.0180152158642196,0.00080104428087641,0.000974609672173557
"EIF4A2",-0.018034188130935,0.000790886361510767,0.000962459754594211
"CALM3",-0.01806233761746,0.000776034973625383,0.000944758477934357
"BCAP31",-0.0180804084776878,0.000766637853477104,0.000933761906299867
"PSMD14",-0.0180821212313361,0.000765752698512035,0.000932886548361183
"AC092683.1",-0.0180983545343351,0.000757410278184596,0.000922923939757876
"UBE2R2",-0.018100058675395,0.00075653941874695,0.000922063267215726
"TXNL1",-0.0181055016239648,0.000753764156685271,0.000918880646957637
"SHFL",-0.0181177714506517,0.000747542630577153,0.000911494539111046
"VPS25",-0.0181416481462803,0.000735572207348658,0.000897093939060257
"ZADH2",-0.0181458982411148,0.000733460207571777,0.000894712887077109
"EIF2B1",-0.018168026267073,0.000722554838564382,0.000881601853976659
"CNPY3",-0.0181816213358206,0.000715929673372606,0.000873708599647231
"ANXA5",-0.0181958171911407,0.000709071997886355,0.000865716661471707
"AKIRIN1",-0.0182065141156685,0.00070394494857589,0.000859644256225602
"MCRS1",-0.0182091792908021,0.000702672898434573,0.000858277882046066
"SINHCAF",-0.01822263689348,0.000696282335885099,0.000850657556202332
"ACTR1B",-0.018253461553245,0.000681847738961643,0.000833204258425872
"MZT2B",-0.0182553764412273,0.000680960274622484,0.000832301282221244
"MRPL43",-0.0183332547939415,0.000645763876009264,0.000789627048037512
"ARHGEF2",-0.0183395147268988,0.000643009509321533,0.000786430661335197
"EPB41L4A-AS1",-0.018414553793763,0.000610831930400208,0.000747402213528989
"RSBN1L",-0.0184400946864971,0.000600225998679328,0.000734585389080357
"IFIH1",-0.0184508863815032,0.00059579643275864,0.000729323549405727
"SNRNP48",-0.018539879355491,0.000560411429400935,0.000686158105825397
"C15orf40",-0.0185678309588495,0.000549707841894716,0.000673199900781903
"HMCES",-0.0185739918700686,0.000547374381972814,0.000670488751164077
"UQCRC1",-0.0185745139916809,0.00054717705187388,0.000670393572081597
"DDX1",-0.0186317774307891,0.000525932710446792,0.000644506212408446
"TRMT11",-0.0186891184268286,0.000505431831589885,0.000619925582015697
"COX11",-0.0187805117938305,0.000474290110587259,0.000582111646896846
"EPN1",-0.0187807390955271,0.000474214940137915,0.000582111646896846
"CYB5B",-0.0188170093099357,0.000462361448443949,0.000567844303545889
"RNF34",-0.018834601263217,0.000456712305017119,0.000561152325655764
"OGDH",-0.0188519151973627,0.000451215379784027,0.000554519953576685
"EIF2S1",-0.0188842759326249,0.000441106490045066,0.000542334526154574
"NSL1",-0.0189207395298403,0.00042996940863094,0.000528757640107041
"NDUFAB1",-0.0189382548880216,0.000424713540905163,0.000522408841798186
"EPSTI1",-0.0189616808755715,0.000417777792821001,0.000513990505152335
"MEA1",-0.0189840889818665,0.000411242514629723,0.000506061276237366
"RDH11",-0.019006238273767,0.000404876655463884,0.000498337091416562
"IMP3",-0.0190174516465649,0.000401689064570533,0.000494522301813108
"MAVS",-0.0190198623502451,0.000401006850132711,0.000493790900493015
"SLC25A45",-0.0190564463966554,0.000390785742215932,0.00048131061524793
"CCNG1",-0.0190800634196299,0.000384317307292523,0.000473447832505452
"ZGPAT",-0.019081167151482,0.000384017468877458,0.000473182474843728
"PHYKPL",-0.019087558659575,0.000382285453896403,0.000471151898754221
"RFXANK",-0.0191172526559731,0.000374334096258385,0.000461555176112649
"MCMBP",-0.0191308862497988,0.000370735362685225,0.000457218523875
"ENTPD4",-0.0191418076922091,0.00036787588965739,0.000453791874453008
"CCT4",-0.0191899483562116,0.000355515635997982,0.000438641484837669
"ATP5PO",-0.0191900841841775,0.000355481317809396,0.000438641484837669
"RASGRP2",-0.0192198409780743,0.000348037223028384,0.000429698303117662
"ZNF75A",-0.0192211383576623,0.00034771600560586,0.000429396318954438
"NBEAL1",-0.0192665626545088,0.000336642692169679,0.000415813455349103
"CBX1",-0.0192690061551536,0.00033605648063429,0.000415180890095802
"RBM14",-0.0192735228136694,0.000334975418699275,0.000413936548266977
"EXOSC1",-0.0192982004706746,0.000329126054023938,0.000406798060597739
"TIA1",-0.0193044062744434,0.000327670201998976,0.000405087979704888
"DCAF10",-0.0193367778388264,0.000320173199830252,0.000395994396788509
"BCKDHA",-0.0193641648260746,0.000313956271008772,0.000388476693030064
"CMTR2",-0.0194202030888507,0.000301585973695501,0.000373417542330886
"XPC",-0.0194306163766422,0.000299338159268546,0.000370716252937222
"NARS",-0.019442841594675,0.000296719245905472,0.000367554079145505
"ELOVL1",-0.0194448475120127,0.00029629158875998,0.000367105474996889
"SLC33A1",-0.0194631206468845,0.000292422292599854,0.000362391536428479
"ATF4",-0.0194763006069579,0.000289660901168487,0.000359048814454368
"ANKRD10",-0.0194814604860593,0.00028858650080301,0.000357796183738953
"ERP29",-0.0195008285061804,0.000284586868615111,0.000352915426359611
"DUSP23",-0.0195387456340846,0.000276906630224139,0.000343467188086781
"LGALS8",-0.0195411730539511,0.000276421624017907,0.000342941505644532
"UBA3",-0.0195813068899096,0.000268517254702211,0.000333282546035702
"GOPC",-0.0196314257724138,0.000258943733096727,0.000321471129879056
"EDF1",-0.0196438841122528,0.000256614154297331,0.000318649616814146
"WSB1",-0.0196498009461692,0.000255514664668042,0.000317354649999935
"CLPTM1L",-0.0196599154608113,0.00025364536900723,0.000315102781626361
"ING4",-0.0196833719161081,0.000249359547210724,0.000309915924277865
"TMEM50B",-0.0196936145411736,0.000247509462459944,0.000307684788736807
"SELENOW",-0.0196948991694586,0.000247278335900759,0.000307465674370503
"ATXN7L1",-0.0197333843644158,0.000240447341574592,0.000299104750762267
"B3GALT4",-0.0197407151419338,0.000239166391967075,0.000297577366914628
"SAT1",-0.0197423477321134,0.000238881992950194,0.000297289515543613
"MAN2C1",-0.0197495423391646,0.000237632460324522,0.000295800157187611
"RPP38",-0.0197889121435719,0.000230902752329028,0.000287614808635668
"ARMCX6",-0.0198155405059831,0.000226452857674236,0.000282197423706119
"C16orf87",-0.0198921143918902,0.00021410087704141,0.000267042358099279
"CSTF2T",-0.0199084813123519,0.000211544150814892,0.000263970924330139
"AC025159.1",-0.0199419113271346,0.000206410778210692,0.000257622717392588
"TMBIM6",-0.0199627265787594,0.000203273826937285,0.000253763984441199
"DTWD1",-0.0200169399125657,0.000195312548461013,0.000243933925022401
"NUTF2",-0.0200242426092772,0.000194262810286393,0.000242676948026069
"NOL12",-0.0200476536730484,0.000190933177588042,0.000238623890990942
"ZNF506",-0.0200833064688636,0.000185965337303112,0.000232518909024239
"AURKAIP1",-0.0200854099097448,0.000185676073946627,0.000232209042266658
"GADD45GIP1",-0.0201011506923196,0.000183524801946571,0.000229569863863523
"NAA38",-0.0201210637135487,0.000180836878784156,0.000226258064011255
"SURF2",-0.0201421194014936,0.000178034998871342,0.000222802173665699
"B4GALT3",-0.0201625421434705,0.000175356383533312,0.000219499033576208
"TP53",-0.0202214782910545,0.000167837332080861,0.000210134139629389
"AGO2",-0.020232975052697,0.000166406384899223,0.000208389135413463
"ANXA2R",-0.0202347952778705,0.000166180885257886,0.000208153259048993
"TXNDC9",-0.0202427683102694,0.000165196524647282,0.000206966537921612
"EPM2AIP1",-0.0202688522471537,0.000162014359993929,0.000203025150582732
"NDUFV3",-0.0202690540129709,0.000161989971464591,0.000203025150582732
"LRRC8C",-0.0202692262740772,0.000161969152063381,0.000203025150582732
"CD320",-0.0202971056436375,0.000158632641347331,0.000198965380955784
"HIST1H2AC",-0.020315462550581,0.000156471177758098,0.00019629829419216
"COX5A",-0.0203447442245338,0.000153080639130793,0.000192087752281452
"HM13",-0.0203856223028266,0.000148462861964069,0.000186335023168341
"UBA1",-0.0203873867018246,0.000148266530301652,0.000186130294760408
"TBCD",-0.0204020765351574,0.000146641397917252,0.000184131390080278
"MRPL16",-0.0204168460907003,0.000145024365106491,0.000182141762002863
"LMBRD1",-0.0204215204457465,0.00014451610499622,0.000181544104998614
"PIM3",-0.0204230047587187,0.000144355061293784,0.000181382458181696
"MAN2B1",-0.0204378760331565,0.00014275087214153,0.000179407016703551
"LRRC75A",-0.0204581662755846,0.000140589194488551,0.000176729889168649
"RPP30",-0.0204668599166897,0.000139672460281059,0.000175616887461309
"CIAO2A",-0.0204740225409851,0.000138921403286918,0.000174711746862632
"ZNF43",-0.020483055719356,0.000137979627496151,0.000173566292365529
"PLD3",-0.0205077575496467,0.000135434893295725,0.000170403489454254
"NOL4L",-0.0205161696409187,0.000134578435252874,0.000169401965668712
"NAA10",-0.0205235713622219,0.000133829068264569,0.000168534404169583
"TPD52",-0.0205360116626063,0.000132578433513936,0.00016703451920236
"TMEM230",-0.0205690087715685,0.00012931433209506,0.000162958740063125
"NENF",-0.0206118666859418,0.00012518776701105,0.000157829526733391
"IMPDH1",-0.0206208827518901,0.000124335607080614,0.000156790446012548
"BTBD6",-0.0206728992118111,0.000119525035593364,0.000150758113766646
"NASP",-0.0206734643723497,0.00011947374547336,0.000150727345707499
"PELP1",-0.020699771010378,0.000117109167713698,0.000147777477114966
"PSMC5",-0.0207841185268509,0.000109821697194324,0.000138612790783106
"GTF2H2",-0.0207848688157103,0.000109758836150782,0.000138564658208827
"PTDSS1",-0.0208974530120594,0.000100701495889421,0.000127187555322135
"MSMO1",-0.020905760903339,0.000100061871008501,0.000126408188713174
"AK3",-0.0209081548198011,9.98782762217882e-05,0.000126204703482954
"GIT1",-0.020921934686473,9.88276355636881e-05,0.000124905293121089
"TM2D1",-0.020930297344691,9.81951242222695e-05,0.000124133876864786
"GFER",-0.0209627068481656,9.57797485240137e-05,0.000121107786716736
"UPK3BL1",-0.0210056717241657,9.26641078590325e-05,0.00011719468752923
"CDC34",-0.0210066972140508,9.25909262329817e-05,0.000117128566729036
"CD58",-0.0210458329541642,8.98385384755024e-05,0.00011367242484008
"HDAC2",-0.0210741576961252,8.78948875012545e-05,0.000111238245157414
"MRPL13",-0.0211198520958319,8.48428354569078e-05,0.000107399875739894
"WDR61",-0.0211200209599817,8.48317445761537e-05,0.000107399875739894
"CFAP97",-0.0211211625429782,8.47568021220085e-05,0.000107339461941635
"SDHD",-0.0211422521346389,8.33835189325461e-05,0.000105648030770515
"UQCRH",-0.0211610021882955,8.21802616965215e-05,0.000104147034497356
"INTS6",-0.0212083752419872,7.92128567510129e-05,0.000100409149340121
"NHP2",-0.0212339239959269,7.76548428088538e-05,9.84565020590083e-05
"CTC1",-0.0212469023953718,7.6874534812248e-05,9.75112931389403e-05
"POGK",-0.0212587316812042,7.61697788200417e-05,9.66611051873898e-05
"USP18",-0.0212878176834948,7.44628035700065e-05,9.45377324889706e-05
"SEC61G",-0.0213203223145641,7.25980203096072e-05,9.22119913452037e-05
"PTGES2",-0.0213445794963391,7.1235265629439e-05,9.0501570752069e-05
"GNL3",-0.0213459973490987,7.11563646857562e-05,9.04398834381822e-05
"RANBP3",-0.0213521879742131,7.08128350037025e-05,9.00261178223114e-05
"NOB1",-0.0213581604717041,7.04828970206574e-05,8.96269922631641e-05
"SYMPK",-0.0213715414933985,6.97489619844182e-05,8.87138408898502e-05
"NSFL1C",-0.0213771406505679,6.94440047647605e-05,8.83460165043627e-05
"LYRM2",-0.0213900373492712,6.87463799854484e-05,8.74783636327096e-05
"SEPTIN6",-0.0214282534308332,6.6717876158106e-05,8.49164156234445e-05
"SLC39A7",-0.0214517383766957,6.54995377304459e-05,8.3422593054868e-05
"GRPEL1",-0.0214696884860899,6.4582561185009e-05,8.22733968812891e-05
"SRFBP1",-0.0214977661499029,6.31725491929953e-05,8.05137515755164e-05
"ORC2",-0.0215045920573607,6.28341939758145e-05,8.01007331757198e-05
"PRORP",-0.0215379515232327,6.12051240793648e-05,7.80417554814017e-05
"MAP3K7",-0.0215753826296591,5.94248473576759e-05,7.58062473463273e-05
"SUCLG2",-0.0216293854335054,5.69426014856085e-05,7.26562702015824e-05
"CAT",-0.0216416615946199,5.63921903124434e-05,7.19703562994609e-05
"LSM7",-0.0216540408670742,5.58422615969157e-05,7.12847457833976e-05
"TKT",-0.021668248797637,5.52173592728219e-05,7.05030944098642e-05
"BABAM1",-0.0216780465284693,5.47902946819484e-05,6.99737491790426e-05
"CBX7",-0.0216931652436863,5.41374328952766e-05,6.91557269079393e-05
"EIF4E",-0.0216939290002782,5.41046484322753e-05,6.91296055208551e-05
"RSAD2",-0.0217073848113844,5.35301297931282e-05,6.84111396489602e-05
"VAPB",-0.0217374865617892,5.2265743556331e-05,6.68104988343246e-05
"DPP7",-0.0217650637767554,5.11322821798544e-05,6.53765250595264e-05
"TRMU",-0.0217812015449692,5.04798439689811e-05,6.45570619813259e-05
"AC245407.2",-0.0217817575156335,5.04575076899854e-05,6.45432259974157e-05
"SCML4",-0.0217818351619172,5.04543889741007e-05,6.45432259974157e-05
"TLE3",-0.0217914665235447,5.00689524427814e-05,6.40754531832261e-05
"TRIOBP",-0.0218316776599688,4.84896915330208e-05,6.20685772843875e-05
"SCARB2",-0.0218487963195806,4.783180226311e-05,6.12404431991018e-05
"TM2D3",-0.0218568896428804,4.75237213219192e-05,6.08599027166442e-05
"EMC10",-0.0219456212854588,4.4267153420327e-05,5.67153927223394e-05
"IMP4",-0.0219800895232159,4.30601415640174e-05,5.52068252859193e-05
"MRPS12",-0.0220011443074914,4.23382734877061e-05,5.42937493421293e-05
"POLDIP2",-0.0220037247439162,4.22505965424566e-05,5.41937155010133e-05
"COX16",-0.0220317820423288,4.13083302955262e-05,5.29972259560734e-05
"NUP160",-0.0220406061922661,4.10161283548048e-05,5.26343904969832e-05
"C1QBP",-0.0220419357334367,4.09722724492717e-05,5.25901545592576e-05
"AUP1",-0.0220567641375938,4.04861523463884e-05,5.19780979952258e-05
"DZIP3",-0.0221055269212598,3.89258635417279e-05,4.99863747222373e-05
"DNAJC24",-0.0221059433146224,3.89127890754705e-05,4.99810382715876e-05
"PRH1",-0.0221311647519401,3.8128579350881e-05,4.8984997405396e-05
"CFDP1",-0.0221932059454065,3.62628761017261e-05,4.6609439833503e-05
"ZNF493",-0.0221934704614925,3.62551103716986e-05,4.6609439833503e-05
"STX12",-0.0222070639476827,3.58581481407841e-05,4.61103859983832e-05
"ITGAE",-0.0222176146834558,3.55528898183317e-05,4.5728343938933e-05
"TCTN3",-0.0222359304192083,3.5028822682226e-05,4.50646286297508e-05
"GTF2F2",-0.0222570781072322,3.44328505360682e-05,4.43080813786743e-05
"CBWD5",-0.0222898713686049,3.35276965871373e-05,4.31532410827555e-05
"LINC00513",-0.0222934035995723,3.34315601961207e-05,4.30393896942478e-05
"EBLN3P",-0.0223030304993542,3.3170873286062e-05,4.27135969428059e-05
"GIMAP8",-0.0223033474129072,3.31623244959899e-05,4.27124032350097e-05
"ERH",-0.0223095135649395,3.29964075391684e-05,4.25084753677011e-05
"UTP6",-0.0223159931942194,3.28229054640027e-05,4.22946797471306e-05
"SDF2",-0.0223608641514197,3.16449829726617e-05,4.07956026176205e-05
"URM1",-0.0223704111235942,3.13995978487348e-05,4.04885748606327e-05
"COA8",-0.022387414909821,3.09670220058875e-05,3.99491692727885e-05
"HMG20B",-0.0224242706716206,3.00487711521054e-05,3.87735006991477e-05
"PCMT1",-0.0224436491182081,2.95764019970305e-05,3.81727675705571e-05
"ZDHHC6",-0.0224748899799706,2.88297036253729e-05,3.72176132496176e-05
"KLHL28",-0.0224829306582661,2.86404402758833e-05,3.69818035267396e-05
"MRPS11",-0.022495212201546,2.83536326189798e-05,3.66199025574471e-05
"APEX1",-0.0225146468491949,2.79053521475274e-05,3.60492377673452e-05
"MRPL21",-0.0225256243650883,2.76551306240695e-05,3.57342291946704e-05
"FKBP8",-0.0225293795244168,2.75700262623067e-05,3.5632478591782e-05
"TMEM126A",-0.0225728943563109,2.66018236316401e-05,3.43970049911654e-05
"FCMR",-0.0225830610860594,2.63803202801739e-05,3.41184663858976e-05
"GLRX3",-0.0226431189048991,2.51071989205582e-05,3.2494397863928e-05
"RPL23A",-0.0226848730933847,2.42567587655299e-05,3.14082430965872e-05
"NXPE3",-0.0227196171147321,2.35700604455598e-05,3.05261425322202e-05
"NDUFA12",-0.0227440057558357,2.30991235949348e-05,2.99231365293607e-05
"GNPAT",-0.022747963129013,2.30235573902662e-05,2.98321423387403e-05
"AMD1",-0.0227591534815146,2.2811148147502e-05,2.95637544446349e-05
"ATP6V1F",-0.0227727650435097,2.25552941505157e-05,2.92389239924798e-05
"ATXN10",-0.0227884949973744,2.22630228657333e-05,2.88667237713025e-05
"MLX",-0.0228031329173085,2.19942828834356e-05,2.85248695391745e-05
"DGUOK",-0.0228492831219602,2.11670710309999e-05,2.7464752502367e-05
"C18orf25",-0.022878098519492,2.06656854800335e-05,2.68204032955321e-05
"MAPK13",-0.0229107472757977,2.01112658024882e-05,2.61069107151133e-05
"ATP5F1D",-0.0229157015473158,2.00283834177517e-05,2.60053430660521e-05
"ABHD3",-0.0229417345510092,1.95981826511677e-05,2.54526571441816e-05
"INTS8",-0.022981576646599,1.89567821965266e-05,2.46310705841259e-05
"TRIM4",-0.0229838352133827,1.89210279188744e-05,2.45903155049564e-05
"PPIE",-0.0230422324733994,1.80185602698443e-05,2.34228744495958e-05
"PRPF39",-0.0230501084607888,1.79000305480683e-05,2.32741928518271e-05
"BCL2A1",-0.0230510151764679,1.78864327044635e-05,2.32619096950135e-05
"ZNF280D",-0.0230891013288657,1.73240679325643e-05,2.25357652493246e-05
"SNX27",-0.0231266767580422,1.67857809221872e-05,2.18406120937862e-05
"ZNF160",-0.0231502189541063,1.64566891222123e-05,2.14173910452572e-05
"HAT1",-0.0231885355876039,1.59341800726269e-05,2.07421939900118e-05
"CUTC",-0.0232082851781921,1.56710767032797e-05,2.04044409491587e-05
"FIBP",-0.0232294455165248,1.53937768855533e-05,2.00480422186012e-05
"POLR2C",-0.0232356771500282,1.53130089865164e-05,1.99474900884328e-05
"GUSB",-0.0232375536677367,1.52887667844616e-05,1.99205415159551e-05
"DLST",-0.0232448662812339,1.51946458443172e-05,1.98025105375706e-05
"OTULINL",-0.0232582044477655,1.50243907519157e-05,1.95851792914016e-05
"KDELR1",-0.0232882757654228,1.46471934274662e-05,1.90979227472128e-05
"MZT1",-0.023314995932521,1.43196227946234e-05,1.86795079471763e-05
"ARHGAP4",-0.0233179344042068,1.4284028593655e-05,1.86374147238283e-05
"CERS5",-0.0233323715154014,1.41103716317592e-05,1.84151193815506e-05
"VPS51",-0.023363329678439,1.3744754315866e-05,1.79421391069446e-05
"ZNF675",-0.0233688727751693,1.36802512238699e-05,1.78620987554909e-05
"TAF12",-0.0234133325190484,1.31732330510297e-05,1.72081114261004e-05
"KDM5B",-0.0234220431374934,1.30760202618254e-05,1.70851055134692e-05
"ATAD1",-0.0234534854837087,1.27307782834686e-05,1.66417731515181e-05
"IKBKB",-0.0234788668546868,1.24584482450268e-05,1.62895809531335e-05
"MTG1",-0.0234815382241789,1.2430111241088e-05,1.62563228459877e-05
"FKBP3",-0.0234918008349804,1.23218197868131e-05,1.61184589368115e-05
"SNRNP40",-0.0234956003033661,1.22819564743509e-05,1.60700639930568e-05
"ZNF146",-0.0235085475026,1.21470390504029e-05,1.58972458753988e-05
"ITFG2",-0.023509551233395,1.21366388707416e-05,1.58873450669554e-05
"MRPS16",-0.0235261065118769,1.19663220788173e-05,1.56680534882458e-05
"RNF20",-0.0235329282117008,1.18968077356674e-05,1.55806755201402e-05
"ITK",-0.0235573565961877,1.16510258286023e-05,1.52623536099783e-05
"SGK3",-0.0235834902052149,1.13934556423581e-05,1.49284370866904e-05
"STX5",-0.0236072002257995,1.11644824273713e-05,1.46318427322238e-05
"C22orf39",-0.023620376004885,1.10391466175502e-05,1.4470965530936e-05
"PFDN1",-0.0236342836472213,1.09083066514125e-05,1.43027960866906e-05
"MGAT2",-0.0236452599391023,1.08060908817265e-05,1.4172088298899e-05
"VTA1",-0.0236493187767002,1.07685254237131e-05,1.41261274518933e-05
"MGAT1",-0.0236502218569716,1.07601841858026e-05,1.4118490324804e-05
"C16orf54",-0.0236514604907781,1.07487536636109e-05,1.4106795206294e-05
"SLC6A6",-0.0236921040988562,1.03800478846169e-05,1.36292849918915e-05
"GTF2A2",-0.0236956045493403,1.03488641242505e-05,1.35915243853526e-05
"SNRNP35",-0.0236967861189955,1.03383583220122e-05,1.35809095256813e-05
"CERS2",-0.0237166630217747,1.01631443800618e-05,1.3353871302665e-05
"CDKN2AIPNL",-0.0237408372384118,9.95387036219531e-06,1.3081962830615e-05
"EXOSC7",-0.0237600857492067,9.79018747473365e-06,1.28698593967646e-05
"CFAP298",-0.023780145668745,9.62234185350052e-06,1.26521829533123e-05
"POLR2E",-0.0237843222533558,9.58774290645411e-06,1.26096482627948e-05
"METAP2",-0.0238155514173741,9.33278013605514e-06,1.22772065451768e-05
"SMIM7",-0.0238442755187236,9.10399865301615e-06,1.19818714071166e-05
"HACD3",-0.0238648173396681,8.94368414306716e-06,1.17736448056726e-05
"H2AFJ",-0.0238884767481075,8.76238149197514e-06,1.15376846524973e-05
"BISPR",-0.0239096017690786,8.60347243620696e-06,1.13311068231501e-05
"IPO7",-0.0239223406189733,8.50898191154304e-06,1.12092935195786e-05
"SNAP47",-0.0239492598417392,8.31256016816483e-06,1.09531124341396e-05
"TOMM5",-0.023960254324848,8.23358955650334e-06,1.08516076845355e-05
"NOL11",-0.0239645429642556,8.20298017231689e-06,1.08138087239858e-05
"TMEM18",-0.0240017165577652,7.94217945030865e-06,1.04749290749658e-05
"SCAMP1-AS1",-0.0240209997837755,7.81003450642508e-06,1.03030681200579e-05
"RPS19BP1",-0.0240216506791817,7.8056109014818e-06,1.02996570501304e-05
"CREB1",-0.024023098465347,7.79578006813496e-06,1.02891077488997e-05
"ACO2",-0.0240519767421731,7.60214444255888e-06,1.00359051722261e-05
"SF3B6",-0.0240723851217591,7.46808391049315e-06,9.86124934835147e-06
"RHOC",-0.024075205001995,7.44973912117918e-06,9.83934434011033e-06
"TOMM40",-0.0240759785730428,7.44471417506348e-06,9.83502551557183e-06
"MSL3",-0.0240768924640481,7.43878191760358e-06,9.82950574540213e-06
"RDH14",-0.0240806029985954,7.41474246153295e-06,9.80005112132798e-06
"WDR46",-0.0240878719548228,7.36786417512323e-06,9.7403894402903e-06
"UFL1",-0.0240909588777156,7.34804212640231e-06,9.71647665794209e-06
"SETDB2",-0.0241165284444459,7.18580156859397e-06,9.50642870406057e-06
"RAD51C",-0.0241178452444484,7.17753982538752e-06,9.49774101097324e-06
"BOLA2",-0.0241484605635693,6.9879972155212e-06,9.24911109961758e-06
"PHF6",-0.0241504664670107,6.97574702637788e-06,9.23507827446766e-06
"KLF6",-0.02416846027327,6.8667723229019e-06,9.09295654478787e-06
"SNU13",-0.0242696457980584,6.283656411586e-06,8.32705434302519e-06
"MAP3K11",-0.0242746663277596,6.25599389288602e-06,8.29396493393263e-06
"NDUFAF4",-0.0243079963003162,6.07528260537646e-06,8.05629051597957e-06
"N4BP2",-0.024328904616009,5.96448137672397e-06,7.91310455377868e-06
"TRBC2",-0.0243435107667502,5.88822795701806e-06,7.81378865051603e-06
"ATP6AP1",-0.0243647464327264,5.77902651446233e-06,7.6706927018112e-06
"ELOF1",-0.0244114042725554,5.54586264578661e-06,7.36295054891925e-06
"TPGS2",-0.0244135275185975,5.53546927616979e-06,7.35089332314111e-06
"THAP11",-0.0244364209017073,5.42458317958299e-06,7.20534821957409e-06
"AKAP10",-0.0244372341583522,5.42068347767811e-06,7.20187534587675e-06
"ZNF277",-0.0244391504464296,5.41150516507578e-06,7.19138604341586e-06
"WAC-AS1",-0.0244409573107319,5.40286458105105e-06,7.18160652566653e-06
"C2CD5",-0.0244416468891877,5.39957043976089e-06,7.17893066297035e-06
"HMOX2",-0.0244722238368978,5.25542076197829e-06,6.99059528842305e-06
"ZNF766",-0.0245843684746203,4.75763006258256e-06,6.33145544305691e-06
"NCBP2",-0.0246556685496781,4.46497662685635e-06,5.94340356696032e-06
"CNTRL",-0.0246576829480872,4.45696433363258e-06,5.93414780842884e-06
"ZNF518A",-0.0246882468925307,4.33707298706022e-06,5.7758928278245e-06
"NEPRO",-0.0247484747997626,4.10980238799531e-06,5.47452640416584e-06
"ZDHHC12",-0.0247524347248393,4.09526643740514e-06,5.45646055996633e-06
"OCIAD1",-0.0247749762183582,4.01345579725094e-06,5.3487292004267e-06
"NAA60",-0.0248022530213853,3.91655256060097e-06,5.22082791379825e-06
"CCM2",-0.0248265960582019,3.83196885200212e-06,5.11050772170869e-06
"ARL6IP4",-0.0248282219722245,3.82638218108143e-06,5.10427177880988e-06
"ARMC1",-0.0248299119330454,3.82058371891112e-06,5.0977502763757e-06
"ANXA11",-0.0248630390994821,3.7086066799238e-06,4.95069838834992e-06
"MT-ND1",-0.0248678138096569,3.69272885845687e-06,4.93067727490882e-06
"TMEM11",-0.0248900179145017,3.6197435777484e-06,4.83437631308437e-06
"SUMO2",-0.0248958134398539,3.60092238577892e-06,4.81038594753398e-06
"DNASE2",-0.0249191148188741,3.52619287808128e-06,4.71167975411719e-06
"MTMR4",-0.0249245142393623,3.50908989916562e-06,4.68994509776392e-06
"BAG6",-0.0249711672522098,3.36458982512959e-06,4.49789155057878e-06
"TTC1",-0.024977921437378,3.34414867973229e-06,4.47163187812449e-06
"SACS",-0.0250206755215367,3.21749236853704e-06,4.3033000556758e-06
"AASDHPPT",-0.0250426517050648,3.15419250399644e-06,4.21964545056005e-06
"TBC1D2B",-0.02504877099657,3.13678029855005e-06,4.19735358000824e-06
"FGFR1OP2",-0.025082315747298,3.04295603562059e-06,4.07375194066359e-06
"UQCRQ",-0.0250968011144791,3.00327827604524e-06,4.02159413595162e-06
"SBF1",-0.0251285901002222,2.91793550508595e-06,3.90824822430728e-06
"CA5B",-0.0251369338467861,2.89592378197629e-06,3.87969325225798e-06
"UPF1",-0.0251623699946635,2.82979919728375e-06,3.79291908672043e-06
"MBIP",-0.0251685790780069,2.81387923349822e-06,3.77248306806795e-06
"AC118549.1",-0.0252389578912804,2.63933283058027e-06,3.54012306404278e-06
"PSMA5",-0.025258317021082,2.5931729505061e-06,3.47991887323663e-06
"FAM215B",-0.0252943255719014,2.50936711157931e-06,3.3682618666564e-06
"REV1",-0.0253317953563292,2.42492303607495e-06,3.25647464513876e-06
"HK1",-0.0253448607363504,2.39612482150436e-06,3.21857226742819e-06
"NDUFA1",-0.0253544601370799,2.37517572405346e-06,3.19119749642665e-06
"PTOV1",-0.0253938395191809,2.29106242796781e-06,3.07966271200087e-06
"LPIN2",-0.0254362511221167,2.20367310929252e-06,2.96290405577622e-06
"LAMTOR3",-0.0254662496078142,2.1438034725141e-06,2.88379132500457e-06
"IRF3",-0.0254746465469364,2.12732705213342e-06,2.86231471792454e-06
"ZMAT3",-0.0254816700568849,2.11363903402921e-06,2.84458048671943e-06
"MAGOHB",-0.0255058561192652,2.0671473842411e-06,2.78267930369616e-06
"ERCC6L2",-0.0255104579334007,2.05841347827506e-06,2.77158797026753e-06
"FAAP20",-0.0255106190441455,2.05810834496236e-06,2.77158797026753e-06
"MHENCR",-0.025516399654816,2.04718894137188e-06,2.75912622112746e-06
"VOPP1",-0.0255450223931798,1.99393625816803e-06,2.6880006713432e-06
"TRAPPC5",-0.0255617445460308,1.96344312262512e-06,2.64753013936266e-06
"VSIR",-0.0255881331407648,1.91623238204754e-06,2.58449248351249e-06
"LSM10",-0.025593631882092,1.90653305161708e-06,2.57202966327928e-06
"GLIPR2",-0.0255967685614146,1.90102135029172e-06,2.56521156923544e-06
"TYK2",-0.0256166862918237,1.86637795242826e-06,2.51907082018496e-06
"COX6A1",-0.025631731569905,1.84061230993076e-06,2.48489313053528e-06
"PSMC1",-0.0256420489947767,1.82314121880965e-06,2.46249298390196e-06
"CHCHD5",-0.0256429875572932,1.82155982754885e-06,2.4609501623876e-06
"PDLIM2",-0.0256727315507341,1.77212115861508e-06,2.39473522374703e-06
"SRP68",-0.0257151759793565,1.70379974748432e-06,2.30296521584712e-06
"UBE2D1",-0.0258515851231041,1.50094749225959e-06,2.02975621298812e-06
"RPA1",-0.0258549979849238,1.49618274198055e-06,2.02380113107869e-06
"EHD4",-0.0258571619534765,1.49316912847861e-06,2.02021240849689e-06
"MYADM",-0.0258581020170988,1.49186178412923e-06,2.01893104039126e-06
"COPS9",-0.0258596702384005,1.48968331118714e-06,2.01646987340404e-06
"SNHG30",-0.0258737999413499,1.47019266348058e-06,1.99056769416409e-06
"GLT8D1",-0.0258778109967289,1.46470460705798e-06,1.98361638906547e-06
"TTC39B",-0.0258850601615273,1.45483599302849e-06,1.97072779911328e-06
"SPOCK2",-0.0259198307017956,1.40838330811713e-06,1.90826403740048e-06
"ELAVL1",-0.0259693425776241,1.34469071236722e-06,1.82240550232307e-06
"DCTN2",-0.0259713021382946,1.34222777928807e-06,1.81950761372287e-06
"ACTR10",-0.0259756711044226,1.3367521220413e-06,1.81252332250652e-06
"SLF1",-0.0260143348995786,1.28922181688935e-06,1.74849928892737e-06
"RARS2",-0.0260252111688663,1.27614705348519e-06,1.73118569056669e-06
"COG4",-0.0260339056644455,1.26578690550923e-06,1.71796314324866e-06
"PITHD1",-0.0260703201656408,1.22326856631928e-06,1.6606581990439e-06
"SCAMP3",-0.0260784193442675,1.21400033338453e-06,1.64847537394885e-06
"UROS",-0.0260837208400747,1.20797022928973e-06,1.64068472247689e-06
"NSMCE2",-0.0260916002097667,1.19906117175449e-06,1.62897910460901e-06
"IER2",-0.0261109041011862,1.17750095573705e-06,1.60007646846519e-06
"SNX17",-0.0261789020753324,1.10448675989752e-06,1.50122333312289e-06
"RGS1",-0.0261843622888954,1.09881658158728e-06,1.49387872955243e-06
"COPS6",-0.0261989632138445,1.08379146451773e-06,1.47380911602945e-06
"LIME1",-0.0262617113879374,1.02144105400409e-06,1.38969547624154e-06
"PRMT1",-0.0262817457815638,1.00227137564276e-06,1.3639457962851e-06
"TRIP11",-0.0262838307339221,1.00029642491547e-06,1.36158881836927e-06
"IWS1",-0.0262870012429625,9.97300368548565e-07,1.35784044347574e-06
"HEATR5B",-0.0262964192066655,9.88451465636115e-07,1.3464467703998e-06
"VPS8",-0.0263173559413598,9.69049732795288e-07,1.32033909617914e-06
"STK24",-0.0263259558641035,9.61187000117573e-07,1.3099445400435e-06
"RBBP5",-0.0263756393970116,9.16950776243895e-07,1.2508744279627e-06
"TMEM259",-0.0263809819495564,9.12312412825763e-07,1.2448499540968e-06
"CCDC137",-0.0264173180405639,8.81359720387892e-07,1.20320094349665e-06
"BRIX1",-0.0264191554689514,8.79821681956443e-07,1.20139393413351e-06
"PSMF1",-0.0264497821115419,8.54562723332655e-07,1.16718730235345e-06
"ATP5F1B",-0.0264685259241764,8.3945001471084e-07,1.14682542234021e-06
"EMC6",-0.0264701456564624,8.38156211699158e-07,1.14533709104172e-06
"PAGR1",-0.0264770344070204,8.32675063626997e-07,1.13812464794285e-06
"PDCD6",-0.0265242442723993,7.96030005614217e-07,1.08830254975898e-06
"DCTD",-0.0265696162696612,7.62278462383301e-07,1.04241300712446e-06
"VAV1",-0.0265981924682141,7.4173315807534e-07,1.01456495432126e-06
"BORCS5",-0.0266057935843059,7.3635867929596e-07,1.00745948212269e-06
"MARF1",-0.02660716241597,7.35394821792463e-07,1.00638646674602e-06
"SLC52A2",-0.0266404634051233,7.12317037304255e-07,9.75042666598204e-07
"WDR70",-0.0266705097908524,6.92094760071019e-07,9.47593216574148e-07
"CEP63",-0.0267129824395106,6.64450327091146e-07,9.09965697218666e-07
"CHTOP",-0.0267181754935335,6.6114420717739e-07,9.05659285510168e-07
"SRI",-0.026728225120195,6.54791151227226e-07,8.97175944126497e-07
"STAT5B",-0.0267464425888731,6.43424314907761e-07,8.81817036131839e-07
"PRRC1",-0.0267486602622833,6.42053645140105e-07,8.80153773817307e-07
"CRLF3",-0.0267530633962445,6.3934055048999e-07,8.76648995582555e-07
"LUZP1",-0.026758019957781,6.3629966729258e-07,8.72692935758105e-07
"NT5DC1",-0.0267766596502009,6.24988381813659e-07,8.5759914096076e-07
"SH2D3C",-0.0267775534739097,6.24450873140275e-07,8.57071440871443e-07
"ABCA5",-0.0267839679712604,6.2060650978245e-07,8.52003645473015e-07
"RSRP1",-0.0268122996300709,6.03897830256868e-07,8.29268179553906e-07
"MGMT",-0.0268298085017781,5.93789608363436e-07,8.15587491487425e-07
"FGD3",-0.0268362250148549,5.90126221514654e-07,8.10754436226555e-07
"NMI",-0.0268474974238245,5.83743143768974e-07,8.02181603158737e-07
"TMED3",-0.0268552659637136,5.79382948922677e-07,7.96385098298426e-07
"BACH1",-0.0269332000423439,5.37343458067221e-07,7.38781339305374e-07
"CNDP2",-0.026968951904167,5.19057024963259e-07,7.13814863286897e-07
"C18orf21",-0.026991711150689,5.07730253851249e-07,6.98580982711122e-07
"HSPH1",-0.0270485848845622,4.80457755980486e-07,6.61219367513419e-07
"UPF3B",-0.0270897196608636,4.61618797585286e-07,6.35604850532663e-07
"TMC8",-0.0271027508610216,4.55800819454154e-07,6.27748290051875e-07
"SLC25A28",-0.027126755144999,4.45268355416608e-07,6.13393280175681e-07
"EIF2B4",-0.0271406858543949,4.39263989803562e-07,6.0527056770572e-07
"ERCC1",-0.0271695613514552,4.27065918908831e-07,5.88897000385111e-07
"ELOVL5",-0.027248500829439,3.95363647190532e-07,5.45315746703357e-07
"HERC6",-0.0273178660465997,3.69391052888417e-07,5.09994447003372e-07
"PPP1CC",-0.0273555683244025,3.55973007238736e-07,4.91590126309974e-07
"ARL16",-0.0273682640150384,3.51561489261269e-07,4.85617595716083e-07
"LUC7L3",-0.027389704291205,3.44230927665511e-07,4.75609003608857e-07
"PHC2",-0.027407350436371,3.38308496064706e-07,4.67541507261803e-07
"FAM32A",-0.0274122564471347,3.36679483759896e-07,4.65404989390838e-07
"TLE4",-0.0274130242369809,3.36425229797028e-07,4.65168267402553e-07
"IDH3G",-0.027420765770362,3.33871951548676e-07,4.61751830325464e-07
"RBL1",-0.0274340394673135,3.29537550579535e-07,4.55869768809606e-07
"SLC38A10",-0.0274387672394349,3.28006900297719e-07,4.53864362782326e-07
"EED",-0.0274497079827428,3.24491028932631e-07,4.49221276219976e-07
"FLAD1",-0.0274776715357406,3.15669314393895e-07,4.37224626263813e-07
"ENO1",-0.0274880756349295,3.12446584966124e-07,4.32867901644044e-07
"TSPAN31",-0.0274969464667679,3.09723902592111e-07,4.29201965906574e-07
"CEBPZOS",-0.0275171058674763,3.03621385164554e-07,4.20849429251091e-07
"DMAP1",-0.0275454545345679,2.95235925561841e-07,4.09327591996179e-07
"SAR1B",-0.0275944910136666,2.81256214381972e-07,3.90042025586877e-07
"CCDC28A",-0.0275993072829052,2.79918154116814e-07,3.88282508829363e-07
"SDHB",-0.027604010642027,2.78617396806902e-07,3.86573877619678e-07
"PCID2",-0.0276198827051642,2.74270778598776e-07,3.80637306406028e-07
"BUD23",-0.0277186463546812,2.48659731245366e-07,3.45350466889475e-07
"STAU2",-0.0277540654528828,2.40050510154374e-07,3.33476216882774e-07
"COPB2",-0.0277848941543291,2.32792065224428e-07,3.23473030874708e-07
"ARL2BP",-0.0278229159186312,2.24131733499478e-07,3.11516427215048e-07
"DPH7",-0.0278256372426996,2.23523972316218e-07,3.10748782153333e-07
"RAB11B",-0.0278499659710478,2.18160854310076e-07,3.03368096167163e-07
"EIF3L",-0.0278866805293018,2.10302057045787e-07,2.92512466538741e-07
"USP39",-0.027918808416319,2.03650074218855e-07,2.83330440894355e-07
"ANAPC11",-0.0279275441936931,2.01876812028269e-07,2.80933115124515e-07
"MFSD11",-0.0279380905560505,1.9975589866993e-07,2.78050684586759e-07
"BLOC1S5",-0.0279441378370478,1.98549498889783e-07,2.76440097336235e-07
"EMC8",-0.0279611960385885,1.95184305023103e-07,2.71822277671339e-07
"DPM2",-0.0280315199040035,1.81883931836509e-07,2.53362553818492e-07
"PPP6C",-0.028049112789239,1.7869615082403e-07,2.48983895877142e-07
"HELLS",-0.0280584651645738,1.77023583754886e-07,2.46714788202531e-07
"PEPD",-0.0280679297178323,1.75346366621317e-07,2.44559740802852e-07
"YIPF4",-0.0280827360727369,1.72753300347866e-07,2.41003110567448e-07
"PET100",-0.0280850806595079,1.72346103182327e-07,2.40494910914781e-07
"LARP4",-0.0281719378088192,1.57898186785796e-07,2.20388901306999e-07
"RFFL",-0.0281841883200327,1.5595713191883e-07,2.17733873261864e-07
"NUMB",-0.0281866019263221,1.55577433978473e-07,2.17257896839114e-07
"EIF2B5",-0.0281931198047583,1.54556531064107e-07,2.15886041895129e-07
"SAMM50",-0.0282093948367468,1.52035557205473e-07,2.12417667060451e-07
"PFKP",-0.0282223725254335,1.50053877066436e-07,2.09701228698331e-07
"PI4KB",-0.0282522494899003,1.45586183778831e-07,2.03508349687345e-07
"COPZ1",-0.02829820695553,1.38964006161415e-07,1.94299972686768e-07
"COMMD10",-0.0282996865392726,1.38755723683978e-07,1.94057168835791e-07
"CHMP2B",-0.0283011145383363,1.38554989196239e-07,1.93824802659942e-07
"SLC5A3",-0.0283066551390212,1.37778800250427e-07,1.92787115256777e-07
"ZMYM5",-0.0283110760912456,1.37162482572217e-07,1.91972665418258e-07
"EIF3H",-0.0283116239118021,1.37086297757424e-07,1.91913967682389e-07
"RHOH",-0.0283127540792239,1.36929255891851e-07,1.91742016496235e-07
"CINP",-0.0283319853180859,1.34283511589119e-07,1.88131199736355e-07
"NUP50",-0.0284176960752265,1.23081148072849e-07,1.72522949925023e-07
"ESYT1",-0.0284218290962714,1.22564467823026e-07,1.71841700695582e-07
"AC005332.4",-0.0284285635920095,1.21727062470494e-07,1.70710324846008e-07
"MFSD14C",-0.028452896344054,1.18747278323639e-07,1.66573153373135e-07
"OTUD1",-0.0284822821424601,1.15242707089373e-07,1.61697579000713e-07
"NDUFS8",-0.0284934214464464,1.13940561530312e-07,1.59910570201821e-07
"QARS",-0.0285072354878782,1.12345514452454e-07,1.57711488725338e-07
"TMBIM1",-0.0285168608734792,1.11246908891614e-07,1.5620838823067e-07
"LTV1",-0.0285341529607208,1.09299314015795e-07,1.53550603094638e-07
"PITPNA",-0.0286114181370363,1.00992772622172e-07,1.41916624316613e-07
"POGLUT1",-0.0286252440499518,9.95723018815496e-08,1.39955650801155e-07
"CUL4B",-0.0286351195130962,9.85695588745234e-08,1.3858098543222e-07
"ST6GALNAC6",-0.0286611293336295,9.59751008942323e-08,1.34967243516004e-07
"SS18L2",-0.0286758266774378,9.45384129591025e-08,1.32980237505726e-07
"BABAM2",-0.0286777756947356,9.43494640724631e-08,1.327477772187e-07
"IFI6",-0.0286795893627293,9.41739651249846e-08,1.32567420386941e-07
"MACO1",-0.0286927686437417,9.29081342189958e-08,1.30818387980717e-07
"UNC45A",-0.0287011687391789,9.21099414339741e-08,1.29727095198791e-07
"DUS1L",-0.0287033600151767,9.19028164992208e-08,1.29467919472507e-07
"DLEU2",-0.0287099623820756,9.128146639519e-08,1.28624927754248e-07
"DPM1",-0.0287124821970993,9.10453999719303e-08,1.28324552676735e-07
"PARL",-0.0287523189884582,8.73909371944099e-08,1.23204732588044e-07
"FTX",-0.0287808716363525,8.48594351393255e-08,1.19665896960438e-07
"GTF2H3",-0.0287982664701838,8.33521547335257e-08,1.17599565741863e-07
"EVL",-0.0288133699715593,8.2064473732591e-08,1.15811964441561e-07
"ELP5",-0.0288182131687625,8.16556508817193e-08,1.15264047239586e-07
"CMC2",-0.0288271628045864,8.09053793806109e-08,1.14233748059698e-07
"METTL17",-0.0288479232883794,7.91905862095458e-08,1.1184073717699e-07
"PPM1M",-0.0288508468482566,7.89519486465066e-08,1.11531817548531e-07
"TXN2",-0.0288528711180409,7.87871244209691e-08,1.11327041163669e-07
"TRIM56",-0.0288771178877065,7.68385713815789e-08,1.0860109811409e-07
"JOSD2",-0.0288889495826994,7.59047600280303e-08,1.07308343894319e-07
"PEX26",-0.0288960299712389,7.53512099180699e-08,1.06552657174076e-07
"SLC12A9",-0.0288983829742766,7.5168117400437e-08,1.06320577968715e-07
"PRKRIP1",-0.0289318438059953,7.26106220171532e-08,1.02729090074256e-07
"CS",-0.028936038089772,7.22960490503589e-08,1.02309863353084e-07
"SHLD2",-0.0289479342609473,7.14109957333715e-08,1.01082904796619e-07
"ITFG1",-0.0289787892299109,6.91640724917948e-08,9.79271001121824e-08
"TMUB2",-0.0289854037280023,6.86913833629729e-08,9.72824140424816e-08
"ZNF143",-0.0290036219790283,6.74055817145479e-08,9.5509704153812e-08
"TTLL3",-0.0290059511218774,6.7242886746826e-08,9.53032719598414e-08
"TRAPPC2L",-0.0290127972269419,6.6766872788237e-08,9.46525563129977e-08
"FNTA",-0.0290640517130628,6.3305365840119e-08,8.97680339493994e-08
"MEF2A",-0.0290815253640068,6.2165509524078e-08,8.81740104715093e-08
"TOB2",-0.0290994007093947,6.10200335403232e-08,8.65712070784737e-08
"MRPL11",-0.0291337944216778,5.88732923957435e-08,8.35467031111032e-08
"CALU",-0.0291606694959415,5.72469503138338e-08,8.12593489257155e-08
"SNX5",-0.0291709565965284,5.66360205086711e-08,8.04125307652883e-08
"SLC25A26",-0.0291733768362435,5.6493208113864e-08,8.0230090793232e-08
"TMEM179B",-0.0291805270674075,5.60733259091051e-08,7.96741679499555e-08
"TNPO1",-0.0291882246787186,5.56246803434191e-08,7.90767906251955e-08
"CLN3",-0.0291944491167233,5.52644423025592e-08,7.85846066134336e-08
"ZNF107",-0.0291952093145889,5.52206012346718e-08,7.8542195258655e-08
"PIK3C3",-0.0292194221716723,5.38417295689952e-08,7.66004195239018e-08
"STYX",-0.0292214414556737,5.37282550242344e-08,7.64583903392102e-08
"NME1",-0.0292221764803607,5.36870075551624e-08,7.64190983843359e-08
"CNPPD1",-0.0292256727658243,5.34912258701056e-08,7.61597636626198e-08
"C8orf33",-0.0292823052359827,5.04147094495058e-08,7.17977209034385e-08
"SOAT1",-0.0292840851305049,5.03208525592952e-08,7.16822719222903e-08
"MLEC",-0.0293112098616966,4.8911303943881e-08,6.96920791511592e-08
"SLC35E1",-0.0293370025007179,4.76065212661921e-08,6.78674498030375e-08
"CCNL2",-0.0293392704991529,4.74934166950777e-08,6.77234369361872e-08
"PPIH",-0.0293714786193563,4.59150481899569e-08,6.55060921732481e-08
"SMARCD2",-0.0293836153760254,4.53335736610155e-08,6.46929836507082e-08
"PDLIM5",-0.0293892340651857,4.50668045961773e-08,6.43286737027453e-08
"MAEA",-0.0294040432163654,4.43709536218892e-08,6.3351547540654e-08
"MRPL41",-0.0294511909530977,4.22242531595037e-08,6.03019150626551e-08
"TUBA4A",-0.0294519500944858,4.21905259452289e-08,6.02691071621368e-08
"ACAA1",-0.0294524466574521,4.21684787249258e-08,6.0252971640613e-08
"PEX16",-0.0294565432520434,4.19870170786095e-08,6.00089884489996e-08
"PDHA1",-0.0294628850745426,4.17075937491448e-08,5.96248355536243e-08
"WDR20",-0.0294664172024918,4.15527493382761e-08,5.94186290614185e-08
"RAMAC",-0.029474675686649,4.11928789546827e-08,5.8919064232272e-08
"LIPA",-0.0294851689020778,4.07399853484519e-08,5.82861572358245e-08
"EIF4E2",-0.0294887169112879,4.05879461773381e-08,5.8083465367161e-08
"FDX1",-0.0294920769247021,4.04444702914371e-08,5.7892927589582e-08
"TMEM248",-0.0294921833833778,4.04399324479705e-08,5.7892927589582e-08
"RABGAP1",-0.0294961068024378,4.0273039071474e-08,5.76770025444775e-08
"EXOC7",-0.029504671675807,3.99110257416348e-08,5.71731565071885e-08
"CCDC107",-0.0295200280002338,3.92698415875392e-08,5.626903407225e-08
"INTS10",-0.0295409292755796,3.84131632260829e-08,5.50555925112451e-08
"ARL6IP5",-0.0295802083488571,3.68520036274894e-08,5.28315754229855e-08
"DDX58",-0.0296015483303032,3.60298185914872e-08,5.16660960559607e-08
"IARS",-0.0296029385585918,3.59768777064507e-08,5.16033843529433e-08
"GARS-DT",-0.0296093644695023,3.57331531074671e-08,5.12669201265349e-08
"SOS1",-0.0296230442830506,3.52196208990017e-08,5.05430872005136e-08
"C15orf61",-0.0296322872488337,3.48767050175611e-08,5.00637948049212e-08
"ZNF83",-0.0296468007483241,3.43447763317547e-08,4.93128687069314e-08
"PTGER2",-0.0296542258109422,3.40756943013228e-08,4.89390545526942e-08
"UBAC2",-0.0296848333048817,3.29879158321137e-08,4.74010975187603e-08
"MRPS9",-0.029702802245176,3.23650787436134e-08,4.65180562398588e-08
"PMPCA",-0.0297378932481142,3.11814819377647e-08,4.48398831868702e-08
"ILF2",-0.0297721299381244,3.00672248245239e-08,4.32486467958501e-08
"AGGF1",-0.0297897650884947,2.95084488867301e-08,4.24667045611802e-08
"GANAB",-0.0297959275060497,2.93155762575127e-08,4.21999715764452e-08
"PNPT1",-0.0298014198759229,2.91447061708643e-08,4.19647824721284e-08
"TCF20",-0.0298191786679578,2.85988095063544e-08,4.11893416791597e-08
"GPATCH2",-0.0298205162519416,2.85580969920502e-08,4.11412790600127e-08
"NUMA1",-0.0298486343537765,2.77151572906955e-08,3.99371924548875e-08
"SLC66A3",-0.0298630992799848,2.7290974911965e-08,3.93360656910113e-08
"TUFM",-0.0298674535230669,2.71645254615687e-08,3.91638797753103e-08
"CAAP1",-0.0298898789348639,2.65222308920929e-08,3.8257550043575e-08
"SLC16A7",-0.0298915340460535,2.64754146578929e-08,3.81998516330669e-08
"PWWP2A",-0.0299201514527303,2.56785138594511e-08,3.70691374725306e-08
"BLCAP",-0.0299472934203049,2.49442365739762e-08,3.60184235404696e-08
"PSMG3",-0.0299517216451304,2.48263886355929e-08,3.58667393436098e-08
"ECHDC1",-0.029962316704787,2.45466120672729e-08,3.54716900528616e-08
"MED21",-0.0299898123977753,2.38347504638322e-08,3.44518807323486e-08
"BCCIP",-0.030020799429033,2.30565048727716e-08,3.33441685953579e-08
"TAF1D",-0.0300269345217748,2.2905372975317e-08,3.31341533695603e-08
"SEC11C",-0.0300310410715988,2.28047498824611e-08,3.29971129205556e-08
"AC114760.2",-0.0300501836908845,2.23413306290279e-08,3.23349217058555e-08
"LIN7C",-0.0300832243027302,2.15628758894036e-08,3.12163152891289e-08
"OXA1L",-0.0301041979073656,2.10824572282913e-08,3.05287055057737e-08
"RAP1GDS1",-0.0301095650922289,2.09611967467515e-08,3.03609580172642e-08
"NR1H2",-0.0301199854408551,2.07277007957662e-08,3.00305158375062e-08
"EVI2B",-0.0301287409174611,2.05334646054958e-08,2.97567974267387e-08
"FUNDC2",-0.030177727249629,1.94788971580694e-08,2.82358354045062e-08
"FAM50A",-0.030193343801197,1.91539018736971e-08,2.777191878401e-08
"NAA16",-0.0301989242411764,1.90390493170408e-08,2.76125342579443e-08
"ANKRD12",-0.0302002761885126,1.90113253008893e-08,2.75794633668609e-08
"SUDS3",-0.0302014188762236,1.89879230841104e-08,2.75526465466998e-08
"STIP1",-0.0302116138858489,1.87803637775737e-08,2.72585233383898e-08
"MT1F",-0.0302355374273473,1.83019192043612e-08,2.65709728552435e-08
"METTL9",-0.0302478015821244,1.8061259701439e-08,2.62283750626753e-08
"NDUFV1",-0.0302611693629782,1.7802443754364e-08,2.58592262310668e-08
"RHOT1",-0.0302623135132183,1.77804597340877e-08,2.58339892014071e-08
"TFRC",-0.0302673635354869,1.76837417536377e-08,2.57001267602141e-08
"MRPL19",-0.0302691133979301,1.76503477339762e-08,2.56582486903249e-08
"MAU2",-0.0302706412135829,1.76212412892408e-08,2.56225833380658e-08
"TSR3",-0.0302841790001664,1.73653607295228e-08,2.5263624488122e-08
"UBXN6",-0.0302905442849142,1.72462997868935e-08,2.50969265140875e-08
"SNX3",-0.0303050610275483,1.69777258483251e-08,2.47125131568867e-08
"GPAA1",-0.0303245027337894,1.66243898100235e-08,2.42044896064878e-08
"PARP10",-0.0303373110197751,1.63955236066408e-08,2.38774725290059e-08
"MRPL22",-0.0304082904247515,1.51816297083492e-08,2.2121126595317e-08
"RRP7A",-0.0304169346393243,1.50398979563375e-08,2.19203090110053e-08
"PDCL3",-0.0304459340532981,1.4573745322028e-08,2.12464278836225e-08
"DUSP1",-0.0304540420180813,1.44459439371076e-08,2.10655919395137e-08
"ANAPC10",-0.0304914313445715,1.38705459311332e-08,2.02317905773218e-08
"HTATSF1",-0.0305081898964407,1.36199273668767e-08,1.98714066555524e-08
"TBCB",-0.0305362532558594,1.32100675453844e-08,1.92784423240453e-08
"STK16",-0.0305549929899626,1.29430765614222e-08,1.88937225970852e-08
"SNRPD3",-0.0305705805976864,1.27249955456422e-08,1.85802175710732e-08
"AC005670.3",-0.0305808995105614,1.25825954762814e-08,1.83770823687988e-08
"DCLRE1C",-0.0305993457962666,1.23318865628228e-08,1.80156132163866e-08
"ZFAND2B",-0.0306299265492103,1.19269094266509e-08,1.742852683884e-08
"CPSF7",-0.0306438876139108,1.174634964255e-08,1.71691558155583e-08
"DPF2",-0.0306559226121886,1.15928338893933e-08,1.69491889162953e-08
"ASPSCR1",-0.0306736643264392,1.13700743316058e-08,1.66278435684548e-08
"CARS",-0.0307027166595405,1.10142545366716e-08,1.61116894866896e-08
"TADA3",-0.0307071519164071,1.09608945154429e-08,1.60378205912643e-08
"ATP5MG",-0.0307078406994276,1.09526304212364e-08,1.60299140456016e-08
"GORASP2",-0.0307147037095321,1.08706173222489e-08,1.59140385250478e-08
"CCDC130",-0.0307295152030411,1.06956484322217e-08,1.56619842733657e-08
"ATP6V1B2",-0.0307420755754095,1.05494193400114e-08,1.54559335899147e-08
"PRKD2",-0.0307645495497853,1.02926089548158e-08,1.50836246293901e-08
"TIMM22",-0.0307931458137463,9.97461091987615e-09,1.4621428091809e-08
"CDC37L1",-0.0308113253058643,9.77743721999317e-09,1.43361481373212e-08
"SF3B3",-0.0308164138413291,9.72292930594224e-09,1.42599570349386e-08
"RTCB",-0.0308248497705425,9.63321448842355e-09,1.41320769615512e-08
"PDCD11",-0.0308427111865156,9.44590852592942e-09,1.38609246869098e-08
"PAIP1",-0.0308550069302136,9.31903002326404e-09,1.3678324842947e-08
"VEZT",-0.0308556445037474,9.31249634444351e-09,1.36723158276818e-08
"SLC35F5",-0.0308557343978596,9.31157549246332e-09,1.36723158276818e-08
"AKT1",-0.0308610221318182,9.25756476636894e-09,1.35987923855129e-08
"ATXN3",-0.0308713122358124,9.15332969751903e-09,1.34492028382005e-08
"ZNF224",-0.0308775708065479,9.09049152383108e-09,1.33603762128375e-08
"ZDHHC2",-0.0308910947121664,8.95613571228206e-09,1.31663653021062e-08
"ATP6V1D",-0.0309150980738542,8.7224081871762e-09,1.28261284389754e-08
"TRAPPC6B",-0.0309223213485629,8.65324138966206e-09,1.27277597762903e-08
"CBLL1",-0.0309603473228096,8.29782296280854e-09,1.22081910957152e-08
"TSSC4",-0.0309775600201041,8.14164573993466e-09,1.19847078346713e-08
"LST1",-0.0309990841386905,7.95036683671609e-09,1.17062153843818e-08
"AIMP1",-0.0310042314709718,7.90527540399876e-09,1.16428813046016e-08
"N4BP2L2",-0.0310383048934063,7.6129963981932e-09,1.12153606244676e-08
"FAM120AOS",-0.0310716423932397,7.33721266778977e-09,1.08147658575207e-08
"RTN4",-0.0310890142547431,7.19737957773603e-09,1.06142408299033e-08
"ESYT2",-0.0310918919253309,7.17446764319033e-09,1.05832368182255e-08
"SCO1",-0.0311070146031305,7.05522220106599e-09,1.04100750960437e-08
"MSH6",-0.0311303403723966,6.87506382075782e-09,1.01469206351137e-08
"LARS",-0.0311334446733646,6.85142745445864e-09,1.01146995402493e-08
"NDUFC2",-0.0311594098801085,6.65679722004757e-09,9.82995826644178e-09
"PPP1R10",-0.0312013156672133,6.35396793385225e-09,9.38772378099341e-09
"ANKZF1",-0.0312037195440225,6.33700896339181e-09,9.36513666425309e-09
"TNFRSF1A",-0.0312052982984315,6.32589506075286e-09,9.35117803230257e-09
"CDK9",-0.0312193340389204,6.22791805064136e-09,9.20877381419372e-09
"CLTB",-0.0312270599265927,6.17461868458217e-09,9.1323734780677e-09
"ARAF",-0.0312609482468441,5.94602466223985e-09,8.80124728135027e-09
"ACTB",-0.0312652919964384,5.91732582410827e-09,8.76108161646043e-09
"KIAA0586",-0.0313005257791625,5.68946495644976e-09,8.42594123042929e-09
"FAF1",-0.0313032647637699,5.67211364021749e-09,8.40246493253471e-09
"MAP3K3",-0.031317372840803,5.58355201543116e-09,8.27345994036918e-09
"PTCD3",-0.0313673744596679,5.28037521575586e-09,7.82629534755245e-09
"GOLT1B",-0.0313929169441546,5.13174478136677e-09,7.60801527904216e-09
"TRIM5",-0.0313960688758541,5.11368841735958e-09,7.58325215424269e-09
"CSPP1",-0.0313968287205942,5.1093447761042e-09,7.57881633808574e-09
"PDP1",-0.0314095298478724,5.03726824356158e-09,7.47388171483164e-09
"AAK1",-0.031421084473122,4.9725579201882e-09,7.37982377773694e-09
"TTC37",-0.0314223125180543,4.96572813757849e-09,7.37163986304367e-09
"NELFB",-0.0314326358775952,4.90867439711544e-09,7.28887422401561e-09
"M6PR",-0.0314669199922631,4.72373707794887e-09,7.01798053680421e-09
"RPRD1A",-0.0314687286341015,4.71417141675016e-09,7.00562625814582e-09
"TRNAU1AP",-0.031478846427719,4.66100642876329e-09,6.92845624052771e-09
"GMFG",-0.0314812419263372,4.64850471201554e-09,6.91170613057445e-09
"SHKBP1",-0.0314823105412998,4.64293831472682e-09,6.9052617610746e-09
"NUP58",-0.0314913577027601,4.59607098766778e-09,6.83737239577655e-09
"HDAC3",-0.0315176795457765,4.46231793296448e-09,6.6401565842626e-09
"ADIPOR1",-0.0315321280523386,4.39051686146791e-09,6.53504820495781e-09
"GOSR2",-0.0315362213100693,4.3703808480527e-09,6.50680506707953e-09
"DDX55",-0.0315539987986343,4.28396567619037e-09,6.37984152255403e-09
"LRIF1",-0.0315551755371287,4.27830468297648e-09,6.37310458357262e-09
"TSC2",-0.0315696922064539,4.20906470160389e-09,6.27329749675218e-09
"GPALPP1",-0.0315726136638111,4.19526268040304e-09,6.25439001356175e-09
"COMMD8",-0.0315883064596921,4.12187464939137e-09,6.14661669377042e-09
"SUCLA2",-0.0315999633509954,4.06817097923571e-09,6.06814750269814e-09
"NIPSNAP2",-0.0316542003969681,3.82712434319371e-09,5.71011842898231e-09
"MED29",-0.0317155482581449,3.57121493246669e-09,5.32971730533776e-09
"CCDC14",-0.0317984073941758,3.25186377672948e-09,4.85440719360469e-09
"NDUFS1",-0.031835530051513,3.1179736421194e-09,4.65701606887982e-09
"FOPNL",-0.0318417181109783,3.09618343748542e-09,4.62570300817603e-09
"POP7",-0.0318464352080281,3.07967263765527e-09,4.60226278971203e-09
"RCSD1",-0.0318483244604708,3.07308393959954e-09,4.59364161043367e-09
"SMURF2",-0.0318626718639592,3.02349380827212e-09,4.52072019785405e-09
"ILKAP",-0.0319024729804902,2.88996961579044e-09,4.32222837653847e-09
"TWF2",-0.0319285899707082,2.80549155033077e-09,4.19700337641582e-09
"TIMM29",-0.0319322433273643,2.79386779734915e-09,4.18073034348322e-09
"ERGIC3",-0.0319491555819107,2.74066689910911e-09,4.10221615988447e-09
"SMIM12",-0.031951484196428,2.73341948229278e-09,4.09246133549793e-09
"SLC35E2B",-0.0319572243448891,2.71563385863473e-09,4.06691933292063e-09
"NDUFB6",-0.0319674492326462,2.68423120820871e-09,4.02096543459012e-09
"DCPS",-0.0319677798902447,2.68322161886237e-09,4.0205277946804e-09
"ABCD4",-0.0319796508069751,2.6472203500541e-09,3.9676445150316e-09
"CORO1A",-0.0320031414392626,2.5773607892665e-09,3.86397267604319e-09
"PCBP1-AS1",-0.0320422890774515,2.46490811493402e-09,3.69736217240102e-09
"SAT2",-0.0320512058266842,2.43997068944066e-09,3.66093594206839e-09
"SAP30L",-0.0320524672360712,2.43646281134016e-09,3.65665173935465e-09
"CNOT7",-0.0320802445083869,2.36044968816164e-09,3.54351997119149e-09
"DNAJC15",-0.0321128861370804,2.2740743546648e-09,3.41568284201059e-09
"RPIA",-0.0321187355864048,2.25892444567826e-09,3.39383715645603e-09
"PIGS",-0.0321340392021498,2.21975206630073e-09,3.33587840695878e-09
"SNRPA",-0.0321602794644029,2.15411995927614e-09,3.23811380144408e-09
"PMPCB",-0.0321655825346829,2.14108745616124e-09,3.21938666603907e-09
"IQCB1",-0.0321835033184847,2.09761227201597e-09,3.15486290187265e-09
"ACYP2",-0.0322016446106032,2.05447841813953e-09,3.09081800141045e-09
"ALG5",-0.0322109723188439,2.03263788851642e-09,3.05878161311654e-09
"PSMB7",-0.0322159770941069,2.02101277694753e-09,3.04210464733117e-09
"DDIT3",-0.0322210854852555,2.00921378948142e-09,3.02515692537718e-09
"VPS26C",-0.0322318775901322,1.98450719879713e-09,2.98956407044601e-09
"TXNDC11",-0.0322427466095178,1.95992375930525e-09,2.953324212731e-09
"GPS1",-0.0322499910414039,1.94370341873344e-09,2.92967024168429e-09
"SIKE1",-0.0323088418726758,1.81669429492713e-09,2.73897089824365e-09
"ASB8",-0.0323141889246636,1.80556371997441e-09,2.72292225154375e-09
"ANKRA2",-0.0323145408798459,1.80483341540913e-09,2.72255355584193e-09
"CCDC32",-0.032375058402126,1.68344741930489e-09,2.54081318011974e-09
"PTPMT1",-0.0323820107594379,1.67002263941481e-09,2.52123029937516e-09
"TAF11",-0.0323895571174148,1.65556893242645e-09,2.50008307661488e-09
"COX5B",-0.0324002758899881,1.63524837027753e-09,2.47006249785317e-09
"PARP11",-0.0324320351046162,1.5764560497567e-09,2.38189800561784e-09
"MRPL28",-0.032458190189664,1.5295893348299e-09,2.31170944778499e-09
"PPP1R9B",-0.0324812675394924,1.48936723629851e-09,2.25213545391713e-09
"HELZ2",-0.0324940340358703,1.46756099588293e-09,2.2197602755541e-09
"THUMPD3",-0.0325095554643408,1.44146796534333e-09,2.18088187845142e-09
"PGAM1",-0.0325791760974978,1.32988606374635e-09,2.01260640054943e-09
"SAMD4B",-0.0325931241176383,1.30856629331241e-09,1.9808766903627e-09
"L3MBTL3",-0.032595922042176,1.30432991859262e-09,1.97499726122482e-09
"EPG5",-0.0325987934376414,1.29999620110174e-09,1.9689672191822e-09
"TOMM22",-0.0325990281337123,1.29964260197309e-09,1.96896381223498e-09
"TSG101",-0.0326001652224233,1.29793076192133e-09,1.96690210649193e-09
"SSBP1",-0.0326091484258714,1.28448397010827e-09,1.94757796766417e-09
"HERC4",-0.0326098193294359,1.28348517457383e-09,1.94659023499641e-09
"SLC30A5",-0.0326706219418994,1.19604158683997e-09,1.81446049070145e-09
"TIPRL",-0.0326774569776314,1.18658269519071e-09,1.80059827344942e-09
"SELENOF",-0.0326944078806055,1.16343821079188e-09,1.76595550738833e-09
"STRADA",-0.0327022702220977,1.15285307798532e-09,1.75036267922778e-09
"PUM3",-0.0327267600028973,1.12048045229943e-09,1.70167275194743e-09
"SLC35C2",-0.0327322298404403,1.11337197795347e-09,1.69133547423454e-09
"PPID",-0.0327406547921581,1.10250903985757e-09,1.67528759744084e-09
"NBAS",-0.0327437124058897,1.09859223625095e-09,1.6697886878086e-09
"SDHC",-0.0327502485204961,1.09026491518013e-09,1.65758127636177e-09
"TMEM203",-0.0327560519224294,1.08292270806527e-09,1.64686536119342e-09
"ACTR1A",-0.0327844583933485,1.04767395826019e-09,1.59369295930785e-09
"PSEN1",-0.0327941111256818,1.03595278556981e-09,1.57629090695987e-09
"ARHGAP18",-0.0328136009186397,1.01267502307308e-09,1.54129028498141e-09
"PTPN6",-0.0328199429296206,1.00521097443191e-09,1.53034563996643e-09
"SPG21",-0.0328310748113594,9.92239133895211e-10,1.51100763759477e-09
"AC139887.2",-0.0328629883170695,9.55948875134659e-10,1.45653548022149e-09
"MARCH2",-0.0328647312519185,9.54004629737575e-10,1.45396843759841e-09
"UBAC1",-0.0328914951259141,9.24629296075712e-10,1.41034909504853e-09
"KTN1",-0.0328995180542861,9.1599669544108e-10,1.39794266918622e-09
"AGL",-0.0329514751807856,8.61963862661833e-10,1.31619768020624e-09
"NACA",-0.0329745600880476,8.38966148110756e-10,1.28142989752322e-09
"DDX50",-0.0329772381574924,8.36337251188284e-10,1.27776280143379e-09
"CPSF2",-0.0329790048021392,8.34607444056829e-10,1.27546771652426e-09
"DPH3",-0.0330118539910956,8.03071637157085e-10,1.22760868920576e-09
"EIF3I",-0.0330165057961895,7.98700835652453e-10,1.2212604319226e-09
"IAH1",-0.0330191959541831,7.96183781021439e-10,1.21774397075441e-09
"TMUB1",-0.0330240799605943,7.91633804408957e-10,1.21111543541026e-09
"MGRN1",-0.0330332445733735,7.83164327831551e-10,1.19848522478646e-09
"PRPSAP1",-0.0330589790639231,7.59851563615558e-10,1.16312705886413e-09
"ANAPC15",-0.0330646428642014,7.54812376446674e-10,1.15572911410032e-09
"E2F4",-0.0330837807556003,7.38025042062524e-10,1.13033406278174e-09
"DDX19A",-0.0330953096519154,7.28088519181183e-10,1.11542046514252e-09
"EID1",-0.0331015421859494,7.22771291692357e-10,1.10788028409299e-09
"TOMM20",-0.0331036387252335,7.2099117772286e-10,1.10545405197234e-09
"PITPNM1",-0.0331050942119411,7.19757879752574e-10,1.10386512264188e-09
"LAMP2",-0.0331541406078213,6.79380777551811e-10,1.04251091933197e-09
"EIF3K",-0.03317129666644,6.65785719838355e-10,1.02192910818245e-09
"COPG1",-0.0331754649026465,6.62522952312192e-10,1.01719962322124e-09
"IST1",-0.0332045794685602,6.40163995860497e-10,9.83140321403733e-10
"PIK3CA",-0.0332506602759763,6.06272036522523e-10,9.31345529789534e-10
"DIS3L2",-0.0332732333147993,5.90315051719798e-10,9.07081313363792e-10
"BRD3",-0.0332808615364737,5.85015841440112e-10,8.99431762806691e-10
"MICU1",-0.0333094131520717,5.65590334639129e-10,8.69804674895083e-10
"DRG2",-0.0333259721802235,5.54614044560251e-10,8.53158689463532e-10
"DNAJB12",-0.0333323040902489,5.50472057168918e-10,8.47019606912306e-10
"WDFY2",-0.0333370609128035,5.47380276033465e-10,8.42493564100944e-10
"PSMD3",-0.0333487500867754,5.39854494094675e-10,8.31138622227077e-10
"AARSD1",-0.0333544282104018,5.36235305251004e-10,8.25793528614076e-10
"MFF",-0.0333630926059807,5.30758276111356e-10,8.17583666665212e-10
"SF3A3",-0.0333697132987048,5.26609964585494e-10,8.11416618514464e-10
"PSTPIP1",-0.0334030639627166,5.06189924432976e-10,7.80167309274587e-10
"CNOT10",-0.0334282787789117,4.91266317127829e-10,7.57582950243355e-10
"NFX1",-0.033428769998319,4.90979891335576e-10,7.57349658971806e-10
"SLC30A9",-0.0334324894633343,4.88816386013386e-10,7.54219996481007e-10
"MTREX",-0.0334396228493187,4.84693103159439e-10,7.48063935583998e-10
"SSB",-0.0334660129393224,4.69731949884744e-10,7.25172960648514e-10
"LAS1L",-0.0334915857156285,4.55664587710348e-10,7.03843536253801e-10
"SPTLC1",-0.0336429102085914,3.80460481530645e-10,5.88165665792479e-10
"LENG1",-0.0336820064871919,3.63091245943875e-10,5.61468913429767e-10
"LARP7",-0.0337091475626061,3.51491113828091e-10,5.43680983133487e-10
"KLF9",-0.0337115130139288,3.50497431852441e-10,5.42293652153804e-10
"NUCB1",-0.0338010238936066,3.14846139890152e-10,4.87268093881362e-10
"SEC23A",-0.0338173551833067,3.08735026393478e-10,4.77942289477639e-10
"WDR36",-0.033831311636999,3.03604473944128e-10,4.70129724228487e-10
"METTL23",-0.0338405387341315,3.00258301721539e-10,4.65076706149117e-10
"BTN2A1",-0.0338422450594835,2.99643467009824e-10,4.64252692596918e-10
"GPATCH11",-0.0338444236803367,2.98860238192066e-10,4.63167249675978e-10
"CLK3",-0.033936449122977,2.67541248875316e-10,4.14744442239909e-10
"NUP42",-0.0339406170742895,2.66201381096587e-10,4.12781554971021e-10
"TRAPPC1",-0.0339465147778465,2.64316641985874e-10,4.09972449955394e-10
"LZIC",-0.0339492257894733,2.63454657438356e-10,4.08748588118645e-10
"NAXE",-0.0339582786664396,2.60596077068921e-10,4.04425482108621e-10
"ZNF507",-0.0339631131116286,2.5908195959506e-10,4.02187064147013e-10
"EIF3D",-0.0339842766799073,2.52554179942593e-10,3.92162267774533e-10
"FDFT1",-0.0339910697179673,2.50493168021775e-10,3.89069765408544e-10
"ZNF37A",-0.0339992020108693,2.4804742185984e-10,3.8537780762477e-10
"PSMA2",-0.0340011530541808,2.47464133243107e-10,3.84578203742199e-10
"ANKRD36B",-0.034002485208706,2.47066638933034e-10,3.84066974918369e-10
"DGKE",-0.0340097138714404,2.44920566109217e-10,3.80942229385527e-10
"EXOC3",-0.0340171163649845,2.42741756647468e-10,3.77658191075072e-10
"EDEM2",-0.0340535316699916,2.32296120217234e-10,3.61507208469141e-10
"LDHA",-0.0340599431955507,2.30503013732175e-10,3.58816358043085e-10
"RAP1A",-0.0340659726568776,2.28829097552263e-10,3.5630960341286e-10
"NAA25",-0.0340908712274642,2.22041553172336e-10,3.45836816002716e-10
"WRAP73",-0.0340911707560209,2.21961108612065e-10,3.4580763209953e-10
"RPL36AL",-0.0341194225243386,2.14500125596804e-10,3.34276613972328e-10
"ZFYVE28",-0.0341246319536397,2.13151380764375e-10,3.32267131516983e-10
"TMEM71",-0.0341399852543808,2.09224347199413e-10,3.26236294297583e-10
"RTCA",-0.0341583992367653,2.04607602172302e-10,3.19126357521175e-10
"SLF2",-0.0341913748267359,1.96587399508804e-10,3.0678802195693e-10
"PPP2R3C",-0.034191679354275,1.96514783948449e-10,3.0676012513847e-10
"MR1",-0.0342151423613528,1.90998041857378e-10,2.98397832887859e-10
"TRIM11",-0.034247193354499,1.83705905820048e-10,2.87165382486903e-10
"COPS8",-0.0342891053634729,1.74579437193776e-10,2.72975213737143e-10
"APEH",-0.0342927274791351,1.73811838006014e-10,2.7185083454806e-10
"GMEB1",-0.0343207730829881,1.6797898807754e-10,2.62801297930356e-10
"LONP2",-0.0343347902021775,1.65135868752081e-10,2.58425414266032e-10
"PML",-0.0343636812806255,1.5942337390514e-10,2.4955547133084e-10
"PTBP1",-0.0343830811112099,1.55696379212873e-10,2.43789468876485e-10
"EIF5B",-0.0344206364671198,1.48721820807052e-10,2.3293378529981e-10
"AC016831.1",-0.0344715245972225,1.39756319016277e-10,2.18952868819462e-10
"MRPL2",-0.0345066201277842,1.33883205408782e-10,2.09810258140607e-10
"SMARCB1",-0.0345148246798614,1.32545384918983e-10,2.07771842541534e-10
"BRMS1",-0.0345453073777554,1.27688410507457e-10,2.00214284410685e-10
"CGRRF1",-0.0345607272208578,1.25298176561404e-10,1.96521405387659e-10
"SEC22C",-0.0345662298407,1.24455846469678e-10,1.95254917025776e-10
"PIKFYVE",-0.034593606704946,1.20346632644991e-10,1.88860971532492e-10
"ADAM8",-0.0345950191833139,1.20138258962977e-10,1.88586779615833e-10
"TCF3",-0.0346218362649426,1.16248358537024e-10,1.82531745934851e-10
"RAD50",-0.0346513664348619,1.12107290619181e-10,1.76078827530799e-10
"MLLT10",-0.0346659107827518,1.10121061333798e-10,1.73104748307042e-10
"SLC25A24",-0.0347046783289402,1.04993355830526e-10,1.65183258302713e-10
"RETREG2",-0.0347438907249923,1.00044456777212e-10,1.57441487160768e-10
"TM9SF4",-0.0347868352482177,9.48860631626794e-11,1.49407557730726e-10
"NSUN2",-0.0347868609934456,9.48830501012888e-11,1.49407557730726e-10
"WASHC1",-0.0347877572481727,9.47782163093600e-11,1.49321654258548e-10
"DEDD2",-0.0348194987794627,9.11375961814319e-11,1.43626290495148e-10
"RNFT1",-0.0348603584035206,8.66519042211617e-11,1.36672465875426e-10
"CYP20A1",-0.0348720520414632,8.54083690505771e-11,1.34749014684525e-10
"PFDN6",-0.0348884625467746,8.36926091670066e-11,1.3207924014979e-10
"FAM168B",-0.0348995622351662,8.25512632342447e-11,1.3031472652527e-10
"CCDC115",-0.0349392086579571,7.85974657967251e-11,1.2410825537471e-10
"GTF2B",-0.0349646130230093,7.61619641924892e-11,1.20330320646944e-10
"SUMF2",-0.0349658077896403,7.60492581771376e-11,1.20186137288404e-10
"MRFAP1L1",-0.0349828024932879,7.44636454986432e-11,1.17713475140873e-10
"SHARPIN",-0.0349969643916541,7.31670678236309e-11,1.15696458262875e-10
"ZNF770",-0.0350044242927287,7.2492988880167e-11,1.1466291551918e-10
"H2AFY",-0.0350060001694978,7.23513710816426e-11,1.14471226296309e-10
"CHCHD3",-0.0350079737282117,7.21743967043907e-11,1.14223473349733e-10
"NSD3",-0.0350518507697745,6.83473675585993e-11,1.08197358135139e-10
"SYTL1",-0.0350521234457956,6.83242162198774e-11,1.08191270894657e-10
"AC016831.5",-0.0351122333534386,6.34034700155051e-11,1.00427655728347e-10
"HEXIM1",-0.0351169572018438,6.30317995125618e-11,9.98671768358486e-11
"RUFY1",-0.035118528018437,6.29086810386828e-11,9.97002965330256e-11
"CMTM3",-0.035139026499837,6.13234390078339e-11,9.72154320226029e-11
"TBRG1",-0.035148805750167,6.05809962543779e-11,9.60656205459914e-11
"RRAGC",-0.0351488891014808,6.057470614637e-11,9.60656205459914e-11
"GSK3A",-0.0351531011965098,6.02576707435043e-11,9.56070177934875e-11
"ABCE1",-0.035194411701313,5.72330875910035e-11,9.08338212574296e-11
"MTMR14",-0.0352076739001132,5.62939575857747e-11,8.93686510795131e-11
"C21orf91",-0.0352223397681458,5.52729773000082e-11,8.77726735021949e-11
"MRPL14",-0.0352254932904909,5.50558192306014e-11,8.74526108186764e-11
"RNF181",-0.0352349241945502,5.44113555113506e-11,8.64534267892285e-11
"R3HCC1L",-0.0353023589534507,5.00133941596668e-11,7.95106555661766e-11
"SCYL2",-0.0353038978328316,4.99172037336814e-11,7.93802524754684e-11
"SCAPER",-0.0353056878695913,4.98055419442748e-11,7.92251652159285e-11
"CEP290",-0.0353213490840873,4.8838965631872e-11,7.77097000002869e-11
"KIAA1191",-0.0353588087520655,4.66008661332547e-11,7.41696261887985e-11
"PIEZO1",-0.0353660775881443,4.61783512599626e-11,7.35180342218269e-11
"RPL22L1",-0.0353932750688005,4.46304358306185e-11,7.1073873939979e-11
"TSFM",-0.0354552221851425,4.1291821394156e-11,6.57758291906908e-11
"CAPN1",-0.0354765864799955,4.01980791201589e-11,6.40517587117914e-11
"CSK",-0.0354808603427549,3.99827070347452e-11,6.3726703703843e-11
"CHM",-0.0355559353470726,3.63784862966503e-11,5.80150931150906e-11
"KIF3A",-0.0355615793302318,3.61207606632399e-11,5.76204790084818e-11
"SSU72",-0.035568619177487,3.58017977330254e-11,5.71279255398275e-11
"SDHAF2",-0.0355768733565286,3.54313248635988e-11,5.6552875116949e-11
"FASTKD2",-0.0356929327874341,3.06028827961254e-11,4.88739114247611e-11
"GATAD1",-0.0357075888063946,3.00409442504472e-11,4.79901515334965e-11
"DCP2",-0.0357861801369106,2.71956073051873e-11,4.34571381061505e-11
"SEC23IP",-0.0358265926710379,2.5836973970993e-11,4.12978899410852e-11
"STMP1",-0.0358394111703875,2.54200757169407e-11,4.065471013634e-11
"SLC38A2",-0.035889685108575,2.38476350596768e-11,3.81507698756577e-11
"PIBF1",-0.0359004448003931,2.35236832605549e-11,3.76432669880496e-11
"ELOB",-0.0359228553618635,2.28627176024064e-11,3.65960209779736e-11
"TRIM8",-0.0359284291704758,2.27011706903975e-11,3.63478172997108e-11
"CCNB1IP1",-0.0359344243778402,2.25286576347492e-11,3.60819083695726e-11
"RHOG",-0.0359429584401322,2.22853004104147e-11,3.57023509147981e-11
"UQCRC2",-0.0359516571013012,2.20398983286479e-11,3.53192994663262e-11
"DDX10",-0.0359556005821787,2.19295203088053e-11,3.51524690533595e-11
"KMT2B",-0.0359614385780864,2.17671077532018e-11,3.49021092557777e-11
"SZT2",-0.0359642947313409,2.1688079377216e-11,3.47853454006635e-11
"SF3A2",-0.0359931684020887,2.09047680190723e-11,3.35482015976178e-11
"ZMPSTE24",-0.0360052540647114,2.05851823275365e-11,3.30447899637682e-11
"ATF6",-0.0360173093796702,2.02711660219045e-11,3.2550032775574e-11
"C2orf49",-0.0360285793815735,1.99818497170662e-11,3.20946648937916e-11
"PGPEP1",-0.0360344241853524,1.9833401619999e-11,3.18653620064433e-11
"TBC1D9B",-0.0360387859054808,1.97233254101992e-11,3.16975955258836e-11
"ZNF195",-0.0360453886025729,1.95578310905906e-11,3.14406441284194e-11
"SDAD1",-0.0360464068550737,1.9532430243139e-11,3.14088203967148e-11
"FKBP5",-0.0360675989158911,1.9011054718702e-11,3.05792051215861e-11
"TRIAP1",-0.0360762722683076,1.88016212939716e-11,3.02510151396545e-11
"EIF2A",-0.0360894395352094,1.84879854041664e-11,2.97549311329548e-11
"TSR2",-0.0361236771080356,1.76962499398989e-11,2.8488878099165e-11
"DHX15",-0.0361519168451681,1.70682807237891e-11,2.74858175793431e-11
"CD48",-0.0361746526675531,1.65786054053746e-11,2.67049452979935e-11
"DENND11",-0.0361814508955792,1.64348784056881e-11,2.6481040421356e-11
"RNF113A",-0.036181887456745,1.64256905114071e-11,2.64738480373671e-11
"H1FX",-0.0361928330057436,1.61969667174727e-11,2.61127161923813e-11
"EXOC6",-0.0362011441480598,1.60253788505967e-11,2.5843517432732e-11
"FAM122B",-0.0362087940429359,1.58690168029928e-11,2.55987248600955e-11
"DCAF7",-0.0362313438987627,1.54167449288357e-11,2.48834788540309e-11
"DHX29",-0.036266388871807,1.4738804629171e-11,2.37960994358612e-11
"PRPF31",-0.0362806406470662,1.44715351556586e-11,2.33713207528273e-11
"KXD1",-0.036281847681435,1.44491184052367e-11,2.33418447803248e-11
"ZNF26",-0.036281913785313,1.44478917226805e-11,2.33418447803248e-11
"ZNF33A",-0.0362915845548938,1.42695268608465e-11,2.30650212080138e-11
"CDKAL1",-0.036292153389731,1.42591028577565e-11,2.30548218161764e-11
"MRPS6",-0.0363049802303386,1.40260188134227e-11,2.26845048861244e-11
"IMMT",-0.0363647754064282,1.29877722761699e-11,2.10174634235218e-11
"DBNL",-0.0363659791944724,1.29676632067008e-11,2.09909834229784e-11
"PSMC6",-0.0363751778786921,1.28150043452249e-11,2.07558625290867e-11
"PLIN2",-0.0363825322968229,1.26942198937054e-11,2.0566177590149e-11
"SEL1L3",-0.0363889240824621,1.25901513124818e-11,2.0403472514502e-11
"NT5C3A",-0.0364134347387611,1.21987684825795e-11,1.97806419491828e-11
"RALY",-0.0364431184211713,1.17407150513147e-11,1.90434058314233e-11
"MRPS35",-0.0364470137765708,1.16818699448015e-11,1.8953445040726e-11
"AP3S1",-0.0364606080940599,1.14787622353992e-11,1.8629303089249e-11
"MKNK2",-0.0364678252375319,1.13723433901091e-11,1.84619386900844e-11
"SSR1",-0.0364681877556186,1.13670235246999e-11,1.84586496182029e-11
"ATG4B",-0.0364712617954177,1.13220105991286e-11,1.8390883303628e-11
"MDN1",-0.0364731990476179,1.12937333034711e-11,1.83502700587567e-11
"FUBP3",-0.0364819732340178,1.1166523838716e-11,1.81488397889107e-11
"PEX1",-0.0364918558883493,1.10249239818554e-11,1.79238973003532e-11
"PPAN",-0.0365043680960507,1.08481686485221e-11,1.76416532519786e-11
"CLDND1",-0.0365273844718286,1.0530245722392e-11,1.71296072651044e-11
"PMF1",-0.036532891390894,1.04555429067316e-11,1.70130262628699e-11
"RAB5B",-0.0365380959672812,1.03854187484922e-11,1.69038299931892e-11
"KDELR2",-0.0365442992218721,1.0302440491668e-11,1.67736422182764e-11
"OSBPL11",-0.0365478958236399,1.02546281143371e-11,1.67006497973685e-11
"RBM10",-0.0365672934749824,1.00004839125757e-11,1.62962232759739e-11
"TMEM183A",-0.0365955883109041,9.64080036607943e-12,1.57146728480248e-11
"TERF2",-0.0365958675480723,9.6373146400049e-12,1.57135616068046e-11
"MFSD8",-0.0366005689004916,9.57881256440276e-12,1.56227199100445e-11
"ANKRD36",-0.0366651539548795,8.80950441459423e-12,1.4372187114814e-11
"PSMA3",-0.036674432855176,8.70407354929777e-12,1.42043180460876e-11
"LSM3",-0.0367100205833739,8.31105251870252e-12,1.35668914403754e-11
"INSIG2",-0.0367226582309633,8.17571302856498e-12,1.33498530920974e-11
"DPYD",-0.0367332016714873,8.06445514639851e-12,1.31720217547121e-11
"NUDC",-0.0367900854326982,7.48931368907456e-12,1.2236184814453e-11
"MRPS22",-0.0367929295384065,7.46163772185862e-12,1.21945225410603e-11
"DDX54",-0.0367999587523643,7.39366570296431e-12,1.20869610850093e-11
"GARS",-0.0368071947464955,7.32432796637312e-12,1.19771035668383e-11
"DESI2",-0.036812871793493,7.27037500723859e-12,1.18923472097388e-11
"TDP2",-0.0368191652980647,7.21101854016691e-12,1.17987001165242e-11
"TRIP4",-0.0368490279972193,6.93578231011814e-12,1.13549880414555e-11
"PSMA1",-0.0368537249455727,6.89343930780863e-12,1.1288963729094e-11
"UPP1",-0.036870280017365,6.74620552758332e-12,1.10510773974209e-11
"THOC7",-0.0368710866024914,6.7391113815717e-12,1.10426842638385e-11
"C6orf226",-0.0368756870404522,6.6987887578917e-12,1.09798222284952e-11
"EXOSC10",-0.0368777861379947,6.68046890834858e-12,1.09529981750689e-11
"NDUFB2",-0.0368990660469712,6.49749863416156e-12,1.06561259425933e-11
"AC058791.1",-0.0369027581026757,6.4662572540317e-12,1.06079934577265e-11
"PDPK1",-0.0369070396051037,6.43021241361977e-12,1.05519503267717e-11
"POGZ",-0.0369214610097446,6.31024506822527e-12,1.03581175636598e-11
"SLC35B1",-0.0369279881004451,6.25667183388699e-12,1.02731875057435e-11
"SOCS4",-0.0369357097209167,6.1938694830785e-12,1.01730494089015e-11
"SNTB2",-0.0369373230945537,6.18082565323201e-12,1.01546018647646e-11
"TNIP1",-0.0369812974267277,5.83548711167369e-12,9.5900497870438e-12
"HDLBP",-0.0370022820282631,5.67742754071289e-12,9.333031369362e-12
"UBE2W",-0.0370140228213239,5.59083249529155e-12,9.19337596937025e-12
"YLPM1",-0.0370311318056542,5.46695714063409e-12,8.9923181145035e-12
"SEC61B",-0.0370409182289513,5.39731353159755e-12,8.88037141252868e-12
"FAM217B",-0.0370648386153108,5.23072732108142e-12,8.60880937073136e-12
"HDGF",-0.037122199877792,4.85151423798948e-12,7.98704047875823e-12
"CLSTN3",-0.0371531050357011,4.6585114403265e-12,7.67155395580068e-12
"BLOC1S4",-0.0371570390074815,4.63449031507205e-12,7.63423977826684e-12
"RAC1",-0.0371654105698966,4.58377631870078e-12,7.55292046162868e-12
"ABR",-0.0371671505953742,4.57330392722606e-12,7.53788094358084e-12
"USP48",-0.0371857411894321,4.46286956752391e-12,7.35802325872434e-12
"ATF7",-0.0372178610603447,4.2781949638266e-12,7.057699316245e-12
"PUS7L",-0.0372219364763172,4.25530550103954e-12,7.02200589747514e-12
"EIF3M",-0.0372425089955903,4.14158064552659e-12,6.83635285347011e-12
"CBFA2T2",-0.0372535563216038,4.08174621385476e-12,6.73957153283502e-12
"CRTC2",-0.0372549655257253,4.07417490481079e-12,6.72905280476265e-12
"CWC27",-0.0372588211305383,4.05352998060278e-12,6.69692865899115e-12
"RIOK1",-0.0372687800818597,4.00067794893987e-12,6.6115597835031e-12
"PTGES3",-0.0372919577191476,3.88027643506568e-12,6.41447467318822e-12
"OSBPL2",-0.0373002484551308,3.83807686599956e-12,6.34658682710579e-12
"TBC1D1",-0.0373083020853052,3.79751511107281e-12,6.28136797002717e-12
"POLDIP3",-0.0373103936536915,3.78704995073094e-12,6.26590727011993e-12
"NOTCH2",-0.0373199895380307,3.7393982581001e-12,6.18889186012787e-12
"TUBGCP3",-0.0373432600221246,3.62626848428566e-12,6.00342941977454e-12
"FAF2",-0.037369082166886,3.504659586477e-12,5.8038156981729e-12
"TRRAP",-0.0373754077597119,3.47548447650933e-12,5.7572021892871e-12
"PHF10",-0.0373773795888875,3.46643872219969e-12,5.7439156118294e-12
"GAR1",-0.0373823616519433,3.44368625562817e-12,5.70790232964811e-12
"DELE1",-0.0374010603815481,3.35959016893256e-12,5.57016074162665e-12
"RRN3",-0.0374030060784105,3.35095608620704e-12,5.55748976238657e-12
"RAD23A",-0.0374145304644147,3.30026059298508e-12,5.47503267113333e-12
"CAPZA2",-0.0374173565778747,3.28794386290842e-12,5.45621480833248e-12
"NAPA",-0.0374222212451693,3.2668482128363e-12,5.42281320637873e-12
"MAML1",-0.0374336407453708,3.21784754605871e-12,5.34305708092238e-12
"ARID5A",-0.0374483148958195,3.1559381696118e-12,5.24181313055854e-12
"BNIP3L",-0.0374742346048876,3.04942542674745e-12,5.06640382196641e-12
"SEC61A1",-0.0375100708249359,2.90794783913425e-12,4.83278164012702e-12
"NDUFAF8",-0.0375133492824892,2.89533092143169e-12,4.81324072491936e-12
"VPS37A",-0.0375189332674244,2.87396480761459e-12,4.7791391044131e-12
"MRPL44",-0.0375262824749557,2.84607989778102e-12,4.73417386380672e-12
"ZNF638",-0.0375651095316902,2.70310550734387e-12,4.49768505438096e-12
"RPS17",-0.0376085387110027,2.55152170925448e-12,4.246726361349e-12
"PA2G4",-0.0376085785388592,2.55138659633232e-12,4.246726361349e-12
"CBL",-0.0376584956655542,2.38744657543418e-12,3.977185079885e-12
"CARD8-AS1",-0.0376851409068033,2.30421317496786e-12,3.83967012563778e-12
"CD6",-0.037700141103908,2.25861521055917e-12,3.76480655561379e-12
"TNFRSF14",-0.0377072189676453,2.23740821337351e-12,3.73167727016225e-12
"ACSL4",-0.0377206314022514,2.1977556457806e-12,3.66663371210315e-12
"BBC3",-0.0377225319938171,2.1921927780973e-12,3.65844202753344e-12
"VPS13D",-0.0377481415184355,2.11856918571844e-12,3.53662845301344e-12
"MCFD2",-0.0377502942978087,2.11249194439282e-12,3.52753422418873e-12
"PCNX4",-0.0377595881026158,2.08645143052921e-12,3.48508906607621e-12
"DOCK8",-0.0378195547540732,1.92584005228656e-12,3.21777210882942e-12
"DYRK2",-0.0378200930290416,1.92445476439889e-12,3.21641649260106e-12
"AP2A1",-0.0378559950938839,1.83423200719336e-12,3.0665382363698e-12
"COMMD1",-0.0378711932303583,1.79730088251831e-12,3.00569207568863e-12
"RABIF",-0.0378808594628647,1.77419268988655e-12,2.9679330848132e-12
"YTHDF1",-0.0378984678093774,1.73284465990791e-12,2.89963018038934e-12
"CCT7",-0.0379021942371622,1.72421620701614e-12,2.88605365117038e-12
"ARMCX3",-0.037943250014606,1.63189882461384e-12,2.73234568662562e-12
"UBP1",-0.0379615286716027,1.59237449833003e-12,2.66696553754976e-12
"FNDC3A",-0.037973812131889,1.56634290787628e-12,2.62415116763488e-12
"PPP1R7",-0.0379755433680625,1.56270773392011e-12,2.6188439416532e-12
"RIC8A",-0.0380532389313983,1.40781528674695e-12,2.3620948703383e-12
"TUSC2",-0.0380724575126782,1.37188791733321e-12,2.30250371031305e-12
"WDR45",-0.0380746292455466,1.36788507525798e-12,2.2964733258675e-12
"ALG13",-0.0380781989715505,1.36133039816267e-12,2.28683919403585e-12
"ABHD16A",-0.0380809434859716,1.35631192560962e-12,2.27909206330324e-12
"PSMD8",-0.0381464704234878,1.2417404830687e-12,2.08782288242334e-12
"ZC3H4",-0.0381491454566623,1.23727083822621e-12,2.08093210606833e-12
"HIGD2A",-0.0381669131256291,1.20798136118485e-12,2.03228086102669e-12
"CHORDC1",-0.0381715915451507,1.20038297000884e-12,2.02010395313199e-12
"TCERG1",-0.0382167901127394,1.12934806844928e-12,1.90113144355356e-12
"ACADVL",-0.0382257077545863,1.11582832187539e-12,1.87893687373489e-12
"SND1",-0.0382271910178308,1.1135950526913e-12,1.87573990841059e-12
"SIRT1",-0.0382552062053526,1.07222851300184e-12,1.80660510729474e-12
"RPS6KB2",-0.0382740124359812,1.04530950994851e-12,1.76177879511322e-12
"BFAR",-0.0382875321066213,1.02636850586878e-12,1.73089651125148e-12
"GBF1",-0.0382902438429355,1.0226101305439e-12,1.72507741468031e-12
"NBR1",-0.0383066160394414,1.00020406681081e-12,1.68778789232394e-12
"NOP56",-0.0383181133215001,9.84758216009853e-13,1.66222441039735e-12
"CENPB",-0.0383290103375861,9.70334968701716e-13,1.63837214962471e-12
"ZBTB4",-0.0383332595352779,9.64767106563863e-13,1.62946198468472e-12
"KPNA5",-0.0383440585182159,9.50757557867818e-13,1.60628439984662e-12
"MRPL9",-0.0383540562637802,9.37965544331355e-13,1.58562863059816e-12
"ZKSCAN1",-0.0384027812763905,8.78000470603579e-13,1.48470568414679e-12
"PDHB",-0.0384051456948218,8.75188383591971e-13,1.48039713300616e-12
"CDC27",-0.038410275865435,8.69117251093991e-13,1.47057158065541e-12
"SDCBP",-0.0384320355564442,8.43822677012975e-13,1.4282036490428e-12
"SERF2",-0.0384336511427706,8.41973719388799e-13,1.42550475028847e-12
"RAB10",-0.0384357599817058,8.39566240423137e-13,1.42185832920256e-12
"ERICH1",-0.0384545435832621,8.18418585639842e-13,1.38646244072723e-12
"ZC3HAV1",-0.0384610687233367,8.11195274946957e-13,1.37464116141601e-12
"AMZ2",-0.0384822924498191,7.88130742937735e-13,1.33596027931732e-12
"ATP6V1E1",-0.0385286670280267,7.39950663143138e-13,1.25466974773196e-12
"MANF",-0.038530587361605,7.38019182275026e-13,1.2517734556505e-12
"MED19",-0.0385600448878525,7.09003496238855e-13,1.20292327972224e-12
"CAPN7",-0.0385607921244898,7.08282223420408e-13,1.20206347063839e-12
"KDM3B",-0.0385617999328919,7.07310573438729e-13,1.2007780834749e-12
"FLII",-0.0385690153542987,7.0039214352362e-13,1.1893932037292e-12
"HACD4",-0.03858356422594,6.86643506476089e-13,1.16675264108308e-12
"RAB11FIP2",-0.0385837166866986,6.86500843506596e-13,1.16675264108308e-12
"SAP30",-0.0385944104247192,6.76566590047308e-13,1.15032741827218e-12
"TOX",-0.0385956676727783,6.75407944805895e-13,1.14870595529355e-12
"FOXP1",-0.0385960647844714,6.75042382517217e-13,1.14843276005661e-12
"MRPL55",-0.0386029793500947,6.68708204568739e-13,1.13800205842794e-12
"SMC6",-0.0386272193470375,6.46960225789826e-13,1.10132597367138e-12
"KATNBL1",-0.0386501476843769,6.27028779422551e-13,1.06772083861561e-12
"AP2B1",-0.0386714241913806,6.09073160018506e-13,1.03746078685219e-12
"IPO9",-0.0386759769858382,6.0529705182827e-13,1.03134225553227e-12
"GTPBP6",-0.0387336056483902,5.59440999396498e-13,9.53499805540746e-13
"RNPC3",-0.0387675443942218,5.34049748891537e-13,9.10500393303368e-13
"RABGGTB",-0.0388203380128461,4.96784637723689e-13,8.4722492690309e-13
"LTN1",-0.0388239099800195,4.94357640711375e-13,8.43342532282053e-13
"ZC3H14",-0.0388947940097012,4.48533206267635e-13,7.65401975616269e-13
"HMGN4",-0.03890379517142,4.43021292648363e-13,7.56226416083285e-13
"HSPA14.1",-0.0389168077760451,4.35170339581192e-13,7.43051365939366e-13
"DUSP22",-0.0389465269824898,4.17748432369831e-13,7.1352094331013e-13
"GBP1",-0.0389863312771571,3.95483454402605e-13,6.75904019052211e-13
"PNPLA2",-0.0389895692961771,3.93724361776226e-13,6.73102905245262e-13
"TRAPPC8",-0.0389943705653871,3.91130148728066e-13,6.68871941859042e-13
"CSNK2B",-0.0390091460181094,3.83251559663118e-13,6.55598821841304e-13
"R3HDM1",-0.0390179078519364,3.78653390399936e-13,6.47930870168318e-13
"ANAPC7",-0.0390370437384635,3.68798508732352e-13,6.31260489595632e-13
"C18orf32",-0.0390450168564132,3.64767130299373e-13,6.24550870210109e-13
"UBE2M",-0.0390506003152508,3.61969810056098e-13,6.19950738250115e-13
"PSMD11",-0.0390619612141384,3.56342869121175e-13,6.10499981215244e-13
"EEF1AKMT2",-0.0390745267969028,3.50219281428204e-13,6.00192309823748e-13
"TPGS1",-0.0390764072352588,3.49311821525822e-13,5.98820265472838e-13
"TAF7",-0.0390877179882346,3.43902005988274e-13,5.8972669570327e-13
"DLG1",-0.0390968747119675,3.39582780927676e-13,5.8249828721111e-13
"UBE4B",-0.0391117359906659,3.32685854026745e-13,5.70842475800942e-13
"ZNF24",-0.0391140205254844,3.31637902409232e-13,5.69218623308219e-13
"SH3BP1",-0.0391200737978723,3.28876822056538e-13,5.64652484927953e-13
"AGAP2",-0.0391283146247968,3.25154189774328e-13,5.58432142045765e-13
"SDF2L1",-0.0391411865940692,3.19422177786542e-13,5.48755942463453e-13
"SNW1",-0.0391610897485725,3.10753922191977e-13,5.34027899406267e-13
"XPOT",-0.0391792806598558,3.03033704878429e-13,5.20920515993471e-13
"USO1",-0.0391903319396832,2.98435857007621e-13,5.13174146262874e-13
"TOR1AIP1",-0.0392055697189787,2.92208417824341e-13,5.02620004139843e-13
"RER1",-0.0392081115942303,2.91182089191506e-13,5.01008421194104e-13
"SNX10",-0.0392199576732967,2.86445526138879e-13,4.93010051745171e-13
"ZPR1",-0.039229585586491,2.826516963078e-13,4.86629832905963e-13
"NDUFA6",-0.0392307852742225,2.82182437148736e-13,4.85971228574529e-13
"SPPL3",-0.0392426120964057,2.77597124672741e-13,4.78221422276681e-13
"NUP88",-0.0392625565205661,2.70029797991188e-13,4.65328102073375e-13
"TBC1D14",-0.0392864414319747,2.61233649938401e-13,4.50308635575146e-13
"TMEM33",-0.0393065004362618,2.54064398700368e-13,4.38085197020573e-13
"RRP8",-0.0393172438803688,2.50304444510859e-13,4.31734720541353e-13
"AGFG1",-0.0393213259773257,2.48890181430277e-13,4.29427517467756e-13
"VPS4A",-0.0393558305589813,2.37245287255417e-13,4.09461838552311e-13
"ATP6AP2",-0.0393605734487977,2.35687045374305e-13,4.06897782587063e-13
"RREB1",-0.0394066887676825,2.21050800208854e-13,3.81746898111068e-13
"TMEM209",-0.0394255553891174,2.1532360910322e-13,3.71970870966229e-13
"COPS5",-0.0394268644424091,2.14931682882003e-13,3.71408310475098e-13
"SPSB3",-0.0394306900696486,2.13790314893123e-13,3.69549945916429e-13
"TMEM131L",-0.0394733761580899,2.01451980817284e-13,3.48544890552658e-13
"IARS2",-0.0394957560854903,1.95265437106598e-13,3.37945493991777e-13
"DNAJC9",-0.0395258607004554,1.87237081926532e-13,3.2415094442888e-13
"SLC30A7",-0.0395315689800929,1.85751787624255e-13,3.21678930113203e-13
"AFTPH",-0.0395395741541505,1.83688323071324e-13,3.18203821481206e-13
"UBE2Z",-0.0395428047227472,1.82861983920761e-13,3.16870302378462e-13
"YRDC",-0.0395460479049477,1.82036092137203e-13,3.15536733788088e-13
"DENND2D",-0.0395489762850183,1.81293515232738e-13,3.14346800545873e-13
"MRPS10",-0.0395617839610752,1.78080571887961e-13,3.08871409736964e-13
"OSBP",-0.0395903018505089,1.71126167366244e-13,2.96901251368555e-13
"GLIPR1",-0.0396039691991302,1.67888507410304e-13,2.91374170184993e-13
"METTL14",-0.0396499146106338,1.57439556180382e-13,2.73324433963711e-13
"DCTN5",-0.039651109148693,1.57176596195607e-13,2.7295247755816e-13
"RPN2",-0.0396572061517926,1.55841138321523e-13,2.70717216104716e-13
"SSR3",-0.0396582224888311,1.55619611542942e-13,2.70416218011364e-13
"YY1AP1",-0.039684800511294,1.49935099235411e-13,2.60619198546912e-13
"CCDC47",-0.0396937749296925,1.48062119447053e-13,2.57443412156774e-13
"ATP6V1G1",-0.039713694424141,1.43986637292818e-13,2.50434858904082e-13
"SAFB2",-0.0397144985780631,1.43824445066365e-13,2.50230422276283e-13
"ARHGEF9",-0.039725672129812,1.4158930812504e-13,2.46418162339356e-13
"CDK5RAP1",-0.0397508235703541,1.36682196454439e-13,2.38025801407916e-13
"METTL16",-0.0397527203396775,1.36318983418581e-13,2.37467075871224e-13
"MAX",-0.0397660601096445,1.33791199472099e-13,2.33136157289068e-13
"LEO1",-0.0397888409071335,1.29580487204965e-13,2.25939343589492e-13
"PDCD10",-0.0397990817509571,1.27730300437477e-13,2.22782634189736e-13
"ZMYND8",-0.0398024210115726,1.27132636064724e-13,2.21809244242438e-13
"KDM5C",-0.0398511700045214,1.18714093880849e-13,2.07185855530451e-13
"DUSP12",-0.0398561264310351,1.17889483654853e-13,2.05810799502117e-13
"ANO6",-0.0398757640033088,1.14677315158112e-13,2.00265401728282e-13
"NAA35",-0.0398779975441167,1.14317462222279e-13,1.99699207697522e-13
"ARHGAP45",-0.0398911099924975,1.1222714515586e-13,1.96108799954299e-13
"CEP85L",-0.0399030108667903,1.10362514949029e-13,1.92910646841659e-13
"FAM192A",-0.0399087067301484,1.09480892634216e-13,1.91429304936706e-13
"REV3L",-0.0399110444514749,1.09121059899094e-13,1.90859681546355e-13
"ANKRD13A",-0.0399175489347628,1.08125964896492e-13,1.89178241423646e-13
"IFI30",-0.0399181413237663,1.08035781997768e-13,1.89079488543252e-13
"TCP1",-0.0399271450903738,1.06674150612206e-13,1.86754745401687e-13
"UBAP2L",-0.0399306186651199,1.06153365709383e-13,1.85901081698556e-13
"PARP12",-0.0399475505547825,1.0365036784556e-13,1.81574448704758e-13
"CBX6",-0.0399493623211609,1.03385999246753e-13,1.811679611566e-13
"TNIP2",-0.0399646312419926,1.01184162212134e-13,1.77420539748685e-13
"AIF1",-0.0399720078855042,1.00136997582061e-13,1.75639353505437e-13
"RNF13",-0.0399825935383825,9.86528771433282e-14,1.73090395588983e-13
"ZDHHC17",-0.0399992775836212,9.63575317296565e-14,1.69169050066728e-13
"BCL2L13",-0.040005418274235,9.55259951782858e-14,1.67761728918556e-13
"VPS33A",-0.0400808874615807,8.58647673099711e-14,1.50936686325307e-13
"KMT5B",-0.0400867418651292,8.51567933230782e-14,1.497391496023e-13
"TNPO3",-0.0400932678750979,8.43743633195109e-14,1.48409897062944e-13
"ACTR6",-0.0401424039891624,7.87058294576351e-14,1.38482721595161e-13
"ATAD2",-0.040143606294543,7.85719265600315e-14,1.38290539083674e-13
"GOSR1",-0.0401599997981498,7.67683414618824e-14,1.35158587983785e-13
"SPCS2",-0.0402043523012,7.2090257749588e-14,1.26962226407508e-13
"SIAH2",-0.0402052785245683,7.19956136843521e-14,1.26835403674036e-13
"CPEB4",-0.0402162738664214,7.088136792491e-14,1.24911693663898e-13
"NMD3",-0.0402179035099173,7.07176720764545e-14,1.24662420357487e-13
"PRKAG1",-0.0402253257928059,6.99768005741906e-14,1.23395214102506e-13
"MMADHC",-0.0402324389876213,6.92739434583775e-14,1.22194264759442e-13
"WDR60",-0.0402343299349333,6.90882689290402e-14,1.2190511935716e-13
"PDCD7",-0.0402573361656649,6.68680676057089e-14,1.18024771925163e-13
"RWDD3",-0.0402697064152381,6.57034356590566e-14,1.16005687912209e-13
"RPL7A",-0.0402717016538186,6.55174651992509e-14,1.15713796084652e-13
"CLK4",-0.0402882346800944,6.39962470920593e-14,1.13062726577522e-13
"ATP6V0B",-0.0402915871282057,6.36920467482221e-14,1.12560778926848e-13
"NFU1",-0.040308539718872,6.21754082588641e-14,1.09915138133336e-13
"SART1",-0.0403097146723852,6.20716183961869e-14,1.09766282578804e-13
"PRKCSH",-0.0403108695015414,6.19697722033799e-14,1.09620771284009e-13
"NPM1",-0.0403327345065375,6.00721726880343e-14,1.06297586278416e-13
"TRIM21",-0.0403367133901258,5.97330539740715e-14,1.0573090160161e-13
"PDIA4",-0.040405614976154,5.41504309877313e-14,9.58796256730636e-14
"POLR2J",-0.0404062278551809,5.41031511106355e-14,9.58261879974719e-14
"LRRC59",-0.0404177192134456,5.32241401487231e-14,9.42991088818984e-14
"CTDNEP1",-0.040423919208472,5.2755729642644e-14,9.34987694235853e-14
"FBXO21",-0.0404643406909149,4.9799702770828e-14,8.83156754201647e-14
"ANKRD13D",-0.0404844059335079,4.83934325708623e-14,8.58489383118431e-14
"EIF5A",-0.0405194345691446,4.60314385460829e-14,8.16846680216113e-14
"COP1",-0.0405195244406521,4.60255267259321e-14,8.16846680216113e-14
"CD226",-0.0405321207633459,4.52042730969408e-14,8.02676636360127e-14
"MARS",-0.0405551124606765,4.37422490453411e-14,7.76962166878262e-14
"IER3IP1",-0.0405590775120089,4.34948587320466e-14,7.72812898967626e-14
"TOMM70",-0.0406208885710648,3.98115595604841e-14,7.07592704652562e-14
"RAB5A",-0.0406530478711775,3.80183151085652e-14,6.76149279176132e-14
"APH1A",-0.0406570730055201,3.77995380298982e-14,6.72471781331903e-14
"KATNA1",-0.0407022517994764,3.54272949748781e-14,6.3046859650434e-14
"SRA1",-0.0407195819070983,3.45567165445315e-14,6.15366506245803e-14
"PSMC3",-0.0407472570344209,3.32098906322704e-14,5.91570969813234e-14
"TCP11L2",-0.0407490732786752,3.31233298769863e-14,5.90216663372437e-14
"PNO1",-0.0407796995335271,3.16966823488639e-14,5.64975215912957e-14
"DOK2",-0.0408001004268526,3.07800730847857e-14,5.48811738998215e-14
"ITGB2-AS1",-0.0408571231855909,2.83540739246337e-14,5.05716837280864e-14
"CNOT8",-0.0408692800186466,2.78617251058652e-14,4.97251934691939e-14
"SSR2",-0.0408864662320142,2.71800041089633e-14,4.85239703812138e-14
"PSMB2",-0.0408915967529257,2.69796918827587e-14,4.81817059627087e-14
"MCRIP1",-0.0408975057857519,2.67507827290819e-14,4.77881372055387e-14
"DCUN1D5",-0.040897983931108,2.67323436865694e-14,4.77704253888823e-14
"TFDP1",-0.0409092255181302,2.63024106920917e-14,4.70171322228013e-14
"CWC25",-0.0409241386604144,2.5742539687509e-14,4.60310122555203e-14
"RSRC1",-0.0409294795766128,2.55448946244694e-14,4.5692176659919e-14
"SUSD6",-0.0409332913444312,2.5404750444803e-14,4.54560094165633e-14
"SLC25A3",-0.0409394372597785,2.5180379573079e-14,4.50689387184717e-14
"C1orf52",-0.0409476793676918,2.48825393413845e-14,4.45500800220827e-14
"LRPPRC",-0.0409679706038999,2.41639734725277e-14,4.32773753084196e-14
"NRBP1",-0.0410364710473837,2.18857123753287e-14,3.92095691020914e-14
"PYURF",-0.0410494561771968,2.14783129895088e-14,3.84919942415118e-14
"LARP1",-0.041062314152905,2.10822560812578e-14,3.77942940113144e-14
"ARL14EP",-0.0410716237704215,2.0799989644071e-14,3.73121453154206e-14
"EHBP1L1",-0.0411151478188406,1.95288974292333e-14,3.5054433437996e-14
"DICER1",-0.0411177927873289,1.94541651285116e-14,3.49314775328994e-14
"KHSRP",-0.0411460404966845,1.86733786222909e-14,3.35402608331148e-14
"FDPS",-0.0411641899021148,1.81880692978746e-14,3.2679044676271e-14
"TAF2",-0.0411680686845262,1.80859725043262e-14,3.2506026271406e-14
"AP5M1",-0.0411948359846529,1.73966155282738e-14,3.127707199886e-14
"RIF1",-0.0412268634445411,1.6605695151093e-14,2.98646712537629e-14
"ROCK2",-0.0412291914407899,1.65496044437255e-14,2.97733493748436e-14
"PSMA7",-0.0412434343806669,1.62104715216664e-14,2.91726019291646e-14
"GPATCH2L",-0.0412515204532189,1.60209895803677e-14,2.88408691321493e-14
"FBXW11",-0.0412879398429926,1.51942279072488e-14,2.73701231733277e-14
"NPAT",-0.0413091016409207,1.47332651339618e-14,2.65483015468559e-14
"FOXK1",-0.0413343100230338,1.42020881828926e-14,2.55993895712224e-14
"IFITM1",-0.0413373546994507,1.41392217364681e-14,2.54942723974154e-14
"CYC1",-0.041375060195996,1.33830062767594e-14,2.41462869204636e-14
"DNAJA2",-0.0413789254906261,1.33077710117317e-14,2.4018276569966e-14
"DHX30",-0.0413954448411418,1.29908956612256e-14,2.34539237388879e-14
"LPIN1",-0.0414167560647532,1.25930482090556e-14,2.27429720153231e-14
"EHMT2",-0.0414280062797605,1.23878840897015e-14,2.23796590711435e-14
"UBE2H",-0.0414438686875735,1.21041868702259e-14,2.18741900099149e-14
"SMIM29",-0.0414802470177639,1.14774848808547e-14,2.07483307330032e-14
"PRKAG2",-0.0414962183350151,1.12125321940625e-14,2.02759052647714e-14
"SETD3",-0.0414972718838443,1.11952677360212e-14,2.02512202687743e-14
"PLEKHB2",-0.0415104392287229,1.09816888895607e-14,1.9871289808556e-14
"ANKRD39",-0.0415315647406816,1.06473735591846e-14,1.92725715199194e-14
"UBXN1",-0.0415656557011984,1.01288804673526e-14,1.83399825974294e-14
"RTF2",-0.0415688396406153,1.0081743697157e-14,1.82605338328597e-14
"OXCT1",-0.0415766464674985,9.96707876833726e-15,1.80586839372008e-14
"NRBF2",-0.0415774981949665,9.95464669819315e-15,1.80419922692996e-14
"LAMTOR5",-0.0415977890659756,9.6629458634403e-15,1.75189739950564e-14
"LRRC57",-0.0416299412655643,9.2178635377908e-15,1.67228576451213e-14
"MAP3K5",-0.0416465183738831,8.99633273154712e-15,1.63262463172248e-14
"ICAM3",-0.0416557378737729,8.87540245570137e-15,1.61120036805152e-14
"GID8",-0.0416665197517619,8.73600704993998e-15,1.58692329036835e-14
"GTF3C3",-0.041683738003644,8.51785308096331e-15,1.54779664934236e-14
"CCDC25",-0.0416861754098617,8.48740770875961e-15,1.54276460589974e-14
"SNX2",-0.0417166421386093,8.11576836033671e-15,1.47569000296324e-14
"ZNF264",-0.0417187488957408,8.09067008337711e-15,1.47160386716148e-14
"DENND1C",-0.0417302117616181,7.95544300090553e-15,1.44747735639853e-14
"CCDC97",-0.0417692617942954,7.51125569863828e-15,1.36710220640367e-14
"LAX1",-0.0417770899313508,7.42519503181769e-15,1.35187761398006e-14
"LPXN",-0.0417824484298312,7.36684524119711e-15,1.34168998152969e-14
"SNRPA1",-0.0417866840081768,7.32104270438774e-15,1.33378164224281e-14
"LRRC47",-0.0417961078211426,7.22013895340195e-15,1.31582629901998e-14
"CAMK1D",-0.0418006878756803,7.17159436613217e-15,1.30740451619404e-14
"GHITM",-0.0418568705662395,6.60161983729357e-15,1.2038879781384e-14
"JPX",-0.0419009973532881,6.18543015307498e-15,1.12872518976985e-14
"SSNA1",-0.0419026535248958,6.17032318403707e-15,1.1263352157441e-14
"WDR83OS",-0.0419050164302749,6.14883250732874e-15,1.12277801795602e-14
"INTS1",-0.0419151741057471,6.05728424725995e-15,1.10642180318268e-14
"TMEM43",-0.0419174129314411,6.03728750443215e-15,1.10312876344433e-14
"MTR",-0.0419264136258483,5.95754874479142e-15,1.08891399758027e-14
"TMED9",-0.0419406928329343,5.83316859785248e-15,1.06652779192056e-14
"PHF5A",-0.0419444722290477,5.80067794354963e-15,1.06093339411397e-14
"R3HCC1",-0.0420033614872568,5.31684101902351e-15,9.72757984675407e-15
"GTF2A1",-0.0420048693287583,5.30498911066894e-15,9.70906563559398e-15
"TYW5",-0.0420063525419856,5.29335615835777e-15,9.6909401866831e-15
"VDAC3",-0.0420072901317256,5.2860155289485e-15,9.68066373340765e-15
"NADSYN1",-0.0420710952999524,4.80932137668094e-15,8.81053840958482e-15
"STUB1",-0.0420787647581298,4.75495162166971e-15,8.71378315494998e-15
"PPP3CB",-0.0420918075887755,4.66387548917252e-15,8.54967557779614e-15
"UBR3",-0.0421004017848821,4.60480435025847e-15,8.44415038574884e-15
"PCNP",-0.0421172324819866,4.49124624785636e-15,8.23860686513487e-15
"COMMD4",-0.0421329221117661,4.38787212441085e-15,8.05161603968514e-15
"STX4",-0.0421537000451546,4.2545702483662e-15,7.80956818599547e-15
"MX1",-0.0421690263108078,4.15880656510501e-15,7.63628833251916e-15
"RAB4A",-0.0422003745462113,3.96949326760442e-15,7.29584790805351e-15
"SF3B4",-0.04221759412666,3.86914049690845e-15,7.11373469313482e-15
"TMEM161B",-0.0422200282761499,3.85515768940004e-15,7.0903523765664e-15
"APTX",-0.0422249943488044,3.82678452600634e-15,7.04047947594862e-15
"UBE2J2",-0.0422284324983562,3.80726153754614e-15,7.00686162772038e-15
"KPNA1",-0.0422303779376598,3.79625814232371e-15,6.98890625150528e-15
"UVRAG",-0.0422315944130271,3.78939367899587e-15,6.97856134639924e-15
"SIPA1L1",-0.0422445889176634,3.71682503181576e-15,6.84716879628387e-15
"HEATR1",-0.0422866965995597,3.49094525179346e-15,6.43316579778052e-15
"SIN3A",-0.0423103959488054,3.36981574664859e-15,6.21403338078931e-15
"STXBP2",-0.0423201174963984,3.32133359237382e-15,6.12664695578107e-15
"CHP1",-0.0423342171574822,3.25223546251772e-15,6.00116151858719e-15
"DNAJC13",-0.0423426793384166,3.21144659943643e-15,5.92784807089649e-15
"ZNF708",-0.0423450291741846,3.20020970340529e-15,5.90905277689729e-15
"NDUFA10",-0.0423470484664965,3.19058439689653e-15,5.89322180626505e-15
"FKBP15",-0.0423476241866588,3.1878453527932e-15,5.89010397528952e-15
"TBL1XR1",-0.0423595745878345,3.13151011409794e-15,5.78983262270038e-15
"SECISBP2",-0.0423763462877447,3.0540966584982e-15,5.64856688918282e-15
"LYPLA1",-0.0424047555075154,2.92724448301796e-15,5.41574053576515e-15
"SSRP1",-0.0424231337702586,2.8479609316471e-15,5.27079691576959e-15
"MIGA1",-0.0424277531878977,2.82836769583514e-15,5.23626447554018e-15
"MKRN1",-0.0424310777019068,2.81434897966066e-15,5.21203294184347e-15
"MAPKAPK5",-0.0424616518922525,2.68859094079854e-15,4.98078136602811e-15
"TAGAP",-0.0425166192710185,2.4762636111586e-15,4.58894883496455e-15
"MRPS36",-0.0425368200715882,2.40245570727721e-15,4.45364266741035e-15
"ST3GAL1",-0.0425522348041866,2.34759597270589e-15,4.35338445765845e-15
"THOC1",-0.0425968582987694,2.195644694042e-15,4.07295361317821e-15
"MRPS30",-0.0426019893905985,2.17880573251463e-15,4.04305540563311e-15
"SNX6",-0.0426182715838727,2.12620928159772e-15,3.94807051493494e-15
"PLEKHF2",-0.042650128680962,2.02689189537442e-15,3.76489962932657e-15
"CMTR1",-0.0426572164724652,2.00542427186562e-15,3.72625915767073e-15
"CEP104",-0.0426745157689358,1.95396359148835e-15,3.63184476507486e-15
"SNRPC",-0.0427012760678314,1.87691013809826e-15,3.48978248636452e-15
"ASCC2",-0.0427047543247095,1.86711723647696e-15,3.4727265161689e-15
"RUFY2",-0.0427104464582926,1.85119969549407e-15,3.4442639752818e-15
"PHB",-0.0427155762681456,1.83696917923645e-15,3.41892237809402e-15
"RALGAPA1",-0.0427377103349737,1.77679275606358e-15,3.30802212790043e-15
"FXN",-0.0427511722729977,1.74114738444339e-15,3.24273510881381e-15
"GNL2",-0.0427729205157191,1.68504347578365e-15,3.1392897733682e-15
"UBE3C",-0.0427959080796559,1.6276778240871e-15,3.03342418562824e-15
"RIOK2",-0.0428024502519283,1.61170637138542e-15,3.00465818537721e-15
"MYDGF",-0.0428104823010424,1.59230863124705e-15,2.96948338419583e-15
"VRK3",-0.0428199344072158,1.56977575379591e-15,2.92843652605602e-15
"KLHDC3",-0.0428242300071722,1.5596395483301e-15,2.91049618010052e-15
"HDAC4",-0.0428548827773405,1.48915672542448e-15,2.78081782381832e-15
"SIGIRR",-0.0428550520423618,1.48877636361239e-15,2.78081782381832e-15
"MOB4",-0.0428561318326307,1.48635217744361e-15,2.77743167802401e-15
"UBQLN1",-0.0428861675443357,1.42045686122355e-15,2.655183539125e-15
"EMC4",-0.042891375360154,1.40932788465585e-15,2.63525974828542e-15
"DUSP11",-0.0429341979050976,1.32101511072511e-15,2.47177585325659e-15
"TSEN15",-0.0429505369250061,1.28877573470908e-15,2.41225758761178e-15
"PBDC1",-0.0429560944105679,1.27798759596489e-15,2.39286417901345e-15
"ATG3",-0.0429699483669804,1.25148016691334e-15,2.34401566022137e-15
"ARL8A",-0.0429702508393946,1.25090751511725e-15,2.34372641749149e-15
"DSTYK",-0.0429969329135134,1.20139469040943e-15,2.25171098496804e-15
"CHMP4A",-0.0430083605685006,1.18078405490612e-15,2.21382196175775e-15
"ZNHIT3",-0.0430430977092248,1.12024795896094e-15,2.10102729652513e-15
"SMC4",-0.0430445099654022,1.11785261099617e-15,2.09723670305408e-15
"ARF3",-0.0430621794185654,1.08830628761595e-15,2.04248775478894e-15
"XPA",-0.0431043778518026,1.02082017480446e-15,1.91647445882888e-15
"C19orf12",-0.0431346069719357,9.75027489109971e-16,1.83173115956161e-15
"PMS1",-0.0431503032017376,9.52054379639699e-16,1.78917261686817e-15
"PSMB4",-0.0431548417429789,9.45511700959113e-16,1.77747318757963e-15
"UBE2V2",-0.0431629638076344,9.33913458379714e-16,1.75684827820071e-15
"COG2",-0.043184146680575,9.043198509603e-16,1.70174897407036e-15
"MOGS",-0.0431903431325203,8.95839088564913e-16,1.68635614790654e-15
"NSMAF",-0.0432286942820834,8.45066089961367e-16,1.59131396779016e-15
"MAD2L2",-0.0432313330243296,8.41678825749612e-16,1.58546828218515e-15
"TSPYL1",-0.0432356783080807,8.361300582506e-16,1.57554567802164e-15
"ADRM1",-0.0432434729264857,8.2626677758348e-16,1.55748369376987e-15
"GRSF1",-0.043254861175702,8.12061885087696e-16,1.53122301616132e-15
"DKC1",-0.0432890838068236,7.70807124100198e-16,1.45392228995541e-15
"DENND1B",-0.0432964586195504,7.62191125087943e-16,1.43815456733765e-15
"PI4KA",-0.0433200294250467,7.35284676745489e-16,1.3878529230319e-15
"YTHDC2",-0.0433425902093897,7.1040860189787e-16,1.34135101247832e-15
"IFI27L2",-0.043354625637552,6.9747913093065e-16,1.31738222100956e-15
"TRIM23",-0.0433661379899221,6.85328659684241e-16,1.29486911964615e-15
"ZNF281",-0.0434249197241059,6.26466232904526e-16,1.18405287325361e-15
"MAF1",-0.043431027697472,6.20643368044808e-16,1.17344312905638e-15
"GPKOW",-0.0434426539494541,6.09706786325918e-16,1.15315451588608e-15
"ASAH1",-0.0434686939745046,5.85895713010075e-16,1.10849411738976e-15
"NFATC2IP",-0.0435185175105911,5.42862603317322e-16,1.02742385308689e-15
"VAMP7",-0.0435186050370882,5.42789816774019e-16,1.02742385308689e-15
"AGPS",-0.0435324962396667,5.31359015312298e-16,1.00633184245019e-15
"ZNF91",-0.0435423428827368,5.23400397798604e-16,9.91594262766524e-16
"GPRIN3",-0.0435447951746397,5.21436656295471e-16,9.88207988461218e-16
"FAM193A",-0.043560669940761,5.0889895698322e-16,9.6477325944992e-16
"RINL",-0.0435905897293402,4.86070942330715e-16,9.21807634795712e-16
"POLR2D",-0.043605274773331,4.7523883629645e-16,9.01570222953725e-16
"ZDHHC5",-0.0436122818265772,4.70154412049857e-16,8.92528904175948e-16
"PLEKHJ1",-0.0436302290145654,4.57374854918455e-16,8.68562753969171e-16
"TAF8",-0.0436365129354167,4.52981707552811e-16,8.60511691229137e-16
"KHDC4",-0.0436629356762505,4.3495990200838e-16,8.26556558445222e-16
"SS18",-0.0436718577925578,4.29035565582526e-16,8.15575071073431e-16
"DSTN",-0.0436739190258516,4.27678243206564e-16,8.13270741408071e-16
"LINC00861",-0.0436920445529181,4.15923360528816e-16,7.91186188867442e-16
"NUDT4",-0.0436983335142161,4.11919671931972e-16,7.83836278949667e-16
"CLCN3",-0.0437547123335041,3.77682912446029e-16,7.18931739588161e-16
"RAD17",-0.0437580138414567,3.75767353261093e-16,7.15528456566485e-16
"SMARCAD1",-0.0437658658880989,3.71249919463406e-16,7.07166739861634e-16
"ZNF254",-0.0438062853361247,3.48829306491748e-16,6.64685288534429e-16
"KIF22",-0.0438118574586568,3.45845030618143e-16,6.59222976729276e-16
"GNB2",-0.0438284628940914,3.37100041264851e-16,6.42772586338287e-16
"IKBKG",-0.0438439606526582,3.29135184340203e-16,6.27799037795268e-16
"KIAA2013",-0.0438450832960081,3.28565476102674e-16,6.26925750112151e-16
"TMX3",-0.0438614982083553,3.20345552790906e-16,6.11449754032779e-16
"AIDA",-0.0438672530298234,3.17512027420422e-16,6.06247837023525e-16
"NCOA4",-0.0438782800958711,3.1215142716959e-16,5.96215609358685e-16
"NEDD9",-0.0438838466266983,3.09479343577264e-16,5.91313413367537e-16
"DYM",-0.043884772572326,3.09037057186213e-16,5.90669736859324e-16
"KIN",-0.0438937366613798,3.04787359040028e-16,5.82745943384618e-16
"ZDHHC18",-0.0439334775427219,2.8663031705662e-16,5.48404334853294e-16
"ELP2",-0.0439358333053398,2.85588129670696e-16,5.46596953099242e-16
"NDUFB8",-0.0439435935712587,2.8218134146829e-16,5.40261099278543e-16
"BANP",-0.0439522063494262,2.78447183384361e-16,5.33293921970594e-16
"UBN2",-0.043953459665062,2.77907870738072e-16,5.32442976962787e-16
"POLR2M",-0.0439787707499831,2.6723402002626e-16,5.12168073949097e-16
"DNAJA1",-0.0439792319411251,2.67043329887635e-16,5.11977701228295e-16
"COMT",-0.0440027551538732,2.57492958078137e-16,4.93836597217617e-16
"RRP36",-0.0440132775518371,2.53330631464923e-16,4.86020150198366e-16
"GLUD1",-0.0440239820061215,2.49164349790505e-16,4.78190758981504e-16
"CNOT9",-0.0440290033751936,2.47233325547702e-16,4.74647330034027e-16
"RCOR3",-0.0440439788738206,2.4156150221994e-16,4.63917292131783e-16
"AZI2",-0.0440780969110787,2.29114204464404e-16,4.40163181974124e-16
"WDR45B",-0.0440844802402962,2.26856609289778e-16,4.35975459005458e-16
"ATF2",-0.0440934144800506,2.23733613551274e-16,4.30121156206291e-16
"NR2C1",-0.0441213821991857,2.14228833095293e-16,4.11989835506527e-16
"NSMCE4A",-0.0441272640860804,2.12281134062648e-16,4.08384303222479e-16
"TMED7",-0.0441308210433522,2.11111781454463e-16,4.06413748976576e-16
"HBS1L",-0.0441426853944378,2.07257091104391e-16,3.99130150704126e-16
"TMEM208",-0.0441606884601526,2.01540094818016e-16,3.88253933090464e-16
"ZDHHC24",-0.0441911165363678,1.92228816790075e-16,3.70443703332731e-16
"DNMT1",-0.0441984017055374,1.90063180650115e-16,3.66396306970501e-16
"ATP6V1H",-0.0442045445059067,1.88255836041871e-16,3.63037063034633e-16
"NOL10",-0.0442237020825573,1.82727381851349e-16,3.52497159344221e-16
"ACOT9",-0.0442305341505762,1.80794770142598e-16,3.48889081225593e-16
"ZMYM2",-0.0442450709053751,1.76749506562284e-16,3.41200218661743e-16
"PRPF18",-0.0442764434260525,1.68320843357104e-16,3.25041352919783e-16
"HLTF",-0.0442846054809869,1.66193752162993e-16,3.2104439404392e-16
"COMMD7",-0.044286129022694,1.65799651331173e-16,3.20393533124101e-16
"IBTK",-0.044293222808364,1.6397677061517e-16,3.16980276829049e-16
"GNPTG",-0.0443049491680106,1.6100669515307e-16,3.1145375203238e-16
"CTNNBL1",-0.0443253930234867,1.55954945904293e-16,3.01785744767839e-16
"WDR55",-0.0443776404943814,1.43743529864692e-16,2.7825172413186e-16
"DLD",-0.0443933752475474,1.4025425898556e-16,2.71591177385998e-16
"NKAP",-0.0444152542242253,1.35540876999545e-16,2.62554813240737e-16
"RBM7",-0.0444233104154186,1.33844966014158e-16,2.59359332483866e-16
"CDK6",-0.0444281307686918,1.32840254243123e-16,2.57501482109465e-16
"TRIM52-AS1",-0.0444493719435774,1.28500787598899e-16,2.49175921696966e-16
"PRELID3B",-0.0444574878222328,1.268799183043e-16,2.46118055443856e-16
"TBC1D20",-0.0444739720516356,1.23649558063982e-16,2.39934945772353e-16
"HDDC2",-0.0444809211934811,1.22312181367229e-16,2.37422052089349e-16
"COIL",-0.0445598297363083,1.08091218084805e-16,2.09890223890246e-16
"GLYR1",-0.0445988631718174,1.01672309454915e-16,1.97562975792421e-16
"GMPS",-0.0446196667855128,9.84063140551342e-17,1.91283032939637e-16
"UBLCP1",-0.0446366654041949,9.58146520726979e-17,1.863099619068e-16
"CIRBP",-0.0446439958478299,9.47179095287238e-17,1.84241292953477e-16
"UBE2L6",-0.0446457069925884,9.44636844699392e-17,1.8381058603109e-16
"U2AF2",-0.0446522865146243,9.3492416013698e-17,1.81983848329546e-16
"WSB2",-0.0446596015384484,9.24241303575487e-17,1.79966930689264e-16
"ECPAS",-0.0446854465582972,8.87452318350631e-17,1.72863496421166e-16
"NDUFA9",-0.0447015863982503,8.65214584659044e-17,1.68649131562758e-16
"FBXO34",-0.0447361647744052,8.19405112049841e-17,1.59831056314908e-16
"MORC3",-0.0447494041306773,8.025061147856e-17,1.56589285071675e-16
"CAB39",-0.0448031829122504,7.37324561522167e-17,1.43920823502968e-16
"DNAJC2",-0.0448186336580751,7.19583143810061e-17,1.40506757418522e-16
"RAB35",-0.0448194724375808,7.1863215134345e-17,1.40369974769212e-16
"AC006369.1",-0.0448473728493617,6.87695833014501e-17,1.3437403933798e-16
"CCDC124",-0.0448810016708011,6.52149327748552e-17,1.27472788025912e-16
"ZNF431",-0.0449305655361288,6.03038417903183e-17,1.17914420583721e-16
"AP2S1",-0.0449427346217464,5.91549472113073e-17,1.15708315592379e-16
"NXF1",-0.0449628392581056,5.73039648381462e-17,1.12126892092518e-16
"SCAMP4",-0.0449955654608354,5.44123888651984e-17,1.06506121970161e-16
"PPFIA1",-0.0450048512919028,5.36184661856967e-17,1.04988778652916e-16
"MTA2",-0.0450228494718902,5.21120476859276e-17,1.02074769392499e-16
"EID2",-0.0450579639391133,4.92921933738092e-17,9.65851229604289e-17
"UBA5",-0.0450820161024589,4.74480949856755e-17,9.30042407484175e-17
"GPN1",-0.0450919369415609,4.67074323926086e-17,9.15844825500974e-17
"PSMC4",-0.0450952066046814,4.64658359129594e-17,9.11426476920631e-17
"MALAT1",-0.0451576360455992,4.20823428979531e-17,8.25733366947231e-17
"PRR12",-0.0451583197351567,4.2036670245242e-17,8.25126094761247e-17
"HSPE1",-0.0451602781945997,4.1906109337297e-17,8.22851565263534e-17
"ZRANB2",-0.0451616711071517,4.18134941573963e-17,8.21320789548016e-17
"ZNF430",-0.0451761655348246,4.08616564919852e-17,8.02905760803243e-17
"SNX14",-0.0452094039849266,3.87588704074995e-17,7.62121788644306e-17
"CGGBP1",-0.0452183941742732,3.82086992469952e-17,7.51567394103759e-17
"ATXN2",-0.0452528366232299,3.61713096339089e-17,7.11741640408797e-17
"INO80E",-0.0452619034577945,3.56530391293697e-17,7.02036652427926e-17
"CCT6A",-0.0452948851055216,3.38288166884686e-17,6.66350399726461e-17
"GPATCH4",-0.0453300147265168,3.19870121902731e-17,6.30292603074158e-17
"PDAP1",-0.0453407579104235,3.14437737469642e-17,6.1980621905729e-17
"FGL2",-0.0453520461934701,3.08827768773986e-17,6.08962285787972e-17
"CEP57",-0.0453623089222207,3.03813226584766e-17,5.99285224139749e-17
"OAT",-0.04538383356247,2.93555373658319e-17,5.79255040134233e-17
"FBRSL1",-0.0454067210450117,2.83022750819403e-17,5.58668367591381e-17
"BIRC2",-0.0454337195524869,2.71076760091917e-17,5.35276308511312e-17
"ZNF720",-0.0454350343910223,2.7050786407433e-17,5.34341230268786e-17
"ARHGAP1",-0.0454476209974509,2.65121230391404e-17,5.23885534243099e-17
"NBEAL2",-0.0454502462842594,2.64011108213159e-17,5.21875926076383e-17
"SNHG3",-0.0454671096498944,2.56988845924133e-17,5.08174132871857e-17
"FIS1",-0.045473513697231,2.54370619958134e-17,5.03174357305111e-17
"KIF20B",-0.045499975085136,2.43828349212003e-17,4.82661274808925e-17
"WDR54",-0.0455484997941402,2.25604035616721e-17,4.46743821765409e-17
"XPO4",-0.0455730020211933,2.16919232501116e-17,4.29697907011755e-17
"BSG",-0.0455849561018966,2.12802673155569e-17,4.21692425871219e-17
"DUSP5",-0.0456010573753851,2.07379562029656e-17,4.1109128603261e-17
"OSTM1",-0.0456372372766398,1.95686194693687e-17,3.88185994712716e-17
"DIS3",-0.0456596412753351,1.88773921191662e-17,3.74606605650877e-17
"EZH2",-0.0456605924657858,1.88485844953578e-17,3.74167437166082e-17
"ZCCHC7",-0.0456768396909582,1.83631683221194e-17,3.64660507714943e-17
"CPSF6",-0.0456770863515188,1.83558947531385e-17,3.64645282511834e-17
"SNRPD2",-0.0456836661662047,1.81629138970515e-17,3.60939608081833e-17
"TARS",-0.0457000238971161,1.76917860075236e-17,3.51701911266981e-17
"RANBP9",-0.0457222218436383,1.70716831760575e-17,3.39495076361343e-17
"NUDT3",-0.0457404525431624,1.65784853086308e-17,3.29804159281387e-17
"SUGT1",-0.0457912479131402,1.52772602054494e-17,3.04026158349924e-17
"NDUFA2",-0.0458027488701115,1.49969328518841e-17,2.98553505157934e-17
"RAD51-AS1",-0.0458173369620336,1.46486509847267e-17,2.91723667798182e-17
"CNBP",-0.0459045465680734,1.27269850005835e-17,2.5354434391493e-17
"ZC3H7A",-0.0459536141411249,1.1757473240873e-17,2.34313229167327e-17
"PIK3CD",-0.0459543042130609,1.17443717246324e-17,2.34135393613802e-17
"CCDC92",-0.0459544400517877,1.17417944254828e-17,2.34135393613802e-17
"SMG7",-0.0459552653011229,1.17261487725487e-17,2.33938546533865e-17
"COMMD9",-0.0459625682014777,1.158858882694e-17,2.31276537700041e-17
"ACSL5",-0.0460353157087598,1.03023459171303e-17,2.0575319500926e-17
"PGP",-0.0460470223159214,1.0108962164141e-17,2.01963008798026e-17
"CCAR1",-0.0460636319951839,9.84071647179451e-18,1.96673948316464e-17
"EEA1",-0.0461369548152528,8.73810323625925e-18,1.74699716503735e-17
"CIZ1",-0.0461431603487032,8.65058764620906e-18,1.73011752924181e-17
"ZMYM6",-0.0461622402176889,8.38689041928777e-18,1.67797693358403e-17
"CUL1",-0.0461718370697969,8.25726997427034e-18,1.65263360485039e-17
"RNF11",-0.0461730478124189,8.24105810936082e-18,1.64997819381415e-17
"PRPF38A",-0.0461859971979677,8.06961830221525e-18,1.6162309137103e-17
"FXR1",-0.0461869140527834,8.05761417232127e-18,1.61440364038929e-17
"RAC2",-0.0462117856215802,7.73861714696468e-18,1.5510447243058e-17
"GART",-0.0462169976027652,7.6733662949729e-18,1.53851680561818e-17
"SNAP29",-0.0462205967471255,7.62862444907755e-18,1.53009346501899e-17
"GET3",-0.046240183087575,7.38961763338038e-18,1.48268590109071e-17
"ATG14",-0.0462668488654552,7.07606367024086e-18,1.42028154756554e-17
"BLOC1S1",-0.0462684447584364,7.05772030505214e-18,1.41710729450062e-17
"RNASEH2C",-0.046289202853392,6.82335725511924e-18,1.37054100565191e-17
"SETD1B",-0.0462977010087921,6.72964264814702e-18,1.35220212980337e-17
"MTMR6",-0.0463196631578469,6.49329542431542e-18,1.30518032847431e-17
"SEPTIN9",-0.0463371695733703,6.31078348760966e-18,1.26940526434187e-17
"RAB7A",-0.0463417514047203,6.26385796068405e-18,1.26041867187337e-17
"AL121839.2",-0.0464284321924925,5.43827493795299e-18,1.09508058757774e-17
"EGLN1",-0.046434177343083,5.38752021608548e-18,1.08525029802096e-17
"MAT2A",-0.0464384293567876,5.35025775616716e-18,1.07851958509211e-17
"SUMO1",-0.0464564628219913,5.19502891156868e-18,1.04760496655023e-17
"LSM8",-0.0464583182988712,5.17931179119776e-18,1.04481149308395e-17
"BSDC1",-0.0464591560417558,5.17223094202808e-18,1.04375881163577e-17
"DCTN3",-0.0464816814354185,4.98538161435512e-18,1.0064149339642e-17
"ATXN7L3",-0.0465007270106745,4.83260802539322e-18,9.75925599074003e-18
"UBAP2",-0.0465046818931159,4.80146835512283e-18,9.69986613630438e-18
"ATF7IP2",-0.0465271215074909,4.62849890824226e-18,9.35380738614843e-18
"HAUS6",-0.0465307977717192,4.60075396364972e-18,9.30109134642605e-18
"ZHX1",-0.0465399320627721,4.53252575399519e-18,9.16646493157309e-18
"NT5C2",-0.0465468684905798,4.48138251544723e-18,9.06630599876039e-18
"ATP5F1C",-0.0465542178219537,4.42781636991974e-18,8.96117115819076e-18
"MON1B",-0.0465640342916489,4.35725309204588e-18,8.82154852883856e-18
"VAMP3",-0.0465722497966234,4.29905212659784e-18,8.70686234819455e-18
"ACSF3",-0.0465741009109555,4.2860446221888e-18,8.68365656643025e-18
"TPP1",-0.046575124276018,4.27887027253998e-18,8.67225642217506e-18
"FBXO9",-0.0465833589412003,4.22157060645421e-18,8.55921913117561e-18
"SMARCA4",-0.0466105402922555,4.03775729086778e-18,8.18950121535397e-18
"ANKFY1",-0.0466378113557883,3.86128138147212e-18,7.83440291881598e-18
"SRBD1",-0.0466854966053213,3.57081409020049e-18,7.2503051309723e-18
"MARCH8",-0.0466926370764206,3.52921774419397e-18,7.16844372543059e-18
"UBE2K",-0.0467024918820675,3.4725938905791e-18,7.05598845641961e-18
"EIF3B",-0.0467039720797046,3.46416678893539e-18,7.04141845672613e-18
"NUP107",-0.0467270874594228,3.33515525377445e-18,6.78164370179682e-18
"ZNF511",-0.0467570575754933,3.17492565227414e-18,6.45817907635001e-18
"FBRS",-0.046836777671974,2.78478097101834e-18,5.66869326610489e-18
"SLC2A3",-0.0468418926320004,2.76143154667024e-18,5.62320580942589e-18
"AL390728.6",-0.0468475026318311,2.73604452182657e-18,5.57353453301202e-18
"RPA2",-0.0468559328029288,2.69832803109066e-18,5.4987019222662e-18
"FEM1B",-0.0468572565591595,2.69245237691951e-18,5.4887243071142e-18
"UBE2D2",-0.0468796049040958,2.59514210872243e-18,5.29227670206714e-18
"SEC13",-0.0469124755506478,2.45829252801567e-18,5.01685044683168e-18
"TM9SF2",-0.0469146305650159,2.44957374101884e-18,5.00087841335868e-18
"DDX49",-0.0469380715493127,2.35668593825892e-18,4.81299854154627e-18
"ARRDC2",-0.0469400802825249,2.34888979714631e-18,4.79882552796497e-18
"SDF4",-0.0469451982759791,2.32914113875507e-18,4.76021405601145e-18
"ARPP19",-0.0469636720578369,2.25921118949132e-18,4.61897829474986e-18
"RNF138",-0.0469649060013357,2.25461483514257e-18,4.61126333435729e-18
"TRMT10C",-0.0469787562805751,2.20365269810937e-18,4.50867824761041e-18
"CEBPG",-0.0469795208718474,2.20087275128279e-18,4.5046350979506e-18
"GCLM",-0.0470005469742386,2.12576709306958e-18,4.35250229797659e-18
"PPP4C",-0.0470497930927863,1.95962084217439e-18,4.01378479515545e-18
"NCOA6",-0.047074152030207,1.88224601743527e-18,3.85671176662058e-18
"FCHSD2",-0.0471179331579768,1.75068714458928e-18,3.58846040902646e-18
"RNF8",-0.0471203401498503,1.74372372765069e-18,3.57549497612678e-18
"HIF1A",-0.0471552908281009,1.64564030451284e-18,3.37561063927157e-18
"DNPEP",-0.0471595986412102,1.63393472701467e-18,3.35282688033328e-18
"EIF6",-0.0471617225687426,1.62819370002012e-18,3.34227014465668e-18
"DDX60L",-0.0471812786060376,1.57626062687081e-18,3.23685033088459e-18
"FAM219B",-0.0471821047642449,1.57410306678728e-18,3.23360468705128e-18
"MSI2",-0.0471884089326145,1.55773511355232e-18,3.20115422674998e-18
"EIF3F",-0.0472183996563557,1.48214096814309e-18,3.0469251597483e-18
"HSD17B11",-0.0472332779802718,1.44599496239281e-18,2.97370853917406e-18
"RPRD2",-0.047236621593166,1.4379924293444e-18,2.95833684803451e-18
"KRI1",-0.0472414311898265,1.42655788711218e-18,2.93589070854817e-18
"MAN2B2",-0.04724617558963,1.4153663292006e-18,2.91392832800888e-18
"DDX23",-0.047261126652009,1.38066236298683e-18,2.84457054491845e-18
"POLR2J3",-0.0472628497871279,1.37671707778229e-18,2.83748529014047e-18
"MAP4K4",-0.0472832319747136,1.33088635173518e-18,2.74403499452683e-18
"BRWD3",-0.0473298804336155,1.23158770859025e-18,2.5402346407581e-18
"FAM76A",-0.0473417954043831,1.20742088462235e-18,2.49130583115745e-18
"RUBCN",-0.0473673221471728,1.1572109717083e-18,2.38858574049846e-18
"NSUN3",-0.0473787469801816,1.13541223448154e-18,2.34445473914317e-18
"IDH3B",-0.0474170010294655,1.06533362095095e-18,2.20137522559333e-18
"ANAPC1",-0.047429178843161,1.04393441377131e-18,2.15795221496659e-18
"GTF2E2",-0.0474553184774949,9.99424282844212e-19,2.06746905908415e-18
"SCAMP2",-0.0475089750369538,9.13848434351509e-19,1.89113981761664e-18
"GPI",-0.0475345708366321,8.75616836091687e-19,1.81269181730987e-18
"FOXJ3",-0.0475373154903371,8.71612226717825e-19,1.80506833648436e-18
"RAB1A",-0.0475570051673431,8.43409375258599e-19,1.74730726024e-18
"RPL4",-0.0475670040405755,8.29434329735109e-19,1.71899037863741e-18
"WBP1L",-0.0475733412716363,8.20695693189163e-19,1.70150893993047e-18
"SKAP2",-0.0476077503692459,7.74811341613876e-19,1.60697363375432e-18
"PCF11",-0.0476174051804267,7.62398337069801e-19,1.58181424692305e-18
"MTF2",-0.0476316948072927,7.44386091888783e-19,1.54501468849805e-18
"TAF1B",-0.0476698212735454,6.98358380389289e-19,1.45001866013397e-18
"LINC01138",-0.0476862760032764,6.79372863796172e-19,1.41112139685461e-18
"POU2F1",-0.0476972185755321,6.67030469084563e-19,1.38599879449384e-18
"DDX19B",-0.0477058827391695,6.57415282384045e-19,1.36652642525229e-18
"MDH2",-0.0477485811558735,6.11993761488636e-19,1.27305606510108e-18
"SRSF1",-0.0477508360052062,6.09683252279581e-19,1.26872073738387e-18
"VPS39",-0.0477596003697059,6.00784090211084e-19,1.25113119343847e-18
"DTNBP1",-0.0477612671143898,5.99106289734213e-19,1.24810098426414e-18
"KARS",-0.0477668407706917,5.93529208372119e-19,1.2369422401329e-18
"VPS41",-0.0477701412308177,5.90250927029369e-19,1.23056778090498e-18
"HMBOX1",-0.0477835149147049,5.77149196035378e-19,1.2037008167407e-18
"TAGLN2",-0.04781401526795,5.4833406226117e-19,1.14445589754622e-18
"C12orf49",-0.0478425277081952,5.22684333614016e-19,1.09173425477933e-18
"NUDT21",-0.0478456170970901,5.19977321410865e-19,1.08648505189653e-18
"UBE2B",-0.0478971500943991,4.76811961672631e-19,9.96663272366066e-19
"ITPR1",-0.0479011855494293,4.73585240400355e-19,9.90287942986415e-19
"BMS1",-0.0479541096616567,4.33211855684125e-19,9.06203523424351e-19
"YTHDF2",-0.0479612326449386,4.28044426053453e-19,8.95728515161893e-19
"BCL7B",-0.0479758491838771,4.17630652501601e-19,8.74263046925279e-19
"AP3M1",-0.0479827676894822,4.12789121908779e-19,8.64450762024215e-19
"ELMSAN1",-0.047991010845483,4.07092953081516e-19,8.52840713670586e-19
"PSMB3",-0.0480286697731945,3.82042129991443e-19,8.00659721941679e-19
"PLCB2",-0.0480401736305985,3.74697949876035e-19,7.85562031838871e-19
"RNF114",-0.0480501755486912,3.68426089431177e-19,7.72991316051035e-19
"UTP23",-0.0480777672289914,3.51656943237788e-19,7.38084460638413e-19
"C3orf38",-0.0480957074253705,3.41160473098481e-19,7.1659043899696e-19
"AC004687.1",-0.0480994306199669,3.39021202541237e-19,7.12364011638955e-19
"RPAIN",-0.0481130035673237,3.31334089684172e-19,6.96734048251444e-19
"GBP3",-0.048126904507843,3.23639722913465e-19,6.80809687390036e-19
"PYROXD1",-0.0481273509747564,3.23395545508937e-19,6.80551497195675e-19
"RCHY1",-0.0481684307699345,3.01690268865301e-19,6.3511354873071e-19
"USP3",-0.0481688204584037,3.01491420875173e-19,6.34933454560117e-19
"DENR",-0.0481690639442066,3.01367242074634e-19,6.34910535558741e-19
"GTF2F1",-0.0482057225118116,2.83236349689864e-19,5.96937383851824e-19
"DCAF13",-0.0482196771309924,2.76621487706716e-19,5.83215506812806e-19
"ARHGEF7",-0.0482203058558564,2.7632707603732e-19,5.82814051228131e-19
"HNRNPM",-0.0482241990922849,2.74510879955131e-19,5.79201419905329e-19
"DMAC2L",-0.0482468390121077,2.64180680495671e-19,5.57615266854139e-19
"PHKG2",-0.0482601404431815,2.58291581591717e-19,5.45390362938953e-19
"ATP5MC3",-0.0482796481746121,2.49888562231663e-19,5.27846024404915e-19
"PANK3",-0.0482913117088594,2.44994085059291e-19,5.1770243313434e-19
"SMAD5",-0.0482939745894834,2.43889985748461e-19,5.15563742034845e-19
"OSBPL3",-0.0483333850953421,2.28112725868393e-19,4.82393855006217e-19
"CCNY",-0.0483344872080212,2.27686328177216e-19,4.81673908306952e-19
"NHLRC3",-0.0483711397906408,2.13945689631454e-19,4.52776300866566e-19
"PRPF3",-0.0483803328781109,2.10629865131793e-19,4.45927375972258e-19
"MINDY2",-0.0484051840047228,2.01918419249386e-19,4.27645813104143e-19
"SLC3A2",-0.0484114728746686,1.99770935674888e-19,4.23257589233297e-19
"NISCH",-0.0484116175069869,1.99721813948525e-19,4.23257589233297e-19
"CARD16",-0.0484126589910183,1.99368445128942e-19,4.2272446708384e-19
"USB1",-0.0484133917706625,1.99120188025079e-19,4.22357885576285e-19
"PACS1",-0.0484153751697034,1.98449767028686e-19,4.21095226970374e-19
"EXOC5",-0.0484758190873687,1.79054702548963e-19,3.80084300410754e-19
"TBCC",-0.0484798262160422,1.77837253218533e-19,3.77643034117718e-19
"FAM78A",-0.0484800259178622,1.77776794080144e-19,3.77643034117718e-19
"USP4",-0.0484894378935739,1.74950264338215e-19,3.71794190880303e-19
"CDC16",-0.0485063058836212,1.69995274290412e-19,3.61401182520284e-19
"C11orf58",-0.0485379203069319,1.61079118669255e-19,3.42575856175524e-19
"S1PR4",-0.0485505765927987,1.57640653173196e-19,3.35390364609944e-19
"ORAI1",-0.0485614160741209,1.54753509216741e-19,3.2937283161816e-19
"OLA1",-0.0485625157528263,1.54463540650386e-19,3.28880578193298e-19
"RNF10",-0.0485643979067627,1.53968490575709e-19,3.27951129299229e-19
"TRIM59",-0.0485656460425388,1.53641066868885e-19,3.27378151609595e-19
"RNF44",-0.0485738282148451,1.51511610371942e-19,3.2296350875784e-19
"PCMTD1",-0.0485740728652719,1.51448389823196e-19,3.22951589257682e-19
"KIFAP3",-0.0485781547996118,1.50397407585174e-19,3.20832536013443e-19
"CCNDBP1",-0.048595169884676,1.46093591720019e-19,3.11770178217435e-19
"PPM1K",-0.0486091511940472,1.42648413288504e-19,3.045339840262e-19
"COG5",-0.0486164005882174,1.40893799582161e-19,3.00902764046659e-19
"BCL2L1",-0.0486384127605469,1.35695714389908e-19,2.900224193139e-19
"PMS2",-0.0486438261833563,1.34446670471279e-19,2.87462472842827e-19
"WDR33",-0.0486780498454619,1.26809045712632e-19,2.71235836707477e-19
"VPS36",-0.0486902437172357,1.24192696334946e-19,2.65741073028268e-19
"SCAMP1",-0.0487024505763508,1.21627002755557e-19,2.60350543713576e-19
"IFT20",-0.0487243652312724,1.17151636882817e-19,2.50866554486552e-19
"MYCBP2",-0.0487408616438354,1.13890498527656e-19,2.43976434919336e-19
"NSD1",-0.0487511858054245,1.11895351532969e-19,2.39794091774668e-19
"SMAD4",-0.0487529189251647,1.1156382837579e-19,2.39175093426903e-19
"MRFAP1",-0.0487600706940542,1.10206025179821e-19,2.36354598204254e-19
"STX8",-0.0487637211163868,1.09519280536387e-19,2.34971687643918e-19
"SC5D",-0.0487856688083386,1.05478574516192e-19,2.26389096740229e-19
"RBM12",-0.0488086788012381,1.01400467591971e-19,2.17719624668737e-19
"PDXDC1",-0.0488209249541843,9.92939987643329e-20,2.13278485655547e-19
"KPNA3",-0.0488247800938277,9.86398675544014e-20,2.11954684729626e-19
"PET117",-0.0488353201676692,9.6873111790909e-20,2.08238173562046e-19
"BTBD7",-0.0488670859741118,9.17354257246492e-20,1.97269887091686e-19
"LUC7L2",-0.0489014955221035,8.64737355038444e-20,1.86026416032071e-19
"NIPA2",-0.0489421643079974,8.06384434066433e-20,1.73539875902776e-19
"RPL3",-0.0490171388372688,7.0882719048944e-20,1.52603441240984e-19
"MMGT1",-0.0490184924392723,7.07177655965258e-20,1.52306824905046e-19
"SCNM1",-0.0490293352052102,6.94100575761564e-20,1.49547851848051e-19
"MRPS15",-0.0490356826005183,6.86556418503051e-20,1.47979314203504e-19
"MBD2",-0.0490370473084349,6.84945019718289e-20,1.47688799172808e-19
"C16orf72",-0.049040830892885,6.80497019407468e-20,1.46786193100826e-19
"MEAF6",-0.0490417947938244,6.79368423345074e-20,1.46599177682934e-19
"RBM15B",-0.0490440587291861,6.76724935072958e-20,1.46084997540403e-19
"CASC3",-0.049053490210779,6.65821212907819e-20,1.43786592567839e-19
"C5orf24",-0.0490933267669331,6.21650112361368e-20,1.34299430596496e-19
"RMDN1",-0.0491167270908384,5.97067382894526e-20,1.29038396210603e-19
"PCNX1",-0.0491244439402417,5.89173228197029e-20,1.27381434059265e-19
"SUZ12",-0.0491303331412534,5.83218203263319e-20,1.26142601740164e-19
"THAP9-AS1",-0.0491346297066107,5.78911187673355e-20,1.252593936572e-19
"CMPK1",-0.0491669844597668,5.47471879001515e-20,1.18502603705079e-19
"YME1L1",-0.0492204700872225,4.99159750599109e-20,1.0808698772633e-19
"CEP192",-0.0492435570738208,4.79631402775322e-20,1.03898507195706e-19
"BRK1",-0.0492737643875461,4.55216719049919e-20,9.86478922488687e-20
"PTBP2",-0.0493784350115963,3.79744907110274e-20,8.2324582570444e-20
"VPS11",-0.049385793255336,3.74931046942391e-20,8.13124453198592e-20
"RANBP6",-0.0493926840990236,3.70477685521054e-20,8.03777371142077e-20
"NTAN1",-0.0494056556675247,3.62235916165842e-20,7.86200648409519e-20
"ALKBH5",-0.0494068059597322,3.61513862477259e-20,7.84937499156358e-20
"SETD5",-0.0494617110781802,3.28654839779314e-20,7.13868884543905e-20
"CCDC85B",-0.0494684123150706,3.24852235008032e-20,7.05882871262122e-20
"CAMLG",-0.0494697277804934,3.24110899709818e-20,7.04545183077509e-20
"PATL1",-0.0494731820297908,3.22172197305632e-20,7.00602636282795e-20
"TRIM26",-0.0495086303605969,3.02927480416117e-20,6.59008385190962e-20
"ATXN7",-0.0495160394165718,2.99051100156947e-20,6.50828103021178e-20
"ERAP2",-0.0495254438089285,2.94201326142127e-20,6.40522234537871e-20
"NPEPPS",-0.049543685501089,2.85014840520661e-20,6.20762987282465e-20
"CDYL",-0.0495589349274548,2.77553318000533e-20,6.04746809515936e-20
"GFPT1",-0.0496518932886077,2.36069761592638e-20,5.14760678585659e-20
"PIK3C2A",-0.0496669913961909,2.29937164593496e-20,5.0158344506888e-20
"MTCH1",-0.049673379976647,2.27389901972106e-20,4.96220019724175e-20
"RTN3",-0.0496816835994111,2.24120727778149e-20,4.8927641545335e-20
"DFFA",-0.0496993898598568,2.173040801475e-20,4.74579916269132e-20
"S100PBP",-0.0497004078367152,2.1691846653369e-20,4.73922450859571e-20
"CELF1",-0.0497204899575523,2.09448114283761e-20,4.57779731843291e-20
"SRSF6",-0.0497249136732644,2.07837038476254e-20,4.54435725173987e-20
"DCP1A",-0.0497419343471437,2.01751726389096e-20,4.41302371071232e-20
"NAPG",-0.0497471090112023,1.99936821286468e-20,4.3750329812158e-20
"TMPO",-0.0497691539740158,1.92384172385262e-20,4.21140977362112e-20
"UTP3",-0.0497719462515564,1.91447888540388e-20,4.19255165056794e-20
"PRCC",-0.0497755386088949,1.90249952181492e-20,4.167946567729e-20
"SRCAP",-0.0497892163518345,1.85756306533127e-20,4.07109245917732e-20
"PLEKHM2",-0.0497902926543966,1.85407188130384e-20,4.06503083835162e-20
"AP3D1",-0.0498105923115339,1.78942809830123e-20,3.92483564104896e-20
"FBXO42",-0.0498405022791348,1.69822078284047e-20,3.72624481873061e-20
"TSC22D4",-0.0498999232874168,1.53044316825788e-20,3.35942166663421e-20
"PCBP1",-0.0499041680058253,1.51910566494153e-20,3.33584175013023e-20
"HGSNAT",-0.0499234620127809,1.46860978588475e-20,3.2262207918848e-20
"ARFGEF2",-0.0499454252862498,1.41314560675058e-20,3.1055952863648e-20
"PUF60",-0.0499500732762838,1.40167623875102e-20,3.08159813337023e-20
"AQR",-0.0499801185908808,1.3297253967818e-20,2.9245608805201e-20
"STX16",-0.0500152457237154,1.25022506137042e-20,2.75187008794965e-20
"PSENEN",-0.0500193868902834,1.24116808779178e-20,2.73300823732225e-20
"ZCRB1",-0.0500381702691314,1.20089553085862e-20,2.64536892882536e-20
"ELP6",-0.0500567691049378,1.16229237889332e-20,2.56133955616129e-20
"ZFP90",-0.0500588134724108,1.15812474086341e-20,2.55315934217094e-20
"CDC123",-0.0500719047060919,1.13178510358252e-20,2.49607387661411e-20
"NMRAL1",-0.0500770389661021,1.12161743480524e-20,2.47462366324746e-20
"NCOA7",-0.0500964973311462,1.08389616720669e-20,2.39234112683194e-20
"COMMD5",-0.050096915489316,1.08309946528384e-20,2.39152458764801e-20
"LNPK",-0.0501281706344252,1.02516078453561e-20,2.26448602149687e-20
"STX7",-0.0501330512575743,1.01639441249293e-20,2.24600721120284e-20
"MXI1",-0.0501691372482163,9.53838157704615e-21,2.10860316993162e-20
"HMGXB4",-0.0501732488099926,9.4695683497388e-21,2.09421708886883e-20
"MED30",-0.05020023395095,9.0299583227212e-21,1.99778469958664e-20
"DCTN4",-0.0502061347778191,8.936551922422e-21,1.97790035439387e-20
"GIGYF2",-0.0502092108379263,8.88823933101372e-21,1.96798471793761e-20
"STAT2",-0.0502331559811035,8.52088354066004e-21,1.88739254394699e-20
"RALGDS",-0.0502523790642622,8.23687080282073e-21,1.82520458596312e-20
"GLCCI1",-0.0503131924481989,7.39861875295477e-21,1.64010520140659e-20
"MAPK14",-0.0503327067319071,7.14795477435035e-21,1.58579329198176e-20
"SATB1",-0.0503596385318947,6.81575233483437e-21,1.51269212215492e-20
"C1D",-0.0503709303853828,6.68105388450453e-21,1.48338454709839e-20
"NKAPD1",-0.0503736053276367,6.64953267651239e-21,1.47697111054996e-20
"ZMYM4",-0.0504115098709368,6.21836301486591e-21,1.3817488634143e-20
"SLC4A1AP",-0.0504332630510604,5.98352895864378e-21,1.33009505292502e-20
"GABPA",-0.0504514530922449,5.79391034610826e-21,1.28845530077741e-20
"MAP3K12",-0.0504801004093025,5.50726388938759e-21,1.22519677793283e-20
"GRK6",-0.0504985559648293,5.33007254691369e-21,1.18624807596919e-20
"AKAP8L",-0.0505141136653946,5.18509212547742e-21,1.15444005844956e-20
"RBM18",-0.0505179584477775,5.14986831450177e-21,1.1470533400027e-20
"MFSD14A",-0.0505389218444819,4.96193550641902e-21,1.10563366115198e-20
"CNNM3",-0.0505415878507084,4.93852676687878e-21,1.10129343420568e-20
"GDE1",-0.0505593368883866,4.78544235133641e-21,1.06758037169145e-20
"PDK3",-0.0505605153793206,4.7754457407005e-21,1.06577450939409e-20
"MICU2",-0.050610563059426,4.36944956672081e-21,9.75942422156373e-21
"TFAM",-0.0506133620302532,4.34778031518219e-21,9.71489668512002e-21
"IP6K2",-0.050613460421918,4.34702051724583e-21,9.71489668512002e-21
"ZNFX1",-0.0507340220051094,3.50815073744139e-21,7.84504259083062e-21
"TIAL1",-0.0507413918228338,3.46241594006629e-21,7.74585985154949e-21
"NAA15",-0.0507457583795117,3.43559719164991e-21,7.68893237300563e-21
"GIGYF1",-0.0507528514303937,3.3924700266442e-21,7.59544627619421e-21
"POP4",-0.0507566354745898,3.36968177095049e-21,7.54744070519845e-21
"IFI35",-0.0507758834929366,3.25608958172535e-21,7.29593203358211e-21
"NOL8",-0.0507907926989288,3.17071349501532e-21,7.11031549662499e-21
"ANXA4",-0.0507919017953431,3.16445158576203e-21,7.09911396581682e-21
"UIMC1",-0.0508061595340726,3.08503414914966e-21,6.92372101395063e-21
"CHIC2",-0.0508190839831123,3.01474863720544e-21,6.76869044987953e-21
"AKR1B1",-0.0508226083980404,2.9958586465787e-21,6.72897469155392e-21
"SNX1",-0.0508310580345043,2.95104617286765e-21,6.6309794517844e-21
"GLO1",-0.0508778881277785,2.71444318076391e-21,6.10178082029722e-21
"OTUB1",-0.0508830702300297,2.68944329439677e-21,6.04800971982323e-21
"PCMTD2",-0.0509118507690088,2.55468722231106e-21,5.74727707500249e-21
"PRR14L",-0.0509873272009692,2.23219808445027e-21,5.02379038765435e-21
"ATP9B",-0.0510356591976419,2.04719696149676e-21,4.6111301335321e-21
"C6orf89",-0.0510359778248645,2.04602912945438e-21,4.61035273078503e-21
"IPO5",-0.0510481979870243,2.0017336935832e-21,4.51235543798884e-21
"TDRD3",-0.0510959749233612,1.83747431961452e-21,4.14374490427354e-21
"HMGN2",-0.0511073150704581,1.80048770080187e-21,4.06196983707474e-21
"ASH1L",-0.051109172160433,1.79450126891179e-21,4.05009468827292e-21
"KDM1A",-0.0511243336102107,1.7463584197511e-21,3.94302682686752e-21
"TXLNG",-0.051169450815513,1.61052629514111e-21,3.63926990240757e-21
"TPRG1L",-0.0512036840257341,1.5144856508686e-21,3.42362952298009e-21
"BICDL1",-0.0512150604132434,1.48384124578479e-21,3.35570877376028e-21
"FRG1",-0.0512158618180641,1.48170579051192e-21,3.35223223658812e-21
"HERC2",-0.0512490656705071,1.39585203277875e-21,3.15927091748469e-21
"SMC3",-0.0512665763517415,1.35257685260293e-21,3.06256189171184e-21
"TRIM25",-0.0512794023879511,1.321723869504e-21,2.99391292025078e-21
"LEMD3",-0.0512968411853551,1.28088907597708e-21,2.90258891297031e-21
"WIPI2",-0.0513158025370236,1.23790463299372e-21,2.80631778450518e-21
"AZIN1",-0.0513159029246406,1.23768090049646e-21,2.80631778450518e-21
"C16orf91",-0.0513295444317796,1.20764740210116e-21,2.73994171715583e-21
"CCT5",-0.0513373079696853,1.19087812549084e-21,2.70408469013398e-21
"RWDD4",-0.0513489614047269,1.16613817468024e-21,2.64898189335551e-21
"NIP7",-0.0513490329549176,1.16598785706947e-21,2.64898189335551e-21
"SMIM14",-0.051381264962208,1.10018572782793e-21,2.50220812449177e-21
"TADA2B",-0.0513955174119425,1.07227364588046e-21,2.43971640743569e-21
"PDIA6",-0.051413981629254,1.03715270260043e-21,2.36172439876994e-21
"WIPF2",-0.0514284999067507,1.01033876749368e-21,2.30160099716852e-21
"PSMD1",-0.0514327133364392,1.00268616988694e-21,2.28509690770494e-21
"SYF2",-0.0514327676949701,1.0025878174249e-21,2.28509690770494e-21
"PWP1",-0.0514523539911813,9.67764005202076e-22,2.20730544776249e-21
"TATDN2",-0.0514594810233937,9.55391615031083e-22,2.17997337566539e-21
"SNHG17",-0.0514721921944033,9.33712514316287e-22,2.13137471699734e-21
"PRELID1",-0.0514924806361875,9.00114440179629e-22,2.0555180614371e-21
"MRPL54",-0.0515266855904607,8.46157800380242e-22,1.93308940616831e-21
"SNRPD1",-0.05153397245452,8.35083435928402e-22,1.90856752648563e-21
"MAP3K4",-0.0515633188151643,7.9191698396118e-22,1.81064984827354e-21
"SHPRH",-0.0516209970653419,7.13408693444977e-22,1.6318131910472e-21
"RALGAPB",-0.0516456006335035,6.82310695963789e-22,1.56131855458598e-21
"TINF2",-0.0516487537975311,6.78423452832415e-22,1.55305761016048e-21
"ZBTB37",-0.0516569902439638,6.68372578610662e-22,1.530674266667e-21
"TRIM73",-0.0516630082665321,6.61122122605712e-22,1.51468862431824e-21
"GOLGA7",-0.0517095100670974,6.07660005621932e-22,1.39277164478745e-21
"EMSY",-0.0517164659625528,6.00039673243939e-22,1.37586838333021e-21
"ZFYVE16",-0.0517262125218307,5.89520942605728e-22,1.35230264525686e-21
"NOLC1",-0.0517386520183943,5.76360598109004e-22,1.3226555248988e-21
"ABHD2",-0.0517555250101544,5.58973328517417e-22,1.2838059561523e-21
"MRPS7",-0.0518116873160345,5.0475447906723e-22,1.16023137846298e-21
"CHD6",-0.0518320609198226,4.86400628237828e-22,1.11850189603807e-21
"SPAG7",-0.0518340785039494,4.84619401838661e-22,1.1148633529983e-21
"IPCEF1",-0.0518745995813273,4.50181339483949e-22,1.03648982188498e-21
"CRBN",-0.051876629102315,4.48521676178871e-22,1.03309308397303e-21
"NUTM2A-AS1",-0.0518770986343722,4.48138574386517e-22,1.03263510315051e-21
"RNGTT",-0.0518948307683706,4.33905146677168e-22,1.00024863923441e-21
"CACUL1",-0.0518952101905381,4.33605528435829e-22,9.99969292738431e-22
"SRSF10",-0.0519380604673042,4.01052547512824e-22,9.252772648258e-22
"SLC25A5",-0.0519433074743538,3.97236484797762e-22,9.16850601650189e-22
"DDOST",-0.0519439076686021,3.96802270053482e-22,9.16225760766261e-22
"TRIM38",-0.0519452678382159,3.95819983359975e-22,9.14334372114303e-22
"EZH1",-0.0519519756771201,3.91010804419517e-22,9.03597751738958e-22
"SMIM10L1",-0.0519576871965022,3.86961546811568e-22,8.94609120599021e-22
"IPO8",-0.0519622682290367,3.8374377608553e-22,8.8753616227128e-22
"UFD1",-0.0519637512246214,3.82707787056044e-22,8.85505548580542e-22
"MKLN1",-0.0519715068401797,3.77334799387594e-22,8.73434207256536e-22
"TXLNA",-0.0519981537722205,3.59436775275943e-22,8.32348631672059e-22
"SRPK1",-0.0520311445117402,3.38437987480992e-22,7.84045672527276e-22
"PPP1R18",-0.0520349330485923,3.3610567419382e-22,7.78964515377241e-22
"PPP2R2A",-0.0520735918877777,3.13197139648593e-22,7.26171605540221e-22
"NUP210",-0.0520786077775115,3.1034041405866e-22,7.19845894198978e-22
"CHMP1B",-0.0520992368121841,2.98860092566281e-22,6.94078723059029e-22
"HARS",-0.0521113766101051,2.9230164834243e-22,6.79128705352811e-22
"SLBP",-0.0521179878241792,2.88790101254642e-22,6.7124833157653e-22
"GPBP1L1",-0.0521250407284853,2.85089970589646e-22,6.6292290256613e-22
"ARL8B",-0.0521265703489594,2.84293705661308e-22,6.61345756133652e-22
"RAF1",-0.0521691431262772,2.62993773404128e-22,6.12050293254457e-22
"PSMD13",-0.0522304956414027,2.35047883663415e-22,5.47468138009051e-22
"TBC1D23",-0.0522307887156029,2.34921707808888e-22,5.47401767385034e-22
"LAIR1",-0.0522395365451264,2.31186253005559e-22,5.38921697938083e-22
"AC005261.1",-0.0522713274979083,2.18099400717735e-22,5.08626317778688e-22
"GRIPAP1",-0.0523095651295365,2.03326924494033e-22,4.74373057812058e-22
"ATP6V0D1",-0.0523178644495402,2.00253846369307e-22,4.67397982113119e-22
"LSM12",-0.0523197125912291,1.9957579848988e-22,4.6600948947387e-22
"SPAST",-0.0523830599651638,1.77659429251426e-22,4.15007687171734e-22
"CEP120",-0.0523913741568035,1.74965818098222e-22,4.08885923528957e-22
"AP002387.2",-0.0523962182284773,1.73415125391562e-22,4.05431106672638e-22
"KLHDC2",-0.0523978975691206,1.72880713600471e-22,4.04350383563039e-22
"SARNP",-0.0524086889547078,1.69485283222559e-22,3.96574332851448e-22
"QRICH1",-0.0524568005515697,1.55132992374359e-22,3.63143395683337e-22
"MTMR9",-0.0525170850317258,1.38836780984974e-22,3.25268110635365e-22
"COPE",-0.0525217000278297,1.3766147868188e-22,3.22649488303328e-22
"DNM2",-0.0525365259800555,1.33951985593211e-22,3.14086580445337e-22
"ZNF622",-0.0525473488682001,1.31306712126044e-22,3.0801289859956e-22
"SP140L",-0.0525865459069295,1.22151945092512e-22,2.86658082202026e-22
"SART3",-0.052588999075739,1.21600476148756e-22,2.85483480660926e-22
"PSMB1",-0.0526107255865667,1.1682271783826e-22,2.74381605517858e-22
"NEDD1",-0.0526318320629394,1.12359381586737e-22,2.64009213589969e-22
"PPTC7",-0.0526388448488817,1.10914094554219e-22,2.60722561192049e-22
"DNAJC10",-0.0526411071627,1.10451784786438e-22,2.59744776308518e-22
"PSMD9",-0.0526449559087323,1.09669662239838e-22,2.58013764564255e-22
"ZNF267",-0.0526564329636662,1.07369755897554e-22,2.52815173130208e-22
"SPTLC2",-0.0526879950290951,1.0128826922474e-22,2.38696156743247e-22
"MLF2",-0.0527151810193596,9.63241860869138e-23,2.27093285162417e-22
"SIRT7",-0.0527152528294962,9.63113980489556e-23,2.27093285162417e-22
"PRXL2C",-0.0527639325182137,8.80180701647636e-23,2.07685585348773e-22
"GABPB1-IT1",-0.0527931859825393,8.33785897914841e-23,1.96821237233141e-22
"PSMD4",-0.0528292623967191,7.79892028988096e-23,1.84176777515773e-22
"UBE2Q2",-0.0528353583550749,7.71132361599951e-23,1.82184896897391e-22
"BAG1",-0.0529084264383073,6.73419978650318e-23,1.5916683088808e-22
"TMEM167B",-0.0529088019334661,6.72950929207259e-23,1.59123080475843e-22
"VCP",-0.052910037557284,6.71409732836802e-23,1.5882567086608e-22
"RPN1",-0.0529441507216734,6.30213147386848e-23,1.49143347886651e-22
"HDAC8",-0.0529585252542831,6.1361258870813e-23,1.45276085640911e-22
"TCF12",-0.0529682379561811,6.02641613298653e-23,1.42738951856536e-22
"MAGT1",-0.0529892335193179,5.79585291275585e-23,1.37335981915788e-22
"CASD1",-0.0530293566158016,5.37926289961316e-23,1.2751856721418e-22
"DECR1",-0.0530415704052119,5.25843851863405e-23,1.24707107314538e-22
"THRA",-0.0531006304479468,4.71105398613977e-23,1.11772847325687e-22
"BORCS7",-0.0531669049595363,4.16375787478617e-23,9.88297294803121e-23
"ST6GAL1",-0.0531669170056273,4.16366435749416e-23,9.88297294803121e-23
"CCDC91",-0.0531764742013081,4.09012059032306e-23,9.71642042737194e-23
"SAFB",-0.053252320066624,3.5503079961524e-23,8.44120747154775e-23
"UBXN2A",-0.0532758971690426,3.39734861545334e-23,8.08095994949088e-23
"DGLUCY",-0.0532870936721159,3.32701305496653e-23,7.91701960086304e-23
"GMFB",-0.0532898706723857,3.30979248467915e-23,7.87938703659387e-23
"EXOG",-0.0532938309472983,3.28538682635194e-23,7.82461018906769e-23
"UNKL",-0.0533139986710679,3.16383807491606e-23,7.53832847441736e-23
"MFN1",-0.0533399372472477,3.01403432954969e-23,7.18445273619587e-23
"DNAJC5",-0.0533472679874972,2.9729848153433e-23,7.0896199596527e-23
"OSBPL9",-0.0533588560581018,2.90922211139413e-23,6.94051967315995e-23
"TMEM131",-0.0534048809463869,2.66906862328841e-23,6.37029836665598e-23
"NGLY1",-0.0534115227638457,2.63607324216839e-23,6.29422856800667e-23
"DHRS1",-0.0534182760541295,2.60293820172067e-23,6.21776030794657e-23
"ACLY",-0.0534383235543702,2.50698498485345e-23,5.99110612158582e-23
"KAT2B",-0.0535034696326334,2.21871945010416e-23,5.30448114265518e-23
"DCAF11",-0.053564660704901,1.97795129134294e-23,4.73087453550398e-23
"WWC3",-0.0535682424899803,1.96468873040381e-23,4.70115954106872e-23
"PRKX",-0.0535712543115026,1.95360479995753e-23,4.67663447200427e-23
"LRRC58",-0.0535780203497126,1.92893010347145e-23,4.61954029908291e-23
"PHIP",-0.0535811168820334,1.91774070597132e-23,4.59470667646998e-23
"WDR43",-0.0535848307945326,1.90440513308669e-23,4.56470759872447e-23
"NOC2L",-0.0535967122396192,1.86235608381657e-23,4.46582947954988e-23
"IRF2",-0.0536244682450359,1.76767481587846e-23,4.24060345384542e-23
"C1orf122",-0.0536753298818508,1.60637990790789e-23,3.85531177897892e-23
"PLEKHF1",-0.0537021318658218,1.52733858628043e-23,3.66718313518233e-23
"TASOR2",-0.0537227787815334,1.46908635387252e-23,3.52882980158662e-23
"PANK2",-0.0537296312216143,1.45024375469667e-23,3.48506260777022e-23
"NGDN",-0.0537386153081041,1.42590177191835e-23,3.42803669233395e-23
"SNF8",-0.0537985598120264,1.27352614376545e-23,3.06302167796635e-23
"LY9",-0.0538008391790035,1.26806198941016e-23,3.05118908916038e-23
"ERVK3-1",-0.0538391703842983,1.17957565373604e-23,2.8394939705914e-23
"TMED2",-0.0538480540427458,1.15995720414566e-23,2.79346805845823e-23
"TBL1X",-0.0540091265384684,8.55402908874396e-24,2.06091053367675e-23
"BCL10",-0.0540283337667987,8.2484416374836e-24,1.98814051339605e-23
"SNAP23",-0.0540421073531056,8.03598454040914e-24,1.93776494683532e-23
"COA1",-0.0541376364273894,6.70440058060867e-24,1.61806463625026e-23
"PRRC2A",-0.0541634589251289,6.3836434381305e-24,1.5413157185387e-23
"CCZ1",-0.0541903924600575,6.06527546307859e-24,1.46507774547812e-23
"NOP14",-0.054196763150109,5.99230081218126e-24,1.44807476289193e-23
"TMEM9B",-0.054262284946049,5.29043487205996e-24,1.27901626501398e-23
"ATP2A2",-0.0542627711618525,5.2855435581295e-24,1.27838524383935e-23
"SNIP1",-0.0542822911757507,5.09282904264842e-24,1.23230630202944e-23
"GLMN",-0.0542862966882532,5.05415311260648e-24,1.22347620056357e-23
"PPDPF",-0.0543206473971371,4.73419745392847e-24,1.14651869195398e-23
"DYNC1LI1",-0.0543853148241375,4.18532890143135e-24,1.01403299453616e-23
"TBC1D15",-0.054394054434939,4.11615895057354e-24,9.97705655666701e-24
"KIZ",-0.0543953796794815,4.10576959402773e-24,9.95618035695862e-24
"DCAF16",-0.054401370327451,4.05912859515963e-24,9.8473405399457e-24
"BCL7C",-0.0544642603271348,3.60007464374186e-24,8.73747003184469e-24
"TARDBP",-0.0544667245311783,3.58317515555335e-24,8.70022251807668e-24
"SREBF2",-0.0544891372229553,3.43303226682861e-24,8.33927733996858e-24
"TTC19",-0.0544914117799486,3.41814779917229e-24,8.30672171143171e-24
"PSME3",-0.054506059979421,3.32381116616915e-24,8.08097083523294e-24
"PDCD2",-0.054524861042498,3.20649995993659e-24,7.79914313172076e-24
"FGD5-AS1",-0.0545295592213144,3.1778314970361e-24,7.73276930498928e-24
"KCMF1",-0.0545340547403986,3.15063741940332e-24,7.66992706270035e-24
"LSG1",-0.0545657868897196,2.9651313046177e-24,7.22146711476645e-24
"ADA2",-0.0545670960071712,2.9577151351349e-24,7.2065372249113e-24
"RPS6KA3",-0.054587529835082,2.84431063442818e-24,6.93323914542649e-24
"NRDE2",-0.0545983600190072,2.78596225977428e-24,6.79396540634251e-24
"TMEM41B",-0.0546239001428582,2.65301613521407e-24,6.47257397550702e-24
"ANKIB1",-0.0546395240690437,2.57480617603682e-24,6.28450078854979e-24
"SNX13",-0.0546534292326039,2.50712336058558e-24,6.12196919944295e-24
"SRM",-0.0546727512328813,2.41599110332969e-24,5.90201139627707e-24
"PITPNB",-0.0546734377767515,2.41281411129072e-24,5.89682088079948e-24
"LMAN1",-0.0546807617249859,2.37917891723357e-24,5.8171547348067e-24
"SH3BP5",-0.054684549593116,2.36196580660292e-24,5.77758899179519e-24
"GLRX5",-0.0546925216245538,2.32614071251748e-24,5.69244216285938e-24
"HBP1",-0.0547417822704388,2.1164094500561e-24,5.18145852254888e-24
"BAZ1B",-0.0547590513410446,2.0474115900056e-24,5.01472663915707e-24
"USP38",-0.0547650634877601,2.02391707673965e-24,4.95934905905073e-24
"RAB2B",-0.054797550136767,1.90150979231978e-24,4.66144395282592e-24
"ZCCHC2",-0.0548441502372494,1.73862519330771e-24,4.26400681982337e-24
"OASL",-0.0548547952629679,1.70340145279544e-24,4.17944909871526e-24
"XPO6",-0.0548565941981834,1.69751911546067e-24,4.1668406145605e-24
"NUS1",-0.0548624663670306,1.67845741340405e-24,4.12185597927972e-24
"LRCH3",-0.0548791995714367,1.62529486271281e-24,3.99305235012827e-24
"PPIL2",-0.0549186757723827,1.50639491945606e-24,3.70256014413675e-24
"FAM117A",-0.0549239094311115,1.49129275772486e-24,3.66704897511632e-24
"CCT3",-0.0549257024170472,1.48615351848933e-24,3.65601594276303e-24
"ZCCHC8",-0.0549369976792519,1.45417891341847e-24,3.58050027715162e-24
"RELCH",-0.0549566568713478,1.40014487516514e-24,3.45048895357319e-24
"TMC6",-0.0549870246424929,1.32056257049243e-24,3.25579966785726e-24
"TRPS1",-0.0549918971043543,1.30821780907764e-24,3.22678371570031e-24
"SIDT1",-0.0549935870025846,1.30396307764016e-24,3.21770545446739e-24
"AC093323.1",-0.0550078300845048,1.26864306374937e-24,3.13192763403147e-24
"BCAS4",-0.055022446338611,1.23338304110274e-24,3.04622237211976e-24
"SMAD2",-0.0550303473453103,1.21472884693449e-24,3.00147286517675e-24
"IRAK4",-0.0550342187770853,1.20569074268471e-24,2.98045475165642e-24
"GFM1",-0.055082500142809,1.09841814462828e-24,2.71647629412924e-24
"ZNF292",-0.0550827198883457,1.097952199378e-24,2.71647629412924e-24
"ATL3",-0.0550889999420666,1.08471851317644e-24,2.68496578968233e-24
"TOP1",-0.0551152668467602,1.03105896024194e-24,2.5532719457339e-24
"EXOC4",-0.0551280767639184,1.00585262318284e-24,2.49195318316385e-24
"PSMD12",-0.0551550700393589,9.54718825233413e-25,2.36631768978684e-24
"MED27",-0.0551750734176191,9.18495544412105e-25,2.27754381897586e-24
"TUBGCP2",-0.0551898069624925,8.92689183198037e-25,2.21453306004506e-24
"EPC2",-0.0551904449371086,8.91588121592435e-25,2.2127811485403e-24
"EIF2AK4",-0.0552131923950858,8.53196071520825e-25,2.11843632467997e-24
"NBN",-0.0552575630559306,7.82961389406365e-25,1.94490940879134e-24
"ERLEC1",-0.0552766980353315,7.54469704386909e-25,1.87496595272028e-24
"RNF216",-0.0552844024997381,7.43290138209143e-25,1.84800263288555e-24
"ITPA",-0.0553084265608222,7.09473195333329e-25,1.76470829411805e-24
"NPIPB5",-0.0553100799980404,7.07202656368425e-25,1.75984177899141e-24
"ELP3",-0.0553399334920149,6.67423831999497e-25,1.66159180565312e-24
"STAT6",-0.055418880920229,5.72596577286276e-25,1.42614720849435e-24
"MIEN1",-0.0554208853429141,5.70371467248515e-25,1.42123686192116e-24
"MCL1",-0.0554392846788672,5.50342510309934e-25,1.3719392472317e-24
"CD2AP",-0.0554508055761265,5.38157662299652e-25,1.34216089876602e-24
"ACBD6",-0.0554530944506695,5.35768901008168e-25,1.33679827304086e-24
"ATXN2L",-0.0554687136169372,5.19746221833721e-25,1.29739769583794e-24
"ME2",-0.0554977699857857,4.91192056879241e-25,1.22666679445244e-24
"NPLOC4",-0.0555261533692027,4.64801420857074e-25,1.16127827128089e-24
"SLC25A36",-0.0555287892069626,4.62423137121057e-25,1.15585158805816e-24
"GGA1",-0.0555577140860431,4.3710370724037e-25,1.09305184086347e-24
"TWISTNB",-0.0555805334481982,4.18102306246791e-25,1.04600237687813e-24
"DERL2",-0.0555876120974102,4.12376058433199e-25,1.03213730748533e-24
"SEC16A",-0.055608361059137,3.96035184023781e-25,9.91680594847751e-25
"NEMF",-0.0556095413181964,3.95125203569433e-25,9.89844273939698e-25
"HSPA4",-0.0556257637766168,3.82825626856036e-25,9.59461007558687e-25
"DCTN6",-0.0556284177365516,3.80849873979616e-25,9.54936328313991e-25
"RPS7",-0.0556508721003763,3.64532961281621e-25,9.14432728300001e-25
"PIN1",-0.0556618755610575,3.56791912513321e-25,8.95415081829222e-25
"CCDC6",-0.0556718487639531,3.49916506130203e-25,8.78553808402177e-25
"AVL9",-0.0556890354278023,3.38374930573015e-25,8.49956571461755e-25
"ZNF830",-0.0556976224650552,3.32750506268322e-25,8.3620351440703e-25
"NME2",-0.0557420444817253,3.05100776172348e-25,7.67063593391582e-25
"AHCTF1",-0.0557614763218864,2.93733414341746e-25,7.38816002680047e-25
"PPP4R2",-0.0557647713938978,2.91847901704088e-25,7.34403071912756e-25
"LAP3",-0.0558226452782548,2.60620140532631e-25,6.56116472392121e-25
"MSL1",-0.0558291368725821,2.57330897101447e-25,6.48126897688319e-25
"PAXBP1",-0.0558309703940072,2.56409338645672e-25,6.46096193242061e-25
"JMJD1C",-0.0558345104054194,2.54639312766518e-25,6.41924745273759e-25
"KPNA6",-0.0559327884208729,2.10054118972065e-25,5.29767453969151e-25
"ZBTB11",-0.0559426020026048,2.06051552715948e-25,5.19906754353973e-25
"MCM3AP",-0.0559489331955778,2.03509518771655e-25,5.13724028466828e-25
"POLR2G",-0.0559581767480235,1.99853857540348e-25,5.04723306740022e-25
"NAE1",-0.0559669539922326,1.96442874624416e-25,4.96332673307135e-25
"OTUD5",-0.0559721692470437,1.94443530361647e-25,4.91502726272742e-25
"XIAP",-0.0560143914413137,1.78982302007369e-25,4.52624918975314e-25
"PAFAH1B2",-0.0560482221662469,1.67478422553109e-25,4.23724189610664e-25
"GTF3C6",-0.0561377774582254,1.40443597667953e-25,3.5580737854033e-25
"ACP1",-0.0561447888923149,1.38519498709209e-25,3.51091483838267e-25
"EFTUD2",-0.0561567951890748,1.35285177551845e-25,3.43048929864497e-25
"EAF1",-0.0561638733121712,1.33413619988852e-25,3.38456281764386e-25
"NUP214",-0.0561726878551542,1.31118766883849e-25,3.32785131167161e-25
"RPL7L1",-0.0562121224942511,1.21321827312073e-25,3.08059592322998e-25
"MIF4GD",-0.0562182294333445,1.19870958337491e-25,3.04513531515548e-25
"ZNF428",-0.0562428403930986,1.14196207679063e-25,2.90229273393865e-25
"FOXN2",-0.056249251407932,1.12762209525259e-25,2.86714801351883e-25
"MT1E",-0.0562730448275533,1.07594476702473e-25,2.73699249859582e-25
"TAF3",-0.0562822122420891,1.05666645053457e-25,2.68917292860842e-25
"PALM2-AKAP2",-0.0562884923285538,1.04365793440813e-25,2.65727354130994e-25
"PDE4B",-0.056289505166127,1.04157486689725e-25,2.65317525186009e-25
"NAIP",-0.056294358576774,1.03165006923782e-25,2.62908912597033e-25
"NNT",-0.0562954954559696,1.0293388339591e-25,2.62439255027606e-25
"ZSWIM8",-0.0563433742918576,9.36524469253151e-26,2.38884074906448e-25
"NFE2L2",-0.0564186740819958,8.07060873149305e-26,2.06048707659622e-25
"POLR2F",-0.0564308363605183,7.87883753716477e-26,2.01244327977536e-25
"FBXO11",-0.0564341038969764,7.82809027097794e-26,2.00039297211858e-25
"CRELD2",-0.0564696100790021,7.29711209090268e-26,1.86555730645158e-25
"RAB5C",-0.0564781230864767,7.17520519778506e-26,1.83522820303001e-25
"ACSS1",-0.0564783906683137,7.17140630711112e-26,1.83509410707994e-25
"POC1B",-0.05647998889196,7.14875761589724e-26,1.8301342018953e-25
"SPG7",-0.0564847456417972,7.08176759247052e-26,1.81381286966201e-25
"CNOT4",-0.0565074220617571,6.77086785138192e-26,1.73497683763806e-25
"MRE11",-0.0565134580939104,6.69041740849505e-26,1.71514634753917e-25
"FAM204A",-0.0565241142482517,6.55069443779445e-26,1.680095726746e-25
"CLPX",-0.056536393215424,6.3932765504254e-26,1.6404726093674e-25
"PSD4",-0.0565965974778286,5.67408276685682e-26,1.45659916745147e-25
"AP2M1",-0.0566142947718481,5.47835643014919e-26,1.40699859920055e-25
"WDR1",-0.0566267100117507,5.34505685047007e-26,1.37339287437113e-25
"LRRFIP2",-0.0566343726233576,5.2643948611809e-26,1.35328755972742e-25
"CAND1",-0.0566378191314416,5.22850903238455e-26,1.34467942255544e-25
"VIRMA",-0.0566582850341138,5.02035385347823e-26,1.29173842951754e-25
"UBA2",-0.0566711178266303,4.89404589773726e-26,1.25981778644555e-25
"FAM98B",-0.0566753222126636,4.85335287224318e-26,1.24991679669351e-25
"SNRNP27",-0.0567050767866912,4.57479615229875e-26,1.17871989137849e-25
"POLE3",-0.0567305229390335,4.34918669774524e-26,1.12110589945558e-25
"LATS1",-0.0567416209463777,4.25427753754572e-26,1.09714548184106e-25
"CDC5L",-0.0567532379333231,4.15712901650496e-26,1.07258522138553e-25
"NOP58",-0.0567603305448804,4.09890067506448e-26,1.05804879700881e-25
"API5",-0.0567762038489021,3.97149834320366e-26,1.02563487167342e-25
"RBBP4",-0.0568858894735191,3.19222046137594e-26,8.24767333589247e-26
"SLC44A2",-0.056886136670352,3.19064792693217e-26,8.24741281481913e-26
"RBCK1",-0.0569014426665228,3.09476052950168e-26,8.00324781141089e-26
"FLOT2",-0.0569116222368463,3.03257596224804e-26,7.84605525966668e-26
"DDX17",-0.0569328879271018,2.90663750514017e-26,7.52369356988706e-26
"ZNF335",-0.0569612115948726,2.74691807091254e-26,7.11684182588714e-26
"ANKLE2",-0.0569718557670147,2.68917082381759e-26,6.97045018347537e-26
"TBC1D22A",-0.057009007208783,2.49688675937934e-26,6.47503627929745e-26
"STAU1",-0.05702551574441,2.41587894533094e-26,6.26786370816417e-26
"TMX1",-0.057064238093497,2.23594703563348e-26,5.80372727544698e-26
"MAP7D1",-0.0571070255799781,2.05254543086204e-26,5.33015041452775e-26
"IRAK1",-0.0571122380988251,2.03124763061443e-26,5.2772886981749e-26
"RB1",-0.0571643275352398,1.8300897988956e-26,4.75687533998651e-26
"LMBR1L",-0.0572346989352815,1.58935652133291e-26,4.1330644758931e-26
"CERT1",-0.0572626443777782,1.50271632477217e-26,3.90957394801451e-26
"MOB2",-0.0572635460254619,1.50000031206273e-26,3.90432036637229e-26
"RBM5",-0.0572671862190061,1.48908443808099e-26,3.87770873188006e-26
"TMEM138",-0.0572723959732398,1.47359878765689e-26,3.83916671595964e-26
"PAPOLG",-0.0573963823370349,1.14870900097914e-26,2.99551663168316e-26
"GCH1",-0.0574057862337244,1.12718798552436e-26,2.94076418569764e-26
"DDHD2",-0.0574696705437703,9.91202600253477e-27,2.58719113731741e-26
"RBM26",-0.0574779096690938,9.74893302929104e-27,2.54580711538429e-26
"CCDC93",-0.0574930598138464,9.4559505595052e-27,2.47044974058122e-26
"KIAA0100",-0.0575044348053801,9.24172770559304e-27,2.41560830513729e-26
"ALYREF",-0.0575269560989675,8.83168258735201e-27,2.30950766306676e-26
"CHD3",-0.0575967847135613,7.67156084095207e-27,2.00706941889334e-26
"KLF10",-0.0575997378457823,7.62597891655951e-27,1.99607593873888e-26
"ISY1",-0.0576120329659829,7.43907111168382e-27,1.94806329485402e-26
"NARF",-0.0576317243482456,7.14914527173754e-27,1.87301590008495e-26
"XIST",-0.0576437830504741,6.97715976940206e-27,1.82881213038958e-26
"HNRNPUL1",-0.0576708158522032,6.60637168055937e-27,1.7324336405173e-26
"ERP44",-0.0576897967117064,6.35776786834887e-27,1.66802112051625e-26
"CCDC84",-0.0577248855647636,5.9223632581488e-27,1.5545163324902e-26
"FAM120A",-0.0577306102219637,5.85418941625036e-27,1.53734196291785e-26
"STXBP3",-0.057758613391928,5.5317555214877e-27,1.45335011450619e-26
"UBXN4",-0.0578340601718478,4.74805881327149e-27,1.2480357218374e-26
"MED1",-0.0578351820010818,4.73727854342999e-27,1.24578643629196e-26
"CUL5",-0.0578409983592199,4.68177388886408e-27,1.23176811611241e-26
"DDX60",-0.0578987220467423,4.16471282191231e-27,1.09624474654751e-26
"TNKS",-0.0579056523577505,4.10657336198731e-27,1.08195755150808e-26
"STAG1",-0.0579624507368824,3.65943476657086e-27,9.64603595101745e-27
"APLP2",-0.0579735061694245,3.57819020315153e-27,9.43631901104054e-27
"NR2C2",-0.0580196411989977,3.25801979340553e-27,8.5960183249739e-27
"UBE2G1",-0.0580550860664439,3.03148389712181e-27,8.0020893826993e-27
"KIAA2026",-0.0580733843417692,2.92072153110026e-27,7.71334753076619e-27
"NFAT5",-0.0581305620497815,2.59983358422821e-27,6.86915012070482e-27
"CWF19L1",-0.058151319644404,2.49220536333845e-27,6.58788625290031e-27
"MEGF9",-0.0581590677452614,2.45317402928612e-27,6.48777124120784e-27
"HNRNPH2",-0.0582167000237158,2.18125938972119e-27,5.77137753540961e-27
"FBL",-0.0582262025512156,2.13939045347944e-27,5.66327071388701e-27
"ATF6B",-0.0582378027467097,2.08935795940379e-27,5.53344140099189e-27
"LSM1",-0.0582423996260141,2.06985385394839e-27,5.48437872223487e-27
"S100A6",-0.0582777321179972,1.92584749808668e-27,5.10522676408598e-27
"HUS1",-0.0582849769377072,1.89757064158819e-27,5.03264830831056e-27
"HYOU1",-0.0583005966489434,1.8379993388331e-27,4.87696415474466e-27
"RNASEH2B",-0.0583013690460395,1.83510214209897e-27,4.87158332748584e-27
"ZNF32",-0.0583608923017254,1.6249374753828e-27,4.31571071660911e-27
"PRDX6",-0.0583784929409432,1.56749742351292e-27,4.16512828893618e-27
"TIMM10B",-0.0583885037117626,1.53573022425004e-27,4.08265283524535e-27
"NDUFA5",-0.0583915212318857,1.52628055839113e-27,4.05945716621921e-27
"DCAF8",-0.0583949967065237,1.51546819850925e-27,4.03261338292776e-27
"VAPA",-0.0583968995686517,1.50958052365129e-27,4.01885475275145e-27
"UBR5",-0.0584196253386941,1.44099345292304e-27,3.83808332232925e-27
"CARD8",-0.0584411011690571,1.37902228130713e-27,3.6747697881337e-27
"ZNF639",-0.0584632468574199,1.31788591337045e-27,3.51352647884301e-27
"PSMD7",-0.0584956717370184,1.23319016340873e-27,3.28928970763565e-27
"TRPV2",-0.0584985178860508,1.22601881134622e-27,3.27171877084963e-27
"ZNF407",-0.0585351735454751,1.13727286151324e-27,3.03778699519552e-27
"DDA1",-0.0586551244225785,8.89073442870272e-28,2.37708376614742e-27
"CTCF",-0.0586605130691155,8.79283616827862e-28,2.35203121179157e-27
"AC092338.3",-0.0586744225043459,8.54505025714512e-28,2.28684153013568e-27
"MYSM1",-0.0586922956216223,8.23679657258821e-28,2.20539933075893e-27
"ZNRF2",-0.058700445863126,8.09991736380148e-28,2.16978665902216e-27
"MOAP1",-0.0588072568648381,6.50146516524197e-28,1.74242997541923e-27
"BRD2",-0.0588128536620186,6.42693626629334e-28,1.72327994432095e-27
"FRAT2",-0.0588305001681079,6.19745279511963e-28,1.66254310501917e-27
"ASXL1",-0.0588382883694005,6.09877421318587e-28,1.63685491813667e-27
"SCAF4",-0.0588544257822429,5.89924156195182e-28,1.58482021635561e-27
"PPP5C",-0.0588899103197926,5.48297487736567e-28,1.47369742027613e-27
"APOL3",-0.0588940504649073,5.43634623547865e-28,1.46186584950203e-27
"TGS1",-0.0589280327246492,5.06818791813033e-28,1.36352016770055e-27
"DYNC1LI2",-0.0589520272337491,4.82323806870405e-28,1.29824333030824e-27
"TIMM17A",-0.0589596092812676,4.74830559180223e-28,1.27868834870061e-27
"BTBD1",-0.058960999899398,4.73468812654251e-28,1.27563424332424e-27
"USP12",-0.0590104883995835,4.2744946820336e-28,1.15220145253085e-27
"FAM199X",-0.0590332375475975,4.07811363734344e-28,1.099795419811e-27
"C8orf76",-0.0590541004100022,3.90589549719294e-28,1.05385837102885e-27
"EMP3",-0.0590574458075004,3.87895931221002e-28,1.04709479699542e-27
"PMM2",-0.0590672563865548,3.80102520000323e-28,1.0265515769069e-27
"CCNC",-0.0590852226683533,3.66230818076341e-28,9.89564852700006e-28
"CAPZB",-0.0591244476156289,3.37666104007396e-28,9.12822405623467e-28
"RUVBL1",-0.059131197348289,3.32978656384777e-28,9.00585130492419e-28
"HECTD4",-0.0591547070767848,3.17150300216543e-28,8.58189416906569e-28
"ZNF791",-0.0591718279295275,3.06095233491938e-28,8.28675211830348e-28
"USP8",-0.0592001508829574,2.88640021824403e-28,7.81797333158024e-28
"GABPB2",-0.0592122200390597,2.81505344440839e-28,7.62841368591133e-28
"AKT2",-0.0592257542177067,2.73712528886624e-28,7.42082734339933e-28
"FNIP1",-0.0592893662010195,2.39858008320477e-28,6.50611945124855e-28
"CEP95",-0.0593116427414338,2.29012670111189e-28,6.21494916853803e-28
"NORAD",-0.059332467986291,2.1931441694787e-28,5.95752783604395e-28
"PHRF1",-0.0593441319706277,2.14061691796637e-28,5.81766110973984e-28
"DCUN1D1",-0.0593894420034291,1.94814566905954e-28,5.29714135342535e-28
"MAP2K3",-0.0594223556152255,1.81919460522711e-28,4.94891580955958e-28
"CAPN15",-0.0594246000697335,1.81071613346564e-28,4.92824342493512e-28
"SMG6",-0.0594548989300776,1.70002554636964e-28,4.62922408253423e-28
"TRIM44",-0.0595056740186522,1.52938125101083e-28,4.1665787703766e-28
"OAS2",-0.0595349046513691,1.43896814788803e-28,3.92216804511892e-28
"FAM3C",-0.0595611826473076,1.36222496106954e-28,3.71479741208453e-28
"DAXX",-0.0595634960218762,1.35566662251741e-28,3.69871263514487e-28
"COX19",-0.0595710283844156,1.33452889487063e-28,3.64281535648076e-28
"CDKN1B",-0.0595983380531613,1.26059640763447e-28,3.44268141734091e-28
"KDM2B",-0.0596014006910746,1.25256295895796e-28,3.42240995709429e-28
"NOM1",-0.0596987296510384,1.0220925151131e-28,2.79405192911895e-28
"TESC",-0.0597307474975671,9.55890766880514e-29,2.61435424968199e-28
"CKAP5",-0.0597413106044586,9.34997310045004e-29,2.55845943627549e-28
"UNC13D",-0.0597436416555785,9.30447949056583e-29,2.54725466854572e-28
"SLC4A7",-0.0597496669962971,9.18790171493501e-29,2.51656897412003e-28
"ARHGAP12",-0.05978245138981,8.57852783418623e-29,2.35081026810658e-28
"RBBP6",-0.0597995282911145,8.27717438840978e-29,2.26933880981646e-28
"BLOC1S2",-0.0598451382555524,7.52281477852655e-29,2.06352687316999e-28
"RWDD1",-0.0598603504688097,7.28670836399534e-29,1.99974112007002e-28
"TMED10",-0.0598973824609461,6.74222748358336e-29,1.85122208809413e-28
"NBPF19",-0.0599076516201671,6.59852393488334e-29,1.81265333975913e-28
"ISG20",-0.0599276889204461,6.32682033390899e-29,1.73886714817195e-28
"UBE2S",-0.0599852981877196,5.60594319242749e-29,1.54225359108314e-28
"CXorf38",-0.0600237256378321,5.17102835159534e-29,1.42330269559628e-28
"INPP5K",-0.0600376784744831,5.02154086058185e-29,1.38283611708603e-28
"CABIN1",-0.0600763754209363,4.62901521685384e-29,1.27536879426003e-28
"ARID4A",-0.0600947551344942,4.45339717689255e-29,1.22758670827869e-28
"ZNF131",-0.0601044273070845,4.36365097145052e-29,1.2034399627957e-28
"ADA",-0.0601221768600714,4.20359921548691e-29,1.15987050731603e-28
"RAB3GAP2",-0.0601290608216274,4.14310467315749e-29,1.14374180238298e-28
"SCLT1",-0.0601393423568415,4.05435795770342e-29,1.11979408550862e-28
"EDRF1",-0.0601574959004055,3.90224374634928e-29,1.07831232517462e-28
"ATG16L2",-0.0601676610833653,3.81955391784342e-29,1.05598323411912e-28
"OTUD4",-0.0601826217007395,3.70100739539419e-29,1.02371399031535e-28
"INSIG1",-0.0601907588964018,3.63806935297158e-29,1.00680200760754e-28
"YPEL3",-0.0602013346822413,3.55785430292618e-29,9.85089699288455e-29
"TNRC6C",-0.060213014335399,3.47130458851694e-29,9.61601132676665e-29
"RABAC1",-0.0602294919233372,3.35274220135426e-29,9.29216978060796e-29
"ELP4",-0.0602712584546786,3.0699123191385e-29,8.51251293243549e-29
"EFR3A",-0.0602729145430284,3.05919961494477e-29,8.48700724858934e-29
"AKAP8",-0.0602749528240622,3.0460655358574e-29,8.45475545465322e-29
"DDX39B",-0.06029664281514,2.90972057976378e-29,8.08031423637078e-29
"CSNK2A2",-0.0603079847261875,2.84085357569956e-29,7.89298137740225e-29
"DPP9",-0.0603163674317439,2.79099625966391e-29,7.75830507894669e-29
"VTI1B",-0.0603296309883939,2.71387729335215e-29,7.54767660146177e-29
"RPL17",-0.0603634775946696,2.52653079394197e-29,7.03012838592394e-29
"CORO7",-0.0603645931951194,2.52057929289982e-29,7.01705233850502e-29
"GMIP",-0.060368709162315,2.49874153499251e-29,6.95971548812028e-29
"AGO3",-0.0603768591646415,2.4560530894374e-29,6.84421756002347e-29
"IRF2BP2",-0.0603855776981897,2.41118765750035e-29,6.72253514061292e-29
"GIT2",-0.060387178347855,2.40303954243478e-29,6.70315261115206e-29
"CAPNS1",-0.0603961791151585,2.35772726975195e-29,6.58003168311252e-29
"SLA",-0.0604400758982501,2.14860282046835e-29,5.99938724758577e-29
"KIAA1143",-0.0604535401573142,2.08822745393179e-29,5.83371218934884e-29
"RP9",-0.0604751754113185,1.99471908606561e-29,5.57526471736242e-29
"LETM1",-0.060476222349237,1.99030111545798e-29,5.56569234083161e-29
"SFI1",-0.0604945656675612,1.91445081056382e-29,5.35625678602079e-29
"SEMA4D",-0.060533875576554,1.76142735511322e-29,4.93058886016708e-29
"PTRHD1",-0.0605571290595245,1.67668724927164e-29,4.69572980755537e-29
"MAT2B",-0.0605706399582264,1.62932219662747e-29,4.56536079495017e-29
"SECISBP2L",-0.0605807337019951,1.59480533720061e-29,4.47087999483353e-29
"ATXN7L3B",-0.060584070467993,1.58355518905593e-29,4.44156320293764e-29
"SRSF2",-0.0606140200499023,1.48603935832777e-29,4.17013748826682e-29
"POLG",-0.0606202154195421,1.46662366722499e-29,4.11771494545535e-29
"PURB",-0.0606202651144847,1.46646895017627e-29,4.11771494545535e-29
"SPECC1L",-0.0606552403412498,1.36150013358244e-29,3.82640258204413e-29
"DENND6A",-0.0606806450519888,1.28996266775399e-29,3.62717049176786e-29
"TOPBP1",-0.0607058990162508,1.22254832024191e-29,3.44106518665779e-29
"NPTN",-0.0607338289366079,1.15205610186725e-29,3.24428261048446e-29
"WDR48",-0.0607431514202584,1.12943693736314e-29,3.18218431220867e-29
"IMPAD1",-0.0608112482085799,9.77052308414152e-30,2.75422592371877e-29
"AFG3L2",-0.0608369564282605,9.24989147343237e-30,2.61009022241264e-29
"VPS13B",-0.0608381599041446,9.22620557972465e-30,2.60471818986282e-29
"FABP5",-0.060844227296989,9.10770531396735e-30,2.57255950501376e-29
"LY75",-0.0608479524565856,9.03570005245985e-30,2.5535079724652e-29
"MAZ",-0.0608794515361089,8.44899424472904e-30,2.38890836263681e-29
"NSRP1",-0.0608855345946651,8.3401251938883e-30,2.35931658690308e-29
"SELENOS",-0.0609058353029471,7.98677837305064e-30,2.26050030316039e-29
"LY6E",-0.0609058931832437,7.98579247592366e-30,2.26050030316039e-29
"DIAPH2",-0.0609144927807644,7.84064622866626e-30,2.22138430057865e-29
"USP1",-0.0609343394570994,7.51558523776809e-30,2.13036619486355e-29
"PXK",-0.060949703044966,7.27316600071694e-30,2.06269343461628e-29
"HMGN3",-0.0609851695560393,6.74277653239159e-30,1.91324150316569e-29
"CWC15",-0.0609964650269981,6.5820558180903e-30,1.8685836273849e-29
"SREK1IP1",-0.061010118511816,6.39285110588827e-30,1.81579004548393e-29
"TSPAN14",-0.0610599351322095,5.74716327874748e-30,1.63322023398078e-29
"DHX40",-0.0610602041556669,5.74385832975534e-30,1.63310918721202e-29
"ZDHHC3",-0.0610685982167453,5.64167958127631e-30,1.6048716940849e-29
"EXOSC9",-0.0610771103148613,5.53990618797013e-30,1.57672088762746e-29
"LCK",-0.061095011717211,5.33177830587037e-30,1.51825638343992e-29
"RASSF3",-0.0611253987905707,4.99610486505309e-30,1.42339459398869e-29
"OGFR",-0.0611329673164627,4.91581454324635e-30,1.40123218211356e-29
"ZNF410",-0.0611484131752063,4.75590986413197e-30,1.3563419276639e-29
"MPPE1",-0.0611503345327322,4.7363833501745e-30,1.35146091111904e-29
"ADNP",-0.0611713057144576,4.52836098518539e-30,1.29276286097702e-29
"SRSF11",-0.0612025036452697,4.23555964251517e-30,1.20978981838201e-29
"FAM177A1",-0.0612215790468962,4.0658706418768e-30,1.1619142823599e-29
"RPS6KB1",-0.0612373553492375,3.93064014978972e-30,1.1238422142562e-29
"DTD1",-0.0612527797671989,3.80274359060527e-30,1.0878292537903e-29
"ZFC3H1",-0.0612748117289108,3.62719020790254e-30,1.03813962845178e-29
"SAMD9",-0.0613345656494499,3.19052371505697e-30,9.13627741399043e-30
"LLPH",-0.0613555912361687,3.04962951055533e-30,8.73728209465853e-30
"NLRP1",-0.0613750898808312,2.92449386477955e-30,8.38305044410466e-30
"UBL3",-0.0613853650396752,2.86061561416772e-30,8.20414017492113e-30
"BMI1",-0.0614782175977371,2.34269223341207e-30,6.72219522582758e-30
"DDX27",-0.0614920799739894,2.27380715136897e-30,6.52787667841788e-30
"THEMIS2",-0.0615242445793373,2.12162135238966e-30,6.09408819005211e-30
"ACSL3",-0.0616335753728567,1.67604831379163e-30,4.8167050002504e-30
"PDCD6IP",-0.0616891525986262,1.48652697763734e-30,4.27643592540023e-30
"KIAA1109",-0.0617556261704344,1.28759860618671e-30,3.70796638698372e-30
"YTHDF3",-0.0617649289320187,1.2619541463728e-30,3.63598510862374e-30
"RPF1",-0.0617650205478602,1.26170413127813e-30,3.63598510862374e-30
"CLTC",-0.061840043543576,1.0726299413716e-30,3.09367894567496e-30
"RAB4B",-0.0618440448120724,1.06337655958218e-30,3.06856963949461e-30
"ATP6V0C",-0.0618492906517674,1.05136490586152e-30,3.03547085649044e-30
"HCFC1",-0.0618520094503235,1.04519262741882e-30,3.019205919616e-30
"ELOA",-0.0618732220706017,9.98254294360861e-31,2.88510421124201e-30
"RSL24D1",-0.06189497604619,9.52291076024117e-31,2.75368379258986e-30
"KRT10",-0.0619137368808156,9.14343081408615e-31,2.64531679308925e-30
"ZNF106",-0.0619319604828575,8.78919877510817e-31,2.54414617436499e-30
"ADD3",-0.061997570026368,7.62303326818161e-31,2.20772498371523e-30
"LMAN2",-0.0620009251332246,7.56771334858177e-31,2.19283689790342e-30
"PPM1G",-0.0620070629362097,7.46754089763451e-31,2.16493011848649e-30
"GSR",-0.0620117727097152,7.3915681655197e-31,2.14401387161348e-30
"ZNHIT6",-0.0620307029684887,7.09386877366019e-31,2.05872815161014e-30
"SPTAN1",-0.0620615211742924,6.63447282332472e-31,1.92640340424413e-30
"TAOK1",-0.0620738754093048,6.45871720680368e-31,1.8763427281974e-30
"MMP24OS",-0.0620850108071765,6.30426564213618e-31,1.83242244079518e-30
"SBNO1",-0.0620939154034198,6.18339882061221e-31,1.79822350756154e-30
"USP15",-0.0620947325430302,6.17242325839362e-31,1.79596365213073e-30
"GNL1",-0.0621461952856613,5.5187817433604e-31,1.6074455763925e-30
"ZBTB8OS",-0.0621464834543662,5.5153223171388e-31,1.60727333672625e-30
"CCT2",-0.0621505790669012,5.46638711916563e-31,1.59384148885558e-30
"CSNK1G1",-0.0621539936888689,5.42591817125362e-31,1.58286545714239e-30
"G2E3",-0.0621629298342439,5.32141211221848e-31,1.55318716025377e-30
"SNHG15",-0.0621835757117758,5.08754220954936e-31,1.48570018459169e-30
"PUM2",-0.06220537229056,4.85170384496372e-31,1.41756769276208e-30
"TTC21B",-0.062227545393367,4.62292753753286e-31,1.35142858217706e-30
"VGLL4",-0.0622357481308998,4.54103533422704e-31,1.32818173345555e-30
"SCFD1",-0.0622363660711134,4.53492476701478e-31,1.32708712242041e-30
"RPS6KA1",-0.0622774112828131,4.14680468783333e-31,1.21414281455684e-30
"ST8SIA4",-0.0622841041546948,4.08672287039878e-31,1.1978030839809e-30
"PRKAR2A",-0.0622906409374322,4.02887659034591e-31,1.18146647892718e-30
"ATP5F1A",-0.0623146296091874,3.82347182315434e-31,1.12181864381973e-30
"SELPLG",-0.0623237589685593,3.7480619337941e-31,1.10026920256585e-30
"MYO9A",-0.0623334140420736,3.66991561045486e-31,1.07789345288203e-30
"FAM136A",-0.0623483398860832,3.55228013030868e-31,1.04388976666229e-30
"RBM23",-0.0623496227410453,3.54234596324872e-31,1.04151662004438e-30
"APAF1",-0.0623873880065378,3.26193902009871e-31,9.59575132211716e-31
"SPRTN",-0.0624307189368155,2.96726200050154e-31,8.73347492164423e-31
"RAB21",-0.0624363833031504,2.93074788366147e-31,8.63053659487065e-31
"MAP2K7",-0.0624836166377917,2.6431321758491e-31,7.78765126890554e-31
"FBXW2",-0.0624907645063004,2.60211987436704e-31,7.67084680481479e-31
"RNF6",-0.0624935686789658,2.58620347386528e-31,7.62793908817948e-31
"ATP5PB",-0.0625119556274825,2.48420777764023e-31,7.33096386829692e-31
"WAKMAR2",-0.0625239845579938,2.41965237803299e-31,7.14422124683712e-31
"RBM6",-0.0625362090408286,2.35575380587099e-31,6.95922210232001e-31
"CARNMT1",-0.0625493120182174,2.28912254958048e-31,6.76595082692459e-31
"DNAJC21",-0.0625801912811827,2.13940387583627e-31,6.3267648127633e-31
"SUCO",-0.0625852199243647,2.11596038223967e-31,6.26074022284641e-31
"TMEM242",-0.0626616065566594,1.78966272485528e-31,5.29808236137823e-31
"GNL3L",-0.0626623545793164,1.78672815067131e-31,5.29219056890169e-31
"RSRC2",-0.0627228005813043,1.56472437367325e-31,4.63707847174241e-31
"MARK2",-0.0627231345517476,1.56357721918173e-31,4.63613054830392e-31
"EIF4G1",-0.0627370685478292,1.51645225552699e-31,4.49878159871533e-31
"RBM48",-0.0627647760667524,1.42689462552589e-31,4.23758213113252e-31
"DHRS7",-0.0627765670278017,1.39039488518197e-31,4.13137483380687e-31
"LRPAP1",-0.0628224091576978,1.25708525380201e-31,3.73724443623686e-31
"ZNF121",-0.0628347288075683,1.22347644523577e-31,3.6392579613064e-31
"CNN2",-0.0628480753421417,1.18807240556854e-31,3.53582462071488e-31
"TXNRD1",-0.0629047879735419,1.04863316255462e-31,3.12249747234648e-31
"TRIM52",-0.0629134990953622,1.02870567394854e-31,3.06478819606997e-31
"PTAR1",-0.0629389982849765,9.72509369932939e-32,2.89890558994904e-31
"EPS15L1",-0.0629426843063708,9.6464215618361e-32,2.87698490859657e-31
"PCGF5",-0.0629914678695772,8.66284548984571e-32,2.58639244140093e-31
"ARMC8",-0.0630089984474844,8.33427653434182e-32,2.48962077283857e-31
"TMEM87A",-0.063031915414129,7.92334526868744e-32,2.3681294339053e-31
"GOLPH3",-0.0630415327798166,7.75694543221084e-32,2.31963298837298e-31
"HNRNPA0",-0.0630468510847875,7.66642271733692e-32,2.29378712802755e-31
"N4BP2L1",-0.0630637898855987,7.38504023354388e-32,2.21077806991346e-31
"APOL2",-0.0630795803066917,7.1319790864862e-32,2.13616305722441e-31
"ETFA",-0.0630844629870845,7.05548499239792e-32,2.11438170574321e-31
"CUX1",-0.0630870772907787,7.01486363976406e-32,2.10333311060662e-31
"GAPVD1",-0.0631983121730009,5.48563715422261e-32,1.64657260911963e-31
"PSMA4",-0.0632036510861184,5.42121583306411e-32,1.62810790613565e-31
"SP140",-0.0632351580951614,5.05605223171757e-32,1.51925558748232e-31
"RLF",-0.063270321332383,4.67728950303499e-32,1.40619798149185e-31
"PIAS2",-0.0633668039687797,3.77666681823277e-32,1.13604084000947e-31
"COG3",-0.0634379248597296,3.22514477832233e-32,9.706611889215e-32
"SPTBN1",-0.063477070504056,2.95651975397334e-32,8.90292138703204e-32
"ZNRD2",-0.0635242662103085,2.66204081041833e-32,8.0204713449378e-32
"CDK11B",-0.0635434891367219,2.55062072831798e-32,7.68890724125549e-32
"ABCF1",-0.0635501746377188,2.51296571428548e-32,7.57947247731745e-32
"ZFAND3",-0.0635634368565227,2.43989436316617e-32,7.36304147075024e-32
"SUMO3",-0.0635809290929511,2.34673402160177e-32,7.08572061263809e-32
"LENG8",-0.0636081882890135,2.20854992585192e-32,6.6720829026815e-32
"HPS3",-0.0636188696372878,2.15663409818401e-32,6.51875808318402e-32
"SELENOT",-0.0636864919345483,1.85495643896856e-32,5.61294594167376e-32
"FBXL20",-0.0636899995951519,1.84050594518866e-32,5.5722286962924e-32
"FERMT3",-0.0637211559222438,1.71696003298056e-32,5.20099677017464e-32
"DOCK10",-0.0637562556248245,1.58761845155628e-32,4.8144014082908e-32
"HEXA",-0.063761947418902,1.56757612028759e-32,4.75619738932952e-32
"PSMD6",-0.0637673375687306,1.5488276601901e-32,4.70185818402237e-32
"INO80",-0.0637723939316228,1.53144268333607e-32,4.65160151621428e-32
"TAF1",-0.0637895678071629,1.47382898367613e-32,4.47903341893766e-32
"ADH5",-0.0638387199866059,1.32056309991121e-32,4.01542898095627e-32
"CPNE3",-0.0638740406663661,1.2203042551945e-32,3.71258688713898e-32
"CD2BP2",-0.0639095241360306,1.12719760013087e-32,3.43118704569984e-32
"SF3B5",-0.0639202591321997,1.10044540742326e-32,3.35157394739129e-32
"ARHGEF6",-0.0639355133553325,1.06351218116801e-32,3.24084951781703e-32
"YAF2",-0.063942563268256,1.04686157523078e-32,3.19184562981137e-32
"NDEL1",-0.0639982228636649,9.2417936321376e-33,2.81932561320082e-32
"UFM1",-0.0640300971220368,8.60468832624276e-33,2.62782961200351e-32
"DDX42",-0.064030672148478,8.59360460297026e-33,2.62587569220531e-32
"ENY2",-0.0640382768188149,8.44835015169419e-33,2.58289984997786e-32
"CRNKL1",-0.0640405830250951,8.40478377433975e-33,2.57098298424672e-32
"RBM4",-0.0640441932061468,8.33703168243188e-33,2.55165076725004e-32
"ABT1",-0.0640505425101018,8.21918778643491e-33,2.51695783361646e-32
"PPP6R2",-0.0640544141620849,8.14814286469691e-33,2.49656602590276e-32
"CSNK1E",-0.0640686976302428,7.89127606038094e-33,2.41918550560037e-32
"PTK2B",-0.0640993414293161,7.36701013737905e-33,2.25970031800067e-32
"ARPC1B",-0.0641269109778562,6.92497766879895e-33,2.12527792201256e-32
"BICRAL",-0.064142483714002,6.68704230251121e-33,2.053380003467e-32
"SRP54",-0.0641522892154262,6.54140841601333e-33,2.00976166465673e-32
"ANKRD17",-0.0641752123471733,6.21312128984134e-33,1.90994688471042e-32
"PIGT",-0.0641800146016186,6.14644844061462e-33,1.89048831290913e-32
"RAB8A",-0.0641848988869958,6.07936555051464e-33,1.8708821825966e-32
"HNRNPA1",-0.0642095303892681,5.75198639266439e-33,1.7720798100325e-32
"VHL",-0.0642183596259772,5.63895019532816e-33,1.73821105030908e-32
"ECD",-0.0642400863709997,5.37010013270093e-33,1.6562488246371e-32
"SLAIN2",-0.0642736853839916,4.97919737417504e-33,1.53737862726595e-32
"MYO5A",-0.0642776629435135,4.93483361261016e-33,1.52452081395079e-32
"COPB1",-0.0643271524694976,4.41460529686822e-33,1.36455863671536e-32
"BTG3",-0.0643316940639439,4.36968561156517e-33,1.35141932490128e-32
"FBXW4",-0.0643564248688627,4.132928964338e-33,1.2789030323661e-32
"SQSTM1",-0.0643696875273055,4.01125515368308e-33,1.24193778349392e-32
"EMC7",-0.0643926093112539,3.8092967466367e-33,1.18006075003605e-32
"TNRC6B",-0.064396815560976,3.77334862104227e-33,1.16957111019474e-32
"FLOT1",-0.0644165289751823,3.60930963709252e-33,1.11996518307123e-32
"SRP19",-0.0644467815253791,3.37124495590274e-33,1.04667350320659e-32
"TBPL1",-0.0644718308300209,3.18597843468225e-33,9.89701948334775e-33
"PPIP5K2",-0.0645613767500865,2.60263478061458e-33,8.09387642095679e-33
"REXO1",-0.0646761967853193,2.00731932553038e-33,6.24598417560925e-33
"HNRNPAB",-0.0647109169172796,1.8555338245778e-33,5.77689530718556e-33
"PSMD2",-0.0647313250693765,1.77169413727047e-33,5.51894049208655e-33
"BAZ1A",-0.0647769556633648,1.59760272042167e-33,4.97940247232649e-33
"FUBP1",-0.0648147673264573,1.46629762307608e-33,4.57269442388335e-33
"UBE4A",-0.0648322153973654,1.40937798995657e-33,4.39763599984221e-33
"EXOC2",-0.0648389500413692,1.38799987363961e-33,4.33334333809268e-33
"RAP2C",-0.0649624866386326,1.04834156633135e-33,3.27475258512869e-33
"MOB3A",-0.0649961804710928,9.70999302883431e-34,3.03484667783533e-33
"THOC2",-0.0650223031499984,9.14960292024279e-34,2.86129323465628e-33
"CERK",-0.0651195937104246,7.33095470187356e-34,2.29640414473446e-33
"MAD1L1",-0.0651504406467057,6.83307588940757e-34,2.14164190627741e-33
"CNOT6",-0.0651766553468597,6.43646516988376e-34,2.01846395142857e-33
"KIAA0232",-0.0652486315712644,5.46125964911994e-34,1.71360017209788e-33
"ATP13A3",-0.0652750741320359,5.14113426853704e-34,1.61405694346675e-33
"EP400",-0.0653313348253792,4.52071419058815e-34,1.42007187915112e-33
"CLASP1",-0.0653751628937661,4.08944386569555e-34,1.28531931706999e-33
"MARCH6",-0.0654351884939699,3.56436504568914e-34,1.12091479888002e-33
"BAG5",-0.0654354726961898,3.56204556544163e-34,1.12081433737984e-33
"MCPH1",-0.0654464837377194,3.47332545298701e-34,1.09412680374026e-33
"CD3D",-0.0654555105281188,3.4022332836806e-34,1.07233494498009e-33
"RETREG3",-0.0654682626905789,3.30425809085989e-34,1.04204064947546e-33
"CDK5RAP2",-0.0655032957052577,3.04928982872563e-34,9.62174560820858e-34
"SH3BGRL",-0.0655404271476797,2.80036210926885e-34,8.8412559213198e-34
"UBA6",-0.0655638341778147,2.65392754204364e-34,8.38365836844e-34
"MED6",-0.0656659674114383,2.09901793985838e-34,6.63445941058453e-34
"SENP2",-0.0656867944103951,2.00088835101372e-34,6.33143891534777e-34
"VEZF1",-0.0656938673992228,1.96861060227276e-34,6.23282136448392e-34
"KIF21B",-0.0657130827813952,1.88350879950201e-34,5.96675144850723e-34
"ATMIN",-0.0657278743029574,1.82049795775459e-34,5.77040189776964e-34
"HOOK3",-0.0657721115798833,1.64427789358085e-34,5.21774253433018e-34
"RNF167",-0.0658343586913867,1.42465372112897e-34,4.52337646074037e-34
"PABPN1",-0.0658505760318722,1.37238969992188e-34,4.3599046929491e-34
"SUPT6H",-0.0658595635116079,1.34425049562444e-34,4.27293237520101e-34
"RPAP2",-0.0658969872495558,1.23311238596096e-34,3.92188525024133e-34
"VRK1",-0.0659072458437629,1.20427484194038e-34,3.83234310859392e-34
"HERC1",-0.0659466335027569,1.09964450251308e-34,3.50335860834752e-34
"UBE2Q1",-0.0659528706194625,1.08392560193583e-34,3.4552440689695e-34
"APC",-0.0660013433254539,9.69135612045958e-35,3.09108478651426e-34
"SEC63",-0.0660352172483203,8.96169442750078e-35,2.85998494144159e-34
"UBE2I",-0.0660362889003197,8.93952377622811e-35,2.85453511350327e-34
"IRF9",-0.0660418842443459,8.82464763556136e-35,2.81945982609384e-34
"ATP6V0A2",-0.0660863375377891,7.96260375192156e-35,2.54548952799592e-34
"UHRF2",-0.066086867275821,7.95285261086974e-35,2.54382340361382e-34
"RAB6A",-0.0661130039709346,7.48619185496693e-35,2.39592342405681e-34
"ORMDL1",-0.0661268744618075,7.24969562685503e-35,2.32155967387975e-34
"DDX52",-0.0661430349886594,6.9835012180674e-35,2.2375952444854e-34
"MRPL47",-0.066147933767515,6.90474388216043e-35,2.21362612789628e-34
"LARP4B",-0.0661939771375517,6.20631747469692e-35,1.99085306973106e-34
"MAP4K1",-0.0662011498912729,6.10402423347161e-35,1.95916104263316e-34
"MATR3.1",-0.0662185378189038,5.86294794674983e-35,1.8828630540737e-34
"TSPAN3",-0.0662246893509283,5.77994474142182e-35,1.85727123457155e-34
"MAGOH",-0.0662261712221503,5.76012484258993e-35,1.85196440722168e-34
"SLCO3A1",-0.066227968630182,5.73617526704691e-35,1.84532297339443e-34
"UBE2J1",-0.0662574162659327,5.35759612302621e-35,1.72452433506254e-34
"CYB561D2",-0.0662614956880722,5.30714730582386e-35,1.70926744263431e-34
"ARFGAP2",-0.0662948857577774,4.91157636888717e-35,1.58277596154363e-34
"USP14",-0.0663132739385571,4.70638813885817e-35,1.51752584178142e-34
"PLEKHM1",-0.0663413624410447,4.40928219077025e-35,1.42254561871482e-34
"FBXO32",-0.0664036804952685,3.81499451072781e-35,1.23223223274459e-34
"MYD88",-0.0664133337434809,3.73034754008714e-35,1.20558636762678e-34
"USP7",-0.0664267925066118,3.61543685582007e-35,1.1691233779582e-34
"WDFY1",-0.066448370288939,3.43850176104879e-35,1.11254987695828e-34
"RNF139",-0.0664491641394535,3.43215902621867e-35,1.11113917867877e-34
"LAMTOR1",-0.0664655956453688,3.303453524126e-35,1.07008980053191e-34
"PSMB6",-0.0664712685710153,3.26014134710165e-35,1.05667045165747e-34
"CRIPT",-0.0665102540034685,2.97737416743846e-35,9.65578983467888e-35
"GATAD2B",-0.0665152184589956,2.94316176615931e-35,9.55036394762988e-35
"ATG5",-0.0665481075956977,2.72616628382617e-35,8.8513533340451e-35
"SOS2",-0.0665708379475163,2.58556147956821e-35,8.3997023371016e-35
"GCC2",-0.0665944905364102,2.44689883069315e-35,7.95384051461974e-35
"PRKCQ",-0.0666180277663991,2.31625037435728e-35,7.53352704463041e-35
"MYL12B",-0.066618337362335,2.31457891758607e-35,7.53246240078532e-35
"FLI1",-0.0666828832507411,1.99103314293282e-35,6.48329444102007e-35
"TET2",-0.0666848623848219,1.98185724373763e-35,6.45716743831727e-35
"ADPGK",-0.066716656930508,1.84007764492463e-35,5.99871734855009e-35
"ARID2",-0.0667395864370248,1.7441290491751e-35,5.68923119416606e-35
"MTSS1",-0.0667408170922508,1.73912232241463e-35,5.67620354968642e-35
"CDS2",-0.066751930820538,1.69454980211686e-35,5.53394935376627e-35
"TNRC18",-0.0667771740877276,1.59748214956215e-35,5.21999414935644e-35
"ZRANB1",-0.0667816842586697,1.58073043888207e-35,5.16826918290263e-35
"PRKAR1A",-0.0668282331519526,1.41771465192885e-35,4.63798768792135e-35
"SP110",-0.0668421644005637,1.37225773281626e-35,4.49189972821398e-35
"ZMYND11",-0.0668852299763171,1.24069658587946e-35,4.06600214460147e-35
"PDS5A",-0.0669416608221691,1.08709887998865e-35,3.56471745082292e-35
"FOXO3",-0.0669553198269339,1.05285617423406e-35,3.45445316183117e-35
"DENND4B",-0.0669962187880071,9.56602648234277e-36,3.14048110176033e-35
"PSMA6",-0.0670274584591319,8.89018396022992e-36,2.92031599725255e-35
"SDHA",-0.0670439191174011,8.55338302555808e-36,2.81132894282859e-35
"HOTAIRM1",-0.0670682286841824,8.07904127382968e-36,2.65698047526652e-35
"CASP4",-0.067072679132808,7.99507668590214e-36,2.63091073093339e-35
"KDM4C",-0.0670960393488676,7.56836691671635e-36,2.49195817868851e-35
"EIF2S3",-0.0671695869148711,6.36724565313414e-36,2.09894380236257e-35
"PHKB",-0.0671952253102035,5.99473522389315e-36,1.97730995848718e-35
"DCTN1",-0.0671980912028043,5.95446537821303e-36,1.96518397994734e-35
"MAST3",-0.0672381018125919,5.4195449229211e-36,1.78969532987919e-35
"RIT1",-0.0672421189456617,5.36855076432481e-36,1.77390085396676e-35
"FIP1L1",-0.0672759415900719,4.95768069130274e-36,1.63910575776168e-35
"XRCC6",-0.0673189884760799,4.47965521030617e-36,1.48193552529845e-35
"PDE3B",-0.0673301195552801,4.36368810934092e-36,1.44442458149714e-35
"OSER1",-0.0673311816717317,4.35277979659743e-36,1.44166536525603e-35
"AKAP9",-0.0673371918140191,4.2915620559745e-36,1.42223026384868e-35
"SLC25A6",-0.0673400060554767,4.26319178286444e-36,1.4136643048031e-35
"VPS13A",-0.0673422939570787,4.2402649307564e-36,1.4068942967412e-35
"SMAD3",-0.0673840510498636,3.84270307095933e-36,1.27574099583271e-35
"KDM6A",-0.0673888603630338,3.79936266758868e-36,1.2621000823454e-35
"TBK1",-0.0674022774219143,3.68100233245639e-36,1.22350753683782e-35
"LAIR2",-0.0674031352459326,3.67356078774737e-36,1.2217587332069e-35
"CHRAC1",-0.0674178415356091,3.54828535207079e-36,1.18079519673425e-35
"ZNF22",-0.0674254027331768,3.48553731921862e-36,1.1606031572728e-35
"TCHP",-0.0674926362996413,2.9739243412763e-36,9.90836623573862e-36
"GBP2",-0.0675793073446346,2.42302710507218e-36,8.07771796360766e-36
"TAF10",-0.0676388988164734,2.10435481002989e-36,7.01952640202827e-36
"CCPG1",-0.0676561280867781,2.02024128382457e-36,6.74296137853062e-36
"PKN2",-0.0677114118839064,1.77226302061571e-36,5.91880927743172e-36
"MVD",-0.0677440336531017,1.64038468214039e-36,5.48491393718065e-36
"NUP98",-0.0678266726493552,1.34834441770067e-36,4.51111768166839e-36
"BCAP29",-0.0678526041428946,1.26783194999204e-36,4.24428330212389e-36
"LCP2",-0.0679040654936422,1.12193412712475e-36,3.75811048918534e-36
"LUC7L",-0.0679318212220676,1.05030206130227e-36,3.52027078441262e-36
"MTDH",-0.0679444837781756,1.01915061542799e-36,3.41790547507985e-36
"RELA",-0.0679618940198135,9.7781323736254e-37,3.28123675579621e-36
"SMC5",-0.068002477078352,8.87812360481924e-37,2.98100687126465e-36
"CISD3",-0.0680099413749797,8.7217887903342e-37,2.93027004682451e-36
"OS9",-0.0680215621718646,8.48382716047275e-37,2.85203163810973e-36
"HMGXB3",-0.0680538366900615,7.85624822599516e-37,2.64264196029273e-36
"XBP1",-0.0680793953868636,7.39217994363693e-37,2.48803461886735e-36
"PHAX",-0.0680878208734935,7.24525158561639e-37,2.44004746909821e-36
"AC044849.1",-0.0681824107140129,5.78221113100744e-37,1.94849736489271e-36
"ERO1B",-0.068183973394294,5.76068936303506e-37,1.94241294768041e-36
"KMT2D",-0.0682219706526893,5.26119616677009e-37,1.77505980244308e-36
"NAP1L4",-0.0683164086630873,4.19846249300509e-37,1.41736047053015e-36
"SEC14L1",-0.0683442029737142,3.92847125210196e-37,1.32701343561057e-36
"IKZF5",-0.0683502047832096,3.87247537390223e-37,1.30888733385694e-36
"CPNE1",-0.0683911099514176,3.51139939584359e-37,1.18756078541385e-36
"CD96",-0.068423616460703,3.24849010922911e-37,1.09930788478985e-36
"INO80D",-0.0684379652593037,3.13875395018604e-37,1.06281432851012e-36
"AC092821.3",-0.0684591570729836,2.98338858111717e-37,1.0108167840738e-36
"PNKP",-0.0685106446656943,2.63702965383178e-37,8.94005697524097e-37
"MADD",-0.0685263207184895,2.5397408859958e-37,8.61544063263949e-37
"WDR11",-0.0685519217664967,2.38846868201271e-37,8.10719472683177e-37
"DRAP1",-0.0685890798580593,2.18470336591268e-37,7.42004706822707e-37
"WASHC2A",-0.0686277535313692,1.9909648627969e-37,6.76614135301022e-37
"MGA",-0.0686536783313406,1.87075336184514e-37,6.36146956297339e-37
"RECQL",-0.0686587998910683,1.84787275153619e-37,6.28747959903389e-37
"RCN2",-0.0686645670024912,1.822440942228e-37,6.20471387621245e-37
"PHF20L1",-0.0686708629226869,1.79507426726109e-37,6.11525604482137e-37
"CLASP2",-0.0686739882479542,1.78164142052958e-37,6.07318644808258e-37
"GPBP1",-0.0686996063130144,1.67523351625764e-37,5.71394316805101e-37
"SENP5",-0.0687319809939294,1.54975250547687e-37,5.28916750346673e-37
"WAS",-0.0687873188956885,1.3565291249028e-37,4.63253456182527e-37
"PPHLN1",-0.0688029567134214,1.30640472344675e-37,4.46408053060706e-37
"JADE2",-0.0688105353512242,1.28277932732416e-37,4.38602522899608e-37
"SASH3",-0.068852553803249,1.1592923676606e-37,3.9662237047436e-37
"C1orf174",-0.0688803769366704,1.08410204451832e-37,3.71124487323193e-37
"AGO1",-0.0688813543736804,1.08155063037388e-37,3.70477367519267e-37
"RSU1",-0.068886239532533,1.06888803456197e-37,3.66363825424175e-37
"ZCCHC17",-0.0688916210689858,1.05510932740737e-37,3.61862464552686e-37
"RLIM",-0.0689357771561375,9.48521368647861e-38,3.25506047146516e-37
"ARF5",-0.0689834578743591,8.45418554201843e-38,2.90301812361956e-37
"PPP1R15B",-0.0689992689885515,8.13752136285344e-38,2.79599446458803e-37
"ZNF92",-0.0690074571241561,7.97819269350202e-38,2.74293201560646e-37
"ARCN1",-0.0690364145303903,7.4391990302382e-38,2.56076605438912e-37
"POLR2A",-0.0690544077481865,7.12268320853388e-38,2.45332001847719e-37
"ATG13",-0.0690937993463606,6.47571793024423e-38,2.23185260031296e-37
"MAPK9",-0.0691125382435633,6.18879966408205e-38,2.13427897338559e-37
"VAMP5",-0.0692069059672935,4.9250527374598e-38,1.70055425389555e-37
"RNF38",-0.069232007220795,4.6344982223745e-38,1.60121627855652e-37
"AGTRAP",-0.0692343321452328,4.60846467983254e-38,1.59320395223822e-37
"NELFCD",-0.0692589609940207,4.34145137959317e-38,1.50182058834815e-37
"DMXL1",-0.0692863161491016,4.06287497445862e-38,1.40632188739136e-37
"CDC25B",-0.0693469688041459,3.50698152660107e-38,1.21465540637036e-37
"AATF",-0.0693810471314016,3.22853964461319e-38,1.11890761709414e-37
"HAUS2",-0.069447295202766,2.74861014085084e-38,9.53759209246321e-38
"ICE1",-0.0694679487049498,2.61402473407549e-38,9.07620483876027e-38
"DTX3L",-0.069536250730954,2.21390330597391e-38,7.69647278329887e-38
"SMARCD1",-0.0695660923564976,2.05879519560828e-38,7.16169352960198e-38
"FBXW5",-0.0695779510376189,2.00020088459883e-38,6.96218991136139e-38
"TRA2A",-0.0696451828078185,1.69801487446317e-38,5.91403067525891e-38
"PPP1CB",-0.0696465708103335,1.69228007998935e-38,5.89772236832109e-38
"ATAD2B",-0.0696515957144222,1.6716793037593e-38,5.82955246936349e-38
"MAPKAP1",-0.0696692459474959,1.60127416961318e-38,5.58750961800266e-38
"UGGT1",-0.0696731240210526,1.58620434806925e-38,5.53837331251097e-38
"IL12RB1",-0.0696755600305555,1.57681043357638e-38,5.50900602852994e-38
"C9orf16",-0.0696845796775675,1.54250720857226e-38,5.39252052204551e-38
"PUM1",-0.06968666554959,1.53468051060057e-38,5.36850785356154e-38
"HECA",-0.0697035946936089,1.47260154568654e-38,5.15456531044809e-38
"MKNK1",-0.0697220008675495,1.40793628675246e-38,4.9312968443505e-38
"PDS5B",-0.0697636145140682,1.27195674490148e-38,4.45781463316315e-38
"PTEN",-0.0697785284623578,1.22647045972548e-38,4.30108914662177e-38
"PHACTR4",-0.0697815513918835,1.21744980762175e-38,4.27212819155434e-38
"ITGB7",-0.0698028131585445,1.155839589935e-38,4.05847434962141e-38
"FTL",-0.0698101098943521,1.13541844443733e-38,3.98926956904502e-38
"USP25",-0.069885652473572,9.43973987117707e-39,3.31871406763339e-38
"ING3",-0.0699367078359667,8.33125974646976e-39,2.93084617823079e-38
"AP1G1",-0.0699431029362203,8.2018668375458e-39,2.88713955763861e-38
"TRIR",-0.0699768831644982,7.55082138420443e-39,2.65963564029426e-38
"CD53",-0.0700186203357384,6.81696633552072e-39,2.40265907825523e-38
"TRAM1",-0.0700267777091284,6.68204894305728e-39,2.35658919300774e-38
"IFI16",-0.0700307088366233,6.61798202712388e-39,2.33546418639813e-38
"ERAP1",-0.0701318570295704,5.16402749004124e-39,1.82466645991117e-38
"SRP14",-0.0702203369592204,4.15544635270452e-39,1.4692190132843e-38
"ANKHD1",-0.0702474092707566,3.88793659926572e-39,1.37637376514751e-38
"STRAP",-0.0702490846056253,3.87195643534167e-39,1.37158305079992e-38
"POM121",-0.0702520098852353,3.8442100901115e-39,1.36261564484408e-38
"RBM28",-0.0702681217064945,3.69489453689002e-39,1.31051829017289e-38
"METRN",-0.0702687534836065,3.68915855570382e-39,1.30931251084004e-38
"SLC25A42",-0.0703080350733312,3.34937244458194e-39,1.1894729518021e-38
"BECN1",-0.0703363689395998,3.1237789957496e-39,1.11006071605458e-38
"GLG1",-0.0703427708435017,3.07493740262814e-39,1.0933977921528e-38
"ACAP2",-0.0704219384363787,2.53017139074471e-39,9.00831033909362e-39
"PTPN18",-0.0704224881083871,2.52674618566409e-39,9.00183447200352e-39
"HIVEP3",-0.0704717739278627,2.23764736187794e-39,7.97695662593127e-39
"SLMAP",-0.0704828563191922,2.1773123279812e-39,7.76680985741989e-39
"NRAS",-0.0704927811918476,2.12465349649743e-39,7.58379502826216e-39
"POLR3E",-0.0705672317105983,1.76799414750751e-39,6.31474773908991e-39
"KDM3A",-0.0705808244625572,1.70962547134621e-39,6.11016654427562e-39
"ANKRD36C",-0.0706119975696332,1.58290015929983e-39,5.66086310958279e-39
"TNKS2",-0.0706235151522706,1.53848016100174e-39,5.50551904358477e-39
"SREK1",-0.0706407931337589,1.47415776724396e-39,5.27870934673172e-39
"MNAT1",-0.0706579476933557,1.41294104141154e-39,5.06273759339532e-39
"CD46",-0.0707059895124061,1.25462736965677e-39,4.49835686471947e-39
"CTDSP1",-0.0707455827796327,1.13750956801608e-39,4.08105225298469e-39
"RBM22",-0.0707763807256587,1.05398199970436e-39,3.78380213090535e-39
"PPP6R3",-0.0708098489076642,9.70115133287147e-40,3.48495205573152e-39
"COQ10B",-0.0708745625972128,8.26317015988421e-40,2.97028900423291e-39
"ADAM17",-0.070887528714915,8.001631760951e-40,2.87812223288636e-39
"PGGT1B",-0.0709009317855509,7.7399298163821e-40,2.78577820751479e-39
"NPRL2",-0.070916453745813,7.44747433349421e-40,2.68223947075203e-39
"PPP2R2D",-0.0709186728149601,7.40657162111489e-40,2.66922362474134e-39
"MNDA",-0.0709414295326608,6.99978895511101e-40,2.52424821778907e-39
"FRYL",-0.0709437003214415,6.96043770017172e-40,2.51167372001045e-39
"CCDC88B",-0.0709875493204202,6.24227084710987e-40,2.2554278418571e-39
"RNF220",-0.0710347597155181,5.55124699121253e-40,2.00704439604871e-39
"MDM4",-0.0710692169986258,5.09543176944722e-40,1.84343445035392e-39
"KIF5B",-0.0710719612043698,5.06077251799731e-40,1.83207811310445e-39
"SSR4",-0.0710726710081845,5.05184593702462e-40,1.83002874150523e-39
"MPHOSPH10",-0.0711336216735055,4.34093867421673e-40,1.57352007311194e-39
"PARN",-0.0712216454332522,3.48627030493075e-40,1.26453454943896e-39
"NCOR2",-0.071251333669378,3.23756352941204e-40,1.1758461450956e-39
"ATP5IF1",-0.0712605311830247,3.16415428136703e-40,1.14992999953183e-39
"G3BP1",-0.0713050583031451,2.8315085150043e-40,1.02970627631954e-39
"RNASEH1",-0.071317707946384,2.74351925993261e-40,9.98355969653398e-40
"ARHGAP35",-0.071418208030803,2.13451044641079e-40,7.77244739550753e-40
"GSK3B",-0.0714242130482506,2.10271274916886e-40,7.66163995210813e-40
"KCTD20",-0.0714364555756199,2.03933800077656e-40,7.43555638018987e-40
"BIN1",-0.0714414997233219,2.01378230645522e-40,7.34715888370773e-40
"UCHL5",-0.0714549026003148,1.94741472205498e-40,7.1096495781082e-40
"ERGIC1",-0.0714903716865587,1.78209028312911e-40,6.51032199912356e-40
"HNRNPUL2",-0.0715111961335424,1.69160897072978e-40,6.18380735288304e-40
"KLC1",-0.0715237131650197,1.63943678314761e-40,5.99699982556082e-40
"RRP1B",-0.0715864319503309,1.40115787556198e-40,5.12873202785718e-40
"NF1",-0.0716923716104079,1.07433677571604e-40,3.93502175889716e-40
"CRACR2A",-0.0717626554198559,9.00578720538921e-41,3.30074764545462e-40
"EAPP",-0.0718023590747289,8.15091221949065e-41,2.98937906269801e-40
"USF2",-0.0718210925406854,7.77607189150413e-41,2.85377255271704e-40
"RPLP0",-0.0718653479745849,6.95725845561227e-41,2.55494602786705e-40
"WAPL",-0.071924515969405,5.99496471396025e-41,2.20300211521529e-40
"EIF4EBP2",-0.0719393915571548,5.77462853884701e-41,2.12342639971776e-40
"UBE2G2",-0.0719395399312331,5.77247190079247e-41,2.12342639971776e-40
"GPS2",-0.0719623576711579,5.4501692786169e-41,2.00675089601637e-40
"CCNT2",-0.0719828628238674,5.17583337089672e-41,1.90824804016482e-40
"MED13L",-0.0719857314196554,5.13856605254858e-41,1.89575537580528e-40
"GFI1",-0.0720138415822118,4.78720295257789e-41,1.76729152478567e-40
"BRD4",-0.0720624596730558,4.23498807859968e-41,1.56446098829747e-40
"REC8",-0.0721272314140184,3.59650681277382e-41,1.32947389042114e-40
"PARP9",-0.072216373126944,2.87146044202354e-41,1.06215606053465e-40
"PPP2CA",-0.0723047986314946,2.29610161102911e-41,8.4989124360681e-41
"FAM76B",-0.0723070651117513,2.28297113329023e-41,8.45589572436116e-41
"MBD5",-0.0723448153769478,2.07493443201961e-41,7.69043158534252e-41
"RAB1B",-0.0724876137514362,1.44491042856937e-41,5.3588868575134e-41
"HDAC1",-0.0725829989150459,1.13419489442698e-41,4.2148728039581e-41
"EWSR1",-0.0726139825264584,1.04833816987915e-41,3.89839887458708e-41
"SMU1",-0.0726212093954248,1.02926075293433e-41,3.82999818024168e-41
"MFSD10",-0.0726323859776479,1.00043467215193e-41,3.7252065798933e-41
"NUP54",-0.0726380091039435,9.86236852803426e-42,3.67478146483404e-41
"REEP5",-0.0726410063552746,9.78751162244119e-42,3.64931571072259e-41
"OPA1",-0.0726476532538778,9.62351423122299e-42,3.59055750677588e-41
"BID",-0.072658964546575,9.35069226322104e-42,3.49109123538246e-41
"RFC1",-0.0727091653714719,8.2297861893236e-42,3.0746481203313e-41
"RBM8A",-0.0727138679211659,8.1318964038149e-42,3.04010323195321e-41
"BROX",-0.0727232254600736,7.94053868334222e-42,2.97054598007008e-41
"TMEM109",-0.0728313730022006,6.02878314349168e-42,2.25686711664177e-41
"HPS1",-0.0728399500190713,5.89841262223474e-42,2.20953905982644e-41
"HSPB11",-0.0728774029196414,5.36120926788541e-42,2.00964660449698e-41
"SMARCC1",-0.0728896635342602,5.19615011368661e-42,1.94907799445112e-41
"MAN2A1",-0.0728931234136922,5.1504926379577e-42,1.93324586357099e-41
"TENT2",-0.0728947986382855,5.12852953094397e-42,1.92629219111327e-41
"MED4",-0.0729452941779684,4.50848861211303e-42,1.69453857694711e-41
"EIF4H",-0.0729481079007263,4.47622097112134e-42,1.68353975316537e-41
"CASP1",-0.072973403368567,4.1962568373864e-42,1.5793031105919e-41
"ARHGAP9",-0.0729824539820031,4.10037635529807e-42,1.54425464348726e-41
"NUP153",-0.0730186227273415,3.73848215228565e-42,1.40890746344377e-41
"AKAP17A",-0.0730372030400324,3.56511169966044e-42,1.34447415645337e-41
"P4HB",-0.0730459567384674,3.48622689446614e-42,1.31561047249752e-41
"CREBZF",-0.073071214156773,3.26821655481777e-42,1.23417018687323e-41
"EMC3",-0.0731162449015491,2.91263750303866e-42,1.10063523715635e-41
"CUL4A",-0.0731258891636203,2.84163750116202e-42,1.07453013201835e-41
"YWHAB",-0.0731430245619657,2.71970909667353e-42,1.02911882361637e-41
"TRA2B",-0.0731714875970891,2.52857330833514e-42,9.57440866210142e-42
"DAZAP1",-0.0731993838695943,2.35421896871688e-42,8.92024550418486e-42
"VPS53",-0.0732059660589051,2.31485524341162e-42,8.77702894727925e-42
"HSH2D",-0.0732219452247593,2.22199702187144e-42,8.43065085346483e-42
"SAP30BP",-0.0732220262946118,2.22153548365998e-42,8.43065085346483e-42
"ZC3H13",-0.0732309800842961,2.17114320533847e-42,8.24887221879103e-42
"LASP1",-0.0732515189334886,2.05980412226504e-42,7.83116845398459e-42
"VASP",-0.0732531717753479,2.05109513827542e-42,7.80335176842867e-42
"SEL1L",-0.0732872883721636,1.87929231502279e-42,7.15458840583406e-42
"NFKBIB",-0.0733783667023948,1.4875956494414e-42,5.67107892480925e-42
"TLK2",-0.0733933832928885,1.43131875884545e-42,5.46025209296793e-42
"DHX9",-0.073440868166914,1.26692887867554e-42,4.83642332159245e-42
"NUTM2B-AS1",-0.0734449733493257,1.25363185595772e-42,4.78892496304504e-42
"SF3A1",-0.0735131867969878,1.05194364111174e-42,4.02395369610251e-42
"MON2",-0.0735195023747534,1.03498952938588e-42,3.96180418215743e-42
"ATP2A3",-0.0735314395408229,1.00368324548817e-42,3.84459392188358e-42
"CYTH4",-0.0735351209060609,9.94219933803002e-43,3.81094973258004e-42
"CRCP",-0.0736170944428011,8.05039826478471e-43,3.09214748977749e-42
"LAMP1",-0.0736484692114966,7.42516629287522e-43,2.85395280557426e-42
"MAP3K2",-0.0736802000601033,6.84197200730473e-43,2.63340735775657e-42
"GLRX",-0.0737169478704999,6.22329560983976e-43,2.3969311750888e-42
"FYTTD1",-0.0737435460861389,5.81052292530028e-43,2.23948902843073e-42
"TOB1",-0.0737458650771438,5.77585275447803e-43,2.22765855719855e-42
"FAM172A",-0.0737918742178511,5.12899814619041e-43,1.97953895394291e-42
"CHFR",-0.0737996409199097,5.02714783562509e-43,1.94156695181551e-42
"SPEN",-0.0738080478938913,4.91916770977626e-43,1.90117350659215e-42
"FNBP4",-0.0738096882246719,4.89836969493786e-43,1.89444194412918e-42
"CLSTN1",-0.0738123327195364,4.86502375386558e-43,1.88284482849881e-42
"SYNCRIP",-0.0738395731437103,4.53440665230027e-43,1.75731776483338e-42
"MTMR12",-0.0738609244623182,4.29097332153632e-43,1.66412557051139e-42
"PARP14",-0.0738796828302513,4.08785762351969e-43,1.58645111649614e-42
"ARPC4",-0.0738848809324898,4.03328485617456e-43,1.56635677990313e-42
"EXOSC6",-0.073902735871448,3.85129460583908e-43,1.49671671089613e-42
"PLEKHA3",-0.0739178915009006,3.70324348217804e-43,1.44017879764925e-42
"TTC17",-0.0739290114860421,3.59822943333117e-43,1.40031095447138e-42
"SAP18",-0.0739835404652282,3.1246240543034e-43,1.21684455874331e-42
"HADHA",-0.0740191866597928,2.84909331135628e-43,1.110314250128e-42
"MMP25-AS1",-0.0740198570403282,2.84415011173911e-43,1.1091591667492e-42
"PTGER4",-0.0740200774872196,2.84252646247497e-43,1.1091591667492e-42
"DIDO1",-0.0740238839786985,2.81463562778318e-43,1.0991789587524e-42
"HIPK3",-0.0740486614250793,2.63962330288199e-43,1.03155153342752e-42
"BTAF1",-0.0740620271897927,2.54975569578742e-43,9.9712707042517e-43
"HAUS3",-0.074124110385379,2.17063755593119e-43,8.49458998843462e-43
"RIPK1",-0.0741360512378334,2.10442822256335e-43,8.24124092190427e-43
"CALCOCO2",-0.0741556926711026,1.99986335801417e-43,7.83722675406392e-43
"SEC22B",-0.0741627679807035,1.96347677461633e-43,7.70001668645901e-43
"MED17",-0.0741717339287465,1.91831175680867e-43,7.52816462545923e-43
"PSAP",-0.0741846745967019,1.85494089365348e-43,7.28457517031122e-43
"PKN1",-0.0742070888592657,1.75006648964678e-43,6.87754039830335e-43
"ACTR3",-0.0742455140244446,1.58382242625995e-43,6.22859008895493e-43
"FAM111A",-0.0742485561551063,1.57135260916616e-43,6.18389046472414e-43
"NAMPT",-0.0743374660397644,1.24704672054124e-43,4.91452167504438e-43
"FNDC3B",-0.0743392802790672,1.24117482593834e-43,4.89482316999188e-43
"KANSL2",-0.0743638242091955,1.16438816715457e-43,4.59523330192552e-43
"ANP32A",-0.0743731616647155,1.13643303326569e-43,4.48806956900701e-43
"COPS2",-0.0743742932811048,1.13309080742593e-43,4.47802601185819e-43
"LRMP",-0.0744698127212466,8.83533913575934e-44,3.49423009998556e-43
"VPS26B",-0.0744939174594525,8.29729552772408e-44,3.28376017919249e-43
"OXSR1",-0.0745351988826073,7.45049762825506e-44,2.95071298294992e-43
"SZRD1",-0.0745945459423393,6.38159458906325e-44,2.52916945382676e-43
"STK4",-0.0746344920902092,5.74949078704692e-44,2.28026513592434e-43
"CIR1",-0.0746353356867879,5.73683637470839e-44,2.27685772265339e-43
"SHOC2",-0.0746802455283476,5.10169072242247e-44,2.02621366466729e-43
"HENMT1",-0.0747086046682076,4.73717847434239e-44,1.88277646597268e-43
"SDE2",-0.0747169306591776,4.63516757909908e-44,1.84354003642805e-43
"OGT",-0.0747626283851187,4.11297527183036e-44,1.63701089654385e-43
"C1GALT1",-0.0748624490821202,3.16706098498655e-44,1.2614221577729e-43
"SNRPB",-0.0748716738916328,3.09143299069244e-44,1.23217570980373e-43
"C1orf56",-0.0749003978161444,2.86726340494083e-44,1.14364015098138e-43
"PRPF38B",-0.0749458295526054,2.54526878813413e-44,1.01593207184499e-43
"NCOR1",-0.0749479746672986,2.53098863178958e-44,1.01095226604054e-43
"SEC31A",-0.0750062497541011,2.17211798918592e-44,8.68227475848639e-44
"ILF3",-0.0750188644120459,2.10136600855666e-44,8.40546403422664e-44
"ZNF350",-0.0750210161981437,2.08952828550622e-44,8.36408322284062e-44
"PARVG",-0.0750261418379395,2.06159693206152e-44,8.2581767028397e-44
"NKTR",-0.0750511850095849,1.93037911316578e-44,7.73808623045852e-44
"SHISA5",-0.0750617603002699,1.87749536181501e-44,7.53148461532665e-44
"NSMCE3",-0.0750767611932023,1.8049439553267e-44,7.24563461722841e-44
"SUPT4H1",-0.0750935505842604,1.72704612032906e-44,6.93789710274126e-44
"ANP32E",-0.0751276717062999,1.57889131293692e-44,6.34727899404485e-44
"SEC24C",-0.0751634438039908,1.43713247203891e-44,5.78154369943003e-44
"CYTIP",-0.075176636448683,1.38811204543707e-44,5.58834763119924e-44
"RNF7",-0.0751825081618867,1.36683276133702e-44,5.50663608521398e-44
"EIF2AK1",-0.0752356872132435,1.18830514925733e-44,4.79083601182595e-44
"CYB5R4",-0.0753320872166724,9.2177781476739e-45,3.71896535202049e-44
"DHX38",-0.0753352130433678,9.14212774503035e-45,3.69110114431917e-44
"MAPRE1",-0.0753492714706728,8.80945462468962e-45,3.55934994352997e-44
"TMED4",-0.0753626420378758,8.50424250258527e-45,3.4385119036427e-44
"ERN1",-0.0753975344219,7.75640311460617e-45,3.13840310861032e-44
"ITSN2",-0.0754592045806289,6.59115023115839e-45,2.67270664945091e-44
"TMED5",-0.0754782970342037,6.26702942273609e-45,2.54311606698139e-44
"ELK4",-0.0754808778533682,6.22445096283714e-45,2.52766834751734e-44
"MYLIP",-0.0755021625875654,5.88409397103985e-45,2.39118655646899e-44
"ANGEL2",-0.075561157843442,5.03447522213942e-45,2.0474019698744e-44
"CDC37",-0.0755733236223232,4.87507771847287e-45,1.98401855732185e-44
"POM121C",-0.0755782622108371,4.81181391035784e-45,1.95969514198004e-44
"CTR9",-0.0756025553981632,4.51231070393336e-45,1.83905375889764e-44
"AXIN1",-0.0756438039727696,4.04565622093382e-45,1.65006240626733e-44
"UBE2A",-0.0756616056560675,3.8594035366672e-45,1.57524380331267e-44
"ORMDL3",-0.0756943156204141,3.53913348611887e-45,1.44557609739141e-44
"PSPC1",-0.0757030393684157,3.45827934839661e-45,1.4135811428457e-44
"DR1",-0.0757435503780881,3.10624740160789e-45,1.27061390062851e-44
"NLRC3",-0.075764246356505,2.94040698422934e-45,1.20365527681674e-44
"NDUFB7",-0.0758247298823985,2.50456054641188e-45,1.02599103085469e-44
"PHF11",-0.0758554535119836,2.30843231736395e-45,9.46339042173195e-45
"RPL31",-0.0758737652277896,2.1988866129495e-45,9.02090818372547e-45
"TRPM7",-0.0759066685780024,2.01488759239534e-45,8.27210993976813e-45
"RC3H2",-0.0759419576958505,1.83454619189917e-45,7.53724109926901e-45
"DMTF1",-0.0759677453807113,1.71300545764615e-45,7.04305398726999e-45
"TASOR",-0.0760187308687813,1.49578822136991e-45,6.15447664651758e-45
"PRKAA1",-0.0760371738188775,1.42415942540838e-45,5.86406276266609e-45
"GMCL1",-0.0760826135231356,1.26191259191949e-45,5.19982218023296e-45
"ZFAND5",-0.0760937838143082,1.22493021661777e-45,5.051147118415e-45
"UQCRFS1",-0.0762147785633352,8.87288285581776e-46,3.66153428011802e-45
"ELF2",-0.0762285140191533,8.55366848196002e-46,3.53240664501872e-45
"ANTKMT",-0.0762653528292852,7.75284284339932e-46,3.2040509804137e-45
"PLSCR1",-0.0762768319296774,7.51889394414605e-46,3.10965916332062e-45
"IL32",-0.0763152891029753,6.78513164440123e-46,2.8082627574021e-45
"UBR4",-0.0763586450843221,6.04303116629028e-46,2.50296723251225e-45
"GGNBP2",-0.076386113421992,5.61526286846631e-46,2.32750984577553e-45
"AC008875.3",-0.076395433954858,5.47707107947994e-46,2.27191016501892e-45
"RABL6",-0.0764064901326037,5.31752763708873e-46,2.20736480579594e-45
"SH3BP2",-0.0764203425061148,5.12414625271434e-46,2.12866683470802e-45
"COX4I1",-0.076483794671218,4.32404688518003e-46,1.79762305226624e-45
"ISG20L2",-0.0764995118778195,4.14588829652774e-46,1.72483726902312e-45
"SAMD9L",-0.0765740943251517,3.39513368266826e-46,1.41459696339576e-45
"ZNF644",-0.0765748566865111,3.38820436361809e-46,1.41276021233004e-45
"PCIF1",-0.0765881547580166,3.26957332977991e-46,1.36431041996177e-45
"XRN2",-0.076592485173173,3.23184140574903e-46,1.34957073307135e-45
"EPC1",-0.0765945178880108,3.21427963350117e-46,1.34323811082331e-45
"GOLGA3",-0.076599430466284,3.17222819175834e-46,1.326654237807e-45
"SLA2",-0.0766209597731944,2.99430207265263e-46,1.25317914974947e-45
"KPNA4",-0.0766238841287841,2.97091300689868e-46,1.24431961813604e-45
"SMARCC2",-0.0766458219089963,2.80115575440949e-46,1.17409699683701e-45
"EPRS",-0.076658746167144,2.70570170199662e-46,1.13493655224469e-45
"AEBP2",-0.0767500756100537,2.11740765358818e-46,8.90168979047873e-46
"EIF1AX",-0.0767530204578413,2.10072471648737e-46,8.83818416756398e-46
"SPPL2A",-0.0767652641307254,2.0327538130383e-46,8.55864189952414e-46
"RPS20",-0.076770646604993,2.00356979169788e-46,8.44210910727437e-46
"GTPBP4",-0.0767932468099942,1.88551320364942e-46,7.95065161267974e-46
"CDC40",-0.0768296524863114,1.70972811561099e-46,7.21484665653916e-46
"NDUFB10",-0.0769439392309471,1.25709921078051e-46,5.30880480573775e-46
"TMEM120B",-0.0770488895455064,9.47430789843804e-47,4.00407401680594e-46
"CYP51A1",-0.0770593557475639,9.21064035329746e-47,3.8955795124437e-46
"ITGB1BP1",-0.0770723760227486,8.89280111464252e-47,3.7639922542641e-46
"SERPINB1",-0.0770896831331299,8.48715178050688e-47,3.59501123038251e-46
"TOPORS",-0.0771249398281317,7.71688309887732e-47,3.27121126218672e-46
"CASP3",-0.0771272676674562,7.6685469313253e-47,3.25318221068486e-46
"MBD4",-0.0771327457189944,7.55598406164312e-47,3.20785868798849e-46
"RBMS1",-0.0771636158442349,6.95172721514918e-47,2.95356173720212e-46
"ATE1",-0.0771850935493632,6.55993291028916e-47,2.78921578370717e-46
"TMEM160",-0.0771968857196967,6.3542486599228e-47,2.70381241383503e-46
"LINC00623",-0.0772027410306607,6.25451532941201e-47,2.66339695334536e-46
"NUFIP2",-0.0772229194595684,5.92260210103651e-47,2.52397430982575e-46
"OTULIN",-0.0772762309683928,5.12763507907737e-47,2.18685441272067e-46
"BUB3",-0.0772933678947383,4.89538298070131e-47,2.08939270554837e-46
"ADAT1",-0.0773204201662247,4.549878015193e-47,1.94340826197725e-46
"EIF4E3",-0.0773602511970896,4.08486073823846e-47,1.74611438421727e-46
"BCL11B",-0.0773998588022533,3.66938622434099e-47,1.56971300772572e-46
"RC3H1",-0.077401134873621,3.65672413728496e-47,1.56549137244805e-46
"SMARCA2",-0.0774188460757932,3.48540605620808e-47,1.49328864976988e-46
"CSNK1G2",-0.0774194804543389,3.47942027305413e-47,1.4918646679568e-46
"JAK2",-0.0775044031063724,2.76388864158491e-47,1.18779386100014e-46
"SYNRG",-0.0775461882819436,2.4676474285547e-47,1.06129671447587e-46
"PHC3",-0.0775566453538628,2.39859479838165e-47,1.03239057220666e-46
"ZFP91",-0.0775599581481967,2.37712270454259e-47,1.02393509886677e-46
"ETNK1",-0.0776075511393687,2.08895046912148e-47,9.00498340688983e-47
"GYG1",-0.0776128706963097,2.05898401330909e-47,8.882637729472e-47
"CCDC59",-0.0776287112015822,1.97226064714454e-47,8.51506060600771e-47
"ARHGDIA",-0.0776593337533694,1.8147838579609e-47,7.84120951427363e-47
"NECAP1",-0.0776635267775922,1.7942186665251e-47,7.75833441914095e-47
"GNAS",-0.0776653792910985,1.78520682299879e-47,7.72532744099245e-47
"PDE12",-0.0777028338171453,1.61236534432399e-47,6.98276305223467e-47
"STRN",-0.0777962445715145,1.25047184873001e-47,5.41967845342846e-47
"CALM2",-0.0777980983543792,1.24417605257945e-47,5.3965654788353e-47
"NR1D2",-0.0778389169871329,1.11327102343619e-47,4.83251031397089e-47
"CCDC82",-0.0778469423427111,1.08919439680627e-47,4.73166310054445e-47
"STARD3NL",-0.0778939059478923,9.58338482121488e-48,4.16643045291607e-47
"ASCC3",-0.0779142781350028,9.06558429556141e-48,3.94437378822408e-47
"ADCY7",-0.0779491568217171,8.24290964992665e-48,3.58922033241561e-47
"UBXN7",-0.0779902610411508,7.36829609026882e-48,3.21337986691568e-47
"RHOF",-0.0780171246085196,6.8472561769401e-48,2.98847535946825e-47
"CHST11",-0.0781115191073655,5.29068041994405e-48,2.31090982645101e-47
"SRP72",-0.0781201085940244,5.16788471071806e-48,2.25903478306271e-47
"PAN3",-0.0781371977204666,4.93195068962469e-48,2.15758404876321e-47
"EEF2",-0.0782021713491314,4.12875424159486e-48,1.80762021639825e-47
"S1PR1",-0.0782230231130465,3.89968885578018e-48,1.70866742359594e-47
"CSNK2A1",-0.0782445564894901,3.67640718988454e-48,1.61209592270054e-47
"EIF4B",-0.0782525184592767,3.59711120066232e-48,1.57855999753419e-47
"ZNF451",-0.0782868380456544,3.27434208489202e-48,1.43804177458737e-47
"BAZ2B",-0.0783299186284636,2.9096845548435e-48,1.27889194081121e-47
"CSNK1A1",-0.0783347175099335,2.87165408152169e-48,1.26316714857516e-47
"CARD11",-0.078433063914482,2.19259644358224e-48,9.66743546013757e-48
"MFSD6",-0.0784673556097765,1.99557326459721e-48,8.81260250181465e-48
"GLUL",-0.0784749979524556,1.95412411869161e-48,8.63636558450141e-48
"SYT11",-0.0784859468328176,1.89623052345604e-48,8.38711590643065e-48
"PBRM1",-0.0785237200774703,1.70929521925819e-48,7.56626414591068e-48
"PTPN11",-0.0786159968629616,1.32621378614177e-48,5.87517949212529e-48
"STAT1",-0.0786163729860679,1.32484197459834e-48,5.87374558991227e-48
"TAP1",-0.0786962341340912,1.06336631808549e-48,4.71821444699214e-48
"USP9X",-0.0787848330415972,8.32992574297911e-49,3.69896227128803e-48
"PRPF8",-0.0788096228882095,7.77945835210933e-49,3.45726285529109e-48
"WDR82",-0.0788672250284573,6.63622081790822e-49,2.95153821139347e-48
"ITPR2",-0.0789230347332882,5.68842482266364e-49,2.53200418635481e-48
"SEPTIN2",-0.0789459306218589,5.33974832911609e-49,2.37869233993375e-48
"PARK7",-0.0789669479637204,5.03844424275883e-49,2.2462562877025e-48
"SUPT5H",-0.0789969211358036,4.63779952847438e-49,2.06928571318236e-48
"KLF12",-0.0790053197412912,4.53133858578689e-49,2.02339613025894e-48
"RBM25",-0.0791027369544577,3.4607045199837e-49,1.54655407735157e-48
"ACBD3",-0.0791032409319932,3.4558790625399e-49,1.54563018886461e-48
"LINC00342",-0.0791397746432697,3.12334508606111e-49,1.39802123500691e-48
"GRK2",-0.079141172987926,3.11127068440319e-49,1.39372988932018e-48
"MBNL2",-0.0791669524924185,2.89681230943337e-49,1.29869889456517e-48
"PGRMC2",-0.0791789367229035,2.8021907364219e-49,1.25728397813517e-48
"RFTN1",-0.079294143018789,2.03581625385798e-49,9.14892885855664e-49
"IVD",-0.079300220056058,2.00176700309222e-49,9.00313185018365e-49
"TBC1D5",-0.0793193629779837,1.89817227118569e-49,8.5440621748792e-49
"PPP4R3B",-0.0793475372577597,1.75533385465598e-49,7.90746858640843e-49
"PARP1",-0.0793877746460659,1.56969655087419e-49,7.0768941843113e-49
"ZNF831",-0.079419174655563,1.43852128728242e-49,6.49071923826947e-49
"GON4L",-0.0794249218651165,1.4157215915745e-49,6.39299258596574e-49
"CLK1",-0.0794856685089669,1.19566468275952e-49,5.40363296950352e-49
"RCC2",-0.0795488833912265,1.00276710823742e-49,4.53551805856539e-49
"FAM91A1",-0.0795499486389335,9.99797318815084e-50,4.5257384286266e-49
"FAR1",-0.0795582070923444,9.77068793461124e-50,4.42642968355387e-49
"ETV3",-0.0795672412226192,9.52794213730411e-50,4.31995046419516e-49
"KPNB1",-0.0796395827095844,7.78866754285488e-50,3.53422614657156e-49
"TTC3",-0.0796564234454665,7.4314537283964e-50,3.37486764132362e-49
"FBXO3",-0.0796589071742919,7.38016914853476e-50,3.35429585631702e-49
"CASC4",-0.079700869667956,6.56509682961298e-50,2.98626644749603e-49
"VCAN",-0.0798169182536135,4.74834867282259e-50,2.16163655259933e-49
"PCYT1A",-0.079838597337615,4.46926254527175e-50,2.03623961818723e-49
"ARHGEF3",-0.0798442562272839,4.39914060030132e-50,2.00592220700477e-49
"SCAF8",-0.0799162928868651,3.59663522134396e-50,1.64266860476052e-49
"MED23",-0.07992196046791,3.54006387632431e-50,1.61814991540958e-49
"CD247",-0.0799230805236482,3.52898923889722e-50,1.61440454651266e-49
"WDTC1",-0.0799266601189682,3.4938264442429e-50,1.59962446025631e-49
"SRRT",-0.079968885729188,3.10445116767739e-50,1.42251384657924e-49
"PJA2",-0.0799918489072611,2.91116228680775e-50,1.33503710763262e-49
"SLC35A3",-0.0799967933489969,2.87113727544952e-50,1.31776030234391e-49
"DNAJC3",-0.0800212329093719,2.68120415746131e-50,1.23159574577157e-49
"BCAS2",-0.0801594326364472,1.82001931153162e-50,8.36701248713963e-50
"GRAP2",-0.080193601374194,1.65360458170053e-50,7.60821024289801e-50
"AC004865.2",-0.0802204799723235,1.53341576422467e-50,7.06102049524655e-50
"PRKD3",-0.0802418031742126,1.4442878415148e-50,6.65607653277051e-50
"PPP1R16B",-0.0802653345292137,1.35190578582787e-50,6.23545680969498e-50
"GPCPD1",-0.0802875798078721,1.2699899624996e-50,5.86245778405909e-50
"ILRUN",-0.0803319217554117,1.12115801411549e-50,5.17969456809829e-50
"LCORL",-0.0803360399082853,1.10825011702482e-50,5.1242851945603e-50
"TGFBR2",-0.0803709277119543,1.00466858745428e-50,4.64918477629545e-50
"TPR",-0.0804365935171442,8.35146304874971e-51,3.86790073761929e-50
"ZC3H15",-0.0804699593605037,7.60248939308837e-51,3.52393304870697e-50
"ZNF148",-0.0806062565444486,5.17710003877565e-51,2.40169442196182e-50
"PRRC2B",-0.0806084688123791,5.14488566839862e-51,2.38872736418441e-50
"SERINC3",-0.0806122453759593,5.0903529749836e-51,2.36536799932074e-50
"CAPRIN1",-0.0806620812884986,4.42240173708385e-51,2.05669206096414e-50
"ZFR",-0.0807023469104721,3.94704622653815e-51,1.83714676524251e-50
"APPL1",-0.0807288096838905,3.66270560107471e-51,1.70621797077495e-50
"ZZEF1",-0.0808057974588378,2.94629418898755e-51,1.37363000291899e-50
"DHX8",-0.0809070400827647,2.21223996142393e-51,1.03225584877766e-50
"CIAO1",-0.0809105191250956,2.19054981917354e-51,1.02298676555404e-50
"SLTM",-0.0809674151357092,1.86443323339458e-51,8.71416500412277e-51
"UFC1",-0.0809952033689787,1.72320726873654e-51,8.06081263272083e-51
"LPP",-0.0810146147117177,1.63092413668007e-51,7.63550447949468e-51
"XAF1",-0.0810342958677568,1.54238172355305e-51,7.22701269129709e-51
"NCKAP1L",-0.0811356336568317,1.15685073764072e-51,5.42509751777286e-51
"TMEM170A",-0.081135736243077,1.1565137350033e-51,5.42509751777286e-51
"MBTPS1",-0.0811684685990186,1.0538274974007e-51,4.95025087630637e-51
"SMNDC1",-0.0812074498711119,9.4331717959862e-52,4.43485694167002e-51
"RBM17",-0.0812215507679669,9.06250593751788e-52,4.26417155951723e-51
"CLIP1",-0.0812387659026862,8.62958289448323e-52,4.06388088577176e-51
"MAN1A2",-0.0812872773583788,7.51726713861904e-52,3.54304163539286e-51
"MAP4",-0.0812911487604365,7.43491149913315e-52,3.50717542433857e-51
"PSMB10",-0.0814205521853883,5.14316684008865e-52,2.42816402458777e-51
"TSN",-0.081439853244082,4.86785110929892e-52,2.30012121555743e-51
"AGK",-0.0814753046460155,4.39983274385574e-52,2.08073102924621e-51
"STMN1",-0.0816215292302984,2.89838822159565e-52,1.37183847920794e-51
"EHMT1",-0.0817202810259326,2.18547473482334e-52,1.03528321335165e-51
"COMMD2",-0.0817325081304063,2.11034852481423e-52,1.00054087420126e-51
"RAB14",-0.0817881661943015,1.7995867284948e-52,8.53927521294233e-52
"RNF126",-0.0818090989083665,1.69489094987996e-52,8.04929566366722e-52
"WBP11",-0.0818121808690559,1.67999736990929e-52,7.98533101015409e-52
"MIB2",-0.0818294379637301,1.59897831977494e-52,7.60668463838606e-52
"DNAJB11",-0.0818623127905754,1.45524838998865e-52,6.92881221537501e-52
"USF3",-0.0818659842732074,1.44001744923556e-52,6.86212396727558e-52
"PCBP2",-0.081887164447049,1.35520120744605e-52,6.46344473747036e-52
"ARIH1",-0.0820326301785391,8.92792280020559e-53,4.26167626681023e-52
"MDM2",-0.0820553347280567,8.36432517952228e-53,3.99605100648277e-52
"HCG18",-0.0820709714396731,7.99691657906986e-53,3.82378161340508e-52
"IP6K1",-0.0821032137573389,7.28929108023295e-53,3.48840198237621e-52
"ZNF683",-0.082132910966298,6.69283581667985e-53,3.20569674501486e-52
"HUWE1",-0.0821458215197898,6.44893416853961e-53,3.09151643118015e-52
"RAB11FIP4",-0.082168518350985,6.04141673632677e-53,2.89863864643624e-52
"BAX",-0.0822269695413887,5.10616606695334e-53,2.45200982341101e-52
"STIM1",-0.0822608617443749,4.63145488021405e-53,2.22595824603083e-52
"FCN1",-0.0822696133382022,4.51618716095252e-53,2.17242170386077e-52
"CD69",-0.0823824440563145,3.2625049079084e-53,1.57071112576621e-52
"IFRD1",-0.0824023078449982,3.08084032759784e-53,1.48452529629048e-52
"CNOT2",-0.0824421540201994,2.74623996079837e-53,1.32443448711825e-52
"DERL1",-0.0825452461718954,2.03911852488655e-53,9.85955152153946e-53
"XPO1",-0.0825539869119365,1.98825712157432e-53,9.62192824637523e-53
"MIA2",-0.0825938094938336,1.77206269507425e-53,8.58309364148321e-53
"CSDE1",-0.0826222553534006,1.63212406986144e-53,7.91213087154283e-53
"H2AFV",-0.0826226174907463,1.63041541181766e-53,7.91069088123479e-53
"PYCARD",-0.0826578719058851,1.4723259015073e-53,7.14983912655713e-53
"KRR1",-0.0826984995861769,1.30898598313581e-53,6.3621486986063e-53
"USP16",-0.0827093577373594,1.26847536463811e-53,6.17060411756249e-53
"NCBP3",-0.0827249236086207,1.21256905795118e-53,5.90376802846083e-53
"PPP3R1",-0.0827657986062924,1.07717104841297e-53,5.24910135244026e-53
"RUNX1",-0.0828147551517481,9.34678921456623e-54,4.55869510517225e-53
"R3HDM2",-0.0828156114296328,9.323614634859e-54,4.55135334614546e-53
"DDB1",-0.0828206434742613,9.1885773176842e-54,4.48934501205774e-53
"ATG16L1",-0.0828442963564822,8.57947739820401e-54,4.1990734794354e-53
"NSF",-0.0829111531226459,7.06672178311935e-54,3.46170532103154e-53
"CTNNB1",-0.0829422828989664,6.45609055865211e-54,3.16534833689295e-53
"MIER1",-0.0829504446111782,6.30488088802685e-54,3.09391878253086e-53
"POLR3GL",-0.0829900645404186,5.61950109367657e-54,2.76000737326586e-53
"C11orf21",-0.0830018886112273,5.42972040324846e-54,2.66913624033372e-53
"PIAS1",-0.0830678419631452,4.48244029053665e-54,2.20540784795148e-53
"ARL5A",-0.0831001583663534,4.08030211177243e-54,2.01108294057808e-53
"TULP4",-0.0831204293681397,3.84660657944538e-54,1.89756894993063e-53
"DBF4",-0.0831269919434345,3.77384377074666e-54,1.86331458072813e-53
"TOR1AIP2",-0.083183631880082,3.20017988045724e-54,1.58146455468098e-53
"RNPEPL1",-0.0831863758280913,3.17470947303246e-54,1.57026230246019e-53
"REST",-0.0832810672841324,2.40919870148626e-54,1.19268105327995e-53
"UBR1",-0.0833243819125173,2.12330586101583e-54,1.05207834174471e-53
"AC087190.1",-0.0833285819519282,2.09744934229553e-54,1.04018638178975e-53
"JMY",-0.0833386631329521,2.03665944682706e-54,1.01093352878821e-53
"HNRNPL",-0.0833996507897924,1.70456141202438e-54,8.46840616399344e-54
"IDH2",-0.0834604409790121,1.42725174927703e-54,7.10330266691696e-54
"WASHC2C",-0.0834634623110969,1.41470720102413e-54,7.04712813736819e-54
"VTI1A",-0.0836223520462718,8.88876484478825e-55,4.43172937635172e-54
"TP53BP2",-0.0836696228590634,7.73967079638251e-55,3.86225424246906e-54
"PNPLA8",-0.0837099155262153,6.87782892015666e-55,3.43523647669857e-54
"HLA-DQB1",-0.0837514689766694,6.08905549039996e-55,3.04398456451395e-54
"TMX4",-0.0838254804474414,4.90073224135082e-55,2.45211638219018e-54
"ZFAND2A",-0.083832375716076,4.80255436745731e-55,2.40513982799203e-54
"UBE3A",-0.0838373805753171,4.73252218694876e-55,2.37218732877109e-54
"USP33",-0.0838673678496811,4.33371383119076e-55,2.17422849686598e-54
"ZDHHC20",-0.0839144173148495,3.77438806604629e-55,1.89701082709627e-54
"ANAPC5",-0.0839269190829893,3.63826472653353e-55,1.83023658236031e-54
"GOLGB1",-0.0839552772446869,3.34734458508926e-55,1.68540153233066e-54
"FBXO6",-0.0840061147487051,2.8826046823175e-55,1.45270833090893e-54
"ZMAT2",-0.0840147282545367,2.81049248374197e-55,1.41764175327543e-54
"LAPTM5",-0.0840204884256733,2.76327372754569e-55,1.39507981704199e-54
"SFSWAP",-0.0840288772151299,2.69591667295182e-55,1.36230090488927e-54
"UBE2E3",-0.0840401123465391,2.60825995404678e-55,1.31919573849081e-54
"KMT2A",-0.0840523061915627,2.51633297574856e-55,1.27385094815672e-54
"RABGAP1L",-0.0840573241179849,2.47944761565967e-55,1.25631324033968e-54
"ZFPM1",-0.0841434925686847,1.92383159974494e-55,9.75669890042593e-55
"CUL3",-0.0841463582208126,1.90765858002077e-55,9.68344083554023e-55
"BLOC1S6",-0.084157239905098,1.84746892959863e-55,9.38641512372688e-55
"FMR1",-0.0842403206214753,1.44614770378577e-55,7.35409413068554e-55
"HTT",-0.0843387344861838,1.0816360946415e-55,5.50543930460581e-55
"MPHOSPH9",-0.0843685161078035,9.90564003825144e-56,5.04647334312373e-55
"CDK11A",-0.0843939999658413,9.18725038617344e-56,4.68474532885496e-55
"MED13",-0.0844493915493362,7.79976049200672e-56,3.98086136586573e-55
"PLCL2",-0.0845189544076952,6.34920413290858e-56,3.24347675121419e-55
"ZNF652",-0.0845238384479865,6.25809804015527e-56,3.19985231907209e-55
"UBTF",-0.0845431064305178,5.91120133728518e-56,3.02523947891746e-55
"TOP2B",-0.084555653321112,5.69567525727667e-56,2.9176018411132e-55
"TSPAN32",-0.0845646941682143,5.54524365365192e-56,2.84314230878915e-55
"ARFGEF1",-0.0846319419229631,4.54375824718466e-56,2.331796814764e-55
"GSPT1",-0.0846404287143465,4.43091229687905e-56,2.27596998274154e-55
"OPTN",-0.0846654120880486,4.11466461946296e-56,2.11546610343765e-55
"AFF4",-0.0847044542318224,3.66488278512417e-56,1.88595070044406e-55
"JTB",-0.0847813632411202,2.91713505866031e-56,1.50253905043496e-55
"RALBP1",-0.0848250488002715,2.56226356306094e-56,1.32096826194972e-55
"KBTBD2",-0.0848353574508445,2.48500053730423e-56,1.28231519438793e-55
"RASA2",-0.0848672915010828,2.26008023420198e-56,1.16732623340718e-55
"SON",-0.0849127489471865,1.97444871875425e-56,1.02073898707554e-55
"U2SURP",-0.0849296400485583,1.87773454909928e-56,9.71636603245832e-56
"CUL2",-0.0849359735902446,1.8426994259313e-56,9.54388870879758e-56
"SCAND1",-0.0849363896142912,1.84042103666946e-56,9.54090609574068e-56
"ENSA",-0.0849722946188856,1.65399598245544e-56,8.58240137562991e-56
"BRD7",-0.0849778596496394,1.6268356315561e-56,8.44929275184463e-56
"WTAP",-0.0850015869956321,1.51593090687239e-56,7.88059072552217e-56
"OSBPL8",-0.0850389743301078,1.35626336171263e-56,7.0571029517526e-56
"MIA3",-0.0850686937350353,1.24138558382381e-56,6.46535763173667e-56
"NCBP2AS2",-0.0851339824005233,1.02192422278225e-56,5.32731473904347e-56
"BOD1L1",-0.0852808499844808,6.59361318901316e-57,3.44046632320575e-56
"DPP8",-0.0852895837315467,6.42387101327973e-57,3.35502079761599e-56
"MAP2K2",-0.0854098747099874,4.48409276946088e-57,2.34410969030399e-56
"RAD23B",-0.0854729050236062,3.71347824445155e-57,1.94307489093431e-56
"PPM1A",-0.0854954281887501,3.47138152316623e-57,1.81979626340726e-56
"APBA2",-0.0855617115252997,2.84638463246465e-57,1.49355238579887e-56
"HIST2H2AC",-0.085581989185132,2.67859357164768e-57,1.40682646443426e-56
"TMEM165",-0.0856133741488281,2.4381140265548e-57,1.28172523497308e-56
"FBXO33",-0.0857214452559331,1.76305511405398e-57,9.27714634662772e-57
"SKAP1",-0.0857461128838989,1.63721384508407e-57,8.62306991339391e-57
"TRIP12",-0.0857515278668284,1.61081017405358e-57,8.49198515089019e-57
"BCR",-0.0857829517229209,1.46574807190617e-57,7.73451242463482e-57
"HECTD1",-0.0857999637117371,1.39272343006338e-57,7.35610000195589e-57
"CEBPZ",-0.0858435977868934,1.22156910623746e-57,6.45818233146671e-57
"TRIM33",-0.0858520013015705,1.19109736291991e-57,6.30303080434671e-57
"URI1",-0.0858592985069937,1.16525209758938e-57,6.17209145074751e-57
"DDX24",-0.0858713111010657,1.12391701606886e-57,5.95878047119196e-57
"MED15",-0.0858834958515494,1.08348161274878e-57,5.74983992220094e-57
"SFPQ",-0.0858998630348955,1.03143819259185e-57,5.47884325240256e-57
"CTBP1",-0.0859108478849373,9.97913314905465e-58,5.30579337450685e-57
"ODC1",-0.0859735521355701,8.26307767875985e-58,4.39755814926592e-57
"FBXW7",-0.0860663297549277,6.2485053931381e-58,3.3285764470671e-57
"STAT3",-0.086085789410184,5.89255381709227e-58,3.14194782026499e-57
"TRPC4AP",-0.0861427517913779,4.96257112211197e-58,2.64859510174433e-57
"JARID2",-0.086157362325281,4.74859429911981e-58,2.53680862271376e-57
"CD84",-0.0861728300040743,4.53207257751616e-58,2.42344796988555e-57
"UCP2",-0.0861887730494385,4.31918602119504e-58,2.3118164720895e-57
"ESCO1",-0.0862350109866358,3.75647470966258e-58,2.0125510777198e-57
"TMEM30A",-0.0862774333676898,3.30470504238464e-58,1.7722073739257e-57
"DDX21",-0.0863070004517364,3.02225866445836e-58,1.62229286931271e-57
"N4BP1",-0.0864394607367619,2.02459776537185e-58,1.08780880893038e-57
"DNM1L",-0.086473865060809,1.82432857380713e-58,9.81145616853664e-58
"RNF4",-0.0865286428899098,1.5454050687015e-58,8.31935639289456e-58
"RPL6",-0.0865933613857926,1.27012164985991e-58,6.84400165943746e-58
"BAZ2A",-0.0865967409850314,1.25717161977046e-58,6.78074086351654e-58
"DEK",-0.0866001999708791,1.24405358999943e-58,6.71645117375415e-58
"HNRNPH3",-0.0866137057988286,1.1941260610993e-58,6.45311711321166e-58
"CSGALNACT2",-0.0866439471125943,1.08945260477967e-58,5.89313937952248e-58
"TCOF1",-0.0866482867883794,1.0752014123622e-58,5.82167025592055e-58
"BNIP2",-0.0866483254286444,1.07507535819229e-58,5.82167025592055e-58
"RBM34",-0.0866974537200411,9.26149277653662e-59,5.02433741720341e-58
"PPM1B",-0.0867083918149947,8.95896890483203e-59,4.86492846343786e-58
"FAM13B",-0.0867084423489281,8.95759434377531e-59,4.86492846343786e-58
"SENP6",-0.0867938129986829,6.91128270506518e-59,3.76027459021216e-58
"SERBP1",-0.0868407173201331,5.99278187344309e-59,3.2637074459451e-58
"FAM126B",-0.0868573453915022,5.69725263353592e-59,3.10577857571355e-58
"RMND5A",-0.0868675866672862,5.52250732381994e-59,3.01344995547098e-58
"EBP",-0.0869211607117996,4.69176687987984e-59,2.56263758234372e-58
"ABI1",-0.0869639445652775,4.11874167207852e-59,2.25184666637346e-58
"GXYLT1",-0.0869991987450371,3.69937087432847e-59,2.02453851364617e-58
"ZNF326",-0.0870054944425442,3.62908785398764e-59,1.9880164549117e-58
"USP47",-0.087014646792254,3.529280035747e-59,1.93523339729219e-58
"ZNF655",-0.0871549097407861,2.30098962399949e-59,1.26543138890021e-58
"SERINC1",-0.0873056245033757,1.4519918389605e-59,7.99308670484736e-59
"RTF1",-0.087340260192267,1.30606395391891e-59,7.19683618265643e-59
"PHF12",-0.0874235643125032,1.01216835927519e-59,5.58286563521475e-59
"SH3GLB1",-0.0874936708931658,8.16579062742039e-60,4.50848184000629e-59
"GNAI2",-0.0875826161484264,6.21693620309591e-60,3.43586888384117e-59
"CD7",-0.0875942144042869,5.99964478341633e-60,3.31905324444868e-59
"MARK3",-0.0876046391970859,5.81080311022797e-60,3.21776093179027e-59
"MARCH7",-0.0876876241411193,4.50414640773267e-60,2.49666038268387e-59
"NCK1",-0.0877227110365746,4.04396982507139e-60,2.24380266333664e-59
"CDC42EP3",-0.0877235798186512,4.03319058218216e-60,2.24003964544587e-59
"ARID1A",-0.0877244361571831,4.02259374341484e-60,2.23637056925563e-59
"KHDRBS1",-0.087734556862107,3.89943567324922e-60,2.17005337764535e-59
"GNA13",-0.0877558466037294,3.65248953882532e-60,2.03464725403351e-59
"SRSF4",-0.0877949650096544,3.2386526727345e-60,1.80771011733109e-59
"DENND4A",-0.0878531186130861,2.70821826842464e-60,1.51314607938701e-59
"IQSEC1",-0.0879460468166383,2.03443544619611e-60,1.13782198008812e-59
"ERCC5",-0.0879617753402011,1.93821818515639e-60,1.08509237858306e-59
"LINC-PINT",-0.0880114234646172,1.66325822069483e-60,9.3208990687738e-60
"SMC1A",-0.0881047101830422,1.24742338956119e-60,6.99755823333425e-60
"BUD31",-0.0881237105832199,1.17638338601089e-60,6.61228936329492e-60
"APBB1IP",-0.0881345120790495,1.13781032772433e-60,6.40189666322005e-60
"RAB2A",-0.0882136597571314,8.91088219179413e-61,5.01875214098636e-60
"PNRC2",-0.0882396848383651,8.22235242740462e-61,4.63562002044019e-60
"CENPC",-0.0883190722815733,6.43275699807385e-61,3.63032932700965e-60
"NEK7",-0.0884303386549909,4.55857904907412e-61,2.57522953538421e-60
"CHMP4B",-0.0884538272902034,4.23868431560183e-61,2.39693107009411e-60
"SURF4",-0.0884714230829837,4.0137890138314e-61,2.27204784176881e-60
"RRBP1",-0.0884927513570104,3.75707002960268e-61,2.12887972152613e-60
"UPF3A",-0.0885826116031988,2.84335931011304e-61,1.61277181921797e-60
"CLIC1",-0.0886374692686591,2.39823838028789e-61,1.36167455756163e-60
"MEX3C",-0.088685549769461,2.06561570057087e-61,1.17400713853947e-60
"CDC73",-0.0886874337504965,2.05356290071082e-61,1.16834177620136e-60
"GTPBP1",-0.0886949757367905,2.00601059322891e-61,1.14244749638768e-60
"TMEM50A",-0.0887280490440021,1.81010673036579e-61,1.03192656327263e-60
"ABCA2",-0.0887560344481282,1.65931041648009e-61,9.4692215620717e-61
"RAB18",-0.0887885428261189,1.49979050894587e-61,8.56761061379478e-61
"PHF21A",-0.0888621539878154,1.19281010868391e-61,6.82092637659656e-61
"SLU7",-0.0889635948236307,8.69708836808198e-62,4.97839460824632e-61
"TXNL4A",-0.0890124580211435,7.46845358528256e-62,4.27946972310056e-61
"NCOA2",-0.0890803480560186,6.04325857702684e-62,3.46636858399779e-61
"RABEP1",-0.0890910888697842,5.84407627847413e-62,3.35555363366486e-61
"WHAMM",-0.0890966396109006,5.74371858339265e-62,3.30131271193153e-61
"UBE2L3",-0.0891008995531906,5.66786482277169e-62,3.26105898016556e-61
"DYRK1A",-0.0892880671504095,3.15841253268265e-62,1.819089808135e-61
"CDK12",-0.0892907405681949,3.13211459364663e-62,1.80579940152219e-61
"CTDP1",-0.0893187132861568,2.86970124290457e-62,1.6562106864302e-61
"ZBP1",-0.0895645066707539,1.32864750760411e-62,7.67602127073551e-62
"ATG12",-0.08963045952554,1.08023042043186e-62,6.24727685872047e-62
"TM9SF3",-0.0896325665981901,1.07310785605664e-62,6.21249630717086e-62
"PRKDC",-0.0896456064779001,1.03005819756739e-62,5.96943757928402e-62
"DENND4C",-0.0897003905584692,8.67217147103455e-63,5.03093674158154e-62
"CHD8",-0.0897387763780702,7.68663476823376e-63,4.46845448559979e-62
"RIN3",-0.0898939551420331,4.71744672439112e-63,2.75094395873963e-62
"SP4",-0.0899434236663303,4.03680465792438e-63,2.35648471906336e-62
"ADSS",-0.0899477414369671,3.98225954226719e-63,2.32706803700369e-62
"ADIPOR2",-0.090076377354107,2.65448791956894e-63,1.55279230702133e-62
"G6PD",-0.090076875698394,2.65031714897175e-63,1.55197254993079e-62
"TWF1",-0.0901233568684419,2.28868260113057e-63,1.34160850384265e-62
"STK17B",-0.090150277360663,2.10218128546122e-63,1.23357318573033e-62
"OSTF1",-0.0902975664667089,1.31977303617757e-63,7.75262903012482e-63
"ST3GAL5",-0.0903930832741215,9.75469221335476e-64,5.73612750930116e-63
"THAP12",-0.0903943658076608,9.7151565730714e-64,5.71887998271976e-63
"PRR13",-0.0905108835201639,6.71594046636014e-64,3.95753211077626e-63
"BBX",-0.0905125229015076,6.6811212891164e-64,3.94115828465351e-63
"KAT6B",-0.090526197752222,6.39759924251924e-64,3.77788684458144e-63
"CCDC69",-0.0905338902293341,6.24341311422973e-64,3.69072648651301e-63
"RASAL3",-0.0905867235072931,5.27994598947196e-64,3.12447912618805e-63
"STAG2",-0.0906729878929223,4.01498609233706e-64,2.37843362171849e-63
"RSF1",-0.0907707497895956,2.94270762665634e-64,1.74507233225208e-63
"STK26",-0.0907832953579442,2.8276153264931e-64,1.6785970645834e-63
"UBE2D3",-0.0908146679350703,2.55906206430939e-64,1.52078301255459e-63
"SRPRA",-0.0908709690781306,2.13927165641273e-64,1.27266224655382e-63
"WDR37",-0.0909198893026845,1.83068162687108e-64,1.09023802730983e-63
"DNAJC7",-0.0909273150900846,1.78788789749401e-64,1.06588550825069e-63
"CCNT1",-0.0909529032572425,1.64792007610286e-64,9.83487125290779e-64
"LRBA",-0.0911497218360183,8.7958734297146e-65,5.25501862474634e-64
"KDM7A",-0.0912038969340238,7.39817383565389e-65,4.42469222785533e-64
"C6orf62",-0.0912128106064653,7.19042752644025e-65,4.30503801903538e-64
"SRSF9",-0.0913192322719736,5.11652732284445e-65,3.06663306066527e-64
"PCED1B-AS1",-0.0914127808107704,3.79252143679705e-65,2.27551286207823e-64
"TMOD3",-0.0915882187000467,2.16112071432242e-65,1.29806221683417e-64
"IKZF1",-0.0916135341590846,1.99248543496518e-65,1.19805669286962e-64
"CAMK2D",-0.0917854080973569,1.14704995070036e-65,6.90447682462389e-65
"SNHG16",-0.0918311230422711,9.90194668206105e-66,5.96672142002904e-65
"PPP2R5E",-0.091895849734312,8.03980148043719e-66,4.8498436486943e-65
"DYNLT1",-0.0919269517572722,7.27357413870038e-66,4.39236093462036e-65
"RNPS1",-0.0919503583364377,6.74532689401563e-66,4.07775748803275e-65
"RAB37",-0.091959243462705,6.5549722812842e-66,3.96696162681606e-65
"MTRNR2L8",-0.0920578417528568,4.77012605519847e-66,2.88992285549538e-65
"CTDSPL2",-0.0921073487581271,4.06594947953731e-66,2.46597195707003e-65
"ZNF217",-0.0921119266895016,4.00631968563973e-66,2.43243938443392e-65
"TERF1",-0.0921439209732507,3.61321477690118e-66,2.19614486006011e-65
"TOX4",-0.0922475175784524,2.58557313429139e-66,1.57495128745315e-65
"IK",-0.0922758800728449,2.35905442452202e-66,1.43853547279885e-65
"POMP",-0.0922931369587954,2.23102533991111e-66,1.36194618789345e-65
"ACIN1",-0.0923636398803841,1.77603394643118e-66,1.08537559823341e-65
"RBM27",-0.0923741744940685,1.71650103304102e-66,1.05013884161156e-65
"KIF13B",-0.0923829176021442,1.66860552016941e-66,1.02195249563162e-65
"USP24",-0.0923845513980836,1.65980428020467e-66,1.01767430921958e-65
"TSC22D3",-0.0924344187514906,1.41232107670286e-66,8.66883605021123e-66
"RNF168",-0.0924401852447227,1.38618799894017e-66,8.51776046717185e-66
"PNISR",-0.0925195488383959,1.0718529346131e-66,6.59348391390979e-66
"SCP2",-0.0925273613134266,1.04504649074631e-66,6.43564893861796e-66
"MORF4L1",-0.0925547187877771,9.5633533164671e-67,5.89582310071305e-66
"PARP4",-0.0927049248899814,5.87329066980576e-67,3.62488115788453e-66
"KIDINS220",-0.0927248759010943,5.50468768544838e-67,3.40113228106425e-66
"PIK3CG",-0.0927363055216292,5.30400487317845e-67,3.28075533215144e-66
"GNAI3",-0.0929865630337656,2.34937536408505e-67,1.45479552931852e-66
"POLR2B",-0.0930016808978241,2.23644250438656e-67,1.38639643745379e-66
"TGOLN2",-0.0930533922267717,1.88951229575647e-67,1.17262756427677e-66
"VCPIP1",-0.0930974491710532,1.6366115327183e-67,1.01680388352033e-66
"MT-CO3",-0.0931002424542799,1.62176557063503e-67,1.00869858577566e-66
"IREB2",-0.0931448822964682,1.40192875812243e-67,8.72934306724236e-67
"ARHGEF1",-0.0932542778017161,9.80764116677143e-68,6.12049232723687e-67
"PPP3CC",-0.0933809948204431,6.48044767271564e-68,4.04865426509459e-67
"SLFN5",-0.0933819051102478,6.46117269669385e-68,4.0411173875304e-67
"TMF1",-0.0934165258555589,5.76900064983173e-68,3.61223236219631e-67
"OGFRL1",-0.0935191846953033,4.12164335631936e-68,2.58363415758543e-67
"CPT1A",-0.0936460083020695,2.71920776029592e-68,1.7064322831689e-67
"PSME2",-0.0936481936416201,2.69977617494057e-68,1.69613740856132e-67
"NIBAN1",-0.0938494320743126,1.39379831142192e-68,8.7663812987749e-68
"ZAP70",-0.093939744205072,1.03547490827339e-68,6.52733564225432e-68
"CHD4",-0.094006528209842,8.31038790971604e-69,5.24452858626674e-68
"PHF20",-0.0941146862264301,5.81810980581859e-69,3.67583848385652e-68
"HSP90AB1",-0.0942325386564856,3.94329213673735e-69,2.494154529828e-68
"PCNT",-0.0942392294907112,3.85711224745061e-69,2.44240192482635e-68
"ZNF276",-0.0943556665755365,2.62510090414473e-69,1.66414767724288e-68
"JMJD6",-0.0943694413433132,2.50819884866169e-69,1.59183990349945e-68
"MED10",-0.0943968456515641,2.29083486792702e-69,1.4555372562203e-68
"GNB1",-0.0944654522481031,1.82551314518975e-69,1.16120041607757e-68
"DCAF5",-0.0944860571972531,1.70512079625724e-69,1.0858519252529e-68
"RNF149",-0.0945742231107094,1.2732074663977e-69,8.11724077553208e-69
"RNMT",-0.0945964853493411,1.18262925530672e-69,7.5483534700898e-69
"GGA2",-0.0947264929512108,7.68292340899834e-70,4.90936177696998e-69
"RAB22A",-0.0947295611827356,7.6050571631336e-70,4.86515300710053e-69
"CLIP4",-0.0948136969638703,5.75085350130649e-70,3.68317520243675e-69
"TRERF1",-0.0948413781545905,5.24537971587396e-70,3.36328465992651e-69
"AP3B1",-0.0948810556593327,4.59711482623235e-70,2.95100017024125e-69
"DHX36",-0.0949263492914596,3.95416540117875e-70,2.54118611332635e-69
"SLFN13",-0.0949573762848241,3.5662801276064e-70,2.29453890184917e-69
"CCNK",-0.0950287668279736,2.81181955174508e-70,1.81119962850338e-69
"PPP6R1",-0.0951511697499442,1.86988453050295e-70,1.20584958675933e-69
"KAT6A",-0.0951563174161457,1.83805591627717e-70,1.1866895570066e-69
"FAM214A",-0.0952267828078864,1.45295782092801e-70,9.39143671105028e-70
"GLTP",-0.0954496071433313,6.90037739717335e-71,4.47048727557913e-70
"UBN1",-0.0955597487484598,4.77248075630622e-71,3.09548404610417e-70
"ANXA6",-0.0955717818141602,4.5839372642955e-71,2.97663782492607e-70
"ZFAND6",-0.0956109047503428,4.02075670048389e-71,2.61395830040739e-70
"PHF3",-0.0956313804166348,3.7540723216381e-71,2.44341710690591e-70
"MYO9B",-0.0956817457729077,3.17074572115101e-71,2.0661463978291e-70
"ZNF800",-0.0957498464199352,2.52308679209889e-71,1.64602775121329e-70
"SMARCA5",-0.0958107559023905,2.05646176754951e-71,1.34317153209178e-70
"SUB1",-0.095920611318743,1.42166386429796e-71,9.2963877427372e-71
"STIM2",-0.0959400153754274,1.33186188155475e-71,8.71933876662714e-71
"CCDC186",-0.0959607067874364,1.24232436739445e-71,8.14267339751868e-71
"GBP4",-0.0961066545844559,7.60081103802472e-72,4.98769848443683e-71
"CBX4",-0.0961227648721276,7.19923983323604e-72,4.72972333240971e-71
"MSL2",-0.0961736527736531,6.06455459107681e-72,3.98893942821531e-71
"SPG11",-0.0961973555441846,5.59873728542168e-72,3.68687705611082e-71
"MAPK1IP1L",-0.0962647417394499,4.46032748467517e-72,2.94066767342584e-71
"BTN3A2",-0.0963008517914957,3.94852906427938e-72,2.6063082304148e-71
"TPP2",-0.0963285700555846,3.59576481120181e-72,2.37625778325176e-71
"CD47",-0.0963343199889773,3.52661871198542e-72,2.33331419857926e-71
"GAK",-0.0963733794066984,3.09072973345521e-72,2.04733444755118e-71
"SIRT2",-0.0964516080942936,2.37265286754224e-72,1.57353215026115e-71
"RAP2A",-0.0966830623840317,1.08378933544568e-72,7.19615572966543e-72
"QKI",-0.0967103894940596,9.87900984789169e-73,6.56725636863405e-72
"BRWD1",-0.0967425051860615,8.85966722159596e-73,5.89662412230686e-72
"RANBP2",-0.0967706932184654,8.05179047116675e-73,5.36530722953846e-72
"FAM160B1",-0.0967770649595919,7.87960222701799e-73,5.256820342882e-72
"ARFGAP3",-0.0969233144076984,4.79564655660067e-73,3.20319467260908e-72
"SETX",-0.0969642139800224,4.17328729071954e-73,2.79082362496328e-72
"SLK",-0.0969902829657592,3.81932210151384e-73,2.55716619556554e-72
"ARF6",-0.0970919926266442,2.70213663409546e-73,1.81133656668313e-72
"CHD2",-0.0973336882523706,1.18564558692256e-73,7.96685595817033e-73
"SF1",-0.0973391594950344,1.16371343738368e-73,7.82887167238674e-73
"SPATA13",-0.0973534882710964,1.10817261627694e-73,7.46418190098073e-73
"CREBRF",-0.0973570963775374,1.09460857995174e-73,7.38169251750851e-73
"ATP11B",-0.0973789211633042,1.01601952289795e-73,6.85996795942182e-73
"ETF1",-0.0974238335446549,8.71551668071183e-74,5.89164722300472e-73
"VPS4B",-0.097449081720024,7.99529080178151e-74,5.41130551366952e-73
"CEP350",-0.0975534135292473,5.59680908045079e-74,3.79715715337122e-73
"MAP4K5",-0.0975571283283267,5.52614539204364e-74,3.7537598517591e-73
"SP3",-0.0975942770158026,4.86662303027899e-74,3.30977614826255e-73
"B3GNT2",-0.0976239349619882,4.39690801466898e-74,2.9939577781537e-73
"STARD7",-0.0976485663290044,4.04136145056574e-74,2.75520554367036e-73
"PSMA3-AS1",-0.0977621234179096,2.73892560983766e-74,1.8695419144373e-73
"RESF1",-0.0978650736252799,1.92416127362929e-74,1.31499997285592e-73
"OFD1",-0.0979346973558508,1.51512331624668e-74,1.03672174166623e-73
"EMD",-0.0980728548472621,9.42463201063064e-75,6.45667943613376e-74
"NRDC",-0.0984367570014098,2.69013393254606e-75,1.84975589668566e-74
"TNFRSF1B",-0.0986201610266188,1.42751250298516e-75,9.82773963971603e-75
"GRB2",-0.0987945686283047,7.80554353251457e-76,5.3803525161392e-75
"PSMB8",-0.098805642678457,7.51173605357233e-76,5.1842079857413e-75
"CD55",-0.0988434578614344,6.58910667559895e-76,4.55306458816973e-75
"OAZ1",-0.0988611793417113,6.19651075339546e-76,4.28706743975656e-75
"CD164",-0.0988911977086759,5.5839831290805e-76,3.8680644567821e-75
"MAPRE2",-0.0989889502363395,3.9778387478188e-76,2.75888717113571e-75
"MIS18BP1",-0.0990138655658763,3.64821383769099e-76,2.53340648654527e-75
"JAZF1",-0.0990747220376849,2.95312400092316e-76,2.05581452188489e-75
"NONO",-0.0991475068439095,2.29305641843361e-76,1.59829454837089e-75
"UBE2F",-0.0991789933914108,2.05523358797084e-76,1.4343124566611e-75
"ZFX",-0.099198593996502,1.91977806026202e-76,1.34145090395366e-75
"ZBED4",-0.0992191111210845,1.78751600480833e-76,1.25215496136824e-75
"SACM1L",-0.0992587589358199,1.55712769833287e-76,1.09213311908102e-75
"PRPF40A",-0.0993999235233294,9.52278156492486e-77,6.69581780299108e-76
"PAK2",-0.0994300130480941,8.57438896367924e-77,6.03654217995709e-76
"FAM8A1",-0.0994833556132664,7.11867423773384e-77,5.01799376456106e-76
"SH2D2A",-0.0995311992319377,6.02403583366511e-77,4.25172503927698e-76
"FBXL5",-0.0996377532896702,4.1520982355297e-77,2.93792405453389e-76
"ENPP4",-0.0996609143201715,3.82925279057176e-77,2.71291183797271e-76
"BTN3A3",-0.100013830815668,1.1128472016125e-77,7.89417179472968e-77
"ZBTB43",-0.100097169371955,8.30657668344775e-78,5.89988032117126e-77
"VPS26A",-0.10023303584733,5.15373959152512e-78,3.66517216635872e-77
"SERPINB6",-0.100237682965458,5.0702227395253e-78,3.61035936878015e-77
"SPAG9",-0.100239841606767,5.03188854607223e-78,3.58762129926066e-77
"DYNLL2",-0.100344902332244,3.47717802721877e-78,2.48230645408077e-77
"PTPN2",-0.100367463503352,3.21171772913287e-78,2.29572272373222e-77
"BDP1",-0.100376713964546,3.10880723351372e-78,2.22500073264507e-77
"JAKMIP2",-0.100508484225831,1.95424432093116e-78,1.40045846221205e-77
"MECP2",-0.1007953052886,7.0990564397384e-79,5.09386841079308e-78
"GTDC1",-0.100952254018482,4.07394530792424e-79,2.92697301353942e-78
"RBM33",-0.101084841092336,2.54665362992171e-79,1.83202143030568e-78
"KAT7",-0.101139138089739,2.10053963176525e-79,1.51303651624839e-78
"HLA-DMA",-0.101272878161881,1.30654221821272e-79,9.42324657768868e-79
"TTC14",-0.101343002338259,1.01833759999425e-79,7.35407720408219e-79
"EP300",-0.101346277286361,1.00654981092475e-79,7.27832921344811e-79
"THUMPD1",-0.101357534275078,9.67059636976007e-80,7.00181163515962e-79
"YTHDC1",-0.101389861802896,8.62035484098981e-80,6.24947846428291e-79
"DOCK11",-0.101391618103393,8.56667259756157e-80,6.21860534154599e-79
"INPP4A",-0.101405047525523,8.16706548547481e-80,5.93621724780815e-79
"CLINT1",-0.101458305068786,6.7571706938734e-80,4.91781617772293e-79
"PMAIP1",-0.101508045033686,5.66056762928264e-80,4.12507425156045e-79
"EIF2AK2",-0.101525299039992,5.32321428549041e-80,3.88428292394379e-79
"SSH2",-0.101543127445247,4.99568077049356e-80,3.65003846647274e-79
"TSPYL2",-0.101635957960643,3.5885007754869e-80,2.6253209328758e-79
"MYL6",-0.101781466871218,2.13514981207997e-80,1.56410190155505e-79
"BTG1",-0.101808082364272,1.94155098728275e-80,1.42414289695452e-79
"KDM2A",-0.10184991209481,1.67205451577873e-80,1.22807254343696e-79
"CRYBG1",-0.102029309416367,8.80258908987885e-81,6.4737151259424e-80
"EML4",-0.102185636609761,5.02801894457407e-81,3.71238711006497e-80
"STK39",-0.102222811866255,4.40052059969312e-81,3.25336641697629e-80
"SSBP4",-0.10222463191403,4.37188930876735e-81,3.23646865077044e-80
"TAP2",-0.102256939703082,3.89348148358091e-81,2.88612040132109e-80
"YARS",-0.10229198832955,3.43335695778165e-81,2.54841488627926e-80
"SFT2D2",-0.102491324865797,1.67770227183364e-81,1.24692885031243e-80
"H3F3A",-0.102537969851969,1.41857001476073e-81,1.05573258469046e-80
"SF3B1",-0.102558732977999,1.3164545543624e-81,9.81038739713686e-81
"TENT4B",-0.102611185238252,1.08996643916755e-81,8.13338472049929e-81
"USP11",-0.102634577428254,1.00191990012475e-81,7.48634549373215e-81
"SUPT16H",-0.102700333841169,7.90604698340138e-82,5.91528535313503e-81
"GTF3A",-0.102709434746788,7.65096241727391e-82,5.73208467732661e-81
"SBK1",-0.102824219104029,5.05782000231765e-82,3.79946692935498e-81
"ELF1",-0.103034788030088,2.36418447615201e-82,1.78076475864998e-81
"EFCAB14",-0.103059312179751,2.16356554273292e-82,1.63184674313261e-81
"TACC1",-0.103138077291059,1.62711742431142e-82,1.22889030267401e-81
"MIR4435-2HG",-0.10314466684421,1.58877141890955e-82,1.20154858725629e-81
"DNTTIP2",-0.10315772413874,1.51543021361729e-82,1.14763120501504e-81
"NLRC5",-0.103168590510761,1.4569762859067e-82,1.10485725388649e-81
"TUT7",-0.103199430009067,1.30304230033579e-82,9.89464641067988e-82
"PTPN1",-0.103296817785904,9.15636609026382e-83,6.96231690228473e-82
"KMT2C",-0.103459280321083,5.07888781676713e-83,3.86713143004932e-82
"ISCA1",-0.103810030782187,1.41833353301423e-83,1.08140695496759e-82
"NFATC2",-0.103820718715172,1.3641667876503e-83,1.04152461553029e-82
"MEF2D",-0.103876659480148,1.11256849681261e-83,8.50591249132042e-83
"ADAM10",-0.103879547889657,1.10091499691055e-83,8.43852247389784e-83
"CHD9",-0.103924202034137,9.35492417742907e-84,7.18150617675514e-83
"DDX3X",-0.10398279289896,7.55457347057203e-84,5.82336034787973e-83
"GALNT1",-0.103984773981207,7.50015481756311e-84,5.78937570215202e-83
"PPP1CA",-0.10403316468765,6.28578125495392e-84,4.85869215900162e-83
"AC012615.1",-0.104094487868078,5.02452576760892e-84,3.88914950299453e-83
"KLHL24",-0.104095727220981,5.00182795816923e-84,3.87693552940254e-83
"RASSF5",-0.104223573761561,3.1344589283781e-84,2.43627015736905e-83
"CCND3",-0.104234605158377,3.01049234110289e-84,2.34316653882509e-83
"AKIRIN2",-0.104244200804924,2.90664400676941e-84,2.26548442474768e-83
"PIK3R5",-0.104448888801432,1.37353947947107e-84,1.0720494767348e-83
"BTG2",-0.104490379745296,1.17970053267092e-84,9.2204208997041e-84
"CYCS",-0.104535077632436,1.00130382363143e-84,7.83702042965157e-84
"EIF5",-0.104574867053022,8.6527338561089e-85,6.78180706708172e-84
"TES",-0.104725280331176,4.97986402944015e-85,3.90856554915722e-84
"USP34",-0.104843198264633,3.22754432926862e-85,2.53676836202263e-84
"MXD4",-0.104866498858741,2.9623042939892e-85,2.33156646959487e-84
"ARPC5",-0.104977450982066,1.96867337186445e-85,1.55168010913198e-84
"SLC15A4",-0.105127377331706,1.13260731705357e-85,8.93962169685664e-85
"SUGP2",-0.105156235372871,1.01818258179288e-85,8.04780703577896e-85
"CDKN2D",-0.105261187919313,6.91032894085784e-86,5.46970104301799e-85
"CD300A",-0.105291312422076,6.18233210009267e-86,4.90039449631107e-85
"RASA3",-0.105423934214412,3.7856644826844e-86,3.00493820976818e-85
"PSMB9",-0.105427282263417,3.73904875928121e-86,2.97214599248396e-85
"SRSF3",-0.1055030535116,2.82445668207635e-86,2.24833171113009e-85
"TRIM22",-0.105520345838149,2.64922937917544e-86,2.1118465776528e-85
"YY1",-0.10556123657163,2.27681022542941e-86,1.8175561970522e-85
"SNRNP200",-0.105715199074594,1.28638282279403e-86,1.02984133413396e-85
"RAP1GAP2",-0.105724583347325,1.24235288431797e-86,9.96015102105563e-86
"TRANK1",-0.105776268264191,1.02545464211875e-86,8.23301979145199e-86
"LINC02591",-0.105808181880478,9.10842604219834e-87,7.32333135444469e-86
"EHD1",-0.105831644996653,8.34814256582107e-87,6.72169410041111e-86
"PCM1",-0.105837555558541,8.16681826972088e-87,6.58515821345551e-86
"RHOA",-0.105874589662704,7.11679263515422e-87,5.74675877916488e-86
"CNOT1",-0.106092099491108,3.16825533428227e-87,2.56203504954081e-86
"CSNK1G3",-0.106130419591417,2.7467835098479e-87,2.22441832213694e-86
"AC245297.3",-0.106295330549679,1.4851320182565e-87,1.20443991755563e-86
"GYPC",-0.106296306590804,1.47973241913826e-87,1.20180006910881e-86
"ARRB2",-0.106445355035537,8.4809883280795e-88,6.89803462852794e-87
"MT-ATP6",-0.106554879898425,5.63108342619908e-88,4.59339032320519e-87
"TRAPPC2",-0.106612159721311,4.54467295533007e-88,3.71258706146788e-87
"TUT4",-0.106647902970223,3.97546608418872e-88,3.25709238827391e-87
"RNF169",-0.106879096304654,1.67114516928073e-88,1.37318145581367e-87
"GALC",-0.107143436321863,6.18959131056252e-89,5.09346104322942e-88
"NFATC3",-0.107177926754069,5.43625961208318e-89,4.4801174803109e-88
"LINC01578",-0.107180441442011,5.38505500581985e-89,4.44445482365456e-88
"TMEM181",-0.107237578352866,4.34288402605743e-89,3.58960502684747e-88
"CANX",-0.107298809166789,3.44839503903926e-89,2.85447648430961e-88
"MIAT",-0.107373182653243,2.60542591734712e-89,2.15988266875935e-88
"BCL2L11",-0.107433470341231,2.07555264531504e-89,1.72316992953266e-88
"TAF15",-0.107718269055452,7.07782460405295e-90,5.88488562034314e-89
"PPP2R5A",-0.107794169267654,5.31088745116373e-90,4.42231995190514e-89
"DNAJC8",-0.107889697984199,3.69870893551661e-90,3.08445905872546e-89
"RICTOR",-0.107958952677649,2.84483898882135e-90,2.37592812121533e-89
"SH3KBP1",-0.108011676416389,2.32929791392719e-90,1.94826649397731e-89
"EIF4A1",-0.10831074862457,7.47919212759348e-91,6.26508111854019e-90
"ARF1",-0.108316212640652,7.32534257416862e-91,6.14539218347918e-90
"PAFAH1B1",-0.108626895386962,2.24287812721334e-91,1.88442114316395e-90
"GATAD2A",-0.108940171331145,6.77600648543946e-92,5.70161266432473e-91
"SUPV3L1",-0.109150475204279,3.02797216747525e-92,2.55169263556861e-91
"HNRNPK",-0.109252425767885,2.0479465425398e-92,1.73102449840015e-91
"WDR26",-0.109396673470153,1.17692553415244e-92,9.96297687823303e-92
"RAB8B",-0.109485456236621,8.36604750271289e-93,7.09278823074176e-92
"ARNTL",-0.109511652169682,7.56416638656018e-93,6.42266491367928e-92
"VAMP2",-0.109526750597561,7.13731571673309e-93,6.06942599037515e-92
"KIF21A",-0.109608183079835,5.21696518127572e-93,4.4431417744482e-92
"ARID1B",-0.109770667662138,2.78940504586148e-93,2.37927334505445e-92
"PER1",-0.109773365467165,2.76053674245286e-93,2.35823900986369e-92
"TYROBP",-0.109809910628341,2.39761642745372e-93,2.05133472663369e-92
"TLE5",-0.109875649969357,1.86042763140728e-93,1.59416459425174e-92
"TTC38",-0.109905738434333,1.65640935513019e-93,1.42151884014542e-92
"ARRDC3",-0.110018681431188,1.07074569833072e-93,9.21729476719718e-93
"DNAJB14",-0.110209284503961,5.12232043416582e-94,4.4162282635485e-93
"RBBP7",-0.110228463657809,4.75569302972837e-94,4.10645666234172e-93
"B4GALT5",-0.110402685695469,2.4208527896102e-94,2.09358935694068e-93
"EIF3A",-0.110637692064048,9.7199531166338e-95,8.41895166392825e-94
"CPD",-0.110683755022196,8.12615126485552e-95,7.04937332635454e-94
"KRAS",-0.111023339573535,2.16502328408036e-95,1.88105278821493e-94
"RO60",-0.111027994205889,2.12606521228482e-95,1.85007289590747e-94
"LLGL2",-0.11107356042146,1.77975158636842e-95,1.55112408864831e-94
"PPP4R3A",-0.111084651365704,1.70435326178408e-95,1.48772518365077e-94
"SAMHD1",-0.111129339014325,1.43150259330353e-95,1.25150398328751e-94
"CFL1",-0.111280824846833,7.91986901512018e-96,6.93483530636461e-95
"DDX46",-0.111342824108772,6.21442707083486e-96,5.45002336540822e-95
"ATP1B3",-0.111390180781062,5.16317613512284e-96,4.5351785362427e-95
"CYFIP2",-0.111404713044263,4.87766420325113e-96,4.29111933987744e-95
"HNRNPD",-0.111406493070654,4.84379331753988e-96,4.26802165903986e-95
"SLAMF6",-0.11154278112745,2.84007778325401e-96,2.50642455076464e-95
"FCRL3",-0.111567552807312,2.57725384173397e-96,2.27806475222037e-95
"TGFBR1",-0.111683377607062,1.63622165438478e-96,1.45085223910954e-95
"CREBBP",-0.111707329732068,1.48940244318823e-96,1.32275931721503e-95
"BRAF",-0.111750891686192,1.25525256222881e-96,1.11657704106829e-95
"SFMBT2",-0.111936962243138,6.04108050600947e-97,5.38222816465454e-96
"SETD2",-0.112225755155549,1.93680555866256e-97,1.72832139343073e-96
"CHD1",-0.112281373359332,1.55522251134499e-97,1.39002662736481e-96
"ZNF207",-0.112308333531086,1.39824397663285e-97,1.25171872924129e-96
"MXRA7",-0.11235311771479,1.17165052613259e-97,1.05054872775153e-96
"PRKACB",-0.112436623077502,8.42442418398396e-98,7.56578094984714e-97
"GALNT11",-0.112458421293325,7.7290540894129e-98,6.9524268245698e-97
"HLA-DQA1",-0.112540618714847,5.58442233703693e-98,5.03136700590916e-97
"SP100",-0.112654325021865,3.56081990989483e-98,3.21333893318046e-97
"YPEL5",-0.112732208476209,2.61561960867862e-98,2.36418262694112e-97
"PRDM2",-0.112756496206085,2.37561136378803e-98,2.15071503758774e-97
"MAP1LC3B",-0.112757585011147,2.36538231183007e-98,2.14491949441678e-97
"GALNT10",-0.11280989015873,1.92243672905245e-98,1.7460835380243e-97
"SIK3",-0.11305672804148,7.21633733938376e-99,6.56499260550431e-98
"CALCOCO1",-0.113091152088572,6.29355657512318e-99,5.73481155235615e-98
"RAD21",-0.113129187974955,5.4102761193848e-99,4.93797839951668e-98
"USP36",-0.11314728181668,5.03464445780077e-99,4.60263418295522e-98
"ACAA2",-0.113209680461148,3.9278813528887e-99,3.59670704274318e-98
"HNRNPH1",-0.113253086068398,3.30466688471485e-99,3.03099070735549e-98
"PTGDR",-0.11326675342927,3.12965372359047e-99,2.87517696180344e-98
"LPGAT1",-0.113343381727418,2.30647641263921e-99,2.12241277773894e-98
"HIPK1",-0.113458720507727,1.45636388312513e-99,1.34234592122257e-98
"LBR",-0.113650226659593,6.78060592476752e-100,6.26005199380513e-99
"UBR2",-0.113671134004183,6.23717894691633e-100,5.76784666972263e-99
"ARHGDIB",-0.113816308326991,3.4904436244441e-100,3.23848444890475e-99
"EPS15",-0.113897594931339,2.52101786611428e-100,2.34291610641864e-99
"PDE4D",-0.113918749956105,2.31624313435373e-100,2.15618380812596e-99
"RASGRP1",-0.114050800172858,1.36449225817354e-100,1.27231524372787e-99
"CHCHD2",-0.114329893271049,4.44997155289569e-101,4.16321211726668e-100
"LINC02384",-0.114370503722316,3.77963113235504e-101,3.54198208456817e-100
"PARP15",-0.114433209161669,2.93705529857949e-101,2.75699462198316e-100
"WASF2",-0.114546465731767,1.86171766161376e-101,1.75051439189321e-100
"GTF2I",-0.114577895733982,1.64033109742248e-101,1.54494377646312e-100
"HMGB2",-0.114591417644645,1.55336001776947e-101,1.4654931884815e-100
"SMG1",-0.114825957268452,6.03173341052809e-102,5.70014064630681e-101
"MTFP1",-0.11496138687565,3.49000879650017e-102,3.30371778641672e-101
"PICALM",-0.115037475256315,2.56567330934974e-102,2.43283134104839e-101
"CD63",-0.115104170129389,1.95883819998812e-102,1.86056428351414e-101
"CDK17",-0.115273811369799,9.85315343351149e-103,9.37471508342927e-102
"BIRC6",-0.115333988613299,7.71981396407909e-103,7.35745534943865e-102
"KANSL1",-0.115400624374391,5.89114052988696e-103,5.62418254335376e-102
"APOL6",-0.115523119464013,3.58253837982891e-103,3.43188804795919e-102
"TSHZ1",-0.115526018031511,3.54059835131105e-103,3.39751937684027e-102
"PCSK7",-0.115819318666789,1.07374921893371e-103,1.03212532125292e-102
"RAPGEF1",-0.115936873110824,6.6503164548612e-104,6.40350058643336e-103
"PNN",-0.115983235303002,5.50460456545591e-104,5.30943269962391e-103
"PRPF4B",-0.116148270899889,2.80636641232869e-104,2.7115305818431e-103
"MCOLN2",-0.116294336169847,1.54468138436504e-104,1.49505949533363e-103
"ZC3H18",-0.116350401006589,1.22806136203134e-104,1.19066710602485e-103
"DBI",-0.116737867521157,2.5084575979725e-105,2.43629053362875e-104
"CYTOR",-0.11692216304208,1.17619299294034e-105,1.1443377660482e-104
"SSBP3",-0.117217223532725,3.48941585179174e-106,3.40081503190276e-105
"PLEKHA1",-0.117297165656981,2.50922186976922e-106,2.44976992302904e-105
"PSME4",-0.117524032819189,9.83036622745718e-107,9.63100915011714e-106
"SPCS3",-0.117825183480789,2.82554265355014e-107,2.77308949745972e-106
"FMNL1",-0.117881895897322,2.23344041287446e-107,2.19582457434184e-106
"SAR1A",-0.117942153554386,1.7394320656155e-107,1.713141879738e-106
"STK38",-0.118119448011059,8.32999065239957e-108,8.21853303099422e-107
"SPTY2D1",-0.118522578595556,1.55503145093952e-108,1.53964598075355e-107
"DOCK2",-0.118839599141338,4.13755154848192e-109,4.11114164498097e-108
"SMAP2",-0.118975524033767,2.34275966912228e-109,2.34025404380771e-108
"NCOA1",-0.119047799921072,1.73086531569605e-109,1.73210164806441e-108
"GSE1",-0.119122905843933,1.26346875652134e-109,1.26663307898848e-108
"DGKD",-0.119133661916165,1.20775923128236e-109,1.21295389464272e-108
"KDM5A",-0.119309697076045,5.7704071555467e-110,5.80563046672957e-109
"VCL",-0.119447458766637,3.23471825642932e-110,3.2603167462284e-109
"UBE2V1",-0.119499012257668,2.60430450960985e-110,2.62964368862227e-109
"PRMT2",-0.119642277713607,1.4251090753803e-110,1.44157242931971e-109
"EIF4G3",-0.119754269060608,8.89077488553593e-111,9.00974728002593e-110
"IL18R1",-0.119763063930249,8.5672113572866e-111,8.69758196489748e-110
"LCOR",-0.119778438271905,8.02956231488201e-111,8.16654577361139e-110
"NIPBL",-0.120388422652973,6.09442598925472e-112,6.22097691143596e-111
"RPL13A",-0.120462505385913,4.45185119837885e-112,4.55258651746626e-111
"SBDS",-0.120640865112188,2.08839822229848e-112,2.13955825187581e-111
"FUS",-0.120662050983072,1.90868113979213e-112,1.9590199830394e-111
"PXN",-0.120811048874378,1.01318725077371e-112,1.04181676207998e-111
"KCNAB2",-0.120862920210662,8.12560625930209e-113,8.3705693891781e-112
"LBH",-0.121084014851342,3.16886059522209e-113,3.27040419440601e-112
"VAV3",-0.12110569007001,2.8891481640275e-113,2.98722994671773e-112
"PLAAT3",-0.121136784295533,2.53036759027298e-113,2.6259592547944e-112
"APOBEC3C",-0.121148486737684,2.4071706598047e-113,2.50274292718841e-112
"SMARCE1",-0.121232334351128,1.68318149873356e-113,1.75326191801169e-112
"TNIK",-0.121412606256929,7.79291749594898e-114,8.13249714102385e-113
"WNK1",-0.121547959967184,4.36781189066638e-114,4.56664511852508e-113
"NUB1",-0.121662958841691,2.66939908827429e-114,2.79613317582974e-113
"ANXA1",-0.121670851186585,2.58065171157847e-114,2.70823449282504e-113
"NCR3",-0.121675990429671,2.52445157767636e-114,2.65422638673514e-113
"RRAS2",-0.12189375760798,9.92194652554872e-115,1.04516143475893e-113
"PTBP3",-0.122072301327623,4.6080937426941e-115,4.86323113635738e-114
"EIF1",-0.122437374943154,9.57004766024884e-116,1.01189711486858e-114
"RAB5IF",-0.122601128791952,4.72118104598388e-116,5.00141750126535e-115
"RBL2",-0.122807104389308,1.93851240777532e-116,2.05746657825244e-115
"PILRB",-0.12293363478145,1.12114454924904e-116,1.19220001024509e-115
"GLS",-0.123043816816502,6.9562573267977e-117,7.41119126604074e-116
"MAPKAPK2",-0.123185453181708,3.76386763476094e-117,4.01765985241911e-116
"AGO4",-0.123496177922145,9.75770410314009e-118,1.04355293499994e-116
"ATR",-0.123655461218263,4.87773201511761e-118,5.22654114965948e-117
"XRCC5",-0.123732290737756,3.49001218041518e-118,3.74674870862963e-117
"TC2N",-0.123774538580638,2.90294122757223e-118,3.12247267549228e-117
"PDCD4",-0.123974694620475,1.21198548782101e-118,1.30614743725941e-117
"TAOK3",-0.124033610268914,9.36955602553524e-119,1.01169541362427e-117
"BHLHE40",-0.12405243104323,8.62977706083727e-119,9.33615263492897e-118
"ATRX",-0.12441284869126,1.78196094796242e-119,1.93154915906797e-118
"CAPZA1",-0.124516894492973,1.12912579356326e-119,1.22628312928847e-118
"FAM53B",-0.12454726659318,9.88248988285178e-120,1.07536841366022e-118
"PPP3CA",-0.124592202940981,8.11354642175045e-120,8.84597551507579e-119
"MT2A",-0.124643477539729,6.47790518865244e-120,7.07644847508933e-119
"SPN",-0.124872367240459,2.36841483779454e-120,2.5923040529298e-119
"PRR5L",-0.124886602029034,2.22461417886352e-120,2.43967472766167e-119
"FOXN3",-0.125008865805304,1.29859578057931e-120,1.42692759889538e-119
"SF3B2",-0.125018779704742,1.2431035316897e-120,1.36863500817075e-119
"ARL6IP1",-0.125193181810722,5.76233629987439e-121,6.35671902057009e-120
"WAC",-0.125301775764479,3.56815581461233e-121,3.94397340928747e-120
"LSM14A",-0.125457005449604,1.79710972132822e-121,1.9903167743722e-120
"ADD1",-0.125569966406518,1.09037568467933e-121,1.20999313602831e-120
"PAPOLA",-0.125585652537863,1.01724873378509e-121,1.13108371113723e-120
"HSPA9",-0.125685896196314,6.52628068816167e-122,7.27102921997177e-121
"SERPINB9",-0.125871352126431,2.8683369854231e-122,3.20202399727312e-121
"TCEA1",-0.126091764413954,1.07793652378816e-122,1.20573977630915e-121
"ARGLU1",-0.126108075714703,1.00255573303887e-122,1.12366446558996e-121
"SLFN12L",-0.126114347795163,9.74991463029243e-123,1.09496035246811e-121
"HNRNPR",-0.126212423823512,6.30366170702645e-123,7.09351811369e-122
"ARID4B",-0.126258993247826,5.12393167298474e-123,5.77756802724476e-122
"PPIB",-0.126274735374837,4.77722746967841e-123,5.39749652017698e-122
"ITGAM",-0.126403492549002,2.69252133100093e-123,3.048260512915e-122
"LNPEP",-0.126671927665631,8.13139619503731e-124,9.22436118967391e-123
"THRAP3",-0.126845364390337,3.74620715658671e-124,4.25836610659471e-123
"EIF4G2",-0.126951094777094,2.33441270980108e-124,2.66436839627805e-123
"FUT11",-0.127013718218387,1.76371768737575e-124,2.01711712654158e-123
"G3BP2",-0.127098263308659,1.20771308214685e-124,1.38405401070571e-123
"NPC1",-0.127262299435275,5.78819960152372e-125,6.6469406899465e-124
"MAN1A1",-0.127328566110299,4.29917453231043e-125,4.94714046798103e-124
"CCNH",-0.127411137817061,2.96722268037387e-125,3.42146417712246e-124
"B4GALT4",-0.127645522740339,1.03432475031565e-125,1.19759419437374e-124
"DAZAP2",-0.127734572089301,6.92690929880227e-126,8.036935757865e-125
"BTN3A1",-0.127933964121498,2.8197887668665e-126,3.27844320529458e-125
"GPATCH8",-0.127938793576263,2.75901986076758e-126,3.21445889807515e-125
"AUTS2",-0.128070052960725,1.52564611417826e-126,1.78119183830312e-125
"FAM107B",-0.128121221805875,1.2108115175753e-126,1.41657364185636e-125
"PREX1",-0.128180027450419,9.28254939095668e-127,1.088272108513e-125
"PRRC2C",-0.128349279677545,4.31714019296723e-127,5.07196093110867e-126
"PTPN12",-0.128392763376089,3.54573160261181e-127,4.17442855063793e-126
"TAX1BP1",-0.12842105573728,3.11936492803272e-127,3.68019390667271e-126
"TRAPPC10",-0.128589630218217,1.45306930441664e-127,1.71793257003183e-126
"NUCKS1",-0.128829440072843,4.89251262372203e-128,5.79654138336961e-127
"IL10RA",-0.128928364582644,3.1206896191392e-128,3.7051577596729e-127
"C5orf56",-0.128963225499499,2.66315702747249e-128,3.16864797918382e-127
"PHACTR2",-0.12898182244284,2.44713598774058e-128,2.91781916495706e-127
"RIOK3",-0.129050949467701,1.78668623031307e-128,2.13488051912035e-127
"NCALD",-0.129191832396026,9.40589085186814e-129,1.12870690222418e-127
"ASCL2",-0.129267995606206,6.64704171366176e-129,7.99356690200869e-128
"ACBD5",-0.129412949324725,3.43105146784794e-129,4.13497041415481e-128
"CDK13",-0.129547324099882,1.85733453590388e-129,2.24321179724254e-128
"RAP2B",-0.130019205063894,2.1411090672046e-130,2.59713749190792e-129
"IL2RG",-0.130201047726885,9.29262038397407e-131,1.12962786619936e-129
"UHMK1",-0.13023000768553,8.13502206738873e-131,9.91057905774923e-130
"OGA",-0.130279952811503,6.46665344786946e-131,7.89523440563409e-130
"FAM133B",-0.130293796690293,6.06796920324802e-131,7.42465052729299e-130
"YWHAQ",-0.1304572972055,2.86036822926512e-131,3.50755001242927e-130
"CDC42SE1",-0.130565065285484,1.74142600017112e-131,2.1401209002103e-130
"KIF2A",-0.130669578286118,1.07577729760293e-131,1.32497933533337e-130
"ARIH2",-0.130705883971493,9.09947189957046e-132,1.1232035357972e-130
"SELENOK",-0.130725203890348,8.32371883464373e-132,1.02971568100096e-130
"RNF19A",-0.130900320253187,3.70920875502752e-132,4.59876235910934e-131
"PAIP2",-0.130948661185388,2.96682724443066e-132,3.68649664695996e-131
"ACTN4",-0.131052294940845,1.83756106710063e-132,2.28837604889598e-131
"HCLS1",-0.131158756782187,1.12288933782342e-132,1.40148593522548e-131
"LRRFIP1",-0.131383251393441,3.96909454318958e-133,4.96491201340053e-132
"ARHGAP25",-0.131773618635817,6.47798742958386e-134,8.13960572990762e-133
"SLC9A3R1",-0.131822674350091,5.15631270180843e-134,6.49347783841223e-133
"COPA",-0.131950287763421,2.84682126015407e-134,3.59315007700527e-133
"PTPRJ",-0.132076916212523,1.57803870431077e-134,1.99623677177371e-133
"IFNGR1",-0.13217230267133,1.01141215255356e-134,1.28234246672175e-133
"FBXO7",-0.132265771092142,6.53858374661449e-135,8.30889417596998e-134
"SRPK2",-0.132397881792232,3.52762266357429e-135,4.49290850151599e-134
"BCL9L",-0.132517111554226,2.02010461250373e-135,2.57873946434416e-134
"HERPUD2",-0.13264054553267,1.13368251515541e-135,1.45381162813065e-134
"XRN1",-0.132652016526156,1.07439540253903e-135,1.3809430816121e-134
"PRR5",-0.132696400849593,8.72740168525496e-136,1.1243300929694e-134
"ARHGAP30",-0.132704226005249,8.41327543162844e-136,1.08635934375221e-134
"LSP1",-0.132715396151894,7.98432791533561e-136,1.03335273989702e-134
"ADAR",-0.132739680617297,7.12561674850156e-136,9.24350839319508e-135
"CMIP",-0.132764258426795,6.35038608237017e-136,8.25697531452493e-135
"CCL4L2",-0.132824546406741,4.7869365923211e-136,6.23860294496917e-135
"SCAF11",-0.133207544108398,7.92418917445785e-137,1.03755037695472e-135
"CAP1",-0.133281463600995,5.59670793412596e-137,7.34518764937748e-136
"PPIA",-0.133373605055598,3.6271094411954e-137,4.77143692686831e-136
"DGKZ",-0.133400619462553,3.19379841761543e-137,4.21130501936867e-136
"PRDM1",-0.133426313573659,2.82972379598723e-137,3.74004060205482e-136
"MIDN",-0.133764752375618,5.73337469881136e-138,7.59570492012739e-137
"INPP5D",-0.134050425873849,1.48511596156113e-138,1.97686219681439e-137
"HLA-DRB5",-0.13411544769194,1.09157342527155e-138,1.45647082743375e-137
"IDS",-0.134204598384487,7.15515892159417e-139,9.56981159823716e-138
"CAST",-0.134496808900306,1.78851612050867e-139,2.39780965055756e-138
"PTPRA",-0.134570036747304,1.26295558408929e-139,1.69726692883367e-138
"SMCHD1",-0.134583102420854,1.18691133945601e-139,1.59890652555564e-138
"CAPN2",-0.135463754237376,1.77975515049741e-141,2.41495105651029e-140
"RB1CC1",-0.135576955352783,1.03513987356914e-141,1.40799122608774e-140
"BPTF",-0.135699073286294,5.76594472110601e-142,7.86188667082191e-141
"CREM",-0.135904673396641,2.15020584620018e-142,2.93896428344045e-141
"CD3E",-0.135993689870945,1.40215585432166e-142,1.92119349819525e-141
"THEMIS",-0.136333897836623,2.72885838430288e-143,3.75737650752662e-142
"ROCK1",-0.1364982217598,1.23592394242527e-143,1.70594033826384e-142
"ABI3",-0.136543735756259,9.92290187057166e-144,1.37303560697984e-142
"PLEKHA2",-0.136627332098371,6.62851737392068e-144,9.19460677313155e-143
"DDHD1",-0.136647261491928,6.02042242768364e-144,8.37182314757794e-143
"RNF166",-0.136846874381169,2.29464640758215e-144,3.19880558907721e-143
"KLHDC4",-0.137079215102018,7.45288122432315e-145,1.04154479753384e-143
"ATF7IP",-0.137111340798632,6.3786227632501e-145,8.93645049131339e-144
"AGPAT4",-0.137125388117698,5.95887259890931e-145,8.36930377049819e-144
"DNAJC1",-0.137203353500565,4.08345384586778e-145,5.74966717393041e-144
"HP1BP3",-0.137407443713407,1.51673530127068e-145,2.14100368471558e-144
"ZNF394",-0.137701128206718,3.63756895270675e-146,5.16074339518194e-145
"CTSS",-0.137772578245641,2.56886374607759e-146,3.65378488147686e-145
"ZBTB44",-0.138292915226965,2.02824356950656e-147,2.89218243346432e-146
"HELZ",-0.138402472368657,1.18689994731774e-147,1.69678247570628e-146
"LINC02446",-0.139116126177368,3.58011398221685e-149,5.13119149778599e-148
"ATXN1",-0.139129547662467,3.35137688984236e-149,4.81567079248117e-148
"YPEL1",-0.139167648600388,2.77849118943792e-149,4.00274154900002e-148
"YBX1",-0.139586329360769,3.52896986761067e-150,5.0969966850748e-149
"MYO1G",-0.139641501426438,2.68749291638278e-150,3.89165640914964e-149
"PPP1R12A",-0.140070801894723,3.2149915503861e-151,4.67969159697758e-150
"C9orf78",-0.140145870836788,2.21628162315055e-151,3.23438599378533e-150
"HLA-DRA",-0.140480189472102,4.21746892370002e-152,6.18709315403532e-151
"DIP2A",-0.140490740283104,4.00204742576365e-152,5.8864760561626e-151
"FKBP11",-0.140530121762642,3.29061868474532e-152,4.85279660771388e-151
"CSNK1D",-0.14058470679543,2.50850658545266e-152,3.70914799600968e-151
"ARPC3",-0.140778054975289,9.58401896198122e-153,1.42086884293499e-151
"BRD1",-0.140885273928058,5.61781316848508e-153,8.35072281066058e-152
"SUN2",-0.141139218658659,1.58269776257954e-153,2.36518353639886e-152
"STOM",-0.141228385607178,1.01385205257614e-153,1.5191515782451e-152
"SRRM1",-0.141542893961926,2.1024325848092e-154,3.17574992055816e-153
"B2M",-0.141591982677527,1.64413376096233e-154,2.49019610714402e-153
"SLC38A1",-0.141823778665643,5.14258430375899e-155,7.81003860115594e-154
"TIPARP",-0.141885967234062,3.76369673014039e-155,5.73145556405075e-154
"IQGAP2",-0.141966143772726,2.5161946088641e-155,3.84216746269058e-154
"RGS2",-0.142253958168721,5.91775167390985e-156,9.06095092365869e-155
"PTPRE",-0.142372014190376,3.26542477816201e-156,5.01354533063559e-155
"HNRNPC",-0.142388212725072,3.00948523838753e-156,4.63328441646256e-155
"CCDC12",-0.142499759351474,1.7150608699574e-156,2.64771380585159e-155
"ZNF331",-0.143162830467676,6.00476313045622e-158,9.29577143178913e-157
"ATP2B4",-0.143195662951576,5.08427662558779e-158,7.89260005811467e-157
"XCL2",-0.143390172699815,1.89559578018721e-158,2.95081076449142e-157
"CEBPB",-0.143532351581104,9.20786648492988e-159,1.43735052316287e-157
"RBM3",-0.143545053318878,8.63234152666153e-159,1.3512749138383e-157
"NUCB2",-0.143684464896026,4.2491638284869e-159,6.67011599295255e-158
"MGAT4A",-0.143693958156231,4.04884139778051e-159,6.37351325650617e-158
"CRTAM",-0.144012328031074,8.00105382825251e-160,1.263039595874e-158
"PECAM1",-0.144049346395601,6.62465569826403e-160,1.04871668172519e-158
"PLAAT4",-0.144106549152969,4.94805312858902e-160,7.85520955598098e-159
"SNRK",-0.144310663394417,1.74504355886162e-160,2.7861037332936e-159
"JOSD1",-0.144355524163347,1.38751338865532e-160,2.22160715143554e-159
"STK17A",-0.144474901107418,7.53566648125966e-161,1.21002507051516e-159
"SLC20A1",-0.144790793555951,1.49444446199407e-161,2.406570909487e-160
"RBM38",-0.144899488808613,8.55734491441001e-162,1.38199887320904e-160
"CALR",-0.144914436880253,7.92545837499714e-162,1.28364938536081e-160
"MLLT6",-0.14506679309363,3.62464445932853e-162,5.88768334784842e-161
"PRSS23",-0.145129872046096,2.62113097345469e-162,4.27000522536049e-161
"TCF25",-0.145153630913575,2.31978787335027e-162,3.79011406479735e-161
"TSEN54",-0.145212123106268,1.7172319986734e-162,2.8138503276508e-161
"KMT2E",-0.145509800559541,3.70881454694894e-163,6.09507235222929e-162
"RAB9A",-0.146245865843036,8.26674634294502e-165,1.37061676052852e-163
"MBNL1",-0.146348166800541,4.86475423425269e-165,8.08963879191456e-164
"GSTP1",-0.146493949669702,2.28361131386008e-165,3.82010680682744e-164
"RHBDF2",-0.146568409286022,1.55145241964317e-165,2.60309561667076e-164
"RASSF1",-0.146590543481589,1.3829786435728e-165,2.32739108666125e-164
"HNRNPDL",-0.147169966604745,6.77878597626248e-167,1.14422640394503e-165
"PDZD8",-0.147222294091194,5.15954932543262e-167,8.73538199991674e-166
"ERBIN",-0.147648187306512,5.57418223909975e-168,9.46597492967121e-167
"NAA50",-0.147788969760043,2.66735014663908e-168,4.54341344126608e-167
"DYNC1H1",-0.1478042323601,2.46239610415254e-168,4.20709383160696e-167
"CTPS1",-0.148459785503414,7.87879765542566e-170,1.35437981782225e-168
"EPB41",-0.148695382233597,2.27787407692188e-170,3.92775579294468e-169
"KLRC4",-0.148929667631674,6.61782933061529e-171,1.1481831445439e-169
"CCDC88C",-0.148931453808301,6.55570710093117e-171,1.1409373476279e-169
"LINC02084",-0.149579852965416,2.12001835485275e-172,3.72432064595449e-171
"MOB1A",-0.149663167959173,1.36257025176134e-172,2.40120870782093e-171
"LINC00987",-0.149814209643258,6.10988225166412e-173,1.0801192472658e-171
"BCLAF1",-0.150562700042412,1.13366480646091e-174,2.01046125804017e-173
"HMGB1",-0.150787341317422,3.41228291940625e-175,6.07061380328655e-174
"VPS13C",-0.15082092057067,2.85122045946362e-175,5.08861129134845e-174
"MRPL10",-0.150903872112924,1.82908058966332e-175,3.27481393753138e-174
"EZR",-0.151260385762082,2.70617001187478e-176,4.86069767517508e-175
"PITPNC1",-0.151433192655643,1.06995728461403e-176,1.92798733857783e-175
"MTPN",-0.151524063384331,6.56540532202696e-177,1.18685585240771e-175
"SRSF7",-0.151553441913479,5.60608331701925e-177,1.01671491613514e-175
"CCNL1",-0.151809899047751,1.4099861550958e-177,2.56544234193404e-176
"SIPA1",-0.152162046749249,2.11045994693586e-178,3.85244871095392e-177
"CLEC2D",-0.152284535914782,1.08893480381016e-178,1.99424530736999e-177
"MCTP2",-0.152419449923927,5.25045216019289e-179,9.64706029695769e-178
"DNAJB1",-0.152545430505008,2.65524312527697e-179,4.89473107699084e-178
"CCSER2",-0.152900981147314,3.86432543026617e-180,7.14708901360119e-179
"E2F3",-0.153340872807084,3.53728034814967e-181,6.56388048709627e-180
"HNRNPA2B1",-0.15366557524415,6.02807501700674e-182,1.1223034018374e-180
"HSPA5",-0.154265305309959,2.27140239453279e-183,4.24297967298725e-182
"FNBP1",-0.154480508793991,6.98137883215235e-184,1.30848317643417e-182
"DTHD1",-0.15558834815132,1.56525159062152e-186,2.94351339390704e-185
"YBX3",-0.155866694972521,3.35592168033138e-187,6.33218353420102e-186
"TFDP2",-0.155880851680431,3.10287746484364e-187,5.87450179492694e-186
"ARPC5L",-0.156921427265317,9.55621555085728e-190,1.82153169887769e-188
"HIST1H1D",-0.156948970851402,8.19540251450868e-190,1.56747562086371e-188
"GK5",-0.157029043718435,5.24263137768617e-190,1.00615432330662e-188
"CEBPD",-0.157073368232045,4.0935865851894e-190,7.8833193207565e-189
"SYAP1",-0.157227789809216,1.72793859057954e-190,3.33909236607164e-189
"S100A8",-0.157401594339309,6.53844406319215e-191,1.27227224062947e-189
"TRG-AS1",-0.157978344532636,2.5788964992459e-192,5.03558745009547e-191
"PSME1",-0.158363736211915,2.95280189694189e-193,5.78583980086095e-192
"AGTPBP1",-0.159189516029558,2.788821878767e-195,5.48370449424921e-194
"HIST1H1C",-0.159421075226971,7.51022271191048e-196,1.48194676329389e-194
"PPP2R2B",-0.159712669103239,1.4352524014886e-196,2.84210404874279e-195
"RAB29",-0.160454765053296,2.09689883235662e-198,4.19679323447375e-197
"RNF115",-0.160619994401188,8.16048288457466e-199,1.63911634713822e-197
"SMAD7",-0.160782564459069,3.22120348965417e-199,6.49339005612301e-198
"ETS1",-0.160919786874567,1.46869054604059e-199,2.97131473646624e-198
"IGF2R",-0.161009565059467,8.78227504065007e-200,1.78318367129721e-198
"CDV3",-0.161123585079013,4.56870886593246e-200,9.3101979944311e-199
"ZBTB7A",-0.16125355947935,2.16775114761335e-200,4.44984521290302e-199
"PAXX",-0.161348573111284,1.2564458906333e-200,2.5886480776136e-199
"DIAPH1",-0.161387740802692,1.00336147478666e-200,2.07484786151456e-199
"TERF2IP",-0.161615461629946,2.71028783150351e-201,5.62535296583172e-200
"ANKRD44",-0.161971493994324,3.48811051090807e-202,7.26668078183227e-201
"SPON2",-0.162384882501797,3.20725608643745e-203,6.70651608522219e-202
"HSP90B1",-0.162444273899244,2.27508655885132e-203,4.79307709616646e-202
"ACTR2",-0.162474501242407,1.91017449938402e-203,4.03947845077286e-202
"FCGR3A",-0.162958768509298,1.15522455880005e-204,2.4522266770892e-203
"MAPK1",-0.163583563286327,3.05532072976209e-206,6.51027276410143e-205
"IL2RB",-0.163611169783332,2.60137921700656e-206,5.56417142446747e-205
"PLAC8",-0.163763076171866,1.07302681236534e-206,2.30392423620512e-205
"GOLGA4",-0.164143976151787,1.1603900056767e-207,2.50108676608162e-206
"ZBTB1",-0.164384561315108,2.83944878597186e-208,6.14373397551595e-207
"ANKRD11",-0.164788961664872,2.65127564905666e-209,5.758817340044e-208
"CFLAR",-0.164853370423769,1.81633541756249e-209,3.96060065370436e-208
"IDI1",-0.165792577318381,7.18275691169854e-212,1.57235038020151e-210
"AKAP13",-0.166410142306484,1.85542555243539e-213,4.09362393537319e-212
"PTPN22",-0.167183846203932,1.86359114654241e-215,4.127891219456e-214
"CD3G",-0.16771346455234,7.8880431098501e-217,1.76113918675697e-215
"ITCH",-0.167824208737585,4.06642646523471e-217,9.11530156447014e-216
"F2R",-0.16833232393783,1.93357425575176e-218,4.36925408436809e-217
"CASP8",-0.168622078586074,3.38928488942097e-219,7.68969737664578e-218
"STK10",-0.169086843678997,2.06163661284748e-220,4.69650877170621e-219
"MT-CO2",-0.16913282067018,1.56220166264837e-220,3.57329719080876e-219
"LYZ",-0.169553294795424,1.23125708538797e-221,2.83949164877126e-220
"GTF3C1",-0.170265215014582,1.64269380578879e-223,3.80399011885966e-222
"ADRB2",-0.170834947415317,5.11941561420863e-225,1.19538354591772e-223
"GNPTAB",-0.17090063108373,3.42937243808554e-225,8.04108918118467e-224
"TAPBP",-0.171092095690437,1.06559637401803e-225,2.50907650420043e-224
"APOBEC3G",-0.171978423592372,4.67594678930336e-228,1.10565425347072e-226
"CEP78",-0.172368360708077,4.25118896626264e-229,1.00947724436169e-227
"GUK1",-0.172668081606275,6.70475413289941e-230,1.59886987918163e-228
"FGR",-0.172984469173974,9.50712277019217e-231,2.28660583708828e-229
"MACF1",-0.17381846792795,5.41937392206412e-233,1.31472603719685e-231
"FAM49B",-0.173971410461675,2.09495137421943e-233,5.10439456570683e-232
"CLIC3",-0.173997886255398,1.77696790140046e-233,4.34852756307782e-232
"NR4A2",-0.174122637037118,8.17808073973204e-234,2.01008616076572e-232
"ADGRE5",-0.17422187602879,4.40923443562714e-234,1.0885176113328e-232
"ATP8A1",-0.174247442061483,3.76028092031498e-234,9.324165609489e-233
"CDC42SE2",-0.174267761388842,3.31328917191008e-234,8.25229889750403e-233
"HLA-F",-0.174502341719177,7.67820892192571e-235,1.92092333921749e-233
"MYH9",-0.174963526011393,4.30735118215194e-236,1.08731513625133e-234
"PDIA3",-0.175307428905111,5.00066364567298e-237,1.26804158689373e-235
"CYTH1",-0.176073355079569,4.06650157694898e-239,1.03584885623737e-237
"EMB",-0.176157035434211,2.40057514154576e-239,6.14284159507874e-238
"ITGA4",-0.178248924782197,4.17283270233291e-245,1.07268598458136e-243
"LINC01871",-0.178337007994862,2.37855377740009e-245,6.14258772744244e-244
"PFN1",-0.17837826757632,1.827763854401e-245,4.74203177780703e-244
"BZW1",-0.178816830573471,1.10727720187154e-246,2.88613090199446e-245
"LPCAT1",-0.179421662516493,2.28943323566785e-248,6.02346659750358e-247
"HNRNPU",-0.17951162888086,1.28423246540685e-248,3.39473525289622e-247
"HERPUD1",-0.179549205724478,1.0086300804309e-248,2.6788450098269e-247
"DNAJB6",-0.182209857138133,3.28015120296781e-256,8.75331778163409e-255
"VPS37B",-0.182585630938422,2.81119572963201e-257,7.53777075064966e-256
"CELF2",-0.182980507802426,2.1140600983058e-258,5.6957657648585e-257
"HSP90AA1",-0.18358275306256,4.03836574931905e-260,1.0932851043084e-258
"CYBA",-0.18538731383528,2.62747833123242e-265,7.21783753344434e-264
"NIN",-0.185396694929415,2.46850658738165e-265,6.81453739689003e-264
"TPST2",-0.186034811659419,3.50974374145472e-267,9.73693263718429e-266
"REL",-0.186127559766586,1.88899966816691e-267,5.26664385094894e-266
"HLA-A",-0.186828883149217,1.72658580080559e-269,4.83789341385725e-268
"TGFB1",-0.186975866620246,6.43879215091472e-270,1.81321563888071e-268
"METRNL",-0.1874309122233,3.02193506031973e-271,8.55299195860191e-270
"TRGC1",-0.188039202374146,4.99988807497008e-273,1.42230318640266e-271
"GPR65",-0.188302052910831,8.45885257060611e-274,2.41854131661616e-272
"ADGRG1",-0.188521879158535,1.91021198112587e-274,5.48965535498941e-273
"IQGAP1",-0.189117565140581,3.35630691913556e-276,9.74546319939671e-275
"IFITM2",-0.189334594206993,7.67181470330319e-277,2.23921091652662e-275
"RBM39",-0.189738310068412,4.90325238072297e-278,1.43862965139118e-276
"GAB3",-0.189915742373049,1.46109408162356e-278,4.30945854390444e-277
"CHST12",-0.190110589896608,3.86060929072303e-279,1.14470129445565e-277
"UBB",-0.190400202324133,5.32517923542951e-280,1.58735661890143e-278
"RORA",-0.190573107795903,1.62941440119859e-280,4.88301513599833e-279
"SET",-0.190642075407536,1.01566244025712e-280,3.06009264258113e-279
"ZBTB38",-0.191178626637866,2.55258126282903e-282,7.7322515658886e-281
"P2RY8",-0.191514900743074,2.52283875568104e-283,7.68368934067202e-282
"SYTL2",-0.191926017068923,1.4808954501462e-284,4.55985610034028e-283
"CD74",-0.192049079545175,6.32963794513485e-285,1.95973983671468e-283
"B4GALT1",-0.192705312147942,6.73920430360465e-287,2.10986038644695e-285
"SH3BGRL3",-0.192900341759926,1.7414632911457e-287,5.51364987772911e-286
"ARAP2",-0.192979246574523,1.00684834701296e-287,3.22421607809177e-286
"CDC42",-0.193076289163622,5.13065534206177e-288,1.65242485844334e-286
"AHNAK",-0.19338511713769,5.98881765805164e-289,1.93996151189141e-287
"RAB27A",-0.193745023059027,4.87754210152382e-290,1.59846467467482e-288
"ENC1",-0.194324022955927,8.54019912792268e-292,2.81525152428698e-290
"S100A9",-0.194582630735008,1.39639077406513e-292,4.63039875613077e-291
"PTMS",-0.194801777846471,3.00378749360756e-293,1.00197768536766e-291
"PNRC1",-0.195445903787155,3.24726197463407e-295,1.08968000633828e-293
"LAG3",-0.195540889834366,1.66336218726739e-295,5.61535042014846e-294
"JAK1",-0.195596988155269,1.12028720264189e-295,3.80490271733646e-294
"ATG2A",-0.195848314677702,1.90385476442698e-296,6.50561103649316e-295
"PRKCB",-0.196399186114553,3.88010730619045e-298,1.33399517447186e-296
"SRRM2",-0.197164865768746,1.69915056384522e-300,5.91431040980658e-299
"TENT5C",-0.198079493246081,2.51079803894142e-303,8.79407013139233e-302
"WIPF1",-0.198278538044842,6.05299214942989e-304,2.13339421417642e-302
"CTSC",-0.198572807719534,7.36747918375096e-305,2.61312362947724e-303
"HNRNPA3",-0.199106056089233,1.60744808745306e-306,5.73766820515094e-305
"CNOT6L",-0.199719811961428,1.94175430949908e-308,6.97537894258517e-307
"ARPC2",-0.199813970082469,9.84899918424474e-309,3.56088976958113e-307
"GABARAPL1",-0.200400207522033,1.42739338177588e-310,5.19422890355326e-309
"CBLB",-0.200759342771044,1.05965817581663e-311,3.88125778906951e-310
"GNG2",-0.201001780870114,1.82612051844509e-312,6.73261801668826e-311
"GBP5",-0.203094334872878,4.25449808946814e-319,1.57895425953964e-317
"PTPN4",-0.203650048977498,7.15407055178125e-321,2.67274692430739e-319
"CX3CR1",-0.204364569397498,3.95252516672997e-323,1.48713759398215e-321
"HOPX",-0.204820332980031,0,0
"CD160",-0.204872483712779,0,0
"ZFP36",-0.206817707274204,0,0
"TBX21",-0.207003165758173,0,0
"FCRL6",-0.208143938619376,0,0
"HLA-E",-0.208438900458824,0,0
"UBC",-0.20909680628674,0,0
"FOSL2",-0.209445577050868,0,0
"TPM3",-0.211438287613486,0,0
"AOAH",-0.211474484320559,0,0
"USP28",-0.212214791395246,0,0
"STAT4",-0.212287631863011,0,0
"CD99",-0.212535207422064,0,0
"NEAT1",-0.212862709584214,0,0
"SH2D1A",-0.213895814182265,0,0
"H3F3B",-0.214397121354281,0,0
"EOMES",-0.214796213048847,0,0
"MBP",-0.215206048585991,0,0
"ATM",-0.216557349616379,0,0
"PRKCH",-0.216571690071709,0,0
"ARHGAP26",-0.217181339809286,0,0
"KLF13",-0.217743336245509,0,0
"TLN1",-0.217879554644968,0,0
"APMAP",-0.218374811231083,0,0
"LYST",-0.218780785400681,0,0
"RIPOR2",-0.2192382106877,0,0
"HIST1H1E",-0.219536933163368,0,0
"CD81",-0.219948334528522,0,0
"SRSF5",-0.22037092110455,0,0
"ITGAL",-0.22099220344322,0,0
"TXNIP",-0.223982527903272,0,0
"BIN2",-0.225235543469815,0,0
"AKNA",-0.225379333041318,0,0
"CXCR4",-0.225661442548589,0,0
"UTRN",-0.228267850671348,0,0
"PATL2",-0.230189173027456,0,0
"RNF125",-0.23156557648335,0,0
"TNFAIP3",-0.232556824252875,0,0
"IRF1",-0.234733736463048,0,0
"NCL",-0.234855166744664,0,0
"PARP8",-0.236050243604702,0,0
"CEMIP2",-0.236338378236272,0,0
"PYHIN1",-0.237076145425516,0,0
"HLA-DRB1",-0.238915733224427,0,0
"A2M-AS1",-0.239391121848797,0,0
"ITGB2",-0.240103906458182,0,0
"IKZF3",-0.240353157358581,0,0
"PIP4K2A",-0.240720583876697,0,0
"KLF2",-0.241896281799121,0,0
"SYTL3",-0.243188555656044,0,0
"MTRNR2L12",-0.244131134385912,0,0
"S1PR5",-0.246041176226609,0,0
"MATK",-0.246629099151019,0,0
"TGFBR3",-0.248189798421979,0,0
"ZFP36L2",-0.249163392281596,0,0
"MSN",-0.251074621174808,0,0
"HLA-DPA1",-0.253615254901169,0,0
"C12orf75",-0.254266783259201,0,0
"DDX6",-0.255358120905778,0,0
"SLAMF7",-0.255722358854572,0,0
"RNF213",-0.25588710000982,0,0
"ABHD17A",-0.257448076946491,0,0
"C1orf21",-0.258247105835742,0,0
"YWHAZ",-0.260407189261078,0,0
"KLF3",-0.261045000385372,0,0
"HLA-B",-0.261720002403437,0,0
"CMC1",-0.265505737342211,0,0
"MYO1F",-0.265677547032101,0,0
"CLEC2B",-0.266037611244793,0,0
"FYN",-0.266968897520495,0,0
"PTP4A2",-0.267224381600132,0,0
"GZMB",-0.267451471974098,0,0
"CALM1",-0.267610691922352,0,0
"GZMK",-0.26933506901033,0,0
"SEPTIN7",-0.273274667667781,0,0
"FLNA",-0.275056714122096,0,0
"CD8B",-0.279077467370986,0,0
"RAP1B",-0.279729097385931,0,0
"LCP1",-0.281837024629575,0,0
"MAP3K8",-0.2854461871705,0,0
"ID2",-0.285993114416463,0,0
"HCST",-0.287183774924545,0,0
"SAMD3",-0.287919175623536,0,0
"HLA-DPB1",-0.288320632032745,0,0
"PIK3R1",-0.289335945492127,0,0
"FGFBP2",-0.291052215254741,0,0
"SRGN",-0.297806593870194,0,0
"DDX5",-0.299148770557752,0,0
"SYNE2",-0.301121223991741,0,0
"TRGC2",-0.304000909134825,0,0
"HLA-C",-0.318693684437714,0,0
"RUNX3",-0.323285958364356,0,0
"KLRG1",-0.32947061230357,0,0
"GNLY",-0.330133804434711,0,0
"MYBL1",-0.336342151928739,0,0
"LYAR",-0.337502694851109,0,0
"EFHD2",-0.338400482167364,0,0
"CCL4",-0.340935824954106,0,0
"ARL4C",-0.34161329425451,0,0
"PPP2R5C",-0.346685845360941,0,0
"KLRK1",-0.363371167969816,0,0
"CD8A",-0.363593740401236,0,0
"PTPRC",-0.36670466833377,0,0
"LITAF",-0.367013826816325,0,0
"GZMH",-0.372462615070777,0,0
"SYNE1",-0.373463051833782,0,0
"PLEK",-0.373587262096106,0,0
"CTSW",-0.383149748616439,0,0
"ZEB2",-0.392192701152221,0,0
"PRF1",-0.404495459359628,0,0
"KLRD1",-0.40879286785968,0,0
"GZMM",-0.414333621637444,0,0
"DUSP2",-0.420495237917084,0,0
"GZMA",-0.473865581538311,0,0
"CST7",-0.52119827824398,0,0
"CCL5",-0.566355313397496,0,0
"NKG7",-0.632335854407056,0,0
