"gene","cor","pval","FDR"
"HLA-DPA1",0.430970720394868,0,0
"HLA-DPB1",0.421571078700177,0,0
"HLA-DRB1",0.419778756673857,0,0
"CD74",0.41311501323603,0,0
"HLA-DRA",0.412077680703627,0,0
"HLA-DQA1",0.374045440565306,0,0
"RPS27",0.365420439642665,0,0
"HLA-DMA",0.337914161072405,0,0
"RPL10",0.328939881812548,0,0
"CD81",0.327603435940685,0,0
"RPL15",0.325226667262219,0,0
"RPS2",0.324550952228544,0,0
"HLA-DQB1",0.32348888370696,0,0
"NPC2",0.319857953532304,0,0
"MT-ND6",0.319233561751482,0,0
"FXYD2",0.317505056601882,0,0
"HLA-DRB5",0.312060405934325,0,0
"RPS5",0.311167230712193,0,0
"C1QA",0.305949462412672,0,0
"RPS29",0.304077174159643,0,0
"RPL35",0.301485226455165,0,0
"RPS18",0.298669258744001,0,0
"RPL36A",0.298344259661836,0,0
"RPS19",0.296943170600164,0,0
"RPL3",0.296484521554705,0,0
"CD9",0.292797479245718,0,0
"RPL41",0.288015102255045,0,0
"RPS4X",0.287110146511389,0,0
"RPL10A",0.286782523374556,0,0
"SPP1",0.285397334249792,0,0
"RPL23A",0.282938554095322,0,0
"MT-ATP8",0.282213703592943,0,0
"FCER1G",0.280162905826589,0,0
"FCGR3A",0.27646613910114,0,0
"RPS23",0.27593584744467,0,0
"RPL37A",0.273033574830345,0,0
"CST3",0.271999017151174,0,0
"RPL26",0.266623621059413,0,0
"RPL36",0.26325327359779,0,0
"YBX1",0.262568062443234,0,0
"CD63",0.262392782397534,0,0
"CSF1R",0.262036751784496,0,0
"MSR1",0.257339564199811,0,0
"B2M",0.254722154446047,0,0
"RPL38",0.253583324294268,0,0
"PPIA",0.253234165912037,0,0
"EEF1B2",0.252708481619363,0,0
"RPL18A",0.251478675461325,0,0
"HSPB1",0.249156552601461,0,0
"RHOC",0.246303671835468,0,0
"JUN",0.246102847895827,0,0
"HSPA8",0.245924872560312,0,0
"RPS21",0.245319591278878,0,0
"DYNLL1",0.24340489529283,0,0
"RPL37",0.240344083544302,0,0
"RPS10",0.239317895507463,0,0
"RPL7A",0.238947377646643,0,0
"BTF3",0.238845968694706,0,0
"YWHAH",0.237667644373664,0,0
"RGS10",0.235742307578275,0,0
"RPL27A",0.234564975262804,0,0
"FABP5",0.233477615294766,0,0
"PEBP1",0.230808613028863,0,0
"HSPE1",0.229463435495662,0,0
"PRDX1",0.229211361163466,0,0
"NME2",0.228332846611725,0,0
"RPS25",0.22826296114632,0,0
"MT-ND5",0.227882192954318,0,0
"PTMS",0.226398805667667,0,0
"RPSA",0.225915184181015,0,0
"RPS8",0.224231732571522,0,0
"RPS3",0.223689475049888,0,0
"NPM1",0.221523688722102,0,0
"TUBA1B",0.221015521009408,0,0
"RPL5",0.21907657186873,0,0
"VAMP8",0.219034737986681,0,0
"VSIG4",0.218925560943913,0,0
"RPS16",0.218397109306106,0,0
"RPL14",0.217061939306878,0,0
"EEF1A1",0.216444858532884,0,0
"SNHG29",0.214540494059539,0,0
"ABI3",0.214358553813031,0,0
"RPS3A",0.213128413744629,0,0
"HLA-DMB",0.212685338619803,0,0
"RACK1",0.212658663344211,0,0
"RPS6",0.211753449625438,0,0
"NDUFA4",0.211671060057875,0,0
"EEF1G",0.21108948569037,0,0
"ATP5MD",0.209159696941594,0,0
"CTSL",0.209101799861014,0,0
"SLC25A5",0.208645994639386,0,0
"COX7C",0.208504640152235,0,0
"IL18",0.207962038629332,0,0
"GSN",0.20472322523778,0,0
"RPS15",0.204525347704462,0,0
"GPX4",0.203319782585422,0,0
"MS4A7",0.202654990527875,0,0
"RPL21",0.202273514160067,0,0
"RPL19",0.202262099907944,0,0
"ITM2B",0.2020354738633,0,0
"TYROBP",0.201466211887001,0,0
"MS4A4A",0.201156866404502,0,0
"UBB",0.200705846105241,0,0
"NDUFB2",0.199975861770625,0,0
"TMSB4X",0.199428636266593,0,0
"DAB2",0.198837119603057,0,0
"RPS27A",0.198351826723369,0,0
"RPL12",0.196780046301703,4.94065645841247e-323,2.31222722253703e-321
"GNAS",0.196417073794867,7.90505033345994e-322,3.64867479453761e-320
"RPS15A",0.196176438239849,4.93077514549564e-321,2.25970804438411e-319
"CSTB",0.19608571063934,9.86155029099128e-321,4.48735122835312e-319
"CALR",0.195060006480023,2.4151727167671e-317,1.09124987193027e-315
"RPS27L",0.194224255544445,1.34980525036542e-314,6.05618915130786e-313
"CHCHD10",0.193710013189561,6.52230788871518e-313,2.90605051486082e-311
"S100A11",0.193414209327535,6.03911768796425e-312,2.67220545420541e-310
"ATP5MC3",0.193115840763277,5.67957276502355e-311,2.4958999219446e-309
"RPLP0",0.191772258507975,1.31021757912337e-306,5.71860951541194e-305
"SUMO2",0.191541760961302,7.28700945883517e-306,3.15901707350584e-304
"HSP90AB1",0.191363998093838,2.73277899336639e-305,1.17674563902274e-303
"ATP6V1F",0.189825130600481,2.41096209203237e-300,1.02441938956819e-298
"UQCRB",0.189288094830554,1.25319282030859e-298,5.28979285203941e-297
"TPT1",0.189034513048705,8.06117173370599e-298,3.38042338846128e-296
"RPS12",0.187887751088002,3.52852341636087e-294,1.46058104770138e-292
"FTL",0.186803879748999,9.27417408069809e-291,3.81430133985634e-289
"RPL32",0.185691245812895,2.85545026010301e-287,1.16691521457458e-285
"MT-ND4L",0.185595515038815,5.6855675685212e-287,2.30877224807798e-285
"LIPA",0.185531434123247,9.01352575324186e-287,3.63715605237734e-285
"RPL18",0.185121349016696,1.71323102427843e-285,6.87005640735651e-284
"RPL8",0.184801897417823,1.69037859029733e-284,6.73631617102339e-283
"HMGN1",0.184751641855933,2.42224250628154e-284,9.59327649401379e-283
"RPL30",0.183720175642685,3.80882712929003e-281,1.49922913260888e-279
"DNPH1",0.183453771233315,2.5309705168912e-280,9.9016505099841e-279
"SNHG8",0.1821784436356,2.10415211527596e-276,8.18196361915791e-275
"RPL29",0.182093248499827,3.83609365554741e-276,1.482673306867e-274
"SEC11A",0.181945747616989,1.08425932311e-275,4.16563342339746e-274
"MIF",0.181312204640322,9.30833810357558e-274,3.55489864717506e-272
"FCGRT",0.181285043760098,1.12619464099839e-273,4.27554131162466e-272
"HSP90AA1",0.181113961276235,3.73667422432621e-273,1.41026481313394e-271
"CTSC",0.178537911670153,2.24960100518197e-265,8.44060821593423e-264
"ATP5MF",0.178492747740328,3.0721424187786e-265,1.14598056737695e-263
"ATP5PF",0.178097338148279,4.68542685485387e-264,1.73767044512962e-262
"APEX1",0.17751559345864,2.55041765463003e-262,9.40429866213003e-261
"CORO1B",0.176616652617191,1.19420240384386e-259,4.37828721317841e-258
"DAD1",0.175677270655805,7.11689594451523e-257,2.59443206704601e-255
"LPAR6",0.175542678322893,1.77267374213703e-256,6.42569193759956e-255
"POMP",0.175536274295184,1.85130899248109e-256,6.67303286278576e-255
"MAF",0.175186631590479,1.97485634362323e-255,7.07859122943388e-254
"PPIB",0.175012433797725,6.41088844700841e-255,2.28512557088922e-253
"IGFBP7",0.173809849348475,2.10160754232251e-251,7.44967623842056e-250
"PABPC4",0.173081985968202,2.74093041038494e-249,9.60973197433323e-248
"AKR1A1",0.172901248933515,9.15598245598913e-249,3.19265127378403e-247
"RPL22",0.172739405719581,2.69315989631857e-248,9.28995370687094e-247
"FOSB",0.17247798162204,1.535100529706e-247,5.26695454470251e-246
"TMEM14C",0.171620271679818,4.54548790184065e-245,1.54306086657194e-243
"CLEC2B",0.171606050276459,4.99400214019673e-245,1.68639567007906e-243
"SRP14",0.171386609581809,2.13109857811965e-244,7.15870600901346e-243
"LDHB",0.170309379440474,2.56829202804553e-241,8.58237586038548e-240
"RNASET2",0.170141476397233,7.72717838658179e-241,2.56878634861703e-239
"RPL35A",0.169997849946211,1.98077152321625e-240,6.55084025410074e-239
"MGST3",0.169007676772628,1.27437215357822e-237,4.17161823334585e-236
"DBI",0.167683011106391,6.84513530435319e-234,2.21810040973384e-232
"OST4",0.166850314268294,1.45976682707594e-231,4.68293198125961e-230
"BEX4",0.16684672527729,1.49380792331391e-231,4.76829434625974e-230
"NACA",0.166563687210601,9.18536293907323e-231,2.9174895354997e-229
"RPL13",0.166262837219359,6.30941194558354e-230,1.99414714496867e-228
"CXCL16",0.165874360829803,7.55572532284381e-229,2.37634968977284e-227
"DRAP1",0.16482952284298,5.82397594837542e-226,1.82276242364764e-224
"CTNND1",0.164472211586824,5.59858082082177e-225,1.74371332749478e-223
"TMEM258",0.16419746492044,3.17904772935656e-224,9.85351218915541e-223
"RPL11",0.16407051866414,7.08490606195713e-224,2.18542102372678e-222
"LAIR1",0.163884073704665,2.29603941870338e-223,7.0485114403832e-222
"PSME2",0.162955498668786,7.85425503189868e-221,2.39966191831723e-219
"PTMA",0.162856603810117,1.45915241369793e-220,4.43692980392698e-219
"ENG",0.162670549777524,4.67417438766593e-220,1.41459919204078e-218
"NDUFA12",0.162652298408152,5.23926645370171e-220,1.57817528483334e-218
"HNRNPA1",0.162631640811527,5.96161100246055e-220,1.78736898092462e-218
"TUBB",0.162226871732374,7.46365441182032e-219,2.22729333517392e-217
"RAN",0.162123047285996,1.42568076675178e-218,4.23479990716639e-217
"CCL3",0.161666981226327,2.43461593555616e-217,7.19838518088862e-216
"ZNF706",0.161353979841841,1.69874543851712e-216,4.99961042822286e-215
"SSR4",0.161070725480066,9.82112054339495e-216,2.86419588211009e-214
"VASH1",0.160884455750052,3.10821558253937e-215,9.02367021609621e-214
"RPL24",0.160833954670589,4.24678423982276e-215,1.22735890462625e-213
"KRTCAP2",0.160710413402717,9.10891427506349e-215,2.62075309366849e-213
"CIITA",0.160559878255265,2.30634301924811e-214,6.57666524955371e-213
"DBNDD2",0.160531810428252,2.74224361186322e-214,7.78505974058159e-213
"RAB13",0.160226205162716,1.80219874923586e-213,5.07145051539354e-212
"COX7B",0.160211654355915,1.97103759379062e-213,5.52234812303958e-212
"RPL27",0.160196133025493,2.16858830709898e-213,6.04941851232481e-212
"UQCR10",0.160001447708848,7.18014442029541e-213,1.98568131899204e-211
"SPINT2",0.159835325257872,1.99195615375873e-212,5.48514621567212e-211
"MEF2C",0.159742059497981,3.53071493298984e-212,9.68079786754822e-211
"LILRB4",0.159564122046364,1.05123497046033e-211,2.87009513637169e-210
"CLTA",0.159523901275195,1.34501936911126e-211,3.65662892890587e-210
"RBX1",0.159510690581329,1.45839923963487e-211,3.94813903860646e-210
"RPS28",0.159497409664998,1.58200579542035e-211,4.26476856446092e-210
"COX6C",0.159421369247774,2.52023659594173e-211,6.76562259395905e-210
"RPS24",0.158486443521223,7.57963271575292e-209,2.02628847934462e-207
"FTH1",0.158411433183816,1.19623100644783e-208,3.18465482878392e-207
"GSTP1",0.158352478503796,1.71196956942394e-208,4.53884163529917e-207
"HIST1H4C",0.157704908963744,8.70010476430622e-207,2.28769967900773e-205
"COMMD6",0.157374064373154,6.43143315373146e-206,1.68424796385066e-204
"PPA1",0.157252536631605,1.33953406234066e-205,3.49367908291776e-204
"OSTC",0.156931936436709,9.25400303270043e-205,2.39410013942766e-203
"ATP5MC1",0.156460899770371,1.57149094179866e-203,4.04927143878724e-202
"AKR1B1",0.156119359148837,1.21822524938897e-202,3.12645328003186e-201
"PCBD1",0.155858441730305,5.80521095233742e-202,1.48391368407159e-200
"PRMT2",0.155470628330956,5.88164990882417e-201,1.49156781877533e-199
"GPRIN3",0.15531839042262,1.45735925457718e-200,3.68126652652252e-199
"PEA15",0.154896034040865,1.79770562528001e-199,4.52316834972413e-198
"SPCS2",0.154710648490604,5.40352621239155e-199,1.35425875698063e-197
"SNRPG",0.154009751570927,3.4222113436981e-197,8.51042945006473e-196
"UBL5",0.153803408459044,1.15630696712229e-196,2.86442683438479e-195
"NENF",0.153321909495114,1.96814988990834e-195,4.85678834371226e-194
"CTSH",0.152840808996587,3.31125716693241e-194,8.10878854314442e-193
"RNH1",0.152379200742068,4.92573592393388e-193,1.19258572407395e-191
"HCST",0.152094025239016,2.59992192686576e-192,6.24760265272311e-191
"MARCKS",0.151955773428636,5.81715696482651e-192,1.39264474202712e-190
"SOD1",0.151866597545608,9.77534902425845e-192,2.33154793084172e-190
"SRSF7",0.15135924637044,1.8620833650455e-190,4.39232605519555e-189
"DNASE2",0.15126074935007,3.29574436936354e-190,7.74560288418918e-189
"EDF1",0.150507954058429,2.5553951437224e-188,5.98372819055581e-187
"TMBIM4",0.149816166964621,1.36507293783985e-186,3.18483926152018e-185
"UCP2",0.149711606340171,2.48637857560534e-186,5.77992932647966e-185
"BANF1",0.149406303146063,1.42839550847785e-185,3.30851465068371e-184
"NDUFB4",0.149263031156342,3.24044581104359e-185,7.47866918117111e-184
"RPL17",0.149141269989284,6.49632897677125e-185,1.49392282132489e-183
"AIF1",0.14900124776088,1.44449204326839e-184,3.30995033914641e-183
"PPP1R14B",0.1482802442182,8.73677625298613e-183,1.9948454248811e-181
"CYCS",0.148173035074238,1.60509554771558e-182,3.65187696246212e-181
"LAMTOR2",0.147950609636938,5.66100607993914e-182,1.28342809218691e-180
"MGST2",0.14714401347474,5.37962291269404e-180,1.21107581080158e-178
"DRAM2",0.146846913828875,2.86043758195262e-179,6.41698165238042e-178
"HINT1",0.146650710214878,8.60660668791291e-179,1.92404141148604e-177
"NME1",0.146145092167524,1.46083355444014e-177,3.24315158660482e-176
"IER5L",0.146035929121262,2.68860885657671e-177,5.9483153185504e-176
"PHPT1",0.146020043037767,2.93808428430929e-177,6.45964726840478e-176
"GAS5",0.14595102859123,4.3194608352545e-177,9.45858727610679e-176
"RPL39",0.14557331441816,3.54777709110315e-176,7.74235980153668e-175
"COX5A",0.145403587960639,9.12214966618159e-176,1.98399024604139e-174
"CALHM6",0.145381518750633,1.03131290284792e-175,2.23544040022712e-174
"VDAC1",0.145291446863749,1.70141757266776e-175,3.67552025125802e-174
"SLC1A3",0.144911978219995,1.39718389648709e-174,2.98811062662039e-173
"COX7A2",0.144714848679054,4.16211359133285e-174,8.81324118877608e-173
"PARK7",0.144673608375897,5.22882825003085e-174,1.10355796224335e-172
"SARAF",0.143980185633647,2.39956268628348e-172,5.03123993307019e-171
"TMEM35B",0.14388420640368,4.06896497490913e-172,8.50373917883289e-171
"PSMC4",0.14351316374912,3.12342860645506e-171,6.50646686331677e-170
"NBDY",0.143413763760527,5.38708177423879e-171,1.11856040982253e-169
"TCEAL8",0.143325983598042,8.71487336156666e-171,1.80369766089715e-169
"GPR65",0.143220866474857,1.54972205157218e-170,3.19711147359714e-169
"SSBP1",0.142920022655817,8.02927477308475e-170,1.65114829949076e-168
"UQCC2",0.142856685501735,1.13471283886923e-169,2.32598005565015e-168
"TMEM59",0.142676961557626,3.02510526181483e-169,6.18123419102036e-168
"CDK2AP1",0.142402952837289,1.34564414359012e-168,2.74084216675371e-167
"SLIRP",0.142208879952001,3.86582573063776e-168,7.84909426828225e-167
"RPL36AL",0.142133290057459,5.82875248700244e-168,1.17972479358384e-166
"PHB",0.142017668803545,1.09184579940942e-167,2.20291907201598e-166
"BST2",0.141871642622566,2.41045853517169e-167,4.84811973719799e-166
"SLC25A3",0.141724900510543,5.3376997444704e-167,1.07020879876632e-165
"TMA7",0.141517034169463,1.64356389527575e-166,3.28507973585333e-165
"CIAO2B",0.14146707304614,2.15313587514466e-166,4.29022353258639e-165
"MYL12B",0.141435882082697,2.54842065062728e-166,5.06212597350608e-165
"LY96",0.140999496085123,2.68308780431758e-165,5.31317634336469e-164
"MICOS13",0.140878920000924,5.1350180434645e-165,1.0106219560389e-163
"SNRPF",0.140812261601249,7.34990947557631e-165,1.43771399985663e-163
"MYDGF",0.14011071402513,3.16761754357152e-163,6.12151631311893e-162
"CPVL",0.139161405189045,4.99956601355511e-161,9.6039567493921e-160
"TMEM134",0.13859333007858,1.01612085283243e-159,1.94609892291728e-158
"YWHAE",0.138270500701817,5.59500422839316e-159,1.06837937885031e-157
"SSR3",0.137962780197736,2.8334524730158e-158,5.39448993082178e-157
"POLR2L",0.137772089906287,7.72820634752135e-158,1.46698733507979e-156
"CD84",0.137554906420371,2.4189276944331e-157,4.57812391961144e-156
"PFDN2",0.137133726548002,2.19945363716597e-156,4.13832684341843e-155
"RTRAF",0.136986985334775,4.73819413013429e-156,8.88896302308235e-155
"C19orf53",0.136525494791773,5.2650592354609e-155,9.84857727542774e-154
"TMEM109",0.136500172127175,6.00733136354672e-155,1.12043715199174e-153
"CYB5A",0.136041223221121,6.52965644792916e-154,1.21081721878363e-152
"SLC39A10",0.135899859045386,1.35935520061439e-153,2.51343601358557e-152
"ACTG1",0.13550052078229,1.07410751550924e-152,1.98030856882393e-151
"EVL",0.135364389831825,2.16993293968287e-152,3.98919476819636e-151
"SNHG6",0.135336975605988,2.49982411658058e-152,4.58253472342314e-151
"RHEB",0.135259623160644,3.72619405555862e-152,6.81118548731172e-151
"GADD45GIP1",0.135193686834915,5.23546988971963e-152,9.5158002301533e-151
"IGSF6",0.135156138864976,6.35368601625707e-152,1.15156071978264e-150
"CREBL2",0.13478043419648,4.39440876414462e-151,7.91981085133479e-150
"NAP1L1",0.134548475764261,1.44620009564038e-150,2.59184910995215e-149
"SAP18",0.134047461951938,1.88137904878559e-149,3.36237548106082e-148
"MPC2",0.133886625363299,4.27822484481842e-149,7.62474739009861e-148
"EPS8",0.133868330660934,4.69698418788668e-149,8.34788103863738e-148
"NDUFB8",0.133813291499009,6.22006271119315e-149,1.10242879433744e-147
"EIF3E",0.133184210594835,1.528472997415e-147,2.694143613026e-146
"ARHGAP18",0.13306968097467,2.73322356938413e-147,4.7913558527783e-146
"ERH",0.132821890417133,9.59456085624296e-147,1.67734884069904e-145
"CTSZ",0.13224012642414,1.81248751096167e-145,3.16003257345927e-144
"PSMD8",0.132218482776076,2.02136317611298e-145,3.51465206990268e-144
"SPCS1",0.1321107083971,3.47856693837702e-145,6.03202310179107e-144
"NDUFB5",0.131895337341741,1.02784832805073e-144,1.77754039697399e-143
"ECHS1",0.13131587824147,1.8791409906855e-143,3.24101306350488e-142
"VPS29",0.1311996972479,3.35973513731172e-143,5.77910472948846e-142
"MZT2B",0.131105354287141,5.38330301995324e-143,9.23509951230481e-142
"VKORC1",0.131084467151286,5.97527219124089e-143,1.01961027603728e-141
"SEM1",0.131047669625486,7.18061482903224e-143,1.22203779159339e-141
"LYSMD2",0.130968517607727,1.06596445958328e-142,1.80931956949373e-141
"ATP5MC2",0.130957961600177,1.12361449796874e-142,1.90214000500461e-141
"RPL9",0.130411115584878,1.71008468381901e-141,2.88734298194284e-140
"CD4",0.130371256222274,2.08450375059869e-141,3.51028243145438e-140
"ACP5",0.130031429609181,1.12455228446875e-140,1.87893944196654e-139
"CAMK1",0.129924197120589,1.91225794842681e-140,3.18145288145073e-139
"C1orf43",0.129924010091783,1.91402869738152e-140,3.18145288145073e-139
"RANBP1",0.129572540071247,1.08714760277556e-139,1.802361503723e-138
"TOMM5",0.129439595218099,2.09445634461504e-139,3.45450691697946e-138
"ATRAID",0.129313574577026,3.89711688813881e-139,6.41125691135861e-138
"MRPL18",0.129144749215288,8.94518265355771e-139,1.46783355256333e-137
"SLC25A39",0.12913988333001,9.1618316486772e-139,1.49954877188553e-137
"CTSB",0.129093514340478,1.15080584182723e-138,1.87877106390929e-137
"CALHM2",0.129055379475069,1.38806750336917e-138,2.26036576183162e-137
"C1QBP",0.128737321663972,6.61332738712158e-138,1.07420527888031e-136
"FAM162A",0.128626400357315,1.13885241495626e-137,1.84517098342408e-136
"MRPS21",0.128443253504226,2.79097819653425e-137,4.51055821384478e-136
"NAGK",0.128268543277183,6.55511466670302e-137,1.0540755814929e-135
"RAC1",0.128027599973107,2.12388667174875e-136,3.406714221485e-135
"COX8A",0.127877403284845,4.41461596561753e-136,7.06338554498805e-135
"CIRBP",0.127175600353868,1.33217726050968e-134,2.1209055343499e-133
"SNU13",0.127131978087098,1.64534759785434e-134,2.613007472236e-133
"PID1",0.127092767523005,1.9890793171381e-134,3.14333322629509e-133
"KCNMB1",0.12707415827175,2.17644237500192e-134,3.43097156707919e-133
"PIGP",0.126969328029019,3.61300608235804e-134,5.68162917264931e-133
"RPL6",0.12684124707988,6.70745832561884e-134,1.05220177548094e-132
"ESD",0.126718626816188,1.21207711386454e-133,1.89213789843185e-132
"NDUFC2",0.126708349386651,1.27366961143045e-133,1.9834621910043e-132
"ATP6V0E1",0.126612889450944,2.01797613413803e-133,3.13494791201686e-132
"ARL5A",0.126528672592952,3.02766295527919e-133,4.69214626112833e-132
"TBCA",0.126430106874387,4.86592347713088e-133,7.52283494681246e-132
"NAA20",0.126343824629344,7.36899064643483e-133,1.13652509585399e-131
"RRAS",0.126327662326943,7.96446866982371e-133,1.22542040732827e-131
"ABHD12",0.126251987566365,1.14581782037077e-132,1.75455062899734e-131
"SLC25A6",0.126138579480577,1.97539596330645e-132,3.01765250013671e-131
"HERPUD1",0.126112430748751,2.23955798521834e-132,3.41306509101209e-131
"SSR2",0.125965321605136,4.53524640274352e-132,6.89529405687261e-131
"NDUFA13",0.125888115662389,6.56566901922079e-132,9.95870742962662e-131
"SNX3",0.125830759347485,8.64134152326678e-132,1.30761432106792e-130
"PDIA6",0.125461373790031,5.05323969178154e-131,7.59287725116403e-130
"ISCU",0.125317338035876,1.00465246557103e-130,1.50603977081862e-129
"DDAH2",0.125192314362669,1.82298209874036e-130,2.72639933461961e-129
"GNG5",0.125051387363025,3.56571183557861e-130,5.32037375280752e-129
"EIF4A2",0.12482083245341,1.06680830775071e-129,1.58808401450779e-128
"CHCHD2",0.124709984263961,1.80547525028538e-129,2.68146509394236e-128
"C1orf162",0.124627890892177,2.66493285821828e-129,3.94877811046847e-128
"PSMG2",0.124581773054485,3.31610979903266e-129,4.90234112225658e-128
"ATP5PO",0.124572050847317,3.47247689568936e-129,5.12170385350412e-128
"NT5C",0.124528951912005,4.2591919877119e-129,6.26765499843108e-128
"NUCKS1",0.12417909914684,2.2288331422264e-128,3.26488434715174e-127
"CFL1",0.123988987665074,5.46736342012387e-128,7.99057031970724e-127
"EIF3F",0.12368461727328,2.29305537076423e-127,3.33610958249962e-126
"UQCRH",0.123644583882426,2.7681651287196e-127,4.01822340856674e-126
"RBIS",0.123580910427852,3.73425263274216e-127,5.40834421933944e-126
"HSPD1",0.123569054939653,3.94823720167257e-127,5.70538060493947e-126
"LY86",0.123505811917011,5.3144119700754e-127,7.6623072359559e-126
"FAU",0.12316480264718,2.63111394795088e-126,3.78502849552754e-125
"APRT",0.123119500514516,3.25295509458995e-126,4.66911854292821e-125
"C14orf119",0.12309372311305,3.67020457877879e-126,5.25625727175105e-125
"SMDT1",0.123075465119804,3.9976680710014e-126,5.71248070012137e-125
"NDUFA6",0.122830045559524,1.25941345223734e-125,1.79166224158642e-124
"RGS19",0.122759053982997,1.75443366479906e-125,2.49036424631653e-124
"SEC61G",0.122577336624325,4.09509923724346e-125,5.80003459296999e-124
"IFI30",0.122501449586174,5.83220088715525e-125,8.24215878678151e-124
"PSMA6",0.122411533247588,8.86470641461842e-125,1.2500210188174e-123
"LAPTM4A",0.12237541904239,1.04871418118175e-124,1.47555925141712e-123
"UQCRQ",0.122270626104139,1.70740210669745e-124,2.39708794673322e-123
"POLR2J3",0.122139601850118,3.13862209864148e-124,4.39681209276937e-123
"EIF5B",0.122138744196653,3.1511479164182e-124,4.40474183698022e-123
"HSPH1",0.121928631595825,8.35332503817343e-124,1.1600634944788e-122
"CD180",0.121925663641088,8.46904894021792e-124,1.17359434126216e-122
"MYL12A",0.121859723753193,1.14960914661599e-123,1.58963195790694e-122
"SLC4A7",0.12184981211163,1.20362930316269e-123,1.66074959335308e-122
"TCF4",0.121759423066395,1.82928589422693e-123,2.5186047848412e-122
"ST6GAL1",0.121552732073322,4.75832891985424e-123,6.53735296569268e-122
"RPL4",0.121531034677356,5.26011524100571e-123,7.21130328766937e-122
"TOMM7",0.121468629422725,7.01748090669118e-123,9.60003358152038e-122
"PSMB9",0.121287840872325,1.61611989562294e-122,2.20617558517378e-121
"CX3CR1",0.121010710801752,5.79101989134526e-122,7.87186093704897e-121
"IFNGR1",0.120985662921242,6.49813358375226e-122,8.81438162227368e-121
"PILRA",0.120858719272922,1.16465521349497e-121,1.57646157168433e-120
"LMNA",0.120758158674243,1.84818620708669e-121,2.49641320098277e-120
"MICOS10",0.120558663675197,4.61415736428798e-121,6.20638021997309e-120
"RSRP1",0.120538165940072,5.06851623630345e-121,6.80326363433534e-120
"MT2A",0.120357285199534,1.1601309347321e-120,1.55070834942524e-119
"LSM5",0.120173118649367,2.69213518439401e-120,3.59100610043076e-119
"ATP5ME",0.120072888777705,4.2542436005595e-120,5.66291015377381e-119
"SNRPD1",0.119907029866478,9.06351863569214e-120,1.2014780075744e-118
"SFT2D1",0.119802458416044,1.45933678878151e-119,1.93053707975714e-118
"EIF1",0.119680897088558,2.53740769835598e-119,3.34979584210946e-118
"ADAP2",0.119605462090235,3.57554625407049e-119,4.71061699509575e-118
"TRMT112",0.119597413073482,3.70877179463021e-119,4.87612291687448e-118
"HSPA1A",0.119586527237452,3.89686706012161e-119,5.11294459258491e-118
"NSA2",0.119474730226389,6.47521780432174e-119,8.46130293941513e-118
"LDHA",0.119464890869837,6.77101966701169e-119,8.8298500373063e-118
"PRDX4",0.119438859819332,7.62026549499773e-119,9.91716499308427e-118
"SNHG32",0.119375457439963,1.01603746627387e-118,1.31961465255327e-117
"MDH1",0.119373376433628,1.02567404267723e-118,1.32943932481153e-117
"NEDD8",0.11927237803448,1.62140321006744e-118,2.09314345991805e-117
"SF3B6",0.11911850300542,3.25509240877125e-118,4.19370941660168e-117
"SLC39A1",0.118966390204355,6.47702614366198e-118,8.32797589934574e-117
"MRPS28",0.118929488362802,7.65256647815366e-118,9.81977330476678e-117
"PSMB1",0.118928591107832,7.68365698999009e-118,9.83998867221087e-117
"SCAMP2",0.118869046847403,1.00552488994512e-117,1.28514894300556e-116
"YIF1A",0.118682861093132,2.32969642627785e-117,2.97163663439338e-116
"COA4",0.118662414485523,2.55468308067886e-117,3.25215211222928e-116
"KDELR2",0.118641852411021,2.80281028922048e-117,3.56095659715616e-116
"RBMX",0.118491061860736,5.52834029451193e-117,7.00984808885149e-116
"CLIC1",0.118412027882231,7.88969780416293e-117,9.98428029812808e-116
"SRM",0.118404619692186,8.15706027593894e-117,1.03023028996898e-115
"CISD2",0.117974218221135,5.63393419918612e-116,7.10163493555563e-115
"NOP53",0.117729987065512,1.68138587242958e-115,2.11524936421729e-114
"NDUFS8",0.117610949884643,2.86249377548887e-115,3.59408220421459e-114
"NDUFB3",0.117541045314194,3.91140691780685e-115,4.90148179387671e-114
"DDOST",0.117258619378775,1.37813577921404e-114,1.72025664580492e-113
"MRPL51",0.117233712832715,1.53979360455192e-114,1.91831374112721e-113
"ITGA4",0.117187869979666,1.88841518933535e-114,2.34807594084799e-113
"MRPL52",0.117161291236513,2.12554332941187e-114,2.63781160570726e-113
"HNMT",0.117085328537282,2.98008038459522e-114,3.69115748022451e-113
"ARPC2",0.116598503896015,2.58492167693281e-113,3.17717576229903e-112
"RPS14",0.116558332922887,3.08806944365146e-113,3.78834675917166e-112
"COX6A1",0.116523735452897,3.59905354867537e-113,4.40678007028648e-112
"NDUFS6",0.116519505348638,3.66705803329554e-113,4.48149416030937e-112
"GSTO1",0.116395114700466,6.35679856705637e-113,7.75384403160336e-112
"NDUFAF3",0.11632466598746,8.67831566961661e-113,1.05654788114346e-111
"MRPS18C",0.116205977767296,1.46561072265364e-112,1.78093909025488e-111
"LGALS3",0.115957919641583,4.37420629500929e-112,5.3052755366313e-111
"CCT3",0.115930664984258,4.93187494799611e-112,5.97036031440435e-111
"LSM3",0.115661062166536,1.61374932851866e-111,1.94987112839467e-110
"TMEM230",0.115643328092275,1.74444566268893e-111,2.10382770146846e-110
"MALAT1",0.115633305511889,1.82292822216211e-111,2.19435412258764e-110
"DYNLRB1",0.115536134070289,2.79240586161239e-111,3.34255149404945e-110
"ARL6IP1",0.115503659353907,3.21988160929691e-111,3.84706897676889e-110
"IDH2",0.11541639773438,4.72038226547172e-111,5.62936293964062e-110
"NDUFA3",0.115388111729665,5.34322280555065e-111,6.36031864942727e-110
"ARPC3",0.115322580273891,7.11955422732231e-111,8.45908517083332e-110
"C4orf3",0.115122459041148,1.70868324570206e-110,2.02641621153871e-109
"LAGE3",0.115099730703509,1.88712312817481e-110,2.23390811630435e-109
"COX20",0.114965335049107,3.39396099385129e-110,4.01024930691526e-109
"SKP1",0.114594144563616,1.71063377447722e-109,2.01383968753134e-108
"MEF2A",0.114522504653662,2.33594581943372e-109,2.74495025228695e-108
"DEGS1",0.11451149823517,2.45043299786126e-109,2.87421903368882e-108
"CAMK1D",0.114431196602107,3.47368263672162e-109,4.05958976269689e-108
"CYC1",0.114424942377413,3.56934648993306e-109,4.16380492352918e-108
"EIF3K",0.114390070882863,4.15299646347612e-109,4.83586666237075e-108
"IL1B",0.114319583427078,5.63960711676391e-109,6.55502160528211e-108
"RAP2A",0.113931898583163,3.02440028799173e-108,3.50262675952255e-107
"FIS1",0.113842855797418,4.44433432767287e-108,5.12856997236495e-107
"RNASEH2B",0.113730570977371,7.21801745907279e-108,8.31432675357469e-107
"PPP1R10",0.113636987999247,1.0809062481682e-107,1.24062513206569e-106
"ZFAS1",0.113612512821816,1.2012378771465e-107,1.37627539638785e-106
"TUFM",0.113296709227347,4.6796231973027e-107,5.35195408803817e-106
"CD300A",0.112875981702637,2.84708579117315e-106,3.25033851177347e-105
"ST13",0.112815371625215,3.69084161362437e-106,4.20611719236482e-105
"MRPL40",0.112793536602424,4.05247022639698e-106,4.61004414407146e-105
"DST",0.112777117336474,4.34750714183788e-106,4.93692138443041e-105
"CIB1",0.112652645225,7.40395905872451e-106,8.3928977598545e-105
"UBXN1",0.112627224671896,8.25380174197827e-106,9.33975167134613e-105
"C12orf45",0.112615855755009,8.66473850450497e-106,9.78749335297604e-105
"COPE",0.112529224666757,1.25451763008347e-105,1.41210265168694e-104
"ERCC1",0.112477552639477,1.56415770485651e-105,1.75755443684052e-104
"UFC1",0.112362219029841,2.55832365127803e-105,2.8696161794755e-104
"HAX1",0.11230875481296,3.2131500308686e-105,3.58531662574834e-104
"C3AR1",0.112264164726642,3.88545167575348e-105,4.32796144993651e-104
"LGALS3BP",0.112150693399761,6.29883885294664e-105,7.00404680771328e-104
"GTF2A2",0.111994929710091,1.22160018544026e-104,1.3560184757413e-103
"NDUFV2",0.111941734318095,1.5313633545471e-104,1.69693044607499e-103
"ENY2",0.111892822007642,1.88487611172467e-104,2.08506295393543e-103
"COX5B",0.111689202017095,4.47062442511146e-104,4.93692363365149e-103
"ESF1",0.11168076619969,4.63332359281541e-104,5.10780140403843e-103
"GTF3C6",0.111539782712041,8.41719783323781e-104,9.26324893620134e-103
"XIST",0.111528513489805,8.82831261804813e-104,9.69905030092411e-103
"ATP6V1G1",0.111505312459091,9.7388794798866e-104,1.06811368791372e-102
"RPS7",0.111471310370223,1.12452879911243e-103,1.23122470564938e-102
"TMEM179B",0.111433982647631,1.31679734992776e-103,1.43927969286823e-102
"PA2G4",0.111363095604626,1.77676865536688e-103,1.9387326008221e-102
"PRELID1",0.111212797165437,3.35136315015253e-103,3.6506529662782e-102
"MRPL15",0.111177419435274,3.89077085486966e-103,4.23104844149894e-102
"EIF2S2",0.111072321074665,6.05979773066887e-103,6.57862305244864e-102
"PFN1",0.110971107428776,9.28095307822382e-103,1.00585464442372e-101
"POLD4",0.110685752151445,3.08050122635476e-102,3.32735620678319e-101
"PMVK",0.110616592843347,4.11806237169257e-102,4.44058624819824e-101
"PDCD5",0.110595318452313,4.50254594188985e-102,4.84703603408813e-101
"BRK1",0.110520465553363,6.16298681119426e-102,6.62340425136053e-101
"TOMM6",0.11032945032724,1.37173230141836e-101,1.47174489061876e-100
"PSMB5",0.110222745856726,2.14343238407564e-101,2.29587014628203e-100
"RPS13",0.109951697742508,6.64719114432622e-101,7.07269956583698e-100
"SDF2L1",0.109882963690041,8.85292404190098e-101,9.40403322066832e-100
"PPDPF",0.109824838850015,1.12788422289115e-100,1.19611655769745e-99
"EPB41L3",0.109716212072878,1.77285885107314e-100,1.87700699479955e-99
"ATP5F1C",0.109605792006311,2.8062288898036e-100,2.96130996002959e-99
"UBA52",0.109560409959111,3.38872343815496e-100,3.56427042282003e-99
"NDUFS7",0.109519783521286,4.01177068797367e-100,4.212687517846e-99
"FRMD4B",0.10948081684173,4.71645198909301e-100,4.94456796765045e-99
"MRPS33",0.109078492734588,2.49888322919789e-99,2.6154706033497e-98
"P2RY13",0.109056357364972,2.73846896010771e-99,2.86156626189757e-98
"CD53",0.109016981574129,3.22268894879739e-99,3.36207679601367e-98
"RPLP2",0.108977678088214,3.79116903457741e-99,3.94872411133907e-98
"DOK2",0.108930743902305,4.60248097676011e-99,4.78598345978815e-98
"SKIL",0.108776699652513,8.69259763359307e-99,9.00996872651585e-98
"ATOX1",0.108767899001326,9.0139389688661e-99,9.31295208119886e-98
"MLEC",0.10861888265834,1.66593267103082e-98,1.71842829860671e-97
"HMOX1",0.108243112307556,7.80980550964463e-98,8.0429714526292e-97
"PTGES3",0.108183075490349,9.99133534032429e-98,1.02731422345386e-96
"TMED9",0.108058983870985,1.6617218718146e-97,1.70585720473e-96
"PSMA2",0.107990235872269,2.2021514705135e-97,2.2570293665838e-96
"SNRPB",0.107806781725621,4.66430566924616e-97,4.76531611049098e-96
"CYBA",0.107738946095153,6.15412607255989e-97,6.27740427369543e-96
"SEC61B",0.107653979140445,8.70638112266745e-97,8.86668909254514e-96
"MANF",0.107550612675737,1.32731310231941e-96,1.34961027963254e-95
"HSPB11",0.107526661451226,1.46346553399171e-96,1.48569539020425e-95
"ZFP36L2",0.107313203864881,3.49072057832717e-96,3.53814585000744e-95
"RPL34",0.107181226316983,5.96973911747655e-96,6.04130065894787e-95
"SLC1A5",0.107109121156286,8.00114497497546e-96,8.08430648180197e-95
"HAVCR2",0.107061711192354,9.69924574374468e-96,9.78464790752608e-95
"COMT",0.10687108733319,2.10104642223474e-95,2.11621881398086e-94
"PSMA7",0.106852957859569,2.26115734122297e-95,2.27391622277219e-94
"MT1X",0.106827336933161,2.50839666472984e-95,2.51860297353782e-94
"SRSF9",0.106823543286641,2.54722929063212e-95,2.5535973638587e-94
"VDAC2",0.106630888535646,5.55353602263796e-95,5.55007587558335e-94
"COX6B1",0.106453354991297,1.13750084312318e-94,1.1315047146478e-93
"LEPROTL1",0.106398376147311,1.419952614174e-94,1.41028111030037e-93
"TIMP1",0.106258055732504,2.49967460000972e-94,2.4749864558121e-93
"TIMM13",0.106214131339653,2.98331183147366e-94,2.94929564109939e-93
"NUBP1",0.106180200379245,3.4199135446773e-94,3.37571773886916e-93
"CD68",0.106102184346798,4.68086187653565e-94,4.6061978220633e-93
"COX14",0.105858596593916,1.24528667368179e-93,1.22167573369149e-92
"TNF",0.105765234773891,1.81082826706888e-93,1.77107837827956e-92
"GSTK1",0.105758731966303,1.8586505301874e-93,1.81508398807951e-92
"OAS1",0.10565686844729,2.79534456078517e-93,2.72153728406641e-92
"CLNS1A",0.105620225857749,3.23704823375612e-93,3.14680325269382e-92
"CD86",0.105505410105156,5.12441342355952e-93,4.97401460295884e-92
"FGD2",0.105475029713752,5.78620525601991e-93,5.60789923302474e-92
"PSMB6",0.105355252092946,9.33714007568469e-93,9.03576029043635e-92
"LSM7",0.10533324594568,1.01945834618744e-92,9.85066980291962e-92
"SMIM30",0.105286169324457,1.23017413161556e-92,1.18688680126999e-91
"MRPL17",0.1051333317705,2.2626711465683e-92,2.17650645822822e-91
"TAX1BP3",0.105065099155959,2.96925377880156e-92,2.85190602466929e-91
"CKLF",0.1050513133069,3.13677975421276e-92,3.00830775830031e-91
"SSB",0.10490599924809,5.59176271139048e-92,5.35064483755356e-91
"H2AFZ",0.104905816478301,5.59582712904994e-92,5.35064483755356e-91
"SERF2",0.104887094715634,6.02816083393907e-92,5.75545832002278e-91
"HNRNPF",0.104802909538337,8.42260433225937e-92,8.02963289684638e-91
"SUMO1",0.104769727108944,9.60882079400333e-92,9.14691308817884e-91
"ARL6IP5",0.104730584970799,1.12240014202101e-91,1.06686212017878e-90
"MRPL13",0.104522790346203,2.55822010988856e-91,2.42445202733308e-90
"FBP1",0.104518412492341,2.60296375233339e-91,2.46321761577744e-90
"ACAT1",0.104443832574718,3.49704687894169e-91,3.30442603465241e-90
"NHP2",0.104360336684112,4.86580292441099e-91,4.59102817103249e-90
"GGCT",0.104349425611675,5.08033144259341e-91,4.78640330920401e-90
"PSMA3",0.104240658482757,7.80851351499564e-91,7.34595640941525e-90
"EIF3D",0.104106738750876,1.32477446334286e-90,1.24447334653115e-89
"NDFIP1",0.10406892253296,1.53785195096614e-90,1.44041724341588e-89
"TRAPPC6A",0.104047773703144,1.67158454295789e-90,1.56339452297636e-89
"MCTS1",0.103964929319045,2.31693233328739e-90,2.16381919219387e-89
"SERTAD1",0.103957676994387,2.38407525453824e-90,2.22328878388334e-89
"CCDC50",0.103949772718069,2.45946624389805e-90,2.29026638909287e-89
"TSPAN4",0.103930278213121,2.65572639676165e-90,2.46944066110475e-89
"IFITM3",0.103866139673815,3.41851841230673e-90,3.17412650265701e-89
"CCL3L1",0.103813812144586,4.19999533235751e-90,3.89409971855575e-89
"TMEM106A",0.103697314537436,6.63958799627078e-90,6.14712793420971e-89
"PPT1",0.10363266430794,8.55890589392343e-90,7.91267150077994e-89
"POLR2K",0.103631351440386,8.60313921154954e-90,7.94212103328084e-89
"SNRPE",0.10337514524059,2.34956447809443e-89,2.15971428244325e-88
"CD47",0.103314740282967,2.97645759470798e-89,2.73203890238146e-88
"NMT1",0.103312554202179,3.00203504390701e-89,2.75157954881534e-88
"TMEM147",0.10317075706925,5.22735529261681e-89,4.77759423895006e-88
"MRPS36",0.103134508147333,6.02286225831295e-89,5.49682564001933e-88
"LSM4",0.103121800372949,6.32943722965511e-89,5.76841892975386e-88
"JPX",0.102958476303326,1.19742414308756e-88,1.08974089390777e-87
"MTCH2",0.102901181438156,1.49718051324064e-88,1.35868602163394e-87
"PHB2",0.102744501676007,2.75628203658611e-88,2.49778326931306e-87
"RPS9",0.102741304066176,2.79079966040049e-88,2.52549656151333e-87
"EIF1B",0.102737210410161,2.83561999387956e-88,2.56244195503257e-87
"ALCAM",0.102724021780013,2.98495934337789e-88,2.69360044263186e-87
"GPN3",0.102615321133536,4.55559363804256e-88,4.10515291877543e-87
"NDUFAB1",0.102480980491636,7.67692287839924e-88,6.90815388328325e-87
"ATP5IF1",0.102473728655797,7.89610575653977e-88,7.09543620923798e-87
"MDH2",0.10243865267235,9.04762735053289e-88,8.11882196937329e-87
"MRPL57",0.102391651040349,1.08573862614538e-87,9.72918858288937e-87
"PIN4",0.102130988871117,2.98010125370964e-87,2.6667126420922e-86
"NDUFA1",0.102121839142483,3.08747008092636e-87,2.75894262384729e-86
"RBM8A",0.102102195174904,3.33119696270564e-87,2.97259523125444e-86
"SERPING1",0.102029976758176,4.40408773282867e-87,3.91908833478901e-86
"MTLN",0.102000438312091,4.93658108865169e-87,4.3868565463697e-86
"RPS19BP1",0.101820520867028,9.8864892179606e-87,8.77340453975591e-86
"GABARAPL2",0.101689383946585,1.63885611814036e-86,1.45233437209786e-85
"TXN2",0.101672524353169,1.74879858469273e-86,1.54762644405359e-85
"M6PR",0.101577711030821,2.51903330505226e-86,2.22618700898283e-85
"SUPT4H1",0.10155135456415,2.78782724465114e-86,2.46034382416529e-85
"PSMD14",0.101503655745489,3.34906447057818e-86,2.94754425833053e-85
"PYURF",0.101492413183962,3.49698039032694e-86,3.07351043621064e-85
"TMCO1",0.101423627175986,4.55498421705816e-86,3.99791774783107e-85
"ARL2",0.101396462925577,5.05589706460398e-86,4.43150759105179e-85
"UXT",0.101391737297512,5.14848618543166e-86,4.50650577977211e-85
"DUSP23",0.101091216186475,1.6297379012733e-85,1.42263923463531e-84
"NDUFC1",0.100992306328099,2.37955612700981e-85,2.07153759985006e-84
"CPM",0.100787482344873,5.20443047712313e-85,4.52461056114119e-84
"GTF2H5",0.100742136911846,6.18761105165563e-85,5.37208558963769e-84
"TPRKB",0.100734428489154,6.37227571221491e-85,5.52493526615822e-84
"RNASEK",0.10044179694179,1.94268214416877e-84,1.67755701709109e-83
"PBDC1",0.100258173047156,3.90341748378401e-84,3.36165457395412e-83
"NDUFA8",0.100086585559438,7.48368113388652e-84,6.4363670449083e-83
"TMEM107",0.100066224232544,8.08398604364958e-84,6.94335401018149e-83
"CHURC1",0.099987056320091,1.09107052840624e-83,9.34620628872419e-83
"SPATS2L",0.0999600313576298,1.20860278711716e-83,1.03391939761916e-82
"CHMP5",0.0999389184996174,1.3091397172174e-83,1.11843414456282e-82
"ABRACL",0.0999048351192641,1.48933318023854e-83,1.27068639420352e-82
"ITPRIPL2",0.0998558989255387,1.79213200930072e-83,1.5270011914573e-82
"IMPDH2",0.0998460504426907,1.86012181557009e-83,1.58283044677689e-82
"PET100",0.0997662310381923,2.51504980456048e-83,2.13729265510729e-82
"BTF3L4",0.0997551067241906,2.6229870848676e-83,2.22606946250139e-82
"CHCHD1",0.0997099074374043,3.11117793634711e-83,2.63689797088548e-82
"GIMAP4",0.0996380927018556,4.07975299612021e-83,3.45325794500095e-82
"AMD1",0.0995821893363458,5.03736650449256e-83,4.25820072369226e-82
"BIN1",0.0995372953441735,5.9662593692512e-83,5.03677896225206e-82
"HPRT1",0.0995302773615994,6.12616429157519e-83,5.16497635936221e-82
"ARL6IP4",0.0994496211358817,8.3012164280988e-83,6.98958065651994e-82
"CAMTA1",0.0994484780620072,8.3370233677834e-83,7.01052974150698e-82
"ITGB1",0.0994400392030985,8.60618163417827e-83,7.22739023100625e-82
"MTSS1",0.0993336733207728,1.28422610715408e-82,1.07707120307197e-81
"CHMP4A",0.0992715510329178,1.62210520440748e-82,1.3586719310024e-81
"RPA3",0.0992654492481951,1.65973578199065e-82,1.38837871932882e-81
"TECR",0.0991304298659211,2.75595471916965e-82,2.30237050497298e-81
"TMEM50A",0.0991073258860762,3.00557121546238e-82,2.50763913113221e-81
"ATP5MG",0.0990542165311447,3.66818365840114e-82,3.05650212367555e-81
"MZT2A",0.0988883702118968,6.82872624293567e-82,5.68263392667643e-81
"WASHC3",0.098880705323553,7.02751860418788e-82,5.84048696430951e-81
"ACP2",0.0988642535678157,7.4739040474344e-82,6.20343704635693e-81
"DPYSL2",0.0987313092309156,1.22887767365654e-81,1.01866655738765e-80
"AKR7A2",0.0987261330154332,1.25288492657131e-81,1.03722705662987e-80
"LSM2",0.0987107898651544,1.32682924319739e-81,1.0970278897364e-80
"SNX5",0.0986299957143364,1.79427610822759e-81,1.48160559979256e-80
"PDK4",0.0986260306262698,1.82103849796792e-81,1.50177159421107e-80
"ARHGDIB",0.0985743119544584,2.20883347474059e-81,1.81458073930033e-80
"TRIM13",0.0981909388910557,9.21040055418999e-81,7.54711749114725e-80
"UQCRC2",0.0981740491260508,9.80712659421149e-81,8.02583217199757e-80
"RPS26",0.0981500436219789,1.07221778318813e-80,8.7635022890892e-80
"CCDC107",0.098030388646239,1.67203214184036e-80,1.36485473562948e-79
"MRPL11",0.098016451212414,1.76078085650923e-80,1.43547267793688e-79
"FUOM",0.0977558971714179,4.62382786705603e-80,3.76478167449638e-79
"MRPS6",0.0976687620806662,6.38221241801671e-80,5.18989542129217e-79
"MRPL3",0.0973670881477837,1.94351705705507e-79,1.57643558003354e-78
"SRSF2",0.0973618704097123,1.98125161658404e-79,1.60501393585899e-78
"SNRPB2",0.0973309995860731,2.21993780659112e-79,1.79610604881319e-78
"CIAO2A",0.0973194805556813,2.31616833273002e-79,1.86924981418815e-78
"NAA10",0.0971854321469241,3.79377694119999e-79,3.0578985998416e-78
"GIMAP6",0.09708669202813,5.4542498751342e-79,4.39077380161368e-78
"IGFLR1",0.0970146920978677,7.10556288624826e-79,5.71294379425675e-78
"NSUN6",0.0969548349873709,8.85165408562159e-79,7.10791146600101e-78
"UBE2N",0.096840897412401,1.34431828719571e-78,1.07814326633096e-77
"AC253572.2",0.0968238360295315,1.43106232742708e-78,1.14627913767442e-77
"VPS28",0.0967548550589271,1.84249145299413e-78,1.47399316239531e-77
"UCHL3",0.0966120364407475,3.10723638329426e-78,2.48269347885628e-77
"SASH1",0.0965401242026882,4.04137707902348e-78,3.22105283714468e-77
"PSMB8",0.0964420634826839,5.78168398325626e-78,4.60239260999655e-77
"MRPL33",0.0964022319009996,6.68623722950678e-78,5.31584858296351e-77
"HSP90B1",0.0961828766825098,1.48715241723994e-77,1.18088736497666e-76
"NDUFS3",0.0961260691481576,1.82866525515919e-77,1.45027395267013e-76
"HIGD2A",0.0961180894517703,1.88252623207408e-77,1.49114670431942e-76
"YBX3",0.0960593009509692,2.33123530407712e-77,1.84429170295423e-76
"DCXR",0.0957388432211547,7.45891359319519e-77,5.89364404112566e-76
"SIGLEC10",0.095645249348289,1.04681764482252e-76,8.2612324836178e-76
"PDCD6",0.0953790802741978,2.73955074645594e-76,2.15933139917215e-75
"HEXA",0.0953705863465268,2.82483406789361e-76,2.22382029197613e-75
"PSMC5",0.0951163169800714,7.06293432852629e-76,5.53548959094812e-75
"PLD3",0.0951161951618586,7.06603175652512e-76,5.53548959094812e-75
"TIMM8B",0.0951083121860105,7.2693756924006e-76,5.68784322468808e-75
"SERBP1",0.0950826388904695,7.97294440656772e-76,6.23074437424342e-75
"TMEM251",0.0950240740834755,9.84240873762301e-76,7.68234725797923e-75
"ATP5F1B",0.0950011413774241,1.0688295979564e-75,8.332455286134e-75
"TIGAR",0.0949543318936039,1.26464763841009e-75,9.84706219422227e-75
"NCK1",0.0949155960486659,1.45345490403698e-75,1.13034747446076e-74
"SUCLG1",0.0949052004859645,1.50874378085006e-75,1.17192495132373e-74
"PRCP",0.0948447761096582,1.87423324387496e-75,1.45230440733113e-74
"CLN8",0.0948359640329255,1.93445015455523e-75,1.49715707981018e-74
"AC007952.4",0.0948194476035925,2.05255807451097e-75,1.58665212121233e-74
"MAGOH",0.0948102604659661,2.12133865396404e-75,1.63784702813879e-74
"PSMA5",0.094804580329886,2.1650083120394e-75,1.66955448678423e-74
"MRPS24",0.0944845177080638,6.81153496562101e-75,5.24643557496091e-74
"RNF181",0.0944309003103833,8.25027019461505e-75,6.34697045187652e-74
"DDX18",0.0944225353888642,8.50056161545294e-75,6.53168902092767e-74
"TFPT",0.0943784391695685,9.95062531619211e-75,7.6367478503216e-74
"FIBP",0.0943050820319758,1.29291949455417e-74,9.91083808489792e-74
"RAB5C",0.0942617820205892,1.508880542918e-74,1.15524791925559e-73
"REEP5",0.0942358248117782,1.65521577011756e-74,1.26577644589682e-73
"CRYL1",0.0942000415126908,1.8804145566865e-74,1.43627854710721e-73
"MRPS18B",0.0941013630812136,2.67248493412359e-74,2.03642082391175e-73
"NUDC",0.0940767478998413,2.91723387529097e-74,2.2202814405536e-73
"HMGN3",0.0938849859680633,5.76895771888815e-74,4.38550150762872e-73
"COPZ1",0.0938692316478946,6.1009659677958e-74,4.62692643609668e-73
"TCF7L2",0.0938011705673459,7.76848438521067e-74,5.88460399238626e-73
"MRPL4",0.0937983513996241,7.84659568969898e-74,5.93676390862131e-73
"HLA-B",0.0937616651732882,8.93739683619027e-74,6.75410342767924e-73
"HSBP1",0.0937338088725177,9.86551681797536e-74,7.44672422401528e-73
"IRF9",0.0937033558688152,1.09904062288609e-73,8.28606890298139e-73
"RER1",0.0936581700018493,1.28992972400957e-73,9.71383698268241e-73
"EMC7",0.0935653451357919,1.79200891988865e-73,1.34789322743325e-72
"MAGED2",0.0935239176914883,2.07497840087577e-73,1.55890648946358e-72
"CNDP2",0.0935130851009759,2.15604796608595e-73,1.61791856729912e-72
"PYCARD",0.0933675349921065,3.60673774218641e-73,2.70021346019464e-72
"PDCL3",0.0933381869571988,4.00063148748374e-73,2.98813173733361e-72
"ALKBH7",0.0932730941778558,5.03404044494843e-73,3.75562831334757e-72
"COPRS",0.0932591812959374,5.28732749802325e-73,3.94001082779526e-72
"RAB32",0.0932075368358705,6.34374712065398e-73,4.72174959699721e-72
"ATF5",0.0931276434455204,8.4069849521556e-73,6.25019877787142e-72
"ALG5",0.0931115601324349,8.89705945710596e-73,6.60689044870276e-72
"DPY30",0.0931077870260116,9.01609399853231e-73,6.68754440399807e-72
"TMEM126B",0.0929118024628435,1.7968094831372e-72,1.32814857647561e-71
"SMS",0.0929090528093692,1.81425876911544e-72,1.33950336739294e-71
"IFI6",0.0927274437123366,3.4327148437213e-72,2.53152855601332e-71
"CACYBP",0.0926418470318077,4.63420698295808e-72,3.40975596360769e-71
"SEC11C",0.0925294750092139,6.86908747047095e-72,5.04834653041714e-71
"ATP5PD",0.0924350246432394,9.55874025381212e-72,7.01703403529274e-71
"ORMDL2",0.0923478222315133,1.29645861045353e-71,9.50637536533696e-71
"ARMCX6",0.0922980228044251,1.54272603801013e-71,1.1299235456476e-70
"GIMAP5",0.092226768258428,1.97828125757792e-71,1.44728079231698e-70
"TCEAL4",0.0922042856188972,2.13967132328547e-71,1.56001491024995e-70
"AUP1",0.092118555332664,2.88498223308988e-71,2.10102678859304e-70
"IER5",0.0920098128943417,4.21312297642779e-71,3.06131336543156e-70
"MRPL50",0.0920061076660262,4.26780361832834e-71,3.09753710579125e-70
"SESN1",0.0918986761001565,6.20130988919066e-71,4.49577449141777e-70
"HAGH",0.0917853220440539,9.19392128944879e-71,6.65781027010197e-70
"RNASE6",0.0917764121242309,9.48274648456163e-71,6.85922225985878e-70
"MRPL34",0.091653041286074,1.45479939674646e-70,1.04994296170138e-69
"AP2S1",0.0916228308942891,1.6153967237299e-70,1.16453768308438e-69
"STOML2",0.0915115247621034,2.3751933997446e-70,1.71035250872742e-69
"PRMT1",0.0915086440094293,2.39899474608293e-70,1.72555496534396e-69
"NANS",0.0915071605825461,2.41134369450174e-70,1.73249508890517e-69
"GHITM",0.0914852945783522,2.60089517129763e-70,1.86659322360689e-69
"COPS9",0.0914714953950406,2.72808806625615e-70,1.95568860705022e-69
"MRPL27",0.0914347194006505,3.09816764892868e-70,2.21850933432214e-69
"TIMM10",0.091433061826171,3.11597861053167e-70,2.22877578207037e-69
"NUDT14",0.0914167621262021,3.29665098248416e-70,2.35538003381051e-69
"DPP7",0.091387547803133,3.64699621249245e-70,2.60279507223043e-69
"FAM89B",0.0912592859069361,5.67988965853056e-70,4.04913022768134e-69
"RTN4",0.091246346575915,5.9392952740099e-70,4.22935832164789e-69
"SNRPD2",0.0911950356012695,7.08954865935941e-70,5.04285412399667e-69
"MRPS26",0.0910645931091531,1.11141206976687e-69,7.88807504383209e-69
"C18orf32",0.0910000837850976,1.38782066409503e-69,9.83895843186047e-69
"DSE",0.0909747776434959,1.51409722138102e-69,1.07223485346365e-68
"FAM133B",0.090934485330558,1.7391991096662e-69,1.23028682333168e-68
"DDRGK1",0.0909271316483391,1.78374424226433e-69,1.26040782581145e-68
"RAB8A",0.0908059640520272,2.70505645636211e-69,1.9093115757997e-68
"MARCH2",0.0907574747998256,3.19505790321025e-69,2.25021860669561e-68
"WSB1",0.0907400109148852,3.39241990950885e-69,2.38659716440886e-68
"GBP1",0.0906314916239195,4.92209605800229e-69,3.45516064640511e-68
"AHCY",0.0906215838763623,5.09211299321253e-69,3.57060076114225e-68
"SCARB2",0.0905214908509015,7.17460239244774e-69,5.01987447654795e-68
"NFE2L2",0.0904767322232047,8.36233624573251e-69,5.83816641486614e-68
"IFI27",0.0904743647302538,8.43035323712424e-69,5.87925504015099e-68
"SLC3A2",0.090454551406967,9.02163297621374e-69,6.28477710916258e-68
"PABPN1",0.0903362665678484,1.35176666927664e-68,9.40665395887087e-68
"WDR83OS",0.0903212603038999,1.42286870101407e-68,9.8907102770382e-68
"SNHG5",0.0903133349120682,1.46191231362105e-68,1.01511140738016e-67
"FDPS",0.0901504398384911,2.54875744958247e-68,1.76787327529958e-67
"TM2D2",0.0901277019276965,2.75416923433194e-68,1.90828831614187e-67
"LITAF",0.0900036305637017,4.20261673620543e-68,2.90873667524208e-67
"MRPS12",0.0899304663691893,5.3904651856409e-68,3.72685610248621e-67
"ANAPC11",0.0899284448769383,5.42765101448536e-68,3.74852625499871e-67
"TMBIM6",0.0899000230929123,5.97836846339984e-68,4.12443140442724e-67
"CCT7",0.089850832616338,7.06628486571344e-68,4.86974046169897e-67
"TLR7",0.0897493756392477,9.97290662927669e-68,6.85811028225501e-67
"CXorf21",0.0897374334121047,1.03853978903843e-67,7.12649335451395e-67
"NGRN",0.0896907762138529,1.21665513667399e-67,8.33980700523537e-67
"HLA-C",0.0896892915894385,1.22279691829955e-67,8.37296160918879e-67
"TMEM70",0.0896778492483385,1.27118160184585e-67,8.69499057296691e-67
"OTUD6B-AS1",0.0896186428949366,1.55373562276774e-67,1.06050720805083e-66
"DNMT1",0.089571727118571,1.82141937068566e-67,1.24189444020396e-66
"TNFAIP8L2",0.089540623690936,2.02374621301986e-67,1.3783817094199e-66
"EIF3J",0.0895387030899429,2.03694964186545e-67,1.38590338305501e-66
"CCDC90B",0.0894508197349898,2.74250429297006e-67,1.86397325674745e-66
"CDK6",0.0894487255625275,2.76200000485307e-67,1.8752372519722e-66
"MRPS15",0.0894441016139189,2.80553726232292e-67,1.90278298890738e-66
"IER3",0.0894308125209715,2.93450686364237e-67,1.98815164066837e-66
"CNPY2",0.089430111179885,2.9414751361523e-67,1.99077051408789e-66
"DUT",0.0894249001655466,2.99376899805068e-67,2.02402759657462e-66
"CCDC66",0.089393223167985,3.3321973266517e-67,2.25046084713656e-66
"CCT4",0.0893634478027892,3.68498510194701e-67,2.48610561662377e-66
"SNHG1",0.0893466644306287,3.89999734893877e-67,2.62840157466294e-66
"OCIAD1",0.0892287490324952,5.80719370950448e-67,3.90964898637783e-66
"SET",0.0891812007081716,6.81745497141011e-67,4.58498858454583e-66
"PRDX2",0.0891182000792656,8.4305786875941e-67,5.6639364250894e-66
"MGAT4A",0.0890083768878136,1.22035179310844e-66,8.18158527124737e-66
"FUS",0.0888224000200275,2.28054862642882e-66,1.52575599449085e-65
"MRPS16",0.0887888737339095,2.55230040661253e-66,1.70401242547617e-65
"EIF4E",0.0886049651217428,4.72933671997254e-66,3.15092672848845e-65
"APOBEC3G",0.0885986263020084,4.83084303075516e-66,3.21521668934908e-65
"CCT8",0.088561451191086,5.47138900384311e-66,3.63776495841009e-65
"CBR1",0.0884957936711424,6.8162677484508e-66,4.52724367226297e-65
"EIF3G",0.0884674919794508,7.49321075576584e-66,4.9671955268931e-65
"KRCC1",0.0884204455545236,8.76991302652433e-66,5.80678658185553e-65
"AHSA1",0.0884099193012803,9.08401723363907e-66,6.00856232691013e-65
"PLEKHO1",0.088387689116278,9.78468996358432e-66,6.46535229725613e-65
"OSGEP",0.0883297122491998,1.18759182741455e-65,7.83908350276928e-65
"COA6",0.0882562713693581,1.5175552523401e-65,1.00068186012478e-64
"PURA",0.0881119749740514,2.45522058142309e-65,1.61731984090457e-64
"TTYH3",0.088034272852708,3.18026201455643e-65,2.09063125874939e-64
"NDUFB11",0.0880021423507034,3.53916352824815e-65,2.32418354117094e-64
"SELENOH",0.0879484456118088,4.23125834029412e-65,2.77584391731361e-64
"TRAPPC1",0.0878925049326284,5.09599737247112e-65,3.33972616361335e-64
"TXNL1",0.0877650739087142,7.78042821813627e-65,5.09379871913901e-64
"MRPL1",0.0877569412579925,7.99323994610867e-65,5.22779077413183e-64
"GLRX3",0.0877467077131269,8.26928735095647e-65,5.4028256256351e-64
"TXNDC17",0.0876766451401656,1.04321237745688e-64,6.80900367625977e-64
"METAP2",0.0876457378478339,1.15573909677524e-64,7.53579476108737e-64
"EPSTI1",0.0875972560622206,1.35709806286928e-64,8.83077197907637e-64
"TNFSF12",0.0875522034759409,1.57541191277531e-64,1.0240975514049e-63
"TMEM208",0.0875035921220888,1.85036161710671e-64,1.20039637364577e-63
"CCT2",0.0874893433817292,1.93966607927668e-64,1.25706036006457e-63
"GPR155",0.0873700525309759,2.87722281790024e-64,1.86279128149828e-63
"TMEM173",0.087366421825082,2.91193593734555e-64,1.88336501754124e-63
"PRDX6",0.0873285632288986,3.29972484943456e-64,2.13202765699619e-63
"PLA2G15",0.0870426051215769,8.46887153087424e-64,5.46093263739589e-63
"TATDN1",0.0869739178320704,1.06157200455576e-63,6.83839957954792e-63
"GIMAP1",0.0869052742286477,1.33024896814411e-63,8.56055905678293e-63
"IER3IP1",0.0868244446140326,1.73464655485228e-63,1.11406329288611e-62
"SELENOW",0.0868142469359128,1.79368881885937e-63,1.15083074618017e-62
"RPL31",0.0867773928260259,2.02425769695524e-63,1.29746627209438e-62
"HSD17B10",0.0867117574946016,2.51040220029444e-63,1.60585648226213e-62
"TOMM20",0.0866634276827059,2.94122871149596e-63,1.87957404511534e-62
"TMED10",0.0866025261522073,3.59047538369312e-63,2.29218806584826e-62
"MRPS23",0.0865797142715031,3.86885611036376e-63,2.4674533602479e-62
"REX1BD",0.0865577803111974,4.1567794297094e-63,2.64845052840273e-62
"ELOC",0.0865011960943141,5.00198628264346e-63,3.18380396720639e-62
"TMEM243",0.0864995469511089,5.02903354124122e-63,3.19784729441067e-62
"TSPAN3",0.0864641816539979,5.64544050554985e-63,3.5862521072879e-62
"LGALS2",0.0864385218659558,6.13928570239023e-63,3.89610851301046e-62
"RPP21",0.0864114249308496,6.70757948591721e-63,4.25255236972775e-62
"TMEM256",0.086361000949276,7.90824900160703e-63,5.00881792638803e-62
"KPNA2",0.086297132973407,9.74095582022208e-63,6.15743571847733e-62
"NDUFS4",0.0862940627303628,9.83900959735657e-63,6.21329582447242e-62
"PFDN1",0.0862831012823323,1.01971756269856e-62,6.43314442701471e-62
"SNRPD3",0.0862446245412846,1.15603814501067e-62,7.28599286678633e-62
"LGALS9",0.0862405047376503,1.17167007902275e-62,7.37726715113831e-62
"GAPT",0.0862042171918897,1.3187797200761e-62,8.29538302353751e-62
"DSTN",0.0861946813864863,1.36040141970261e-62,8.54881048855235e-62
"MARCO",0.0861834124639081,1.41127813895315e-62,8.85984397213641e-62
"SMIM26",0.0861640577776542,1.50312332017138e-62,9.42721331595265e-62
"TPI1",0.0860105892382159,2.4768200364491e-62,1.55188255408764e-61
"VDAC3",0.0860000649823959,2.56303356508334e-62,1.60433398571461e-61
"C1orf122",0.0859471266824473,3.04420103676274e-62,1.90366411811596e-61
"NUDT5",0.0858875703353558,3.69383842417595e-62,2.30765991523981e-61
"NUTF2",0.0858807858227226,3.77610241740101e-62,2.35675808463472e-61
"COX16",0.0858763043016506,3.83144061647577e-62,2.38897210838761e-61
"FAM49B",0.085844055696268,4.25420524585627e-62,2.64999814149649e-61
"SKA2",0.0857363388288084,6.03291356869051e-62,3.75069510239518e-61
"SELENOK",0.08568800373307,7.05569770654008e-62,4.38231911763419e-61
"FCGR1A",0.0856445459457965,8.12188652981079e-62,5.03965415621528e-61
"NIFK",0.0856249035124063,8.65507518110008e-62,5.36531037313411e-61
"NDUFB10",0.0855707462484358,1.03127314436597e-61,6.38672634580317e-61
"SMIM4",0.0855458609824223,1.1177037568631e-61,6.91532044747698e-61
"COPS6",0.0854877379717766,1.34872815234547e-61,8.33664723068258e-61
"DYNLT1",0.085429196353533,1.62949610736927e-61,1.00624129209636e-60
"ANXA5",0.0853817850651124,1.89900358715038e-61,1.17153913607277e-60
"GLO1",0.0853301199045169,2.24346865476367e-61,1.38271804889181e-60
"PSMC2",0.0852925272141704,2.53260734913373e-61,1.55942502418829e-60
"EIF4A1",0.0852318168869679,3.07993950303721e-61,1.89462050349825e-60
"SNHG7",0.0852159760109425,3.2411873235941e-61,1.99190209465323e-60
"TOMM40",0.0852009405080025,3.40200927443994e-61,2.0887360291681e-60
"ERP44",0.0851595532330594,3.88694037841197e-61,2.38418828564925e-60
"CDC123",0.0851558808207204,3.933160732187e-61,2.41023488612338e-60
"SAMD1",0.085149895463964,4.00966779054255e-61,2.45477371604208e-60
"CDK2AP2",0.0851257032390404,4.33430755876377e-61,2.6509930693068e-60
"PSMA4",0.0849301302088235,8.12642432879284e-61,4.9609075636094e-60
"STK38L",0.0848827845809092,9.45995736923504e-61,5.76401581016258e-60
"MXD4",0.0848779007188117,9.60935261642426e-61,5.84750960701895e-60
"TRAPPC4",0.0848777105832976,9.61521607762623e-61,5.84750960701895e-60
"SRFBP1",0.0846991467036228,1.70408190457917e-60,1.03535885414583e-59
"UBE2L3",0.0846933812122015,1.73582640725635e-60,1.05364827142448e-59
"TM6SF1",0.0846316606598316,2.11486487910915e-60,1.28251163179247e-59
"BAX",0.0846076318621898,2.2838085346353e-60,1.38365586007744e-59
"EBNA1BP2",0.0846015867408751,2.32838681167298e-60,1.40933299846168e-59
"TP53I13",0.0845881883151754,2.43030429723036e-60,1.46963547323563e-59
"PRKACB",0.0845347655798877,2.8828087636073e-60,1.74162909861623e-59
"TRIR",0.0844739587441592,3.50076811362728e-60,2.11098949408201e-59
"CD83",0.0844701636681002,3.54344433644324e-60,2.13471726409576e-59
"SCOC",0.0843774462492361,4.7633672374854e-60,2.86695724162348e-59
"UBE2L6",0.0843663410042538,4.93508074511343e-60,2.96752371702416e-59
"DNAJA1",0.084334307550435,5.46572202723495e-60,3.28352739014414e-59
"CCDC18-AS1",0.0842686213152324,6.73818853426679e-60,4.0403941715753e-59
"OFD1",0.0842167386862548,7.94853600235918e-60,4.76169999917241e-59
"ECH1",0.0842126302025009,8.05316338889602e-60,4.81987838648851e-59
"NOP10",0.0841218548850106,1.07492619338453e-59,6.42153301373851e-59
"DNAJC19",0.0840791218276364,1.2313175246488e-59,7.34213126221813e-59
"TBCB",0.0840273438350927,1.45146724528744e-59,8.64680951324439e-59
"METTL26",0.0839696018217702,1.74349465057357e-59,1.03672490065617e-58
"PSMC3",0.0839021379984862,2.1595756262961e-59,1.2829478905848e-58
"CCDC112",0.0838976387672713,2.19060727464564e-59,1.3001791187906e-58
"LSM8",0.0838459049303755,2.58098601808657e-59,1.5304626887286e-58
"TRIAP1",0.0838205932299429,2.79650592144207e-59,1.65672963914795e-58
"UQCR11",0.0838078283439111,2.911902382411e-59,1.72350236951559e-58
"LYL1",0.083762482829106,3.3615404368201e-59,1.98597085107162e-58
"AC245014.3",0.0836762632600151,4.41589049350439e-59,2.60647225449165e-58
"CD37",0.0836743925846787,4.44209202289701e-59,2.61952779585544e-58
"LMAN1",0.0836584981024625,4.67105843373261e-59,2.75202120393282e-58
"RAP1A",0.0836540706603168,4.73690552782006e-59,2.78825558408197e-58
"GET3",0.0836370800063467,4.99829605658995e-59,2.93941956911834e-58
"NDUFS5",0.083581246010202,5.96273430129894e-59,3.50337942098297e-58
"FAM3C",0.0835487167545419,6.60789388906703e-59,3.87888812371949e-58
"CALM1",0.0835138928877844,7.37579113813246e-59,4.32569249929231e-58
"SF3B5",0.0834944211331076,7.84326316226408e-59,4.59565081726816e-58
"POLR2I",0.0833779503920267,1.13240540944039e-58,6.62911779832986e-58
"POLR3GL",0.0833741911638734,1.14589919832428e-58,6.70199567588747e-58
"DBP",0.0832465295360004,1.71282102407301e-58,1.00086153829257e-57
"GLRX5",0.083200974814552,1.97669069341309e-58,1.15399886159585e-57
"CAMK2D",0.083172329094778,2.16297040304314e-58,1.26045577710488e-57
"DOCK10",0.083108172487236,2.64605327328338e-58,1.54056967344702e-57
"ADPRHL2",0.0831051385208831,2.67138846200965e-58,1.5539100972125e-57
"ARL1",0.0830971757489126,2.73903694696279e-58,1.59181712424939e-57
"LRPAP1",0.0830642071993796,3.03776580974914e-58,1.76382854618556e-57
"PFDN4",0.0830098963848498,3.60225265722569e-58,2.0896973823472e-57
"SIVA1",0.082976619626688,3.99855242100701e-58,2.31749885575257e-57
"UNC50",0.0829477331218371,4.37760241292518e-58,2.5349004586036e-57
"ECI1",0.08293662124222,4.5327651409823e-58,2.62238242962511e-57
"NDUFA2",0.0828892332417094,5.25836698315368e-58,3.03943086161387e-57
"PSMB2",0.0828867440575234,5.29952882271855e-58,3.0604659699876e-57
"N4BP2L2",0.0827792924806005,7.41857157946838e-58,4.28035568829758e-57
"TRIM28",0.0827244771886223,8.80581530143934e-58,5.0762004469034e-57
"RPF2",0.0827101768075439,9.20839557619188e-58,5.30350682377442e-57
"AIP",0.0826334433054928,1.17030957863113e-57,6.73426570089444e-57
"SNAPIN",0.0826317328342345,1.17657746398065e-57,6.76426613700706e-57
"COMMD3",0.0825048805928524,1.74793286082154e-57,1.00310708721208e-56
"ATP1B3",0.0824659028603777,1.97375018958374e-57,1.13168732943425e-56
"MRPL24",0.0823981178514294,2.43780360715678e-57,1.39651320924267e-56
"GADD45B",0.0822714036724089,3.61599016079145e-57,2.0677533753688e-56
"ST3GAL6",0.0822133519280905,4.3309569531646e-57,2.47439179087303e-56
"CMC2",0.0821907843278407,4.64547329508468e-57,2.6517221228882e-56
"GIMAP7",0.0821567104517371,5.1639655030583e-57,2.94506690378863e-56
"TAF1D",0.0821181603581454,5.82036729242736e-57,3.31352941865252e-56
"SRP9",0.0819731798441098,9.12368495291965e-57,5.18031527946305e-56
"TUBA1C",0.0819722117334571,9.1510873210225e-57,5.19127995151904e-56
"NUTM2A-AS1",0.08196505466082,9.35622755815655e-57,5.30296431211417e-56
"RNF5",0.0819634349191824,9.40328548745895e-57,5.32493201125654e-56
"SCIMP",0.0818777177392589,1.22609172495065e-56,6.93704101171371e-56
"SRI",0.0818669383103108,1.26767197936594e-56,7.15966850317947e-56
"RWDD1",0.0818546742009153,1.31668958271817e-56,7.42997393379048e-56
"NUDCD2",0.081807173292663,1.52502230124981e-56,8.59801677049103e-56
"IFITM1",0.0817792176583091,1.66265698091657e-56,9.36576575027282e-56
"SNRNP40",0.0817451591218956,1.84715770211239e-56,1.03959331725904e-55
"RPS11",0.0817241849643777,1.97078179728858e-56,1.10819772229654e-55
"PLIN2",0.0816660992387209,2.35785110691655e-56,1.32353216990171e-55
"QDPR",0.0815749286552234,3.12348992378576e-56,1.75177546774558e-55
"DPM3",0.0814919994117652,4.03278782334504e-56,2.25977001524732e-55
"ANAPC16",0.0813523168661757,6.19803565099455e-56,3.47003461926536e-55
"BCAT1",0.0813260861996634,6.71844085893139e-56,3.75810955108141e-55
"C7orf50",0.0812900789337461,7.50438126897251e-56,4.19043605062904e-55
"LPXN",0.081285672187425,7.60665248001001e-56,4.24385063580385e-55
"PRDX3",0.0812657870778176,8.08568299220281e-56,4.50718871224789e-55
"MRPL41",0.0812199155699079,9.30842301509576e-56,5.18427448479639e-55
"IMP3",0.0810824117222727,1.41905344742444e-55,7.88964204391266e-55
"IAH1",0.0809860824755153,1.90590282234573e-55,1.05872489248227e-54
"MTIF3",0.0809644761251797,2.03616334703634e-55,1.13010588534474e-54
"MAN2B1",0.0808976352041095,2.49796430430069e-55,1.38401890987852e-54
"ABCE1",0.0808594616467405,2.80706658456348e-55,1.55393780902151e-54
"ZBTB20",0.0808173892400421,3.19202414926432e-55,1.76399887525236e-54
"EIF5A",0.0807214141187177,4.27836615993027e-55,2.3623061344331e-54
"SMIM20",0.080712345116602,4.39835976901995e-55,2.42647259484368e-54
"TMEM176B",0.0806835026814179,4.80271062735531e-55,2.64499496867911e-54
"NDUFV1",0.0805632809039186,6.92702584818086e-55,3.81164647014823e-54
"ECI2",0.080525967451255,7.76008000177183e-55,4.26638160165965e-54
"MRPS25",0.0804759493994014,9.03528773589929e-55,4.96321970150084e-54
"ATG4C",0.0804722966392234,9.13620443781003e-55,5.01436164867315e-54
"LYPLAL1",0.0804032170448905,1.12706934130088e-54,6.1805785416978e-54
"GRHPR",0.0803919330262009,1.16637452337898e-54,6.39065665414135e-54
"BID",0.0802037739093959,2.0643024280827e-54,1.13008228486165e-53
"TMED3",0.0802020271649459,2.07525875816927e-54,1.13511169585797e-53
"LMO4",0.08017185535561,2.27391461443427e-54,1.24271176884244e-53
"RTN1",0.0801507087831888,2.42432672670346e-54,1.32378555561952e-53
"MORF4L1",0.0801404334124944,2.50095050258535e-54,1.36446415175065e-53
"ZNF22",0.0801038973756879,2.79345968976362e-54,1.52275593623818e-53
"SPAG7",0.0800890662858289,2.92170212285252e-54,1.59131076572341e-53
"NSL1",0.0800438055025899,3.35044808522904e-54,1.82173516227369e-53
"MRPL12",0.0800259906116943,3.53590141584328e-54,1.9209435634251e-53
"TPMT",0.079975888372539,4.11409261672029e-54,2.23316567080181e-53
"TUBB4B",0.0797644094255303,7.78836600272079e-54,4.21689082476427e-53
"C1orf131",0.0797529653960552,8.06165672272206e-54,4.36117955590091e-53
"NDUFV3",0.0796859801612502,9.86395981931861e-54,5.33169049711442e-53
"TEX264",0.079503929230581,1.70540788210639e-53,9.21035098619073e-53
"IMP4",0.0793800180908714,2.47375302916505e-53,1.33262799623199e-52
"FUNDC2",0.0793472480118196,2.72918166626291e-53,1.46899576935762e-52
"EEF1E1",0.0792908936381591,3.23132563936505e-53,1.7378193882788e-52
"CAMLG",0.0792853352306272,3.28558313426301e-53,1.76551937934937e-52
"SUB1",0.0792692674404769,3.44758119003862e-53,1.85101932345504e-52
"TADA3",0.0790991741674961,5.73485119713268e-53,3.07648873585312e-52
"TMED2",0.0790858764791167,5.96733163074942e-53,3.19852963599735e-52
"MPLKIP",0.079047226230589,6.69768533084619e-53,3.58700743595235e-52
"JPT1",0.0789257245211789,9.62498151779602e-53,5.15044882553622e-52
"CALM2",0.0788442307897046,1.22711565728456e-52,6.5609783809481e-52
"SDHC",0.078832330624403,1.27139333796549e-52,6.79205633337767e-52
"KTN1",0.0787282683448304,1.73300100175264e-52,9.25036142033689e-52
"DYNC1I2",0.0787121493586918,1.8181072293902e-52,9.69657189008109e-52
"EID1",0.0787037947563863,1.86384304794862e-52,9.93224002959996e-52
"MRPL32",0.0786531172575397,2.16687535794518e-52,1.15293084599696e-51
"NDUFAF8",0.0786530767483271,2.1671362223696e-52,1.15293084599696e-51
"USF2",0.0785220378088703,3.19787224082173e-52,1.69847254115167e-51
"FKBP3",0.0785169981223046,3.24604206535339e-52,1.72263076024048e-51
"ARF4",0.0785134788419325,3.28010743047301e-52,1.73927018792685e-51
"POLR1D",0.0783731472788122,4.97178545385225e-52,2.62975890122968e-51
"CEBPA",0.0782600070287915,6.94867311281737e-52,3.66935692936924e-51
"SVBP",0.0781956091294023,8.40545961376277e-52,4.43498592778799e-51
"CHD9",0.078180907034404,8.77855718075379e-52,4.62803803383043e-51
"SDHD",0.0781203891030566,1.04960426863056e-51,5.52894990766312e-51
"ARL14EP",0.0780854709470779,1.16352005484744e-51,6.1239907070559e-51
"EIF1AX",0.0780005117438573,1.49474412688728e-51,7.86088386730229e-51
"SSNA1",0.0779626943651853,1.6709174331942e-51,8.78018530006058e-51
"LHFPL2",0.0779541705561912,1.71339750994535e-51,8.99603799002404e-51
"RB1",0.0779352369765926,1.81164267187139e-51,9.50408780272022e-51
"RAB4A",0.0778951129884776,2.03876955968411e-51,1.06868835742919e-50
"TMEM126A",0.0777861299544224,2.80906137368287e-51,1.46886208423385e-50
"EMC4",0.0776748841189966,3.89441889800617e-51,2.0347387336814e-50
"CISD1",0.0776527653228683,4.15554886257123e-51,2.1694061433895e-50
"NDUFS2",0.0776421167986904,4.28740799631984e-51,2.23642355320228e-50
"CUEDC2",0.0775594990109692,5.46245659953676e-51,2.84704480443768e-50
"LSM10",0.0775004305393863,6.49423649818168e-51,3.38206342307903e-50
"UBE2A",0.0773555436087302,9.92186497141222e-51,5.16291043443478e-50
"CBX5",0.0773422086180934,1.03161297721034e-50,5.36371868863983e-50
"C17orf49",0.0772873834354846,1.21077898719516e-50,6.29016840635154e-50
"CARD16",0.0770220893341493,2.62363121289056e-50,1.35861322533542e-49
"EIF4A3",0.0769107458073471,3.62667245732822e-50,1.87651052308208e-49
"ARF3",0.0768461140104529,4.37554668560924e-50,2.26216821392981e-49
"TAOK3",0.0768157961737102,4.77804629275013e-50,2.46827254543356e-49
"PLAAT4",0.0767527820382038,5.73635820889871e-50,2.96093920098907e-49
"ELP5",0.0766854733520469,6.9720472514195e-50,3.59298435061104e-49
"EIF4E2",0.0766651412175234,7.3950056203023e-50,3.80789374477204e-49
"SNRPC",0.0765982920667836,8.97403954053865e-50,4.61357673814872e-49
"CMC1",0.0765674164023437,9.81257846815197e-50,5.03660027613304e-49
"C9orf16",0.0765348068435739,1.07830074908323e-49,5.53027786260434e-49
"COMMD1",0.0765230931639244,1.11544385402048e-49,5.71620428705703e-49
"NDUFA9",0.076413796281504,1.5295832429023e-49,7.8322474752284e-49
"MRPL14",0.076329278047932,1.95198341505195e-49,9.98718149200421e-49
"SNF8",0.0762684998118284,2.32573272740024e-49,1.18899610988048e-48
"GLA",0.0762659586392245,2.34282355939111e-49,1.19677993288642e-48
"ZDHHC24",0.0762571828070563,2.40281312712504e-49,1.22547289536043e-48
"ARF6",0.0762560246428316,2.41084344159026e-49,1.22859186030525e-48
"SDHB",0.0762321592378168,2.58239570848762e-49,1.31497229092512e-48
"RNF13",0.0760211246035567,4.73808796232808e-49,2.40884091650531e-48
"CDC26",0.0759810039220046,5.31655861734912e-49,2.69865823488227e-48
"TTC3",0.0759653673472065,5.56059256545668e-49,2.82029738339684e-48
"SH3BGRL",0.0759507571293954,5.79867260214077e-49,2.93640753080783e-48
"CHMP3",0.075896947186628,6.76639303940836e-49,3.42105419549598e-48
"POP5",0.0758838443416749,7.02540939201819e-49,3.54921469757391e-48
"UPF2",0.0758676425878945,7.35936960539407e-49,3.71500514462693e-48
"ACADM",0.0758509785449491,7.71934721257295e-49,3.89365815376321e-48
"TMEM9B",0.0758484534037059,7.77540378816339e-49,3.91885237273027e-48
"LARP7",0.0758421530855076,7.91703994131041e-49,3.98710582915601e-48
"NME3",0.0757904023393619,9.18194855020868e-49,4.6205005410305e-48
"ZNF428",0.075765663202001,9.85580167572769e-49,4.95570717488001e-48
"MEAF6",0.0757322917530301,1.0843395287763e-48,5.44802068647513e-48
"MPG",0.0757281761301894,1.09718239552485e-48,5.50823337221242e-48
"ERGIC2",0.0757030144919912,1.17905854697262e-48,5.91465178840995e-48
"LMAN2",0.0757025801365748,1.18052407614419e-48,5.91737693167277e-48
"CYSTM1",0.0756851070382002,1.24100692211868e-48,6.21569118837897e-48
"MRPL36",0.0756094767866708,1.54042093025156e-48,7.70931410958969e-48
"PHACTR1",0.0755803917516785,1.67383250592805e-48,8.36394809815762e-48
"CISD3",0.0755694781803947,1.72680746359855e-48,8.62194294665238e-48
"MRPS7",0.0755289586208762,1.93850828098328e-48,9.67143789330382e-48
"FHL3",0.0755082600256263,2.05642570018713e-48,1.02517694579647e-47
"LIMS1",0.0754429323614325,2.47746295568819e-48,1.23411508724343e-47
"C12orf57",0.0754222053439402,2.62820006226717e-48,1.30818709072973e-47
"PRDX5",0.0753955513154361,2.83553109639148e-48,1.41029205538355e-47
"CMTM3",0.0753742261744033,3.01306964491441e-48,1.49743259812323e-47
"DCTD",0.0753659972295383,3.0844991919633e-48,1.53174510956939e-47
"MRPL22",0.075362974238385,3.11116079014635e-48,1.54379022657223e-47
"TOMM22",0.0753572921131478,3.16189722004466e-48,1.56775367571921e-47
"NOP56",0.0752512165060691,4.27563410070953e-48,2.11670280788213e-47
"LENG1",0.0751693994409394,5.39456386013703e-48,2.6685830167031e-47
"MRPL43",0.0751249550932356,6.11999445240929e-48,3.0251066569074e-47
"NDUFA7",0.0751126589060279,6.33731151833417e-48,3.13011475763141e-47
"SWAP70",0.0750952360924962,6.65844730943968e-48,3.28619984133577e-47
"ADRM1",0.0750876813535557,6.8026818106141e-48,3.35480449630285e-47
"AC020916.1",0.0750865919495915,6.82373559013905e-48,3.36260273013304e-47
"TMEM14B",0.0750825981586445,6.90147563137336e-48,3.39830143138077e-47
"CCT6A",0.0750748825723657,7.05416631192442e-48,3.47082293384257e-47
"RAB34",0.0750603342120708,7.35128215968803e-48,3.6142395660198e-47
"PIAS2",0.0750467918404593,7.63903346380071e-48,3.75283604163441e-47
"PPP1R7",0.0749856167852652,9.08507230251729e-48,4.45981820144996e-47
"ZCRB1",0.0749173528474466,1.10222494457054e-47,5.40663244982003e-47
"ATF3",0.0749086788921694,1.12961595676006e-47,5.53675781403554e-47
"UBAC1",0.074803563118497,1.52062923231439e-47,7.44760088131993e-47
"TRAPPC3",0.0747162664126942,1.94578222452432e-47,9.52260774412514e-47
"EIF6",0.0746578024723632,2.2947280020664e-47,1.12217796198613e-46
"SEPTIN6",0.0746039282991778,2.67112697200872e-47,1.30425804051811e-46
"CCDC115",0.0745797671004584,2.85931440001086e-47,1.3950845011764e-46
"ZNF562",0.0745326995819291,3.26462614875832e-47,1.59162928346758e-46
"LSM1",0.0745109140774852,3.47111089491885e-47,1.69101347773723e-46
"PPIH",0.0744879771930802,3.70256570690943e-47,1.80240224397048e-46
"MCUR1",0.0744686806213427,3.90913836016486e-47,1.90151870498997e-46
"TMEM176A",0.0744547686862741,4.0651454161306e-47,1.97590704468893e-46
"TIMP2",0.074390681269879,4.86771595534606e-47,2.36242553475797e-46
"YIF1B",0.0743845459619151,4.95236614890238e-47,2.40169170153875e-46
"RSL24D1",0.0743757269827293,5.07661616657493e-47,2.46008831757891e-46
"TMEM141",0.0743203227779671,5.93134890487172e-47,2.86994981701787e-46
"ESRRA",0.0742993380869209,6.29124105816975e-47,3.04179371734869e-46
"POLR2H",0.0742793631336598,6.65397962668076e-47,3.21475401240841e-46
"PSENEN",0.0742702496167825,6.82632076061976e-47,3.29553604214721e-46
"GTF3A",0.0742189290453549,7.88311027234137e-47,3.80285981258212e-46
"PEPD",0.0741583039587685,9.34299457799829e-47,4.50373051934163e-46
"MPC1",0.0741014736272859,1.09547141252295e-46,5.26877405003542e-46
"PPIG",0.074077130920374,1.1727069982343e-46,5.63602104919198e-46
"ATP1A1",0.0740701287552917,1.19591088530183e-46,5.74323670665909e-46
"RRAGA",0.0740028464175398,1.4435168580141e-46,6.9271534487797e-46
"RPLP1",0.0738994733092106,1.92680097127368e-46,9.23942827480712e-46
"FUCA2",0.0737986190683754,2.55285824582607e-46,1.22323663220463e-45
"GLS",0.0737405899434696,3.00093154719914e-46,1.43686394080818e-45
"SS18L2",0.0737348332622088,3.04943977598755e-46,1.459001163515e-45
"MRPS22",0.0737324993768406,3.06932766056269e-46,1.4674222257951e-45
"KDSR",0.0736752469202196,3.59973775315846e-46,1.7197257948075e-45
"TM7SF3",0.073655912570704,3.79871839730291e-46,1.81343580633151e-45
"GUSB",0.0736506859566042,3.85436280379815e-46,1.83863135681553e-45
"YWHAQ",0.0735566744977715,5.00579586962073e-46,2.38612082462754e-45
"POLR2F",0.0735048407294404,5.78097730794566e-46,2.75358206442311e-45
"HMGA1",0.073483066984876,6.14121374083155e-46,2.92299906240172e-45
"IFI27L2",0.0733819098251772,8.13053037119468e-46,3.8641098415989e-45
"ICAM2",0.0733607114586348,8.62254324076704e-46,4.09491024668848e-45
"DECR1",0.0733392736633533,9.15024200152749e-46,4.34230419244086e-45
"EIF3I",0.0733139974111931,9.81384276286628e-46,4.65377791327051e-45
"HIKESHI",0.0732667508251116,1.11852855517397e-45,5.30020621122319e-45
"DCK",0.0731907173982978,1.38035433203669e-45,6.53605416557002e-45
"PDCD7",0.0731528370592417,1.53272086298848e-45,7.25216597119032e-45
"COX17",0.0731254229306534,1.65332016364356e-45,7.81702444357929e-45
"SNRNP25",0.0731226729271926,1.66592704380889e-45,7.87083056927676e-45
"HINT2",0.0730739508538645,1.90583091650019e-45,8.99765353956233e-45
"CALML4",0.0730411525726556,2.08638621837717e-45,9.842833806697e-45
"TMEM218",0.0730025549451644,2.32077595432291e-45,1.09325246130219e-44
"ABCA1",0.0729913653725681,2.39349944206189e-45,1.12668322966024e-44
"OSBPL1A",0.0729213118548797,2.90321671485078e-45,1.36461820091448e-44
"CAPZB",0.0729072676851361,3.01772068065802e-45,1.41740087021243e-44
"MRPL54",0.0728859371305162,3.20028292432533e-45,1.50204939593791e-44
"NDUFB1",0.0728713969933913,3.33098538694541e-45,1.56225162592411e-44
"DNAJB1",0.072867790265079,3.36422036509737e-45,1.57668647644008e-44
"EXOSC8",0.0728634844797592,3.4043292803295e-45,1.59431946442293e-44
"MRPL35",0.0727322521968254,4.8838269987808e-45,2.28553129279195e-44
"SLC66A3",0.0726727819572225,5.75031411667497e-45,2.6890681758445e-44
"POLR3K",0.0726317708132921,6.43535517788443e-45,3.00722788210535e-44
"SELENOS",0.0725686751395773,7.65106657924027e-45,3.57272512171802e-44
"PTGES2",0.0725584866430948,7.86775372729306e-45,3.67123693922271e-44
"AP2M1",0.0724910195919124,9.46505437794089e-45,4.41335675064453e-44
"BMP2K",0.0723592389981742,1.35737631019516e-44,6.32456529136684e-44
"FADS1",0.072263900196634,1.76116814381824e-44,8.20003977557173e-44
"ATP5F1A",0.0722475363661474,1.84161250504718e-44,8.56837261231524e-44
"NTAN1",0.0722314830572658,1.92408091066404e-44,8.94558197305833e-44
"MYC",0.0722228382781417,1.97000200205498e-44,9.15244956204545e-44
"DERA",0.0720584882024389,3.08300600355479e-44,1.4302651134351e-43
"POLR2E",0.0718969558220287,4.7831651634019e-44,2.21579694500986e-43
"SLC7A7",0.0718398103488023,5.5858784166938e-44,2.5857861415229e-43
"SH2B3",0.0718343623618704,5.66907246722461e-44,2.62240583631673e-43
"GLOD4",0.0718121114796148,6.02184999192425e-44,2.78358714324106e-43
"MRPS11",0.0718053098516901,6.13398318162654e-44,2.83337912838847e-43
"ITGAV",0.0717494620666587,7.13682878596241e-44,3.29423694177949e-43
"SYS1",0.0717311471156437,7.49998892036664e-44,3.45937662926473e-43
"MPHOSPH8",0.0716874402914121,8.44263635562097e-44,3.89137606736093e-43
"KCNK6",0.0716535667739873,9.25349753649274e-44,4.26205600819364e-43
"PARP1",0.0715947391493791,1.08499956334735e-43,4.99379999887849e-43
"CLPP",0.0715680955767971,1.16605119496916e-43,5.36299961786534e-43
"COX7A2L",0.0714179092344503,1.74930863389582e-43,8.03980243200258e-43
"NCBP2",0.0713973466873641,1.84907616622964e-43,8.49224959379341e-43
"ERP29",0.0713932119574348,1.8698108087414e-43,8.58133487044694e-43
"ANXA4",0.071314751015518,2.31016541209484e-43,1.05947257212298e-42
"AKT1",0.0712654304588919,2.63830754023037e-43,1.20823563012977e-42
"NOL7",0.0712509782220947,2.74296534957638e-43,1.25437389044063e-42
"GIMAP2",0.0712497027722059,2.75239765278193e-43,1.25779083620006e-42
"PCBP2",0.0711738476823515,3.37543115350702e-43,1.54140685273317e-42
"BSG",0.0711314071094468,3.78328868312654e-43,1.72642817858748e-42
"UBE2D2",0.0711172710434246,3.9297392444744e-43,1.79198343941349e-42
"MARCKSL1",0.0710938810831627,4.18454672985638e-43,1.90682186212774e-42
"MRPS31",0.0710500172388062,4.7075177256218e-43,2.1420874984106e-42
"PDIA3",0.0709993250485448,5.39333978443255e-43,2.45242154903751e-42
"RPL28",0.0709730058028106,5.78772609366415e-43,2.62989027032218e-42
"STX7",0.0708347661885758,8.38125274558356e-43,3.80297861496918e-42
"RAB30-DT",0.0708079586216665,9.00441167369021e-43,4.08284843098208e-42
"CASP4",0.0707785043195768,9.74233975186342e-43,4.4143256954771e-42
"UTP6",0.070759242477293,1.02571353249293e-42,4.64430347528203e-42
"PIGF",0.0705852961626913,1.63192621333083e-42,7.37874459811884e-42
"UBE2V2",0.0705682038156734,1.70801121583112e-42,7.71597742517824e-42
"STOM",0.0705680051863328,1.70891582312629e-42,7.71597742517824e-42
"CAPG",0.0705066193578212,2.01259286633714e-42,9.08072843208093e-42
"UBE2E2",0.0704777713886492,2.17328788205699e-42,9.79888619204334e-42
"ELOVL1",0.070463161651924,2.25947495367682e-42,1.01803309710607e-41
"RCC2",0.070461697390119,2.26829829989634e-42,1.02129136085157e-41
"SRP19",0.07036626749688,2.92373495358257e-42,1.3154756986105e-41
"PDAP1",0.0703419372196293,3.119031347223e-42,1.40236195681729e-41
"HMOX2",0.0703159848460717,3.34166559458396e-42,1.50035874421628e-41
"SCP2",0.0702804614579732,3.67224076501338e-42,1.64762914323957e-41
"TCP1",0.0702506024329876,3.97512460969694e-42,1.78227809195077e-41
"UTP11",0.0700504333276052,6.75640420741436e-42,3.02717104712085e-41
"PSMA1",0.0699959081408662,7.80462741873521e-42,3.4943816830848e-41
"CD151",0.0699866597097061,7.99781957308056e-42,3.57838287174929e-41
"SERPINB6",0.0699857516980123,8.01704170887374e-42,3.58448359610689e-41
"EMC2",0.0699412135913826,9.01850026262988e-42,4.02943577193825e-41
"MRPL38",0.069898869795629,1.00856931618777e-41,4.50311811597822e-41
"FNTA",0.0698693285805751,1.09037096949252e-41,4.86496532702645e-41
"NDUFA5",0.0698414511869377,1.17360552553579e-41,5.2326984376912e-41
"COX4I1",0.0698138768048688,1.2621478279951e-41,5.61966722027522e-41
"RHOB",0.0697904836237566,1.34245185581223e-41,5.97307288966109e-41
"FKBP1A",0.0696903174035656,1.74784033153872e-41,7.77140926344589e-41
"BX284668.5",0.0696670827221418,1.85806851131888e-41,8.25579471511214e-41
"DCTN6",0.0696619926493608,1.88312475408848e-41,8.36133454825722e-41
"PFDN6",0.0695650168742079,2.43013366594188e-41,1.07677745861071e-40
"SLC31A2",0.0694609482340361,3.19381815689072e-41,1.41320946859385e-40
"DDT",0.0692690600655497,5.28049211887188e-41,2.33170250754866e-40
"TBXAS1",0.0692650413452708,5.33631130659192e-41,2.35472994106559e-40
"COA8",0.0692597214617036,5.41110689483159e-41,2.38609359706113e-40
"TGFBR1",0.0692338734714567,5.7896252048052e-41,2.55125242541416e-40
"CUTA",0.0692267283793963,5.89882653892042e-41,2.59758895495631e-40
"MAZ",0.0691199319136416,7.79761997485051e-41,3.43138064188209e-40
"TTC9C",0.0690822605261758,8.60336434152352e-41,3.78076613802842e-40
"DCTN3",0.0690623573056019,9.06196241346639e-41,3.97957226863794e-40
"FDX1",0.0690589000483935,9.14406472196638e-41,4.01288093407225e-40
"ETFB",0.0690300765042094,9.85799132067343e-41,4.32027816348639e-40
"MRPS10",0.0689830497719872,1.11436522773559e-40,4.88038723628093e-40
"GPR183",0.0689567815900595,1.19330119906725e-40,5.21896420805416e-40
"MSRA",0.0689287528650135,1.28366646395381e-40,5.61035697052294e-40
"PSMD9",0.068882706155376,1.44712405343696e-40,6.31615505227994e-40
"CLN6",0.0688605346877487,1.53305289472336e-40,6.68665355033655e-40
"SRGAP1",0.0688266066877058,1.67446681711924e-40,7.29849123548711e-40
"DNAJC15",0.0687868841812065,1.85659209050432e-40,8.08682610500729e-40
"ACAA1",0.0687248350306838,2.18126135704607e-40,9.49455418372294e-40
"ZNHIT1",0.0687197727016317,2.21011672509009e-40,9.6136331580868e-40
"MRPL2",0.0687018668248859,2.31525996583867e-40,1.00641652715589e-39
"PNISR",0.0686833516144495,2.42921339325184e-40,1.05523582471928e-39
"SYPL1",0.0686692265637771,2.51988232500682e-40,1.09388125827089e-39
"ZNF791",0.068656499063778,2.60445851555351e-40,1.12983136144634e-39
"RPP30",0.0686110880212848,2.9298820075235e-40,1.27014344326154e-39
"MCRIP1",0.0684998328070944,3.90823251866907e-40,1.69198514438467e-39
"MAP3K13",0.0683960585808721,5.1110949168277e-40,2.20975640069855e-39
"NTMT1",0.0683716682965386,5.4434906896542e-40,2.35029853733656e-39
"MESD",0.0683059433826504,6.45009299570378e-40,2.77930132037847e-39
"CD48",0.0683028797327162,6.50128355766485e-40,2.79947887959582e-39
"SFT2D2",0.0682992673902942,6.56216141943745e-40,2.82379796560099e-39
"NDUFA11",0.0682972257177607,6.59681956327185e-40,2.83680927064023e-39
"SRSF3",0.0682458892647699,7.53068906816501e-40,3.2362291400768e-39
"TMSB10",0.0682202956217623,8.04424171584346e-40,3.45460875828994e-39
"NUDT1",0.0681753080101847,9.03274555786618e-40,3.87393686492443e-39
"PGLS",0.0681741534576063,9.05964371848718e-40,3.8828773612434e-39
"TRIM69",0.0681217340800988,1.03685508627169e-39,4.44089601703551e-39
"BTN3A2",0.068075907317146,1.16658755306908e-39,4.99321263541777e-39
"JAGN1",0.0680647196404289,1.20063606047672e-39,5.13552064267909e-39
"DTWD1",0.0679310762651034,1.69239457032975e-39,7.22448673535308e-39
"NECAP2",0.0678339529154161,2.17103720394098e-39,9.25539847208327e-39
"MFSD12",0.0677646491249929,2.59272243291045e-39,1.10457550661045e-38
"NUP42",0.0677471173911018,2.71171882174717e-39,1.15450484142865e-38
"FCHO2",0.0676875425329733,3.15814212952615e-39,1.34189668232051e-38
"H2AFV",0.0676266332639848,3.69012546216729e-39,1.5668990711625e-38
"UQCRFS1",0.0675837617180273,4.11710792025048e-39,1.74704791113274e-38
"PSMB7",0.0675603136935777,4.3710621117292e-39,1.85358456767049e-38
"TAF10",0.0675152876493898,4.90318284617508e-39,2.07786136995108e-38
"ORMDL1",0.0674500230605554,5.7907605444815e-39,2.44753093895871e-38
"TMA16",0.0674170512352969,6.29816111585274e-39,2.66023711121206e-38
"SELENOT",0.0672894438335387,8.71412257559757e-39,3.67585867488718e-38
"PNP",0.0672460887547635,9.72907678360893e-39,4.10129807119809e-38
"LIMK1",0.0672333978366685,1.00478209712507e-38,4.23288373943168e-38
"PLEKHJ1",0.0671942990311229,1.10965506607488e-38,4.67161870337035e-38
"HMGN2",0.0671841914432947,1.13849216948106e-38,4.78674034036075e-38
"TRPV2",0.0671307372795304,1.3038486090632e-38,5.47838420153865e-38
"MPV17",0.0671158404698363,1.35404316561121e-38,5.68556344932038e-38
"RDH11",0.0671146503992608,1.35813498430284e-38,5.69901508128648e-38
"LILRB1",0.0670540591722237,1.58354843743931e-38,6.64055344745791e-38
"WDR18",0.0670333287644474,1.66891427632691e-38,6.99396080791212e-38
"GOLIM4",0.066982220366882,1.89942138855187e-38,7.94956792495028e-38
"DOK1",0.0669606320362237,2.00605184877344e-38,8.39037070516974e-38
"ARMCX3",0.0669356485550212,2.13689895750447e-38,8.93182000739328e-38
"SELENOF",0.0669009964686043,2.33253892496802e-38,9.73687035952818e-38
"CCDC124",0.0668460736210645,2.67971776427484e-38,1.11788486187174e-37
"ATP6AP1",0.0668119825520681,2.92057395377647e-38,1.21757001217867e-37
"TWF2",0.0667474876471814,3.43662089335916e-38,1.43084747902611e-37
"CHID1",0.0667425036767922,3.48008176179023e-38,1.44800289128704e-37
"MRPL42",0.0667313795126333,3.57906656399416e-38,1.48822366005097e-37
"GBP4",0.0667104232501863,3.77320318946615e-38,1.56793210256573e-37
"MS4A6A",0.0667064361335115,3.81130758497796e-38,1.58274106570994e-37
"RPL26L1",0.0666797536212541,4.07634273832663e-38,1.69170860343491e-37
"MRPS14",0.06666377430805,4.24375293497935e-38,1.76004646611684e-37
"ILF2",0.0666548832706212,4.33984263873236e-38,1.79873581202241e-37
"TMX2",0.066609414907834,4.86610300901167e-38,2.01555306041439e-37
"TIMMDC1",0.066578740065835,5.25650166481002e-38,2.17444968932438e-37
"TMEM19",0.0665590538964708,5.52329090492833e-38,2.28186957154025e-37
"ITPA",0.0665421138592814,5.76361078016605e-38,2.3796220569849e-37
"FAM174C",0.0664951220020011,6.4860486705026e-38,2.67445297364683e-37
"NDUFB6",0.0664670987946244,6.95899826322737e-38,2.86762574546351e-37
"STX8",0.0664191859965089,7.84834730818039e-38,3.22995486396956e-37
"TCOF1",0.0664158403767653,7.9145092768904e-38,3.25509561029031e-37
"MIF4GD",0.0663987068783371,8.26212552806796e-38,3.39588708443844e-37
"ANKRD49",0.0663871786997229,8.50451612360027e-38,3.49327627714592e-37
"ZDHHC12",0.0663347899806744,9.69817566285644e-38,3.97848433841988e-37
"NDUFB7",0.0662860717422201,1.09570540334298e-37,4.49204208808214e-37
"THUMPD3-AS1",0.0662637029818023,1.15882334221997e-37,4.74777175203277e-37
"INTS6",0.0662406168325084,1.22775626888821e-37,5.02698418710068e-37
"TRMT10C",0.0662117039021536,1.31986214073691e-37,5.40066039219898e-37
"KDM2B",0.0661687932910967,1.46936426257062e-37,6.00473955965167e-37
"VRK2",0.0661545100978885,1.52277006977617e-37,6.21902785976061e-37
"MGMT",0.0661313206266056,1.61361577854586e-37,6.58585167630422e-37
"METTL23",0.0660767083084476,1.84940509500297e-37,7.54340946569552e-37
"TMEM161B-AS1",0.0660065734896411,2.20306824221654e-37,8.98023242824734e-37
"AIDA",0.0659940153179964,2.27314479533247e-37,9.2599980995893e-37
"EMC6",0.0659577782856185,2.48801762571281e-37,1.01288839381811e-36
"EBAG9",0.0659116033677663,2.79129914896612e-37,1.13563572224265e-36
"MRPL20",0.0658042063991039,3.64632739034854e-37,1.48162359319039e-36
"FMC1",0.0657851348967005,3.82334873481045e-37,1.55256996724961e-36
"SMCO4",0.0657630757470613,4.03877817384911e-37,1.63901333101935e-36
"MRPL19",0.0657205883196172,4.48827777307348e-37,1.81797917879037e-36
"TMEM60",0.0657175806065029,4.52192052123146e-37,1.83045060342089e-36
"MTHFD2",0.0656164805468586,5.81102061144145e-37,2.34930738771319e-36
"CMTR2",0.0655549911705904,6.76740141393998e-37,2.73423472744577e-36
"RHOG",0.0655452388697347,6.93283455032557e-37,2.79931192415915e-36
"PITHD1",0.0655119812747905,7.52781094626614e-37,3.03763742334865e-36
"CRELD2",0.0655056807684683,7.64611521954599e-37,3.0834365335391e-36
"EMG1",0.0655021474684732,7.71326657924325e-37,3.10856271183572e-36
"SDCCAG8",0.0654802088977406,8.14353194851372e-37,3.27990589966504e-36
"RAB4B",0.0654162406303531,9.53907065824363e-37,3.83715845412484e-36
"ZNHIT3",0.0654148631497435,9.57160036536526e-37,3.84783132482353e-36
"RPL22L1",0.065400672634083,9.91319990677297e-37,3.98266065133722e-36
"NAA38",0.0653570809251278,1.10401769377051e-36,4.42987962678647e-36
"NFKBIE",0.065346397975255,1.13352531458094e-36,4.54543651146959e-36
"MZT1",0.0653420418556054,1.14578121839985e-36,4.59171286524263e-36
"DCAF13",0.065290041202374,1.30265971140348e-36,5.21714401271206e-36
"TRAM1",0.0652895305364711,1.30430165320759e-36,5.22046126449152e-36
"CEPT1",0.0652839070669041,1.32251936816669e-36,5.29007747266676e-36
"THYN1",0.0652825926412853,1.32681389447173e-36,5.30394887659228e-36
"AC025164.1",0.0652793342994754,1.33751948812804e-36,5.34341533986892e-36
"NFU1",0.0652730063091398,1.35855655767077e-36,5.42408143995995e-36
"NEU1",0.0652719334372086,1.36215572325553e-36,5.43506910473102e-36
"TIPRL",0.0652227217072622,1.53784250208669e-36,6.13225450179502e-36
"SLC25A11",0.0652123699134619,1.57757219875657e-36,6.28677219082122e-36
"EIF3H",0.0651366859076654,1.9007498418704e-36,7.56996336774703e-36
"ACP1",0.0651069571392553,2.04498909229811e-36,8.13936105222375e-36
"SARNP",0.0650252907100386,2.49965192545199e-36,9.94281881816489e-36
"DNAJC8",0.0649993857160399,2.66387227159085e-36,1.05894699470427e-35
"PSMF1",0.0649947801593333,2.69417110723127e-36,1.07032828631553e-35
"BLVRB",0.0649803213316753,2.79153519032248e-36,1.10832238744487e-35
"GNPTG",0.0649684099676666,2.87436573158205e-36,1.14050281594499e-35
"TXNL4A",0.0648899634040626,3.48431482862601e-36,1.38166649817457e-35
"IL13RA1",0.0648156416801493,4.18028066591063e-36,1.65559757731374e-35
"MILR1",0.0648033161129026,4.30836741142661e-36,1.70527361577502e-35
"AIMP1",0.0647935789621485,4.41230663142889e-36,1.74533658121133e-35
"CBWD1",0.0647898172279592,4.45312521600525e-36,1.76039749759024e-35
"ATP2C1",0.0647716279231606,4.65585323624888e-36,1.83940605688256e-35
"MRPS34",0.0647337916603587,5.10740297696348e-36,2.01655984616601e-35
"HIGD1A",0.0647305727752224,5.14776953095802e-36,2.03124780508159e-35
"MAF1",0.0647291522525867,5.16568432498233e-36,2.03706395999303e-35
"PTPMT1",0.0647004677499532,5.54098836779106e-36,2.18238068555847e-35
"PDHA1",0.0646992249208493,5.55784799088306e-36,2.18767808033777e-35
"GCC2",0.0646832533381208,5.77910183045086e-36,2.27337322772365e-35
"SNHG25",0.0646816182109593,5.80224126798596e-36,2.28107720437487e-35
"MDFIC",0.0646547131249819,6.19648110515891e-36,2.43457579734841e-35
"STIP1",0.0646143223337998,6.8388350196739e-36,2.6853100052771e-35
"BCAP31",0.0645949813445339,7.16943667902284e-36,2.81340096223918e-35
"FRG1",0.0645142983205973,8.72869217875284e-36,3.4231839253593e-35
"GNPDA1",0.064390626440758,1.17962269324492e-35,4.61491414625572e-35
"IDH3G",0.0643161732831261,1.41371996819208e-35,5.52737801092042e-35
"TAPBPL",0.0642975904062691,1.47901378275959e-35,5.77914277112394e-35
"TP53I3",0.0642321669872712,1.73365524012503e-35,6.76178238336912e-35
"TAF9",0.0641907828593945,1.91675741030932e-35,7.46685825412542e-35
"SMIM19",0.0641734028729617,1.99926904585056e-35,7.78356201345703e-35
"CBX3",0.0641619384957886,2.05561834946949e-35,7.99808813232035e-35
"ISCA2",0.0641296919502076,2.222718617583e-35,8.64300766691668e-35
"BRIX1",0.0641246266754559,2.25016590349536e-35,8.74443636391655e-35
"HSPA5",0.064020373221843,2.89617331036091e-35,1.12344909064544e-34
"DMAC1",0.0640157471943236,2.92876243778907e-35,1.1354042175743e-34
"NAGA",0.0640129508060946,2.94863866654596e-35,1.14241942539607e-34
"TMEM50B",0.0639723993739821,3.25239767793123e-35,1.25858766595939e-34
"CCS",0.0639658285840897,3.30446336958445e-35,1.27719499875023e-34
"CALM3",0.0639460704189009,3.46606468231736e-35,1.33804277988858e-34
"PSMD3",0.0638822316199045,4.0438064716068e-35,1.56013603859466e-34
"ZSWIM7",0.0636942536130898,6.36141608009706e-35,2.45281523857589e-34
"HNRNPAB",0.063598869065266,8.00157623563086e-35,3.08151939542663e-34
"PUM3",0.0635471359996025,9.06034132086531e-35,3.4871715605682e-34
"IVD",0.0635116867150589,9.86508320067494e-35,3.79462672754978e-34
"PDCD2",0.0634344761780578,1.18719590637997e-34,4.56383998522104e-34
"COA1",0.0633239981348841,1.54677012637989e-34,5.94256115619963e-34
"METTL5",0.0632924815420665,1.66789330594771e-34,6.40407148471603e-34
"GPS2",0.0632616460131564,1.79550865078813e-34,6.88994228675635e-34
"SRRM1",0.0632341407725904,1.91750058666328e-34,7.35366632637874e-34
"AL021155.5",0.0632317013711059,1.92870937623866e-34,7.39223378610947e-34
"SUMF2",0.0632030727601152,2.06522081223215e-34,7.91072043658596e-34
"ATP8B4",0.0631647105526503,2.26330443392759e-34,8.66429668739822e-34
"RFX5",0.0631502347170839,2.34285945129533e-34,8.9634980557608e-34
"ATP5F1D",0.0631065923616788,2.59990805655546e-34,9.93508641504457e-34
"FNIP2",0.0629333778117124,3.92730610256176e-34,1.49718336031113e-33
"KRT10",0.0628856298767772,4.39935554698741e-34,1.67614401362656e-33
"PNKD",0.0628766624701088,4.49410005874112e-34,1.71122528052718e-33
"EI24",0.0628058316977967,5.31726762164821e-34,2.02160077433098e-33
"PSMB3",0.06280572015818,5.31867535391317e-34,2.02160077433098e-33
"PRPF38B",0.0627701980308671,5.78636132892605e-34,2.19806360487801e-33
"GATAD1",0.0627529073728988,6.0285715907608e-34,2.28871688321428e-33
"CWF19L2",0.0627430350945076,6.17135305228614e-34,2.3415376217308e-33
"MRPL47",0.0625859244967911,8.95263245228348e-34,3.39279916207034e-33
"PLAGL1",0.0625697456621085,9.30177781683108e-34,3.52303462058962e-33
"CLN5",0.0625426946998119,9.91601083029412e-34,3.75345873080632e-33
"RPL23",0.0625329364977362,1.01473354186145e-33,3.83875613477775e-33
"EIF2S1",0.0625245744151191,1.03498234115697e-33,3.91305050139255e-33
"EXOSC1",0.0624347444462576,1.27950453883491e-33,4.83184292004991e-33
"ERLEC1",0.0624219325822925,1.31876675533786e-33,4.97718088367512e-33
"MED21",0.0623946120690678,1.40653250198434e-33,5.30529837315197e-33
"ZNF385A",0.0623868479417182,1.43251639232417e-33,5.40013229914916e-33
"NFIC",0.0623461586911263,1.57668871272798e-33,5.93664012961426e-33
"SLC25A13",0.062342707248282,1.58956153258177e-33,5.98159929210828e-33
"PWP1",0.0623240029529161,1.66116009482165e-33,6.24736410807485e-33
"SLC52A2",0.0623050076326626,1.73715073489672e-33,6.52550299478767e-33
"ITGB1BP1",0.0622963588561321,1.77288444560189e-33,6.65583768460018e-33
"SLC50A1",0.0622060089803742,2.19273173526165e-33,8.22723205464254e-33
"ILK",0.062180337390894,2.32910103266964e-33,8.73378855967764e-33
"HM13",0.0620980973290021,2.82525605539196e-33,1.05819281093957e-32
"TMED4",0.0620957733564148,2.84070560646971e-33,1.06335864475552e-32
"DNPEP",0.062077168758995,2.96745010282633e-33,1.11015509386202e-32
"MALSU1",0.0620736329686281,2.99216534015026e-33,1.11874899897459e-32
"GUK1",0.0620660497728965,3.04586355603573e-33,1.1375006155719e-32
"TMBIM1",0.0620476856462853,3.17990204225388e-33,1.18617741297098e-32
"IPO7",0.0619957651264878,3.59139701150641e-33,1.3381186542291e-32
"NME4",0.0619797385704583,3.72878974155184e-33,1.38850348124182e-32
"UBE2V1",0.0619715087881117,3.80135793262935e-33,1.41470490114559e-32
"IKBIP",0.0619701898668236,3.81311754916338e-33,1.41825867799607e-32
"ZNF503",0.0619018646682815,4.47437702691772e-33,1.66228158683868e-32
"LUC7L3",0.061836494516483,5.21326570250685e-33,1.9356662469493e-32
"MED11",0.0617549872498197,6.30630848492018e-33,2.3401547275447e-32
"ZMAT5",0.0616455146895986,8.14015442640481e-33,3.01891507513372e-32
"PSMB10",0.061591873239884,9.22319320415177e-33,3.41860240311021e-32
"RSRC1",0.0615441087104325,1.03073497598667e-32,3.81824226670352e-32
"MRM2",0.0615383050845019,1.04474186670571e-32,3.86789602814993e-32
"PRKAG1",0.0615160830346191,1.10014372956012e-32,4.07065869022936e-32
"ATXN10",0.0614852264346513,1.18194127913109e-32,4.37079841320178e-32
"SLC35F6",0.0614355289238868,1.32656222567073e-32,4.90277836399967e-32
"PLXND1",0.0613286538322083,1.69980859448959e-32,6.27862518263974e-32
"PLAAT3",0.061264142157704,1.97379837586457e-32,7.28228313947504e-32
"AL360012.1",0.0612422412069975,2.07644807214366e-32,7.65660392578951e-32
"HEIH",0.0612184920770519,2.193757414788e-32,8.08451899671442e-32
"ZFHX3",0.0611590840154258,2.51682224359493e-32,9.26976550798223e-32
"MRPL45",0.0610475139527597,3.25647385164716e-32,1.19871120092761e-31
"USE1",0.0610326358760608,3.37018443699411e-32,1.23985684333453e-31
"SDAD1",0.0610304345241594,3.38734051372351e-32,1.2454542542149e-31
"MCM5",0.0609919205488894,3.70192106928083e-32,1.36033938032679e-31
"TPP1",0.0609899465282773,3.71880415809768e-32,1.36576116075299e-31
"IGBP1",0.0609890954862129,3.72610637951375e-32,1.36766009902519e-31
"AC008105.3",0.0609788100686207,3.81549253367262e-32,1.39966838742387e-31
"WBP1",0.0609400342769669,4.17203904176678e-32,1.52958871382718e-31
"MCRIP2",0.0609245576851856,4.32341451112665e-32,1.58418203902847e-31
"KPNB1",0.0609212032902142,4.3569359144301e-32,1.59555370017029e-31
"SYNJ2BP",0.0608755321312184,4.83985921152268e-32,1.77139399321903e-31
"PSME1",0.0608622632024294,4.98987406982013e-32,1.82525838266625e-31
"COPS5",0.0608421833229007,5.22571519512491e-32,1.91043810210378e-31
"MCOLN1",0.0608365818246491,5.29345764911883e-32,1.93410161029307e-31
"XPA",0.0608298701471898,5.37577533028749e-32,1.963060587315e-31
"YIPF3",0.0607243601821544,6.85010410597151e-32,2.50001524140576e-31
"CFDP1",0.0605241104375522,1.08384169442026e-31,3.95109563147751e-31
"LAMTOR5",0.0605218537221318,1.08945121537566e-31,3.96928960695642e-31
"ACADVL",0.0604721355944714,1.2206163797538e-31,4.44465079029533e-31
"DDX39A",0.0604192359972135,1.3774176122767e-31,5.01276880338476e-31
"ANKRD12",0.0603285706341204,1.69401314288206e-31,6.15795372506021e-31
"BBX",0.0602841232937975,1.87463191668001e-31,6.81066725788163e-31
"OAZ2",0.0602640525643778,1.96233808508741e-31,7.12527512955338e-31
"KATNBL1",0.060149908582644,2.5443810357144e-31,9.2178140740506e-31
"MED8",0.0600435174646697,3.23994098015535e-31,1.17178474231549e-30
"ETHE1",0.0599935710482161,3.62865479619868e-31,1.31015470863313e-30
"FBL",0.0599898617775795,3.65930413170803e-31,1.32047780140825e-30
"PPA2",0.0599790134020279,3.75042588458354e-31,1.35259879007802e-30
"TSFM",0.0599223945550136,4.2638350767216e-31,1.53689695799134e-30
"C20orf27",0.05988253343851,4.66656404412754e-31,1.68111594088278e-30
"MIEN1",0.059836623721339,5.17737683659237e-31,1.8640880911098e-30
"KCTD12",0.059822170345212,5.34940003720263e-31,1.92494395057162e-30
"MEA1",0.0598108515146662,5.48806723765854e-31,1.97373539219827e-30
"MRPL21",0.0597859231569785,5.80617429140857e-31,2.08580146997074e-30
"ARHGAP5",0.0597485771211012,6.31729908452709e-31,2.26814722587162e-30
"AC100810.1",0.0597317482679584,6.56198641211073e-31,2.35468147763436e-30
"TP53",0.0597219643286003,6.70854313888961e-31,2.40592581213615e-30
"MRFAP1",0.0597105554666033,6.88354775773111e-31,2.46730963204485e-30
"ZNF710",0.0596777775920495,7.41195366088556e-31,2.65522583407268e-30
"CEBPZOS",0.0596722331019395,7.50523395015799e-31,2.68714179822621e-30
"OLA1",0.0596655816063278,7.618677080543e-31,2.72623715274757e-30
"DNAJB11",0.0596182644547886,8.47631865539878e-31,3.03144149905455e-30
"ALG2",0.0594414675463175,1.26178217684598e-30,4.51008047166785e-30
"C11orf58",0.0594280105500398,1.30051258061905e-30,4.64592912987295e-30
"IFI35",0.0594059841587696,1.36646852225043e-30,4.87883252017739e-30
"CWC15",0.0593318510848167,1.61381129343178e-30,5.75234069925463e-30
"DUSP7",0.0593033819911736,1.72018872028452e-30,6.12811262040283e-30
"F13A1",0.0592886522354875,1.77793066962237e-30,6.33030142968765e-30
"IKZF1",0.0592701040546597,1.85338471678837e-30,6.59529469934231e-30
"CLTB",0.0592664906105067,1.86844992862871e-30,6.64521881490123e-30
"SEC62",0.0592583334839969,1.90290706269555e-30,6.76401757022419e-30
"TBCC",0.0592126029839002,2.10808910643539e-30,7.48920249550913e-30
"BUB3",0.0592078369099442,2.13069777119442e-30,7.565333093516e-30
"WASF2",0.059150960422171,2.41980509078973e-30,8.58709594165204e-30
"UTP18",0.0591447461415056,2.45366177345565e-30,8.70242893227829e-30
"VPS35",0.0591365638016811,2.49895888679674e-30,8.85818796557341e-30
"STAB1",0.0591343281525763,2.51147906544082e-30,8.89765305569758e-30
"GSPT1",0.0591234118538337,2.57351285477292e-30,9.11239430255136e-30
"MAT2A",0.0591219926836539,2.58168844215805e-30,9.13630063148707e-30
"GLIPR1",0.0590331937127473,3.14796205196181e-30,1.11341370040722e-29
"ID2",0.0590191435339552,3.24821609335625e-30,1.14823991487458e-29
"PIH1D1",0.0590167492280676,3.26561372117221e-30,1.15375427505732e-29
"UROS",0.0590094665086644,3.31910226455749e-30,1.17200661141447e-29
"FAM50A",0.0589975655228406,3.40838760222991e-30,1.20287210428532e-29
"AP2B1",0.0588708003536354,4.52065876332257e-30,1.59365640799328e-29
"LETMD1",0.0588466793311798,4.76991447235519e-30,1.68060248515271e-29
"ACTR10",0.0588420492544258,4.81929697848306e-30,1.69706967145704e-29
"NFE2L1",0.0588322198067677,4.9258220675559e-30,1.73362997177393e-29
"SPI1",0.058822291913326,5.03578580841968e-30,1.77135974489148e-29
"EVA1B",0.0588137735882954,5.1320764144561e-30,1.80424122055618e-29
"VPS25",0.0587567194327978,5.82583201549019e-30,2.04477780149809e-29
"BCAS2",0.0587285803768909,6.20149453341485e-30,2.1742507610049e-29
"YDJC",0.0586853315589521,6.82624823323774e-30,2.39198299642017e-29
"YWHAG",0.0586607360879257,7.20900001754759e-30,2.52472402361274e-29
"ANTKMT",0.0585665183913124,8.88268553706988e-30,3.10918223708894e-29
"FH",0.058542311005032,9.37166229069131e-30,3.2785488144534e-29
"FAM207A",0.058530396078164,9.62205472022691e-30,3.36431079482157e-29
"BRI3",0.0584744193595717,1.08901774501276e-29,3.80563063834525e-29
"SLC35D2",0.0584273698013666,1.2083363693713e-29,4.21800116751157e-29
"APPL1",0.0583855288149567,1.32529284635573e-29,4.62375144220684e-29
"STK17A",0.0583647644483803,1.38743789877675e-29,4.83793562964762e-29
"FARSA",0.0583383590185639,1.47065842317621e-29,5.12255398648131e-29
"ZCCHC17",0.0583303943974423,1.49671893856479e-29,5.21049848607256e-29
"DHRSX",0.0583191442230709,1.53431243704434e-29,5.33847537748184e-29
"CTNNBL1",0.0583123979868727,1.5573034414334e-29,5.41553326842097e-29
"NXT1",0.0582910045360117,1.6324966829986e-29,5.67394296756176e-29
"MAP1S",0.0582794345427524,1.67465240630278e-29,5.81416116820274e-29
"CD99",0.0582174098408696,1.91974944003163e-29,6.65789859850971e-29
"MRPL9",0.0582035254340514,1.97931489292573e-29,6.86076950459832e-29
"CLEC11A",0.0581174095514778,2.39194965880583e-29,8.27764240070022e-29
"GTF2F2",0.0580863140442952,2.56104554718363e-29,8.85326952086756e-29
"EXOSC7",0.0580609919012437,2.70746669179251e-29,9.35439218876724e-29
"CD2BP2",0.0580391279882988,2.84055344228484e-29,9.80892943256163e-29
"SGPL1",0.0580157819854667,2.98983269213191e-29,1.03188631267984e-28
"ISG20",0.0580035955955092,3.0708208166234e-29,1.05926808384171e-28
"SLC37A2",0.0579117081063003,3.75577763313e-29,1.29345514193033e-28
"LRRK1",0.057894713435613,3.89814430014152e-29,1.34176469043498e-28
"MTR",0.0578883668271391,3.95267291062767e-29,1.35980425708242e-28
"MED31",0.0578622751771853,4.18491090503882e-29,1.4389275652052e-28
"FBXO22",0.0577789811943682,5.02074022771895e-29,1.72446837800026e-28
"PTRH2",0.0577551403473944,5.28910394007147e-29,1.81567099408767e-28
"LAP3",0.0577225034675482,5.67969441445445e-29,1.94871226540854e-28
"EIF3M",0.0577012460004992,5.94935313505127e-29,2.04014162022923e-28
"PSMG3",0.0575685076616231,7.94499733019267e-29,2.72302899949339e-28
"FAM126A",0.0575263249659422,8.7087446087615e-29,2.9831983667813e-28
"MPHOSPH6",0.0574936649713694,9.34972208911001e-29,3.2010574665811e-28
"NIPSNAP3A",0.05746246413717,1.00057039219748e-28,3.42381847271415e-28
"STRAP",0.0574409719775855,1.0483923264827e-28,3.58363621028928e-28
"ALG3",0.0573948959475616,1.15869107736719e-28,3.95855269030238e-28
"CNOT7",0.057322760672056,1.35491689768221e-28,4.62647515461899e-28
"CCDC14",0.0572639527572284,1.53901132728502e-28,5.25228546588336e-28
"SYNGR2",0.0572478670849442,1.59355165492941e-28,5.43552760129033e-28
"NECTIN2",0.0572183480615538,1.69867401657295e-28,5.79101620102659e-28
"G6PC3",0.0572114975584681,1.72403693230196e-28,5.87436057230449e-28
"ADI1",0.0571759234516106,1.86190972139767e-28,6.34077111066211e-28
"NAXE",0.0571604392611096,1.92528625615848e-28,6.54964826061126e-28
"DTD1",0.0571140270098594,2.12835544920316e-28,7.23280114517344e-28
"ENDOG",0.0570977149799067,2.20465935616885e-28,7.48813892492289e-28
"RAD50",0.0570157114710466,2.63134849031691e-28,8.93266238829275e-28
"ANP32B",0.0570135868553521,2.64342911513472e-28,8.96892712993357e-28
"SRSF8",0.0569339971924113,3.13787332022308e-28,1.06352853790551e-27
"THOC7",0.0569178309372274,3.24899246218901e-28,1.1000282658261e-27
"SRSF1",0.0568470155203748,3.78356840505175e-28,1.27967184432325e-27
"SMIM29",0.0568085783346824,4.1093571711357e-28,1.3891272713386e-27
"CHORDC1",0.0568046977772843,4.14375591015846e-28,1.40001779460646e-27
"ADGRE2",0.0568038678158575,4.15114999707639e-28,1.40177780953906e-27
"MFAP1",0.0567482438364469,4.67771587556024e-28,1.57792981375366e-27
"ARL3",0.0567284037588473,4.88113844411573e-28,1.64568493207812e-27
"PARVB",0.0567020346557923,5.16514296979488e-28,1.74052296713256e-27
"ST3GAL5",0.056687787458679,5.32534859016425e-28,1.79356622333301e-27
"CLIC4",0.0566588137122842,5.66650888356338e-28,1.90746699879027e-27
"NUP62",0.0566419930273428,5.87442398288941e-28,1.9764186824446e-27
"CANX",0.0566183513199892,6.17950090293439e-28,2.07797053423622e-27
"HEXIM1",0.056526153898307,7.52688545730255e-28,2.52840298921744e-27
"CYB561A3",0.0564881920786746,8.16292823756141e-28,2.73919181862939e-27
"WDR46",0.0564834653217236,8.24576645075623e-28,2.76554299780721e-27
"TXNDC9",0.0564542606735179,8.77639909645795e-28,2.94043742051563e-27
"TBRG4",0.056408265316756,9.68157059004875e-28,3.24201236460088e-27
"PAK1IP1",0.0563302637794993,1.14330107477934e-27,3.82252198842326e-27
"MITD1",0.0563153342741406,1.18024250755508e-27,3.94192396068372e-27
"RUNX3",0.0563050562395831,1.20635995138462e-27,4.0270579854754e-27
"NASP",0.0562722303156447,1.29367302193735e-27,4.31403643905929e-27
"RABGGTB",0.0562578581080999,1.33384735173169e-27,4.44338764730557e-27
"DCPS",0.0562484198707243,1.3609004085183e-27,4.53115569333337e-27
"GLRX2",0.0562377024310564,1.39228032909147e-27,4.63323163456996e-27
"NSMCE3",0.0561352641686563,1.73085551162537e-27,5.75695643472699e-27
"TPGS2",0.0560840383127536,1.92961241698298e-27,6.41471153749369e-27
"SETDB2",0.0560499923088021,2.0740678550901e-27,6.88423143210453e-27
"TMEM80",0.0560388437852741,2.12366255877769e-27,7.04520112570718e-27
"C15orf61",0.0560229780816188,2.1962758237812e-27,7.27856698625008e-27
"ZNRD1",0.0559359982946664,2.64035639063101e-27,8.74575457010252e-27
"FAM32A",0.0559002544722718,2.84768804866291e-27,9.42382826425949e-27
"TNPO1",0.0559002017548764,2.84800545579787e-27,9.42382826425949e-27
"TRADD",0.0558924000300526,2.89536786189025e-27,9.57560835148857e-27
"BCAP29",0.0558890008776048,2.91624680156069e-27,9.63969061247469e-27
"RPN2",0.0558883461452735,2.92028554140192e-27,9.64807004821561e-27
"RUFY3",0.0558726059778174,3.01906634718696e-27,9.9692895952401e-27
"SUCLA2",0.0557739689099797,3.71806003492944e-27,1.2264819117793e-26
"SAMM50",0.0557685869984303,3.7605096566514e-27,1.23984737703368e-26
"NOP58",0.0557521893521562,3.89283063693629e-27,1.28281465673258e-26
"FXYD5",0.0557469624757237,3.9359715420139e-27,1.29636516496721e-26
"WBP4",0.0557392767638887,4.00026928787979e-27,1.31686648286489e-26
"MRFAP1L1",0.0557352622761199,4.03426699014845e-27,1.32737728250218e-26
"SARS",0.0557303727950056,4.07606198431218e-27,1.34044150135043e-26
"ARL4C",0.0557225624783114,4.14371650887332e-27,1.36199206562148e-26
"GGA2",0.0557070608036805,4.28131044118193e-27,1.40649707069243e-26
"DARS",0.0556787607399041,4.54429005900995e-27,1.49212717597788e-26
"RPL7L1",0.0556750454774954,4.57998288911247e-27,1.50307776043711e-26
"TXNDC12",0.0556680967448919,4.64748771126726e-27,1.52445200181445e-26
"DCTN2",0.0555677531445678,5.73973405098221e-27,1.88176462294849e-26
"PIK3IP1",0.0555647601009375,5.77595351052717e-27,1.89267199813802e-26
"THAP11",0.0555529394078839,5.92122653233927e-27,1.93928481018319e-26
"VBP1",0.0555412821486409,6.06803789091942e-27,1.98635362796628e-26
"ARPP19",0.0555387704738546,6.10013940265515e-27,1.99584367197529e-26
"DAP3",0.0555163663727243,6.39403710546536e-27,2.0909348658851e-26
"DGUOK",0.0555066954020154,6.525199400236e-27,2.13273965114183e-26
"PUF60",0.0555033025209114,6.57184455422371e-27,2.14689178512726e-26
"CYTOR",0.0554878762078065,6.7881280331138e-27,2.21641880205894e-26
"AURKAIP1",0.055357721466681,8.91756065582862e-27,2.908747797041e-26
"TIMM9",0.055347134758115,9.11742838301905e-27,2.97179945213088e-26
"AP1S1",0.0553127223030675,9.7982914637859e-27,3.19115929094672e-26
"DPM1",0.0552822146570324,1.04439098300764e-26,3.39970195178947e-26
"MAFG",0.0552729267948375,1.06487121231844e-26,3.46461140884134e-26
"DENR",0.0551897459454027,1.26697520526494e-26,4.1159052744202e-26
"UPF3A",0.0551821869034103,1.28712568235374e-26,4.17925019128622e-26
"RWDD4",0.0551409166232629,1.40287570656567e-26,4.55278226268354e-26
"HEBP1",0.0550776685194402,1.60058797527719e-26,5.19179598047444e-26
"IFIT3",0.0550765883298359,1.60419409154182e-26,5.20086371467019e-26
"LRMDA",0.0550269602275339,1.77885396313738e-26,5.76420556943911e-26
"GBP3",0.0550110757777175,1.83864400412254e-26,5.95494191340242e-26
"GGPS1",0.0549879144405957,1.92941193147756e-26,6.24576536446015e-26
"COMMD10",0.0549089845839831,2.27340163422622e-26,7.35188754294126e-26
"MTAP",0.0548660943904998,2.48514288133402e-26,8.0325827338232e-26
"AAK1",0.0548538413404221,2.54914632710334e-26,8.23530857738923e-26
"TMEM170A",0.0548295736448526,2.6807696739829e-26,8.65617424674096e-26
"UFM1",0.0548215676757725,2.7256534055714e-26,8.79667618216606e-26
"TNFRSF1A",0.0547876991225957,2.92391778315126e-26,9.43180316576092e-26
"PCNA",0.0547694155299092,3.0368236249673e-26,9.79108561697999e-26
"LDLRAD4",0.0547278770197322,3.30965082791854e-26,1.0665353948732e-25
"LSM12",0.0547220293302156,3.34996093724718e-26,1.07898340227801e-25
"CSF2RA",0.0546519693580948,3.87245480133307e-26,1.24602156496254e-25
"GMPR2",0.054639429856558,3.97415022544283e-26,1.27746231695597e-25
"GNL3",0.0546055967193986,4.2619349037249e-26,1.36928264107656e-25
"PSMD4",0.0545817204019595,4.4773670978098e-26,1.4377771421195e-25
"YIPF6",0.0545643284741919,4.64105359820081e-26,1.48959479169867e-25
"ATP10D",0.0545415514807649,4.86442339979625e-26,1.56050702665464e-25
"FCGR2A",0.0545300578112318,4.98115237726661e-26,1.59715510507459e-25
"TENT5A",0.0545270083049835,5.01258626009624e-26,1.60643124099787e-25
"TIMM50",0.0544725958228941,5.60769311071857e-26,1.79625356956417e-25
"HIVEP3",0.0544666699472024,5.6765899012744e-26,1.81741520990901e-25
"RSRC2",0.054447849689259,5.90101436834076e-26,1.88832459786904e-25
"TFG",0.0544163002109314,6.29712336863856e-26,2.01322652777214e-25
"RAD23A",0.0544162627867883,6.29760854307774e-26,2.01322652777214e-25
"TOB2",0.0544006679999483,6.50304126198536e-26,2.07786418012441e-25
"RAB7A",0.0543969269035884,6.55330299815782e-26,2.09288163445399e-25
"CALU",0.0543895518499009,6.65351745989473e-26,2.12382925485993e-25
"HNRNPM",0.054354817326213,7.14630437974736e-26,2.27999447540821e-25
"DGCR6L",0.0543234361692237,7.62252972922386e-26,2.43072319794733e-25
"SPNS1",0.0542837409680183,8.27021398786717e-26,2.6359509660286e-25
"TRA2B",0.0542644657991421,8.60410258528631e-26,2.74100904603759e-25
"GALK1",0.054164450547138,1.05632688962682e-25,3.36180224397107e-25
"RCN1",0.0541566488154022,1.07334965811639e-25,3.41428428679958e-25
"C1orf56",0.0541427958080966,1.10424845734042e-25,3.51083156704465e-25
"SHARPIN",0.05414097578049,1.10837295834075e-25,3.52219955458855e-25
"JTB",0.0541359839058828,1.11976395124606e-25,3.55663639168056e-25
"KDELR1",0.0540790956880431,1.25806549170015e-25,3.99393775098869e-25
"COMMD7",0.0539977483181808,1.48571067842586e-25,4.71430252857582e-25
"MRPL16",0.053804279677196,2.20439640245917e-25,6.98784946550299e-25
"G3BP1",0.0537115483463931,2.66199045455047e-25,8.43007441085678e-25
"SIL1",0.0536967126027005,2.74346298601928e-25,8.67951603466456e-25
"MRPS5",0.0536679516604831,2.90851018271668e-25,9.18808534333343e-25
"DESI1",0.0536527280493836,2.99981637164239e-25,9.47186114195746e-25
"TTC19",0.0536245710523774,3.17624075683397e-25,1.00239846019905e-24
"BAG1",0.0535924547464057,3.39005186411736e-25,1.06934969322404e-24
"ZNRF2",0.0534267393394528,4.74162897527719e-25,1.4949528995272e-24
"TATDN3",0.0533870011187874,5.13812842668872e-25,1.61916660047322e-24
"MBNL2",0.0533634700219325,5.38822363073603e-25,1.69714495899864e-24
"VAMP5",0.0533552435117634,5.47847266957683e-25,1.72472427124656e-24
"POP7",0.0532610374203341,6.6250810262803e-25,2.08365293453992e-24
"PDIA4",0.0532559910934977,6.692803817827e-25,2.10392108256629e-24
"OSTF1",0.053237612850362,6.94529239975169e-25,2.18222311639603e-24
"HCP5",0.0532203907449359,7.19045354290788e-25,2.25814732899153e-24
"URM1",0.0531966094276023,7.54313818296546e-25,2.36774826721656e-24
"NOB1",0.0531953495705239,7.56229300897709e-25,2.37260009513922e-24
"ATF6B",0.0531770327217377,7.84628710073878e-25,2.46049746032942e-24
"ORAI1",0.0531538834253233,8.22036545851247e-25,2.57528636629961e-24
"BAK1",0.0531290428050824,8.64144147948114e-25,2.70588035785022e-24
"AGPAT1",0.0530557994022309,1.00114395575855e-24,3.12875773022253e-24
"SESN3",0.0530507433236818,1.01135848660866e-24,3.15914121230825e-24
"TSTA3",0.0529168358997448,1.32285811765904e-24,4.12814089635233e-24
"RNF7",0.0528973846279874,1.37539504587065e-24,4.2879176940263e-24
"RBCK1",0.0528103981712732,1.63678979027732e-24,5.09541159360469e-24
"CETN2",0.0527904761371707,1.70326401207906e-24,5.29977783777848e-24
"HDDC2",0.0527688720220457,1.77837574096562e-24,5.53080889676947e-24
"CENPX",0.0527638311780811,1.79636822492634e-24,5.58405936585629e-24
"ENOPH1",0.0527367377876796,1.8962078560024e-24,5.89155913032028e-24
"NDUFAF2",0.0527362731848559,1.89796700722092e-24,5.89417053162122e-24
"ZNF593",0.0527092307379975,2.00319388362519e-24,6.21493808381975e-24
"EAF2",0.0527000856650075,2.04007060609538e-24,6.32628951605026e-24
"GOPC",0.0526787801126476,2.1286122324522e-24,6.59448386451634e-24
"ARHGAP21",0.0526076867321033,2.4525203585184e-24,7.59429083989096e-24
"DHRS4L2",0.0525991677535446,2.49447104591388e-24,7.72046610254869e-24
"MORF4L2",0.0525989095020014,2.4957538137917e-24,7.72071189454559e-24
"ABHD16A",0.0525802415563985,2.59023157349204e-24,8.00912085567467e-24
"HCG18",0.052565857587123,2.66543718909059e-24,8.23769027225685e-24
"ARID1B",0.052535284209352,2.83254740620679e-24,8.74993941175866e-24
"MGAT2",0.052523912774837,2.89731529170229e-24,8.94570496225308e-24
"GAR1",0.0525055838655446,3.00481188585271e-24,9.27314721482972e-24
"TAF12",0.0524923442375385,3.08490898979085e-24,9.51575773004717e-24
"SEPTIN7",0.0524370515217595,3.44291402226463e-24,1.06149622137674e-23
"PDHB",0.0524219479918602,3.54766553359895e-24,1.09326715002742e-23
"SSR1",0.0524149734684484,3.59709732327464e-24,1.10796814335718e-23
"ENSA",0.0523826508954924,3.83523752847844e-24,1.18018628214473e-23
"SNAPC5",0.0523813847949338,3.84487689482101e-24,1.1825853383112e-23
"POLE3",0.0523770295605076,3.87821877434004e-24,1.19226888625614e-23
"BRD2",0.0523528166900403,4.06887194830774e-24,1.25028172511219e-23
"UBE2I",0.0523379017537708,4.19090312371465e-24,1.28716296992595e-23
"CSNK2B",0.0523040634865423,4.48136661766703e-24,1.37505730363231e-23
"PSMG4",0.0523029087249155,4.49162311621855e-24,1.37754559816722e-23
"MFSD4B",0.0522611330689673,4.87872532933458e-24,1.49555192130964e-23
"TM2D3",0.0522560411860458,4.92811150932521e-24,1.50996960094702e-23
"CYB5R3",0.0522196240390474,5.29605204232198e-24,1.62193173763904e-23
"RBM12B",0.0522080966844279,5.41809231584121e-24,1.65851528141399e-23
"PTRHD1",0.0521981692841416,5.52542332867702e-24,1.68975767763545e-23
"NOL12",0.0521860949033998,5.65880829054872e-24,1.72972434455267e-23
"OARD1",0.052137054120546,6.23413300027304e-24,1.90467606332152e-23
"SAR1B",0.0521366501230876,6.23910533276138e-24,1.90528794930971e-23
"TRAPPC2L",0.0521313558356315,6.30463068837594e-24,1.92438204075262e-23
"WDR61",0.0521065269086929,6.62113714951766e-24,2.02002928917286e-23
"CHPT1",0.0520876288063679,6.8725419853745e-24,2.09473773767994e-23
"CCDC57",0.0520843453282027,6.91717663211481e-24,2.10734118098996e-23
"PAK1",0.0520249222121468,7.7764150769839e-24,2.36686333652413e-23
"CNIH1",0.0520208519936127,7.83899477706532e-24,2.38477906541731e-23
"RPP25L",0.0519558807596863,8.90817714977397e-24,2.7087613551161e-23
"LPIN2",0.0519512186848199,8.9902281345064e-24,2.73241609242033e-23
"SNX6",0.0519452305193143,9.09671678809597e-24,2.76347229698976e-23
"NUTM2B-AS1",0.0519388122901659,9.21224052997138e-24,2.79650381136949e-23
"COMMD4",0.0519387059791808,9.214166236339e-24,2.79650381136949e-23
"PLA2G7",0.0519377525542617,9.23145430752979e-24,2.80042604430785e-23
"RTCB",0.0519368540749615,9.24777547011985e-24,2.80405139018379e-23
"GFER",0.0519242997433874,9.47884071965583e-24,2.87139953056241e-23
"ARHGAP31",0.0519236129663144,9.49164465037451e-24,2.87392128724884e-23
"ZFP36L1",0.051869350834307,1.05593312640641e-23,3.19418526120865e-23
"ATP6AP2",0.0518626623448051,1.06989102046075e-23,3.23488255762309e-23
"NAAA",0.051828692225761,1.14365206027181e-23,3.45627490282805e-23
"ING4",0.0518040469260931,1.20029662090071e-23,3.62575476445338e-23
"SLC39A3",0.0517982623732442,1.21398930570436e-23,3.66366669115672e-23
"MBP",0.0516652245081007,1.57530143245894e-23,4.74959304072206e-23
"PTGIR",0.0516629144482561,1.58243485663196e-23,4.76885957733708e-23
"CYSLTR1",0.0516474721740075,1.63094884191911e-23,4.91275482148027e-23
"TRIM56",0.0515861400868652,1.83860747501794e-23,5.5304761180099e-23
"PPIE",0.0515703228859214,1.89627880802867e-23,5.70127686612556e-23
"CYB561D2",0.0514923056891947,2.20801659678244e-23,6.62611528763148e-23
"NUDT22",0.0514825780762411,2.25028302023846e-23,6.74979703499297e-23
"RPAIN",0.0514521198034693,2.38787371742359e-23,7.15915783691111e-23
"IRF8",0.0514388255347689,2.45050974900228e-23,7.34351730481019e-23
"CPNE1",0.0514023860379205,2.63065821739026e-23,7.87969333462928e-23
"SUMO3",0.051401245098535,2.63650557192155e-23,7.89352298154393e-23
"HMGB1",0.0513940617763274,2.67361705930525e-23,8.00089881180152e-23
"ZBTB4",0.0513703481472786,2.79984037070899e-23,8.37081818195195e-23
"TLR1",0.0513563026305326,2.87736591812097e-23,8.59859326067264e-23
"EPB41L4A-AS1",0.0513551088806226,2.88405210418537e-23,8.61456159238984e-23
"ESYT1",0.0513288849687761,3.03487527318436e-23,9.06084679048436e-23
"DYNLT3",0.0513252523116726,3.05637466128568e-23,9.12079061712044e-23
"CZIB",0.051305286660792,3.17725868650067e-23,9.4771230741926e-23
"SNX9",0.051255038504458,3.50284385540619e-23,1.04434229443709e-22
"UTP3",0.0512472960668513,3.55586612609201e-23,1.05965801509551e-22
"RAB11A",0.0512444666675584,3.57544021334232e-23,1.06499649065944e-22
"SMIM7",0.0512318376236549,3.66411813775713e-23,1.09090403581669e-22
"SURF1",0.051231333283067,3.66770434718063e-23,1.09146526398474e-22
"B3GAT3",0.0512276690196867,3.69386434021501e-23,1.09874054737225e-22
"SMARCB1",0.0512185202098489,3.75998891644671e-23,1.11789105134023e-22
"ACO2",0.0512138622988633,3.79410362644967e-23,1.12751129538217e-22
"IFIT1",0.051208460740652,3.83404873007928e-23,1.13885447463836e-22
"MTG1",0.0512049451457424,3.86027032855112e-23,1.14611265284516e-22
"FTX",0.0511139478686266,4.60433241511483e-23,1.36512924100632e-22
"RALA",0.0510981564181049,4.74719559466456e-23,1.40683634805394e-22
"APMAP",0.0510889569182199,4.8324361729072e-23,1.43143631049735e-22
"SAMD9",0.0510671790781587,5.04031185592004e-23,1.49232306726271e-22
"RPE",0.0510644371638196,5.06710386339494e-23,1.49956357876116e-22
"GTPBP6",0.0510467898534774,5.24294641756053e-23,1.55088723905341e-22
"LARP4",0.0510435162063841,5.27622393940655e-23,1.56001164954988e-22
"IFIT2",0.0510095857050423,5.63369370066384e-23,1.66493683940392e-22
"SNAPC2",0.0509946444159085,5.79861235934291e-23,1.71288659749282e-22
"HAUS1",0.0509938111282371,5.80794942166477e-23,1.71485519969633e-22
"C11orf54",0.0509678728905644,6.10615135254102e-23,1.80207300266344e-22
"CDKN1A",0.0509092198213303,6.83750792191576e-23,2.01420802695186e-22
"MPHOSPH10",0.0508940550981893,7.04030349569991e-23,2.07299620139562e-22
"FCF1",0.0508717005574869,7.35015193398532e-23,2.16323737653439e-22
"MFF",0.0508634754251194,7.46752309399352e-23,2.19576664395336e-22
"SP140L",0.0508507334726987,7.6530218210095e-23,2.24928025669249e-22
"GCLC",0.0507279904025606,9.69060638499149e-23,2.84423287127655e-22
"RDX",0.0507203916755795,9.8330799549831e-23,2.88341137985245e-22
"TIMM17B",0.0506887159263313,1.04496656656841e-22,3.06141803246708e-22
"PLRG1",0.0506869840732161,1.04844591656182e-22,3.07020949368354e-22
"MGAT4B",0.0506676047325268,1.08817047086472e-22,3.18508291107118e-22
"APBB1IP",0.0505979519230887,1.24364356001858e-22,3.63849388102106e-22
"NABP1",0.0505503225237468,1.36242012535725e-22,3.98236333680734e-22
"CCDC25",0.0504935025933522,1.51887557561457e-22,4.43766197319813e-22
"CREB3",0.0504540092213968,1.63797042924913e-22,4.78126400093831e-22
"CEBPG",0.0504404469664382,1.680963939174e-22,4.90453143871779e-22
"STX12",0.0504369248778214,1.69231076865944e-22,4.93539358714498e-22
"ZNF124",0.0504084857783268,1.78675163457964e-22,5.20845001702089e-22
"CREG1",0.0503811862422264,1.88230896685303e-22,5.48451150378248e-22
"ARRDC2",0.0503316854565486,2.06865439502896e-22,6.02199936411336e-22
"ORAI3",0.0503269021210736,2.08760073739939e-22,6.07439742909499e-22
"POLR2G",0.0503137819003638,2.14045481012763e-22,6.22536630180365e-22
"STMP1",0.0502802388029317,2.28167870183911e-22,6.63309947938365e-22
"SINHCAF",0.0502769483639877,2.29601918405926e-22,6.67176588991133e-22
"PIN1",0.0502704634356022,2.32454362707307e-22,6.75159434644672e-22
"HDAC3",0.0502574581204886,2.38280962543533e-22,6.91769527456702e-22
"LMO2",0.0501759719328458,2.78222695505809e-22,8.06996751521371e-22
"DERL1",0.0501660421367574,2.83521944748192e-22,8.21995841619701e-22
"STX17",0.0501328571676594,3.0196702473511e-22,8.75076978636164e-22
"RTF2",0.0501185122746986,3.10303359494855e-22,8.98829053958911e-22
"SUGT1",0.0500465265465303,3.55702025725971e-22,1.02986651491779e-21
"RHOA",0.0500119531355444,3.79784403965123e-22,1.09909640768616e-21
"RPS6KA5",0.0499990812866166,3.89156731391758e-22,1.12571216799347e-21
"PUS7L",0.0499669779886028,4.13541051330038e-22,1.19570950217824e-21
"SPN",0.0499643502979589,4.15602616706487e-22,1.20112900395893e-21
"ING2",0.049953402322517,4.24301912418181e-22,1.2257186267785e-21
"DDX1",0.0499488425691183,4.27978038919598e-22,1.23578177214588e-21
"ZNF431",0.0498835859503518,4.8417494943026e-22,1.39679248001104e-21
"KLHL5",0.049823336036388,5.42514081162816e-22,1.56298623472861e-21
"EEF2",0.0496689626271372,7.25669036046047e-22,2.08971837310208e-21
"ATP5PB",0.0496505436779724,7.51251763832432e-22,2.16241871545486e-21
"GTF2B",0.0496349535006532,7.73601365942215e-22,2.22475408511217e-21
"BZW2",0.0496302731783914,7.80438429744552e-22,2.2434108267209e-21
"DKC1",0.049614181564956,8.0440455384177e-22,2.31126718201917e-21
"ANKRD40",0.0495682292434649,8.76926402970764e-22,2.51738693577647e-21
"TMEM219",0.0495659673677056,8.80658511977702e-22,2.52697004152457e-21
"GPR108",0.0494972051090407,1.00193255715335e-21,2.87238574025734e-21
"C20orf194",0.0494832665822949,1.02845897047728e-21,2.94711601365888e-21
"TRNAU1AP",0.049431276398645,1.13367516950278e-21,3.24572061023196e-21
"MPDU1",0.0494187828146096,1.16050624432385e-21,3.32105622818102e-21
"EMC8",0.0493598962129202,1.29567366250513e-21,3.70464680360704e-21
"C12orf10",0.0492939645109269,1.46555338094807e-21,4.18654964032182e-21
"DERL2",0.0492403649520001,1.61974930982582e-21,4.62085885808914e-21
"JKAMP",0.049221603188469,1.67743046382168e-21,4.78328615816885e-21
"NCEH1",0.0492122313199369,1.70699973034005e-21,4.86328164736314e-21
"LTBR",0.0492101097933338,1.7137646249005e-21,4.88038785324528e-21
"COMMD5",0.0492003834644386,1.7451199743008e-21,4.96747549029012e-21
"ACAA2",0.0491710441128672,1.84318184865389e-21,5.24195688872489e-21
"TMEM106B",0.0491632693376783,1.87006883605175e-21,5.31606630576343e-21
"FCGR1B",0.0491626882369308,1.87209393095053e-21,5.31946619175315e-21
"C5orf56",0.0491170224714001,2.0382093832932e-21,5.78891164374024e-21
"BCL7C",0.0491146967106942,2.04704924597395e-21,5.81144600095967e-21
"MAP4",0.0490886102946166,2.14883589357436e-21,6.0977138846409e-21
"JUND",0.049069566612059,2.22628878197159e-21,6.31470770341721e-21
"RASSF4",0.049063687385799,2.25075349811232e-21,6.38127902955751e-21
"ZFAND1",0.0490487107733084,2.31428250813221e-21,6.55849671915912e-21
"LUZP1",0.0490386034826317,2.35815563997818e-21,6.67987928746136e-21
"PPP2CB",0.0490274493829282,2.40752808906977e-21,6.8137186676099e-21
"ABHD14B",0.0490035085757902,2.5169785365387e-21,7.12034139789783e-21
"PSMD7",0.0489903798192199,2.57907430413054e-21,7.29279009929553e-21
"IRF3",0.0489666691168045,2.6950836134692e-21,7.61746980793761e-21
"MOB4",0.0489660485657359,2.69818809444794e-21,7.62288631174724e-21
"IFNAR2",0.0489517007319512,2.77096179414178e-21,7.82503999613276e-21
"HTATIP2",0.0489136144255142,2.97369150678905e-21,8.39384281018853e-21
"TMEM242",0.0489071880177506,3.00931639373784e-21,8.49066577934125e-21
"FAM136A",0.0488978517656433,3.06182543074721e-21,8.63502064337323e-21
"FEZ2",0.0488485226979837,3.35467525819308e-21,9.45676469972178e-21
"RNF187",0.0488099564523307,3.60277994229425e-21,1.01517066797365e-20
"MDP1",0.0488060157025044,3.62913144952561e-21,1.02214694381722e-20
"FBXL15",0.0487997978321612,3.67109810542734e-21,1.03351318316901e-20
"DENND6B",0.0487820794500548,3.79333670873657e-21,1.06745825979183e-20
"FAM192A",0.0486786423771759,4.59161658069209e-21,1.29096459166172e-20
"NCL",0.0486200659794035,5.11517068584717e-21,1.43753548490563e-20
"ARHGAP15",0.0485792558449528,5.51440538427289e-21,1.54905538290258e-20
"LCP2",0.0485468844702291,5.85287231361166e-21,1.64269592144061e-20
"RAB10",0.0485444603155682,5.87903016504861e-21,1.64931602706392e-20
"UBE2K",0.0485394331492044,5.93364487961366e-21,1.66391020750005e-20
"JADE1",0.0485136016122922,6.22228880906972e-21,1.74408934027922e-20
"TNFAIP8",0.0485030428120247,6.34423308079389e-21,1.77749342560583e-20
"LYRM2",0.0484960673163942,6.42608692777732e-21,1.79964093097422e-20
"PDE4DIP",0.0484872441800901,6.53111937660668e-21,1.82825750088606e-20
"RNF115",0.0483803300533686,7.94706875218714e-21,2.22365430065559e-20
"SERPINB9",0.0483675821314028,8.13496656196723e-21,2.27424598961141e-20
"KCTD5",0.0483639300325399,8.18960160670266e-21,2.288522818319e-20
"NIPA2",0.0483587811956995,8.26724461811057e-21,2.30921382106214e-20
"HEXB",0.0483471129383554,8.4459029696185e-21,2.35706452601445e-20
"EIF4EBP1",0.0483334857197326,8.65939379655015e-21,2.41454457186726e-20
"ETFA",0.0482403863522411,1.02677232823128e-20,2.86175988615635e-20
"COMMD8",0.048236782662824,1.03355885510316e-20,2.87942406180715e-20
"PAXX",0.0482258218044124,1.05447433079829e-20,2.93641810173691e-20
"RNFT1",0.0481992701552703,1.10689092279325e-20,3.08104649051691e-20
"NRROS",0.0481877645871791,1.13039697710577e-20,3.1451114506117e-20
"PHAX",0.0481714109549755,1.16465937052316e-20,3.23903533648748e-20
"KLF4",0.048138225600552,1.23737294346473e-20,3.43976811320179e-20
"TMEM101",0.0480670113891455,1.40890813511989e-20,3.91322709737195e-20
"UGP2",0.0480612132384132,1.4238675925464e-20,3.95306554468962e-20
"KLHDC3",0.048044322905822,1.46834626386539e-20,4.07478790179945e-20
"COA5",0.0480302320614158,1.50650182439336e-20,4.17886541517847e-20
"MLX",0.0480190249403939,1.53754728514749e-20,4.26129735702217e-20
"NSMCE1",0.047998237388199,1.59681609362029e-20,4.42364941997744e-20
"APIP",0.047982447761923,1.64333939477937e-20,4.55056778459405e-20
"ARMC10",0.047979638861402,1.65175495897257e-20,4.57189810904574e-20
"RPA2",0.047897785740054,1.91661010149745e-20,5.30270392893818e-20
"RSBN1L",0.0478889000014606,1.94777486072395e-20,5.38660495965727e-20
"PHYKPL",0.0478754686930057,1.9958356258568e-20,5.51713975678469e-20
"ADH5",0.0478719950470016,2.00845489536574e-20,5.54963247573928e-20
"STX4",0.0478542975853692,2.07398235849104e-20,5.72576196733154e-20
"TGFBI",0.0478221959011796,2.19828247119473e-20,6.06631412266039e-20
"ZNF32",0.0477998986966562,2.2889251991601e-20,6.31373348143216e-20
"BLOC1S4",0.0477981894524593,2.29602419047836e-20,6.33059355655745e-20
"WDR81",0.0477826575389553,2.36153853599794e-20,6.50843266622111e-20
"ENTR1",0.0477273852954006,2.61002531292758e-20,7.18709116212161e-20
"TSPYL1",0.0477183179414602,2.65318710213548e-20,7.29967772182729e-20
"AP3S1",0.0477063603515737,2.71118730770796e-20,7.45605562205497e-20
"SSU72",0.0476587159165898,2.95499749261069e-20,8.12307794027002e-20
"RCN2",0.0475994826592319,3.28851595208227e-20,9.0360249886766e-20
"CD2AP",0.0475899852897881,3.34534758787623e-20,9.18824919683813e-20
"AHCYL1",0.0475702634823707,3.46648118362703e-20,9.51687773819042e-20
"VOPP1",0.0475697462644805,3.46971566118907e-20,9.52168335422973e-20
"TM9SF1",0.0475532968332312,3.5741548701848e-20,9.8040947614817e-20
"SLC7A6OS",0.0475374378359554,3.67778562004313e-20,1.00797405118311e-19
"C1orf35",0.0475111096015126,3.85642494017024e-20,1.05603168656134e-19
"TYW3",0.0474748054987433,4.11689521441022e-20,1.12687712012184e-19
"PLOD3",0.0474436630523879,4.35413652075152e-20,1.1913066062747e-19
"MRPL58",0.0474423541289839,4.36439839198511e-20,1.19360528912943e-19
"SYNGR1",0.0474226616987742,4.52170240016772e-20,1.23609896035263e-19
"ACBD6",0.0474216614868176,4.52983999542581e-20,1.2377961418506e-19
"DPM2",0.0473816190317239,4.86778697005001e-20,1.32957518943554e-19
"TSR2",0.0473596172515776,5.06396251483956e-20,1.3825695104345e-19
"CITED2",0.0473577945898056,5.08056021224094e-20,1.38651103027384e-19
"ZNF37A",0.0473181662647029,5.45501988406441e-20,1.48743763604578e-19
"CCDC174",0.0473176160869491,5.46040613431137e-20,1.48827382148436e-19
"AL121933.2",0.0473168720645021,5.46769848981075e-20,1.48962859917731e-19
"RENBP",0.047287350519228,5.7649474618401e-20,1.56927886784752e-19
"PYM1",0.0472812700114778,5.82812668288684e-20,1.5858041050637e-19
"BSCL2",0.0472287665683154,6.40291382632775e-20,1.74146227680029e-19
"CHMP2A",0.0472265901513344,6.42791297937098e-20,1.74752074896798e-19
"APH1B",0.0471929888246562,6.82633961315296e-20,1.85426735639244e-19
"CCDC28A",0.0471670080010316,7.15105235030659e-20,1.94000642196901e-19
"FAM120AOS",0.0470960293378719,8.11803663116561e-20,2.20140841190019e-19
"LAT2",0.0470894616462498,8.21378948547277e-20,2.22455353899507e-19
"KLHL6",0.0470822983462106,8.31949886203684e-20,2.25223226577335e-19
"CCT5",0.0470069586230913,9.51604939768274e-20,2.57398705461773e-19
"MED28",0.0469907699613744,9.79455582010279e-20,2.6482035457977e-19
"TERF1",0.0469516236131528,1.05017520353336e-19,2.83702067615579e-19
"ZNF641",0.0469503725267559,1.0525166643374e-19,2.84214937642625e-19
"GBGT1",0.0469394148106464,1.07324621107764e-19,2.89690689536143e-19
"UBE2M",0.0468966269739362,1.15812662816688e-19,3.12470161745951e-19
"KRR1",0.0468798769016992,1.19313236087479e-19,3.2177962284038e-19
"TXN",0.0468634359741749,1.22850833031038e-19,3.31181069213085e-19
"LPCAT2",0.0468144738232145,1.34011580382297e-19,3.60964861348791e-19
"NR4A1",0.0468002586816138,1.374355638605e-19,3.70032135010057e-19
"HNRNPA0",0.0467298823769902,1.55702626161471e-19,4.19038611347315e-19
"NIT1",0.0467171214436604,1.59262879562578e-19,4.28440517934383e-19
"ELAVL1",0.046668192145219,1.73675186684618e-19,4.67015925301135e-19
"SMIM15",0.046579390371475,2.03198884119032e-19,5.4594809066487e-19
"AMDHD2",0.0465738272594281,2.05205280256349e-19,5.51108027678833e-19
"STAMBP",0.0465312597755001,2.2121958974888e-19,5.93619777427358e-19
"GXYLT1",0.0465220953060705,2.24825641657272e-19,6.03044028793084e-19
"HCCS",0.0465130926295146,2.28424564623034e-19,6.1244128985432e-19
"TTF1",0.0465121649895651,2.28798618475615e-19,6.13187943249601e-19
"UBE2E3",0.0464810995755117,2.41680793506283e-19,6.47442159138335e-19
"PFKL",0.0464788787601942,2.42628693095813e-19,6.49710223248221e-19
"RNASEH1",0.0464608983225626,2.50439680725108e-19,6.70067135751581e-19
"SNAPC3",0.0464546425545504,2.53215128067614e-19,6.77210613456363e-19
"ELP2",0.0464507701270611,2.54948382881033e-19,6.81562010235294e-19
"POLR2C",0.0464166733986105,2.7072453415572e-19,7.23435489855518e-19
"SMAP1",0.0464123545984166,2.72790387183431e-19,7.28652424716441e-19
"ICE2",0.046394875547213,2.81311576016895e-19,7.51100737296879e-19
"CFD",0.0463925240368675,2.82477845869746e-19,7.53900939725578e-19
"APH1A",0.0463445062267186,3.07365601223357e-19,8.1998241058173e-19
"SDF2",0.0463378822756851,3.10964637129581e-19,8.29239032345548e-19
"WDR33",0.0463138239374694,3.24390113542365e-19,8.64680917527136e-19
"MMADHC",0.0462899000759385,3.38308054416769e-19,9.01031331315063e-19
"NHLRC3",0.0462845767152309,3.41484316101709e-19,9.09113432410192e-19
"TOR2A",0.0462245738973176,3.79388409372014e-19,1.00960432788504e-18
"SLC8A1",0.0462104629694554,3.8888935710823e-19,1.03402988611952e-18
"PGRMC1",0.0461568998557309,4.27141641900779e-19,1.13526958344466e-18
"SLC11A2",0.0461370246748317,4.42261690128848e-19,1.17496935977917e-18
"ZNF580",0.0460990577326235,4.72629472747361e-19,1.25460930788046e-18
"C1D",0.0460978735994387,4.73609002888928e-19,1.25668956266971e-18
"NELFCD",0.0460558487838077,5.09701637874997e-19,1.35189983820007e-18
"AK2",0.0460484331080867,5.1634673237793e-19,1.36895894005653e-18
"YTHDF2",0.0460119127986413,5.50341360717085e-19,1.45848416784833e-18
"C8orf33",0.0459686280245644,5.9350445824893e-19,1.57222320566686e-18
"UFD1",0.0459601638828317,6.02327571111061e-19,1.59493755519957e-18
"DUSP11",0.045939133690814,6.24814463116516e-19,1.65379933801797e-18
"SLC35B1",0.0459211283921068,6.44724396890329e-19,1.70579452801994e-18
"CD58",0.0459058362969964,6.62125296566727e-19,1.75111125423418e-18
"USO1",0.0458874559738367,6.8365504029261e-19,1.80656125968591e-18
"RPP38",0.0458457541340294,7.35099901268365e-19,1.94010734946023e-18
"KYNU",0.0458292263792443,7.56531021754925e-19,1.99584828765609e-18
"TXNDC15",0.0458200673590402,7.68671832269911e-19,2.02704417420623e-18
"DNAJB6",0.0458165601361176,7.73371639375046e-19,2.03860001570678e-18
"ZCCHC10",0.0457646150438833,8.46395770544114e-19,2.2292591394955e-18
"CHMP1B",0.045737475730271,8.87215128802893e-19,2.33581135264643e-18
"TSG101",0.0457078621474863,9.33976032342715e-19,2.45690456068506e-18
"PRXL2C",0.0456895033244089,9.64178912504163e-19,2.5342777151277e-18
"ANAPC13",0.045670481775995,9.96489518857382e-19,2.61813134848033e-18
"TCF12",0.0456462453012416,1.03921161223436e-18,2.72925980519675e-18
"PI4K2A",0.0456449385281267,1.04156579071019e-18,2.73432328690532e-18
"NOC2L",0.0456109774727436,1.1046287775192e-18,2.89869048530191e-18
"SHPRH",0.0455747395144268,1.17608059996197e-18,3.08240732408332e-18
"SF3A2",0.0455559327506722,1.21494253372329e-18,3.18296092134285e-18
"NSUN5",0.0455388453568928,1.25134962260031e-18,3.27700374636881e-18
"MRPL44",0.0455269359407785,1.27735934231044e-18,3.34375256640708e-18
"ARPIN",0.0454724017445058,1.403444658844e-18,3.67137800155655e-18
"CRIPT",0.0454723123152915,1.40366119666743e-18,3.67137800155655e-18
"CPSF6",0.0454621758072257,1.4284200615434e-18,3.73461414623572e-18
"UBA2",0.0454398290160599,1.48453663578347e-18,3.87975032797831e-18
"CYFIP1",0.045361775403709,1.69816605040255e-18,4.43083911320973e-18
"LY6E",0.0453432715577846,1.75310459063181e-18,4.57232481849337e-18
"DTNBP1",0.045297919416785,1.89528921991373e-18,4.94115222875519e-18
"PRKRA",0.0452528228306524,2.04795022493079e-18,5.33481471504505e-18
"COA3",0.0452340897362484,2.11487841314108e-18,5.50468961408241e-18
"NTPCR",0.0452292890275431,2.13237481876695e-18,5.5479792527205e-18
"PLXNB2",0.0452236263182157,2.15319661390272e-18,5.59988223542759e-18
"MRPS35",0.0451911847334886,2.27641193162149e-18,5.91793312531745e-18
"BUD31",0.0451732271585822,2.34758290207665e-18,6.10048274593916e-18
"PHF5A",0.0451494279386136,2.44530099919389e-18,6.34927203999515e-18
"PPCS",0.0451190501345778,2.57588349430235e-18,6.68562641563263e-18
"STARD7",0.0450960426643923,2.67934361035635e-18,6.95134193451126e-18
"ZNF91",0.0450906341868665,2.70425392691558e-18,7.0103002808446e-18
"DGLUCY",0.0450765165526531,2.77035932059724e-18,7.17876631702419e-18
"IDH3A",0.0450721672751176,2.79104429807048e-18,7.22944699895851e-18
"MFNG",0.0450380330930262,2.95876777018009e-18,7.66079661560753e-18
"PCNX4",0.0450315210961689,2.991877512338e-18,7.743398999258e-18
"PBX3",0.0450152003982817,3.07647463153959e-18,7.95913759514437e-18
"ISG15",0.0450037028067454,3.13748507177421e-18,8.11370585268172e-18
"TPM4",0.0449505193968869,3.43560056877159e-18,8.8703473839994e-18
"RHBDF2",0.0449439995028694,3.47401947661755e-18,8.96593280851898e-18
"CXXC5",0.0449423090727328,3.48404949206407e-18,8.98820327345519e-18
"IPO9",0.0449332268095181,3.53842969739343e-18,9.12482513604351e-18
"ZBTB38",0.0449323586234098,3.54367164634009e-18,9.13467146762475e-18
"YIPF4",0.044916652800922,3.63983524676988e-18,9.37878833063274e-18
"AL627171.2",0.0449148155655688,3.6512512245537e-18,9.40442708018328e-18
"C19orf25",0.0449123295428987,3.66675484623509e-18,9.4405694596486e-18
"ARID5A",0.044895410909285,3.77400466535537e-18,9.71280141713601e-18
"TCEA2",0.0448197830009763,4.29253706565531e-18,1.10384440133244e-17
"CCDC91",0.0447871219466952,4.53765838820253e-18,1.16641090619821e-17
"PCID2",0.0447513243430429,4.82220731234315e-18,1.23856213434722e-17
"CHCHD3",0.0447200259212541,5.08537743498629e-18,1.30511126491488e-17
"NUDT3",0.0447193920488853,5.09085119053618e-18,1.30599365207837e-17
"GNAI2",0.0447135710995218,5.14139024944838e-18,1.31843164829979e-17
"CD300C",0.0447085938505691,5.18499661818097e-18,1.32908263293045e-17
"LINC00667",0.0447071527210247,5.19769056894023e-18,1.33180442053996e-17
"METTL17",0.0446752717564605,5.4864874806551e-18,1.40524166370791e-17
"ASPSCR1",0.0446630311218876,5.60152993326222e-18,1.43413471874742e-17
"RGCC",0.0446533564053508,5.69413868994706e-18,1.45713864287886e-17
"ACTR6",0.0446531716073327,5.69592225115363e-18,1.45713864287886e-17
"TMEM11",0.0446472300163873,5.75356179013173e-18,1.47108123744977e-17
"CCDC88A",0.0446470815715314,5.75500920511053e-18,1.47108123744977e-17
"TRAPPC12",0.0445667367933164,6.59355832165493e-18,1.68408718916155e-17
"COPS4",0.0445509042268675,6.7724924414979e-18,1.72841334545149e-17
"ARPC1A",0.0445192135744919,7.14516856505645e-18,1.82279926494641e-17
"PPARGC1B",0.044491845096901,7.48325431218188e-18,1.90828933493478e-17
"ZC3H13",0.0444734032676199,7.71992285655867e-18,1.96785955692016e-17
"PLEKHO2",0.0444677218436806,7.79431143000351e-18,1.98603265031384e-17
"TTYH2",0.0444546826367938,7.96772316469691e-18,2.02941293468422e-17
"MRPS18A",0.0444402380936936,8.16427250761761e-18,2.07864969876487e-17
"NUBP2",0.0444389436667231,8.18211786208026e-18,2.08236684661273e-17
"CKAP2",0.0444335479695543,8.25692015518169e-18,2.10057096414138e-17
"RBM42",0.0443995624917213,8.74382966460009e-18,2.22267872932148e-17
"TIMM17A",0.0443798707423545,9.03880748420603e-18,2.29666036836225e-17
"RNF145",0.0443796593799856,9.04202632556583e-18,2.29666036836225e-17
"FUCA1",0.0443627789113541,9.30278582347908e-18,2.36195780939619e-17
"PPP4C",0.044312778153281,1.01195037484714e-17,2.56830443236521e-17
"CERS2",0.0442849446783257,1.0604387456434e-17,2.68923912729171e-17
"POU2F2",0.0442616136847194,1.10284438806954e-17,2.79456934986343e-17
"C8orf76",0.0442510366403165,1.12261602944194e-17,2.84354695811271e-17
"ARL11",0.0442025558775935,1.21781037233253e-17,3.08102182527032e-17
"SSH1",0.044195961618939,1.2313592139541e-17,3.1140720207842e-17
"UBE2E1",0.0441849555587544,1.25430479909754e-17,3.17085090268315e-17
"CCDC12",0.0441783512537345,1.26827556449236e-17,3.20490587703149e-17
"COMMD9",0.0441777858859676,1.26947865584565e-17,3.20668309287627e-17
"NR4A2",0.0441710099231131,1.28398569818019e-17,3.24205125522396e-17
"NME6",0.0441270505816777,1.38215520238435e-17,3.48855538099843e-17
"HPF1",0.0440999986721247,1.44621066573876e-17,3.64879576538728e-17
"FASTKD2",0.0440910739065967,1.467979254013e-17,3.70080742386931e-17
"APOL3",0.0440674613605782,1.52714468670993e-17,3.84845259620224e-17
"C6orf62",0.0440535486760731,1.56310060408821e-17,3.93751608787984e-17
"LIMD1",0.0440430130979009,1.59088332893343e-17,4.00592913596424e-17
"ACYP2",0.0440359254538513,1.60984729561821e-17,4.0520911136471e-17
"OTULINL",0.0440340552868483,1.61488826645125e-17,4.06318553629461e-17
"TMC6",0.0439994340038416,1.71107233824079e-17,4.30350455592038e-17
"SRGAP2B",0.0439916117384341,1.73357481370646e-17,4.3583918513874e-17
"CREB3L2",0.0439284635885995,1.92625463303791e-17,4.83712318026271e-17
"OXA1L",0.0439278846997432,1.92811525044639e-17,4.83990119204383e-17
"ELMO1",0.0439223781217892,1.94590293882849e-17,4.88264108546094e-17
"GOSR2",0.0439085933805392,1.99114433295689e-17,4.99420720885511e-17
"RABGAP1L",0.0438072437050914,2.35719897684879e-17,5.90772993572727e-17
"SLC39A6",0.0437427256900906,2.62402374573015e-17,6.56876174506619e-17
"PPID",0.0437052596861689,2.7924237578554e-17,6.9875939276132e-17
"ZC3H15",0.0436988394605214,2.82233222397317e-17,7.05968169552119e-17
"PAPSS1",0.0436789739983568,2.91689100328221e-17,7.29336425450454e-17
"MIR29B2CHG",0.0436594982054574,3.01262693467277e-17,7.52687477136312e-17
"STT3A",0.0436589446815401,3.01539267765441e-17,7.53085224594421e-17
"SIGLEC9",0.0436388405753434,3.11756060908261e-17,7.78298399528171e-17
"PIGT",0.043577844452378,3.44889782695591e-17,8.60681775875112e-17
"MYOF",0.0435425353264731,3.65633109119148e-17,9.12092545920862e-17
"PQBP1",0.0435324660266388,3.71770875562523e-17,9.27043116054857e-17
"ATG101",0.0434997146340666,3.9244595684564e-17,9.782180493868e-17
"SLC22A18",0.0434977133961952,3.93745419839292e-17,9.81075966481125e-17
"GRSF1",0.0434721136683006,4.10747239576449e-17,1.02264427206927e-16
"GLB1",0.0434624784410046,4.17332235024123e-17,1.03863600462171e-16
"PCGF5",0.0434547860608069,4.2266409013506e-17,1.05149779073538e-16
"VEZT",0.0434435744979398,4.30555751535044e-17,1.0707153883135e-16
"POLR2J",0.0434376856670627,4.34758853222083e-17,1.08074885791278e-16
"SIRT2",0.0434309918964318,4.39585635598682e-17,1.09232433694854e-16
"RBBP7",0.0434139896200712,4.5208465261926e-17,1.12294817313402e-16
"INSIG1",0.0433674035203617,4.88156163318019e-17,1.21207815164412e-16
"CYTH2",0.0433405360980268,5.10235127764922e-17,1.26640950860338e-16
"C1orf174",0.0433038032531799,5.42022590935159e-17,1.34478613435421e-16
"RAB9A",0.0432909192405797,5.53628399687576e-17,1.37251924744802e-16
"ABCF1",0.0432904220665478,5.54081127322209e-17,1.37311105171854e-16
"PRPF31",0.0432873101723623,5.56923130834911e-17,1.3796211611725e-16
"ATP6V0B",0.0432681774041462,5.74715166230315e-17,1.42259741764418e-16
"CNIH4",0.0432341586472659,6.07745071408005e-17,1.50352035413916e-16
"ADSL",0.0432340275573663,6.07875903777585e-17,1.50352035413916e-16
"NAGPA",0.0432327294042829,6.09173007053592e-17,1.50614798198684e-16
"DDX24",0.0432184749847101,6.23596688579705e-17,1.54062239273292e-16
"PEX2",0.0432122099340064,6.30042193642752e-17,1.55594715720242e-16
"RRP36",0.0432109975672766,6.31297046495446e-17,1.55844626791642e-16
"MAFB",0.0431852480500459,6.58538705868897e-17,1.62444611182424e-16
"PAGR1",0.0431530476150621,6.94241152153839e-17,1.71119909036459e-16
"KRAS",0.0431201541489068,7.3268219659073e-17,1.80525690219897e-16
"LMBRD1",0.0431187990723578,7.34310041449816e-17,1.80857321533283e-16
"LRP1",0.0431091282578349,7.4603154218729e-17,1.8367376725532e-16
"STX6",0.0430979073508015,7.59863220524638e-17,1.87007381008288e-16
"FKBP4",0.0430920423070036,7.67193211339343e-17,1.88738943403114e-16
"HRAS",0.0430894092100873,7.70506630145405e-17,1.8948143116186e-16
"SLC5A3",0.0430811661702823,7.8097095876349e-17,1.91981213464619e-16
"POP4",0.0430682625868029,7.97633780363716e-17,1.9592719505412e-16
"SMIM12",0.0430588629940765,8.09992018210872e-17,1.98886673893645e-16
"MCRS1",0.043031363938567,8.47241274317629e-17,2.07873805584012e-16
"C11orf68",0.0430051060269638,8.84383832830343e-17,2.16903924749216e-16
"SLC16A3",0.0429878688907853,9.09634520067647e-17,2.23011657652045e-16
"BCCIP",0.0429276289071532,1.00359153451064e-16,2.4595276109321e-16
"PAIP1",0.0429193275224259,1.01726784920695e-16,2.4920926004245e-16
"VTI1B",0.0429031577146248,1.04443689287879e-16,2.55767446744668e-16
"AKAP7",0.0428828635876383,1.07955010783177e-16,2.64063800680465e-16
"UBE2B",0.0428650565175852,1.1113172131162e-16,2.71730611255851e-16
"PSMC1",0.0428309806864676,1.17469792392771e-16,2.87009210964211e-16
"TM2D1",0.0427896285740972,1.25641418715518e-16,3.06740997899073e-16
"RAB14",0.0427763836287707,1.28375395561234e-16,3.13296514994629e-16
"MOB1A",0.0427580198698717,1.32263254372059e-16,3.22661992414878e-16
"NSRP1",0.0426830262279838,1.49381938501053e-16,3.6428525937771e-16
"TMEM192",0.0425901364113012,1.73638254799341e-16,4.23115473905268e-16
"DHPS",0.0425573401507429,1.83098232339485e-16,4.4599782030757e-16
"APOBEC3C",0.0424679923486237,2.1152484014611e-16,5.15044923862408e-16
"ZBTB8OS",0.0424487709689513,2.18186720026719e-16,5.31064490019511e-16
"LIMD2",0.0424177230194215,2.29386919855116e-16,5.58113946829891e-16
"PRKDC",0.0424060842588917,2.3372992532004e-16,5.68465201233274e-16
"TBC1D9B",0.04238493757548,2.41829211734875e-16,5.8771826609506e-16
"EXOSC6",0.0423800586032238,2.43736807102752e-16,5.92130009228041e-16
"ASCL2",0.0423710810096841,2.47285728470087e-16,6.0052431259049e-16
"NUB1",0.0423447517417624,2.57990279760015e-16,6.26282873605849e-16
"E2F4",0.0422951105002225,2.79429631202171e-16,6.78071298711472e-16
"UBE2F",0.0422940878401101,2.79889276475144e-16,6.78929904674677e-16
"TRIP11",0.0422129537681959,3.18832804420292e-16,7.72227736187465e-16
"SNAP29",0.0421631454356607,3.45336944608087e-16,8.36106353436033e-16
"GABARAP",0.0421494680037367,3.5298742683704e-16,8.54306801428309e-16
"SUCLG2",0.0421293416379855,3.64549793476613e-16,8.81957569738292e-16
"SIKE1",0.0420679393183548,4.02180544127027e-16,9.72631123678479e-16
"APOL2",0.0420390795334699,4.21165458850644e-16,1.01816035568415e-15
"CYP20A1",0.0420180272141044,4.35568821452322e-16,1.05258363782979e-15
"BTK",0.0419809995972743,4.62088980264827e-16,1.11538405448443e-15
"CYP51A1",0.0419807790832557,4.62251589911798e-16,1.11538405448443e-15
"MOB1B",0.0419798475618624,4.62939127269796e-16,1.11662309795602e-15
"EIF4EBP3",0.0419756573597944,4.66044314315717e-16,1.12369046247638e-15
"AAMP",0.0419736704511533,4.6752389573541e-16,1.1268344534329e-15
"GOLT1B",0.0419625136465291,4.75918353512385e-16,1.14663618330284e-15
"RFC1",0.0419368286689152,4.95812603114054e-16,1.19367116757215e-15
"CYB5B",0.0419255504737003,5.04804936861859e-16,1.21486439418818e-15
"THG1L",0.0419057012022689,5.21023116976435e-16,1.25342494132764e-15
"FAM177A1",0.0419045389806187,5.21988480709851e-16,1.25527664626477e-15
"MOV10",0.0418741104278478,5.47899715314828e-16,1.3170942575721e-15
"VMA21",0.041836179682041,5.81979699837276e-16,1.39849503900972e-15
"LARS",0.0418024451186543,6.14038997126256e-16,1.47498098298842e-15
"BORCS8",0.0417959260048831,6.20432026772532e-16,1.48977989662147e-15
"BOLA2",0.0417576904670509,6.59270046775905e-16,1.58244542465926e-15
"CYBC1",0.0417552207508111,6.61859451645548e-16,1.58806665735147e-15
"NHLRC2",0.0417522599940129,6.64976904074375e-16,1.5949502117911e-15
"SNHG17",0.0417495886677007,6.67802020740757e-16,1.60112771490011e-15
"RAP1GDS1",0.0417477629975553,6.69739595595179e-16,1.6051734199995e-15
"DUS1L",0.0417397295404609,6.78331482831728e-16,1.62515862354308e-15
"SSBP4",0.0417002006139683,7.22215713102676e-16,1.72900597584581e-15
"ZSCAN16-AS1",0.0416242699491103,8.145026509811e-16,1.94848956327171e-15
"NLN",0.041622180500383,8.17199939619398e-16,1.95421349705481e-15
"HDAC5",0.0416087027864471,8.34811127991728e-16,1.9955842761531e-15
"BFAR",0.041594137214279,8.54264310820583e-16,2.03980640797352e-15
"CLOCK",0.0415832605582971,8.69081331803834e-16,2.0744143693651e-15
"AP2A2",0.0415763251599298,8.78661158771074e-16,2.09650055584798e-15
"GOSR1",0.0415725278432359,8.83950366739073e-16,2.10833663680219e-15
"THOC1",0.0415673783496295,8.91173134897307e-16,2.12477399981461e-15
"NUCB2",0.0415659181393871,8.93231810591692e-16,2.12889126922596e-15
"GTF2H3",0.0415645106838764,8.95220544100298e-16,2.13283884550594e-15
"NMI",0.0414607152715262,1.05455987177802e-15,2.51059596932384e-15
"CMTM7",0.0414402700212551,1.08909043965204e-15,2.59184134302948e-15
"SNUPN",0.0414190392414199,1.12612641887787e-15,2.67898669021893e-15
"UROD",0.0413999187948083,1.16054113856663e-15,2.75881139127215e-15
"PPP1R15A",0.0413935695332311,1.17219664997886e-15,2.7854865578757e-15
"DENND1B",0.0413753480181044,1.20629047611419e-15,2.86438182633185e-15
"DFFA",0.0413720558889302,1.2125536428114e-15,2.87818874298111e-15
"DUSP12",0.0413099914666615,1.33680623758441e-15,3.17194852823284e-15
"PAIP2",0.0412847520221863,1.39084947122805e-15,3.29896125966698e-15
"ASCC2",0.041248925765563,1.47127453616009e-15,3.48843215964639e-15
"ETNK1",0.0412448369435351,1.48073966178176e-15,3.5095772700376e-15
"PHF6",0.0412013943693379,1.58508237045677e-15,3.7554979648636e-15
"CNPPD1",0.041197842254931,1.59392749326747e-15,3.77506046393654e-15
"DHRS4",0.0411878101257488,1.61917187591809e-15,3.83343422726585e-15
"CSRP1",0.0411752055583647,1.65144820302034e-15,3.90840710829159e-15
"MRPL55",0.0411708695472871,1.66269719005786e-15,3.93357860302775e-15
"PLBD2",0.041168409801787,1.66911206211212e-15,3.9472992961708e-15
"ARHGEF10L",0.041153715874937,1.70794382177567e-15,4.03764464278286e-15
"HGF",0.0411288517589657,1.77568884436826e-15,4.19625032245553e-15
"PPP1R35",0.0411128325494576,1.82072954351453e-15,4.29952180757794e-15
"COPS3",0.0411077429793784,1.8352738612842e-15,4.33227266151562e-15
"ZNF688",0.0410536004937855,1.9972563639373e-15,4.71290799228457e-15
"OAS3",0.0410468757054956,2.01833359969603e-15,4.76089278516535e-15
"SLC9A9",0.041020086202315,2.10449518842157e-15,4.96048535228244e-15
"EIF2A",0.0410188929040857,2.10841625251342e-15,4.96790256192658e-15
"RNF114",0.0410133428271132,2.12674802801373e-15,5.00925673558594e-15
"DCAF7",0.0409974773995444,2.18002122778907e-15,5.13284998073198e-15
"PLPBP",0.0409840593280857,2.22610067769446e-15,5.23942111081719e-15
"LEPROT",0.0409658091093825,2.29031708813924e-15,5.38858615236574e-15
"PHACTR4",0.0409519525679422,2.34028868051388e-15,5.50413936003557e-15
"YIPF5",0.0409510230447438,2.3436790349804e-15,5.51009332665235e-15
"OCEL1",0.0408958856928294,2.55368082529027e-15,5.99722407579149e-15
"DDX49",0.040821418555254,2.86696832070924e-15,6.72312454154624e-15
"MPZL1",0.0408016278448817,2.95640700225706e-15,6.93032785037681e-15
"MRPL37",0.0407943061746087,2.99018677168669e-15,7.00695337002987e-15
"CYB5R1",0.0407745061595384,3.08345264192337e-15,7.2228667946624e-15
"NOLC1",0.040770846784217,3.10100065117189e-15,7.2613212328171e-15
"UNC93B1",0.0407454275582169,3.22563827058032e-15,7.55041778330659e-15
"NQO2",0.0407184364543157,3.36338344085131e-15,7.86997379887018e-15
"TMX1",0.0406594345637101,3.68497440568398e-15,8.61617922261967e-15
"C16orf87",0.0406567027902804,3.70057559426046e-15,8.64950565128418e-15
"RTCA",0.0406491155395459,3.74424839648329e-15,8.74839683606584e-15
"WDR74",0.0406198596804048,3.91744901776802e-15,9.14974623152517e-15
"COQ2",0.0405973130838128,4.05628919337332e-15,9.4705791356198e-15
"SNX2",0.0405917518142876,4.09127313570067e-15,9.54878444476372e-15
"SLBP",0.0405824450812343,4.15048407871358e-15,9.68345667237322e-15
"SERP1",0.0405801427564893,4.16526152010337e-15,9.71440127698409e-15
"RAB18",0.0405568709436984,4.31756965347559e-15,1.00623054474026e-14
"RALY",0.040540060754398,4.43098570315939e-15,1.03228773679995e-14
"HAUS4",0.0405312258013647,4.49176455619841e-15,1.04606756415859e-14
"OPN3",0.0404889973817362,4.79379422828455e-15,1.11559607430808e-14
"HDGFL2",0.0404809391257746,4.85365961505122e-15,1.12911820486471e-14
"SYF2",0.0404713079390175,4.92617642443791e-15,1.14557259656374e-14
"RRP7A",0.0404530429770306,5.06664130645908e-15,1.17781052979136e-14
"LRRC41",0.0404497313608852,5.09252785729464e-15,1.18339944702653e-14
"STX18",0.0404396660346245,5.17200927740666e-15,1.20143416089215e-14
"VARS",0.0404093986424178,5.41844724021803e-15,1.25822502689971e-14
"PYCR2",0.0404061630026456,5.44546608407229e-15,1.26404162067322e-14
"NCOA7",0.0403963396307555,5.52831013998654e-15,1.28280787913756e-14
"HPS5",0.0403959373327753,5.53172917818624e-15,1.28313718030524e-14
"IPO5",0.0403943109784834,5.54557241819592e-15,1.28588336231099e-14
"UBE2W",0.0403902037983406,5.58068398598898e-15,1.29355738634773e-14
"METTL21A",0.0403485827494435,5.94907148488493e-15,1.37844863297298e-14
"ZNF622",0.0403464605294444,5.9684833753032e-15,1.38244726844568e-14
"PMAIP1",0.0403376100034245,6.05011329433569e-15,1.40084903992991e-14
"LLPH",0.0403283944911453,6.13627730983093e-15,1.42028698484399e-14
"TPGS1",0.0402494949242563,6.92516212988724e-15,1.60114739550834e-14
"TIMM10B",0.0402345986809277,7.08492788870049e-15,1.63749630165354e-14
"MSRB2",0.040234150551351,7.08978997119001e-15,1.63802997677908e-14
"SIDT2",0.0402182638331399,7.26429455811321e-15,1.67774348037633e-14
"NCKAP5L",0.0402165530082788,7.28333704865008e-15,1.68153618222882e-14
"MAP2K2",0.0401782626384673,7.72262087885802e-15,1.78167333904182e-14
"SNAP23",0.0401764469189008,7.74408690475368e-15,1.78598352195901e-14
"MINK1",0.0401565840970211,7.98278070449669e-15,1.83970980603631e-14
"ATG3",0.0400782585673986,8.99665573248457e-15,2.07262273535444e-14
"ME2",0.0400622816607694,9.21851759230131e-15,2.12221058027288e-14
"RBPJ",0.040027709690073,9.71719186763886e-15,2.23620886021417e-14
"AC090559.1",0.0400133552048608,9.93195896539327e-15,2.2848135074207e-14
"HMG20B",0.0399995572357478,1.01427997496309e-14,2.33164468626414e-14
"RBM3",0.0399605342760241,1.07632263348308e-14,2.47249767863497e-14
"SMAD5",0.0399585164585805,1.07963036536764e-14,2.47920845533243e-14
"NSMCE4A",0.0399489045524479,1.09552461505959e-14,2.51390770036565e-14
"LINC00963",0.0399479072157247,1.0971869372616e-14,2.51682209133729e-14
"NGDN",0.0399434244727099,1.1046893003626e-14,2.53312600111738e-14
"UBAC2",0.0399195396976594,1.14552216831455e-14,2.62488222568076e-14
"MTDH",0.0399131783642187,1.15664549967884e-14,2.64942432200622e-14
"REPIN1",0.0398916903230352,1.19501074436457e-14,2.73535102955515e-14
"SNRNP48",0.0398756168291908,1.22452472778297e-14,2.80190822163179e-14
"SKI",0.0398173167461655,1.33771782444398e-14,3.05982087758738e-14
"RNASEH2C",0.0398014450015047,1.3702768784031e-14,3.13206143634995e-14
"CCDC32",0.0397735841499163,1.42932617669731e-14,3.26586778835113e-14
"LTV1",0.039769208384307,1.43882504328476e-14,3.28640138046104e-14
"RRP1B",0.039765568424032,1.44677392918162e-14,3.30338132727021e-14
"LAMTOR1",0.0397502023745442,1.48080892671994e-14,3.37868779297124e-14
"CLCN3",0.039737340300342,1.50990241611573e-14,3.4438442594378e-14
"SCO1",0.0397338680953844,1.51785232791414e-14,3.46074645909635e-14
"TMEM199",0.0397326081607245,1.52074722741455e-14,3.46611517267912e-14
"ATP6V1D",0.0396417671579547,1.74442893805367e-14,3.97452275090637e-14
"DDX19B",0.0396384391659424,1.75321062886326e-14,3.99311302619335e-14
"OXLD1",0.039627209667878,1.78316446945101e-14,4.05989468985013e-14
"LCMT1",0.039592489734402,1.87899786013997e-14,4.27656980158143e-14
"HAT1",0.0395538620383032,1.9915776704167e-14,4.52958608060741e-14
"ARL16",0.0395427839514571,2.02507129747806e-14,4.60249998038229e-14
"NEMF",0.0395375792526579,2.04099796405143e-14,4.63705486450212e-14
"COQ4",0.0395003968468239,2.15841841171567e-14,4.90209293082045e-14
"TFAM",0.0394889648573265,2.19583774486579e-14,4.98531315324095e-14
"THOC6",0.0394864162146502,2.20426658192596e-14,5.00267930301979e-14
"PRPF4B",0.0394684740609146,2.26451198093343e-14,5.13759153807244e-14
"QARS",0.0394426967176098,2.35391057557024e-14,5.33852607029293e-14
"ARMT1",0.0394380161974753,2.37051146199834e-14,5.37427616260825e-14
"MR1",0.0394347669482107,2.38210357635562e-14,5.39864943337961e-14
"C5orf24",0.0394319268325844,2.39228170901386e-14,5.41980206392405e-14
"SNRNP35",0.0394261379924947,2.41315982185253e-14,5.46517240275532e-14
"MED29",0.0393867736755266,2.5599622229513e-14,5.79559549133929e-14
"SNHG16",0.0392835831063574,2.98777810015592e-14,6.75937386833582e-14
"MAPRE2",0.0392503767015095,3.13985291028162e-14,7.10091514711558e-14
"PIP4P1",0.03921880487997,3.29148977856762e-14,7.4412256586645e-14
"NONO",0.039216566365147,3.30251051979332e-14,7.46351091757447e-14
"DDX54",0.0391457596448306,3.67046885975366e-14,8.28923907222087e-14
"NUCB1",0.0391101235869435,3.87061994777796e-14,8.73817649012787e-14
"MED10",0.0390854324716227,4.01555360131551e-14,9.05581437822155e-14
"RECQL",0.0390319713731198,4.34789469288018e-14,9.79841670162248e-14
"COPS8",0.0390260738329518,4.38617309171877e-14,9.88121016729902e-14
"HDAC9",0.0389854916017104,4.65871003937223e-14,1.04915000395269e-13
"CBFB",0.0389837958928003,4.67045315252797e-14,1.05142552374103e-13
"NIPSNAP2",0.038940234942363,4.98230057467183e-14,1.12123607460871e-13
"PPHLN1",0.0389377880993492,5.00041189049661e-14,1.12491734535155e-13
"PRPSAP1",0.038923010302666,5.11117991814022e-14,1.14943324061646e-13
"HMGN4",0.0389191879880768,5.14022083728474e-14,1.15555910623752e-13
"DHRS7B",0.0388882871853303,5.38103119590518e-14,1.20884790451427e-13
"GPBAR1",0.038874739353406,5.49007524823691e-14,1.23291294339125e-13
"AASDHPPT",0.0388742185444589,5.49431022397494e-14,1.23343227421355e-13
"PSMD10",0.0388283369834259,5.88027910782929e-14,1.31915632013401e-13
"CNP",0.0388069041055367,6.06959514483628e-14,1.36115073223592e-13
"ZNF721",0.0387871656726511,6.24923711497061e-14,1.40094707650774e-13
"MAX",0.0387755098196947,6.35776239898851e-14,1.42477832874294e-13
"ARSA",0.0387088918432299,7.01452435112335e-14,1.57141020379914e-13
"CEBPZ",0.038684506197449,7.27124237191345e-14,1.62835221843619e-13
"KPNA4",0.0386243740024977,7.94440317509334e-14,1.77848188316116e-13
"IDH1",0.0386080261568089,8.13776566564277e-14,1.8198642213581e-13
"MRPS30",0.0385824892575156,8.44911020139125e-14,1.88883244084064e-13
"PCMTD1",0.0385580612772941,8.75787840337983e-14,1.95683135940769e-13
"RFC2",0.0385579443838062,8.75938226966785e-14,1.95683135940769e-13
"CHM",0.0385418263066391,8.96919452771219e-14,2.00300564183089e-13
"BIRC3",0.0385340900491308,9.07164564580003e-14,2.02518018314033e-13
"CHN2",0.0385000538499878,9.53621724980916e-14,2.12741202624393e-13
"SMC3",0.0384450296411338,1.03371732139475e-13,2.30449281934284e-13
"CMPK1",0.0383694069445467,1.15467605854809e-13,2.57146879265691e-13
"LRRC25",0.0383578438317736,1.17435784792812e-13,2.61439276624108e-13
"RFK",0.0383543137508484,1.18043188366327e-13,2.62700345667136e-13
"RNF146",0.0383362362862564,1.21202402881793e-13,2.69637523193337e-13
"RABAC1",0.0383061495648373,1.26645533123718e-13,2.81649130163528e-13
"TRIM4",0.0382676054569374,1.33970851825461e-13,2.97836793247456e-13
"SDHA",0.0382666093898802,1.34165570716246e-13,2.98166367064578e-13
"KRIT1",0.0382574032606113,1.35978469652054e-13,3.02090672190991e-13
"VPS26C",0.0381898788286992,1.50031758501574e-13,3.33196179489823e-13
"MED7",0.0381775039031472,1.52757701573601e-13,3.3913266896063e-13
"CSK",0.0381702310322042,1.54382409228268e-13,3.42621078384145e-13
"HERC2",0.0380979510792061,1.71480674582864e-13,3.80172774057932e-13
"PHF19",0.0380721601914451,1.78021338108813e-13,3.94537100278461e-13
"ZNF264",0.0380604802672959,1.81063456523471e-13,4.01140585999514e-13
"NKAP",0.0380502606614818,1.83767077287559e-13,4.06849402303994e-13
"PPM1G",0.0380425771247478,1.85825856341032e-13,4.11123687684159e-13
"PCNP",0.0380053180336627,1.96135093238615e-13,4.33782405452931e-13
"PNRC2",0.0379909695388314,2.00253286970684e-13,4.42737797795972e-13
"SGTA",0.0379523896937727,2.11752087815742e-13,4.67355141185345e-13
"CFAP298",0.0379500204012424,2.12479023243034e-13,4.68798285119431e-13
"MTREX",0.0379380579219621,2.16186896961943e-13,4.76651247734649e-13
"ALDH16A1",0.0379209310655583,2.21606392684667e-13,4.88432365326287e-13
"KXD1",0.0379101694998813,2.25079744616174e-13,4.95747216428895e-13
"CSE1L",0.0379019995138386,2.2775230788407e-13,5.01461498759161e-13
"C22orf39",0.0378791616338608,2.35389484765205e-13,5.17920249584779e-13
"SNW1",0.0378789257491628,2.35469664594576e-13,5.17920249584779e-13
"PPP2R3C",0.0378693239559386,2.38756291715058e-13,5.2496928294853e-13
"SHMT2",0.0378556515357626,2.43514159867088e-13,5.35247293493401e-13
"MGME1",0.0378348239472008,2.50941484538155e-13,5.51006353455442e-13
"GAA",0.0378183198292162,2.56984637695169e-13,5.64082598512558e-13
"FOXN3",0.0378000638935077,2.63835811542795e-13,5.78922902482411e-13
"IFI16",0.0377849902511739,2.69627675084628e-13,5.91429457553152e-13
"CIR1",0.0377829523079983,2.70420251802617e-13,5.92965254807106e-13
"FAF2",0.0377557546112618,2.81219326700558e-13,6.1643430137027e-13
"SNX17",0.0377299861197339,2.91841153123894e-13,6.39498920233232e-13
"STAC3",0.0377160029448421,2.97768959831452e-13,6.52265498900171e-13
"ANAPC7",0.0377127116343906,2.99181327783479e-13,6.5513563107809e-13
"TMEM203",0.0377009948054877,3.04262862507593e-13,6.66035662179705e-13
"ATXN2",0.0376605575921661,3.22459940731195e-13,7.05628574260351e-13
"PRPF19",0.0376344932946479,3.34751191821532e-13,7.32275365402983e-13
"CNOT4",0.0376242693239509,3.3969718620083e-13,7.4258846564379e-13
"REST",0.0376211400929436,3.41225290672477e-13,7.45674885883722e-13
"RPAP3",0.0376025420593323,3.50447587305245e-13,7.6556749068793e-13
"WIPI2",0.0375990618115686,3.52200340052996e-13,7.69134575146366e-13
"SPPL2A",0.0375964633709809,3.53514599894043e-13,7.71741977856476e-13
"SMIM14",0.0375775866522229,3.63207876150772e-13,7.92363731174211e-13
"GPALPP1",0.0375672518561194,3.68624915348153e-13,8.0390804108557e-13
"CHROMR",0.037553823077073,3.75782341855971e-13,8.18960429805675e-13
"XRCC6",0.0375389657579925,3.8386023674913e-13,8.36280909671448e-13
"MRPS2",0.0375330577485531,3.87119580366975e-13,8.43095460839956e-13
"P4HA1",0.0375217860051983,3.93413560303193e-13,8.56512182865724e-13
"SMC4",0.0375086563398481,4.00871743533846e-13,8.72453563946117e-13
"GAPDH",0.0375026105527433,4.04352512277883e-13,8.79730660825669e-13
"C8orf82",0.0374719197759791,4.22485139690327e-13,9.18869375001064e-13
"ZMIZ1",0.0374565607118679,4.31856941850788e-13,9.38933967778602e-13
"SFXN3",0.0374529721461524,4.34075862733741e-13,9.43438595968728e-13
"CNOT2",0.0374194484870792,4.55352796692805e-13,9.89347627355583e-13
"EGLN2",0.0374028851167724,4.66239983471288e-13,1.0123166612358e-12
"PNN",0.03737577997743,4.84610120366573e-13,1.051846594138e-12
"SNRPA1",0.0373754320777424,4.84850463984152e-13,1.05201236960511e-12
"RSL1D1",0.0373538063879265,5.00022386788614e-13,1.08419859196882e-12
"IL2RG",0.0373411075615992,5.09147702202978e-13,1.10361204639673e-12
"ZNF511",0.0373309229733954,5.16584273732601e-13,1.11935315780762e-12
"PPIL4",0.0373068462615204,5.34591219551535e-13,1.15798017037227e-12
"ACER3",0.0372606666757252,5.70869938352512e-13,1.23614631267962e-12
"MARCH5",0.0372557338412376,5.74885190836769e-13,1.24442084494221e-12
"RAB29",0.0372338495215736,5.93035604036169e-13,1.28327704401216e-12
"TAF11",0.0371966965606271,6.25146083641172e-13,1.35184943466187e-12
"EIF3L",0.0371832839316136,6.37152664536667e-13,1.37734888668034e-12
"WDR1",0.0371360081948608,6.81305195044509e-13,1.47229846123462e-12
"POLDIP2",0.0371333399206926,6.83884805288257e-13,1.477375390818e-12
"PDLIM2",0.0371066861061961,7.101849119954e-13,1.53367431685038e-12
"THAP5",0.037089569337338,7.27595383384321e-13,1.57074427314731e-12
"NDUFA10",0.0370632275998069,7.55210692044827e-13,1.62882255469995e-12
"EED",0.0370631815714352,7.55259834824244e-13,1.62882255469995e-12
"ODC1",0.0370461845687186,7.7362314507472e-13,1.66786495255356e-12
"GAB3",0.03700208638499,8.23334150842546e-13,1.77384550430013e-12
"NUP160",0.036975414102568,8.54908987493755e-13,1.84063626300669e-12
"CBR4",0.0369681590989026,8.63701153467302e-13,1.85894216727481e-12
"ARPC5L",0.0369363455365119,9.0331460453989e-13,1.94289859293595e-12
"EBPL",0.0369091225303555,9.38623576985315e-13,2.01816651137325e-12
"ZNF672",0.0369030150590653,9.46729248141809e-13,2.03469015933428e-12
"CRK",0.03690285486857,9.46942770538053e-13,2.03469015933428e-12
"FXR1",0.0368620404428088,1.00291413124958e-12,2.15423403618924e-12
"USP18",0.0368591083521548,1.00705781366048e-12,2.16241061996173e-12
"ARHGAP24",0.0367969290397543,1.09899424487622e-12,2.35824316893841e-12
"NAGLU",0.0367926007598264,1.10569201562671e-12,2.37182212379171e-12
"CAPZA2",0.0367509667660493,1.1721986084547e-12,2.51280530298875e-12
"GPI",0.0367426565012365,1.18593588251919e-12,2.5414043494466e-12
"MED6",0.0367401475427578,1.19011427156305e-12,2.54950690028332e-12
"UBE2S",0.0367335582480186,1.20115691239848e-12,2.5723039886344e-12
"C5orf15",0.0367064624422568,1.24763165552057e-12,2.67004826611741e-12
"GGA1",0.0366907912002117,1.27531157138858e-12,2.72837580594503e-12
"CYBRD1",0.0366142131229696,1.41947583238346e-12,3.03477405550558e-12
"MRPL48",0.0366030398421398,1.44180503407265e-12,3.08148604217526e-12
"DNAJC2",0.0365923336163195,1.46352399391999e-12,3.12686311854501e-12
"NKAPD1",0.0365767300340205,1.49575377876773e-12,3.19359608804451e-12
"UBAP2",0.0365693568657937,1.51122459964572e-12,3.22555456797303e-12
"UBL7",0.0365548541240164,1.54211457619729e-12,3.29039146022008e-12
"RPIA",0.036544000683703,1.56563618489245e-12,3.3394686709674e-12
"PDCL",0.0365187254728796,1.62178539489198e-12,3.4580841122057e-12
"MAGT1",0.0364793979620602,1.71310252749723e-12,3.65158332771502e-12
"TNFSF13",0.0364598476570143,1.76035597334646e-12,3.75106075223876e-12
"CDC37",0.0364417778182797,1.80516678592375e-12,3.84526895700092e-12
"GCH1",0.036440915733605,1.80733237907951e-12,3.84860422972921e-12
"U2AF1L4",0.036431748892029,1.83051807853908e-12,3.89668347442161e-12
"JOSD1",0.036423830112677,1.85078175287915e-12,3.93851267876372e-12
"PEF1",0.0363953511250931,1.92549282551096e-12,4.09342676225258e-12
"TRIM14",0.036385957770537,1.95077788479832e-12,4.14443407578346e-12
"MAPKAPK3",0.0363835074566622,1.9574270279865e-12,4.15718365162575e-12
"VPS36",0.0363509205180672,2.04799675516455e-12,4.34809635378416e-12
"TRAPPC6B",0.0363367098133934,2.08876833360367e-12,4.43026037302517e-12
"MARVELD1",0.0363308175200916,2.10590630147885e-12,4.46513378396838e-12
"ST14",0.0362815268097987,2.25477774259631e-12,4.77920515246049e-12
"FLAD1",0.0362679230411538,2.29765101783861e-12,4.86847058469369e-12
"HARS",0.0362605583862219,2.32119380639581e-12,4.91673141691499e-12
"BBC3",0.0362327026343294,2.41239999949072e-12,5.10823709463116e-12
"SNHG15",0.0362045751734335,2.50805986483472e-12,5.30904391051784e-12
"ELOF1",0.0361618964051646,2.66035344448446e-12,5.62956058700934e-12
"RASSF1",0.0361075279445924,2.86754854488291e-12,6.06600443915884e-12
"ZNF146",0.0360627794697019,3.04988538708656e-12,6.44959282911911e-12
"GABPB1-AS1",0.0360319523595413,3.18206136103647e-12,6.72688820178253e-12
"ZNRD2",0.0360064844041731,3.29548243149368e-12,6.96207286152895e-12
"DDX50",0.0359805104367723,3.41523797629279e-12,7.21032143991265e-12
"CSNK2A1",0.0359227852215764,3.69687098662477e-12,7.79977778697287e-12
"ILF3-DT",0.0358930747879714,3.85057522480422e-12,8.11872843981067e-12
"RASA1",0.0358777709406033,3.93217556871934e-12,8.28805468098006e-12
"WDR6",0.035866202346793,3.99498230634011e-12,8.41767043595341e-12
"TOR3A",0.0358525003288734,4.07064460936330e-12,8.57427964992612e-12
"CLPTM1",0.0358263834248397,4.21877235026098e-12,8.88337492591876e-12
"PPP1R11",0.0357811518308,4.4879109480913e-12,9.44699364926306e-12
"KIF22",0.0357792884557929,4.49935214890729e-12,9.46797093715617e-12
"SNX11",0.0357658069644155,4.5829851291454e-12,9.63763768882231e-12
"ZC3H14",0.0357629476931225,4.60091762280882e-12,9.67217806944345e-12
"RAB2A",0.0357575034525945,4.63525263457586e-12,9.74116636208278e-12
"IWS1",0.0357432926119198,4.72606351641507e-12,9.92875688320861e-12
"SLC15A3",0.0357227640822124,4.86033261844715e-12,1.02041538219754e-11
"ILKAP",0.035699178301225,5.01921751799855e-12,1.05308370161801e-11
"SIPA1L2",0.0356691169085554,5.22912104760865e-12,1.09604837116815e-11
"GCNT1",0.0356553850222848,5.32784384720654e-12,1.1163764246792e-11
"TAP2",0.035650223014742,5.36542561893246e-12,1.12388412572872e-11
"TSN",0.0356391440900219,5.44696465770245e-12,1.14059155495492e-11
"ABR",0.0356364728366785,5.46680563785425e-12,1.144372756035e-11
"DPH3",0.0356189038044582,5.59907766712897e-12,1.17167913608283e-11
"ARF5",0.0356099048165211,5.66803804113003e-12,1.18572324981709e-11
"MAPKAPK5-AS1",0.0355788807804603,5.91222105090943e-12,1.23559642549299e-11
"TGIF1",0.0355782047784242,5.91765486666474e-12,1.23632932675093e-11
"ADCY7",0.0355456059725347,6.18557977306299e-12,1.29188410885326e-11
"BRI3BP",0.035528994374224,6.32664456751154e-12,1.32091609323638e-11
"RAPGEF1",0.0354855652082701,6.71050728675004e-12,1.40060555471009e-11
"GTF2H1",0.0354819296417066,6.74365760378051e-12,1.40706690035303e-11
"AGAP3",0.0354742065532472,6.81461277348819e-12,1.42140947837127e-11
"PPP1R8",0.0354084429018039,7.44920363868205e-12,1.55276447517167e-11
"SNHG3",0.0354047091747131,7.48691983382111e-12,1.56011944312427e-11
"GNL2",0.035396483750001,7.57067024724315e-12,1.57705910085429e-11
"HDLBP",0.0353436238107713,8.13121492209106e-12,1.69327734307485e-11
"NSMCE2",0.0353375601215549,8.19805993623787e-12,1.7066434961357e-11
"NELFE",0.0352554056356396,9.1585602078538e-12,1.90536064505804e-11
"CTDNEP1",0.0352550351374166,9.16313221830377e-12,1.90569388371595e-11
"GSS",0.0352409197554344,9.33899369805681e-12,1.94163913048388e-11
"PNKP",0.0352377881820643,9.37845539566329e-12,1.949211850294e-11
"MACO1",0.0352313974609029,9.45949390328756e-12,1.96541816332555e-11
"ATPAF2",0.0352270365862862,9.51518600282202e-12,1.97634941385905e-11
"BTBD7",0.0351936670125709,9.95211012808853e-12,2.06643166931443e-11
"TST",0.0351918643269212,9.97626503312472e-12,2.07077698002356e-11
"SEPTIN2",0.0351583294260509,1.04362282715727e-11,2.16485097285516e-11
"RAB22A",0.0351579049994687,1.04421808008125e-11,2.16538565022667e-11
"SEPTIN9",0.03512886782887,1.08574186801796e-11,2.25076569473448e-11
"TOP1",0.0350617231498076,1.1880530255298e-11,2.46126839257319e-11
"CHCHD7",0.0350476309479553,1.21069528350239e-11,2.50655725684134e-11
"DPF2",0.035029437190264,1.24055356314978e-11,2.56589028406479e-11
"FLOT1",0.0349520066384128,1.37589873458697e-11,2.84308092789372e-11
"SREK1IP1",0.034944315804583,1.39010627971883e-11,2.87151380897489e-11
"PRKX",0.0349413520933536,1.39561951357156e-11,2.88197450887516e-11
"CDC27",0.0349387974774233,1.40038890956529e-11,2.89089293557623e-11
"STUB1",0.0349293715248498,1.41812540383665e-11,2.92562462733632e-11
"GLRX",0.0349228379929627,1.43054823148466e-11,2.94935650809948e-11
"NOL8",0.0349199993414034,1.4359787838442e-11,2.95960163094904e-11
"STARD3NL",0.0348900122931007,1.49459369495856e-11,3.0774432435347e-11
"IL16",0.0348542953343936,1.56747111709859e-11,3.22543126597324e-11
"DDX56",0.0348508822684652,1.57461465778768e-11,3.23909190265014e-11
"SIGLEC7",0.034824267686794,1.63142328304412e-11,3.35487557179842e-11
"SMAD2",0.0348140835340224,1.65368809102827e-11,3.39862474361329e-11
"ARMC1",0.0348140521143578,1.65375723964474e-11,3.39862474361329e-11
"USP36",0.0347710485541734,1.75110280004789e-11,3.59637502084099e-11
"ATR",0.0347596863315895,1.77774636269724e-11,3.64875900929798e-11
"HPS4",0.0347440599433286,1.81503840021213e-11,3.72410821098849e-11
"ANKRD10",0.0347395998582574,1.82582208055899e-11,3.74503659490615e-11
"AC009950.1",0.0346725102801971,1.99580580365713e-11,4.09239055169835e-11
"NFX1",0.0346598618404498,2.02954546923701e-11,4.15891527646907e-11
"NAA15",0.0346522559012952,2.05010248044152e-11,4.19969907870779e-11
"EAPP",0.034644247914224,2.07196642472176e-11,4.24313328471587e-11
"HVCN1",0.0346355722716117,2.09591089123658e-11,4.28925819752285e-11
"HSPA6",0.0346353617495115,2.09649527858972e-11,4.28925819752285e-11
"ZC3H6",0.0346024113884999,2.1899559569618e-11,4.47761549390277e-11
"BRD9",0.0345940690635206,2.2142579307017e-11,4.52586138368338e-11
"MFSD1",0.0345859090024044,2.2382842941296e-11,4.57351338571195e-11
"MAPRE1",0.034563905934444,2.30434890663317e-11,4.70700496178236e-11
"RPS20",0.0345591120651301,2.31899384358014e-11,4.73541199885748e-11
"TNRC6A",0.0345565118547095,2.32697537784999e-11,4.75019854415703e-11
"SAMD4A",0.0345463858594194,2.35831493165125e-11,4.81264268494733e-11
"MCUB",0.0345038493999582,2.49453809249026e-11,5.08901634385294e-11
"TMEM250",0.034478832423862,2.57822112145175e-11,5.25639234675386e-11
"TWISTNB",0.034472275600812,2.60060465095342e-11,5.30034289724179e-11
"HSPA4",0.0344570731762889,2.65323666140288e-11,5.40589597318542e-11
"CIAO1",0.034454343108386,2.66279817855323e-11,5.42365495669762e-11
"MRPL10",0.0344404755381867,2.7118897519467e-11,5.52189293827039e-11
"EPRS",0.0344185742602636,2.79123060955254e-11,5.68164200218563e-11
"TMEM18",0.0344119339979436,2.81573170415985e-11,5.72969699140171e-11
"SRP72",0.034381385730693,2.93118673586573e-11,5.96085391357038e-11
"ZRANB2",0.0343807548770842,2.93361917841257e-11,5.9639102182177e-11
"SART3",0.0343645753001777,2.99668382312702e-11,6.09018796616502e-11
"MTHFD2L",0.0343631602302446,3.00226215211093e-11,6.09959277008985e-11
"BSDC1",0.0343587376394961,3.01976198687451e-11,6.13320446590277e-11
"AMZ2",0.0343294609886205,3.13815131776186e-11,6.37163887808865e-11
"TOR1A",0.0343082369422998,3.22680557429312e-11,6.54956803690753e-11
"FBXO25",0.0342197371465754,3.62364130684481e-11,7.34342470774362e-11
"ZMYM5",0.034198894716029,3.72383236896997e-11,7.54170090887352e-11
"TMEM175",0.0341906591094017,3.76416430793557e-11,7.61857356457874e-11
"PML",0.0340853471178342,4.31915031413632e-11,8.73083440941986e-11
"HGSNAT",0.0340841939486274,4.32565004261288e-11,8.74121910973362e-11
"PIK3C2A",0.0340838817485296,4.32741137425118e-11,8.74202499281977e-11
"SPOP",0.0340624897768296,4.44978388634055e-11,8.98640648875070e-11
"PHF23",0.0340463715610558,4.54421816983875e-11,9.17423026358887e-11
"GART",0.0340376943124758,4.59586591667537e-11,9.27558217093086e-11
"MYL6",0.0340286479864359,4.65032183242641e-11,9.38253612479493e-11
"ANXA2",0.033955162367569,5.11670547313796e-11,1.03137864642328e-10
"STIM2",0.0339325278459749,5.2693600479556e-11,1.0614823883103e-10
"BCL11A",0.0339281631137463,5.29930539750316e-11,1.06717964313811e-10
"IFIT5",0.0339261032472981,5.31349538843075e-11,1.06970148767404e-10
"EMC3",0.0338703002559143,5.71237158803165e-11,1.14928115737884e-10
"TCAIM",0.033858975262734,5.79682544094637e-11,1.16590696016025e-10
"TMEM65",0.0338331485363001,5.99401738921576e-11,1.20519008364802e-10
"IMPACT",0.0338271804281577,6.04050991007864e-11,1.21377737497853e-10
"SLC43A3",0.0338141567432041,6.14319453427102e-11,1.23402429968325e-10
"SNRPA",0.0337866633068153,6.3656030560542e-11,1.2781561551441e-10
"PITPNA",0.033786508777373,6.36687511197092e-11,1.2781561551441e-10
"TTC28-AS1",0.0337772339317906,6.44368078443583e-11,1.29307660990934e-10
"ZNF430",0.0337707776384402,6.49767999604962e-11,1.30319208673505e-10
"SERTAD3",0.0337681227960453,6.52001277824723e-11,1.30726256203857e-10
"PLEKHB2",0.0337497247030799,6.67685527137712e-11,1.33829126589052e-10
"NRBF2",0.0337217512338188,6.92242169753002e-11,1.38664557013277e-10
"JUNB",0.0337147920449637,6.98487227764915e-11,1.39871849355172e-10
"HYOU1",0.0337048128492947,7.07538638210753e-11,1.41640184173485e-10
"PHF14",0.0336429415908561,7.66272648709154e-11,1.53254529741831e-10
"TTC1",0.0336356450546929,7.7350588030595e-11,1.54604789035607e-10
"BUD23",0.0336315368478086,7.77607777945084e-11,1.55376253606218e-10
"NUDT21",0.033601663066054,8.08082115349008e-11,1.61314712261333e-10
"MED4",0.0335990090483944,8.10845290099003e-11,1.61815968313381e-10
"KHDRBS1",0.0335767923686276,8.3434096985186e-11,1.66453098960495e-10
"TAF1B",0.0335597262697037,8.52840391602693e-11,1.7009089065971e-10
"ZNF131",0.0335000215063835,9.2076972887995e-11,1.8341069793523e-10
"RTL8C",0.0334934601016318,9.28550041352904e-11,1.84903074653018e-10
"CRYZL1",0.0334845934266537,9.39166062346749e-11,1.86959027490436e-10
"EDEM2",0.0334664011819394,9.61320351297492e-11,1.91309906139104e-10
"AIFM1",0.0334595475213333,9.6979846695226e-11,1.92937270200487e-10
"CCNDBP1",0.0334365118177262,9.98833270909995e-11,1.98590463779316e-10
"ETV6",0.0334294550294059,1.00789664773681e-10,2.0033038698511e-10
"CCNG1",0.0334136394599088,1.02850234580296e-10,2.04362683514146e-10
"CINP",0.0334119239033456,1.03076210499097e-10,2.04748286861364e-10
"DNAJC1",0.033409010695079,1.03461055429277e-10,2.05449127711e-10
"PIGC",0.0333845540099823,1.06747745429647e-10,2.11910128303408e-10
"GAS2L1",0.0333560956934339,1.1070080530178e-10,2.1968956598089e-10
"SLC35F5",0.0333461415830446,1.12116997534313e-10,2.2243124804581e-10
"PDCD10",0.0333444616982029,1.12357738432383e-10,2.22771090785589e-10
"REEP3",0.0332988075603306,1.19097295174344e-10,2.3584205118475e-10
"TPK1",0.0332837114256048,1.21411548705591e-10,2.40202434935268e-10
"ZC3H7B",0.0332821192912938,1.21658171688853e-10,2.40616162008534e-10
"MAP4K5",0.0332584568723032,1.25381732647224e-10,2.47827848633576e-10
"TBL1XR1",0.0332525132197901,1.26334401964797e-10,2.49633976903645e-10
"IFIH1",0.0332190973246104,1.31823569333446e-10,2.60320104907168e-10
"LPIN1",0.0332041713357242,1.34350105613433e-10,2.65227777727935e-10
"CHD6",0.033164312000906,1.41331328883423e-10,2.78838193762621e-10
"JMJD8",0.033152394082844,1.43486697101607e-10,2.82916609896716e-10
"ERGIC3",0.0331267503262736,1.48233884935289e-10,2.92186975651249e-10
"RREB1",0.0330970216169367,1.53929552613706e-10,3.03227512916653e-10
"SF3A3",0.033040500462774,1.65354070268792e-10,3.25632816097168e-10
"CLDND1",0.0330033391353445,1.73312535991173e-10,3.410960831041e-10
"STIMATE",0.0329720233611892,1.80308681128826e-10,3.5475636250308e-10
"TRIM34",0.032924045100961,1.9156565377349e-10,3.76557976290047e-10
"RILP",0.032914675335454,1.93842828196262e-10,3.80917484136973e-10
"DHX29",0.0329031164265024,1.96688495462206e-10,3.86391116621406e-10
"CCDC130",0.0329010291141058,1.97206699396956e-10,3.87290536679177e-10
"VPS45",0.0328989740385271,1.97718203011055e-10,3.8817625168878e-10
"BLOC1S2",0.0328981289284397,1.97928924854192e-10,3.88471086529365e-10
"WDR73",0.0328658418406189,2.06145853216509e-10,4.04350900103064e-10
"P2RX4",0.0328614907762186,2.07278350726193e-10,4.06448012915421e-10
"NAA25",0.0328322589307353,2.15045965511065e-10,4.2155053917476e-10
"HSD17B11",0.0328010975589192,2.23639382931956e-10,4.38262150547169e-10
"GTF2E2",0.0327613827476772,2.35078986296674e-10,4.60258399780122e-10
"ZHX1",0.032688226601284,2.57665759831835e-10,5.03865746748263e-10
"AL158152.1",0.0326570600386993,2.67919914043088e-10,5.23598589247778e-10
"ATP6V1C1",0.0326457124364562,2.71751496387374e-10,5.3092496979945e-10
"ATP6V1H",0.032598210513119,2.88379902000551e-10,5.63069218270095e-10
"CCAR1",0.0325463715842792,3.07660655141108e-10,6.00167456182836e-10
"ASRGL1",0.0325435354799136,3.0875105894411e-10,6.02111487594349e-10
"DCLRE1C",0.0325078401417655,3.22801764208536e-10,6.29321215181394e-10
"ACTR1A",0.0325035197007952,3.24544198270219e-10,6.32333913179996e-10
"ZFP36",0.0324985902995691,3.26543443202845e-10,6.36036044805542e-10
"EIF4B",0.0324829297061964,3.32975110242813e-10,6.47973402280221e-10
"MTF2",0.0324755870917547,3.3603308640437e-10,6.53725980100193e-10
"GHDC",0.0324664139645729,3.39891959761034e-10,6.61032680759865e-10
"CTU1",0.0324438141820293,3.49584577371259e-10,6.79471265802483e-10
"PPM1K",0.0324341542830236,3.53809369734112e-10,6.87266399095992e-10
"PGK1",0.0324314028866027,3.55021796271186e-10,6.89412785979397e-10
"EIF2B1",0.0324095618648301,3.64791205437179e-10,7.08169553429635e-10
"MFSD14C",0.0323381335139671,3.98608802779534e-10,7.73351702036133e-10
"SRGAP2C",0.0323375090465305,3.9891754538214e-10,7.73716738564635e-10
"UVRAG",0.0323350794395537,4.00120988455331e-10,7.7581633784509e-10
"SRBD1",0.0323347992327206,4.00260009392344e-10,7.7585142606081e-10
"SLC35C2",0.0323332068300423,4.01050954856507e-10,7.77149781443476e-10
"MTMR9",0.0323277399614253,4.03777972210928e-10,7.8219790751972e-10
"PARP11",0.0322990491987575,4.18389119660754e-10,8.10257951024268e-10
"C3orf38",0.0322932870095672,4.21385208209162e-10,8.15567872057311e-10
"PSMD6",0.0322741744899027,4.31473583285013e-10,8.34841529058096e-10
"CASP3",0.0322277215877889,4.56986240276085e-10,8.83938413509605e-10
"KIAA1143",0.0321757112000307,4.87299622516998e-10,9.42004934639669e-10
"SNX15",0.0321558883696258,4.99362169867373e-10,9.64741849403512e-10
"CAND1",0.0321378316812324,5.10603270552278e-10,9.86162126388746e-10
"RNPEP",0.0320855720398068,5.44546933194067e-10,1.05045493787527e-09
"EPM2AIP1",0.0320692317859993,5.55605047935647e-10,1.07146437858585e-09
"ALYREF",0.0320641543280829,5.59085574137461e-10,1.07752870041032e-09
"ZDHHC2",0.0320303058753669,5.82837937588483e-10,1.12263230488373e-09
"EHD4",0.0320163249548477,5.92933530202927e-10,1.14173515299579e-09
"KHSRP",0.0320119533106414,5.96125155665407e-10,1.1475364532701e-09
"OGDH",0.0320065446898553,6.00097055309707e-10,1.15448956727649e-09
"MVB12A",0.0320028964238409,6.02790782793104e-10,1.1593242393287e-09
"CCDC59",0.0319924750848292,6.10550611595922e-10,1.17389653101571e-09
"ISCA1",0.0319415522032605,6.4989189002434e-10,1.2491630816046e-09
"HLA-A",0.0319380171916778,6.52712888066245e-10,1.25412951072001e-09
"DESI2",0.0319304571914698,6.58786045338863e-10,1.26512160038735e-09
"NOL11",0.0319062932344093,6.7856963255524e-10,1.30272374700013e-09
"PSIP1",0.0318885486612521,6.93465403174601e-10,1.33092253268568e-09
"SP110",0.0318856058652687,6.95966391382495e-10,1.3353230762889e-09
"KIAA1191",0.0318676982731189,7.11376253584082e-10,1.36448132824977e-09
"SLC30A7",0.0318326387709122,7.4251532254734e-10,1.42378311699454e-09
"EIF2B4",0.0318053060253623,7.67710218492708e-10,1.47165484369561e-09
"PRKRIP1",0.0318017065581228,7.71089666829195e-10,1.47769154790207e-09
"IDH3B",0.0317882404601292,7.83861807407265e-10,1.50082284581469e-09
"CWC27",0.0317258654923867,8.45764459866259e-10,1.61886180623566e-09
"UQCC3",0.0317180083392034,8.53892471142289e-10,1.63393202948074e-09
"EPHB2",0.031695871142636,8.77204648323238e-10,1.67803966119317e-09
"FOXK1",0.0316715758704749,9.03503959402149e-10,1.7278335032859e-09
"HDHD5",0.0316467089777339,9.31217898740706e-10,1.78030215682967e-09
"HSF1",0.0316325936323873,9.47316354537546e-10,1.81053968743309e-09
"FBXO6",0.031614812353077,9.67982424340172e-10,1.84948637122291e-09
"EMC10",0.0316122811066637,9.70959850636972e-10,1.85462292399131e-09
"LARP1",0.0315749323418846,1.01594398733276e-09,1.93823866271989e-09
"RIN2",0.0315673141263177,1.02536601937312e-09,1.95563269331092e-09
"SURF2",0.0315572697526426,1.03791898115001e-09,1.97898608709017e-09
"RBM25",0.031510801474922,1.09796981191026e-09,2.09224066326589e-09
"EIF2S3",0.0314824301318848,1.13628547365216e-09,2.16461033223049e-09
"SCAMP3",0.0314744992855454,1.14722722886962e-09,2.18480555073537e-09
"EID2",0.0314266951697195,1.21538858689964e-09,2.3139267577294e-09
"ROMO1",0.0314207285674608,1.22416833816544e-09,2.32995077355961e-09
"EML4",0.0313810490163653,1.28414903053674e-09,2.44266237175326e-09
"CCSAP",0.0313671018697982,1.30590483260115e-09,2.48330924895345e-09
"RING1",0.0313423445237729,1.34541137647079e-09,2.55757954150674e-09
"KLF3",0.0313314026483634,1.36324084696271e-09,2.58926976735131e-09
"FRA10AC1",0.031330872652083,1.36411028321743e-09,2.58938804056895e-09
"KATNA1",0.031328260576648,1.36840318333871e-09,2.59676865551647e-09
"IRF5",0.0313170586622309,1.38696313419517e-09,2.63121096067305e-09
"ODR4",0.0313138555626583,1.39231516354461e-09,2.64058353216147e-09
"ITFG1",0.0313006706931476,1.41455838868535e-09,2.68197595207011e-09
"LRRC59",0.0312991446086753,1.41715518942141e-09,2.68610567070245e-09
"AP1B1",0.0312873597062199,1.43736558073807e-09,2.72360825930759e-09
"VPS26A",0.0312841997908262,1.44283222895391e-09,2.73315960465554e-09
"INIP",0.0312344329888074,1.53164906693472e-09,2.89883788007467e-09
"SUDS3",0.031220314654421,1.55780103544479e-09,2.94746430062334e-09
"ALG13",0.0312174322924356,1.563193390349e-09,2.95679504495259e-09
"RNF41",0.0312119920596195,1.57342064857599e-09,2.97526285919939e-09
"IFI44L",0.0312051736603324,1.58633087413804e-09,2.99879165835878e-09
"CCM2",0.0311896942523222,1.61602457915525e-09,3.05402465386158e-09
"TARS",0.0310751959667905,1.85312604797787e-09,3.50004613595114e-09
"ERAP2",0.0310641810866745,1.87764640528758e-09,3.54531469579903e-09
"ACOT9",0.0310030448535019,2.01959718810023e-09,3.80997811198209e-09
"DHDDS",0.0310023494143757,2.02127056987246e-09,3.81201410238146e-09
"RPL13A",0.03099133242528,2.04796079331753e-09,3.86121553039239e-09
"POR",0.0309772984317617,2.08245777877727e-09,3.92394981164023e-09
"IRF2BPL",0.030976003943154,2.08566812985398e-09,3.92884519117531e-09
"PITPNB",0.0309721266907391,2.09531264697953e-09,3.9458544006518e-09
"PGRMC2",0.0309664385713439,2.10954029071713e-09,3.97095311765098e-09
"CEP57",0.0309636861687757,2.11645859542181e-09,3.98216960358543e-09
"KIF2A",0.0309380787064442,2.18189269687678e-09,4.10167698305345e-09
"CTNNBIP1",0.0309376296960313,2.18305744162301e-09,4.10266448314389e-09
"LMF2",0.0309242782788159,2.21796946957015e-09,4.16461577897633e-09
"GNG10",0.0309230370419802,2.22124261779532e-09,4.16954143820209e-09
"DNASE1L1",0.0308688272146756,2.36887659918969e-09,4.44276885717656e-09
"CD164",0.030847309052293,2.43009140011778e-09,4.55624384078191e-09
"SLC33A1",0.0308354245757119,2.46455792741846e-09,4.61951611519627e-09
"HADHB",0.0308172139642186,2.51829662590665e-09,4.71886423826432e-09
"ATXN3",0.0308103181913914,2.53894219236458e-09,4.75616149086456e-09
"RSU1",0.030793574006054,2.58976183406518e-09,4.84994510430887e-09
"RBMX2",0.0307819117927439,2.62574121889065e-09,4.91589018395168e-09
"TNRC6B",0.0307808828605958,2.62893887068918e-09,4.92044101351861e-09
"CAPZA1",0.0307468256824844,2.73694635964479e-09,5.12109881699649e-09
"HDAC2",0.0307339686184956,2.77883416009062e-09,5.19795917525988e-09
"ABRAXAS1",0.0307272713674516,2.80090015147013e-09,5.237707773778e-09
"TUSC2",0.0307045922935247,2.87689729028904e-09,5.37825554035387e-09
"ADA2",0.0306799934403449,2.96159760057178e-09,5.53498695172401e-09
"PFDN5",0.0306531145006627,3.05692519658569e-09,5.71148283671922e-09
"GORASP2",0.0306160537227428,3.19327719855455e-09,5.96450262181251e-09
"RPS17",0.0305881468870431,3.29984064338656e-09,6.15995855919934e-09
"SCNM1",0.0305559258995375,3.42718725509565e-09,6.39396145062335e-09
"PIP4K2A",0.0305553205291704,3.42962505869588e-09,6.39664952807929e-09
"TICAM2",0.030540635046559,3.48928281609187e-09,6.50602689568307e-09
"SPINT1",0.030529087908283,3.53689977165126e-09,6.59289626232263e-09
"FAM20C",0.0304896284983046,3.70444085534924e-09,6.89718297385977e-09
"MCFD2",0.0304846026117145,3.72632719397545e-09,6.9339081428499e-09
"TSR3",0.0304451545920698,3.90253880213676e-09,7.25969526080298e-09
"RBBP4",0.0304387625057786,3.9318451130782e-09,7.31209224507528e-09
"CIZ1",0.0304262388289907,3.9898856625813e-09,7.41788073344585e-09
"STX2",0.0304205649454304,4.01645475566643e-09,7.46511405340551e-09
"TNIP2",0.0304034781247388,4.09751153583466e-09,7.6135632823386e-09
"DNAJB12",0.030393378940154,4.14616648145742e-09,7.70173831645362e-09
"UFL1",0.0303799356691209,4.21180544147279e-09,7.82140194283341e-09
"CLEC4A",0.0303673772735027,4.27403681231784e-09,7.9346701932382e-09
"RNF2",0.0303385527406143,4.42027581343319e-09,8.20141400202063e-09
"CACUL1",0.0303264547081704,4.4830946935658e-09,8.31556390688585e-09
"SH2D3C",0.0303182017968751,4.52644539433894e-09,8.39112211790772e-09
"PSMD11",0.0303002054210381,4.62239565189665e-09,8.56651949814237e-09
"MFSD11",0.030253742420088,4.8793624538238e-09,9.03231087816893e-09
"CBWD5",0.0302480151125213,4.91198419170259e-09,9.09007515833971e-09
"KLHDC2",0.0302137692378989,5.11151652452332e-09,9.45660035217464e-09
"APPBP2",0.0301566743593887,5.46184065631e-09,1.00959866467545e-08
"CRCP",0.0301510143692054,5.49781566049473e-09,1.01595579716976e-08
"GPAA1",0.0301482804128942,5.51527520021266e-09,1.01888873263934e-08
"AP5M1",0.0301413467473862,5.55979706179501e-09,1.02681801809087e-08
"DNAJC21",0.030136094186618,5.59375691494354e-09,1.03279264363389e-08
"COMMD2",0.0301172245253116,5.7174292551003e-09,1.05501944494459e-08
"MRPL23",0.0301165414185746,5.72195588452483e-09,1.05555114879561e-08
"CASP2",0.0300732266345791,6.01621353491602e-09,1.10919615057532e-08
"RBM14",0.0300580699207169,6.12261607961025e-09,1.12848907689685e-08
"PHTF2",0.030055174688739,6.14314825602514e-09,1.13194828290228e-08
"RPUSD3",0.0300248063281686,6.3625879153018e-09,1.17170964594077e-08
"DCUN1D5",0.0300114175206202,6.4617387524387e-09,1.18962742713477e-08
"CCNI",0.0299444060523513,6.98101330884601e-09,1.28485890388858e-08
"TDG",0.0299278650572577,7.11530682483663e-09,1.30920013157877e-08
"SEPHS2",0.0299101739780353,7.26171768879771e-09,1.33575632715958e-08
"WDR11",0.0299014513902865,7.33497976802772e-09,1.34884580658257e-08
"WDR70",0.0298912869619939,7.42125902599486e-09,1.36393004614102e-08
"LPP",0.0298785078817743,7.53113353796599e-09,1.38372717009135e-08
"GDI2",0.0298773632897156,7.54105156579017e-09,1.3851527868912e-08
"GNA12",0.0298742396747526,7.56818273270242e-09,1.38973842052143e-08
"NOSIP",0.0298573407665594,7.71661748142049e-09,1.416589921625e-08
"KMT2E",0.0298489039699712,7.79177925333126e-09,1.42997870965027e-08
"NBEAL1",0.0298097333274164,8.15016938163223e-09,1.49532418508872e-08
"ASL",0.0298088378734076,8.15854685831825e-09,1.49643329453888e-08
"TRIM27",0.0298062720385708,8.18259807995028e-09,1.50041581254533e-08
"DISC1",0.0297704773109699,8.52540021287369e-09,1.56238125580684e-08
"SSRP1",0.0297689875598234,8.53996594156754e-09,1.56460369734715e-08
"HSDL2",0.0297603706663715,8.62469168011352e-09,1.57967518754235e-08
"RHOQ",0.0297260990772723,8.96982905494179e-09,1.64242075389573e-08
"LASP1",0.0297254198607066,8.97680310490322e-09,1.64322877948813e-08
"PGP",0.0297162275007541,9.07170826543652e-09,1.66012778753681e-08
"XIAP",0.0297142764038727,9.09197719421648e-09,1.66336257992851e-08
"MTIF2",0.0296909274635388,9.33797906805721e-09,1.70739451982488e-08
"LRP10",0.0296411320604089,9.88442224395205e-09,1.80627892672163e-08
"RBM6",0.0296289186306085,1.00231242485257e-08,1.83104992107965e-08
"ABCF2",0.0296286948440826,1.0025683249303e-08,1.83104992107965e-08
"SAP30L",0.0296249852490422,1.00681951204691e-08,1.83829083360643e-08
"TMED7",0.0296147014963262,1.0186964813743e-08,1.85944711934496e-08
"MPST",0.0295884977974524,1.04957867757699e-08,1.91527212609044e-08
"ITPR1",0.0295792892051101,1.06064596188212e-08,1.93491739875908e-08
"TTL",0.0295723133565356,1.06910525509463e-08,1.94979514402704e-08
"BAZ1B",0.029562952812519,1.08055944535671e-08,1.97012486541877e-08
"CCDC6",0.02956268609242,1.08088756329234e-08,1.97016324036467e-08
"MAD1L1",0.0295510889003769,1.09524839411009e-08,1.99520547887857e-08
"SF3B4",0.0295461977194402,1.10136059305415e-08,2.00577052654993e-08
"GNAI3",0.029541792549783,1.10689381602423e-08,2.0152754607297e-08
"REV3L",0.0295342542407665,1.11642522610481e-08,2.03205226969886e-08
"RALGDS",0.0295159436787339,1.13991038858474e-08,2.07421016822453e-08
"SAT2",0.0295107448305575,1.14666548269844e-08,2.08591033087417e-08
"PTPA",0.0294975119974612,1.16403547898614e-08,2.11690805928998e-08
"PNPT1",0.0294910844627826,1.17256453563346e-08,2.13181469555803e-08
"SGSM3",0.029469529543866,1.2016125605109e-08,2.18400741876428e-08
"CARD8",0.0294043303268478,1.29379733662873e-08,2.35022755147507e-08
"MYLIP",0.0293995503893975,1.30081960563824e-08,2.3623149136074e-08
"CASP8AP2",0.0293910112839598,1.31345678999962e-08,2.38458935049167e-08
"TOMM70",0.0293700154870494,1.34503814683955e-08,2.44123472422138e-08
"MAPKAP1",0.0293402555032593,1.39106934264237e-08,2.5233533792461e-08
"HERC4",0.0293390669140803,1.39293921810916e-08,2.52603109762249e-08
"ALDH9A1",0.0293365768036839,1.3968645518211e-08,2.53243372830862e-08
"GLUD1",0.0293355279594711,1.39852113201689e-08,2.53472078616394e-08
"WDR75",0.0293056186160876,1.44657238845936e-08,2.6195903032332e-08
"RAPGEF6",0.0292912199924549,1.47027282936134e-08,2.66175803419366e-08
"PARL",0.0292734729236352,1.50000420061118e-08,2.71481719354621e-08
"APOOL",0.0292655599131779,1.51344820838881e-08,2.7383766793634e-08
"RMDN1",0.0291979146466242,1.63325386323425e-08,2.95348274704367e-08
"RNF4",0.029173082102835,1.67950538257837e-08,3.03626557752121e-08
"DCAF15",0.0291705475852386,1.68429692964759e-08,3.04407016918844e-08
"PCBP1",0.0291572484288602,1.7096575974439e-08,3.08903496063083e-08
"CAPN1",0.0291498208383264,1.7239825341297e-08,3.11404052336041e-08
"RNF126",0.0291027486311391,1.81751413527826e-08,3.28113975575277e-08
"ATF7",0.0290562600338879,1.91471350345524e-08,3.45564046080698e-08
"PHF11",0.0290210124935811,1.99175519428255e-08,3.59266272884927e-08
"SELENON",0.0290196812900136,1.99472305682112e-08,3.59700481522324e-08
"SNX4",0.028987141994667,2.06861780731033e-08,3.72920816288369e-08
"AP1AR",0.028957733124065,2.1376848350894e-08,3.85263648930719e-08
"RNF135",0.0289551093481245,2.14395444057707e-08,3.86285079773729e-08
"STX5",0.0289449919946232,2.16829775744102e-08,3.90561437724357e-08
"OTULIN",0.028944027201744,2.17063310438564e-08,3.90872354693749e-08
"SRSF10",0.0289177169807308,2.2352683050302e-08,4.01947349917986e-08
"FASTK",0.028883144712537,2.32304656167603e-08,4.17497667779088e-08
"TRMT1",0.0288719966969351,2.35205782647333e-08,4.22593195593753e-08
"SCAMP1",0.0288583147477404,2.38814419207321e-08,4.28956694746409e-08
"COIL",0.0288365958547417,2.44653424988738e-08,4.3932168338308e-08
"NUDT16L1",0.028831601971718,2.46015466344621e-08,4.41643881384188e-08
"ATG5",0.0288221829274469,2.48604492044212e-08,4.46166831036549e-08
"TCEA1",0.0288198863963503,2.49239740997783e-08,4.47181817181704e-08
"ZPR1",0.0287474555685001,2.70103359859584e-08,4.84073507502539e-08
"RBM28",0.0287366057112891,2.73371111768134e-08,4.89656352067098e-08
"TEX261",0.0287202331413718,2.78374921865299e-08,4.9847990474121e-08
"TEP1",0.0287129346206345,2.80634038859231e-08,5.02385042779249e-08
"PHF20",0.0286973838223759,2.85506974596508e-08,5.1082341020948e-08
"ZCCHC3",0.0286932539022601,2.86814844492399e-08,5.13020363050803e-08
"LPCAT3",0.0286657934664021,2.95660063260689e-08,5.28683112865906e-08
"CHTOP",0.028665560462292,2.95736236296093e-08,5.28683112865906e-08
"HEXD",0.0286242887386653,3.09533343380348e-08,5.53039802597692e-08
"WSB2",0.028617654988894,3.11808473297789e-08,5.56794646445481e-08
"TGS1",0.0286170272716611,3.12024595226316e-08,5.57025543397897e-08
"SEC23IP",0.0286146579086093,3.1284167293331e-08,5.58328838258726e-08
"FBXW11",0.0285637784853917,3.30896804043191e-08,5.89895497288444e-08
"NUDCD3",0.0285615771394994,3.31700366158552e-08,5.91163763687019e-08
"TMEM248",0.0285397186115068,3.39782835036236e-08,6.0523227917615e-08
"GPANK1",0.028531454847605,3.42887957147717e-08,6.10593708870317e-08
"GPATCH2L",0.0284903334757242,3.58753169731265e-08,6.3831401469656e-08
"GNB4",0.0284836551922706,3.61396057189318e-08,6.42838121132982e-08
"ALDH3A2",0.0284732593825643,3.65547745712233e-08,6.50042776188938e-08
"ZNF581",0.0284683305323287,3.675322675766e-08,6.53390697913956e-08
"CASP7",0.0284653963937775,3.68718608110652e-08,6.55318168874777e-08
"RCHY1",0.0284411320773949,3.78672609215592e-08,6.7263661703412e-08
"UBE2G2",0.0284373947107216,3.80228775114132e-08,6.75027067275116e-08
"PMF1",0.0284134716596512,3.90337764857219e-08,6.92782046839258e-08
"SON",0.0283787343700827,4.05481768240802e-08,7.19461013560007e-08
"PSMD12",0.0283452240696934,4.20629860578637e-08,7.46132481468768e-08
"PMM2",0.0283232409818742,4.30863672195287e-08,7.64074439139017e-08
"MTERF4",0.0283159883208286,4.34292663861932e-08,7.6994245132306e-08
"ZNF280D",0.0283094087687845,4.37426292672996e-08,7.75283727566283e-08
"VGLL4",0.028286450941886,4.48532979038586e-08,7.9431067996455e-08
"C15orf40",0.0282815524923341,4.50937926834157e-08,7.98349265609258e-08
"VAMP3",0.0282669450152896,4.58184084152734e-08,8.10954230047984e-08
"RCAN3",0.0282370893867849,4.73346988359164e-08,8.36637541959338e-08
"ZCCHC9",0.0282321081299728,4.75923739017562e-08,8.40960261508311e-08
"NKTR",0.0282224731094551,4.80946471482939e-08,8.4936761933238e-08
"MAML2",0.0281827199242032,5.0221856815786e-08,8.8644685922994e-08
"DDIT4",0.0281722023847344,5.07997372855331e-08,8.96400204686414e-08
"VPS35L",0.0281179442184291,5.38848080232874e-08,9.50054763059664e-08
"RSBN1",0.0281054654810613,5.46196072450002e-08,9.62481186717719e-08
"GNPTAB",0.0280605321813182,5.73467558203565e-08,1.00998294082736e-07
"NAP1L4",0.0280067726952489,6.07832154890452e-08,1.07021160970833e-07
"RBM15B",0.0280031365349058,6.10227180354646e-08,1.07413376931561e-07
"CEP170",0.0279996785309681,6.12513340478842e-08,1.07786220310265e-07
"RETREG2",0.0279104874292576,6.74431128888866e-08,1.18617053808963e-07
"GALC",0.0279067775060532,6.77133780668845e-08,1.19059751624317e-07
"DHRS1",0.0278190137442491,7.44216590757426e-08,1.30819004008209e-07
"ZNF644",0.027789375764397,7.68291483664413e-08,1.34976948499202e-07
"RNPS1",0.0277760092386146,7.79394273935924e-08,1.36890053697588e-07
"AKAP11",0.0277549684564382,7.97187091237707e-08,1.39976802883994e-07
"RABEP1",0.0277473488911562,8.0372696745503e-08,1.41086517734377e-07
"WDR45",0.027711554710312,8.35150822443178e-08,1.46562573216505e-07
"PTCD3",0.0276877123320398,8.56738788580907e-08,1.50268891950112e-07
"UBLCP1",0.0276845247526983,8.59665597273638e-08,1.50741035039838e-07
"PTTG1IP",0.0276710186124454,8.72174590609094e-08,1.52892682331911e-07
"INAFM2",0.0276638177093782,8.78915697664272e-08,1.54032316749904e-07
"RASAL3",0.0276594420553673,8.83036565045008e-08,1.54712250172823e-07
"TTC14",0.0276561524117312,8.8614697017888e-08,1.55172460716913e-07
"DHX30",0.0275336631547757,1.00982052993222e-07,1.76539741690602e-07
"TIAM1",0.0275074864373203,1.03833815848715e-07,1.81426405905597e-07
"TRAK1",0.027466441501698,1.08462925120981e-07,1.8946314390858e-07
"MSI2",0.0274546306735088,1.09831560633757e-07,1.91801658417578e-07
"WAC-AS1",0.0274313961481649,1.12572913593949e-07,1.96535459488103e-07
"TRAF7",0.0274272799723943,1.13065420279732e-07,1.97341604057334e-07
"TCN2",0.0274089756358721,1.15280929145424e-07,2.01153777915975e-07
"BAD",0.0274080895115487,1.15389242537866e-07,2.01288031572308e-07
"NOC4L",0.0274030782489688,1.16003638402159e-07,2.02249821735939e-07
"HACD2",0.0273630713624375,1.21023414062667e-07,2.10829819339146e-07
"ATM",0.0273515890134926,1.22502533037947e-07,2.13348602598119e-07
"R3HCC1",0.0273214093982518,1.2647405349418e-07,2.20026444473606e-07
"METTL14",0.0273001600068951,1.29344821148546e-07,2.24959710623224e-07
"RAP2B",0.0272772715265613,1.32507532056585e-07,2.30210757020052e-07
"GGCX",0.0272593583824147,1.35034811830422e-07,2.34537994776391e-07
"RERE",0.0272521425908108,1.36065972723652e-07,2.36201104165301e-07
"USP14",0.0272474258143393,1.36744128184243e-07,2.37249953063847e-07
"SF3B3",0.0272199278301758,1.40763221340833e-07,2.44091034627779e-07
"HADHA",0.0272136375293154,1.41698539439604e-07,2.45646535813159e-07
"PCMT1",0.027209068320655,1.42381710748024e-07,2.46764196693496e-07
"LRPPRC",0.0271776404907686,1.47167747350566e-07,2.54990080205571e-07
"MT1F",0.0271767516547396,1.47305342499322e-07,2.55159578152174e-07
"DDX19A",0.0271757208643355,1.47465068526928e-07,2.55367308952435e-07
"SRSF11",0.0271645020745983,1.49214342750714e-07,2.58326827600804e-07
"PDLIM5",0.027163642407093,1.49349209870642e-07,2.58490566638801e-07
"CLPTM1L",0.0271622614110668,1.49566111349324e-07,2.58796162464202e-07
"CXCR4",0.0271527431264613,1.51069375951771e-07,2.61326804019025e-07
"REPS1",0.0271174524958573,1.56771537182929e-07,2.7104451160487e-07
"DAGLB",0.027113956280935,1.57347645106555e-07,2.71967265895382e-07
"KLF16",0.0271110256218074,1.57832137237127e-07,2.72731212634907e-07
"SNRNP27",0.0270977400834857,1.60046634066888e-07,2.7640893786626e-07
"SLC35A4",0.0270800025930611,1.63050082087164e-07,2.81368834500065e-07
"RALGAPA1",0.0270708788725038,1.64616133367515e-07,2.83994921130942e-07
"SSBP3",0.0270516047266003,1.67972422861106e-07,2.89707275558295e-07
"BABAM1",0.0270162865873487,1.74295000056127e-07,3.0053123363615e-07
"NARS",0.0270113723853643,1.75192760895741e-07,3.0199805317224e-07
"CD52",0.0270022171546021,1.76877239303884e-07,3.0481986768029e-07
"MTCH1",0.0269650594953741,1.83876060254865e-07,3.16711087945024e-07
"ELMSAN1",0.0269464955401539,1.87472211357458e-07,3.22731877668218e-07
"PLAC8",0.0269255560001552,1.91610152096223e-07,3.29766828285774e-07
"THRAP3",0.0268806794835868,2.00777808699407e-07,3.45081816398445e-07
"SS18",0.0268718296500134,2.02635088187779e-07,3.48180697860951e-07
"UBTF",0.0268714336289872,2.02718586501521e-07,3.48230910573964e-07
"PRPF38A",0.0268573553879851,2.05708584224679e-07,3.53178024186658e-07
"HNRNPR",0.0268550375377717,2.06204927826492e-07,3.53935478045686e-07
"WDFY4",0.0268372370095473,2.10055490628342e-07,3.60448255648955e-07
"DAAM1",0.0268289422187364,2.11873443361364e-07,3.63470591606019e-07
"TGFBR2",0.026801680983525,2.17955958241454e-07,3.73705352238687e-07
"MEMO1",0.0267756279801796,2.2392635721512e-07,3.83839569300616e-07
"RNF34",0.0267544982638947,2.28884276336988e-07,3.92233311158685e-07
"KPNA3",0.0267228040528338,2.36520456836558e-07,4.04994729400415e-07
"CAPRIN1",0.0267120258115269,2.39172932368996e-07,4.09318093912904e-07
"WDR55",0.0267070798603434,2.40399705629194e-07,4.11307869684508e-07
"ATL3",0.0266890978961802,2.4491130981249e-07,4.18915212945065e-07
"NUP107",0.0266732002100133,2.48968008946652e-07,4.25740603785106e-07
"SFPQ",0.0266574652088097,2.53047071669603e-07,4.32600589350433e-07
"SRP68",0.0266412128193527,2.57328006807277e-07,4.39801942374931e-07
"NR1D2",0.0266312056494908,2.59998637322841e-07,4.44248004544168e-07
"SMIM27",0.0266135377579912,2.647791912542e-07,4.52295870896419e-07
"HNRNPUL1",0.0266116288828389,2.65300745045156e-07,4.53066164548768e-07
"SLC8B1",0.0266103005782932,2.65664257325976e-07,4.53566225386765e-07
"SCAF1",0.0266097180763117,2.65823820221313e-07,4.53717911822278e-07
"GSDMD",0.0266065674686813,2.66688461578648e-07,4.55072651459735e-07
"CHMP2B",0.0265769989474507,2.74936618765745e-07,4.68897752791339e-07
"RNF14",0.0265619213446552,2.79236828705228e-07,4.75978611310506e-07
"PCSK7",0.0265345796141018,2.87201082673775e-07,4.89424208880463e-07
"ZDHHC1",0.0265071455313721,2.95412492810247e-07,5.0328373708724e-07
"RFXANK",0.02644629652505,3.14442406232611e-07,5.35419978340879e-07
"RANBP3",0.0264453210899515,3.1475689797628e-07,5.35813281352034e-07
"ARL8B",0.0264403366681861,3.16368680581567e-07,5.38414178941999e-07
"HMGCS1",0.026431981281064,3.19088401845922e-07,5.4289874999826e-07
"GRN",0.026430152941642,3.19686538582464e-07,5.43772224693821e-07
"CARM1",0.026422303168255,3.22266895348829e-07,5.4801600862923e-07
"AC118549.1",0.0263745419923639,3.3840558196726e-07,5.75155023550182e-07
"CERS5",0.0263442083889135,3.49057558429567e-07,5.93102037840069e-07
"RUFY1",0.0263238318109187,3.56393959869378e-07,6.05407372656057e-07
"AC025159.1",0.0263171318959596,3.58838550508762e-07,6.09398660684017e-07
"NR1H2",0.0263157011052221,3.59362694619196e-07,6.10127295230686e-07
"LCORL",0.0263054280140671,3.6314781292402e-07,6.16390573471035e-07
"MKNK1",0.0262985516471009,3.65702875114463e-07,6.2039916624389e-07
"UTP23",0.0262615431093007,3.797549354043e-07,6.4406758275284e-07
"SH3GLB2",0.026237016108474,3.89353356927942e-07,6.59997658665701e-07
"ABT1",0.0261972461247931,4.05416486564991e-07,6.86682201109023e-07
"MAT2B",0.0261860986991603,4.10032473394505e-07,6.94317326286393e-07
"CCDC47",0.0261743979111847,4.14932133318912e-07,7.02428645745156e-07
"GINM1",0.0261406644222612,4.29376149239227e-07,7.26688835008937e-07
"PMPCB",0.0261317785869629,4.33260875674973e-07,7.32683652696528e-07
"UCHL5",0.0261176289628217,4.39516910729736e-07,7.43067325228455e-07
"MLF2",0.0261128327125613,4.41657204875225e-07,7.4629250104805e-07
"ARL2BP",0.0261090404837697,4.43356575098141e-07,7.48966768254259e-07
"CCDC85B",0.0260779853917277,4.57512282604686e-07,7.72676705762482e-07
"GIT2",0.0260139945784178,4.88068376828729e-07,8.24064922561349e-07
"RANGAP1",0.0259878641603579,5.01103739713998e-07,8.45629035771964e-07
"XPR1",0.0259565283444743,5.17178873142626e-07,8.72297489506595e-07
"CHKB",0.0259504576922898,5.20350070255234e-07,8.77415519252978e-07
"KCMF1",0.0259152930070196,5.39091600577066e-07,9.08301394249595e-07
"TMEM160",0.0258914713779513,5.5215567994572e-07,9.29824368118567e-07
"RAB35",0.0258868651111313,5.54716789632535e-07,9.3389213389723e-07
"EIF2AK4",0.0258557768725816,5.72303933923956e-07,9.63248174201496e-07
"CDIPT",0.0258327657661954,5.85666628567035e-07,9.85480484890138e-07
"TOR4A",0.0258139999990884,5.96786192461204e-07,1.00392769030705e-06
"LFNG",0.0258024276227561,6.03744491754466e-07,1.01536688311839e-06
"CBX1",0.0257724249452129,6.22150779094179e-07,1.04604806044766e-06
"CD33",0.0257716644523405,6.22624289544605e-07,1.04656993495368e-06
"DDX27",0.025740995576764,6.42011965696945e-07,1.07887605340796e-06
"AP3D1",0.0257384652749821,6.43637250799649e-07,1.0813240641871e-06
"ZNF292",0.0257328986979919,6.47226791010274e-07,1.08706991914186e-06
"C6orf226",0.0257099852815914,6.6220642308919e-07,1.11106600694044e-06
"LONP2",0.0256991219561265,6.69424526872649e-07,1.12288307566403e-06
"ZDHHC6",0.0256906535695452,6.75103847004203e-07,1.13211350820151e-06
"CSTF2T",0.0256855181966197,6.78570466894404e-07,1.13762950498942e-06
"MVP",0.0256767731655868,6.84513287897055e-07,1.14729290886821e-06
"DLST",0.025665090726668,6.92530561389808e-07,1.16042728698799e-06
"CLSTN1",0.0256646118660398,6.92861110524394e-07,1.16067803789152e-06
"RAB5A",0.0256453898424756,7.06255986299388e-07,1.18249958457643e-06
"FAM78A",0.025601874976114,7.37507348836246e-07,1.23450225675277e-06
"NMRAL1",0.0255442958496555,7.8091256780634e-07,1.30613530632051e-06
"IRF2",0.0255217908303218,7.98537851152971e-07,1.33526683685105e-06
"FGFR1OP2",0.0254696472878255,8.40859714645902e-07,1.40566855892864e-06
"MBD5",0.0254621885161334,8.47087407722537e-07,1.41571055169258e-06
"NUFIP2",0.0254448816243499,8.61709349305036e-07,1.43977270446383e-06
"ZNF195",0.0253957647472212,9.04542089013983e-07,1.51055232772351e-06
"BISPR",0.0253834782875833,9.15572939316724e-07,1.52857558643146e-06
"PPP1CC",0.0253374801916458,9.58031719546688e-07,1.59904565884796e-06
"SEC22C",0.0253239110400989,9.70914662587073e-07,1.61970579177292e-06
"P2RX7",0.0253122403692817,9.82128389919992e-07,1.63798693780262e-06
"LINC00623",0.025289215642666,1.00461833223795e-06,1.67506008826369e-06
"ARL4A",0.025259219419158,1.03466235637919e-06,1.72425809831919e-06
"TUT4",0.025251446862167,1.04258726367464e-06,1.73701373246858e-06
"DNTTIP1",0.025250665266869,1.04338740400171e-06,1.73789553065291e-06
"MAN2B2",0.0252374686914094,1.05698665877202e-06,1.75963321294273e-06
"GATC",0.0252211942181703,1.07399273765457e-06,1.78748052004973e-06
"TBC1D22A",0.0252063138836744,1.08977221476997e-06,1.81327244034339e-06
"ZKSCAN1",0.0251862434582586,1.11140914673056e-06,1.84879468120905e-06
"CNOT6L",0.0251800514862323,1.11816743330601e-06,1.85955475689252e-06
"FOPNL",0.0251712307411652,1.12786324827048e-06,1.87519321091044e-06
"IMMT",0.0251553552432369,1.14551787973395e-06,1.90405251719509e-06
"DAPK1",0.0251465406127228,1.15543484020919e-06,1.92003883314741e-06
"TULP4",0.0251097504483635,1.19772500033429e-06,1.98979896482258e-06
"PPWD1",0.0250830970704298,1.22928904232382e-06,2.04170812724557e-06
"FAM120B",0.0250560426347126,1.26214566071354e-06,2.09573668714754e-06
"GALNT11",0.0250103812254781,1.31952458496586e-06,2.19044495139481e-06
"PDCD4",0.0250071843340742,1.32363447671548e-06,2.19669912121224e-06
"AKIRIN1",0.0249965581343651,1.33738407298789e-06,2.21894393904586e-06
"PSMB8-AS1",0.0249924578226199,1.34272624624929e-06,2.22723153979716e-06
"DELE1",0.0249878078103713,1.3488094422529e-06,2.23616573165235e-06
"C12orf49",0.0249653097030272,1.37861799093367e-06,2.28499432442016e-06
"JOSD2",0.0249587060265049,1.38748703117896e-06,2.29910041116844e-06
"NUP93",0.0249484621185315,1.40135373385891e-06,2.32147832595888e-06
"BTN3A1",0.0249452503479839,1.40572873198351e-06,2.32812481786428e-06
"ABCB7",0.024936868441524,1.41720832092708e-06,2.34653124827565e-06
"TRIO",0.0249077632452154,1.45777394318216e-06,2.41245231350444e-06
"RANBP9",0.0249004293505798,1.46817039124648e-06,2.42903074529072e-06
"POGLUT1",0.0249001450765289,1.46857480678998e-06,2.4290734623265e-06
"COPG1",0.0248472193055086,1.5457641361809e-06,2.55542970825475e-06
"TBC1D20",0.0248403508908212,1.55606278233163e-06,2.57179258409061e-06
"CARD19",0.0248225983095531,1.58298785463674e-06,2.61561938587414e-06
"RYBP",0.0248079286029641,1.60557458307676e-06,2.6522570867715e-06
"SLC12A7",0.0247970903116725,1.62246078607478e-06,2.67877210588157e-06
"CCDC82",0.0247728770924764,1.66080417270799e-06,2.74137370005002e-06
"ZNF638",0.0247663551383633,1.67128013404948e-06,2.75795610598289e-06
"ZFPL1",0.0247653227565979,1.67294422013093e-06,2.75999231585498e-06
"DMAP1",0.0247617064255328,1.67878591714855e-06,2.76820623089825e-06
"PLEKHM2",0.0247611271725503,1.67972344225503e-06,2.76904049473491e-06
"GLMP",0.0247448616786211,1.70625565821044e-06,2.81205658953973e-06
"SDR39U1",0.0246578250735663,1.85521456759547e-06,3.05441536199449e-06
"HDAC10",0.0246353970566349,1.89557833506446e-06,3.11971266096639e-06
"MIEF1",0.0246118532813143,1.93885737282329e-06,3.18885129557401e-06
"SH3BP1",0.024594715332762,1.97095630641136e-06,3.24081385492959e-06
"SNX29",0.0245015962503792,2.15448505645993e-06,3.53533916169997e-06
"MAP3K7",0.0244995455767639,2.15870586201426e-06,3.54135945044323e-06
"SLC2A4RG",0.0244971779341886,2.16358894704993e-06,3.54846285385285e-06
"DMAC2L",0.0244928438713325,2.17255512082029e-06,3.56225751474136e-06
"SIGLEC14",0.0244531623711345,2.25632288529868e-06,3.69866316609001e-06
"TINF2",0.0244385836440416,2.28787073784829e-06,3.74941983500246e-06
"IFT20",0.0244030766811911,2.36648835131972e-06,3.87726998520617e-06
"C2orf49",0.0243388597809759,2.5153077530253e-06,4.11899299219253e-06
"STK32C",0.0243347776417418,2.52506553058079e-06,4.13298972829301e-06
"FDFT1",0.0242768600430757,2.66748538928901e-06,4.36356184227526e-06
"XBP1",0.0242766336602936,2.66805690574281e-06,4.36356184227526e-06
"SLC25A1",0.0242752625807545,2.67152078740129e-06,4.36811349948183e-06
"MED24",0.0242230956971531,2.80656805621162e-06,4.5854190600086e-06
"STAM2",0.0242176810667966,2.82095462633083e-06,4.60775073384384e-06
"TAP1",0.0241943822464071,2.88367047482004e-06,4.70899205050786e-06
"RAB3GAP1",0.0241662616410296,2.96114819326964e-06,4.83428163053893e-06
"ARRB1",0.0241309240693229,3.06134449730753e-06,4.9940468585622e-06
"TARDBP",0.0241031997523878,3.14222269583247e-06,5.12468246478423e-06
"HLA-F",0.0241023243547967,3.14480951708219e-06,5.12759793179145e-06
"FTSJ3",0.0240934096751437,3.17126919409375e-06,5.16942661313656e-06
"CRLS1",0.0240755613987195,3.2248878434753e-06,5.25549413353759e-06
"SDF4",0.0240407144887471,3.33208917257391e-06,5.4274394849541e-06
"FKBP8",0.0240369559497606,3.34385384289463e-06,5.44521986193197e-06
"DDIT3",0.0240322868703865,3.35852409567998e-06,5.4677215422184e-06
"ITGAE",0.0240201204152912,3.39704163264912e-06,5.52902565070439e-06
"CLEC2D",0.0240184332740447,3.40241624656399e-06,5.53636891654946e-06
"TRNT1",0.0240180395585111,3.40367165295195e-06,5.53700743543096e-06
"KMT5B",0.0239636287754412,3.58150548326227e-06,5.82482615478092e-06
"CDYL",0.0239601529471701,3.5931634000866e-06,5.84230521412966e-06
"QSER1",0.0239481608650125,3.63366473533235e-06,5.90666150035276e-06
"CLK4",0.0239187677406441,3.73479469441882e-06,6.06797740171972e-06
"PEX26",0.0238961158289909,3.81456603481648e-06,6.19601409604621e-06
"CLU",0.0238741023601451,3.89365214404084e-06,6.32127331886793e-06
"GTF3C2",0.0238705474892385,3.9065699436359e-06,6.34064071802881e-06
"LRRC8C",0.0238528755592173,3.97139876757093e-06,6.44423229457134e-06
"ERVK3-1",0.0238423246091695,4.01059477408856e-06,6.50454400165627e-06
"PDXDC1",0.023837085854109,4.03019384193077e-06,6.5346787186828e-06
"RNF130",0.0238343222037828,4.04057007451626e-06,6.5498478014392e-06
"DLEU2",0.0238191571901364,4.09796495381841e-06,6.64120816966378e-06
"NOL10",0.0237786907947215,4.25496691657593e-06,6.89390599412909e-06
"GIMAP8",0.023749249458841,4.37279862613543e-06,7.08124078376702e-06
"PPP1CA",0.0237453821571639,4.38850690629625e-06,7.10488526641351e-06
"CEP164",0.023736398951819,4.42520397268196e-06,7.1606831497421e-06
"LUC7L",0.0237168088807619,4.50625318630304e-06,7.2881574094581e-06
"MAD2L2",0.0236838561945944,4.64580458763345e-06,7.51196628887505e-06
"AC004951.1",0.0236804045238622,4.66065929238445e-06,7.53408667672932e-06
"TTC17",0.0236772100521788,4.67444763665233e-06,7.5544725533404e-06
"AP1S2",0.0236611253986893,4.74446981343071e-06,7.66570594887219e-06
"EIF2B5",0.0236594201389041,4.75195203794225e-06,7.67586210358447e-06
"KLHDC10",0.0236496600205251,4.79499476865329e-06,7.74343982775723e-06
"RFTN1",0.0236385714531251,4.84434914428681e-06,7.81920606534445e-06
"SMARCAD1",0.0236212747730017,4.92230799491642e-06,7.93904678114222e-06
"CBL",0.0235912501207208,5.06049504500009e-06,8.15987338746432e-06
"SMIM10L1",0.0235661734954038,5.17874867487806e-06,8.34845515025569e-06
"CKAP5",0.0235656210141268,5.18138356152285e-06,8.35060460455428e-06
"KIN",0.0235614085544902,5.20151581747138e-06,8.38094562654355e-06
"PRELID3B",0.0235290075280234,5.35889039383553e-06,8.63018091537368e-06
"TMEM168",0.0234992110061307,5.50763014766486e-06,8.86526719202653e-06
"MLLT6",0.0234901058946343,5.55386434685308e-06,8.93744510895645e-06
"RAB6A",0.0234787238043844,5.61218330671062e-06,9.02902911129772e-06
"GYPC",0.0234543215497105,5.73919614056463e-06,9.22874246562975e-06
"REL",0.0234290935980777,5.87339707697614e-06,9.44217380252541e-06
"MGAT1",0.023423786876059,5.9020061792644e-06,9.48578949052114e-06
"PAG1",0.0234231531412891,5.90543161171463e-06,9.48891791153546e-06
"LIX1L",0.0234157510667723,5.94558210314551e-06,9.54864950532706e-06
"GON4L",0.0234104516487802,5.97448764886573e-06,9.59215626453765e-06
"CCNH",0.023410236833237,5.97566218662048e-06,9.59215626453765e-06
"AFG3L2",0.0233836355692585,6.12282930422514e-06,9.8259311695619e-06
"MIR181A1HG",0.0233630457653814,6.23911363120744e-06,1.00075382644567e-05
"CPQ",0.0233123624629095,6.53442730670123e-06,1.04733663751674e-05
"TMEM268",0.0233056879925497,6.57429939530331e-06,1.05320112160465e-05
"CTCF",0.0232974260616321,6.62397710930243e-06,1.06089458645243e-05
"CRTAP",0.0232785192637247,6.73901547153893e-06,1.07904974458183e-05
"BCKDHA",0.0232565500700549,6.87508766438703e-06,1.10056293549669e-05
"WBP2",0.0232194754853344,7.11069851559804e-06,1.13714460807769e-05
"CIAPIN1",0.0231918958867837,7.29095650024422e-06,1.16539055569424e-05
"SLC18B1",0.0231385031494769,7.65242077256132e-06,1.22225371363588e-05
"MED30",0.0231134004466446,7.82822638110302e-06,1.249400508984e-05
"THAP1",0.0231119243666618,7.83868333978347e-06,1.25075832648721e-05
"SLC31A1",0.0230981859607638,7.9366526697837e-06,1.2660756720371e-05
"ABL2",0.0230798275759184,8.06939576373001e-06,1.28693122595306e-05
"SMARCE1",0.0230727080323428,8.12144363290508e-06,1.2949100981292e-05
"HDAC1",0.0230701019930169,8.14057535288847e-06,1.29763804879832e-05
"NSMAF",0.0230690740711436,8.14813347804288e-06,1.29852022839352e-05
"ZADH2",0.0230643291292833,8.1831092130206e-06,1.30377026845642e-05
"SSBP2",0.0230470909224727,8.31138641271964e-06,1.32355063847131e-05
"FAM98B",0.023025991625482,8.47101254637893e-06,1.34863564510092e-05
"SPSB3",0.0230149919389735,8.55538806996545e-06,1.36173083247081e-05
"PTS",0.0229981137491422,8.68641948888319e-06,1.38224373612784e-05
"TENT2",0.0229949771856492,8.71098012709848e-06,1.38580829396141e-05
"PNRC1",0.0229818337259261,8.81462261629562e-06,1.40194890198693e-05
"ARHGAP1",0.022948306892218,9.08436117462386e-06,1.44449222543709e-05
"MALT1",0.0228643849368448,9.79456249832224e-06,1.55587801409348e-05
"TCERG1",0.0228628383939446,9.80813521299717e-06,1.55764840412351e-05
"STAU2",0.0228625459525662,9.81070374547334e-06,1.55767075552974e-05
"R3HDM1",0.0228586369090909,9.84509889022237e-06,1.56274503908131e-05
"TM9SF4",0.0228576699464308,9.85362481592587e-06,1.56371152161713e-05
"TRIM5",0.0228390893099539,1.00188306505483e-05,1.58953554534911e-05
"THUMPD1",0.0228378385434399,1.0030046094326e-05,1.59092152635836e-05
"A1BG",0.0227434726961766,1.09116741678247e-05,1.72905165376051e-05
"SMIM25",0.0227270188064393,1.10727838398427e-05,1.75414768188717e-05
"THUMPD3",0.0227234260156232,1.11082637891242e-05,1.75933400323429e-05
"CYHR1",0.0226936397606122,1.14066212808701e-05,1.80569657384808e-05
"OSBP",0.0226882471804747,1.14614481427016e-05,1.81348091944695e-05
"ARFRP1",0.0226442882602473,1.19178614899204e-05,1.88523173864223e-05
"PSMB4",0.0226434796029949,1.19264178703487e-05,1.8861202133635e-05
"METTL7A",0.0225803395168035,1.26129064905259e-05,1.99321202076883e-05
"LACTB",0.0225430062868669,1.30363788746376e-05,2.05911882963256e-05
"ELK4",0.0225311358277738,1.31738444272716e-05,2.07980772257319e-05
"STK25",0.0225249944687656,1.3245505973697e-05,2.09060679771808e-05
"BTN3A3",0.0225026999793897,1.35087912292466e-05,2.13163808477241e-05
"DNAJC4",0.0224877721957783,1.3687862147069e-05,2.15936374565022e-05
"DLGAP4",0.0224864857854107,1.37033992017381e-05,2.16128341392211e-05
"MTMR14",0.0224626655228039,1.39941541443926e-05,2.20605633883103e-05
"UBN2",0.0224580648647591,1.40509845223936e-05,2.21447105614536e-05
"ATP5MPL",0.0224536410445502,1.4105838012421e-05,2.22257015441289e-05
"DRAM1",0.0224407078325864,1.42673780860815e-05,2.24747109747849e-05
"FOXP1",0.0224218894699374,1.45055799447954e-05,2.28443301241549e-05
"OIP5-AS1",0.022421363205878,1.45122955720398e-05,2.28492977644681e-05
"NUP54",0.0224207325504871,1.45203472367517e-05,2.28563660134934e-05
"SMARCD1",0.022411792985896,1.46349390527761e-05,2.30310936871748e-05
"ITSN1",0.0223967479494704,1.48297431684406e-05,2.33319353037555e-05
"SCYL1",0.0223918099248065,1.48942181781013e-05,2.34276302600387e-05
"BLOC1S1",0.0223856839909279,1.49745750265907e-05,2.35482532771093e-05
"ATP6V0C",0.0223750446110775,1.51151202462996e-05,2.37634431512517e-05
"MMP24OS",0.0223725702583868,1.51479860019123e-05,2.38092793209871e-05
"ACSL5",0.0223628238914315,1.52781067163393e-05,2.40079188567311e-05
"SEC13",0.0223584904946006,1.53363021453579e-05,2.40875678248755e-05
"SPPL3",0.0223578528304338,1.53448834837152e-05,2.40951474379629e-05
"SRA1",0.0223558319243795,1.53721099939147e-05,2.41319935700897e-05
"UCKL1",0.0223291878562394,1.57354042749091e-05,2.4696270505826e-05
"CCDC43",0.0223246765069431,1.57977215246087e-05,2.47880120571996e-05
"ZMYND8",0.022318630591342,1.58816053917958e-05,2.49135403896728e-05
"DAZAP1",0.0222990631838293,1.61560131320821e-05,2.53316178532353e-05
"ADAM9",0.0222886240554916,1.63042511217987e-05,2.55577999505156e-05
"TRIP4",0.0222626402560226,1.66788767730021e-05,2.61386598377093e-05
"CORO1C",0.0222517554919604,1.68382352882045e-05,2.63819579021051e-05
"RC3H2",0.0222437759046138,1.69559811605024e-05,2.65599548646932e-05
"KIAA2013",0.022241705333497,1.69866622403138e-05,2.66015193882972e-05
"MDM4",0.0222299244922947,1.71622363531478e-05,2.68699142122489e-05
"RBBP5",0.0222215504793857,1.7288087258302e-05,2.70603483408796e-05
"S100PBP",0.0222193490886762,1.73213170798167e-05,2.71057488741718e-05
"MPHOSPH9",0.0222069007689109,1.75103715768487e-05,2.73949144201564e-05
"DNAJC7",0.0221767589525637,1.79763172202965e-05,2.81101757946435e-05
"HPS3",0.0221745271920239,1.80112824248709e-05,2.81579892880048e-05
"DDX39B",0.0221510739875136,1.83826655309389e-05,2.8717599719139e-05
"FAAP20",0.0221390825544024,1.85753578210076e-05,2.90045012848831e-05
"FAM110A",0.0221118073195355,1.90208382640447e-05,2.9672838098455e-05
"ZRSR2",0.022111744244007,1.90218801588132e-05,2.9672838098455e-05
"WBP11",0.0220958727320404,1.92857839150619e-05,3.00771972773547e-05
"SYNRG",0.0220880404591774,1.94172965316235e-05,3.02749391365483e-05
"B3GALT4",0.0220788556135944,1.95726084245714e-05,3.05096831030248e-05
"GBA2",0.0220345077751308,2.03393051989634e-05,3.16971052116952e-05
"SATB1",0.0220015714482157,2.09271323703056e-05,3.25894372057963e-05
"SLC39A11",0.0219850905911475,2.12273095293945e-05,3.30488759865554e-05
"UBXN6",0.0219537313037428,2.18098333690655e-05,3.39311083646761e-05
"DRG1",0.0219269934048045,2.23184984589018e-05,3.47140572393489e-05
"TMEM87A",0.0219180906529817,2.24903567467382e-05,3.49728863032167e-05
"AKT1S1",0.0219126653811202,2.25957027408537e-05,3.51281872511066e-05
"PAM16",0.0219092041311927,2.26631572467372e-05,3.5224519596673e-05
"PANK2",0.0218116271794824,2.46455731491726e-05,3.82686343961983e-05
"CDC42BPB",0.0218108938952247,2.46610772758345e-05,3.82834434555417e-05
"GALNT6",0.0218062514120186,2.4759450709689e-05,3.84268591565953e-05
"TK2",0.0218028334127283,2.48321160014897e-05,3.85303159046089e-05
"FGD5-AS1",0.0217957691644427,2.49829425064305e-05,3.87456028816191e-05
"ERICH1",0.0217556444543592,2.58563001159939e-05,4.00807010254208e-05
"HEATR5A",0.0217253958723437,2.65338076723213e-05,4.112099275981e-05
"TTC37",0.0216455716438393,2.84037038135514e-05,4.39976252215707e-05
"FAM172A",0.0216302970716494,2.8775508469761e-05,4.45627956413195e-05
"KHNYN",0.0215970166453849,2.96016854991836e-05,4.58311810238325e-05
"BMS1",0.0215811186397644,3.00042595774191e-05,4.64432640407047e-05
"PPP1R18",0.0215618647902686,3.04987791478677e-05,4.71973388839168e-05
"DIP2A",0.0215605959969052,3.05316376387478e-05,4.72367945720294e-05
"SCFD1",0.0215585613969153,3.05843987906518e-05,4.72956140373155e-05
"DVL3",0.0215318400643255,3.12854262782522e-05,4.83563707543402e-05
"ARHGEF2",0.021529794995355,3.13397024670272e-05,4.84285961051172e-05
"EIF5",0.0215231567858079,3.15164979441082e-05,4.86900676160362e-05
"RAB11B",0.0214964970337667,3.22361181173992e-05,4.97778420797193e-05
"TSC2",0.0214923470403761,3.23495324013024e-05,4.99409528120203e-05
"BRD7",0.0214745993001572,3.28388475745203e-05,5.0684158296397e-05
"ATG14",0.0214626351322305,3.31726649779485e-05,5.11747579943538e-05
"RABGAP1",0.0214513507705802,3.34904666023851e-05,5.16526042598324e-05
"WDR36",0.0214452852768201,3.36624820211765e-05,5.19054276971566e-05
"KYAT3",0.0214406518876634,3.37944484379313e-05,5.20963914410782e-05
"SUPT16H",0.0214250475209996,3.42425093828525e-05,5.27744271439783e-05
"MTRF1L",0.0213927178627938,3.51888350109464e-05,5.41938467187307e-05
"ACTR3",0.0213920791055363,3.5207780006265e-05,5.42100111639539e-05
"SNRNP70",0.0213483854383823,3.65269380776135e-05,5.62141603996085e-05
"PACS2",0.0213449097014915,3.663386508405e-05,5.63651986521018e-05
"NFKBIL1",0.0213025130946221,3.79622994222717e-05,5.83951362007422e-05
"TAF8",0.0212979496652374,3.81079827450785e-05,5.86051815178388e-05
"UPF1",0.02128842652459,3.84137113591776e-05,5.90470464974805e-05
"NPHP3",0.0212749167648221,3.88514217875467e-05,5.96912648919779e-05
"INTS11",0.0212643222335742,3.9197987486709e-05,6.0194898926454e-05
"SACM1L",0.0212418612096622,3.99424552512189e-05,6.13088021272298e-05
"DAP",0.0212227918471907,4.058501941826e-05,6.22801924390232e-05
"SEC22B",0.0212103038447068,4.10111190722622e-05,6.29190196001038e-05
"DUSP2",0.0211984162720336,4.14206724526102e-05,6.35207985826479e-05
"ANAPC5",0.0211983442902993,4.14231641629986e-05,6.35207985826479e-05
"SLC30A5",0.0211823969133711,4.1978716352789e-05,6.43573343176809e-05
"RPA1",0.0211618664906144,4.2704338953147e-05,6.54228841268843e-05
"MTMR11",0.0211474536405728,4.3220834937551e-05,6.61825482003167e-05
"GUCD1",0.021111341880451,4.45410763913498e-05,6.81879136547126e-05
"AC245297.3",0.0210881008416859,4.5410899212663e-05,6.9502941161366e-05
"MTA1",0.0210766009462548,4.58472302155092e-05,7.01372982982134e-05
"SAE1",0.021064367291246,4.63157645380012e-05,7.08371740824352e-05
"KPNA6",0.0210509451961948,4.68350367769279e-05,7.15972351586298e-05
"XPO1",0.0210471743365702,4.6981913629106e-05,7.18046588481048e-05
"CUTC",0.0210445260286374,4.70853274888013e-05,7.1945573033615e-05
"APEH",0.0210382287591562,4.73320971972399e-05,7.23054132422598e-05
"CRLF3",0.0210301443719121,4.76506961535948e-05,7.27401538238079e-05
"STX10",0.0210217864300579,4.79822126257192e-05,7.3228800239442e-05
"QTRT2",0.0209911908655725,4.92145298134802e-05,7.50738048700165e-05
"RBM18",0.0209873578407363,4.93710129935261e-05,7.52946088344338e-05
"SREBF1",0.0209705261113922,5.00637678203661e-05,7.62967064929855e-05
"DNM1L",0.0209609415731692,5.04623516889969e-05,7.68493824914797e-05
"ADK",0.020958218281227,5.05761504075647e-05,7.70044093533306e-05
"NAA60",0.0209527415714855,5.08057435539799e-05,7.73344258261309e-05
"PINK1",0.0209524734145078,5.08170104867468e-05,7.73344258261309e-05
"ITGAX",0.0209493402970534,5.09488277155694e-05,7.75166418361616e-05
"PWWP2B",0.020939674887221,5.13575178612328e-05,7.81014066360914e-05
"ANKRD17",0.0209227006604091,5.20827820043044e-05,7.9185575672895e-05
"SLF2",0.0209195206860069,5.221972896665e-05,7.93749777422474e-05
"AKAP9",0.0209143222203111,5.24443382369702e-05,7.96975068991948e-05
"PSMD2",0.0209023842437749,5.29636104632158e-05,8.04675644641232e-05
"HIP1",0.0208979890839762,5.31560130415357e-05,8.07407622335448e-05
"ARHGEF7",0.0208838351797377,5.3780124834709e-05,8.16500901418583e-05
"HCK",0.0208765347219132,5.410474393846e-05,8.2104076894314e-05
"RNF217",0.0208745165246956,5.41948112583278e-05,8.22213074091821e-05
"YPEL2",0.0208532744996327,5.51514476198901e-05,8.3652881307143e-05
"DCAF6",0.0208445471399694,5.554910281154e-05,8.42361247078328e-05
"CARD9",0.0208330579089573,5.60767430022591e-05,8.50159004032619e-05
"MTHFR",0.0208327743911224,5.60898233178004e-05,8.50159004032619e-05
"ZNF524",0.0208210500745775,5.66332716774205e-05,8.58193365806165e-05
"GTF3C3",0.0208148416729169,5.69230609553721e-05,8.62381013198742e-05
"FAR2",0.0208065930400681,5.73102551197221e-05,8.67632366324061e-05
"PTPN9",0.0207938994640626,5.79109731013467e-05,8.76313215609058e-05
"PDE8A",0.0207895643767528,5.81174917410799e-05,8.79230905472221e-05
"DDX55",0.0207845089490186,5.83592075098961e-05,8.82679574218513e-05
"TBC1D1",0.0207728998419754,5.89178834355303e-05,8.90919491214618e-05
"IP6K2",0.0207597808726822,5.95553144860006e-05,9.0034613040099e-05
"API5",0.0207371452158834,6.06705279202647e-05,9.16773686143237e-05
"CCNC",0.0207170291341043,6.16781737772404e-05,9.31341875629029e-05
"BDP1",0.020674039965587,6.38849260686094e-05,9.63983268241293e-05
"UBE2J2",0.0206668265377222,6.42624559449488e-05,9.69451957072164e-05
"TNFSF10",0.0206333591504823,6.60418353260403e-05,9.96061155270039e-05
"KMT5A",0.0206266242617731,6.64055038331478e-05,0.000100131072289889
"MOB2",0.0206224432419058,6.66322218316334e-05,0.00010044932689656
"CPT2",0.0206132066547823,6.71356797967954e-05,0.000101184524683166
"LINC-PINT",0.0205939306732779,6.81979720993898e-05,0.00010276143470871
"RBBP8",0.0205740886717,6.9308056890058e-05,0.000104409601551212
"BCL10",0.0205705311666374,6.95088844116941e-05,0.000104662990468301
"ATG12",0.0205488931438807,7.07422970330624e-05,0.000106470227014808
"CDK11B",0.0205220766625036,7.22996299881609e-05,0.000108788561445601
"FOXK2",0.0204872441286984,7.43709356954195e-05,0.000111852771547541
"BOP1",0.0204855556552719,7.44727527856297e-05,0.000111979653590954
"ECHDC1",0.0204741495255834,7.51640176167872e-05,0.000112992581309584
"UXS1",0.0204683727062766,7.55164302808322e-05,0.000113469184234618
"SIRPA",0.0204574874451567,7.61847313873509e-05,0.000114392987732563
"COG4",0.0204317501050042,7.77871878430315e-05,0.000116744467181495
"ECSIT",0.0203966525312504,8.00238444343202e-05,0.000119989012827903
"PVT1",0.0203934065761002,8.02337418525489e-05,0.000120275627973354
"SLFN11",0.0203735264596012,8.15306730522176e-05,0.000122191263327033
"SLC30A1",0.02036418913702,8.21466331838658e-05,0.000123085660557609
"ZNF121",0.0203636307999286,8.21836043147416e-05,0.000123112305693061
"MAEA",0.0203392069504211,8.3816343515246e-05,0.000125528865544776
"HDHD2",0.0203328321586629,8.42475170230833e-05,0.000126145173680304
"SLU7",0.0203207636621062,8.50695434436661e-05,0.000127346288085525
"ARID4A",0.0203149810467863,8.54660973389224e-05,0.000127880242660104
"ORC4",0.0203096300638122,8.58346066256392e-05,0.000128401687132222
"GARS",0.0203082828255648,8.59276239719324e-05,0.000128510870723524
"HSPBAP1",0.0202945379056121,8.68820724938359e-05,0.000129908034751911
"MECP2",0.0202929322151819,8.69942229118501e-05,0.000130045418034117
"RABIF",0.0202910597909283,8.71251762551586e-05,0.000130210838773142
"H2AFY",0.020284165753286,8.76089374628097e-05,0.000130903340186629
"FAM118A",0.0202608098520764,8.9266772673786e-05,0.000133318345780962
"BMF",0.0202583997970228,8.94395184540788e-05,0.000133545252595152
"CDK5RAP1",0.0202554472993754,8.96515753473022e-05,0.000133830736954
"JUP",0.020238882228269,9.08501608790236e-05,0.000135588423400748
"THADA",0.0202246413777894,9.18926580052835e-05,0.000137048650339819
"DOP1B",0.0202111896385841,9.28877563657705e-05,0.00013850054493209
"GALNT1",0.0201814679098671,9.51226351003743e-05,0.000141734051742685
"SLC25A46",0.0201545189926053,9.71928187205542e-05,0.000144751421752803
"HDAC8",0.0201248155022922,9.952385835508e-05,0.00014815430979262
"ATXN1",0.0200749253133122,0.000103558257729117,0.000154052812796202
"TBRG1",0.0200691938796779,0.000104031493205868,0.000154720922672427
"TANGO2",0.0200600262163056,0.000104792698108617,0.000155816906388154
"PARVG",0.0200576647377782,0.000104989624847905,0.000156073547966672
"RPRD2",0.0200101125920194,0.000109030158336391,0.000162004978204326
"ESCO1",0.0199821730495603,0.000111472157393397,0.000165518482257818
"IL27RA",0.0199658654681679,0.000112921238822423,0.000167592567264554
"SLC35E3",0.0199431612688663,0.000114968330540935,0.000170591306371563
"MICU2",0.0199415739594698,0.000115112749256331,0.000170766103867889
"ATF1",0.0199402619593254,0.000115232248550158,0.000170903861927373
"RALBP1",0.0199362869545104,0.000115595013604525,0.000171362663421126
"NRDE2",0.0199228448289406,0.000116829758017909,0.000173113101026075
"CHCHD5",0.0199032056581975,0.000118656118786047,0.000175697590152614
"XPOT",0.0199007782695686,0.000118883716012922,0.000175993982911608
"THOC2",0.0198917017974711,0.00011973839816907,0.000177218353553115
"MEPCE",0.0198694685057975,0.000121856527914271,0.000180311688906357
"ALOX5AP",0.0198685460035468,0.000121945171918017,0.0001804012504095
"SHFL",0.0198593727190716,0.000122829954400279,0.000181668277416365
"ATF4",0.0198533390413981,0.000123415210794486,0.000182491816653013
"GDI1",0.019828323927719,0.000125869790869681,0.000186078474244211
"STARD3",0.0197560206474279,0.000133225726814001,0.000196862336075225
"AGO2",0.0197499583240639,0.000133860553987967,0.000197754850192677
"RFX1",0.0197474444647952,0.000134124632335131,0.000198099364885406
"CREBZF",0.0197142885292118,0.000137653876591082,0.000203265194984668
"MARS",0.0196921946803903,0.000140054000152394,0.000206666620280073
"SRGAP2",0.0196646819219652,0.000143097911324454,0.000211061195185678
"POLR2M",0.0196208203473394,0.000148079747039083,0.000218308744715707
"ARF1",0.019602490990621,0.000150209609112487,0.000221397852530603
"DCAF12",0.0195565064311515,0.000155680621892894,0.000229356342150357
"TSNAX",0.0195091840222552,0.000161506256634008,0.000237884330248805
"ATXN7L1",0.0194750479592933,0.000165835271132839,0.000244092475243931
"FAM193A",0.0194534983460986,0.000168624074652694,0.000248140381415524
"GMPS",0.0194418270163952,0.000170152855322088,0.000250275268167473
"MGA",0.0194101194372883,0.000174372183543906,0.000256363870214872
"SUPT20H",0.0193686737083869,0.000180035837597616,0.00026450880101358
"R3HDM2",0.0193656943647014,0.000180449564839216,0.000265055954214379
"SNX20",0.0193285848272614,0.000185678261562765,0.000272611378990091
"TMEM165",0.0193068546365807,0.000188805794004661,0.000277139779074331
"KAT8",0.0192549209627202,0.000196482108854677,0.000288209696024601
"NEK6",0.0192515778490056,0.000196986167419878,0.000288817013292033
"NRBP1",0.0192505708267297,0.000197138239333145,0.000288973941869193
"VAV1",0.0192454266205733,0.000197916795897697,0.000290048917880225
"BLZF1",0.0191838643043326,0.00020746096369311,0.000303897155948629
"VPS37A",0.0191718923532356,0.000209366514680902,0.000306618479386593
"IDS",0.0191423286109352,0.000214142765483667,0.000313327248196855
"STK16",0.0191389092206222,0.000214701748221457,0.000314073510394178
"EIF2AK2",0.0191100693811266,0.000219471130895799,0.000320904005430138
"ZNF652",0.0190963460197125,0.0002217753909205,0.000324199341113221
"REEP4",0.0190944250689574,0.000222099739713536,0.000324599528474271
"RGS18",0.0190922420233014,0.000222468883280701,0.00032506498636506
"PAF1",0.0190906610826216,0.00022273657299041,0.000325382024659943
"YIPF1",0.0190506921809957,0.000229605528770427,0.000335263785296099
"COQ10B",0.0190459340145899,0.000230436369969244,0.000336400398116648
"STRADA",0.0190398180361269,0.000231508448145084,0.000337811736024303
"SNX19",0.0190394108975808,0.00023157998192286,0.000337839282404972
"HBP1",0.0190163296968415,0.000235669411296257,0.00034349271760036
"CCZ1",0.0189726319589374,0.000243597808669421,0.000354645686503972
"PIK3R1",0.0189646134297458,0.000245079569083321,0.00035672198621565
"COPS7A",0.0189631508792441,0.000245350746810396,0.000356954737309637
"TMEM189",0.0189618046082121,0.000245600613419714,0.000357237255883221
"ARFIP1",0.0189454787442395,0.000248649737041442,0.000361508432553341
"SETD5",0.0189219373946821,0.000253109031607534,0.000367825038911425
"AC005261.1",0.0189142475225658,0.000254581853224134,0.000369881605590137
"RARS2",0.0188993473089671,0.000257458553537257,0.000373976472604718
"RPF1",0.0188845917642594,0.000260337338140817,0.000378072512791192
"ARHGAP17",0.0188581114326737,0.000265579430774979,0.000385555675493285
"CNOT9",0.0188412828851406,0.000268962089477126,0.000390244406622624
"GOLGA4",0.0188219597927851,0.000272895964440157,0.000395862651559586
"ZNF33A",0.0187765863360961,0.000282346268841497,0.000409293642315193
"SPG7",0.0187737403664365,0.000282949126032136,0.000410074902331644
"TMEM260",0.0187691396594998,0.00028392623772554,0.000411398089712526
"NUMA1",0.0187541148712307,0.000287139312236488,0.000415891229400358
"HSD17B4",0.018753784921629,0.000287210253236068,0.000415891229400358
"DHRS7",0.0187340906504549,0.000291474494935254,0.000421858867472274
"BMPR2",0.018721299395655,0.000294275772846685,0.000425817176045181
"CTSO",0.0187089709214205,0.000296999549890377,0.000429661581081546
"ZBED5",0.0187009201614189,0.000298790960001136,0.000432155725736539
"LAMTOR3",0.0186919284781705,0.00030080369955049,0.000434968793400033
"C18orf21",0.0186851295284428,0.00030233403016283,0.000437083176549057
"KLF2",0.0186772753402259,0.000304110952380926,0.00043955302331066
"CES2",0.0186762336508287,0.000304347356124062,0.000439795638939636
"KANSL1",0.0186698063985748,0.00030580978432265,0.000441809406938555
"XPNPEP1",0.0186586608933291,0.000308361392085767,0.000445395473125232
"NNT",0.0186472819677595,0.000310986992495784,0.000449086775568974
"COPB1",0.0186191186172566,0.00031757575755765,0.000458395064227195
"HNRNPH3",0.0185951066150928,0.000323296287389933,0.000466337450515695
"FAM49A",0.0185807447422933,0.000326763750037536,0.000471233135590206
"CASP1",0.0185799900438758,0.000326946919890729,0.000471391334386273
"NOP14",0.0185729228886354,0.000328666830016124,0.000473764632977634
"INTS10",0.0185677679955807,0.000329926695464394,0.000475473871990016
"CSNK2A2",0.0185659267890797,0.000330377784048776,0.000476017036258016
"EIF4H",0.0185570875543224,0.000332551410159509,0.000478826267410998
"TBC1D2B",0.0185374282389832,0.000337433832582569,0.000485638283950149
"EXOSC9",0.0185024413010497,0.000346289162561383,0.000498271196903753
"RYK",0.0184938042162082,0.000348508453394262,0.000501352071071208
"MOGS",0.0184907877273552,0.000349286666703339,0.000502246358935147
"STAU1",0.0184540440382622,0.000358897440650595,0.0005157191442809
"KIF1C",0.0184182367409512,0.000368500727685363,0.000529281546637406
"GPBP1L1",0.018394687908976,0.000374946750808765,0.000538419506085281
"EHMT2",0.0183684391227123,0.00038225598084805,0.000548669882129997
"GTF2A1",0.0183596411749193,0.000384735504631089,0.000552105345048773
"ASXL2",0.01833658304189,0.000391305476428493,0.000561156892437464
"TMEM205",0.0183261259001109,0.000394319459737023,0.000565352771770444
"STK24",0.018315147978816,0.000397506871790948,0.00056979537296933
"P4HB",0.0182634383273315,0.000412846987171048,0.000591255863769965
"AP1M1",0.0182422569677621,0.000419288817504658,0.000600347478935481
"TXLNA",0.0182248582125266,0.000424650343101748,0.000607617440084928
"HNRNPA2B1",0.0182155939588454,0.000427531226808495,0.000611603199822365
"IRF1",0.0181871054073668,0.000436504990438373,0.000624162250646891
"TBC1D5",0.0181756392236587,0.000440166166620088,0.000629257157984511
"HERC6",0.0181402567552265,0.000451645360219767,0.000645523865263985
"IMPA2",0.0181213780334653,0.000457883922759592,0.000654149019912167
"TTBK2",0.0180745470011368,0.00047370828404778,0.000676304483856376
"MED14",0.0180597596909754,0.000478809988746413,0.000683436015082755
"BLVRA",0.0180347200056637,0.000487565842749118,0.00069577901402988
"ZFAND6",0.018021048428184,0.000492409301120668,0.000702534595505939
"METAP1",0.0180185956142041,0.000493282997187952,0.000703624657616252
"ANKS1A",0.0180110795562587,0.000495969237872487,0.000707299095396727
"TEN1",0.0179762624841758,0.000508591740219583,0.000725138801166411
"KHDC4",0.0179387317915962,0.000522533020822655,0.000744684998133753
"PGGT1B",0.0179290026650652,0.000526204725040436,0.000749584706007868
"PRRC2C",0.0179085187882501,0.000534013930675835,0.000760371366892179
"IKBKB",0.0179017416506995,0.000536621307073382,0.000763914423382032
"ARL6IP6",0.0178989445177141,0.000537700905544928,0.000765281501769356
"ZNF277",0.0178572507537518,0.000554035061868283,0.000788179369611288
"UBXN4",0.0178406112042287,0.000560681956544263,0.000797105125900286
"GANAB",0.017796409414919,0.000578701384309673,0.000822540558646624
"CAMSAP1",0.0177773577658219,0.00058663309705693,0.000833445073232344
"ADAMTSL4",0.0177642373007717,0.000592154218922959,0.000840916659718836
"GK",0.0177586160324321,0.000594534429826216,0.000844109958345873
"SDHAF2",0.0177311415919835,0.000606296582101393,0.000860619219195252
"COPB2",0.0177041305967468,0.000618071124052765,0.000877138759549335
"LSM6",0.017689909285399,0.000624355592076983,0.000885665593359699
"EEA1",0.0176794506328785,0.000629015202985085,0.000891486976441861
"IK",0.0176789387999239,0.000629244066564193,0.000891614384071525
"FAM204A",0.0176419884949044,0.000645972374909519,0.00091471170986967
"PES1",0.0176363226537951,0.000648573714938621,0.000918192620266149
"CPSF3",0.0176163634434605,0.000657815335145092,0.000931070635405009
"INO80",0.0176148255873007,0.000658532458493206,0.000931880073597797
"METRNL",0.0176113905304475,0.000660136898562211,0.00093394450742561
"PCBP1-AS1",0.0176065811839862,0.000662389346828077,0.000936924614031954
"UBE2Q2",0.0175657415750247,0.000681806510078339,0.000963752053021068
"TMEM63A",0.0175248065312693,0.000701798899272548,0.000991574925728401
"NFAT5",0.0175231576044604,0.000702615524523517,0.000992510172906844
"BBIP1",0.0175199026402692,0.000704230126685644,0.000994353101411771
"UBL3",0.0175092217409598,0.000709552562531975,0.00100164779784492
"ULK2",0.0175028906479358,0.000712725049909386,0.00100590495385363
"TERF2",0.0175004561312214,0.000713948481651624,0.00100741004140682
"CLK3",0.0174601773762572,0.000734475297385102,0.00103614632982032
"TAB2",0.0174577011522303,0.000735754943054624,0.00103770383886432
"SOCS4",0.0174392309087619,0.000745365393450711,0.00105081616444293
"PREP",0.0173948495213885,0.000768936573565774,0.00108380866783787
"BCKDK",0.0173931282803993,0.000769864524330643,0.0010847816182921
"FNBP4",0.0173923888261807,0.000770263496041413,0.00108496390573034
"ANKZF1",0.0173718124171554,0.000781442759507501,0.0011004689958297
"NAB1",0.0173714540751652,0.000781638775991873,0.00110050348623302
"ARHGAP27",0.0173700076916057,0.000782430425557331,0.00110137639543129
"GCNT2",0.0173685645164579,0.000783221060757169,0.0011022474941474
"TNFRSF10B",0.0173632630373932,0.000786131815471058,0.00110610125615402
"GTPBP4",0.0173556164493941,0.000790347830519908,0.0011115457432301
"YPEL3",0.0173494188882442,0.000793780297985028,0.0011161285101626
"RSF1",0.017348813031069,0.000794116588202681,0.00111635671119816
"SZT2",0.0173483805167042,0.000794356742746614,0.00111644969582963
"PSMC6",0.0173282136329729,0.000805629579134501,0.00113204541824944
"FGD4",0.0173246964096853,0.000807610765224463,0.00113458083417564
"ELK3",0.0173238773808627,0.000808072757310811,0.00113482532500388
"STAT1",0.0173237607850299,0.000808138545814015,0.00113482532500388
"JADE2",0.0173162341962107,0.000812395909242794,0.00114055408177282
"SMURF2",0.0173022644988326,0.000820352977710481,0.00115147335484368
"HPCAL1",0.0172916306609688,0.000826458358810802,0.00115953571618852
"NDUFS1",0.0172414921863055,0.000855817229766208,0.00120020182430164
"SLC25A36",0.0172384345186747,0.000857638585287209,0.00120249326118941
"CWC22",0.0172281352573433,0.000863800005812927,0.00121060306625071
"CS",0.0172186401786965,0.000869516669533749,0.00121834875556421
"TXNRD1",0.0172133332960803,0.00087272702433356,0.00122258004107514
"RIPOR1",0.0171744051599829,0.000896614362938005,0.00125549492636627
"PRRC1",0.0171739003935098,0.000896928043192363,0.0012556601189444
"CCDC22",0.0171691080271784,0.00089991126519095,0.00125956166611369
"POGK",0.0171501155161037,0.000911824668326626,0.00127567969297506
"TNFRSF14",0.0171106672635617,0.000937037761220429,0.00131066803487907
"C1orf52",0.01707894631931,0.000957778825331616,0.00133938730238179
"PTPN18",0.017072190221863,0.000962250939947095,0.00134534801279158
"FLVCR2",0.0170688509449621,0.000964468466978366,0.00134815461527956
"SPG21",0.0170465894079612,0.000979373141979429,0.00136860144916333
"PRPF40A",0.0170463675740857,0.000979522732942331,0.00136860144916333
"HHEX",0.0170426696932797,0.000982019471524565,0.00137179118861346
"PBX2",0.0170231279610083,0.000995311807536968,0.00138975420177523
"YAF2",0.0170221388274197,0.000995989027365942,0.00139039721487813
"C2CD2L",0.0169624581465568,0.00103764828176097,0.00144792330921669
"LRRC57",0.0169606098570836,0.00103896383039491,0.00144944377817216
"SUPT7L",0.0168637476386815,0.0011101064108379,0.0015466759461316
"BMI1",0.0168292522184127,0.00113651155246447,0.00158174796542561
"NEK9",0.0168213675245303,0.00114262799362115,0.00158991568142991
"TRIM41",0.0168157769452132,0.00114698322666654,0.00159562974464279
"BTBD1",0.0167948448648031,0.00116342658974903,0.00161780342432374
"FYTTD1",0.0167768362691786,0.00117774743313787,0.00163736241192038
"TMCC1",0.0167701278973575,0.00118312359207396,0.0016441240993603
"RWDD3",0.0167423448880092,0.00120563147814326,0.00167503931653685
"DCUN1D1",0.0167332441551769,0.00121308984070792,0.00168503667849794
"FAM210B",0.0167321108139573,0.00121402163088349,0.00168596597050832
"SUMF1",0.0167019638247601,0.00123905133058409,0.00172035345964672
"BCL7B",0.0166716547892757,0.00126469520424208,0.00175557863055327
"IRF7",0.016655942673109,0.00127818091693261,0.00177391493900922
"SAMD9L",0.0166539561584718,0.00127989536301841,0.00177591017498402
"NGLY1",0.0166168326137871,0.00131232758773619,0.00182012403867605
"LSM14A",0.0165884940055845,0.00133759360797159,0.00185396426630929
"NUP85",0.0165616772183437,0.00136191535150705,0.00188686005080312
"UBE2R2",0.0165463507926606,0.00137599833702647,0.00190595969999177
"KLHL36",0.0165302323495358,0.00139095388149037,0.00192584378585287
"RNF125",0.0165221498570351,0.00139850953947688,0.00193546963013021
"CENPB",0.0164860691948582,0.00143270213645494,0.0019819355126121
"POLR3C",0.0164830150648406,0.00143563153862302,0.00198555980853747
"CDC5L",0.0164550428575521,0.00146271938079873,0.00202128097075267
"ATF2",0.0164542234703855,0.00146351991684529,0.00202195171974147
"AGO3",0.0164490450464606,0.00146858855009181,0.00202851757532595
"APTX",0.0164287237889747,0.00148863565316107,0.0020553230795527
"CNOT11",0.0163672004971207,0.00155087621179548,0.00214033593781024
"VPS26B",0.0163608832028079,0.00155740100186843,0.0021488784576318
"CNOT10",0.0163587746105891,0.00155958447253049,0.00215142850478513
"PSMD1",0.0163439613669807,0.00157500338571359,0.00217223166868839
"ARGLU1",0.0163361725616279,0.00158316683370403,0.00218255230018158
"HCFC1R1",0.0163111164397279,0.0016096931009173,0.00221864466927721
"FAM168A",0.0162985168422216,0.00162318598591496,0.00223676144450824
"MARCH1",0.0162977193526262,0.00162404350876357,0.00223746256221324
"VPS8",0.0162878847257406,0.00163465279304445,0.00225111232457034
"RAB11FIP2",0.0162733092366158,0.00165049371579453,0.00227195187310399
"DPP9",0.0162580195344726,0.00166726255957238,0.00229405030714483
"RRAGC",0.0162463160790847,0.00168020396943294,0.00231037048175777
"AFF1",0.0162437999691002,0.00168299826653657,0.00231371692266952
"THAP12",0.0162312070827487,0.00169704779899872,0.00233253185055179
"SNN",0.0162195397063433,0.00171016095995182,0.0023490457544532
"RAB1A",0.0162135941851424,0.00171687901501068,0.00235776878431261
"DNAJC3",0.0162056144191769,0.00172593378363569,0.00236969637402238
"PTDSS1",0.0161924835335191,0.00174092924397582,0.00238875150328248
"TMUB1",0.0161905166301923,0.00174318573383957,0.00239133625578676
"AP3M1",0.016165457046314,0.00177217118268147,0.00243057937325445
"SMC6",0.0161511513791981,0.0017889159931315,0.00245302094719635
"LYAR",0.0161106427142391,0.00183712352556412,0.00251643564048236
"IRAK1",0.0161037165711463,0.00184548452229649,0.00252734870758897
"SEC63",0.0160977481714945,0.00185271739269782,0.0025362081212012
"AKT2",0.0160977260036678,0.0018527443054972,0.0025362081212012
"SEH1L",0.0160946004784763,0.00185654243941211,0.00254086524984388
"URI1",0.0160673814820618,0.00188992257824933,0.00258489517417346
"HSPA9",0.0160395562213877,0.00192461521928503,0.00263066281357749
"CCDC117",0.0159969313170941,0.00197889544230103,0.00270370382406376
"PAPOLG",0.0159604075249554,0.002026520326907,0.00276818275866198
"FAM104A",0.0159409172023115,0.0020523627571549,0.0028022897318378
"DEAF1",0.0158721280492221,0.00214600634402312,0.00292952695813879
"DRG2",0.0158692788602656,0.00214996816957714,0.00293431095001211
"PRPF4",0.0158614793943493,0.00216084773163147,0.00294853233648395
"GNPAT",0.0158561970272019,0.00216824480622852,0.00295736791597835
"SLFN5",0.0158063534883861,0.002239193966347,0.00305284073269919
"N4BP2L1",0.015799983236229,0.00224841334157579,0.00306410790134883
"RBM4",0.0157802779391401,0.00227715254338337,0.00310195556652818
"DHX36",0.0157453387626141,0.00232893822586771,0.00317182501744157
"ACSF3",0.0157195008601939,0.0023679255342006,0.00322229105057567
"KIF5B",0.0157194504173476,0.00236800222934294,0.00322229105057567
"MRPL30",0.0157002430609662,0.00239737165306634,0.00326087270003681
"ENGASE",0.0156820323381798,0.0024255247024752,0.00329846682727446
"UBE3C",0.0156797167996465,0.00242912603358268,0.00330266425756866
"ADPGK",0.0156536110406289,0.00247006798389278,0.00335690662670114
"ZNF326",0.0156526126783827,0.00247164618847848,0.00335834009853408
"UPK3BL1",0.0155992293857439,0.00255738997625347,0.00347337300754494
"TMEM138",0.0155984081312275,0.0025587300584515,0.00347445757778303
"MTFR1L",0.0155918433268525,0.00256946528383123,0.00348829650043614
"TMEM245",0.0155782433433496,0.00259183607630646,0.0035179226286402
"NPAT",0.0155556615455167,0.00262937481666746,0.00356811946356565
"TERF2IP",0.0155515531588781,0.00263625757112316,0.00357670301888902
"LGALS1",0.0155444674631789,0.00264816689839843,0.00359210123047026
"AKAP10",0.0155435244372622,0.00264975559747305,0.00359349649405773
"CHML",0.0155250253938148,0.0026810972889645,0.00363446444242472
"ZNF451",0.0155092611104139,0.00270807261176821,0.00366948128344348
"ZNF330",0.0154756276295901,0.00276645588649698,0.0037470088595661
"FBXO28",0.0154569501151219,0.00279937187731768,0.00379079146578097
"GNA15",0.0154497445591443,0.00281216578223291,0.00380731286322143
"DDA1",0.0154375277180598,0.00283397959465091,0.00383522739491252
"SLC25A29",0.015426308123586,0.00285414874963549,0.00386170779790412
"DR1",0.0154226979868747,0.00286066640674361,0.00386971023944064
"CLCN6",0.0153762603195228,0.00294572402880941,0.00398141254873418
"TMEM259",0.015370375249594,0.00295666663004481,0.00399536080420545
"SEC23B",0.0153546673018497,0.00298605558805313,0.00403252634244346
"SLC39A7",0.0153070836491689,0.00307671661301473,0.00415146451926446
"GID8",0.0153036527824391,0.0030833494675809,0.00415953956770375
"KMT2A",0.0152821792536588,0.00312516102990768,0.00421417258677756
"YRDC",0.0152781718307953,0.00313302096269369,0.00422299632282409
"ZNF24",0.0152766362191271,0.00313603759733689,0.00422617459031999
"SHTN1",0.015270788528357,0.00314754935729832,0.00424079728610374
"RARS",0.0152695564964796,0.00314997964161857,0.00424318063838436
"KIAA2026",0.0152529317239991,0.00318294105855226,0.00428578170654173
"ASCC3",0.0152168877467776,0.00325548641610966,0.00438070487536904
"UBA1",0.0151943024556175,0.00330170798972002,0.00444103950986241
"FLI1",0.0151159105106024,0.00346681550344371,0.00466116686297042
"BAG5",0.0151137455750616,0.00347148004931596,0.00466646050626675
"RNMT",0.0150202725893344,0.00367840580524265,0.00494150997622212
"SPTAN1",0.0150017004857303,0.00372083161135554,0.00499536631480585
"CCR2",0.0149891464842117,0.00374976120637858,0.00503315228036088
"EMC1",0.0149753370187103,0.00378181991411038,0.00507512164169257
"ZCCHC7",0.0149544131308646,0.00383086957172665,0.00513987017402722
"GPBP1",0.0149539132483501,0.00383204843063215,0.00514037690381264
"NINJ1",0.0149397449139326,0.00386559857844034,0.00518429775904541
"CDH23",0.0149335019676416,0.00388046618152535,0.00520314963859281
"CEP104",0.0149268163553296,0.00389644557679444,0.00522348408289033
"CDC42SE1",0.0149242942808385,0.00390248913922462,0.0052304930681565
"COX19",0.0149223593631281,0.00390713148768991,0.00523562147556777
"GMEB1",0.0149219726821817,0.00390805983250518,0.00523577195350872
"ANKRD44",0.0149186450679797,0.00391605706291143,0.00524539083833814
"RRN3",0.014870243269585,0.00403407325768164,0.00539895995437742
"GNB1",0.0148071938981897,0.00419264406410241,0.00560884160035051
"TMEM41B",0.0147863968975252,0.00424617619951797,0.00567927173152123
"TBK1",0.0147838813980191,0.00425269302376723,0.00568680250948114
"VPS51",0.014769587718018,0.00428989571086144,0.00573535546590686
"TMX3",0.0147230474160971,0.00441308158777088,0.00589759039098896
"AC093673.1",0.0147095124213624,0.00444950381967784,0.00594255131287531
"SART1",0.0146844092073954,0.00451777763208134,0.00602996906333136
"TOPORS",0.0146432109800404,0.0046318845823516,0.00617969878984568
"B3GNT5",0.0146173631856149,0.00470480118322879,0.00627567658868939
"SUSD6",0.0145911931530848,0.00477968389039986,0.00637026419626206
"GOLGA2",0.0145842835934207,0.00479963400158862,0.00639552476722588
"IMPAD1",0.0145733785255674,0.00483127376681154,0.00643634810794495
"SMARCA2",0.0145634460668305,0.00486025570888446,0.00647361441316228
"NOM1",0.0145534851262933,0.00488947862962587,0.0065111861535242
"SCAMP4",0.0145526286788263,0.00489199863872952,0.00651319013614622
"CERS6",0.0145192234138196,0.00499121149700153,0.00664390310472236
"AATF",0.014516362344819,0.00499979281925129,0.00665394539064847
"CAMTA2",0.014509549096988,0.00502028180842189,0.00667844248037215
"TM9SF3",0.0145023761285616,0.00504193456229047,0.00670585658201816
"NUDT16",0.0144982258163914,0.0050545014677316,0.00672117749574423
"NEPRO",0.0144241216917126,0.00528370266160207,0.00702013590325924
"STAG1",0.0144093661561651,0.00533044642190901,0.00707930951003275
"TXNDC5",0.0143975472592583,0.00536815627104459,0.00712791610824133
"DUSP3",0.0143968000967298,0.00537054827384757,0.00712961674425947
"PIGX",0.0143860316008692,0.00540513011966529,0.00717265385129027
"HAUS2",0.0143860090244275,0.00540520283213661,0.00717265385129027
"USP6NL",0.0143838727424846,0.00541208720181361,0.00718030427767496
"CCSER2",0.0143826895446179,0.00541590357377683,0.00718388201971308
"EFCAB14",0.0143811393982691,0.00542090720449017,0.00718827562838453
"LONP1",0.0143809692612587,0.00542145663431309,0.00718827562838453
"SHC1",0.0143677649993433,0.0054642513167376,0.00724351992731165
"IBTK",0.0143645935721246,0.00547457513951228,0.00725570627868432
"HP1BP3",0.0143607184543149,0.00548721355540952,0.00727095459965044
"POLR2A",0.0143415209891866,0.00555021391509665,0.00734988080067288
"PDE7A",0.0142987666761089,0.00569287230038455,0.00753413132823169
"PTGER4",0.0142893611772342,0.00572469602905154,0.0075715625071933
"AGGF1",0.0142804394328451,0.00575503113536312,0.0076069797619468
"CTDSP2",0.0142401516662513,0.00589382778806775,0.00778723210219166
"MIA3",0.0142228629769018,0.00595430925427918,0.00786552361034697
"GMFB",0.0142137217876199,0.00598651362708619,0.00790643709991457
"WDR13",0.0142091830742409,0.00600256172796887,0.00792600042120771
"SRCAP",0.0142067047240758,0.00601134109391599,0.00793595976513682
"SLC44A1",0.0141852107268335,0.00608796851644796,0.00803546718813621
"ABHD17A",0.0141715728562527,0.00613704343821443,0.00809690945909598
"EZR",0.0140937993683441,0.00642377633311673,0.00846824511059727
"SNX14",0.0140627999189195,0.00654138416747126,0.00862151208268192
"CALCOCO1",0.0140496757538694,0.00659175633761697,0.00868611802467663
"RAB5IF",0.0140367040818445,0.00664188568604037,0.00875037752805647
"NKIRAS2",0.0140051869415212,0.00676511543758682,0.00890906827741318
"FBXW5",0.0140039164118175,0.00677012592598703,0.00891383704927822
"SNX1",0.0139975713637439,0.00679519834466088,0.00894501283942228
"ASH2L",0.0139960390029904,0.00680126595393041,0.00894932780156225
"CSNK1G2",0.0139823335159632,0.00685575174230145,0.00901917227365308
"ATP6V1E1",0.0139795292422085,0.00686694826713121,0.00903205003729271
"OXR1",0.0139580391620664,0.00695329773295105,0.0091381315556358
"POLK",0.0139382638557266,0.00703361736377604,0.00923990356387941
"ZMPSTE24",0.0139223522269809,0.00709884803446383,0.00932368658937972
"FAM76A",0.0139057824782836,0.00716735349686364,0.00941173557836207
"DEF6",0.0138892059616367,0.00723648011103482,0.00949750803143148
"KARS",0.0138890548619256,0.00723711296223013,0.00949750803143148
"CASC3",0.0138733337088508,0.00730322993684823,0.00958231559812234
"SLC4A2",0.0138717109851287,0.00731008523670335,0.00958934918803695
"SMARCC2",0.013837672752564,0.00745521890383177,0.00977374018941247
"SPATA6",0.0138356121615705,0.00746408733164922,0.0097833675832199
"PSTPIP2",0.0138096619439112,0.00757658516552264,0.00991866362415696
"SRPRA",0.0137973034991978,0.00763069318069171,0.00998745969957528
"CDC34",0.0137845576089809,0.00768686009025513,0.0100564759431466
"SUZ12",0.0137842713681204,0.00768812570154836,0.0100564759431466
"SZRD1",0.0137522050290486,0.00783109455076669,0.0102351400769442
"PHF10",0.0137308373848309,0.00792768059010114,0.0103592665307717
"FIP1L1",0.0137130441215868,0.00800892233702642,0.0104632958082593
"ANGEL2",0.0137002123293645,0.00806797245312434,0.0105382962661331
"PPP6C",0.0136580852196921,0.00826458548926795,0.010788520956082
"CTBP2",0.013649465676185,0.00830533847689568,0.0108373096741433
"ANXA7",0.0136426432501596,0.0083377221014099,0.010877353599562
"PEX16",0.0136196669032262,0.00844761499623178,0.01101623939346
"GPS1",0.0136056284493967,0.00851539487285297,0.0110956079415566
"FAF1",0.013588669476563,0.00859792371188511,0.0112008687381634
"TPCN1",0.013562406935067,0.00872713866575213,0.0113645873106283
"BORCS7",0.0135487717617015,0.00879490741884105,0.0114505125810236
"BATF",0.0135377536258363,0.00885001217416725,0.0115199184640814
"U2SURP",0.0135355626086794,0.00886100675153319,0.0115318903281617
"GSK3A",0.0135238345202496,0.00892006629356779,0.0116063973513549
"DDX21",0.0135098575074162,0.00899090980410736,0.0116938328204243
"ZBTB33",0.0134894402796751,0.00909529909228712,0.0118224147034267
"SCLT1",0.0134515663516885,0.00929180982214524,0.0120729550058493
"ATP13A1",0.013445030511762,0.00932610202701972,0.0121150578265557
"PPP1R21",0.0134276888616153,0.00941763797422863,0.0122314909398079
"PMS2",0.0134033949292434,0.009547218346803,0.0123972784685465
"ATP2A2",0.0133988749487748,0.00957150193550685,0.0124262963209656
"ENC1",0.0133977197275966,0.00957771718931572,0.0124318497848775
"FUBP1",0.0133759888963241,0.00969530455751003,0.0125782047336614
"IL10RB",0.013375796203833,0.00969635296332439,0.0125782047336614
"TSC22D2",0.0133752397184883,0.00969938126913812,0.0125795896953285
"INSR",0.0133490062150173,0.00984309990764195,0.0127634052157297
"PSMD13",0.0133456362887992,0.00986169870111895,0.0127823553265413
"DDX52",0.0133343612731836,0.00992415392187564,0.0128607092633315
"BRCC3",0.0132854470179813,0.0101992016076263,0.0132091395871075
"ACBD5",0.0132736583941188,0.010266496187532,0.0132909280749002
"PLOD1",0.0132694650969074,0.0102905284663856,0.0133193525600827
"NFYC",0.0132421417217875,0.0104483516301345,0.0135209003749381
"DHX58",0.0132247553451256,0.0105498951286731,0.013649551753492
"RSAD2",0.0132118748210783,0.0106256876766715,0.0137448411559525
"SEC31A",0.0131996483593391,0.010698079113023,0.0138329051973309
"CEP63",0.0131989814768353,0.0107020402273393,0.0138352387867438
"UBA7",0.013195871650193,0.0107205290396918,0.0138563485734615
"ANP32A",0.0131866517133318,0.0107755112295184,0.0139246082675912
"MPND",0.0131796854491761,0.0108172199711802,0.013975691368323
"COMTD1",0.0131166463285587,0.0112012238824349,0.0144689052606608
"XAB2",0.0130978519614593,0.0113180292737318,0.0146139013524378
"ZYG11B",0.0130816313215652,0.0114197072665504,0.0147422216946051
"SLC35A3",0.0130412207537792,0.0116765525338355,0.0150586454386108
"RPRD1A",0.0129774311805979,0.0120924288148207,0.0155918455136434
"SRSF4",0.0129631430401487,0.0121873605675069,0.0157079359986187
"ZFPM1",0.0129556822012032,0.012237193046666,0.0157689959002629
"GPATCH8",0.0129312103428819,0.0124019151467075,0.0159780497151155
"HNRNPC",0.0129199986994972,0.0124780353984207,0.0160696658202062
"OAF",0.0129169702355099,0.0124986676717451,0.0160930065787511
"ATP6V1B2",0.0129113779933286,0.0125368458186607,0.016138925114873
"VRK3",0.0129026870834403,0.0125963834576912,0.0162123162015139
"NDRG1",0.0129012966087901,0.0126059321858541,0.0162213519663939
"RBMS2",0.0128998425676524,0.0126159242940845,0.0162309545359627
"NPL",0.012873558355789,0.0127977611259699,0.0164582953265631
"GFPT1",0.0128707090380002,0.0128176116568527,0.0164805203187109
"ZFYVE16",0.0128244302147298,0.0131438619868466,0.0168864674624765
"ZBTB7B",0.0128224110909664,0.0131582618318241,0.0168989817445818
"WRAP73",0.0128117389452752,0.0132346046417661,0.0169928403805426
"SEC61A1",0.0128023783518334,0.0133018873904268,0.0170723963786713
"PPP2R2A",0.0128007964553889,0.0133132876771252,0.0170836107472871
"TACC1",0.0127953218022424,0.0133528086685101,0.0171308979038514
"FUBP3",0.0127719728105905,0.0135225293382199,0.0173451715781725
"U2AF2",0.0127451861497265,0.0137195831259351,0.0175944124197481
"PARP14",0.0127349453057558,0.0137955865237902,0.0176848118155121
"GUF1",0.0127246859091702,0.0138721001718727,0.0177793437280734
"ELMOD2",0.0126604683812963,0.0143595964090513,0.0183857853842493
"MAP2K1",0.0126540100432104,0.014409450221116,0.018438578503925
"SERINC3",0.0126332323808706,0.01457087613043,0.0186377075862917
"ZBTB1",0.0126205432231794,0.014670243085801,0.018753592277047
"HCLS1",0.0126058276340853,0.0147862263271461,0.0188980932499939
"SOS1",0.0126024678775574,0.0148128198121216,0.0189245423963704
"ZNF654",0.0125953165391213,0.014869565180883,0.0189894765526563
"CHMP6",0.0125902852817031,0.0149096025491555,0.0190330302338602
"LRCH3",0.0125725858147257,0.0150512058291628,0.0192061528639437
"RNF141",0.0125697613954709,0.0150739116446292,0.0192313018715333
"UBAP2L",0.0125681074688937,0.015087221742087,0.0192444562022327
"PLEKHA3",0.0125668790787217,0.0150971140011577,0.0192532465576282
"HCFC1",0.0125619909106736,0.0151365351647884,0.0192996839462008
"TMEM87B",0.012549461292857,0.0152379958819377,0.0194213312631133
"BRD8",0.0125417015907477,0.0153011312159839,0.0194940543847801
"NEXN",0.0125254442639236,0.0154341529537697,0.019655721586222
"NSFL1C",0.0125131046505548,0.015535797317265,0.0197773165848357
"BLCAP",0.0124990997774749,0.0156518720432685,0.0199211289485441
"IMPA1",0.0124966702601872,0.0156720857595368,0.0199429000859159
"CTR9",0.0124804764618888,0.0158074066727824,0.0201071215726748
"ARHGAP35",0.012476434274934,0.0158413444165879,0.0201462964869827
"TLE5",0.0124661396926091,0.0159280661210888,0.0202525707952648
"TRIM21",0.0124454298699733,0.0161037913713059,0.020471948769229
"CLN3",0.0124388493360856,0.0161599835979527,0.0205352455465368
"AC004687.1",0.0124380862264317,0.0161665110504109,0.0205394722573142
"POGZ",0.012434595787782,0.016196396952929,0.0205733682142135
"INO80E",0.0124213415623391,0.0163103252359811,0.0207098845664071
"NFKBIB",0.0124128203727762,0.0163839414582135,0.0207951272791094
"APOL6",0.0123922316596648,0.0165630172459421,0.0210141029562912
"WASL",0.012368426548862,0.0167722092177951,0.0212710998895776
"GOLGB1",0.0123565288996873,0.0168776287369697,0.0214005663984975
"SYNCRIP",0.012345112713613,0.0169793285165137,0.0215252661058984
"AGPS",0.0123053071853841,0.0173381499866937,0.0219758139697011
"WDR41",0.0122931975701653,0.0174486216437871,0.0221114668114829
"VPS11",0.0122562003246548,0.0177899661945402,0.0225262330973298
"MAPK9",0.0122179876772275,0.0181486530140876,0.0229713469596343
"PLXDC2",0.0121985932387198,0.0183331117852795,0.0231956705214658
"DDHD1",0.0121673715395827,0.0186335068028647,0.023571092201731
"OTUD5",0.0121532161082929,0.0187711141196785,0.0237404825925207
"CAB39",0.0121311281815819,0.0189876102655124,0.0240048290568527
"SLC25A28",0.0121170031118905,0.0191271996943255,0.0241765392511412
"GNL3L",0.0121064386137039,0.0192321877336634,0.0243044546974955
"MRE11",0.0121028052468877,0.0192684116793364,0.0243454370489606
"TRIM11",0.0120811898108212,0.0194851482416837,0.0246144341639382
"ZNF609",0.0120804240170121,0.0194928657136412,0.0246193359091973
"RPS6KC1",0.0120767136893123,0.0195302952587576,0.0246617544538848
"PIK3CG",0.0120721615900981,0.01957630229011,0.0247149853391078
"ARSB",0.0120552184132238,0.0197483760326229,0.0249224194778341
"NCBP2AS2",0.0120433931108403,0.0198692541961045,0.0250700363662156
"SLC25A16",0.0120229847013004,0.0200793885704716,0.0253301921093484
"ADAM15",0.0120174536021631,0.0201366723011415,0.0253974620570324
"HMBOX1",0.0120117134258083,0.020196272116317,0.0254626217131637
"GFM1",0.0120048536170281,0.0202676988169146,0.0255476533613604
"DEK",0.0119971970611917,0.020347681695542,0.0256434346412488
"ARL8A",0.0119849216097437,0.020476489676519,0.0257956327831428
"UBASH3B",0.0119794189898931,0.0205344598689912,0.0258585072658386
"CBWD2",0.011950185679364,0.0208448391361347,0.0262390598189995
"DUSP22",0.0119447642509949,0.0209028474530673,0.0263069182539977
"PI4KB",0.0119145573904221,0.0212286379476901,0.0267116966213728
"FMN1",0.0119118603177985,0.0212579406611451,0.0267433229964523
"SCAP",0.0118963348694685,0.0214273050247385,0.0269458230181737
"AEBP2",0.0118879992430678,0.0215187207287784,0.027050178721756
"ST8SIA4",0.0118207983293925,0.0222681881639943,0.0279703788684783
"TASOR2",0.0118201625090648,0.022275386285332,0.0279739437084929
"DAXX",0.0117810080197831,0.0227225704868429,0.0285243616207365
"ATG7",0.0117747098988306,0.0227952249897421,0.0286099693924462
"SIRT1",0.0117711007462449,0.0228369507209472,0.0286567329993345
"HERC1",0.0117490251970026,0.0230936150208853,0.0289674748727273
"NCKAP1L",0.0117464648207821,0.0231235450787628,0.0289993481675805
"TDRD3",0.0117437998443636,0.0231547336528099,0.0290327870073145
"TBC1D23",0.0117095666740171,0.0235586287596319,0.0295334431656504
"WARS",0.0117060953148422,0.0235999244716811,0.0295794325865024
"ATXN7L3B",0.0117031807354173,0.0236346451558986,0.0296171647109855
"RBM26",0.0116929145617112,0.0237572968536333,0.0297534289699221
"DLD",0.0116646695585437,0.0240975980018649,0.0301678417131639
"SAFB2",0.0116329254159367,0.0244850940141549,0.0306409914559816
"ZNF384",0.0116098166671112,0.0247705642397045,0.0309861454790298
"CXXC1",0.0116031682268199,0.0248532268140332,0.0310834899101046
"NRG1",0.0115963257800145,0.0249385508911193,0.0311841244430756
"TBC1D9",0.01158195246742,0.0251186098638063,0.031384810299159
"SREBF2",0.0115629971315261,0.0253577892389038,0.0316774874915901
"NELFB",0.011521363944116,0.0258900460856053,0.0323235134627833
"EXOC7",0.011507669124926,0.0260672252778745,0.0325320594014477
"FAM234A",0.0115049457887344,0.0261025835978973,0.0325698514904919
"IFFO1",0.0114991042805296,0.0261785664267455,0.0326519599910573
"DDI2",0.0114753523997465,0.0264894887264458,0.0330333449307825
"TOR1AIP1",0.0114394814788543,0.0269651000273322,0.0336199148416952
"SMARCA4",0.011431270184789,0.0270750044074415,0.0337503843555751
"EPN1",0.0114204816921985,0.0272199909487319,0.0339113518304978
"CAPN15",0.0114194716748984,0.0272335988055538,0.0339217181006471
"SLC30A9",0.011413033184305,0.0273204819719533,0.0340233331389853
"TAF3",0.0113567790014325,0.0280898211041693,0.0349585493697525
"DDB1",0.011350105875146,0.0281823107669702,0.0350557785732611
"RUFY2",0.0113424511160845,0.0282887289422264,0.0351813306635637
"RBM27",0.0113247422004821,0.0285362500642478,0.0354754079465634
"GANC",0.0113031591329833,0.0288404411626879,0.0358327402207215
"SPCS3",0.0112938272726818,0.0289728261123909,0.0359902521465828
"ARIH2",0.0112621696320587,0.0294258364919605,0.0365459092010102
"WDR48",0.0112571415498933,0.0294983445276697,0.0366288713933672
"STYXL1",0.0112442952584768,0.0296842941819564,0.036845508119836
"CUL5",0.011240753012103,0.0297357450300557,0.0369022321301426
"TIA1",0.0112293004184295,0.0299026180993389,0.0371021461468494
"PLAGL2",0.0112122434782151,0.0301526428485432,0.0373979038307081
"LINC00877",0.0111944225556611,0.0304157830916735,0.0377091636077762
"ALDOA",0.0111940548690059,0.0304212329853257,0.0377091636077762
"UBE2Z",0.0111763992321061,0.030683915904297,0.0380200858327481
"KDM5C",0.0111308451476357,0.0313706879594732,0.0388335585467837
"SMARCA5",0.0111027070871001,0.0318014514921065,0.0393516128781785
"TMEM183A",0.0110593028480451,0.0324758657624482,0.0401783946648415
"SEC24D",0.0110498948102407,0.0326236524306466,0.0403456734762969
"VPS4B",0.0110471418260418,0.0326670066100953,0.0403915040297497
"SF3A1",0.0110368878688438,0.0328289210093142,0.0405838838527476
"VIRMA",0.0110314901309501,0.0329144293230778,0.0406817527522379
"ANKFY1",0.011009955979106,0.0332574630058775,0.0410978202322246
"CMAS",0.0110093004641198,0.033267952996386,0.0411028666329314
"COX15",0.0109890661429244,0.0335931515385901,0.0414806890438018
"B4GALT1",0.0109801558166494,0.0337372150118525,0.0416505621543286
"PPP1R2",0.0109579875830111,0.0340979283884374,0.0420796900442805
"BRD4",0.0109468953177709,0.0342796516666053,0.0422958163640269
"PSME3",0.010907426128818,0.0349329973305329,0.0430853731012494
"XAF1",0.01090572546914,0.0349613861827765,0.0431120995096471
"SBDS",0.0108778581879898,0.0354293835854256,0.0436724159623613
"OSER1",0.0108425162746657,0.0360305874884716,0.0443879126970111
"PCM1",0.0107942711318346,0.0368653139362672,0.0453813995040465
"MYO9A",0.0107914725013081,0.0369142364993208,0.0454329064607026
"RBM7",0.0107819232523381,0.0370815822925653,0.0456301173742039
"AOAH",0.0107719665659836,0.0372567556363294,0.0458368828691638
"SLC39A9",0.0107684905799694,0.0373180761867457,0.0458882066586753
"TFEB",0.0107683856467224,0.0373199286697269,0.0458882066586753
"SLC27A1",0.0107629769013122,0.037415520271646,0.045996930075279
"OTUB1",0.0107500335157437,0.0376451218643267,0.0462703260309426
"CHRAC1",0.0107150643202049,0.0382714398313513,0.0470221290612697
"GIT1",0.0106643644689374,0.0391952215133884,0.0481202719536739
"PRPF18",0.0106383061236119,0.039677341901315,0.0487028554885856
"AC103591.3",0.0106132048298819,0.0401465048982033,0.049259892030383
"MAPKAPK5",0.0106066238842687,0.0402702836241476,0.0494023211725681
"DNAJA2",0.0106046942227354,0.0403066392620092,0.0494374684582395
"C1GALT1",0.0105973363918943,0.0404455193947075,0.0495795874367529
"WWP1",0.010590089174246,0.0405827080830668,0.0497380429915867
"TMEM214",0.0105607158841331,0.0411427860800782,0.0504052158659121
"GRPEL1",0.0105551680615468,0.0412493015639098,0.0505260631603752
"TRIM26",0.0105527963797689,0.0412949079130384,0.0505654168855547
"HNRNPDL",0.0105526776530714,0.0412971920948109,0.0505654168855547
"ORAI2",0.0105408185551398,0.041525888964302,0.0508163462893308
"ZNF746",0.0105180390114563,0.0419681902150401,0.0513478086231307
"NCOR2",0.0104686181303088,0.0429414968584831,0.0525086037438589
"FAM13B",0.0104505955924125,0.0433011530790062,0.0529181329818864
"MYCBP",0.0104377901395399,0.0435582414216103,0.053212048164709
"OAS2",0.0104287436231601,0.0437406396970713,0.0534246990855529
"C4orf33",0.010419359700726,0.043930521941641,0.0536464082180374
"RAVER1",0.0104091674942991,0.0441375476462867,0.0538889639768935
"CARD6",0.0104049129383664,0.0442242101585496,0.0539845000717759
"QRICH1",0.010403943896349,0.0442439689756476,0.0539983460048992
"PNPLA6",0.0103931258815761,0.0444650551572109,0.0542475363925965
"COPS2",0.0103880145495833,0.0445698385177887,0.0543650349677058
"POLG",0.0103417946045584,0.0455268500399077,0.0554901728449938
"PDS5A",0.0103380210845588,0.0456057419116023,0.0555652184019826
"CXorf38",0.010337173128337,0.0456234857246262,0.0555762833509021
"ARPC1B",0.0103208927418717,0.0459652886934359,0.0559713972778677
"TLR6",0.0103193318222664,0.0459981728525084,0.0559953324542687
"HIF1AN",0.0103191312471482,0.0460023998389106,0.0559953324542687
"DENND4C",0.0103129684358684,0.0461324365019327,0.0561429652117603
"ZDHHC5",0.0103030719802669,0.0463419014423775,0.0563764959526534
"WDR82",0.0102758533560187,0.046922134736664,0.057060730945875
"IKBKG",0.0102260049478003,0.0480006284464162,0.0583280363848876
"WASHC5",0.0102084825937143,0.048384647308782,0.05877241520885
"KLHDC7B",0.0101933116074398,0.0487192148037303,0.0591676097256736
"KLHL24",0.0101877774216984,0.048841743353609,0.0593051902643367
"BZW1",0.0101714613567335,0.0492044924797118,0.0597230464906982
"DCAF10",0.0101693163749591,0.0492523487876734,0.0597698259545512
"CGAS",0.0101632328873681,0.0493882888972284,0.0599234609615388
"RAE1",0.0101565218903035,0.0495386161841795,0.0600944907237087
"ISG20L2",0.0101543530653048,0.0495872801559142,0.0601421530208593
"NFATC2IP",0.0101351453548983,0.0500200141586586,0.0606555303046596
"TRG-AS1",0.0101250682357543,0.0502483066907937,0.0609208495329048
"SPART",0.0101223773308412,0.050309415428901,0.0609834138280425
"CCDC84",0.0101089652419563,0.0506149249994291,0.0613421531538227
"MYCL",0.0101072976935508,0.0506530179463438,0.0613767258061836
"UNC119",0.0101041336555529,0.0507253622452809,0.0614527802427724
"LAMP2",0.0100775032456765,0.0513376910316287,0.0621756641441926
"METTL16",0.0100643629203515,0.0516421068017582,0.0625279783430988
"KLHL9",0.0100628507101641,0.0516772361873807,0.0625587070524971
"USP1",0.0100604600296393,0.0517328136630855,0.0626141732620933
"WIPI1",0.0100524675056348,0.0519189835160045,0.0628276496112194
"OTUD4",0.0100443884898453,0.0521077372737847,0.0630441716667174
"BCL2L13",0.0100373506047646,0.0522726340473195,0.063219834127729
"NT5C3A",0.0100044023456467,0.053050421635969,0.0641319896399725
"PLEKHF2",0.00999268061140807,0.0533294504471655,0.0644251090320117
"AP2A1",0.00995143642848851,0.0543210056389547,0.0655859187390917
"MTHFS",0.00994500524091054,0.0544769960075722,0.0657618826687833
"ABRAXAS2",0.00992818747935966,0.054886682848966,0.0662439723775331
"USP22",0.00991769118067211,0.0551436761606945,0.0665416261514042
"THOC5",0.00990774659462326,0.0553880858083389,0.0668114229265468
"GORASP1",0.0099057598806463,0.0554370216206625,0.0668578817139419
"CPSF1",0.00988525960456874,0.0559440819620636,0.067444049204923
"PIP5K1C",0.00986001266411383,0.0565738496268848,0.0681776519921286
"DCAF5",0.00984930181766067,0.0568428012455604,0.0684889038106132
"LRMP",0.00983782229334548,0.0571322347489365,0.0688247123824965
"ITPR2",0.00982591706569387,0.0574336953002573,0.0691748806169422
"PIEZO1",0.00981776370665582,0.0576409143272977,0.0693853858018653
"XPC",0.0098168729614919,0.0576635903815167,0.0693996615809063
"WAPL",0.00979922973695978,0.0581142712835095,0.0699289505917098
"CCDC71L",0.00977862573654188,0.0586442833471616,0.0705534824592891
"EP400",0.0097736166665319,0.0587737401789401,0.0706959724387101
"COLGALT1",0.00975718514123601,0.0592000713512715,0.0711820947881855
"ZYX",0.00972843552383594,0.0599521796913468,0.0720459233751042
"BTBD2",0.00971801859621408,0.0602266414692932,0.072362196941383
"VHL",0.00970200301076345,0.0606506461019449,0.0728579938944165
"PMPCA",0.00967894143376787,0.0612655325410732,0.0735828634937337
"ARHGAP25",0.00965637446858517,0.0618722197302109,0.0742976159066129
"SEC23A",0.00964305332064968,0.062232671485112,0.0747024920951317
"CHERP",0.00962802573423701,0.0626413805323107,0.0751790305827358
"CPNE2",0.00960214496776759,0.0633504681186254,0.0760016087227189
"EBLN3P",0.00956298141638035,0.0644360821841949,0.0772751221109896
"SCYL2",0.00952492721341761,0.0655056086272892,0.0785137278073393
"TFCP2",0.00951412831446374,0.0658117675791316,0.0788365012673093
"VPS16",0.00950562336951452,0.0660537201156486,0.0791115677173794
"CLPX",0.00950503879394619,0.0660703772725402,0.0791167488952254
"NIBAN1",0.00948078508291444,0.0667645299777327,0.0799181388688681
"CUL2",0.00947603978775874,0.0669010425142267,0.0800522490454674
"PPP3CB",0.00947602316570469,0.066901521100654,0.0800522490454674
"PIK3R5",0.00945335219494676,0.0675568979747628,0.0808213793410551
"ANKRD11",0.00945207436791305,0.0675939943480799,0.080850683769068
"TRIOBP",0.00941597394517219,0.0686489631322799,0.0820819507000947
"POLDIP3",0.00941092886198315,0.0687974683858597,0.082244188031242
"PLSCR1",0.00939254804446319,0.0693407538901796,0.0828782185095738
"ANAPC15",0.00938907736875824,0.0694437317537337,0.0829858414848119
"NCOA3",0.00937506093961507,0.0698608894038781,0.0834532612949697
"MRPL28",0.00934989811069828,0.0706149466566125,0.0842912553951304
"MAN2A1",0.00928911276703943,0.0724640739029289,0.0864273513568422
"LIPE-AS1",0.00928886105708931,0.072471812702589,0.0864273513568422
"ZBTB37",0.00925712653651672,0.0734529210335173,0.0875648348849957
"NPTN",0.00921025474188462,0.0749218608516135,0.0892165291803921
"RIC8A",0.00919529065540943,0.0753958493218583,0.0897476380795998
"CMPK2",0.00919293080481611,0.0754708207134515,0.0898202162302922
"KLF11",0.00915209140155696,0.0767779358327716,0.0913081068216983
"SLA",0.00914489983316523,0.0770100106691752,0.0915671290684634
"LNPEP",0.00913992414791236,0.0771709124162886,0.0917414441472869
"VAMP7",0.00911525244764788,0.0779727874248312,0.0926089233835093
"YLPM1",0.00910720102294641,0.0782359368575559,0.0929042700126002
"MFSD5",0.0091065259958511,0.0782580319694553,0.0929133110873473
"SURF4",0.00907037433330564,0.0794487949773132,0.0942921695476215
"UBE2Q1",0.00906854393710808,0.0795094742142278,0.0943467332270178
"ARMH3",0.00904741180389249,0.0802127550304183,0.0951636531573897
"ATE1",0.00904349247910333,0.0803437447371162,0.0952486079514666
"SAR1A",0.00899820749751382,0.0818698751245398,0.0969145975643999
"PPP2R5E",0.00899661645598607,0.0819239188081138,0.0969428002716448
"CBLL1",0.00899346033907433,0.0820312097999054,0.0970518609766169
"ZDHHC7",0.00896366891877063,0.0830495821569066,0.0982204827868595
"FNBP1",0.00894887472521275,0.0835590912654899,0.0987866463164516
"LMBR1L",0.00890971463084734,0.0849199831962216,0.100377047197302
"MRGBP",0.00888095335926096,0.0859308683969074,0.101534521479661
"PGM2",0.00887646468802014,0.0860895072744072,0.101703236728521
"C16orf72",0.00886560238912738,0.0864743823966352,0.102120308753324
"SH3GL1",0.00884846516855133,0.087084416031226,0.102821791177097
"CCNT2",0.00884237278142292,0.0873021217947883,0.103059873677159
"ZCCHC8",0.00884153988099077,0.0873319188078204,0.103076083714308
"BANP",0.00883969319372432,0.0873980133124058,0.103135121098473
"EXOC1",0.00882592637263583,0.0878920123679079,0.103679932221456
"TRPM2",0.00881228940972108,0.0883835693070255,0.104240621447404
"ABCD3",0.00879589109126524,0.0889775938498493,0.104902653829591
"RFNG",0.00877070353568597,0.0898962662390501,0.105966276720512
"ADNP",0.00876616006831948,0.0900627913276109,0.106143069279565
"CCNYL1",0.00871653614441674,0.0918977942068661,0.108246052438269
"SLC15A4",0.00870840527290617,0.0922013034567724,0.108543773023606
"FAM122B",0.00870788602666251,0.0922207132026757,0.108546706275613
"SRF",0.00870179784237091,0.0924485382107381,0.108794904834941
"CHMP7",0.00868209827537824,0.0931888112437313,0.109645958727266
"ADIPOR1",0.00864280127672665,0.0946797245999612,0.111359324112438
"LYPLA1",0.00863708589746942,0.0948981473616245,0.111595768598274
"PDPK1",0.00862860808944287,0.0952228842960079,0.111895609092159
"HOMER3",0.0086145007912444,0.0957652273488873,0.112471114528732
"LTB",0.00859678524513576,0.0964497856355021,0.113233636713153
"TTC39C",0.00859423232703058,0.0965487565824096,0.113329092980743
"TLNRD1",0.00856262066909728,0.0977810132830034,0.11471255827825
"POM121C",0.00856198341458576,0.0978059827712272,0.114720874855611
"SEL1L",0.00856001461275572,0.097883158348173,0.114790411983527
"TRAK2",0.00850092531498438,0.100222142033409,0.117468992196995
"ERLIN2",0.00849003908138839,0.100657883224203,0.117958169637714
"PRPSAP2",0.00845395779967913,0.102112904673485,0.119597735740248
"SQSTM1",0.00843842826707994,0.102744282376693,0.120293305789939
"ZFAND3",0.0084315737875461,0.103023948003544,0.120598732054504
"CDC16",0.00843058972400292,0.103064147849666,0.120623781941528
"Z83843.1",0.0083866967455728,0.104869933911915,0.122714845153902
"STRN",0.00838135443398444,0.105091424223308,0.122951600623039
"PACSIN2",0.00838043846774981,0.105129437112263,0.122973649683186
"C6orf89",0.00835523127181837,0.106179832504912,0.1241570631222
"LZIC",0.00834393834272922,0.106653105134145,0.124687740987732
"BROX",0.00834305115909505,0.106690356617301,0.124708567691129
"PWWP2A",0.00833883529346822,0.10686751530697,0.124870147188039
"REV1",0.00831502754053557,0.107872341338609,0.125998350997363
"PPM1M",0.00824913819935675,0.110692278407077,0.129221553540721
"CLPB",0.0082381928047402,0.111166308360553,0.129751325166692
"ATRX",0.00822369327048687,0.111796728729914,0.130463406971831
"EEF1D",0.00821892639129228,0.112004601165742,0.130639108150168
"MACF1",0.00816671116187746,0.114301593907335,0.133216898548495
"KPNA1",0.00816086665105656,0.11456098974828,0.13349497098165
"NF1",0.00814700028072545,0.11517827156349,0.134165539279476
"FBXL4",0.00806951950278244,0.118675715908977,0.138189363570235
"RPS6KB2",0.00805893408878922,0.119159933569231,0.138728022823478
"CSNK1A1",0.00802580973985472,0.120685176522738,0.14042729281282
"PYGB",0.00802118032717236,0.12089955383445,0.140651230716561
"UBE4A",0.00799580791296507,0.122079787179829,0.141998534181614
"GRAMD1A",0.00797851616555032,0.122889283751521,0.142862410681239
"WDR43",0.00796717780422748,0.123422350015195,0.143456122771285
"RABL6",0.0079445139880569,0.124493284654281,0.144674681097965
"GATAD2B",0.00794076064989545,0.124671338811972,0.144855362154583
"CNOT3",0.00792796293797038,0.125279941198112,0.145536140272875
"NSUN2",0.00792443564453382,0.125448090036931,0.145705095162373
"HTATSF1",0.00791258668421365,0.126014227205129,0.146336159592418
"SRRT",0.00787502986139158,0.127821829021467,0.148408406623549
"ZC3H4",0.00783463575221463,0.129788427292399,0.150637219520266
"NMD3",0.00783139294495056,0.129947317204633,0.150794354708795
"CTNNA1",0.00781452120023635,0.130776430363891,0.151729037471017
"SERINC1",0.00774370856894839,0.134301130669756,0.15573396970489
"TRANK1",0.00773683126765929,0.134647324874704,0.156107198481406
"COG5",0.0077247240783793,0.135258460314069,0.156787404042469
"DNM2",0.00772231429934749,0.135380354217232,0.156900352719971
"TNS3",0.0077044598576809,0.136286130971252,0.157893069034228
"RAB12",0.00770010111176282,0.136507964044309,0.158121519644031
"USP39",0.00766296716346905,0.13840916582251,0.160236955596756
"DEDD",0.0076521996773987,0.13896424270149,0.160836193027776
"YME1L1",0.0076519543428967,0.138976909935473,0.160836193027776
"USP9X",0.00764962789252197,0.13909707458531,0.160946227329008
"TOX4",0.00764796351919383,0.13918309104053,0.161016716934013
"SGK3",0.00763569443112986,0.139818433782519,0.161722565557715
"RBM22",0.0076163667564252,0.140823822312461,0.162768085742524
"MAP3K20",0.00760721158467439,0.141301992465375,0.163291351523387
"VAMP2",0.0075917798479417,0.142110807345344,0.164166895917848
"COASY",0.00758910638935793,0.142251290428627,0.164299600250237
"ZDHHC17",0.00756700093881629,0.143416961729061,0.165586328316296
"STAT5A",0.00754702473261672,0.144476642825567,0.166779802153443
"HS1BP3",0.00754041153191303,0.144828773260103,0.167156216808206
"CSNK1D",0.00753050584301016,0.145357447030848,0.167736219451424
"PLAA",0.00752789953177628,0.145496793013434,0.167836682616247
"CRBN",0.00752789893514605,0.145496824923872,0.167836682616247
"FHOD1",0.00752537322756548,0.145631959031876,0.167962367274585
"ACLY",0.00752293167454268,0.145762681898339,0.168082920032305
"MTX1",0.00752161218641526,0.145833365815991,0.168134209357664
"SAT1",0.00747743700445643,0.148214967983893,0.170818615876533
"GCHFR",0.00747581103078423,0.148303192120403,0.170889597816901
"SERINC5",0.00747516402341133,0.148338309418953,0.170899370305621
"EFR3A",0.00747020313493992,0.148607780179266,0.171179087545812
"ZBTB44",0.00743523092462861,0.150518054124953,0.173286171768473
"TFIP11",0.00743120362550473,0.150739232304429,0.173509672491068
"YEATS2",0.00741713301138386,0.151513931517987,0.174370113833077
"PRCC",0.00741378527784227,0.151698696689546,0.174520143080532
"PDE4A",0.00740574608846591,0.152143089287628,0.17500001091241
"LY75",0.00738585126171736,0.153247101458896,0.176238286961871
"PRKAA1",0.00732739701703055,0.156526120381647,0.17997698716284
"NCSTN",0.00728888551118275,0.158715340727803,0.182396135788928
"ZC3H18",0.00726802377665463,0.159910881484234,0.183737144628016
"YARS",0.00726390109335938,0.160147947231069,0.18397658539562
"SPTSSA",0.007251272058499,0.160875805353733,0.184746584419107
"LRRC58",0.00723661925564806,0.161723429555536,0.185653520133891
"MBNL3",0.0072208024766747,0.162642165759591,0.186612121435883
"NR3C1",0.00722074130203545,0.162645726787634,0.186612121435883
"THBD",0.00721857580363832,0.162771820193231,0.186723403962054
"GPR107",0.00720221987270356,0.163726581685563,0.187717967851067
"TPR",0.0071918629982275,0.164333332782346,0.18834631352832
"ARCN1",0.00718581244569864,0.164688583547487,0.188719762822053
"AKAP17A",0.00716064551643276,0.166172435705384,0.190318162707202
"UHRF2",0.00714705387111757,0.166977974306202,0.191172498777408
"TAGAP",0.00714619672894377,0.167028872908416,0.19119665451925
"FAM168B",0.00713044258370309,0.167966459224509,0.192201320204111
"OXSR1",0.00712929126715207,0.168035132884329,0.192245615653684
"SPTLC1",0.00711377925349509,0.168962448960972,0.19323762433754
"MCTP1",0.00709844898656807,0.169882666828687,0.194222440071296
"ERCC6L2",0.00709842529396351,0.169884091907749,0.194222440071296
"NR2C2",0.00709610103256378,0.170023936742778,0.194347688961637
"TRA2A",0.0070822537883561,0.170858878584966,0.195197750178266
"DIDO1",0.00706496800568124,0.171905457348585,0.196253632446356
"DDX46",0.00705214694378735,0.172684809930394,0.197108297547306
"GPSM3",0.00704956052816204,0.172842349875299,0.197253026823181
"MBD3",0.00701524613732909,0.174942638429755,0.199507992919535
"ISY1",0.00700131475638847,0.175800754735091,0.200450976076122
"YTHDC2",0.00699714651750434,0.176058110368793,0.200708748423272
"SRPK1",0.00699640445758475,0.176103956113095,0.200725347738784
"PDE12",0.00696929780461186,0.177784758890269,0.20246130866879
"PHKG2",0.00695780200972999,0.178501174420478,0.203241088745659
"GBP2",0.00692885061335492,0.180314932221231,0.205233387463442
"PAPOLA",0.00690526125649367,0.181802860315945,0.20689023621623
"AGPAT2",0.00688889404708154,0.182840582245727,0.20799737157599
"MGRN1",0.00688467081342146,0.183109057007609,0.208265858847867
"TPP2",0.00688217104432863,0.183268107147062,0.208409814862735
"CHIC2",0.0068617650684206,0.184570286419414,0.209769729374821
"NDE1",0.00680478051892629,0.18824292008625,0.213763995623608
"KCNAB2",0.00680273551818389,0.188375714595329,0.213876939452067
"SND1",0.00675933473812304,0.191210311271486,0.216865009212984
"TBCD",0.00675599057897286,0.191430020772101,0.217037464794805
"SETD1B",0.0067334820699456,0.192913651771088,0.218642287539887
"PATL1",0.00672563700051731,0.19343273384145,0.219191879252339
"RRAGD",0.00671882269632152,0.193884445442128,0.219664948252992
"RTF1",0.00670118456095507,0.195057250532805,0.220954682100719
"SAFB",0.00657918004806765,0.203312367919578,0.229940446425526
"ASB8",0.00656539707073313,0.204260714112339,0.230972284410428
"ASXL1",0.00655137056293434,0.205229116268973,0.232026433476956
"BABAM2",0.00654899981680308,0.205393123770118,0.232170944698569
"ZNF276",0.00649475417960989,0.209171881019002,0.23635906809051
"PIGBOS1",0.00649273958639792,0.209313181267509,0.236477085932794
"GDE1",0.00648602794100851,0.20978442380344,0.236967757592054
"C9orf78",0.00646222948282891,0.211461566728332,0.238820174639848
"ERAP1",0.0064344276197975,0.213433090657101,0.240961940815759
"EGR2",0.00643228075319176,0.213585882090619,0.241092016096659
"PTPN1",0.00642296827971777,0.214249559893866,0.241798623795787
"SHLD2",0.00641531283219124,0.214796258163739,0.242372984941707
"NAPG",0.00638484266776126,0.216982188027296,0.244624445331775
"ECD",0.00637419899642356,0.217749523851687,0.245360194069621
"MORC3",0.00637207209433389,0.217903092509387,0.245490121429364
"RNASE4",0.00635823767776546,0.218903878833786,0.246531031524938
"C2orf68",0.00634048924895417,0.220192634434748,0.247895410165528
"MADD",0.00633794168291496,0.220378065035593,0.248060643029538
"NLRC4",0.00632858340718144,0.22106019054036,0.248784806614094
"LATS2",0.00631835481865842,0.221807482851785,0.249538279848685
"NARF",0.00631085815004537,0.222356331328057,0.250111890217534
"LINC01410",0.00630755791465154,0.222598257214487,0.250340125905022
"CELF1",0.00628569910478814,0.224205389150128,0.252059186400424
"KAT6B",0.00627465672653448,0.225020407279598,0.252842545202435
"PITPNC1",0.0062688319322316,0.225451176488516,0.253282218236792
"PSMD5",0.0062575673720064,0.226285910118761,0.254175490077376
"RNF167",0.00625312258503607,0.226615886534695,0.254457040253168
"MRTFA",0.00622617160008682,0.228624050969047,0.256667001052914
"SP2",0.00614504893751132,0.234745012547729,0.263078428036022
"ARMC8",0.00609951198856633,0.238231340801539,0.266892314053199
"RPS4Y1",0.00607674535740394,0.23998800311456,0.268766456272127
"ZFR",0.00606521586863569,0.240881087034471,0.269719555744008
"ACSL3",0.00604380327578548,0.242545929090394,0.27153632543081
"KIAA0930",0.00602478285279393,0.24403155032917,0.273151853962309
"LATS1",0.00600288906095457,0.245749498167419,0.275026823694778
"TGFB1",0.00596294951937261,0.248905255258903,0.278412851767978
"CDK9",0.00595580320311455,0.249472884834853,0.278950510474105
"ABHD3",0.00594130774477868,0.250627031258223,0.28019219943418
"ACIN1",0.00593603513325818,0.251047766215432,0.280613670389933
"ATF6",0.00592550267785438,0.25188969236646,0.281505707406933
"OSBPL11",0.00586850180023495,0.256480288198742,0.286536223068628
"VPS4A",0.0058637255588053,0.256867566397891,0.28691892514082
"TFDP1",0.00586244591293808,0.256971394499584,0.286984937703974
"MIGA1",0.00584593060863756,0.258314030110452,0.288434183290752
"NT5DC1",0.00583995303169875,0.258801182394442,0.288877589812585
"NACC1",0.0058376906444878,0.258985725253523,0.289033295047243
"MINDY2",0.00579861976801635,0.262187122955413,0.292504361134051
"ZNF217",0.00579570035948359,0.262427426932071,0.292721552711434
"ARFGAP3",0.00577917538357846,0.263790506982068,0.294088599964718
"WNK1",0.00573478988559819,0.267475836728206,0.298093619671386
"ZSWIM8",0.00573150276862025,0.267750166966228,0.298347528873797
"LDLR",0.00572033884002175,0.26868330910698,0.299335320581765
"DDX41",0.0056769884347498,0.272327930001175,0.303237764471978
"FCHSD2",0.00567621213571659,0.272393503081608,0.303258149535241
"SENP6",0.00563544783132701,0.27585200300648,0.307055248315333
"PISD",0.0055948370084165,0.279327145881571,0.310761742322899
"WDFY2",0.00558804915154999,0.279910886080264,0.31130321461102
"STRN4",0.00558228742194577,0.28040703171186,0.311746926956037
"CLCN5",0.00555912480709018,0.282407601938458,0.313807962250978
"C6orf120",0.00553942139991486,0.284116997235759,0.315598104962713
"NCBP1",0.00553045935138799,0.284896824169574,0.316409559264668
"ERN1",0.00551026453085515,0.286659366094555,0.318311957920156
"BPTF",0.00549981520169942,0.287574236023585,0.319162134289452
"RPGR",0.00549024450754611,0.288413905448224,0.320038674741579
"TMEM181",0.00545774144167331,0.29127783767533,0.32310487664677
"CATSPER1",0.00545624149359072,0.291410462053305,0.323196114871911
"USP12",0.005451089890124,0.291866272380622,0.323645697129981
"FRMD8",0.00544898974243063,0.292052229387682,0.323795939822252
"KMT2B",0.00543715052110329,0.293102018938107,0.32484756495196
"OSTM1",0.00541123038382954,0.295409202560388,0.327235055874904
"HUWE1",0.00539837081254939,0.296558350722171,0.328451299539694
"CYTIP",0.00539003731159654,0.297304638040364,0.329221014440279
"PUDP",0.00530522290299083,0.304971369537437,0.337128929523122
"MCPH1",0.00526016669687271,0.309097084039386,0.341571975748656
"TRIM44",0.00523830409625711,0.311112233636785,0.343621292995974
"SLC20A1",0.00522028775526806,0.312779359358494,0.345106168468461
"ZNF518A",0.00521338304161402,0.313419837323861,0.345753383127561
"DCTN5",0.00521033681882993,0.313702677723729,0.345946438686051
"SMC5",0.00519284412091868,0.315330117016462,0.347561936227043
"PARN",0.00516643274256023,0.317797799231522,0.350161545572634
"CALCOCO2",0.00514966395657458,0.319371100196137,0.35171386523488
"ILF3",0.00514128302657461,0.320159332632935,0.352460926247926
"MED1",0.00512176607842671,0.321999841167708,0.354365519885423
"FNDC3A",0.00507468777936878,0.32646783016305,0.359159396146456
"STRIP1",0.00507150228196967,0.326771599523248,0.359431953118663
"UBE2G1",0.00505074521981176,0.328755489310032,0.361490183275607
"TNNT1",0.00502749494812801,0.330986923068533,0.36388144249618
"MAML1",0.00500338669773249,0.333311021888918,0.366185533636867
"ZNF787",0.00500252289201432,0.333394489995347,0.366214526247243
"MLLT10",0.0049703280539974,0.336515040531279,0.369515745344632
"EXOC5",0.00493642562779256,0.339821343923105,0.373082433711609
"ACVR1B",0.00492990885728743,0.340459264410217,0.373718843533953
"MFSD10",0.00492522344071957,0.340918389191987,0.37415880688604
"ELOB",0.00490414857313491,0.342988418787997,0.376366289540583
"SBF1",0.00490213452934683,0.343186663138886,0.376519430694099
"LIN7C",0.00487773721337962,0.345593927922215,0.379030878897253
"GALNT2",0.00483059876805881,0.350275443789864,0.384099683362804
"CAT",0.00482929501663019,0.350405493843737,0.384123105409314
"MROH1",0.00481074692344533,0.352258993985108,0.386010880513826
"SLC27A3",0.00480655439864789,0.352678808899647,0.386404924504805
"PCYT1A",0.00478065126358243,0.355279612651238,0.389121542296064
"ZMAT3",0.0047760960843151,0.355738223444904,0.389490860345137
"MTPAP",0.00477433464282354,0.355915663632863,0.389618648331078
"TCHP",0.00477150720680493,0.356200604284423,0.389864052727543
"CIC",0.00476915568684331,0.356437693022857,0.390057008090509
"ITGAL",0.00475102976275279,0.358268550735774,0.391659741271209
"TAF7",0.00474464801827924,0.358914561526573,0.392299118697528
"GCN1",0.00474367586106815,0.359013035218878,0.392339913807584
"WDR45B",0.00473360084075673,0.360034574069377,0.393389275754279
"RBBP6",0.0047123885101221,0.362191320003567,0.395611084293988
"MBD1",0.00469879206523155,0.363577974481922,0.396990518086456
"CABIN1",0.00465740117315858,0.367819694893301,0.401348837148881
"CC2D1A",0.00464926734460325,0.368656854824338,0.40219390929314
"PIP4P2",0.00464838603192199,0.368747633504392,0.402224552289048
"ZFAND2B",0.00459452117171333,0.374322303272849,0.408097178895259
"TSSC4",0.00458068450621154,0.3757626805999,0.409528343592485
"CCDC144A",0.00455148825286546,0.378813179464839,0.412782839579892
"DIS3",0.00452503669296446,0.381590024576121,0.415596944097843
"AQR",0.00452253972926538,0.381852795676163,0.415812548720004
"LRRC8D",0.00450893127135745,0.383286848781565,0.417161733974982
"HSD17B12",0.00450199541310476,0.384019013644779,0.417887719054427
"MAP7D1",0.00448449055916568,0.385870667949622,0.419827575316235
"YTHDF1",0.00447744568634934,0.386617407140573,0.42043004817185
"DHX15",0.00445468375736214,0.389036136751274,0.422845308046108
"SIRT7",0.00445379307538963,0.389130969312214,0.42287674442872
"CDS2",0.00440251834472714,0.394613974184022,0.428544898165993
"FOXJ3",0.00439632371816201,0.395279538757449,0.429195044959856
"CLINT1",0.00437314218172948,0.397776229061892,0.431686787155125
"RSPRY1",0.00435559662007142,0.399672219813618,0.433671057386128
"WBP1L",0.00434973454604184,0.400306890698469,0.434286271680991
"GARS-DT",0.00433206323911446,0.402223777130189,0.436292097052796
"MPPE1",0.00426474690471462,0.409576154270433,0.443966988646578
"CCAR2",0.00426033991489856,0.410060262881674,0.444416663285274
"SYAP1",0.00424907806730977,0.411298922903292,0.445608559498061
"TNNI2",0.00424427988447103,0.411827335934974,0.446105721316696
"CNOT8",0.00422881180474465,0.413533539994292,0.44772716716223
"PICK1",0.0042065009284902,0.416001895135433,0.450095810993076
"BAG6",0.00420168314582991,0.416536048248531,0.450597755110871
"KDM1A",0.00418474881982615,0.418416784455287,0.452555982647525
"IDE",0.00414478573207851,0.422874877096995,0.457146623665428
"VPS39",0.0041368360207309,0.423765014711918,0.458031727491858
"RRBP1",0.00410115107293841,0.427774176582835,0.462053723393176
"PRNP",0.00404983846612915,0.433577624990617,0.468007073004676
"ALDH2",0.00403955226131612,0.434746446799835,0.469110864895349
"UBP1",0.00402596042633386,0.43629367418949,0.470622093745758
"WDTC1",0.00401940256492391,0.437041322245723,0.471270104794716
"TAPT1",0.00400492748320905,0.438694204671307,0.472972948608823
"TJP2",0.0039932564286845,0.440029512304549,0.474332888263775
"HNRNPL",0.00394387043738016,0.445705600634825,0.480290079555431
"BIRC2",0.00393916510740323,0.446248567051796,0.480794425894933
"AC027644.3",0.00392680694560483,0.44767641564502,0.482251827195844
"FAM241A",0.00392137432710108,0.44830491516255,0.482847798503092
"VPS33A",0.0038831922607044,0.452736309258858,0.487375194665241
"GALNS",0.00386101925544888,0.455321011423692,0.490075425145849
"CHMP1A",0.00383131520792185,0.458796587561879,0.493733462897855
"BTN2A1",0.00382792722333806,0.459193947388439,0.494078210035926
"SNHG9",0.00382134774239881,0.459966172382144,0.494826117036189
"ZBED1",0.00377794359132468,0.465078631759409,0.500158314007437
"PRKCSH",0.00377232137204698,0.465743161523759,0.500789027038116
"DDX17",0.00375063070883868,0.46831187072648,0.503466649226054
"AKIRIN2",0.00374546641626009,0.468924604362136,0.504040921693326
"FAM214A",0.00373290761609519,0.470416531613405,0.505559877191224
"TRAPPC8",0.00371408435558292,0.472657547575745,0.507798195788007
"AKAP8L",0.00370620297173561,0.473597613896732,0.508637812313598
"SH3TC1",0.00368322715038629,0.476343954688828,0.511416133414243
"CMTM6",0.00365877230626008,0.479276646416394,0.514306566885363
"ATXN1L",0.00362376067761631,0.483492434130229,0.518570287091198
"STARD4",0.00360658317242357,0.485568131856594,0.520535527818197
"DYNC1LI1",0.00355449431092782,0.491891832009753,0.52713846570479
"PIP4K2B",0.00354910023818606,0.492549199781138,0.527666666521253
"TAF2",0.00354098509272706,0.493539067315431,0.528638840717163
"CRKL",0.00351244748092349,0.497028463590209,0.53210989861418
"KANSL2",0.00349722302407323,0.498895375347561,0.534019474179171
"CCNT1",0.00348723227113534,0.500122521927165,0.535154453082837
"VTA1",0.00348486667835137,0.500413317814244,0.5352870702061
"LSG1",0.00346738126921465,0.502565529470669,0.537499656123323
"MID1IP1",0.00343869263171241,0.506107277555665,0.541017043118485
"YY1",0.00341339278058584,0.509241525576177,0.544095525078559
"UBE3A",0.00340680239807197,0.510059634619249,0.544697505944924
"SDE2",0.00339431653173006,0.51161147339489,0.546172914026891
"FAM20B",0.00337161473792425,0.514439326789216,0.549100435980637
"BLOC1S6",0.00334909674424746,0.517252291052271,0.551919291433789
"RNF20",0.00333789134060848,0.51865503978756,0.553324033135514
"RHBDD2",0.00329627705526485,0.523881676053105,0.558645181138008
"ELF4",0.00328245619111319,0.525623492064567,0.560385564155245
"PTBP1",0.00327598482309156,0.526440082532705,0.561162912365814
"PARP9",0.00327090102648813,0.527082036279719,0.561753877868884
"GSE1",0.00325258086710746,0.529398713653527,0.564035560744109
"GALNT10",0.00323932290155563,0.531078474470547,0.565637365903557
"RANBP2",0.00323421645944719,0.531726172085029,0.566139249933214
"TRIM52",0.00319965643020988,0.536120238945003,0.570439046943804
"NSD1",0.00318178457631931,0.538399669186453,0.572579525526319
"RAB5B",0.0031759853147828,0.539140367842177,0.573272224076137
"TIAL1",0.00316343572357074,0.540744984336043,0.57478790912857
"RNF220",0.00315660285372922,0.541619651621831,0.575536885366239
"STT3B",0.00315216949010648,0.542187538554996,0.57603498052142
"GBA",0.00314088688980095,0.543634109207205,0.577476232561826
"RNF168",0.00313137012443637,0.544855768975616,0.578486614884586
"ABHD18",0.00312663970006612,0.545463516748853,0.579036056164898
"TTLL3",0.00311868218973904,0.546486627035808,0.580026170233539
"GTPBP1",0.00310753542259781,0.547921381961602,0.581452793031035
"UNC45A",0.00303649748740689,0.557108523217697,0.590616041798536
"MAPK7",0.00302695364001112,0.558348496359254,0.591637316703712
"MARF1",0.00301473161698775,0.559938384720855,0.593159252584538
"AC127502.2",0.00301449105755103,0.55996969964223,0.593159252584538
"SEC14L1",0.00300068096327464,0.561768856235047,0.594672328263333
"TNRC18",0.00298183247152725,0.564228907281056,0.596980981054627
"DMTF1",0.00292786182944791,0.571301547390939,0.603966176974834
"VTI1A",0.00292501014974671,0.571676419047254,0.604262916739239
"HERPUD2",0.00287766684692097,0.577917025816493,0.61015560928725
"ZNF639",0.00284242496588561,0.582583181510835,0.614879699386991
"ZEB2",0.00283206671070782,0.58395798894455,0.616128014646972
"PGAM1",0.00280020316627797,0.588196544206264,0.620396026241557
"TLE4",0.00278979920025785,0.589583574208225,0.621654595253898
"TFEC",0.00276177917800895,0.593326609957532,0.625395684160921
"ZNF800",0.00275956046258244,0.593623459964436,0.625605801434268
"RAP2C",0.00274733673276292,0.595260134789344,0.627021675391303
"CD1D",0.00270456806393964,0.601002710553214,0.632759007369449
"FBXO7",0.00270246947615749,0.601285132142866,0.632952486928405
"KAT5",0.00268868364306493,0.603141875192729,0.634698748767681
"TLR5",0.00263962873870774,0.609769643577305,0.641252586984427
"CCDC186",0.00263731096379213,0.610083595486022,0.641477605479894
"APC",0.00263589866784589,0.610274931823036,0.641573646170179
"CARD8-AS1",0.00263124943356694,0.610904993172606,0.642130805405544
"CSNK1G1",0.00261957635278477,0.612488191361377,0.643392129925372
"BAZ1A",0.00261944439619695,0.612506098750651,0.643392129925372
"BHLHE40",0.0025999074246161,0.615159944984651,0.645968282654913
"DHX16",0.0025947380527573,0.615862982778983,0.646494911241812
"SCCPDH",0.00257568887418454,0.618456722983921,0.648793056681628
"NUDT4",0.00257022383586477,0.619201724042482,0.649362252608134
"EZH1",0.00254067367423006,0.623236803018207,0.653394495789699
"LTN1",0.00253982981630249,0.623352198991388,0.653394495789699
"EMD",0.00252951233530557,0.624763841967417,0.654660266219655
"SIGIRR",0.0025278531070474,0.624990987158183,0.654791341216019
"CYTH4",0.00250157011432147,0.628593818372994,0.658136086599401
"TNKS",0.00249954604420052,0.628871643354994,0.658319540506713
"TDP2",0.00248144981119336,0.631357873858195,0.660491132997584
"USB1",0.00246125971646749,0.634136708269245,0.663181926692009
"CLASP1",0.00243287958343818,0.638051496216172,0.666959650466283
"TAF15",0.00242747658485221,0.638797941394568,0.667621370253714
"AC012368.1",0.00241081823590339,0.64110165855903,0.669701765111484
"FBXL20",0.00237294264841979,0.646352404082822,0.674966963638572
"MAN1B1",0.00236515617997577,0.647434050486402,0.675986471590033
"DEF8",0.0023472955877645,0.649917940943309,0.67846949383213
"CPNE8",0.00233772051784779,0.651251161345625,0.679750683454291
"BRD3",0.00232020186923144,0.653693322132171,0.682188736955109
"TAB3",0.00225448294563425,0.66288768585333,0.691334101501132
"PDP1",0.0022528601579761,0.663115371998717,0.691459162480704
"SETDB1",0.00224093918506445,0.664788903779793,0.693091583791217
"CLK1",0.00220585663365273,0.669723660688652,0.697782885186487
"MAPK1IP1L",0.00218505450631899,0.672656479288791,0.700497317175277
"RFFL",0.00218308351486267,0.672934621743594,0.700673244580802
"TAZ",0.00216639744234142,0.675291117299492,0.703012787375229
"CUL4A",0.00216260981125762,0.675826471166063,0.703455976476551
"MAP3K4",0.00215809354514091,0.676465026553819,0.704006425039627
"PGPEP1",0.00214701982836067,0.678031724741692,0.705293700704069
"TSPAN32",0.00213057828007579,0.680360426477865,0.707601312414002
"PYROXD1",0.00210498642819154,0.683991198065458,0.711262159933222
"CRTC3",0.0021034470555076,0.684209826345438,0.711374209339221
"FBH1",0.0020874319936381,0.686485920893494,0.713625027293042
"RRM2B",0.00208382111102374,0.686999501100278,0.714043220323892
"TOB1",0.00205777263697666,0.690708675289764,0.717665888365851
"NCF4",0.00204252149750677,0.692883820958339,0.719576334617789
"RELB",0.00199415141629575,0.69979914233085,0.726405322309454
"TOR1B",0.00198277646252524,0.701429031935986,0.727979402928064
"ANKIB1",0.00198194980074355,0.701547535976073,0.727984633805998
"ZBTB24",0.00198003379567404,0.701822228015588,0.728151910567272
"REXO1",0.0019453988419918,0.706794426601445,0.732898528912625
"IREB2",0.0019449834987297,0.706854129817849,0.732898528912625
"ITSN2",0.00194105327820067,0.707419165737563,0.733365869667508
"DDX42",0.00193506119597188,0.708280939383424,0.7341406311929
"COG2",0.00193220378509007,0.708692020223019,0.734448070061524
"XRCC4",0.00192956887544269,0.709071166178293,0.734722319476732
"FKBP15",0.00192641479916522,0.709525111526111,0.735073973123128
"LYPLA2",0.00191469810874522,0.711212319321332,0.736702977198203
"HDGF",0.00190489373719652,0.712625240779435,0.737758001218985
"TRPC4AP",0.00190443907094038,0.712690787337168,0.737758001218985
"RNF216",0.00187806316173704,0.716496864763304,0.741339120193736
"TMEM167A",0.00187238461225077,0.7173172126558,0.742068241921898
"VCP",0.00186793131708908,0.717960783230602,0.742614281026526
"C3orf62",0.00185097531833728,0.720413017974849,0.744910543646516
"GOLGA3",0.00182598415227102,0.724032568547128,0.748291391720099
"HACD4",0.00182156580041461,0.724673137649658,0.748832799349365
"NDUFB9",0.00178248964752616,0.730346711961871,0.754573994194422
"ARHGEF6",0.00177519408911408,0.731407621626861,0.755548430262106
"G2E3",0.00176151101310381,0.733398779048742,0.757361430287579
"EXOSC10",0.00174390553689484,0.735963362077709,0.759887500980138
"ELOA",0.00174219828730117,0.736212213564713,0.76002213390687
"TWF1",0.00173941545581753,0.736617902932091,0.760318607659635
"SRP54",0.00166465621912444,0.747543668764919,0.770851844872343
"SECISBP2",0.00164741924629354,0.750070086977136,0.773084285629767
"ESYT2",0.0016333142319388,0.752139452567653,0.774968159253904
"PRRC2A",0.00157014065334635,0.761429413192866,0.783659145820569
"ELL2",0.00154817882366023,0.764667149061151,0.786865184984177
"ARHGEF11",0.00154435841058556,0.765230797763109,0.787318922137284
"FMR1",0.00153099635305893,0.767203159294384,0.789095137869953
"BRD1",0.00152370683624078,0.768279795417543,0.790075840262696
"ENO1",0.00151410632433907,0.769698439416026,0.791407882579042
"MPRIP",0.00151017615400989,0.770279413732183,0.791784726913081
"GTF2F1",0.00150995734993975,0.770311762062259,0.791784726913081
"TSPAN14",0.00150842414581109,0.770538444524151,0.791890863377695
"GNL1",0.0014845418481231,0.77407193386029,0.795255637984764
"UBQLN1",0.00147186762663838,0.775949047838171,0.796940786126093
"KDM4A",0.00146741935197428,0.776608170013383,0.797490079834486
"DEDD2",0.00142099262364961,0.783496958135834,0.804246066027229
"NFATC1",0.0014133651628687,0.7846303598946,0.805083702076404
"IER2",0.00141217594955263,0.78480711215615,0.805115357659738
"CREB1",0.0014060566939241,0.785716789766897,0.805811848328711
"PHACTR2",0.00140503755299596,0.785868321899317,0.805838445470036
"PITPNM1",0.00137286161013747,0.790656581355839,0.810618828056737
"RBM12",0.00136226999184839,0.792234511729089,0.81210682653041
"CDK12",0.00135191032747804,0.793778709516723,0.813299936164052
"SNIP1",0.00135100171324782,0.793914185007405,0.813308863325485
"BRPF1",0.00132962399168214,0.797103415001257,0.816315324923873
"ARSD",0.00131683163228216,0.799013464873221,0.818010274553469
"CLASRP",0.0012931225824124,0.802556678755144,0.821506645005265
"PSPC1",0.0012696097114522,0.806074588140331,0.824581402663961
"KCNE3",0.00120095405727171,0.81636882621291,0.834712731311878
"MYSM1",0.00118784415702473,0.818338193001136,0.836593028409065
"NBR1",0.00118303066386209,0.819061563550156,0.837199138400159
"HIVEP1",0.00115683414118968,0.823001055095216,0.840824007880717
"SIPA1",0.00114598004361695,0.824634632568471,0.842358828619537
"STK3",0.00112026640046328,0.828507640506156,0.845641906059099
"DGKA",0.00111700058849113,0.828999840104664,0.845837357986045
"CTDSPL2",0.00108926071796194,0.833183281107013,0.84960329491141
"ADIPOR2",0.00107062274181884,0.835996731265536,0.852065929753722
"MAPK8",0.00105102332054337,0.838957578339295,0.854723194901378
"PIAS1",0.00105071922766875,0.839003535144775,0.854723194901378
"IFNAR1",0.00103217074648882,0.84180775356825,0.857307705856174
"WIPF2",0.000977329350053076,0.850110462855039,0.865213948235713
"PSEN1",0.000945256821328093,0.85497385675356,0.869887767987764
"SLC12A9",0.000920382858711426,0.858749485897867,0.8733137900651
"FBXO42",0.000918408366587883,0.859049334496347,0.873471933703349
"SRD5A1",0.000907064585632649,0.86077240646243,0.874816372542841
"NBAS",0.000846165827608695,0.870033801211351,0.883668967638441
"RGS14",0.000828386823347957,0.872741030202265,0.886278323801477
"SLC35E1",0.000814774061669888,0.874814870304884,0.888103197448756
"GMPPA",0.000812586811092371,0.875148168195621,0.888301004135912
"SNX13",0.000801849213380647,0.876784706301199,0.889821365964646
"DNAJB14",0.000665046966068678,0.897678754862472,0.909443690383329
"MBD6",0.000640049399704001,0.901504793839306,0.912887430125156
"N4BP2",0.000636009831818397,0.902123292971873,0.913225472973736
"BNIP3L",0.000616150818859011,0.90516476777302,0.916159828053588
"TRAF3IP3",0.000569849315001582,0.912261327956834,0.922614861313217
"TAF1",0.000559876518831375,0.913790779044776,0.923870412598689
"CDC42SE2",0.000557879702697593,0.914097053933428,0.924034456914585
"PPP1CB",0.000535169994598671,0.917581192219745,0.927264282451077
"PRPF6",0.000529597039702563,0.918436443139078,0.927982396721311
"SYMPK",0.000522036272934348,0.919596903368405,0.928716154889294
"BECN1",0.000510240273041111,0.921407747188134,0.930398505816662
"EPS15L1",0.000508086999207857,0.921738347793443,0.930585875600744
"CDK13",0.000492962827492311,0.924060799242243,0.932766979363765
"RPS6KB1",0.000459844865748725,0.929148591504338,0.937182418344888
"SH2B2",0.00042000640375682,0.935272650598203,0.943062914700309
"CEP95",0.000398805491225931,0.938533288474591,0.945756176983348
"ALKBH5",0.000386955706377783,0.940356203073837,0.947444315157308
"ERGIC1",0.000381160354140496,0.941247846918802,0.948098535849121
"PHKB",0.000380814430838152,0.941301071284118,0.948098535849121
"PHF8",0.000349482321252038,0.946122942354844,0.952805650313716
"PHF3",0.000340511875847852,0.947503824929404,0.954046538095897
"CEP135",0.000329166223148113,0.949250564904383,0.955655362376671
"SCAF4",0.000301126073091863,0.95356856434417,0.959550801259755
"PRR14",0.000292349937776781,0.954920317775982,0.960473349564251
"ZMIZ2",0.000292258123648428,0.954934460235405,0.960473349564251
"HNRNPUL2",0.000275875681421791,0.957458129470746,0.962257418340274
"ATMIN",0.000263992778825262,0.959288925556555,0.963795450418236
"HPS1",0.000249126648905953,0.961579648022639,0.965945674293604
"UBXN2B",0.000230531645330844,0.964445397065959,0.968521156296008
"IST1",0.000227472821688727,0.964916849372333,0.968813792567227
"SFSWAP",0.000198648920789699,0.969360017419679,0.972846668812264
"RBM17",0.000197670560224224,0.969510847940401,0.972846668812264
"SLC66A2",0.00019115350411149,0.970515587882918,0.973702581994809
"CDC73",0.000175928172790758,0.972863069438606,0.975905167842104
"ACOT8",0.000167090318353883,0.974225822183052,0.976966688828769
"MAP2K7",0.000157208214432851,0.975749681865359,0.978189056070023
"CNPY3",0.000138788114212792,0.978590366479403,0.98088357933633
"BRMS1",0.00012967972923067,0.979995132908682,0.981984815358755
"LEMD2",6.98962529799529e-05,0.989216747958234,0.990760951436158
"HERC3",6.13124081018628e-05,0.990540955179806,0.991777585585774
"WDR37",2.80168674327032e-05,0.9956775842854,0.996454122722684
"TRAF6",7.66396184685745e-06,0.99881760589025,0.999129055096951
"SAMD4B",1.43495948020612e-06,0.999778614733445,0.999778614733445
"CRNKL1",-4.54907263432019e-06,0.999298170049623,0.999453945290472
"POM121",-1.80588550920751e-05,0.997213889011955,0.997680385451537
"CORO7",-2.30817552355141e-05,0.996438963115249,0.99706057195063
"MBTD1",-2.90190555726985e-05,0.995522969245028,0.996454122722684
"DLG1",-4.70665825337571e-05,0.992738677037851,0.993822960192674
"ANAPC4",-6.72290837606814e-05,0.989628202143669,0.991018346332727
"DIP2B",-0.000118468096408893,0.981724363401167,0.983410384946431
"PLSCR3",-0.000123780180299077,0.980905040901006,0.982743089072588
"CHPF2",-0.000133457640402506,0.979412466097061,0.981554261555568
"USP16",-0.000165004862331196,0.974547400141933,0.977136446212008
"SECTM1",-0.000169891610324102,0.973793868704022,0.976686175020323
"RALGAPB",-0.000215364027819727,0.966783279997114,0.970413254765564
"SRSF6",-0.000226681600805825,0.965038801168508,0.968813792567227
"NUP210",-0.00024191588610859,0.962690870119695,0.966910554584841
"CLASP2",-0.000272820672626028,0.957928792935833,0.962579660998638
"INPP4A",-0.000276616692640274,0.957343969374124,0.962257418340274
"PRKD3",-0.000279928613381086,0.956833746000827,0.961931262040318
"DAPP1",-0.000280746727050471,0.956707712875508,0.961931262040318
"NSUN3",-0.000287040626560828,0.955738153196844,0.961131033058142
"AC016831.5",-0.000300083480111541,0.953729143904988,0.959561892315259
"H2AFJ",-0.000317650479418151,0.951023740920206,0.957140128901026
"PLEKHA2",-0.000323594886927581,0.950108399613003,0.956368919346882
"H6PD",-0.000406561769439109,0.937340273280077,0.944702355225412
"SMAD3",-0.000412467951054665,0.936431920882331,0.943935146014303
"NBPF9",-0.000416920713411704,0.935747154486582,0.943393108608722
"UAP1L1",-0.000421254114458293,0.935080789653114,0.943017658977425
"RNF40",-0.000477884827336057,0.926376805155041,0.934533582055777
"KLHL18",-0.000479683768947062,0.926100451564368,0.934401713671487
"EVI5",-0.000491178388064491,0.924334858914404,0.932766979363765
"FAM199X",-0.00049121366901706,0.924329440270528,0.932766979363765
"MFN1",-0.00052311864907555,0.919430764886463,0.928694550930659
"AGPAT3",-0.000524934107449043,0.919152110419023,0.928559272626114
"ARAP1",-0.00053819171438848,0.917117505211673,0.926941700289555
"ABI1",-0.000560073452548604,0.913760573725445,0.923870412598689
"CORO1A",-0.000572242507828314,0.911894350500266,0.922389114426881
"AC005280.2",-0.000590207050651693,0.909140233212235,0.919748302789294
"RGL2",-0.000605262722635908,0.906832909941582,0.91755873682151
"TANK",-0.000606298201733736,0.906674248579587,0.917542898878018
"PPP1R12A",-0.000637441728862137,0.901904048082134,0.913147604938452
"MYD88",-0.000653078333834516,0.899510340102475,0.911011577284527
"PPP1R12C",-0.000660690011033356,0.898345446378793,0.90997543163346
"AP1G2",-0.00066969820763481,0.896967111992672,0.908866233503629
"DYM",-0.000676206558788488,0.895971469430058,0.908000781529498
"RAC2",-0.000704144885697653,0.891699365804875,0.903814080727342
"VENTX",-0.000708912167069214,0.890970701917923,0.903218205641554
"MED17",-0.000713264154294455,0.890305594795176,0.902686582839104
"VEZF1",-0.000728050385564575,0.888046418504832,0.900538299530109
"HUS1",-0.000737032716661784,0.886674458124763,0.899289175360177
"ZBED4",-0.000741881153899111,0.885934049132389,0.898680293949946
"DIPK2A",-0.000752339817095467,0.884337237605545,0.897202358709231
"STRN3",-0.000756471423444318,0.883706559795734,0.896704299802218
"XPO7",-0.000823668275037632,0.873459780529739,0.886867851223106
"NAPA",-0.000850999892312769,0.869297974648102,0.883061400465837
"EPC2",-0.000858587638073741,0.868143219621979,0.882028012208173
"IPO8",-0.000885095704632305,0.864111263967468,0.878070616030294
"TMED8",-0.000907717815954231,0.860673165494849,0.874816372542841
"PPFIA1",-0.000917565947177923,0.859177271446671,0.873471933703349
"CDK11A",-0.000932741596681747,0.856873138527679,0.871543762966643
"MAPK3",-0.000935875640661662,0.856397444969416,0.871198035028346
"CCNL2",-0.000973302463583538,0.850720780348372,0.865697783777185
"DCP1A",-0.000985653461169856,0.848849140303106,0.864067282910475
"EIF3A",-0.0010020829002837,0.846360784878842,0.861671024402198
"UBE4B",-0.00101520878758854,0.844373875021844,0.859784602783709
"SERPINB8",-0.00103747746700134,0.841005260097359,0.85662640876086
"OS9",-0.00106107915021669,0.837438175868522,0.853399513400959
"WASHC2A",-0.0010755029981991,0.83525983974643,0.851450132159691
"ROCK2",-0.00108179590002571,0.83430986015231,0.850616885863217
"RALB",-0.00109039226095062,0.833012540180498,0.849564212016862
"USP19",-0.00110399743624232,0.830960245255787,0.847605871790323
"RCBTB2",-0.00111637169745977,0.829094629734139,0.845837357986045
"SETD3",-0.00111854166914541,0.828767571179823,0.845772663701248
"CRYBG1",-0.0011280189689923,0.827339499285829,0.844583966176273
"ICE1",-0.00114237893251439,0.825176779871055,0.842510219550078
"RBM47",-0.00114259003232224,0.825144996490083,0.842510219550078
"SHISA5",-0.00114396003426544,0.824938734707194,0.842510219550078
"PPP4R3B",-0.0011686329114513,0.821226171185635,0.839144308699958
"ZDHHC3",-0.00117765287930665,0.819869917806565,0.83789190707979
"MON1B",-0.00121649748889501,0.814035397297564,0.832459532843668
"ARID2",-0.00126784816861658,0.806338302739614,0.824719679639305
"TSEN34",-0.00127967402341136,0.804568317885175,0.823171795176412
"TRAF3",-0.00128283845294651,0.80409486469319,0.822818604764195
"ACBD3",-0.0012865009164323,0.803546986753606,0.822389131761228
"IP6K1",-0.00132726415500821,0.797455675387653,0.816545741028915
"NFKB1",-0.0013430928914415,0.795093662167363,0.814387122679725
"MKLN1",-0.00135249310919072,0.793691819326821,0.813299936164052
"FAM102B",-0.00135587576895026,0.793187530231577,0.812953864850766
"USP8",-0.00141146905813588,0.784912182381805,0.805115357659738
"BTG2",-0.00141883354754113,0.783817739335833,0.804378537360637
"IFRD1",-0.00142054605017743,0.783563304042427,0.804246066027229
"LARP4B",-0.00144406077067293,0.780071952920965,0.800918811000306
"CCDC93",-0.00148378264587569,0.774184338349881,0.795255637984764
"IGHA1",-0.0015053438248194,0.770993925660078,0.792232067110035
"MTMR12",-0.00153650762303728,0.766389462050121,0.78838460614295
"ITPK1",-0.00157781139752155,0.760299529387124,0.782621816227786
"TGFBRAP1",-0.00159487461238031,0.75778799168582,0.780161706459599
"MAVS",-0.00160487492554934,0.7563172292482,0.778772483205978
"DENND1C",-0.00162842792237528,0.752856746168642,0.775333689152168
"MHENCR",-0.00162905738153185,0.752764331720649,0.775333689152168
"CCDC88C",-0.00163065612834682,0.752529626615777,0.77524567828626
"ZGPAT",-0.00164463420149517,0.750478542695681,0.773381035967795
"PIGS",-0.00165159978417973,0.749457099261063,0.77257659846706
"SUGP2",-0.00165380145999108,0.749134333516553,0.772367971049688
"SNRNP200",-0.00168918970115916,0.743952480874673,0.767272000850651
"MEX3C",-0.00169943311863107,0.74245470028344,0.765850378941889
"MED25",-0.00169971322331413,0.742413757366518,0.765850378941889
"FBXO3",-0.00170872381154881,0.741097068579785,0.764695849470553
"PIAS4",-0.00173649337109473,0.737043972073242,0.760636018147325
"TRAFD1",-0.00176737341605308,0.73254546328758,0.756602011019497
"SLC49A4",-0.00183523124890434,0.722692557645309,0.747026816473708
"MLXIP",-0.00184049801038336,0.721929722856792,0.746358540420428
"RHOT2",-0.00185506253187828,0.719821646891854,0.744419033922975
"NCOA6",-0.00189294575623709,0.714348414479885,0.739235391500475
"AP3S2",-0.00190163470340001,0.713095123388779,0.738057478893758
"SPECC1L",-0.00190788914066179,0.712193464166149,0.737481159795031
"BRAF",-0.00191373460253024,0.711351127674632,0.736727818427835
"SLC25A40",-0.00196831192615304,0.703503605324657,0.72966038340818
"SEC24A",-0.00197514092368833,0.70252388147817,0.728762040996594
"TLK1",-0.00200041911003963,0.698901649629311,0.725591097738133
"SMPD4",-0.00201389775013959,0.696973022927238,0.723705925732506
"PTOV1",-0.00204453696091747,0.692596226148754,0.719394105062393
"TRAPPC10",-0.00205029306507955,0.691775107913411,0.718657560293466
"TMEM127",-0.00206213486408351,0.69008699482684,0.717136080143992
"RNF6",-0.00214740837522604,0.67797672990647,0.705293700704069
"SBNO1",-0.00215220951661629,0.677297319090856,0.704758287266774
"GEMIN7",-0.00218701779380045,0.672379468523424,0.700322511371151
"PPP2R2D",-0.00220423482912717,0.669952133004599,0.697907596258728
"ALPK1",-0.00220684197925778,0.669584864680882,0.697751582230395
"TCF25",-0.00221190124913966,0.6688723925567,0.697122363652337
"IL10RA",-0.00223815729316373,0.665179682000048,0.693386326517028
"MED15",-0.00227306143369346,0.66028324410513,0.688729847858643
"H1F0",-0.00229557864896201,0.657132158743275,0.685554460243391
"UBE2H",-0.00229674103648023,0.656969657601062,0.685496393424689
"CPNE3",-0.00240786096868718,0.641510987434214,0.670020266218121
"CNTRL",-0.00241622930356798,0.640352970445944,0.669028604198205
"PPIL2",-0.00241855850502481,0.640030809232556,0.668800923784377
"RAB21",-0.00243281195065936,0.638060837681117,0.666959650466283
"UBE2D3",-0.00244484401329297,0.636399870072803,0.66544028135383
"DHX9",-0.0024755072212489,0.63217523502265,0.661238393854797
"EXT1",-0.00248220810172241,0.631253608758807,0.660489751108367
"ARFGAP2",-0.00248964823980011,0.630230977716482,0.659527312514916
"PBXIP1",-0.00248976137155158,0.630215433459795,0.659527312514916
"NFATC3",-0.00250412429125511,0.628243305693102,0.65787645655736
"BOD1L1",-0.0025059185143517,0.627997132474471,0.657726020560921
"HEATR3",-0.00251593978442364,0.626622943369616,0.65639392729134
"PDK3",-0.00253120716033949,0.624531860440892,0.654524079808684
"MSH3",-0.00254018647011555,0.62330342612966,0.653394495789699
"ING3",-0.00257284567423846,0.61884426278416,0.649093475563703
"FBRS",-0.0025829250000432,0.617470888191384,0.647864794543896
"CA5B",-0.00258543679832793,0.617128846932635,0.647611822361758
"DHX40",-0.00259225757450339,0.616200454605722,0.646743352977312
"RASA3",-0.00259652741888333,0.61561958793662,0.646345160563141
"RAB11FIP4",-0.00260148925572429,0.6149448855146,0.645848156074918
"POLR2B",-0.00262057260061948,0.612353001353936,0.643392129925372
"WDR7",-0.00262150277298648,0.612226789644087,0.643392129925372
"PTPN11",-0.00264501751661813,0.60903998961724,0.640590257931838
"VPS53",-0.00266793956742048,0.605940637373384,0.637434846595775
"PIBF1",-0.00267195632115421,0.605398248875529,0.636968705278025
"SMARCC1",-0.00269759165271644,0.60194180617686,0.633539801251761
"KIF3B",-0.00270981941682787,0.600296262041481,0.632118959011676
"ZMAT2",-0.00273234862081733,0.597269747374569,0.629035242802894
"GOLGA5",-0.00274734799743209,0.595258625578667,0.627021675391303
"HMGXB3",-0.00275481703098505,0.594258328839083,0.626172021322311
"ZFP91",-0.00277451289713907,0.59162423558143,0.623703761993174
"TRMT6",-0.0027939425450172,0.589031013464432,0.621174060221531
"TATDN2",-0.00281311515822439,0.58647725089009,0.618684321228349
"ENTPD1",-0.0028345659125965,0.583626142203638,0.615879165851734
"LRRC47",-0.00284794882988528,0.581850640515784,0.614207586302941
"FNIP1",-0.00288083847312192,0.57749795464531,0.609813508394389
"MUS81",-0.00289160572520558,0.576076331780655,0.608412468264146
"NBN",-0.00289468252267908,0.575670399399008,0.6080838463194
"GLE1",-0.00290051225257548,0.574901633961587,0.607371790465592
"GOLGA7",-0.00290251815816433,0.57463722786406,0.607192433131721
"PGS1",-0.00291928074298934,0.572429939819628,0.604959725561313
"TEPSIN",-0.00293271688686075,0.570663588046338,0.603391163629747
"MAFK",-0.00294585444286363,0.568939003662568,0.601666828333449
"STYX",-0.00297596742112304,0.564995453470732,0.597594927376891
"DCAF16",-0.00298010987499019,0.564453994039609,0.597120663768859
"NRDC",-0.0029913786192246,0.562982323384879,0.595760281516969
"TMEM8A",-0.00299152012503659,0.562963854843562,0.595760281516969
"MIIP",-0.00300764973836854,0.560860626357161,0.593808874374183
"KLC1",-0.00300838283345993,0.560765124524832,0.593805749950705
"INTS3",-0.00300903179200033,0.560680589907672,0.593805749950705
"INPP5D",-0.00302791126315167,0.558224017772476,0.591603121577173
"CPSF2",-0.00303290760001632,0.557574777715075,0.591012683598203
"RO60",-0.00304910942269725,0.555471992453712,0.588978400856556
"KAT6A",-0.00305010323045115,0.555343135336856,0.588939100218391
"WDR44",-0.00305055692402789,0.555284314280728,0.588939100218391
"VCPIP1",-0.00305127227040659,0.555191576303945,0.588939100218391
"MAN1A1",-0.00307414417923776,0.55223044235889,0.585928645307531
"TXNDC11",-0.00313846358878736,0.543945057088783,0.577615274128042
"PAN3",-0.00313915998999458,0.543855688732938,0.577615274128042
"SMG5",-0.0031565297936426,0.54162900776829,0.575536885366239
"MIOS",-0.00316714643336114,0.540270276915941,0.574378475011214
"PDXK",-0.00319473180663096,0.536747855134987,0.570917479865066
"WDFY1",-0.00319804617192021,0.536325416853541,0.570562738274303
"AAGAB",-0.00320024309750673,0.53604549605756,0.570439046943804
"ARHGEF3",-0.00321198305191356,0.534550900101009,0.568957958700742
"CNEP1R1",-0.00322541050015662,0.532844053493209,0.567235348799142
"EIF2AK1",-0.0032372416819753,0.531342406612143,0.565824544535023
"TNK2",-0.00324944247866175,0.529796097711747,0.564365227115817
"HEATR5B",-0.00326721258370594,0.527548042377154,0.562157156600534
"TNPO3",-0.00329609978292298,0.523903998582823,0.558645181138008
"SLTM",-0.00333274707833845,0.519299682060186,0.553919660864199
"AL390728.6",-0.00335241063932033,0.51683781768116,0.551568768836048
"ZNF143",-0.00339965450547163,0.5109477278288,0.54555510430181
"PLK3",-0.0034071793956544,0.510012816809468,0.544697505944924
"BRAP",-0.00340801499129466,0.509909055570338,0.544697505944924
"PRR13",-0.00341392445733163,0.509175554893996,0.544095525078559
"MAP4K2",-0.00341741121995601,0.508743026834632,0.54374400469282
"RAB20",-0.00344349606774077,0.505513356817558,0.540472204189544
"CBFA2T3",-0.00344514186504687,0.505309946687175,0.540344769657486
"DOT1L",-0.00348560886603069,0.5003220730496,0.535278709469106
"TMOD3",-0.00349223570329894,0.499507759077471,0.534585785194505
"LILRA2",-0.00352511968217842,0.495477367468995,0.530537848745172
"ARID4B",-0.00352973079164281,0.494913602891111,0.530022646661553
"ARHGEF40",-0.0035534199812081,0.492022721449637,0.527190678159798
"TRPM7",-0.00359570631356413,0.486884960837338,0.52185999143541
"CGGBP1",-0.00361180141340711,0.484937059785387,0.519945884957059
"YKT6",-0.00362043082788512,0.483894430318672,0.518914702477786
"KBTBD2",-0.00363858005454606,0.481705564767285,0.516740161101304
"PDPR",-0.00364699961727444,0.480691965549958,0.515739072068316
"WRNIP1",-0.00367825024569807,0.476940000655298,0.511884751456071
"LNPK",-0.00367953927631501,0.476785584105286,0.511804635706795
"QKI",-0.00369625733064444,0.474785364091856,0.509828099751188
"SMNDC1",-0.00371262398738002,0.472831658054735,0.507900203930885
"SCAPER",-0.00372418645992537,0.471454104613587,0.506590108055731
"CNOT6",-0.00378804497826144,0.46388600312682,0.498959362290307
"HIPK2",-0.00389664185909754,0.451172539015636,0.485773285840631
"ZC3HAV1",-0.00391253430857295,0.449328687021719,0.483869227245947
"PPP2R1A",-0.00396660473520718,0.443087509842556,0.477549044708523
"TUBGCP3",-0.00402320093548704,0.43660818810316,0.470882187740776
"CUL1",-0.00403216579817778,0.435586891952331,0.469938708385095
"PROSER1",-0.00404741573028531,0.43385275685376,0.468225279726447
"FBXO38",-0.00405535841164173,0.432951143259739,0.467409479245244
"PITRM1",-0.00408060535417303,0.430092446712965,0.464401403249812
"TCF20",-0.00409352141385846,0.428634216512166,0.462904752254176
"ZCCHC2",-0.00411881427894139,0.42578698245691,0.459984724607431
"SNX30",-0.00413340715556347,0.424149286474704,0.45829266116903
"CNTLN",-0.00413432401092979,0.424046514851046,0.458258790514454
"PRRG4",-0.0041528380397587,0.421974368871858,0.456250008540923
"SPTY2D1",-0.00417428690892504,0.419581184351357,0.453738897488338
"ATG4B",-0.00421492356467567,0.415069039756689,0.449162246429232
"ENTPD6",-0.00422529740194493,0.413921778248848,0.447996310601317
"TMUB2",-0.00422753846094961,0.413674182161413,0.447803872574257
"ADD1",-0.00423216040038638,0.413163819199236,0.447402373667898
"PARG",-0.00424299009642262,0.411969446020424,0.446184329113275
"ARPC4",-0.00425088552048888,0.411099976563071,0.44546824009942
"PLIN3",-0.00428397646676146,0.407467764122287,0.44175619712886
"FEM1C",-0.00432657686936699,0.402820026428804,0.436791159298159
"ZNF445",-0.00432698627678493,0.402775514448606,0.436791159298159
"MX2",-0.00437760067985885,0.397295304522711,0.431237806431689
"ARRDC1",-0.00438323365420048,0.396688194443723,0.430651684526384
"FBXO11",-0.00440995992215508,0.393815331270647,0.427749985683506
"LSM14B",-0.00443113706991924,0.391547923648846,0.425359207269048
"ABCC1",-0.00445155481447585,0.389369343187394,0.423064133088962
"GPD2",-0.00445938215035959,0.388536122968506,0.422373392911883
"FAM117B",-0.00446024256796301,0.388444597762024,0.422345456573657
"TRIM38",-0.00447879688867474,0.386474114710979,0.420345468721079
"CHFR",-0.0044839067331087,0.385932518580915,0.419827575316235
"NADSYN1",-0.00451158591997729,0.383006844460004,0.416927708526533
"CIDEB",-0.00452148759185515,0.381963551904162,0.415862574073834
"RHOT1",-0.00452971355975875,0.381098147264685,0.41513169997457
"PUM2",-0.00453229466181039,0.380826853328785,0.414906620981063
"FEM1B",-0.00458155120554347,0.375672358078882,0.409499464735662
"PPP6R1",-0.00462055700830941,0.371621281905544,0.405221302635277
"TRIM24",-0.00463728337462647,0.369892441814865,0.403404709618251
"MARCH6",-0.00467284096803165,0.366233840856541,0.399686396144849
"GBF1",-0.00469305354731087,0.364164221367458,0.397495346086017
"TFE3",-0.00469770900676093,0.363688574495888,0.397043711751849
"GLYR1",-0.00471109256233722,0.362323346224569,0.395687930106695
"TUBGCP2",-0.00473182671604091,0.360214647103861,0.393519015123169
"GOLPH3",-0.0047605547842895,0.357305713971123,0.390673732249272
"TPRG1L",-0.00476339105955108,0.357019324204347,0.390427132110976
"HMGXB4",-0.00476410844586789,0.356946909827947,0.390414485757945
"NAA16",-0.00476615974806293,0.356739898431409,0.390254593066653
"PAXBP1",-0.00476737595721927,0.356617197898468,0.390186893198597
"HK1",-0.00477975241182955,0.355370078570287,0.389154194249354
"ERCC5",-0.004786631927916,0.354678052205722,0.388529005113866
"PACS1",-0.00482367651771744,0.350966293037958,0.384660016421514
"PAFAH1B2",-0.00482918426914989,0.350416542387892,0.384123105409314
"KAT7",-0.00489012164111851,0.34437062390149,0.377753790896215
"B3GNT2",-0.00498701809626028,0.334894985959987,0.367799765477452
"DPP8",-0.0050078867622641,0.332876406297326,0.365770683816346
"S100Z",-0.00501105226616911,0.332570901683914,0.365497585680711
"DCAF11",-0.00501868968648047,0.331834555544925,0.364750815209224
"CASC4",-0.0050616728450425,0.327710092551031,0.360402460371514
"CASP10",-0.00510160479298101,0.323908349210705,0.356404727925894
"VPS37B",-0.00513139060603955,0.321091357162386,0.353426342006153
"WIPF1",-0.00514845355409393,0.319484860893328,0.351778765658416
"HINT3",-0.00515193273535167,0.319157938521335,0.351539456403929
"PRKAR2A",-0.00515617566118367,0.318759547059845,0.351160929590653
"EDRF1",-0.00516867477682236,0.317587830033223,0.349990298435788
"FAM200B",-0.00519497727196172,0.315131362153197,0.347402546318713
"CNST",-0.00519763243162919,0.314884084517578,0.347189600664165
"PCED1A",-0.00521196954531005,0.313551058935012,0.3458386787222
"SNX27",-0.00522414236673985,0.312422182597304,0.34477136627869
"CMTR1",-0.00522451409785611,0.312387751387893,0.34477136627869
"PKN1",-0.0052286176674071,0.312007828636925,0.34443259265907
"MPP1",-0.00523205997954063,0.311689362367414,0.344140242462456
"RNF38",-0.00523646158553992,0.311282459123344,0.343750130419169
"CHST11",-0.00523924693024153,0.311025151046444,0.343584257767559
"RAB3GAP2",-0.00525249767037298,0.309802979524815,0.342293080184469
"PRKCE",-0.00526375513420957,0.308767151715226,0.341266157692487
"PHC3",-0.00531600209345817,0.303989780705547,0.336101746166946
"GIGYF1",-0.0053161656140389,0.303974906155494,0.336101746166946
"KDM1B",-0.00532564576048145,0.303113376841659,0.335248306467175
"BTG1",-0.00532756815986074,0.302938872681198,0.335113070193546
"ZBTB7A",-0.00535476826000179,0.30047696607092,0.332447010572689
"BRWD1",-0.00536735156172271,0.29934256324644,0.331249031698717
"TRRAP",-0.00536845032335162,0.299243644119467,0.331196691507763
"FASTKD5",-0.00537176584488295,0.298945287122476,0.330923561452347
"USP10",-0.00538528357487028,0.297730909729996,0.329636154758871
"GAPVD1",-0.00542501018724033,0.294181135217733,0.325930955544288
"RP2",-0.00543560687833133,0.293239080897289,0.324943340766322
"SCAF11",-0.00544044478431077,0.292809661025406,0.324579610424845
"CCNG2",-0.00547945289931089,0.289362670434607,0.321035949076334
"RPRD1B",-0.00550065827178473,0.287500349749421,0.319135336330845
"SOX4",-0.00550478466253887,0.287138899540847,0.318789267944986
"RIPK2",-0.00554550106318961,0.283588802488849,0.315065931907958
"IKZF5",-0.00556926235820001,0.281530827325591,0.312887889852935
"EPG5",-0.00557817188985092,0.280761787893136,0.312087254179204
"FAM13A",-0.0055857544326968,0.280108414025048,0.311468905439291
"ATXN7L3",-0.00559264181339261,0.279515837018706,0.310917754908464
"SLC4A1AP",-0.00559721432848198,0.279122897629237,0.310588364757056
"PARP10",-0.00560977807735955,0.278045165841599,0.309442807292229
"SMC1A",-0.00568207486823223,0.271898552139466,0.302812204569834
"ANKRD28",-0.00569248705444511,0.271021040110827,0.30188732523456
"PPP2CA",-0.00574012221610519,0.267031231841293,0.29764982340058
"SYNE3",-0.00578506073120101,0.263304489044694,0.293597775757865
"SGMS1",-0.00578789097007563,0.263070985235166,0.293388395840226
"NCAPD2",-0.00581256877860597,0.261041042729572,0.291276405243988
"CASP8",-0.00584252756886791,0.258591288339813,0.288693528099572
"MBOAT1",-0.00592096101909499,0.252253342889696,0.281863017760413
"SLC40A1",-0.00596024812868606,0.249119719591102,0.278604169582797
"AZIN1",-0.00597223350146641,0.248169181061381,0.277637919039201
"CPEB2",-0.00600031511455857,0.245952024638901,0.275205474377954
"STXBP3",-0.00608754475646492,0.239153591721877,0.267878743800202
"RESF1",-0.00614104687555574,0.235049956188953,0.263374173752763
"TRIM8",-0.00615383257051864,0.234076711770461,0.262375293976114
"SMAD4",-0.00616016489773846,0.233595755070516,0.261881943828836
"MOAP1",-0.00616635481691787,0.233126292107237,0.261401309010841
"ZNF350",-0.00617688065171876,0.232329516676363,0.260553431042745
"SENP5",-0.00618681741460186,0.231579107464055,0.259757264596045
"NUP98",-0.00618975181855378,0.231357835304821,0.259554445063076
"DSTYK",-0.00620409431032825,0.230278483751113,0.258388728881977
"SETD7",-0.00621812823106149,0.229225823962725,0.257252560179263
"SMARCD2",-0.00622282895536599,0.228873997661377,0.256902653778061
"SLC35A1",-0.00625462980559237,0.226503953591655,0.254375873664284
"ATP9B",-0.0062828687606297,0.224414090381785,0.252205430704069
"FBXL17",-0.00628350161761379,0.224367413326748,0.252197148546674
"ZNF592",-0.00629767745375554,0.223323677107333,0.251111936964713
"S1PR4",-0.00632205514016922,0.221536931751657,0.249277613840518
"RNF44",-0.00635110325483569,0.219421273610438,0.247070356525899
"DPEP2",-0.00636644369787569,0.218309855035497,0.245905201879872
"RNF19A",-0.00637923839918918,0.217385974593934,0.244993573334741
"RNF10",-0.00638419379650446,0.217028911449063,0.244634134901123
"FAM120A",-0.00638648069867393,0.216864270151588,0.244534474040877
"FAM214B",-0.00640147736905844,0.215786839050653,0.243362341246087
"FAM53B",-0.00640594222409356,0.215466808893654,0.243044136051633
"RNF111",-0.00640863719502839,0.215273805353277,0.242869128740395
"TRAPPC5",-0.00644457941670212,0.212711660619423,0.240189724486839
"SLC43A2",-0.00650907321249913,0.208169558129018,0.235267902933905
"RAP1B",-0.00659150134916808,0.202467310676128,0.229025082034209
"TRERF1",-0.00660110177452002,0.201810640970729,0.228322530853147
"RBM38",-0.00660608708095063,0.201470258822247,0.227977633263411
"MARK2",-0.00660798484417327,0.201340795182585,0.227871325082284
"MIR4435-2HG",-0.00663034418336445,0.199820028518211,0.226190067567544
"PIK3C3",-0.00663266161677338,0.199662889763998,0.226052073535523
"ZBTB21",-0.00665424349343834,0.198203814986916,0.224439759434531
"PSME4",-0.0066754441788996,0.196778118899213,0.222864679762992
"TSC22D4",-0.00675310876097938,0.191619503641616,0.217213910841803
"SRPK2",-0.00675652149842978,0.191395127245353,0.21703625599261
"PARP6",-0.00676230559190889,0.191015283424921,0.216682117831381
"CREBRF",-0.00679003757764004,0.189201817130138,0.214662928153309
"DDX6",-0.00679857707721527,0.188645960914414,0.214070124730612
"ZNF655",-0.00680127958017977,0.188470299731159,0.213908622514615
"PSMA3-AS1",-0.00680213131473627,0.188414962472293,0.213883651667061
"MCM3AP",-0.00680879142037559,0.187982668101711,0.213506248635259
"NOTCH2NLA",-0.00684356634991932,0.185737378173088,0.210993452258947
"EXOC4",-0.00684391211893264,0.18571515312487,0.210993452258947
"TMED5",-0.00686138278839776,0.184594746267182,0.209769729374821
"VPS41",-0.00686138477859173,0.184594618920177,0.209769729374821
"CAMK2G",-0.00687802536744094,0.183532105313867,0.208673044071198
"ITGA5",-0.00689887317253077,0.182207359689826,0.207313782544764
"FGD6",-0.00695225100919371,0.17884787963246,0.203599715351644
"TPST2",-0.00697872899576386,0.177198609269943,0.201829624902531
"SUN1",-0.00698174114923315,0.177011707195823,0.20165254143615
"ARHGEF18",-0.00698178428177212,0.177009031918078,0.20165254143615
"TUG1",-0.00698364863573441,0.176893424928085,0.201589380877192
"LILRB2",-0.00702050812326868,0.174619336172581,0.199174695268139
"DDX23",-0.00702685101294398,0.174230215118204,0.198766191358178
"MEF2D",-0.00704504373318989,0.173117727900223,0.197532161160916
"ZFAND2A",-0.00706967049626693,0.171620268213079,0.195962918820986
"ST3GAL1",-0.00707387558486501,0.171365544766294,0.195706894841677
"KSR1",-0.00707588298503676,0.171244046255972,0.195602955452789
"PURB",-0.00708859639792593,0.170476060375953,0.19479508519539
"YY1AP1",-0.0070902432896377,0.17037676480022,0.194716302628822
"LST1",-0.00712234802636484,0.168449729863791,0.192685588662165
"EPC1",-0.00713988771587772,0.167403871933047,0.191591730703252
"MIA2",-0.00715759646911769,0.166352889419281,0.190490833216868
"KANSL3",-0.00716492942863794,0.165919146957662,0.190061997300547
"RASGEF1B",-0.00718152889580564,0.164940436323719,0.188974614188032
"PHF2",-0.00719521625577943,0.164136699130803,0.188154558088839
"ANXA11",-0.00721125724786877,0.163198513330644,0.187145962739841
"SYNJ1",-0.00721602976451306,0.162920166147792,0.186860169110517
"UBC",-0.00722931932379216,0.162146966666136,0.186106429003565
"BRAT1",-0.00723968832198228,0.161545613986059,0.185482580410622
"EGLN1",-0.00725844046889801,0.160462357196275,0.184304776901414
"TOR1AIP2",-0.00729392971021212,0.158427286875009,0.182097719919394
"FBXL3",-0.00732455429225813,0.156686930671086,0.180129608884732
"PANK3",-0.0074153379176169,0.151612983433086,0.174452815944527
"AFF4",-0.0074358637336454,0.150483322927416,0.173277279235876
"OPA1",-0.00743821601379203,0.150354273547481,0.173159759303651
"C21orf91",-0.00748014510487706,0.148068117443457,0.170680029018545
"NFKB2",-0.00758737277003198,0.142342444455589,0.164375292229493
"RNF19B",-0.00760615016080557,0.141357510735279,0.163326092000279
"PCNX3",-0.00761806430691781,0.140735296958798,0.162695074826603
"MBNL1",-0.00761953359905408,0.140658709571699,0.16263584080231
"WHAMM",-0.00762878234266005,0.140177351022224,0.162108486690445
"HECTD1",-0.00769191819831695,0.136925175962809,0.15854754177538
"ATG13",-0.00769694003970534,0.136669017209283,0.15827949718678
"NISCH",-0.00772038656685721,0.135477925829698,0.156985077139849
"TBC1D2",-0.00777699209052667,0.13263539989115,0.153830210719743
"EHMT1",-0.00779027846068778,0.131974945986655,0.153091891782748
"FUT4",-0.00786388708732251,0.128361989021458,0.149008598075208
"RIF1",-0.00798229499566253,0.122712024405215,0.142682194379097
"DDX59",-0.00798913387560536,0.122391730551512,0.142335570639568
"WAS",-0.00804357672987333,0.119865189308688,0.139498468094421
"NEDD9",-0.00804932042517703,0.119601039966796,0.13921630486701
"NEK7",-0.00811438544586003,0.116640480722729,0.135844132204942
"R3HCC1L",-0.00814894008397424,0.115091761335867,0.134089112171949
"TMOD2",-0.00819307822323773,0.11313709230837,0.13188364539435
"FBXO34",-0.00820769069438398,0.112495769679213,0.131159887018323
"AC104695.4",-0.00821611874443243,0.112127178649576,0.130753903710592
"NFKBID",-0.00821883991541129,0.112008374989725,0.130639108150168
"SP100",-0.00821901153992574,0.112000885361084,0.130639108150168
"BAIAP2-DT",-0.00826691268757042,0.109925892061265,0.128350231749786
"EIF4G1",-0.00828533278408745,0.109136099249634,0.127451258242747
"THAP9-AS1",-0.00832220320682605,0.107568702005895,0.125666568111766
"SECISBP2L",-0.00833913894187707,0.106854747638526,0.124870147188039
"PCF11",-0.00837407280430376,0.105393915689651,0.123260547405176
"AKAP8",-0.00844530695968411,0.10246423621767,0.119987322426095
"CNN2",-0.00846231910062032,0.10177424378648,0.119222849759733
"ST3GAL2",-0.00847821366132066,0.10113292638075,0.118493216884385
"LONRF1",-0.00853103595397546,0.0990247381449629,0.116086738523311
"SAMD8",-0.00853824516393736,0.0987397517118942,0.115773802445817
"AREL1",-0.00857007298171366,0.0974893878821873,0.114391351984659
"LEMD3",-0.00858781777547105,0.0967977929877665,0.113600629195081
"UGGT1",-0.00861340686718151,0.0958073854242602,0.112500033836393
"HPSE",-0.00861892326823024,0.0955949435464822,0.1122916802992
"GRB2",-0.0086231168969814,0.095433695372781,0.112122796101769
"TSC1",-0.00863205602404811,0.0950907061813656,0.111760756706291
"WTAP",-0.0086357676599598,0.0949485832603781,0.111614164565516
"USP33",-0.0086365243398462,0.0949196299875005,0.111600576507202
"GALNT4",-0.00864532086323342,0.094583562425862,0.111266618357963
"PPM1L",-0.00870896717721632,0.0921803028226896,0.108538965481809
"RELA",-0.00871046286184292,0.0921244217694996,0.108493078207252
"NCBP3",-0.00874531730000509,0.0908298951878872,0.107007823636703
"LINC02785",-0.0087598417151433,0.0902947813015301,0.106396936057046
"TENT4B",-0.00881032786904777,0.088454456807915,0.104305053276894
"MIS18BP1",-0.00882639205026945,0.0878752655957675,0.103679239437743
"GSK3B",-0.00886702892550476,0.0864237579581024,0.102079313523414
"SLC16A7",-0.00889945304625226,0.0852795424278262,0.100783485764769
"GIGYF2",-0.00896075165859287,0.0831498522900525,0.0983209458704344
"MAPK6",-0.00896910834742428,0.0828628833590122,0.0980177469821944
"GABBR1",-0.00899769927930878,0.0818871348760199,0.0969171476414948
"METTL22",-0.00900642745617458,0.0815911242435439,0.0966024456812285
"RASA2",-0.00900673349263337,0.0815807609841514,0.0966024456812285
"COQ8A",-0.00901555999298563,0.0812823300363721,0.0962723702258378
"RBM23",-0.00902123910811365,0.0810907835336817,0.0960632324874634
"GPR132",-0.00902301211749662,0.0810310581734394,0.0960102066926662
"FOXJ2",-0.00903272479115363,0.0807045116603161,0.0956409580370499
"NAA50",-0.00904262510142419,0.0803727572691093,0.0952654000810281
"RPS6KA4",-0.00904543991755817,0.0802786367227191,0.095189010019029
"TRIM33",-0.00904552859272097,0.0802756730982527,0.095189010019029
"CNBP",-0.00904609621587777,0.0802567045942039,0.095189010019029
"SORT1",-0.00910471578598999,0.0783173091687643,0.0929664857773898
"CTBP1",-0.00911903377623218,0.077849448990739,0.0924795528095874
"CCDC149",-0.0091221772099297,0.0777470382238961,0.0923749994897254
"KIDINS220",-0.00913477568410912,0.0773376896708244,0.0919056523296924
"CLK2",-0.0091372906997642,0.0772561826207236,0.091825799869315
"ATXN7",-0.00915558365318355,0.0766654452663646,0.0911912304095283
"SERPINA1",-0.00915786179554558,0.0765921353890095,0.091120923540865
"GATAD2A",-0.00918864454668056,0.0756071488310776,0.0899657765022615
"RCSD1",-0.00920176228751631,0.0751905603958216,0.0895198804044519
"ZXDC",-0.0092211610933015,0.0745779368120342,0.0888234717998908
"MAP3K7CL",-0.00923062386460265,0.0742805810166954,0.088485742258284
"GALNT7",-0.00923724504602186,0.0740730953199972,0.0882549637090254
"HBS1L",-0.00923726840773808,0.0740723640813925,0.0882549637090254
"AMFR",-0.00924499655461852,0.0738307911070961,0.0879989514663066
"MTM1",-0.0092716055520475,0.0730039468107669,0.0870457763868947
"CPSF7",-0.00929028867744189,0.0724279296060495,0.086407139522576
"STAG2",-0.00931997502174355,0.0715203308591298,0.0853402348506931
"ZNF410",-0.00933874092066353,0.0709514250017127,0.0846771471002583
"MTMR10",-0.00935192286558727,0.0705540246617025,0.0842342058484337
"GTPBP2",-0.00935415565469456,0.0704868932023315,0.0841697202282076
"KCNQ1",-0.00937065357945547,0.0699924857510622,0.0835948973527206
"TRAPPC11",-0.00938719770651141,0.0694995553138984,0.0830370850826763
"ATG2B",-0.00943241793986214,0.0681667513066313,0.0815205734172128
"SAP30BP",-0.00948212949463373,0.0667258956962424,0.0798867973105228
"OTUD1",-0.00951912957743512,0.0656698307609745,0.0786811641759874
"TDRD7",-0.00952062200877501,0.0656275241867,0.0786451615954178
"FBRSL1",-0.00952890979399966,0.065392995511913,0.0783933967123382
"CDK16",-0.0095331293846411,0.0652738548137156,0.078265193886152
"RIPK1",-0.00957764632005034,0.0640277860319489,0.0767998271043156
"EFTUD2",-0.0096264456977898,0.0626844818410299,0.0752166888894796
"NCOA2",-0.00964549618265215,0.062166441265551,0.0746369549325927
"TMEM39A",-0.00974160439040225,0.0596066959471489,0.0716441665786638
"RAB24",-0.0097538999032449,0.059285617035613,0.0712715980701692
"MARCH7",-0.00977153519368355,0.0588276045130549,0.0707474996355689
"ADSS",-0.00982123366140437,0.057552648983497,0.0692921365881248
"CHD3",-0.00982527787692849,0.0574499179853831,0.069181432769185
"ATP11C",-0.00987029637588614,0.056316620866735,0.0678804132032636
"UQCRC1",-0.00988948292758547,0.0558393062228412,0.0673303869057976
"GPAT4",-0.00990986434910984,0.055335961910347,0.0667611003416297
"CEBPB",-0.00995537774076535,0.054225592238129,0.0654830415584106
"ARID1A",-0.00995978988023003,0.054118946735317,0.0653665591592232
"ARFGEF2",-0.00999991932911852,0.0531569927602499,0.0642288635686937
"YWHAB",-0.010000681797587,0.0531388546023199,0.064219041463267
"VAPA",-0.0100041326921597,0.0530568268405508,0.0641319896399725
"ASAH1",-0.0100054007513099,0.0530267116663409,0.0641197478422999
"CDK19",-0.0100416217605584,0.052172509426833,0.0631106373458825
"CARS",-0.0100773410927704,0.0513414383784184,0.0621756641441926
"ARIH1",-0.0101718116215688,0.0491966814902427,0.0597230464906982
"KIAA0040",-0.0102231526900674,0.0480629632875256,0.0583927234335853
"CHUK",-0.0102361401031474,0.0477796783621918,0.058070546764884
"SIN3A",-0.0102617003019115,0.0472262501453903,0.0574087951748435
"MED16",-0.0102732664046243,0.0469775987815114,0.0571173533792263
"WAC",-0.0103020649303507,0.0463632611245175,0.0563917883175174
"CUL4B",-0.0103075847445036,0.0462462867401597,0.0562708469040138
"IARS2",-0.01033650429189,0.0456374854900431,0.0555827841503638
"ELF2",-0.0103383659988267,0.0455985261104951,0.0555652184019826
"PUM1",-0.0103510721236276,0.0453333764985765,0.0552648572325417
"VPS18",-0.0103761067242869,0.0448147595908059,0.0546430059928945
"MXI1",-0.0103860176211576,0.0446108325153053,0.0544046951944875
"GNAQ",-0.0103973665287789,0.0443782788421796,0.0541519659664177
"RUBCN",-0.0104386772694778,0.0435403895100554,0.0532003692813779
"DUSP18",-0.010460856475558,0.0430960770256822,0.0526775443316397
"ADGRE1",-0.0104614476221014,0.0430842873018018,0.0526731683171419
"DCAF8",-0.0105091035396666,0.042142772049803,0.0515417509476813
"CHP1",-0.0105129162804238,0.0420682034572948,0.0514603609879892
"ZNF148",-0.0105426806645834,0.0414899082861681,0.0507820014429711
"MMGT1",-0.0105444933374296,0.0414549082084247,0.050748843935366
"RBMXL1",-0.0105652645178198,0.0410556284513635,0.0503080428082406
"ARID3A",-0.010597327254286,0.0404456921203187,0.0495795874367529
"NRAS",-0.0106025153333931,0.0403477239095431,0.0494784014915192
"GABARAPL1",-0.010623727151923,0.0399492646824831,0.0490272536730703
"TECPR1",-0.0107085101179647,0.0383898097530758,0.047140482177174
"CARHSP1",-0.0107108683124423,0.0383471845989239,0.0470971547447733
"CEP85L",-0.0107130988649629,0.0383069036462695,0.0470566903684597
"SAP25",-0.01074888775986,0.0376655039594838,0.0462865108990707
"TGOLN2",-0.0107714757245253,0.0372654094625908,0.0458387398604261
"ZNF467",-0.0108185574919112,0.0364430807255697,0.0448702371781339
"PRKACA",-0.0108210897774936,0.036399293570113,0.0448249265922927
"PPP1R9B",-0.0108390107955754,0.0360906908424932,0.0444534214715755
"PRPF8",-0.0108486373549564,0.0359258428180282,0.0442673722912366
"MON2",-0.0108534421479814,0.0358438046157298,0.0441747695763585
"ARNT",-0.0109026574491261,0.0350126499914542,0.0431670181293563
"SEC24B",-0.0109262873965977,0.0346194663955279,0.0427068825982902
"LUC7L2",-0.0109657843503318,0.0339706882134379,0.0419307301995801
"ZMYM2",-0.0109898070803808,0.0335811956830323,0.0414739078926535
"DUSP6",-0.0109919019547365,0.0335474122291576,0.0414401611209617
"UBXN7",-0.0110526824908119,0.0325798020714009,0.0402992115076361
"RIC1",-0.0111281961200605,0.0314110271615458,0.0388759934931477
"TBC1D15",-0.0111365841034445,0.0312834479634585,0.0387330378490061
"PI4KA",-0.0111530847284768,0.0310337745621055,0.0384313255337713
"NIBAN2",-0.0111682485186687,0.0308058389488751,0.0381564213698808
"TMC8",-0.0111753736563832,0.0306992342298032,0.0380317217258964
"DNAJC10",-0.0111808350723188,0.0306177363469003,0.0379454117059517
"RAD23B",-0.0112116118687403,0.0301619355224649,0.037402199132612
"EIF3B",-0.0112247551409962,0.0299690690766088,0.037177406650333
"SPAG9",-0.0112464223758621,0.0296534347715529,0.0368143261405347
"PHF12",-0.0113044771221054,0.0288217857541515,0.0358164976561371
"MFSD14A",-0.0113054717717635,0.0288077139168384,0.0358059458524671
"PPP4R3A",-0.0113321167409805,0.0284329488604281,0.0353538371876951
"LAPTM5",-0.0113560464999911,0.0280999607904052,0.0349601218598487
"HDAC7",-0.0113565313978697,0.0280932482154682,0.0349585493697525
"FBXW2",-0.0113637296658916,0.0279937630234518,0.034848269995822
"UHMK1",-0.0113864771368772,0.0276813703968526,0.0344660726695529
"SMIM3",-0.0114221444616048,0.0271976014124094,0.033890038971066
"MAP1LC3B",-0.0114265154241457,0.0271388212766526,0.0338233638910263
"FRYL",-0.0115016751746576,0.0261451022603111,0.0326165615598204
"ZBTB11",-0.0115198518062397,0.0259095583654502,0.0323415810258226
"HGS",-0.0115241037199768,0.0258547250114333,0.0322856978733663
"FAM76B",-0.0115395819520195,0.0256559619386364,0.0320437321001151
"SMG7",-0.0115864730976502,0.0250618575850032,0.0313199996621309
"GAB2",-0.0115916271467906,0.0249972887854763,0.0312453935023604
"SEC24C",-0.0115956091124108,0.0249475022641468,0.0311892389958624
"DBNL",-0.0116200337911443,0.0246439950502968,0.0308338284404649
"TM9SF2",-0.0116565329286943,0.0241964104343175,0.0302856358459971
"OSBPL2",-0.0116726948543974,0.0240004805345591,0.0300521239480349
"RETREG3",-0.0116948709130112,0.0237338815026987,0.0297299070131423
"ZNF587",-0.0116986997654658,0.0236881123241438,0.0296783691997084
"NPEPL1",-0.0117599491926854,0.0229662943243538,0.0288134032821772
"NPIPB5",-0.0118007798064701,0.0224957908968913,0.0282452043824764
"PPP4R2",-0.011837350269164,0.0220815140097712,0.027741334224925
"AP4E1",-0.0118673435043241,0.0217467140009387,0.0273260707070158
"SENP2",-0.0118763501784587,0.0216470432025991,0.0272061565500247
"PCNT",-0.0118953370447787,0.0214382301887706,0.0269542788342449
"MTPN",-0.0119026327290482,0.021358461672572,0.0268645148189026
"ABHD2",-0.0119705949964893,0.0206277195618883,0.0259708494327071
"OAT",-0.0119830387970428,0.0204963090567986,0.0258155317841421
"FAM111A",-0.0119895246245114,0.020428106522233,0.0257397351623423
"UBR1",-0.0120144027000561,0.0201683304498773,0.0254323915421409
"MAML3",-0.0120632541607442,0.0196666015653655,0.0248241030185688
"RC3H1",-0.0121322811476079,0.0189762556262569,0.0239952022266584
"ZMYM4",-0.0122016396031996,0.0183040298816775,0.0231634429429671
"TLK2",-0.0122247639983282,0.0180845882219653,0.0228947746709016
"LILRA1",-0.0122574275465379,0.0177785504332705,0.0225162217883663
"ZFX",-0.0122751150858321,0.0176147303946694,0.0223131510784203
"HELZ2",-0.0122922741471933,0.0174570709676579,0.0221178055545998
"DHX8",-0.0123752294155085,0.0167121923038924,0.0211991747374008
"ZNF318",-0.0123972462285138,0.0165192440869877,0.0209627116420318
"AGO1",-0.0124199260542303,0.0163225339216564,0.0207212856433216
"GGNBP2",-0.0124236238332885,0.0162906576613726,0.0206890062461138
"PTPN2",-0.0124440854588832,0.0161152575318519,0.0204824667837484
"MED23",-0.0124895260178158,0.0157316593609706,0.0200147385405487
"DCTN1",-0.0125242691112116,0.0154438076897063,0.0196641139387092
"GABPA",-0.0125398615855605,0.0153161358014091,0.0195092966650468
"PPIF",-0.0125420085669077,0.0152986291949354,0.0194940543847801
"NRM",-0.0125525037755965,0.0152133039674923,0.0193937131443336
"SIRPB2",-0.0125791318926218,0.0149986969735226,0.0191429559940563
"MNT",-0.012594846389172,0.0148733024887594,0.0189904694065433
"TENT4A",-0.012596973219464,0.0148564025200226,0.0189764440709666
"XPO6",-0.0126046296339919,0.0147957040284282,0.018906440359768
"C16orf70",-0.0126239106281096,0.0146438153723409,0.0187235391448663
"KLF9",-0.012629944815076,0.0145965634646315,0.0186668429717113
"FAM53C",-0.0126394863404025,0.0145221209321969,0.0185790484348904
"CDC14A",-0.0126540682292648,0.0144090003852798,0.018438578503925
"DDX60",-0.0126554383908146,0.0143984112582095,0.0184318049945475
"PPP6R2",-0.012661293776962,0.0143532359134739,0.0183813097047601
"INTS8",-0.0126753250715123,0.014245490347579,0.0182469686704066
"PAFAH1B1",-0.0127049393535251,0.0140204233794057,0.0179622676522099
"SH3GLB1",-0.0127079205391594,0.0139979413356509,0.0179370464568676
"SAP30",-0.0127433634641134,0.0137330832481783,0.0176082058593748
"UBQLN2",-0.0128051274058856,0.0132820962511686,0.0170504060719283
"ASH1L",-0.0128223257947649,0.0131588704482436,0.0168989817445818
"SLFN12",-0.0128572039688913,0.0129120693791068,0.0165919962219806
"MX1",-0.012859691819254,0.0128946226173406,0.0165728963767743
"IRAK4",-0.0128652196089986,0.0128559320456692,0.0165264796643987
"MAP2K4",-0.012885993607896,0.0127114457162496,0.0163505685075095
"DTX3L",-0.0129255821143408,0.0124400758409037,0.0160239965057696
"TTN-AS1",-0.0129731984254409,0.012120483090692,0.0156248783423508
"ABHD13",-0.0130489472523748,0.0116270510946651,0.0149978206319604
"GDAP2",-0.0130512919731238,0.0116120660158213,0.0149815032289382
"SUCO",-0.0130667924330568,0.0115134331324272,0.014857237927927
"SAMHD1",-0.013077733064751,0.0114442637445104,0.0147709507513133
"EWSR1",-0.0131015968731657,0.0112946690625939,0.0145866740550729
"ALOX5",-0.0132099455214618,0.0106370818063935,0.0137568064643863
"TMEM144",-0.0132789857886363,0.0102360363180353,0.0132541693272481
"SQOR",-0.0133115209159357,0.0100517534299362,0.0130208055736868
"DCTN4",-0.0133283540721603,0.00995757302673145,0.012901411255959
"NFIA",-0.0133463506028457,0.00985775375271475,0.0127798238184316
"NDST1",-0.0133856899646286,0.00964265317484643,0.0125136049291696
"KRI1",-0.0134784384093445,0.00915199693983456,0.0118937031326673
"MCMBP",-0.013498427061841,0.00904921884965483,0.0117649013453668
"PBRM1",-0.0135010576227189,0.00903576999128542,0.0117497973782098
"CTNNB1",-0.0135220176780536,0.00892924681193077,0.0116159869313357
"HNRNPD",-0.0135664170279124,0.00870729692739056,0.0113410509716074
"TNKS2",-0.0136093474411571,0.00849739180917219,0.0110743989127867
"ETV3",-0.0136117314577095,0.00848586906228255,0.0110616285866731
"ARL5B",-0.0136154302922032,0.00846801901582516,0.0110406035369913
"PTAR1",-0.0136220651980118,0.00843608402431364,0.0110034387273829
"AVL9",-0.0136518636526227,0.0082939828917244,0.0108246937008348
"ARRDC4",-0.0136797229903992,0.00816306987398478,0.0106581718175593
"MKNK2",-0.0136886033291774,0.00812173095151899,0.0106063557469867
"C2CD5",-0.0137577614382569,0.00780615179150508,0.0102046189678681
"UBA3",-0.013768347345313,0.00775882847129355,0.0101448223908334
"PPP1R15B",-0.013778761141252,0.00771252554539675,0.010086335894673
"HNRNPA3",-0.0137941898776041,0.00764437981670464,0.0100033328378497
"PPTC7",-0.0138100154092252,0.00757504268810333,0.00991866362415696
"SCAF8",-0.0138106687429232,0.0075721923644801,0.00991695983068061
"CRTC2",-0.0138212579275421,0.00752612842258469,0.00985864433632163
"CDC42",-0.0138234801482096,0.0075164935112591,0.00984803397350182
"CHST15",-0.0138340446297327,0.00747084005268692,0.00979021850041652
"AP5Z1",-0.0138447929319734,0.0074246475761039,0.00973565069451924
"RPS6KA3",-0.0138483048246503,0.00740961029713226,0.00971791898331982
"CRYBG3",-0.0139046038159713,0.00717224905433467,0.00941623694139784
"PRRC2B",-0.0139512827386103,0.00698064657966306,0.00917219505531808
"PIK3CA",-0.0139661694490984,0.00692051532749943,0.00909691176833361
"KIF13B",-0.0139752271771227,0.00688415690576292,0.00905097350560961
"KIAA0100",-0.0139767226951876,0.00687817031389028,0.00904495608401723
"C18orf25",-0.013996632467348,0.00679891546653352,0.00894807007862134
"CBX6",-0.0140288936935504,0.00667223418413331,0.00878855564060754
"SLAIN2",-0.0141166443757634,0.00633832665113458,0.00835731685032459
"NEK4",-0.0141688670337587,0.00614682239835713,0.00810647739113244
"CD163",-0.0141702861096258,0.00614169204806686,0.00810137668182503
"FOXO1",-0.0141823817616451,0.00609811919794645,0.00804720953805521
"SREK1",-0.0142644446298479,0.00580977864551569,0.00767776308746214
"ITPRID2",-0.0142819642708251,0.00574983623772086,0.00760167922959345
"VMP1",-0.0142862097927427,0.00573539464069302,0.00758414921984469
"TAGLN2",-0.0142925371461347,0.00571393216763032,0.0075588842860858
"NCOR1",-0.0142943728337988,0.00570771905838898,0.00755222220635671
"BICD2",-0.0143136574799164,0.00564281508316031,0.00746942471086374
"USP47",-0.0143198498017448,0.00562211599773913,0.00744356092478215
"C16orf54",-0.0143449854367541,0.00553879658819453,0.00733627558006939
"SOAT1",-0.0143466277792974,0.00553339154329433,0.0073306298042074
"MBD2",-0.0144209957183669,0.00529357434643088,0.00703179565356118
"ATXN2L",-0.0144576741228203,0.00517878783603471,0.00688216709941978
"F11R",-0.0144825447322834,0.00510223889184746,0.00678184477524203
"CD302",-0.0144888050840267,0.00508313204684701,0.00675784815842735
"PRKD2",-0.0145132620161276,0.0050091068212386,0.00666495839176002
"WASHC1",-0.0145915702902726,0.00477859713745388,0.006370139047144
"LAMP1",-0.0145993546787125,0.00475621564221299,0.00634162085628399
"FLII",-0.0146162407802367,0.00470799089996427,0.00627862598506978
"USF3",-0.0146436657356136,0.00463061092792316,0.0061792844662136
"NSD3",-0.0146932440104267,0.00449364192456926,0.00599900261923354
"ZSWIM6",-0.0146990582994453,0.00447782172945157,0.0059791267879628
"PCMTD2",-0.0147112441663539,0.00444482860302255,0.0059375432681642
"CCR1",-0.0147176189676299,0.00442765678973576,0.00591583631048409
"RPS6KA1",-0.0147677500275978,0.0042947000838916,0.00574058244546844
"ADNP2",-0.0148338506175279,0.00412492427359826,0.00551939815211814
"GNS",-0.0148755450143645,0.00402099058262622,0.00538257366537238
"UBXN2A",-0.0148909204712721,0.00398326736772581,0.00533318936379984
"RMND5A",-0.0149054051328715,0.00394802392667379,0.00528710530443311
"GTF3C1",-0.0150019400965227,0.00372028142782684,0.00499536631480585
"TIPARP",-0.0150166266383492,0.00368669969588909,0.00495161508244179
"MAP3K11",-0.0150428908889448,0.00362733114365618,0.00487391761627184
"KCNE1",-0.015083968581656,0.0035362193695842,0.00475248920721664
"TAOK1",-0.0151684064666951,0.00335544008801401,0.00451236713575726
"EDC4",-0.0152149605558145,0.00325940735017872,0.00438506134593136
"DYNC1H1",-0.0152495423431381,0.00318969953234436,0.00429307996633552
"RCOR3",-0.0152513722078684,0.00318604913331947,0.00428906656302512
"NUS1",-0.0152671570523744,0.00315471765272454,0.00424867096135194
"XRCC5",-0.0152804323711064,0.00312858505390363,0.00421790327922792
"COPA",-0.0152979355296877,0.00309443153880395,0.00417361209858443
"USP24",-0.0153223620032732,0.00304733684463198,0.00411268683112301
"PREX1",-0.0153459698161418,0.00300244264343046,0.00405295013680829
"SIAH2",-0.0153543090510055,0.00298672895902151,0.00403258691100211
"SERTAD2",-0.0153571791016499,0.00298133827875601,0.00402700345189443
"EGR3",-0.0153671216653771,0.00296273219905199,0.00400271421122711
"SORL1",-0.0153764497849238,0.00294537235480192,0.00398141254873418
"MBTPS1",-0.015393219610356,0.00291439657602839,0.00394073096560552
"RASGRP4",-0.0154048289650062,0.00289312724080937,0.0039127960322582
"STIM1",-0.0154493454770421,0.00281287593497279,0.00380747088581971
"CENPC",-0.0154945321894513,0.00273350010886774,0.00370315386370258
"FBXO33",-0.0155092819811595,0.00270803673508412,0.00366948128344348
"MAN1A2",-0.0155357551533413,0.00266287756262208,0.00361052883385107
"BEST1",-0.0156504332557121,0.00247509461158336,0.00336231357779353
"JDP2",-0.0156671827740325,0.00244870514140189,0.00332857885322765
"HOTAIRM1",-0.0157003180865124,0.00239725628783508,0.00326087270003681
"GRAMD4",-0.015730534770821,0.00235120372553297,0.00320078996457024
"BICRAL",-0.0157341410102008,0.00234576198506516,0.00319405961294102
"SESTD1",-0.0157887186241831,0.00226480126930802,0.00308578571753669
"BAG4",-0.0158040058210205,0.00224258760019003,0.00305681793983838
"CPT1A",-0.0158149685630305,0.00222678085696968,0.00303656237583794
"FAM91A1",-0.0158572312524581,0.00216679472126312,0.00295601848429177
"DSC2",-0.0159489689002559,0.00204165049133146,0.00278825660970257
"MAPKAPK2",-0.0160150004116026,0.00195571622050461,0.00267260389153516
"USP38",-0.0160541799194925,0.00190631009406727,0.00260619764831357
"CHMP4B",-0.0160640711563856,0.00189401959095434,0.0025899466529333
"IL1RAP",-0.0160704033668725,0.00188618966168937,0.00258033963100192
"PARP12",-0.0160806093790553,0.00187363223737311,0.00256370749306588
"TADA2B",-0.0161125446047647,0.00183483372855222,0.00251383583224237
"SMU1",-0.0161131569184668,0.00183409708656738,0.00251336328650498
"DOCK5",-0.0161240833747545,0.00182099765491369,0.00249594551461787
"NUP50",-0.0161358458280128,0.00180699210116068,0.00247727806005276
"KMT2D",-0.0161968319116167,0.00173595018447599,0.00238242917296213
"POLD3",-0.0161985764705761,0.001733956280623,0.00238020186060701
"RLF",-0.0162205786911016,0.0017089894588004,0.00234793926502428
"LCOR",-0.0162229253963452,0.00170634616073911,0.00234480980237785
"CERK",-0.0162495402149084,0.0016766296036622,0.00230594973999928
"PTPRA",-0.0162555209039395,0.00167001776344567,0.0022973486214124
"RNF11",-0.0162588072732142,0.00166639479883534,0.00229334814013889
"ASPH",-0.0162735695782177,0.00165020953691169,0.00227195187310399
"VPS13D",-0.0162937388617679,0.00162832987941428,0.00224288632596008
"DENND4B",-0.0163377887360406,0.00158146972510251,0.00218068122851015
"VAMP4",-0.0164274568254353,0.00148989383553666,0.00205661765249638
"FOXN2",-0.016441645120191,0.0014758596641853,0.00203812217077333
"NUP153",-0.0164637445213844,0.00145424277307786,0.00201000035158714
"AL445524.1",-0.0164657357632673,0.00145230940787978,0.00200776064661855
"GLG1",-0.0164822998042078,0.00143631838610274,0.00198608163043862
"G3BP2",-0.016490804286537,0.0014281713132482,0.00197609384209628
"DHX38",-0.0165288115320748,0.00139227935409578,0.00192726307138695
"MED13",-0.0165392184227962,0.00138259774036431,0.00191468748158372
"HIST1H1C",-0.0165726124692372,0.00135194868071147,0.00187345631435093
"ATAD2B",-0.0165912933121296,0.00133507798356081,0.00185087734281033
"RPN1",-0.0165913192012353,0.00133505473844533,0.00185087734281033
"TOPBP1",-0.0166369704579814,0.00129464164713311,0.00179598287740671
"PDCD6IP",-0.0167723551037755,0.00118133617649253,0.00164199586403295
"L3MBTL3",-0.0168129610476054,0.00114918270306182,0.0015983429921623
"RNGTT",-0.0168488069935903,0.00112147258009294,0.00156115601516084
"SP1",-0.0168557448545118,0.00111618125359856,0.00155412737046189
"DYNLL2",-0.0168580301416063,0.00111444338449417,0.00155204444430532
"RAB1B",-0.0168599150068724,0.00111301190311466,0.0015503874012991
"PPIP5K2",-0.0168765973043186,0.00110041625998552,0.00153350797655672
"ERO1A",-0.0168984707944562,0.00108410079884215,0.00151109944066289
"TAF13",-0.0169100706804945,0.00107553949482264,0.00149949182937463
"CTSA",-0.0169143820428841,0.00107237346344669,0.00149540276928363
"ZNFX1",-0.0169403831014396,0.00105346174317207,0.00146935011830261
"PKM",-0.0169713436062676,0.00103134540810372,0.00143944140491483
"TAX1BP1",-0.0170295831921088,0.00099090263011383,0.00138389884083812
"NECAP1",-0.017165662267858,0.00090206191192327,0.00126229645079601
"GRIPAP1",-0.0171958138596193,0.000883403449295729,0.00123726621494901
"ILRUN",-0.0172309639431619,0.000862103699778963,0.00120848969582299
"TMEM120A",-0.0172481370436762,0.000851871459740465,0.00119492944593241
"TPD52L2",-0.0172976267716278,0.000823010549365521,0.00115495093716736
"CHD2",-0.0173584816542747,0.000788765621694541,0.00110956374233549
"INPP5K",-0.0173929420109126,0.000769965007746609,0.0010847816182921
"ATP5F1E",-0.0174574152634733,0.000735902815902842,0.00103770383886432
"GRK3",-0.0175221007187147,0.000703139407768941,0.000993031573903924
"CCNK",-0.0175485873305568,0.000690119201442799,0.00097528740010066
"ATP2B1-AS1",-0.0175792417538172,0.00067533007341037,0.000954807789995798
"LENG8",-0.017606225605002,0.000662556164948675,0.00093695401241144
"MAN2C1",-0.0176730129282944,0.00063189943708268,0.000894981630976263
"KDM6B",-0.0176747620791968,0.000631114563960946,0.000894067353140523
"GNA13",-0.0176800571255982,0.000628744113002677,0.00089129965289995
"HTT",-0.0176850208524657,0.00062652950886532,0.000888356536769037
"ATP6V0A1",-0.017687984909251,0.000625210535347717,0.000886682315382616
"STXBP5",-0.0177036226566171,0.000618294568052831,0.00087726181968752
"ATG9A",-0.0177750660304018,0.000587593997397285,0.000834625434425721
"DNTTIP2",-0.0177885981316825,0.000581941277317793,0.000826962399838529
"SENP7",-0.017841045783996,0.000560507417293105,0.000797033596930976
"NAPRT",-0.0178565647671433,0.000554307631711176,0.000788392322114588
"RNASE2",-0.0178730529820588,0.000547790661872991,0.000779468814942805
"GK5",-0.017918244799972,0.000530292650931255,0.000755240321503869
"DENND6A",-0.0179381919883029,0.000522736111567995,0.000744808992187487
"CLMN",-0.0179639436205565,0.000513129058885503,0.000731445465854119
"RNPC3",-0.0180779734996795,0.000472533381062585,0.000674777247473301
"ARFGAP1",-0.0181206434320303,0.000458128292904199,0.0006543524326076
"LILRA6",-0.0181357761535642,0.00045311877583034,0.000647485538023934
"SUSD1",-0.0181972673322564,0.000433284047206714,0.000619694705055344
"MICAL1",-0.018230156875822,0.000423010788577583,0.000605406473235282
"ITGB2-AS1",-0.0182388556737248,0.00042033194889619,0.000601706779142784
"CAPNS1",-0.0182941137488876,0.00040368146135507,0.000578258597020346
"CLCN7",-0.0183101219710774,0.000398974179306117,0.000571643218943289
"MARK3",-0.0183144934778392,0.000397697662807361,0.00056994152436275
"TOP2B",-0.018347250837959,0.000388252968845876,0.000556903878407141
"GYG1",-0.0183569536580325,0.000385495918806882,0.000553072856678211
"PTPN12",-0.0183805995369185,0.000378853393907375,0.00054390766957031
"STK40",-0.0184457682006835,0.00036109594351896,0.000518762107840942
"ZMYM6",-0.0184587921787044,0.000357641739012995,0.000514029882954161
"RNF31",-0.0184592974147522,0.000357508365504379,0.000513953321325588
"PPP2R5C",-0.018493239494079,0.000348654020566308,0.000501449046391713
"POU2F1",-0.0185399053602368,0.000336814963646641,0.000484856362296803
"EGR1",-0.0185634741369792,0.000330979570944713,0.000476670017324642
"TPCN2",-0.018563509061292,0.000330970994661688,0.000476670017324642
"KCTD20",-0.0186044179691398,0.000321066631757319,0.000463225434979752
"FAS",-0.0186048303695887,0.000320968213793246,0.00046318759777271
"DENND5A",-0.0186468112176989,0.000311096064047052,0.000449143192377562
"TMF1",-0.0187454893205122,0.000288999258851384,0.000418370768228899
"AGPAT4",-0.0187537319718727,0.000287221639257012,0.000415891229400358
"CSAD",-0.0188041090376789,0.000276577954038777,0.000401022407483117
"WASHC4",-0.0188100540819195,0.000275346558816158,0.000399327197415115
"RBM39",-0.0188496647551411,0.000267272257147123,0.000387880298994784
"CD300E",-0.018857956640942,0.000265610362481347,0.000385555675493285
"CPPED1",-0.0189426300485772,0.000249185402365772,0.000362205152147439
"COP1",-0.018948261884796,0.000248127441785109,0.000360830840093667
"HECTD4",-0.0189642174114272,0.000245152968759082,0.000356747890124352
"MAU2",-0.0189874359487698,0.000240884204804061,0.000350774638679722
"CDK5RAP3",-0.0189904618172,0.000240333058479077,0.000350051510374973
"FRAT2",-0.018995228721337,0.000239467190843971,0.00034886954960375
"RELT",-0.0190093853978872,0.000236912971230505,0.0003452268052271
"KDM5A",-0.0190209296380624,0.000234849045524106,0.000342374795747026
"SFXN5",-0.019023687348305,0.000234358513679014,0.000341737323582853
"PSD4",-0.0190248343439681,0.000234154773334989,0.000341517850810931
"DGCR2",-0.0190402090210848,0.0002314397720529,0.000337788347927982
"CAP1",-0.0190808124325734,0.000224410997258389,0.000327753461964449
"MFSD14B",-0.0191228363660296,0.000217347652604411,0.000317871561228607
"NSF",-0.0191554124194683,0.000212016491133125,0.000310286908556142
"ANKRD50",-0.0191611157563057,0.000211095849703089,0.000309010032328318
"PPM1B",-0.019161609067616,0.000211016395284555,0.000308964215459996
"PPP6R3",-0.0192216670000894,0.000201550358100904,0.000295306484945284
"TRIQK",-0.0192520734465651,0.000196911366980411,0.000288773332696301
"RIN1",-0.0192974408093527,0.000190175998323667,0.000279023371883066
"PRPF3",-0.0192988476001947,0.000189970644423235,0.000278785831340228
"RAD21",-0.0193428144369781,0.000183656711115886,0.000269705071760019
"IKBKE",-0.0193826779717785,0.000178103052900157,0.000261729085526204
"HLA-E",-0.0193949219372652,0.000176429216250133,0.000259328717402257
"RNF139",-0.0194326326910905,0.000171366353131752,0.000252002411573074
"UBA6",-0.0194481331261816,0.000169325231720959,0.000249115039376674
"APP",-0.0194843086320672,0.000164650197933214,0.000242403779242658
"CANT1",-0.0195035904527163,0.000162208252239982,0.000238863471740124
"CEACAM4",-0.0195748966468296,0.000153470516931148,0.000226152236249482
"TMEM131L",-0.0196249979217078,0.000147598309811596,0.000217648990060032
"KDM3A",-0.0196807434641168,0.000141313436583362,0.000208477123274052
"PRDM2",-0.0197058600989408,0.000138564875694881,0.000204516273857454
"GSAP",-0.0197086423941694,0.00013826352122283,0.000204118442744058
"ZNF267",-0.019771859615345,0.000131580481240804,0.000194476011896107
"BIRC6",-0.0199209303950109,0.000117006619398591,0.000173295122359501
"CWC25",-0.0199222285327008,0.000116886665854231,0.000173157434338662
"SKAP2",-0.0199342340004096,0.000115782790851418,0.000171601382791107
"HMGCR",-0.01993865126334,0.00011537911356943,0.000171082133732716
"ARHGEF1",-0.0199756125832256,0.000112052994620294,0.000166342437178114
"INO80D",-0.0199878716510044,0.000110969932289956,0.000164810899438046
"TMTC2",-0.019988156973773,0.000110944842621861,0.000164810899438046
"KDM5B",-0.0200538369524519,0.000105309570772011,0.000156512903885389
"GM2A",-0.0200797575557385,0.000103160846321504,0.00015349721474925
"ANKRD13D",-0.0200920740888597,0.000102154414442398,0.000152034962436192
"CHD4",-0.0201442242921944,9.79948161620579e-05,0.000145911984334129
"AP3B1",-0.0201773049933162,9.54396831074947e-05,0.000142173440171276
"ARRB2",-0.0202025174217122,9.35346733731735e-05,0.00013940034015384
"PLEKHM1",-0.0202107011192445,9.29240856017045e-05,0.000138522521659046
"MICAL2",-0.0202296548608609,9.15243655466899e-05,0.000136531115867836
"SUN2",-0.0202384536536302,9.08813708557934e-05,0.000135603459397854
"CTBS",-0.0202696472554785,8.8636026102353e-05,0.000132407157968032
"CELF2",-0.0203201223927927,8.51134338480847e-05,0.0001273822700185
"SNX18",-0.0204133147707973,7.89545382477111e-05,0.000118413351425272
"ERC1",-0.0204163439040283,7.87615991414246e-05,0.00011815160628744
"PIKFYVE",-0.0204308820161604,7.78417883349605e-05,0.000116799091196704
"RICTOR",-0.0204553125658371,7.63189267722703e-05,0.000114567672945926
"BAP1",-0.0204643456448562,7.57630232306153e-05,0.00011378641316658
"PRKCD",-0.0204643842633884,7.57606548529702e-05,0.00011378641316658
"WWC3",-0.0204699049296818,7.54228056325268e-05,0.000113355052925344
"TES",-0.0205127414255859,7.28493299388223e-05,0.000109589988484756
"RLIM",-0.0205575170298291,7.02482563843599e-05,0.000105751481220566
"ZNF335",-0.0205716930185605,6.94432353323825e-05,0.000104588684951307
"TRIM25",-0.0206971459796238,6.26897069465182e-05,9.46170688705859e-05
"RCOR1",-0.0206972296188091,6.26854191936842e-05,9.46170688705859e-05
"CLIP4",-0.0207181908321595,6.16195540459974e-05,9.30675750374575e-05
"PCIF1",-0.0207237393384088,6.13403011167834e-05,9.26676176042577e-05
"SLC16A5",-0.0207428292352495,6.03886431474501e-05,9.1272917416735e-05
"CD300LB",-0.0207973005165772,5.77494375402406e-05,8.74074997070497e-05
"TMEM33",-0.0208091298677942,5.71909105834125e-05,8.66029932270887e-05
"ANKLE2",-0.0208106259162663,5.71206396709971e-05,8.65170028633421e-05
"SPAST",-0.0208828656443935,5.38231292792688e-05,8.16960486055804e-05
"SLC38A2",-0.0208961040804394,5.32387337439607e-05,8.0847269988462e-05
"BASP1",-0.02094597568044,5.10907454594554e-05,7.77141353408881e-05
"TOLLIP",-0.0209653679747775,5.02779024437806e-05,7.65866624119887e-05
"TMEM43",-0.020969442690839,5.01086730465916e-05,7.63470069501145e-05
"CDKN1B",-0.0209740803611187,4.99167202178408e-05,7.6090681139859e-05
"ALDH3B1",-0.0209767081306147,4.98082665848523e-05,7.59434026635961e-05
"SEMA4A",-0.0210073368875999,4.85605152979368e-05,7.40937612726665e-05
"CCDC159",-0.0210318323083069,4.75840085125891e-05,7.26556398421637e-05
"IL4R",-0.021034788232633,4.7467437823171e-05,7.24949014695227e-05
"GABPB1-IT1",-0.0210509544897742,4.68346753258185e-05,7.15972351586298e-05
"SPOPL",-0.0210766366805638,4.58458682411102e-05,7.01372982982134e-05
"FAM8A1",-0.0211606982810901,4.27459836367029e-05,6.54710506118611e-05
"PDLIM7",-0.0211662210045258,4.25494468001937e-05,6.52011585072947e-05
"ANO10",-0.021177724000985,4.21428391352184e-05,6.45935155020452e-05
"KAT2B",-0.0212539812936023,3.95390858302715e-05,6.07041815475046e-05
"PTPRJ",-0.0212744526867513,3.88665414944803e-05,5.9700198761931e-05
"VPS9D1",-0.0212816559380286,3.86324870721781e-05,5.93691106718789e-05
"HNRNPK",-0.021295239740819,3.81947455829787e-05,5.87245357441628e-05
"GMCL1",-0.0213686271565945,3.59100890229235e-05,5.52781024882623e-05
"UBALD2",-0.0214113181358014,3.4641392967472e-05,5.33635479662186e-05
"FAM217B",-0.0214220211013942,3.43300601794467e-05,5.28966537251032e-05
"MIER1",-0.0214733497221532,3.28735627785366e-05,5.07255360238313e-05
"RELCH",-0.0215077676140753,3.19300097585195e-05,4.93170299977518e-05
"HNRNPH2",-0.0215545386378083,3.06889719033972e-05,4.7445890055951e-05
"PIK3CB",-0.0215595880880654,3.05577638636825e-05,4.7265817972369e-05
"STK11",-0.0216471495951446,2.83655555840892e-05,4.39491438366376e-05
"SIN3B",-0.0217825185119112,2.52682062317714e-05,3.9178543060185e-05
"LGALS8",-0.02180247157088,2.48398204775768e-05,3.85329516886201e-05
"NCLN",-0.0218212408352453,2.4443163463306e-05,3.79635286324307e-05
"IL15",-0.0218386661024198,2.40803095813677e-05,3.74090233109092e-05
"UBR3",-0.0218439124815301,2.39720695559252e-05,3.72498905959836e-05
"E2F3",-0.0219630610706142,2.16349542238838e-05,3.36672001698856e-05
"C1RL",-0.0219845230897165,2.12377184712337e-05,3.30570600949624e-05
"TBC1D10B",-0.0220097765557036,2.07791981490811e-05,3.23669180200302e-05
"PRKAR1A",-0.0220312842357593,2.03961354256346e-05,3.17779516490703e-05
"COG3",-0.0221262740154476,1.87833048237597e-05,2.93149315858046e-05
"LAMTOR4",-0.0221290587270841,1.87379071848365e-05,2.92511952549661e-05
"SBF2",-0.0221461891322108,1.84609300936566e-05,2.88328450537734e-05
"KDM4C",-0.0221607276048484,1.82289249809928e-05,2.84843601261689e-05
"DGAT1",-0.0221624621154583,1.82014318264697e-05,2.8448328038643e-05
"CD82",-0.0221938538383743,1.77106266317791e-05,2.77014579399061e-05
"MSL2",-0.0223129500683282,1.59608063539205e-05,2.50316630571386e-05
"CLIP1",-0.0223603344644306,1.53115127365084e-05,2.40545214783149e-05
"PTAFR",-0.0224852834418136,1.37179361191256e-05,2.16304443697002e-05
"EPS15",-0.0225359422287367,1.31180182393517e-05,2.0715039385597e-05
"NCOA1",-0.0225763145980074,1.26579221377883e-05,1.99983325378109e-05
"CWF19L1",-0.0225930128421731,1.24721605806319e-05,1.97145558722183e-05
"OSGIN2",-0.0225957471633025,1.2441991253497e-05,1.96717141159283e-05
"RIT1",-0.0226904571389345,1.14389489381762e-05,1.81036744912035e-05
"ZFC3H1",-0.0227130952960567,1.12108886391667e-05,1.77514959301317e-05
"RANBP6",-0.0227856998329176,1.05083819884413e-05,1.66555777761461e-05
"ADAMTS2",-0.0227922051980201,1.0447531756513e-05,1.65632230664165e-05
"CAPN7",-0.0228272427187901,1.01255395802373e-05,1.60567132839353e-05
"JMJD6",-0.0228937916059313,9.53987301873387e-06,1.51579557424954e-05
"NUAK2",-0.0229068267237117,9.4290116286094e-06,1.49855186051915e-05
"NUP214",-0.0229396250578273,9.15548558422481e-06,1.45544091943475e-05
"FAM13A-AS1",-0.0230503577557469,8.28692977152613e-06,1.31998364980416e-05
"OGFR",-0.0231210282715425,7.77440093972468e-06,1.24111859739422e-05
"TASOR",-0.0231320371988028,7.69734033064138e-06,1.22912233851157e-05
"STX16",-0.0231484254940924,7.58397638746159e-06,1.21162331927175e-05
"RBM10",-0.0231730879366696,7.41638096858383e-06,1.18514322028478e-05
"EIF4EBP2",-0.0232042806549114,7.20947663844092e-06,1.15265392754141e-05
"TMEM164",-0.0232422555042823,6.9650319877244e-06,1.11412728080877e-05
"PRR14L",-0.0232477073109564,6.93059613986054e-06,1.10889538237769e-05
"FKBP5",-0.0232503997929676,6.91364944754082e-06,1.10645983675285e-05
"CRIP1",-0.0233072070473431,6.56520442846669e-06,1.05200678354251e-05
"ING1",-0.0233284671725009,6.4391709656231e-06,1.03232685945622e-05
"IDI1",-0.0233492904620976,6.31797320214453e-06,1.01314961422043e-05
"UBAP1",-0.0233754124721392,6.16901967566276e-06,9.89758195525188e-06
"SRXN1",-0.023415849470161,5.94504663203239e-06,9.54864950532706e-06
"CHD8",-0.0234587629158131,5.71587602642572e-06,9.19354740174164e-06
"TUT7",-0.0235124514920227,5.44105415742988e-06,8.76030200102135e-06
"FERMT3",-0.0235376999051467,5.31622903736241e-06,8.5636267897859e-06
"TBC1D14",-0.0236232739119631,4.91323652813741e-06,7.92640823850381e-06
"ETF1",-0.0236255693917834,4.90284010562706e-06,7.91162528111247e-06
"STK4",-0.0236482432087899,4.80127394922439e-06,7.75162900307591e-06
"CTDP1",-0.0237328885739605,4.43962386481351e-06,7.18220542527572e-06
"ANP32E",-0.0237397476229928,4.41149016270253e-06,7.14029285668503e-06
"SLC36A1",-0.023754869113492,4.3500685853797e-06,7.04621056394753e-06
"SPIDR",-0.0238430075557944,4.00804649556922e-06,6.5020546942028e-06
"NRIP1",-0.0238912467423797,3.83192508280288e-06,6.22263511294944e-06
"FIG4",-0.023934612553938,3.67994851908908e-06,5.98038239576382e-06
"HK2",-0.0240673275901912,3.24991538725532e-06,5.29493578583802e-06
"PXK",-0.0241437162643485,3.02470357929738e-06,4.93552852613733e-06
"FLT3",-0.0241538932096123,2.9958544191059e-06,4.88969777486223e-06
"STK26",-0.024229608392806,2.78935720093417e-06,4.55846046897443e-06
"EDEM1",-0.0242721527275621,2.67939349269797e-06,4.3798697195287e-06
"UBN1",-0.024297284064532,2.61640440139532e-06,4.28126769685089e-06
"SH3KBP1",-0.0243347451470178,2.52514335020396e-06,4.13298972829301e-06
"UNKL",-0.0243528703722402,2.48209195988721e-06,4.0656374813981e-06
"SLC6A6",-0.0245066340389098,2.14414963608669e-06,3.51927962781587e-06
"TP53INP1",-0.0245111066813085,2.13501357446245e-06,3.50518093494142e-06
"IPMK",-0.0245141631262986,2.12879183017297e-06,3.49586086060654e-06
"PTBP2",-0.0245201935708617,2.11656720079721e-06,3.47667566828339e-06
"BTAF1",-0.0245265723360759,2.10370985585365e-06,3.45644108454725e-06
"SPEN",-0.0245664273844981,2.02505855897997e-06,3.32806754979906e-06
"SNX10",-0.024588645933052,1.98244606555936e-06,3.25887111366356e-06
"GBP5",-0.0246130737286067,1.93659076345819e-06,3.18594008675584e-06
"DGKZ",-0.0246352488611155,1.89584782810286e-06,3.11971266096639e-06
"PARP4",-0.0246773328961718,1.82077893399772e-06,2.99849015413999e-06
"PTGER2",-0.0246846037458137,1.80810206191964e-06,2.97837813331872e-06
"ABCD1",-0.0247435556679257,1.70840339843353e-06,2.81487319063932e-06
"GPAT3",-0.0247619060973147,1.67846286351015e-06,2.76820623089825e-06
"WASHC2C",-0.0247999110227231,1.61804972137309e-06,2.67217683715052e-06
"SBNO2",-0.0248508576881244,1.54033524921914e-06,2.54711107190464e-06
"BRWD3",-0.0249095718785743,1.45522094612446e-06,2.40884870751665e-06
"CBX4",-0.0249884459098005,1.34797310745183e-06,2.23535679953759e-06
"MLKL",-0.0252439794440422,1.05025605504746e-06,1.74888213059551e-06
"CEP192",-0.0252795278289445,1.01422857280947e-06,1.69064445911809e-06
"S100A10",-0.0253260151622811,9.68906080691615e-07,1.61677540018658e-06
"OSBPL9",-0.0254428233384669,8.63464403566573e-07,1.44232950098493e-06
"RNPEPL1",-0.0255576883853608,7.70602401039905e-07,1.28922685921044e-06
"OTOF",-0.0255747213669246,7.57678965437033e-07,1.2679364220772e-06
"ARAP2",-0.0256489332816553,7.03768125703553e-07,1.1786416848118e-06
"RBM5",-0.0257113851954538,6.61281727754543e-07,1.1098047515755e-06
"FAAP100",-0.0257219645685492,6.54333778315546e-07,1.09843158599491e-06
"ARHGAP19",-0.0257260939327069,6.51640972684666e-07,1.09419745635824e-06
"N4BP1",-0.0259001377541753,5.47367994366307e-07,9.22003951655088e-07
"ELL",-0.0259182224633485,5.37505778799894e-07,9.05867369787266e-07
"ZNF207",-0.0259210994459555,5.35952741135042e-07,9.03487332402109e-07
"MBD4",-0.0259780886078856,5.0606612235725e-07,8.53778659228009e-07
"HBEGF",-0.0259886342741965,5.00714805589641e-07,8.45194999385198e-07
"ARFGEF1",-0.026116565262215,4.39990714751446e-07,7.43672398800127e-07
"AZI2",-0.0261343728548002,4.32123217975971e-07,7.30952429879734e-07
"IL6R",-0.0261363793569877,4.31245288607109e-07,7.29659749921733e-07
"KDM3B",-0.0262041090324899,4.0259963539607e-07,6.82091169976548e-07
"NPEPPS",-0.0262334909365788,3.90751998235802e-07,6.62193560665849e-07
"TAPBP",-0.0262419219509606,3.87414959880212e-07,6.56885407661585e-07
"ETS2",-0.0263041378293298,3.6362589211634e-07,6.17038805558962e-07
"ELOVL5",-0.0264103429048284,3.2623713754622e-07,5.54620422495111e-07
"CUL3",-0.0264565258058769,3.11162585184004e-07,5.299758817469e-07
"MKRN1",-0.0265748861810459,2.75535314450727e-07,4.69793935029461e-07
"SLK",-0.0265912684736168,2.70925828060026e-07,4.62180301205298e-07
"ERLIN1",-0.026712509249362,2.39053347432939e-07,4.09222592617325e-07
"KDM2A",-0.0267475446452665,2.3053895905983e-07,3.94857971523725e-07
"FXYD6",-0.0267477885433063,2.30480726016759e-07,3.94857971523725e-07
"SUPT6H",-0.0268214180130846,2.13535652399977e-07,3.66224203634924e-07
"SMG1",-0.0268601767408294,2.05105978658907e-07,3.52237676412085e-07
"ANTXR2",-0.0269052954042062,1.95697876057639e-07,3.36440935901878e-07
"CPEB4",-0.0269151190941547,1.93705458004182e-07,3.33104856219468e-07
"JAZF1",-0.0269215157347844,1.92418661027548e-07,3.30980731676341e-07
"PDS5B",-0.0269227854987998,1.92164210309503e-07,3.30631690358211e-07
"OGFRL1",-0.0269564029447649,1.85544604004436e-07,3.19499242966307e-07
"IFNGR2",-0.0269678329681362,1.83344550124309e-07,3.1588040644403e-07
"PCGF3",-0.027081065961389,1.62868499097559e-07,2.81131097715884e-07
"HRH2",-0.0270836847758234,1.62422138233531e-07,2.80436070749821e-07
"NT5C2",-0.0271083638072186,1.58273434270751e-07,2.73420127700898e-07
"TFRC",-0.027138896298377,1.53282384247098e-07,2.65083497932448e-07
"CYFIP2",-0.0272286515303606,1.39475953508992e-07,2.41924227551688e-07
"PTEN",-0.02724970935647,1.36415404214953e-07,2.36743639016267e-07
"AC005632.3",-0.0272567957917202,1.35400146109033e-07,2.35108886992031e-07
"NDST2",-0.027288628358539,1.30929016214744e-07,2.2752994800482e-07
"ATP2B4",-0.0272944980753114,1.30120314969901e-07,2.26185841464883e-07
"STAT3",-0.0272990070142758,1.29502378861139e-07,2.25172699938501e-07
"JARID2",-0.0273268652531543,1.257469777391e-07,2.18820886675906e-07
"PFKFB4",-0.0273429035842581,1.23632964961789e-07,2.15200516330667e-07
"REC8",-0.0273486445348158,1.22884639783958e-07,2.13955996975272e-07
"DICER1",-0.0273970919560999,1.16741725714135e-07,2.0342610325418e-07
"DHX57",-0.0273978512340642,1.16647858596657e-07,2.03317756249974e-07
"TXNIP",-0.0274063126209958,1.15606733500914e-07,2.01612612705046e-07
"CLTC",-0.027523222470146,1.02110282723982e-07,1.78463517830854e-07
"PAK2",-0.0275640703414267,9.77645381738719e-08,1.70961372832805e-07
"RBM33",-0.0275654085109173,9.76252446667855e-08,1.70764332001662e-07
"ATP13A3",-0.027590504314602,9.50482642753125e-08,1.66302062609873e-07
"SUPT5H",-0.0276157868926904,9.2518741835874e-08,1.61920416699118e-07
"TMCO3",-0.0276427666954775,8.98913105477914e-08,1.57364979119954e-07
"UTRN",-0.0276583098286357,8.84105906803776e-08,1.54857316354164e-07
"EIF4G3",-0.02769100767386,8.53723176664904e-08,1.4978091062297e-07
"PNPLA8",-0.0278181450059622,7.44911754969515e-08,1.30905336069143e-07
"PDZD8",-0.027969540805757,6.32792492207337e-08,1.11324283794962e-07
"MYADM",-0.0280749825421398,5.64556327716649e-08,9.94561614121367e-08
"AMPD2",-0.0281146918731721,5.40753911078853e-08,9.53153047659868e-08
"PIK3AP1",-0.0281294795779251,5.32140859026116e-08,9.38487012510049e-08
"PPM1A",-0.0281542030703036,5.18036847004271e-08,9.1386428660418e-08
"ARAF",-0.0281926830635369,4.9680317302028e-08,8.7712965275127e-08
"CSNK1G3",-0.0282305854983982,4.76714089629619e-08,8.42124889610032e-08
"STK10",-0.0282394246592454,4.72143638017641e-08,8.34740584602146e-08
"SH3BP2",-0.0282540730289871,4.6466279258611e-08,8.21741035620861e-08
"VPS54",-0.0282567551128134,4.63305568162094e-08,8.19566728791838e-08
"VIM-AS1",-0.0282654305197894,4.58941788076197e-08,8.12071294069741e-08
"NFKBIZ",-0.0282993345068789,4.42266858075568e-08,7.83430193653464e-08
"NOTCH2",-0.0283044091031622,4.39822118501858e-08,7.79314750706413e-08
"CSDE1",-0.0284394960518884,3.79353056468177e-08,6.73658790561811e-08
"PPP4R1",-0.0284438627694076,3.77539509545108e-08,6.7080960765478e-08
"ATP6V0D1",-0.0284957379160249,3.56628128861003e-08,6.34709035997835e-08
"MYCBP2",-0.0284982561201504,3.55642138306122e-08,6.33129844442863e-08
"PPP3R1",-0.0285574720652434,3.33203909336587e-08,5.93678501056247e-08
"AKNA",-0.0285642190245206,3.3073621998393e-08,5.89773092667285e-08
"EVI2A",-0.0285854456493373,3.23087684186468e-08,5.76294295729881e-08
"EXOC3",-0.0286005360945922,3.17754821489186e-08,5.6693963700629e-08
"MFN2",-0.0286212536904653,3.10572246636674e-08,5.54741518491343e-08
"MIB1",-0.028632510400789,3.0673595897787e-08,5.48194404680227e-08
"BIN3",-0.0287095530443848,2.81686761452306e-08,5.04128943229566e-08
"FAM107B",-0.028744817245686,2.70894462673504e-08,4.85355730944765e-08
"SGTB",-0.0287525023727211,2.6859631316505e-08,4.81507109602392e-08
"DDX5",-0.0287724859615578,2.62708649916261e-08,4.71084040766554e-08
"NUMB",-0.0287844894677454,2.59232528640007e-08,4.6498068318543e-08
"RASGRP2",-0.0289165560737356,2.23816287462946e-08,4.02355085559614e-08
"USP4",-0.0289201585315362,2.22919247005209e-08,4.00967168148422e-08
"BAZ2A",-0.028920311383946,2.2288126282656e-08,4.00967168148422e-08
"ECPAS",-0.0289348105168112,2.19306614189962e-08,3.94690388960111e-08
"ARNTL",-0.0289393663135706,2.18194953404213e-08,3.92799893670434e-08
"ZZEF1",-0.0290406566288157,1.94845465651013e-08,3.51554698429949e-08
"SETD2",-0.0291125331642915,1.79767551197602e-08,3.24623869542306e-08
"RASSF5",-0.0292586814278588,1.52522960814019e-08,2.75891546823441e-08
"POLE4",-0.0293167421153347,1.42851737089614e-08,2.58762491577348e-08
"OLIG1",-0.0293306659325734,1.40622534378463e-08,2.54796436196617e-08
"SF1",-0.0293511626494069,1.37402380818817e-08,2.4931382220971e-08
"ICAM1",-0.0294116002321795,1.28318757638179e-08,2.33161469557223e-08
"STX3",-0.0295534801583829,1.09227220050452e-08,1.99034888907612e-08
"KIAA0513",-0.029645070950636,9.84008935488779e-09,1.79868983763419e-08
"EML3",-0.0297101548267619,9.13493893652709e-09,1.67074595828842e-08
"RNF138",-0.0297858192405457,8.37679590399381e-09,1.53558635771498e-08
"NPLOC4",-0.0298995630314712,7.35093470621367e-09,1.3513924663343e-08
"IPCEF1",-0.0300300924040302,6.32385068075014e-09,1.16491030627887e-08
"ZC3H7A",-0.0301012908160157,5.82392705824052e-09,1.07405334882642e-08
"UBR5",-0.0301322746693682,5.61857821452984e-09,1.03707703752657e-08
"ACAP3",-0.0301686667767382,5.38637167763423e-09,9.95935466389085e-09
"NDEL1",-0.0301853108118886,5.28330863980357e-09,9.77160802334382e-09
"AC018755.4",-0.0302803119086841,4.73076418366905e-09,8.7597642142628e-09
"OASL",-0.0302907930917719,4.67336415419559e-09,8.65597702463016e-09
"IL6ST",-0.0302920694276571,4.66642078022791e-09,8.64561239559408e-09
"ACOX1",-0.0303231558868161,4.50037397668744e-09,8.34520214867822e-09
"OGT",-0.0303550927276693,4.33577651421916e-09,8.04696040359563e-09
"MSN",-0.0304886865411388,3.70853326634071e-09,6.90279937245199e-09
"ACSS2",-0.0304914826923924,3.6963979944217e-09,6.8842059600028e-09
"ITGB2",-0.0305157506092982,3.59268631247297e-09,6.69299517445603e-09
"AC096667.1",-0.0305217780569621,3.56736975335735e-09,6.6477619336453e-09
"ADAP1",-0.0305659149907779,3.38720428813902e-09,6.32120497751599e-09
"ATP6V1A",-0.0305932226161481,3.28020454461452e-09,6.12508508680057e-09
"ATP11A",-0.0309012721861535,2.27940713537454e-09,4.27622110542778e-09
"ATF7IP",-0.030910366149451,2.25492614808832e-09,4.23153149053368e-09
"MAPK8IP3",-0.0309337723875833,2.19308838252861e-09,4.11910276999519e-09
"APOBEC3A",-0.0309354293509561,2.18877395613349e-09,4.11220313398315e-09
"MOB3A",-0.0309523937154398,2.14507483626031e-09,4.03364599925151e-09
"ACPP",-0.0309575050717599,2.1320757458854e-09,4.01037759765486e-09
"IGKC",-0.0309663038920459,2.10987830082173e-09,3.97095311765098e-09
"CNOT1",-0.030987442328918,2.05746687668145e-09,3.87799867238196e-09
"MLLT1",-0.0310228108924321,1.97259598776152e-09,3.7224046639641e-09
"TXNRD2",-0.0310282742348587,1.95979393651178e-09,3.69933447974687e-09
"ODF3B",-0.0310762191225122,1.85086428959968e-09,3.49680367552166e-09
"SF3B2",-0.0312569917648962,1.49074808321393e-09,2.82226016580129e-09
"TRPS1",-0.0312625863176801,1.48077057905358e-09,2.80419835749934e-09
"ACTN4",-0.0313309850271995,1.36392589150257e-09,2.58938804056895e-09
"ADM",-0.0313326835607471,1.36114179448118e-09,2.58604849078805e-09
"PLCB1",-0.031342129957543,1.34575881111701e-09,2.55757954150674e-09
"ZBTB43",-0.031383997699843,1.27959490472895e-09,2.43472150318533e-09
"GLUL",-0.0315223038163299,1.08279731748293e-09,2.0639416485355e-09
"RNF166",-0.0315990639565678,9.86652417633858e-10,1.88291550016027e-09
"B4GALT5",-0.0316038504389187,9.8094112864028e-10,1.87257312744898e-09
"DYNC1LI2",-0.0316101605313624,9.73461090292926e-10,1.85884712955935e-09
"INTS1",-0.0317935419647221,7.78809069887321e-10,1.49159372907375e-09
"TMX4",-0.0317941903479024,7.78193295825823e-10,1.49085941654777e-09
"CUX1",-0.0319378249130066,6.52866671727685e-10,1.25412951072001e-09
"TRIM22",-0.0320072418290405,5.99583655068805e-10,1.1538478497065e-09
"AFTPH",-0.0320408581272638,5.75329438239551e-10,1.10850260532882e-09
"SLC19A1",-0.0320653197106762,5.58284844430176e-10,1.07630876257933e-09
"ZBTB18",-0.0320864074557909,5.43987381498041e-10,1.04969113975682e-09
"PRKAG2",-0.0320874471249697,5.43291806978462e-10,1.04866433019669e-09
"TYK2",-0.0320888481034698,5.423558766111e-10,1.04717282706495e-09
"VAV3",-0.0321695020814823,4.91047066541303e-10,9.48963246665362e-10
"INPPL1",-0.0322123447158721,4.65751390464854e-10,9.00621133581224e-10
"MAP3K8",-0.0322938377974601,4.21097919572325e-10,8.15257770662654e-10
"SSH2",-0.0323516906614412,3.91963230907444e-10,7.60688472323703e-10
"MOSPD2",-0.0324428156862616,3.50018980585056e-10,6.8010956372917e-10
"ANKHD1",-0.0324509811680039,3.46481936184599e-10,6.73644879563754e-10
"CHSY1",-0.0324835312819453,3.32725779854735e-10,6.47684649134702e-10
"TET3",-0.032492627109078,3.28978043780418e-10,6.40583650651035e-10
"GAK",-0.0325058529525759,3.23602060322416e-10,6.30689799218901e-10
"VEGFA",-0.0325538074397841,3.04819596338867e-10,5.94806122296281e-10
"DMXL1",-0.0325847607048175,2.93265897538012e-10,5.72435046730722e-10
"BAZ2B",-0.0326400569890971,2.73681018939091e-10,5.34531938360185e-10
"C5AR2",-0.0326790678232981,2.60638659276095e-10,5.09523960364238e-10
"SIRPB1",-0.0326958010650458,2.5523216352852e-10,4.99259012560665e-10
"PLCL2",-0.0327219942433914,2.46988366258713e-10,4.83280682499512e-10
"SELENOO",-0.0327484339839304,2.38930880244045e-10,4.67657268958448e-10
"VASP",-0.0327692673371035,2.32763322757222e-10,4.55863699270555e-10
"SASH3",-0.0327947822544633,2.25421397899478e-10,4.41619446999406e-10
"ENTPD4",-0.0328852158487072,2.01176122808692e-10,3.94723548605679e-10
"TOP3A",-0.0329414510918845,1.87404565648104e-10,3.68491478148402e-10
"ERBIN",-0.0329687576385922,1.81053958223464e-10,3.56113487419296e-10
"PPM1F",-0.0330234346922399,1.68963516501398e-10,3.32638822299162e-10
"SEC16A",-0.0330973966630126,1.53856383640238e-10,3.03176461128921e-10
"TMEM167B",-0.0331638347784671,1.41417023716756e-10,2.78921495286415e-10
"KLHL8",-0.0331896829391743,1.36847805959076e-10,2.70075522311114e-10
"PDE4B",-0.0332235789796873,1.31074061921182e-10,2.58919698671892e-10
"NIPBL",-0.0332817848592788,1.21710037690023e-10,2.40644561423477e-10
"HIST2H2AC",-0.0332873007804722,1.20857345739806e-10,2.39179744067426e-10
"C15orf39",-0.0332925399107963,1.20052850383506e-10,2.37660934298234e-10
"ZNF407",-0.0333184973148498,1.16143535006612e-10,2.30063884100779e-10
"ACAP1",-0.0333264858034449,1.14965668279838e-10,2.2780102769717e-10
"SIGLEC1",-0.0333393364261783,1.13095357497374e-10,2.24164292154202e-10
"EIF4G2",-0.0333452161055676,1.12249563398803e-10,2.22625409201458e-10
"SMCR8",-0.0334484943110604,9.83625748042364e-11,1.95627489133286e-10
"RABGEF1",-0.0335409691786948,8.73635544380759e-11,1.74075951948663e-10
"DDX58",-0.0335421477009801,8.72314499878883e-11,1.73866723554611e-10
"FAM193B",-0.0335454658535492,8.68605555050841e-11,1.73181269148732e-10
"ZNF770",-0.0336121211000194,7.97283295307216e-11,1.5920851611239e-10
"SPECC1",-0.0336174062543482,7.91879722999802e-11,1.58178714282899e-10
"SNRK",-0.0336410094667638,7.68181545822547e-11,1.53588432471096e-10
"GTF2I",-0.0336529338207012,7.56474323880675e-11,1.513420412229e-10
"SLMAP",-0.0336669673043174,7.42919748726589e-11,1.4867664091796e-10
"PLP2",-0.0337371582479953,6.78609807465916e-11,1.35976281221153e-10
"TACC3",-0.0337770480737665,6.44522911235983e-11,1.29307660990934e-10
"RAB8B",-0.0338300591232674,6.01804054683601e-11,1.20964123272243e-10
"G6PD",-0.0339216686677264,5.34417054097114e-11,1.07553946646395e-10
"CEP350",-0.0339330889172319,5.26552270355741e-11,1.06104251463644e-10
"DOK3",-0.0339611218276879,5.07723781590646e-11,1.02374474628711e-10
"NBPF10",-0.0339747027068304,4.98840518512378e-11,1.00614925079391e-10
"PTPN6",-0.0341067166999354,4.20041753995911e-11,8.49350108300588e-11
"AP1G1",-0.0341090888225381,4.18743624441341e-11,8.46992148302536e-11
"ITCH",-0.0341641095558053,3.89711625476624e-11,7.88517751200889e-11
"DOCK2",-0.0341953991610574,3.74089910855458e-11,7.57387462306285e-11
"PHKA2",-0.0342133897469547,3.65387103323845e-11,7.40234813680389e-11
"NOTCH1",-0.0342370050818655,3.54263526273891e-11,7.1815317048129e-11
"MYO5A",-0.0342405791159728,3.52609173497718e-11,7.15025428938483e-11
"DENND1A",-0.0342479571989988,3.49217874862934e-11,7.08372394916404e-11
"EMP3",-0.0342980752777329,3.27011466102445e-11,6.63537497316031e-11
"EP300",-0.0344010575842488,2.85631875331496e-11,5.81044423629322e-11
"P2RY8",-0.0344876199867468,2.5485178529121e-11,5.19748586913033e-11
"NFKBIA",-0.0346087825577376,2.1715721891148e-11,4.44144315121471e-11
"PPP3CA",-0.0346386733995777,2.08732093894585e-11,4.27321351125609e-11
"UNC13D",-0.0346677859613221,2.00834315996939e-11,4.1167826563462e-11
"EFHD2",-0.0347700108881392,1.75351973521379e-11,3.60018643876214e-11
"ZBTB16",-0.0347908602166119,1.70557814977721e-11,3.5039991703396e-11
"FAM160B1",-0.0348593758193472,1.5568964155239e-11,3.20469919858882e-11
"IMPDH1",-0.0348910975389983,1.49243210273033e-11,3.07397893133798e-11
"NOD2",-0.03491170570721,1.45196104911e-11,2.9915806329768e-11
"DOCK11",-0.034922881998302,1.4304642045007e-11,2.94935650809948e-11
"RBL2",-0.0349331347480231,1.41101804634411e-11,2.91189829055767e-11
"DCP2",-0.0349587689829021,1.36352398790322e-11,2.81841813994429e-11
"CDC40",-0.0349937578958498,1.30121670451615e-11,2.69049512606369e-11
"DENND10",-0.0350328311501136,1.23492945035404e-11,2.55508137809466e-11
"KIF1B",-0.0350450524280085,1.21488375080587e-11,2.51441746618402e-11
"TP53BP2",-0.0350604024019829,1.19015736276791e-11,2.46483203341475e-11
"EDEM3",-0.0350646954836034,1.1833305502164e-11,2.45227674747688e-11
"DYRK1A",-0.0351818929260059,1.01109168912797e-11,2.09804795518921e-11
"HNRNPH1",-0.0352964373120987,8.66581319983228e-12,1.80343358709452e-11
"SPG11",-0.035471449285094,6.84012172632119e-12,1.42626652570935e-11
"SGK1",-0.0355993993739433,5.74959612517485e-12,1.20200093643278e-11
"TMEM30A",-0.0356096292844504,5.67016255888884e-12,1.18578106185889e-11
"USP34",-0.0356699662661028,5.22307398501352e-12,1.09513864992963e-11
"H3F3A",-0.0356748617570576,5.18835355415258e-12,1.08821433159343e-11
"FRAT1",-0.035703047902462,4.99280535076879e-12,1.0478848259906e-11
"NORAD",-0.0357309403529578,4.80641261655409e-12,1.0094253141673e-11
"LSP1",-0.0357685596539939,4.56578582233658e-12,9.6046169954464e-12
"KLF13",-0.0359116029536801,3.75400220984595e-12,7.91771143273228e-12
"KLF7",-0.0359507819046931,3.55754595672629e-12,7.50829436130128e-12
"RAPGEF2",-0.0359921250248882,3.36116941669999e-12,7.0985065758878e-12
"HECA",-0.0360114027840113,3.2732740101091e-12,6.91743282241764e-12
"ROGDI",-0.0363444725359453,2.06639883360654e-12,4.38426419193768e-12
"CEMIP2",-0.03634597916133,2.06208456621623e-12,4.37655791493328e-12
"EAF1",-0.0363880554526407,1.94510324452113e-12,4.13374707414626e-12
"SH3BP5",-0.0363989904324589,1.91578317164123e-12,4.07413484562484e-12
"PIK3CD",-0.0364227394123204,1.85358997338417e-12,3.94318079218596e-12
"YTHDC1",-0.0365872515755962,1.47394559787119e-12,3.14808087747722e-12
"FFAR2",-0.0366340224570752,1.38071895905675e-12,2.95289761376938e-12
"NXPE3",-0.0367157270075161,1.23154593737631e-12,2.63650274748295e-12
"YTHDF3",-0.0367609994566781,1.15582200350302e-12,2.47852739788617e-12
"UIMC1",-0.0368498653399998,1.02023046708595e-12,2.1899627557121e-12
"SPATA13",-0.0369659549789533,8.66389806426596e-13,1.86410362107077e-12
"CREB5",-0.0369845969752959,8.43906353335081e-13,1.81755728868677e-12
"UBR4",-0.0370168208102761,8.06385205950369e-13,1.73791316136297e-12
"XRN1",-0.0370853681341213,7.31932304169452e-13,1.57957539978177e-12
"LINC01578",-0.0372191044432319,6.05580869259788e-13,1.30998208266042e-12
"STAT6",-0.0373609233897589,4.94978560787047e-13,1.07362489723113e-12
"WWP2",-0.0374059094770784,4.64233161988954e-13,1.00830059828068e-12
"CITED4",-0.0375615315034774,3.71657297851156e-13,8.10245743463478e-13
"AHR",-0.0375794358694611,3.62246878541078e-13,7.90536045142706e-13
"UBE2J1",-0.0376331243027996,3.35409337649853e-13,7.33465000123196e-13
"ADAR",-0.0378477865316832,2.46293171439959e-13,5.40984932543231e-13
"MYO9B",-0.0378485845986211,2.46009769242841e-13,5.40547492966462e-13
"CSF2RB",-0.0378919330769566,2.31088132151306e-13,5.08631717283972e-13
"PHIP",-0.0379143668250744,2.23718720446904e-13,4.9291871922642e-13
"PKN2",-0.0379406046183975,2.15392238458605e-13,4.75062427621316e-13
"CFLAR",-0.0379553772311869,2.1083894709688e-13,4.65499891456842e-13
"EXOC6",-0.037975197786077,2.04878004608733e-13,4.52494759920699e-13
"SLC2A6",-0.0379774102718331,2.04222970587752e-13,4.51203367524455e-13
"ADAM10",-0.0379808744721506,2.03201481213938e-13,4.49101172397047e-13
"PELI2",-0.0380447405672116,1.85243887930208e-13,4.09977504298107e-13
"CMIP",-0.0380547612767755,1.82571576480999e-13,4.04342159027301e-13
"DNAJC13",-0.0381082026795982,1.68946922930703e-13,3.74684914456753e-13
"RUNX1",-0.0381679754028455,1.54889741499754e-13,3.4362814020139e-13
"HDAC4",-0.0383785421944895,1.13935631696361e-13,2.53823268390226e-13
"MT-ND4",-0.0383953709168343,1.1116558299877e-13,2.47738235679093e-13
"LRRFIP2",-0.0384565750339094,1.01638114870167e-13,2.26663241225927e-13
"MAP3K2",-0.0385177020841302,9.29248491892977e-14,2.07375941703838e-13
"ARRDC3",-0.0386124065734436,8.08550498460356e-14,1.80880753072582e-13
"SNTB1",-0.0386175625345337,8.02441420539806e-14,1.79576705761542e-13
"ANO6",-0.0388627377643009,5.58848660680642e-14,1.25413536443757e-13
"OGA",-0.0389137426028993,5.18187378876945e-14,1.16451496422924e-13
"FMNL1",-0.0390341830795718,4.33362430806962e-14,9.76968853147388e-14
"RPL7",-0.0390896955479007,3.99015426703767e-14,9.00169823393589e-14
"TMEM131",-0.0390960836150879,3.95238972532759e-14,8.91963857815752e-14
"ZRANB1",-0.0392145631003733,3.31240383218152e-14,7.48323344622417e-14
"YPEL5",-0.03930691987442,2.88526129728314e-14,6.52974831864854e-14
"ARMH1",-0.0395511503831574,1.99972540345698e-14,4.5465053822041e-14
"C11orf21",-0.0395889958924194,1.88891757862481e-14,4.29762240583575e-14
"NLRC5",-0.0397617069065236,1.45525387881756e-14,3.32156132568248e-14
"ALDH1A1",-0.0398162973546377,1.33978591705717e-14,3.06345917456836e-14
"VPS13B",-0.0399042235294603,1.17248409539023e-14,2.68474588009412e-14
"RNF169",-0.0399398405561385,1.11072366974637e-14,2.54605325655331e-14
"ADAM17",-0.0399518031444228,1.09070740932082e-14,2.50374910132464e-14
"RB1CC1",-0.0399904552869887,1.02842872594693e-14,2.36332331865168e-14
"HIST1H1D",-0.0400055609053678,1.00505244349819e-14,2.31126038619511e-14
"NCOA4",-0.040069955579341,9.11129050281754e-15,2.09827853072783e-14
"PLCB2",-0.0401599984072503,7.94124136512341e-15,1.83079427231878e-14
"ARHGDIA",-0.0401977859836321,7.49547764973234e-15,1.72989153239866e-14
"TNFSF13B",-0.0402579619240822,6.8359376424205e-15,1.58108781232047e-14
"KDM4B",-0.0402986357966191,6.42284836011996e-15,1.48607988022105e-14
"MAP3K5",-0.0405043237796613,4.68193235967493e-15,1.08995928953826e-14
"MYO15B",-0.0405689611189171,4.23777059439219e-15,9.87991865320504e-15
"AHCTF1",-0.0407115796587816,3.39928868131582e-15,7.9510886545105e-15
"PLPPR2",-0.0408297499424757,2.8301186902836e-15,6.63913766612782e-15
"RAP1GAP2",-0.0408337721318501,2.81249590797776e-15,6.60020985573713e-15
"GMIP",-0.0408943915453639,2.55962215395372e-15,6.00897758498612e-15
"MAST3",-0.0409197352552065,2.46066335522376e-15,5.78089201285816e-15
"CYLD",-0.0409441825655257,2.36877828743951e-15,5.56706281766004e-15
"EPB41",-0.0410392549039152,2.04248402450582e-15,4.8160887545863e-15
"ATG2A",-0.0411156569727987,1.81270730867496e-15,4.28215393684041e-15
"RELL1",-0.0413829192022409,1.19200721071482e-15,2.83151361123521e-15
"SLC22A15",-0.0414143062803625,1.1345504291211e-15,2.69802652084543e-15
"PLAUR",-0.0415270261299739,9.49821264935646e-16,2.26208360646886e-15
"SLC12A6",-0.0415948105246953,8.53355300076795e-16,2.03839449191836e-15
"FBXW7",-0.041600702719544,8.4544102268715e-16,2.02024193726657e-15
"KIAA1958",-0.0416313146811095,8.05473019749318e-16,1.92760719683388e-15
"GNG2",-0.0417069897660641,7.14484471528525e-16,1.7111356361803e-15
"CCNY",-0.0419501483858024,4.85395655795162e-16,1.16903097882198e-15
"SRRM2",-0.0419882288419087,4.56789153261873e-16,1.10303319809115e-15
"SIK3",-0.041995163150105,4.51761849492112e-16,1.09130422678516e-15
"PLXNC1",-0.0422378394546071,3.06352113339031e-16,7.42279138664359e-16
"ZNF316",-0.0422643813194306,2.93571323059275e-16,7.11580509538463e-16
"STAT5B",-0.0422663260500463,2.92655811159631e-16,7.09629510355327e-16
"EMILIN2",-0.0423902989626275,2.39749968832703e-16,5.82885865869884e-16
"KIAA1109",-0.0426520818657182,1.57066174225049e-16,3.82878637472613e-16
"MANBA",-0.0427971173431758,1.24121102076152e-16,3.0314464823776e-16
"FOXO3",-0.0428427415893996,1.15242998162302e-16,2.81675838555936e-16
"CYB5R4",-0.0428944474337216,1.05936742931087e-16,2.59225836249372e-16
"P2RX1",-0.0428957766158637,1.05707550852096e-16,2.58763695637942e-16
"CYTH1",-0.0430343517681451,8.43113638249054e-17,2.06940210520502e-16
"KDM6A",-0.043079907026648,7.82581700469872e-17,1.9230349253982e-16
"SCAND1",-0.0431537149221458,6.93482253821939e-17,1.70998544985456e-16
"THEMIS2",-0.0432090992324057,6.332668595579e-17,1.56270775804749e-16
"RIN3",-0.0432195320013167,6.22515656505698e-17,1.53854408788157e-16
"SEMA4D",-0.0432788294461667,5.64741519097988e-17,1.39844908781655e-16
"UBR2",-0.0433012221871201,5.44328208740323e-17,1.34998445584767e-16
"GRINA",-0.0434721990000174,4.10689381678968e-17,1.02264427206927e-16
"MAN2A2",-0.0436727094587409,2.94735309217055e-17,7.36666047501607e-17
"TUBA1A",-0.0437684750264421,2.51413719675504e-17,6.29613749195174e-17
"USF1",-0.0438044713201434,2.36809344139149e-17,5.93271672001866e-17
"DNAJC5",-0.0438731769277592,2.11219418463158e-17,5.29575532965855e-17
"IGLC2",-0.0439440712646186,1.87675208234064e-17,4.71465989048456e-17
"TTC7A",-0.0439478508241203,1.86495458333566e-17,4.68685805197086e-17
"TCIRG1",-0.044097121641462,1.45319307259154e-17,3.66497120823401e-17
"C19orf38",-0.044205456231349,1.21189786584334e-17,3.06727286282087e-17
"SLC25A24",-0.044231406042344,1.16024290851055e-17,2.93769475177731e-17
"NKG7",-0.0442768277553765,1.07500603388384e-17,2.72510419336181e-17
"MGST1",-0.0443031184821848,1.0285252195147e-17,2.60933879335956e-17
"PFKFB3",-0.0444206016089848,8.43916333412237e-18,2.14608291524888e-17
"PTPN22",-0.0445513324525708,6.76759030683644e-18,1.72784955864157e-17
"ABHD5",-0.0446274066150039,5.95006546673574e-18,1.52033532594889e-17
"TLE3",-0.0447357978279438,4.9510355245906e-18,1.2711422139165e-17
"WDFY3",-0.0447701250840093,4.67063467189143e-18,1.20011181637387e-17
"NXF1",-0.0448350914699144,4.18219204135122e-18,1.07589992531313e-17
"SGMS2",-0.0449544934240569,3.41238941589725e-18,8.81396557664925e-18
"TBC1D10C",-0.0449663679315761,3.34395229305364e-18,8.64067576006128e-18
"IQSEC1",-0.0449864832192189,3.23109921753724e-18,8.35243053171593e-18
"NBPF14",-0.0450953649431726,2.68245259358117e-18,6.95659492336976e-18
"TNFAIP3",-0.0451581475032815,2.4090415104866e-18,6.25765600456762e-18
"GMFG",-0.04523828677349,2.09969830022046e-18,5.46739622330132e-18
"NUP58",-0.0452700619010027,1.9882098387473e-18,5.1812974514227e-18
"ATP2B1",-0.0453626782666469,1.69552936447419e-18,4.42575931752092e-18
"TRIB1",-0.0453692061027238,1.67658562577879e-18,4.3780925417162e-18
"SYTL1",-0.0453909632724574,1.61494308493442e-18,4.21884154435636e-18
"LPCAT1",-0.0455841608175097,1.15707673192559e-18,3.03383911403129e-18
"HERC5",-0.0456063363282199,1.11353483651934e-18,2.9208665213034e-18
"IRF2BP2",-0.045703370487496,9.41277965815987e-19,2.4750981265063e-18
"PJA2",-0.0457120847374081,9.27162546684755e-19,2.43998150103749e-18
"RARA",-0.045803176594857,7.91568315441805e-19,2.08570936832633e-18
"WLS",-0.0458494252476056,7.30421668001745e-19,1.92855367156346e-18
"UHRF1BP1L",-0.0458720977754423,7.02173981735508e-19,1.85473374508646e-18
"USP32",-0.0459010066241933,6.67716775023282e-19,1.76517133438376e-18
"RXRA",-0.0461015195351941,4.70599438810837e-19,1.24973758253739e-18
"LRCH4",-0.0462210551926448,3.81735884825193e-19,1.01543011485839e-18
"IFI44",-0.0463117864244492,3.25553081610975e-19,8.67420503162797e-19
"ZFAND5",-0.0464780085851404,2.43001106389615e-19,6.50436002751678e-19
"KLHL2",-0.0465326155755659,2.20690982384717e-19,5.92449097481315e-19
"ATP11B",-0.0466578883568068,1.76870635617625e-19,4.75409299590568e-19
"OAZ1",-0.0468268871672007,1.31090631163996e-19,3.5324548070063e-19
"KBTBD11",-0.0469709573207784,1.01463901761972e-19,2.74217520515927e-19
"MIDN",-0.0470235854800571,9.2381521518805e-20,2.49987280499643e-19
"SCPEP1",-0.0470896785665625,8.21060917037168e-20,2.22455353899507e-19
"USP7",-0.0470947629688557,8.13641324831421e-20,2.20545954377626e-19
"HOOK3",-0.0471863231815856,6.90823089554035e-20,1.87492425658997e-19
"CFP",-0.0471875975772477,6.89249949125871e-20,1.87144632822327e-19
"SDCBP",-0.0472249803091118,6.44646628572784e-20,1.75182243495255e-19
"CYP27A1",-0.0472897058475777,5.74065685347796e-20,1.56332998182999e-19
"ANKRD13A",-0.0473185153383697,5.4516051699074e-20,1.48713855315161e-19
"UBE2D1",-0.0475328879043904,3.70806168643665e-20,1.01583790692475e-19
"LYN",-0.0475396754349847,3.66298600110475e-20,1.0043469309012e-19
"SLC9A3R1",-0.0477260644580288,2.61626920453066e-20,7.20119400097328e-20
"SLCO3A1",-0.0477768214820362,2.38663009194285e-20,6.57476112919937e-20
"RILPL2",-0.0478702139989307,2.01495575401048e-20,5.56519850096051e-20
"USP25",-0.0480280012072341,1.51263182134353e-20,4.19405607853935e-20
"ACTN1",-0.0480771861518251,1.38303154899144e-20,3.8430188039537e-20
"SLC44A2",-0.0483374579814088,8.59661721784338e-21,2.39808243781231e-20
"QPCT",-0.0483521444825584,8.36839910104553e-21,2.33645120245031e-20
"DENND3",-0.0483709301572618,8.08519717790704e-21,2.26131757164131e-20
"GLTP",-0.0485713787832448,5.59493948028129e-21,1.57099044662953e-20
"ASAP1",-0.0487590050728316,3.95857886714544e-21,1.11346961909711e-20
"SLC38A10",-0.0490311582232526,2.39099886791228e-21,6.76992442035533e-21
"ELF1",-0.0491766609457239,1.82399581078553e-21,5.18969273702881e-21
"FAM126B",-0.0492164920607962,1.69349324396872e-21,4.82694475935286e-21
"ITPRIP",-0.0492593583330744,1.56335522859976e-21,4.46196047450891e-21
"TMEM71",-0.0492912984585383,1.47286777833976e-21,4.20557172489002e-21
"TNIP1",-0.0493352624348191,1.35673517968443e-21,3.87742223289768e-21
"SHOC2",-0.0493598842981127,1.29570252919174e-21,3.70464680360704e-21
"RHOU",-0.0494600318146552,1.0742300114411e-21,3.07690167562773e-21
"BCL2L11",-0.0495423765638291,9.20532528133444e-22,2.64020415757898e-21
"FBXO9",-0.0495970329156213,8.3074676169098e-22,2.38588685004894e-21
"ARHGAP4",-0.0496498899183953,7.52176007984326e-22,2.16410819158181e-21
"NTNG2",-0.0498337780640481,5.31927092157357e-22,1.53317350551734e-21
"LPGAT1",-0.0498530158282501,5.12954773489615e-22,1.47915407941994e-21
"ZBP1",-0.0498858674070477,4.82092331574002e-22,1.39140998622528e-21
"BCL3",-0.0502038407402565,2.63867875639022e-22,7.6570614658524e-22
"DENND4A",-0.0503561072319482,1.97454279603838e-22,5.75064302286984e-22
"SRSF5",-0.0504777511297706,1.56531116013614e-22,4.57125006983772e-22
"FNDC3B",-0.0505794462532996,1.28852289156231e-22,3.76807788161521e-22
"SLC36A4",-0.0507153036620356,9.92963550772871e-23,2.9103947655362e-22
"IQGAP2",-0.0507223991219921,9.79524072113025e-23,2.87362891937685e-22
"RNF144B",-0.050827905776316,7.99682663094493e-23,2.34817572833605e-22
"ZNF281",-0.0508466100716894,7.71402211858937e-23,2.26617060040611e-22
"JAK1",-0.0508658550576036,7.43337672343133e-23,2.18672833826389e-22
"MTF1",-0.0509429661769299,6.40674276068735e-23,1.88817921693018e-22
"SVIL",-0.050946409352505,6.36433153989432e-23,1.87654187316002e-22
"TBL1X",-0.050949754640945,6.3233922726008e-23,1.86532803774743e-22
"PPP2R5A",-0.0511162642574574,4.58373748329421e-23,1.35965139587682e-22
"NHSL2",-0.0511496433447315,4.29689591378812e-23,1.27515653019725e-22
"SP3",-0.0513761555655069,2.76839344910685e-23,8.28065844730517e-23
"PADI2",-0.0515098407207685,2.13380318658409e-23,6.40640208007651e-23
"MAPK1",-0.0515238979983573,2.07609685333881e-23,6.23606620366191e-23
"MAP3K3",-0.0515534179142209,1.95989732209543e-23,5.88978979792237e-23
"JAK2",-0.0515871795388526,1.83487892308987e-23,5.52184951714099e-23
"SYNE1",-0.0516009053147026,1.7863406286421e-23,5.37830195840813e-23
"ARHGAP9",-0.0517384518910651,1.36495782410545e-23,4.11733399128377e-23
"TCP11L2",-0.0518007782345599,1.20801507489843e-23,3.64735280966979e-23
"IFITM2",-0.051888998121599,1.01596655008474e-23,3.07473650252061e-23
"ASGR1",-0.0519323289284916,9.33041160595204e-24,2.82777141538915e-23
"ABCA7",-0.0520429570452046,7.50502961155774e-24,2.28534741280278e-23
"CCL5",-0.0521045888362364,6.6464947378483e-24,2.02680181739709e-23
"GSR",-0.0522070196738884,5.42963592641847e-24,1.66125627581788e-23
"NLRP1",-0.0523363393896133,4.20389396977241e-24,1.29053510574449e-23
"SOS2",-0.0523896576843896,3.78232303651376e-24,1.16446183312247e-23
"MICU1",-0.0526908557349563,2.07797130309089e-24,6.44070718871069e-24
"CTDSP1",-0.0527217960964053,1.95359991328116e-24,6.06400437523558e-24
"MSL1",-0.0528205974783972,1.60375892609503e-24,4.99500838341055e-24
"RNF213",-0.0528840717298205,1.41253877027462e-24,4.40157782908303e-24
"FES",-0.0529142706214012,1.32967131621827e-24,4.14738510688208e-24
"PHF20L1",-0.0530410022671969,1.0313297911604e-24,3.21995714845992e-24
"DDX3X",-0.0530745663246082,9.64115989081635e-25,3.01450691322991e-24
"KIF13A",-0.0530806937349638,9.52322693081168e-25,2.97908454354402e-24
"SLC16A6",-0.0530824365243733,9.48994567994036e-25,2.97012153573158e-24
"MDM2",-0.0531631469390124,8.06859805777356e-25,2.52897533652541e-24
"PLEK",-0.0533414121195377,5.63359824833027e-25,1.7726908465565e-24
"SIPA1L1",-0.0536799471495671,2.83850976694706e-25,8.97136880036076e-25
"GRK6",-0.0536841134130895,2.81459000652212e-25,8.90015252924885e-25
"USP48",-0.053710063245563,2.67003689795725e-25,8.45138467552724e-25
"PICALM",-0.0537563761041131,2.43009963799006e-25,7.69951569251567e-25
"IL1RN",-0.0538054949148674,2.19894948506467e-25,6.97402861896933e-25
"CSRNP1",-0.0541802605837118,1.02264687829537e-25,3.25622946458713e-25
"KIAA0232",-0.0546446608824235,3.93140868585302e-26,1.26435679841769e-25
"ZNF394",-0.0546754477919864,3.68893182740473e-26,1.18756581056843e-25
"TSC22D3",-0.0549271373376,2.18926512380063e-26,7.08337117211539e-26
"TNFRSF1B",-0.0552255805211837,1.17562480768723e-26,3.82107840229041e-26
"VCL",-0.0552257505442489,1.17520733510843e-26,3.82107840229041e-26
"CD300LF",-0.0553469934256701,9.12012643585676e-27,2.97179945213088e-26
"ARHGAP45",-0.0553764999046541,8.57366917256933e-27,2.79799905448651e-26
"R3HDM4",-0.0558500263149051,3.16658165701731e-27,1.04510225881806e-26
"STAT2",-0.0560368916344305,2.13246698276863e-27,7.07075357180545e-27
"ARHGAP30",-0.056067335781011,1.99918855939815e-27,6.63912722417107e-27
"TRIP12",-0.0560692592643275,1.99105101163445e-27,6.61552733850161e-27
"FYB1",-0.056259747793319,1.32849532777957e-27,4.42785767430324e-27
"RAB3D",-0.0563033192867883,1.21082997962879e-27,4.03987787275004e-27
"RAB31",-0.0563275846099826,1.14984489815412e-27,3.84239836799835e-27
"OSBPL8",-0.0563485460877253,1.09962220481466e-27,3.67840253706511e-27
"TRABD",-0.0563535121589065,1.08804616663745e-27,3.64157757180274e-27
"TNFAIP2",-0.0564717258176669,8.45513006105067e-28,2.83427975296244e-27
"ADAM8",-0.0565119572978906,7.7587772262904e-28,2.60493535760749e-27
"CLEC7A",-0.0565283971277402,7.49087814575651e-28,2.51762567748422e-27
"APOBR",-0.056787548035491,4.2992300088051e-28,1.45101839750097e-27
"TLN1",-0.0568754328092182,3.55930425197977e-28,1.20445654434083e-27
"CREBBP",-0.0569179064958251,3.24846413622778e-28,1.1000282658261e-27
"RAF1",-0.0570117433541796,2.65395588256741e-28,8.9998842191081e-28
"HIPK1",-0.057135377695085,2.0324274755096e-28,6.91046883034955e-28
"FAM160A2",-0.0571609629000035,1.92310845662111e-28,6.54571026932683e-28
"CAMKK2",-0.0574435309639693,1.04258151969218e-28,3.56567325711354e-28
"BCLAF1",-0.0578483540168128,4.31430851903724e-29,1.48262471655827e-28
"RASSF3",-0.0579137894575261,3.73870035881107e-29,1.28826538679548e-28
"FURIN",-0.057943085793159,3.50634400390306e-29,1.2088502487395e-28
"LPAR2",-0.0581127914956405,2.41634353481574e-29,8.3575526250015e-29
"FRY",-0.0581829675333373,2.07089374948743e-29,7.17045563772872e-29
"HSH2D",-0.0581946718577473,2.01825140678872e-29,6.99195519760065e-29
"TREM1",-0.0582348297412278,1.84752633554429e-29,6.41088640824887e-29
"C4orf48",-0.0582887119275336,1.64076538252941e-29,5.69959431202419e-29
"SELPLG",-0.0583590983481423,1.40489230296932e-29,4.89613743392242e-29
"TLR8",-0.0584498848567608,1.14970102630452e-29,4.01550450994547e-29
"CHD1",-0.0587459973124224,5.96623439299036e-30,2.09291196639837e-29
"LTA4H",-0.0587646713334495,5.72382696674608e-30,2.01007519532802e-29
"ZNF516",-0.0587719169207827,5.6324266161489e-30,1.97906074311125e-29
"SH3BGRL3",-0.0589609213508482,3.6985480218652e-30,1.30455657549682e-29
"CERT1",-0.0593354758296574,1.60074446235572e-30,5.70893633711746e-30
"WDR26",-0.0593562192268234,1.5279616135002e-30,5.45239249845234e-30
"GNB2",-0.0597985879961654,5.64233718017441e-31,2.02808041165261e-30
"STX11",-0.0600079909729252,3.51190638777088e-31,1.26871573107759e-30
"MIR22HG",-0.0600321411691973,3.32467278028754e-31,1.20175214413098e-30
"STK38",-0.0600461317839511,3.22077422036578e-31,1.16550972351195e-30
"SULT1B1",-0.060067791749023,3.06624418285013e-31,1.11021572670239e-30
"SULT1A1",-0.0601625529545521,2.47227169790452e-31,8.96163571398611e-31
"MBOAT7",-0.0601977858439791,2.2818704605366e-31,8.27613390322374e-31
"KDM7A",-0.0602549593620395,2.00340344358862e-31,7.27026951021753e-31
"HK3",-0.06036638354312,1.55403120422617e-31,5.65230397183398e-31
"PTBP3",-0.0606556442574722,8.01955239058982e-32,2.9251533904505e-31
"TMPO",-0.06128330268057,1.88813565531441e-32,6.97024071605136e-32
"HNRNPU",-0.0619482353936458,4.01425690610848e-33,1.49220581167972e-32
"DOCK8",-0.0620344186027278,3.28036668551976e-33,1.22294204847733e-32
"C9orf72",-0.0620507143900065,3.15739879182899e-33,1.17846833323879e-32
"PHC2",-0.0620715188726675,3.00704045900522e-33,1.12365588730212e-32
"CCPG1",-0.0621603889297563,2.44085605108933e-33,9.14750725688619e-33
"QSOX1",-0.0623075913535179,1.72661514905308e-33,6.48972630130322e-33
"OSCAR",-0.0623737810468026,1.47732757794733e-33,5.56578610693486e-33
"MTMR6",-0.0624810813220942,1.14695365333435e-33,4.33383665476629e-33
"FCAR",-0.0627046498204107,6.75915605848377e-34,2.56304641082931e-33
"CSTA",-0.0628425314492216,4.87361617939157e-34,1.85463353540785e-33
"ATG16L2",-0.0629445941206898,3.82392874290359e-34,1.45864011976632e-33
"PXN",-0.0629781289362232,3.5306975560922e-34,1.34758807375893e-33
"S1PR3",-0.0630518187800539,2.96249239637223e-34,1.1313899532812e-33
"PTP4A2",-0.0631287959694177,2.46581117691064e-34,9.42827444044022e-34
"JAK3",-0.0636557444366943,6.9789731943189e-35,2.68931483572073e-34
"KMT2C",-0.0639575122818912,3.37154902614287e-35,1.30233946729276e-34
"MED13L",-0.0639713145058559,3.2609374420174e-35,1.26113168342276e-34
"MSL3",-0.0639827469563169,3.17205308881576e-35,1.22823733360543e-34
"HELZ",-0.0640926328062514,2.4314824663937e-35,9.43762341462916e-35
"CAPN2",-0.0641229035408259,2.25957963688197e-35,8.77570396503313e-35
"RALGAPA2",-0.0642065746117563,1.84472427184071e-35,7.19061417261845e-35
"DIAPH2",-0.064268897501623,1.58576258135441e-35,6.1887182007116e-35
"TMEM123",-0.0642814945613666,1.53798517777634e-35,6.00591168631346e-35
"FGD3",-0.0644072574095593,1.13284096329012e-35,4.43459891425832e-35
"PIM3",-0.0644478498851819,1.02625512130719e-35,4.01981248980889e-35
"PARP8",-0.0644624851505348,9.90322404148136e-36,3.88143466402837e-35
"LINC01001",-0.0647107847202917,5.40298108487631e-36,2.1293321032289e-35
"PTK2B",-0.0648606308499922,3.74405185132983e-36,1.48374531674689e-35
"JMJD1C",-0.0653846321059217,1.03139410719685e-36,4.14106670323842e-36
"SHKBP1",-0.065428526753147,9.25374704493269e-37,3.72472026601557e-36
"APAF1",-0.0656817074149203,4.94303122425144e-37,1.99965248012593e-36
"FGL2",-0.0657548773102612,4.1218831020542e-37,1.67062552007453e-36
"PRKCB",-0.0657567427966992,4.10282514413656e-37,1.66395234669913e-36
"FBN2",-0.0658522188902132,3.23592475349689e-37,1.31569665516071e-36
"TESC",-0.0662010373264312,1.35554918489703e-37,5.54315077775611e-37
"ADGRE5",-0.0663810487923726,8.63626827223204e-38,3.5451245831504e-37
"VSTM1",-0.0664411432803962,7.42756465135773e-38,3.05874549442306e-37
"LUCAT1",-0.0665049728501217,6.32750161176618e-38,2.61075564894481e-37
"CD14",-0.0665777869892599,5.26911766132123e-38,2.17826410535032e-37
"AGO4",-0.0666004891345589,4.97662867058331e-38,2.06000319680403e-37
"CDV3",-0.0667997610762927,3.01206135467807e-38,1.25489517218276e-37
"YWHAZ",-0.0669042063222171,2.31369224825647e-38,9.66448532865463e-38
"CARS2",-0.0670138357785174,1.75335224477242e-38,7.34302088933411e-38
"RBMS1",-0.0671913168737979,1.11808685072745e-38,4.70402966181464e-38
"ROCK1",-0.0673264864351351,7.93081766609458e-39,3.34763987800413e-38
"LINC00937",-0.067462478518223,5.60984630630459e-39,2.3726284707482e-38
"PECAM1",-0.0674758535938573,5.42182800624219e-39,2.2946206126682e-38
"H3F3B",-0.0675145367503815,4.91258232464666e-39,2.08047050791637e-38
"UBXN11",-0.0676944608459769,3.10276213690681e-39,1.31923935522824e-38
"VNN1",-0.0677241876705361,2.87558495261065e-39,1.22345842546087e-38
"HEBP2",-0.0678820862416112,1.91902573022669e-39,8.18648210447767e-39
"ARPC5",-0.0680223267899287,1.33886190623908e-39,5.71913314942075e-39
"AL034397.3",-0.068032599585397,1.30397918477438e-39,5.57383774118085e-39
"DGKD",-0.0682167640673148,8.11778625614509e-40,3.48386064343992e-39
"CD46",-0.0683321161491742,6.02879415508401e-40,2.59951231848246e-39
"EIF4E3",-0.0683449913176712,5.83170191315666e-40,2.51622054302711e-39
"PTGS2",-0.0683942618340473,5.13487711366749e-40,2.21854353948085e-39
"KLF10",-0.0684636092254945,4.29217877443324e-40,1.85695340639e-39
"TUBA4A",-0.0685690873401651,3.26672588287964e-40,1.41521358977419e-39
"SAMSN1",-0.0688965923612487,1.39576318664283e-40,6.09613111334266e-40
"ZNF106",-0.068977234563467,1.13137988181409e-40,4.95152341181391e-40
"SULF2",-0.0690402159260527,9.60074223951292e-41,4.21041436833321e-40
"PNPLA2",-0.0691193168157826,7.81015331600293e-41,3.43454034787353e-40
"ACSL4",-0.0692709986459811,5.2537736371431e-41,2.3215021801591e-40
"SF3B1",-0.0693628888967001,4.13023521992073e-41,1.82629835775406e-40
"MTMR3",-0.069557262343621,2.48015920390753e-41,1.0981850553672e-40
"FOLR3",-0.0696099777628412,2.15924437110974e-41,9.57409252594341e-41
"KIAA0319L",-0.0696134901168359,2.13939323571368e-41,9.4926327803174e-41
"SOCS3",-0.0698320932530142,1.20293900528353e-41,5.35976156798552e-41
"PHF21A",-0.0703171629509419,3.33122491774379e-42,1.49671842242606e-41
"SETX",-0.070748104535248,1.05670643684622e-42,4.7812612826554e-42
"MAP2K6",-0.0709215275680848,6.64391886440151e-43,3.01679995994339e-42
"EVI2B",-0.0710591098426511,4.59402054788673e-43,2.09192589320378e-42
"DDX60L",-0.0712552669278886,2.7114844069658e-43,1.24086190835182e-42
"COTL1",-0.0712945605162674,2.4392790668312e-43,1.11788674948493e-42
"PLEC",-0.0719556260453593,4.07836226628581e-44,1.89066273847469e-43
"H1FX",-0.0721200298593746,2.60730579269057e-44,1.21045397727227e-43
"BIN2",-0.0729297439593918,2.83655655956569e-45,1.33426296819454e-44
"PIM1",-0.0730166239321161,2.23245097502579e-45,1.05241774105551e-44
"VPS13C",-0.0734554242722313,6.6308965216038e-46,3.15373106616827e-45
"DIAPH1",-0.07412088095716,1.03753925502511e-46,4.99388736702258e-46
"EREG",-0.0741554613636952,9.41769056566146e-47,4.53632902922552e-46
"AREG",-0.0743479021671071,5.48933688495492e-47,2.65808192104685e-46
"ASGR2",-0.0743952499496703,4.80561769315586e-47,2.33405322628978e-46
"ADD3",-0.0746207508075792,2.54742991449115e-47,1.24480657512378e-46
"KLF6",-0.0753438732778721,3.28500838463046e-48,1.62753774484857e-47
"GGA3",-0.0755974234576547,1.59437393987751e-48,7.97311239146852e-48
"HIST1H1E",-0.0759252315867032,6.23922359927473e-49,3.15700777704627e-48
"NLRP3",-0.0759559726190028,5.71254133514089e-49,2.89507624062116e-48
"TET2",-0.0760114773356033,4.87118875102595e-49,2.47454845816172e-48
"CEBPD",-0.0761756269629352,3.03880565682868e-49,1.54615202967588e-48
"FPR2",-0.0762572156313753,2.40258592295906e-49,1.22547289536043e-48
"LIN7A",-0.0765845944060326,9.336862801508e-50,4.79626194831668e-49
"NRGN",-0.0766068075153276,8.75559345405397e-50,4.50488272664076e-49
"NIN",-0.076741718992952,5.92334280904288e-50,3.05499738447099e-49
"HIPK3",-0.0770718485290113,2.26986741576468e-50,1.17637070594072e-49
"CLEC4E",-0.0772194829541357,1.47615153225495e-50,7.65641732493758e-50
"LILRB3",-0.0772348708141372,1.4113443196085e-50,7.32620158139819e-50
"ABTB1",-0.0778031579783973,2.67193527733323e-51,1.398298265854e-50
"GLT1D1",-0.077878505223806,2.14087939279492e-51,1.12129650483038e-50
"ECE1",-0.0783167787869668,5.87454694180326e-52,3.1047028977438e-51
"XRN2",-0.0784748567934352,3.67817034262414e-52,1.94712383814162e-51
"TMEM154",-0.07849393644102,3.4758500197865e-52,1.8415403573039e-51
"FAR1",-0.0786446924806955,2.22180636471167e-52,1.18103642385999e-51
"MAPK14",-0.079425516301032,2.15811799417383e-53,1.16357017232095e-52
"LTB4R",-0.0794302914843548,2.12741129218862e-53,1.14797904547369e-52
"AGTRAP",-0.0797896024977703,7.21881720576507e-54,3.91181851285377e-53
"NBPF19",-0.0798218835544693,6.54924969467123e-54,3.55198529509811e-53
"SPTLC2",-0.0800550541388381,3.23837216991101e-54,1.76228972367677e-53
"SYK",-0.0807076915372999,4.46122733237306e-55,2.45904077014652e-54
"NFAM1",-0.0808426150747457,2.95532305254001e-55,1.63459937112903e-54
"GLIPR2",-0.0809380352327222,2.20769177508797e-55,1.22424809239104e-54
"RIOK3",-0.0812126956798427,9.51697785086875e-56,5.2958308665372e-55
"ACTR2",-0.0812926592438585,7.44513468296734e-56,4.16097422699638e-55
"FYN",-0.0816803721638916,2.25623982334755e-56,1.26760373963204e-55
"TMEM91",-0.0818744128317854,1.23869347538602e-56,7.00216505557417e-56
"SMARCD3",-0.0820965556276766,6.223915685957e-57,3.53699229770594e-56
"RNF24",-0.0821170124580218,5.84113751086168e-57,3.32240587497239e-56
"MEFV",-0.0821390517844993,5.45495237049398e-57,3.108257052317e-56
"SLC24A4",-0.0823261004072001,3.05033970146156e-57,1.74585009139852e-56
"PTPRE",-0.0825744051100508,1.40715286636494e-57,8.08262559587957e-57
"RASSF2",-0.0831883744968575,2.05657436625047e-58,1.19954373944209e-57
"TLR2",-0.0837689058735887,3.29387487807377e-59,1.94778813066556e-58
"CD44",-0.0840065207684984,1.55068635060615e-59,9.22931690676164e-59
"CCND3",-0.0840889681057308,1.19338427614825e-59,7.122561410016e-59
"PSTPIP1",-0.0841375334303808,1.02265094170269e-59,6.11493797014394e-59
"GASK1B",-0.0842886230655336,6.32226347509684e-60,3.79454092200386e-59
"BNIP2",-0.0844927693941815,3.29668076794936e-60,1.98979339672277e-59
"PELI1",-0.0849151222950921,8.52749220747313e-61,5.20079752881631e-60
"NADK",-0.0851128194928654,4.51775055930804e-61,2.76056072271623e-60
"TOM1",-0.0857956543475958,4.97749403319819e-62,3.09753653899123e-61
"RRP12",-0.0863005722133158,9.63227329467031e-63,6.09474018329435e-62
"MPP7",-0.0867425229135567,2.26953158519672e-63,1.45322501503215e-62
"EHD1",-0.0868398117653787,1.64931233709218e-63,1.06031943434704e-62
"CPD",-0.0871990715736867,5.05838887238201e-64,3.26505261621761e-63
"SMAP2",-0.087551166827846,1.58082707965085e-64,1.02657758532792e-63
"GRK2",-0.0876223180704899,1.24899019128533e-64,8.13555438303219e-64
"MYH9",-0.0880636320621451,2.88413462670544e-65,1.89790848871201e-64
"NACC2",-0.0884674545946566,7.49414786476391e-66,4.9671955268931e-65
"MT-CYB",-0.0886287675757127,4.36679515845996e-66,2.91240724913504e-65
"VSIR",-0.088790477502061,2.5385948088646e-66,1.69662753059118e-65
"MSRB1",-0.08899860618995,1.26114785289659e-66,8.44626787493166e-66
"FOS",-0.0890161654106015,1.18877624529517e-66,7.97823053327806e-66
"CLEC12A",-0.0896605717946848,1.34787991759679e-67,9.20979504930887e-67
"PER1",-0.0897481117058022,1.00157793586906e-67,6.88021845453522e-67
"FLOT2",-0.0897841979536737,8.8610340251006e-68,6.10004230740831e-67
"LMNB1",-0.0904975128987492,7.78830770584585e-69,5.44333139876982e-68
"USP3",-0.0905387235640235,6.76353986934048e-69,4.73743141939831e-68
"FOSL2",-0.0906839192145476,4.11228403307655e-69,2.88985918468994e-68
"TLR4",-0.0907610657966326,3.15591668791055e-69,2.22509466699276e-68
"BACH1",-0.0911909968651199,7.18899729444973e-70,5.10792986059684e-69
"ATP2A3",-0.0916829890700702,1.31131605497378e-70,9.47455383863942e-70
"NLRP12",-0.0920401427531853,3.79099579645332e-71,2.75771304195516e-70
"ACTB",-0.0922147690416476,2.06284566479113e-71,1.50571305862342e-70
"PABPC1",-0.0922214572407501,2.01527572267648e-71,1.47266617729981e-70
"LBR",-0.0926913312752315,3.89619625860981e-72,2.87003389153164e-71
"NEAT1",-0.0930498474690294,1.105661524494e-72,8.18215033581717e-72
"CCNL1",-0.0930928985190885,9.50149464782216e-73,7.03944453353661e-72
"G0S2",-0.093346953531857,3.87867941573125e-73,2.90042041157712e-72
"PCNX1",-0.0933886098700991,3.34796653852773e-73,2.50941043355069e-72
"ARHGAP26",-0.0938836723112017,5.79593954261547e-74,4.4007985923575e-73
"LILRA5",-0.0941585691655098,2.17988521402929e-74,1.66303728100023e-73
"EHBP1L1",-0.0948958781386502,1.56010563000128e-75,1.21035522637101e-74
"PSAP",-0.0952705875173884,4.05175631012324e-76,3.18189332750927e-75
"BST1",-0.0953163266166427,3.43567960290204e-76,2.70138729561513e-75
"IGF2R",-0.0965555215797847,3.82027373042525e-78,3.04861644955328e-77
"FLNA",-0.097325650329632,2.26411960318664e-79,1.82954551310397e-78
"ULK1",-0.097538702180047,1.03194799049422e-79,8.38098519874798e-79
"ZDHHC20",-0.0984626539757757,3.3498509281081e-81,2.74841989191069e-80
"PYGL",-0.0985901366526428,2.08215695536627e-81,1.71270756738846e-80
"RETN",-0.0985909783994263,2.07562550763573e-81,1.70952673388843e-80
"HLX",-0.100018523323811,9.68509084507685e-84,8.30742551631191e-83
"BCL2A1",-0.100338164449651,2.88071688877292e-84,2.48423112343643e-83
"NAIP",-0.100718647073615,6.76766102835943e-85,5.85192899702886e-84
"METTL9",-0.100731082937666,6.45412336371261e-85,5.58834757106344e-84
"GAS7",-0.101033987625057,2.02883052442864e-85,1.76861095716497e-84
"MAP2K3",-0.101216578320527,1.0081932194574e-85,8.81276252866307e-85
"CLEC4D",-0.101525170633201,3.08317425227627e-86,2.71725906629184e-85
"CCDC69",-0.102080117954216,3.62808538821923e-87,3.23302720150203e-86
"ANPEP",-0.102913578290331,1.42654453547722e-88,1.29641781014474e-87
"ANXA1",-0.103238762839754,4.00686542808134e-89,3.66733931334805e-88
"RTN3",-0.103590658012584,1.00932958889386e-89,9.29104539790964e-89
"MYO1G",-0.103598084296258,9.80334748392632e-90,9.03710883001024e-89
"IVNS1ABP",-0.104079852691601,1.47297553379826e-90,1.38166827848678e-89
"AKAP13",-0.104559474203439,2.21221088724792e-91,2.09963684209803e-90
"FGR",-0.105258908785017,1.3715127436108e-92,1.32126512958061e-91
"UPP1",-0.105734375323485,2.04924053340915e-93,1.99816523743968e-92
"VIM",-0.105818613969611,1.46192402841289e-93,1.43201596432016e-92
"THBS1",-0.106081128569469,5.09444987863684e-94,5.00551154997457e-93
"MAP3K1",-0.106178161655783,3.44808935100674e-94,3.39830127128406e-93
"IL1R2",-0.106259032755278,2.48985747501953e-94,2.46907659346605e-93
"CDA",-0.106626402931228,5.65514251480597e-95,5.6340674495334e-94
"SCO2",-0.106628732986113,5.60213349728446e-95,5.58993600599955e-94
"TPM3",-0.106660279301821,4.93138772505527e-95,4.93600368860447e-94
"CES1",-0.107856357823679,3.80856777892692e-97,3.89725213231182e-96
"CTSD",-0.108774554973612,8.76983788145838e-99,9.07536771732854e-98
"BCL6",-0.108846019417536,6.5302264027763e-99,6.77960074437099e-98
"SOD2",-0.109602321617109,2.84700510739691e-100,2.99940636601947e-99
"ANXA6",-0.109679756598045,2.06321933053293e-100,2.18082623141669e-99
"NBEAL2",-0.110092530518568,3.69318485583614e-101,3.93612525499081e-100
"NFIL3",-0.110106123740162,3.48937660770122e-101,3.72509822213162e-100
"F5",-0.110153458617413,2.86335515378178e-101,3.06188111111065e-100
"AQP9",-0.110826655906182,1.70418610074194e-102,1.84385464120747e-101
"PRAM1",-0.11234532303666,2.74940904668823e-105,3.07320704591493e-104
"MTRNR2L8",-0.112361648063386,2.56455926918173e-105,2.87159027418324e-104
"CSGALNACT2",-0.112593480283395,9.53409320672066e-106,1.07505697740457e-104
"GPCPD1",-0.113637217610576,1.07983631070885e-107,1.24062513206569e-106
"AP5B1",-0.11390618860338,3.38002941385613e-108,3.90743580527945e-107
"CD36",-0.114281181461007,6.66210321890413e-109,7.72948539828009e-108
"CAST",-0.114445216008263,3.26843751399697e-109,3.8266961842709e-108
"IL17RA",-0.114962253630367,3.43991541954686e-110,4.05707671540674e-109
"CRISPLD2",-0.115538298565144,2.76601635649062e-111,3.31715157817641e-110
"RFLNB",-0.115571897941978,2.38688256558487e-111,2.86783493273268e-110
"ACAP2",-0.116658946276328,1.97778492746235e-113,2.43559848264845e-112
"PLCG2",-0.116676717318968,1.82802676604693e-113,2.25550379441483e-112
"CXCL8",-0.116837230954559,8.97154644523995e-114,1.10908366074489e-112
"RAB11FIP1",-0.117270236853167,1.30863836674462e-114,1.63669079162446e-113
"CYBB",-0.119276825221837,1.58904959622244e-118,2.05551254221032e-117
"MCEMP1",-0.119582703733384,3.96516807662295e-119,5.1919425264516e-118
"C5AR1",-0.120022102436552,5.36353820422812e-120,7.12473315079247e-119
"STEAP4",-0.120468820278279,6.96336266841377e-121,9.32712627986278e-120
"NFE2",-0.120628875254934,3.34444812865403e-121,4.50797882215215e-120
"ITGAM",-0.1211895985716,2.54164336251532e-122,3.46224709424592e-121
"MAP4K4",-0.122003689095855,5.89792910475374e-124,8.20848441130151e-123
"MARC1",-0.122011094451419,5.69876272476873e-124,7.94853513959048e-123
"AGFG1",-0.122845528848959,1.17154064641912e-125,1.67035661942779e-124
"TYMP",-0.123922485434058,7.48088179940818e-128,1.09084858238643e-126
"DPYD",-0.124478682488605,5.4041879996408e-129,7.93438677475867e-128
"APLP2",-0.125648449302263,2.0673687783214e-131,3.11367091119956e-130
"GNLY",-0.125767694573447,1.16867160074178e-131,1.76428164479042e-130
"CCDC88B",-0.126264945142191,1.07665273973425e-132,1.65258468376435e-131
"DYSF",-0.12677548164025,9.21324896551388e-134,1.44176110640822e-132
"JAML",-0.127096655370717,1.95201705898102e-134,3.09238060504253e-133
"ICAM3",-0.127321977551367,6.55593965488069e-135,1.04634101556504e-133
"GCA",-0.128439374267739,2.84443359485911e-137,4.58539847854675e-136
"FPR1",-0.129474233190267,1.76563903138132e-139,2.91967526426354e-138
"CD93",-0.130113490127315,7.48865894077109e-141,1.25449701733648e-139
"LRRFIP1",-0.130199266969408,4.89450702898917e-141,8.22072175340171e-140
"STXBP2",-0.131092765896972,5.73266746986296e-143,9.8082118631042e-142
"MXD1",-0.133137320640258,1.93922382759804e-147,3.40878358297782e-146
"TALDO1",-0.133806751360713,6.43110083723973e-149,1.13669264384932e-147
"TMEM170B",-0.134552487201334,1.41673838869129e-150,2.54616064477404e-149
"HIF1A",-0.134816133575768,3.65762928294384e-151,6.61052098010357e-150
"MT-ATP6",-0.135203494865389,4.97727298314658e-152,9.0722112101899e-151
"MPEG1",-0.136111110838638,4.54288892866196e-154,8.44845662791163e-153
"SLC25A37",-0.137509011385592,3.07777758730929e-157,5.80794735299307e-156
"DUSP1",-0.139842170463783,1.33087913702595e-162,2.56424040335091e-161
"SRGN",-0.140274884787855,1.31525586158658e-163,2.54945063683973e-162
"MYO1F",-0.140518518513183,3.56179750945632e-164,6.92499782444598e-163
"TKT",-0.140730615780095,1.14007716149654e-164,2.22332372892456e-163
"CR1",-0.140846368730998,6.11792277823531e-165,1.20038509312409e-163
"CD55",-0.140973221943488,3.09090176105691e-165,6.1019155996742e-164
"RAB27A",-0.144133674480744,1.03044503188502e-172,2.16765092608993e-171
"RNF149",-0.144843749283722,2.03895483575612e-174,4.33176630006995e-173
"NCF2",-0.144863020139218,1.83253141879421e-174,3.90615334982845e-173
"IQGAP1",-0.144968990851686,1.01864649850753e-174,2.18583141619542e-173
"RBP7",-0.14509282948926,5.12565007178189e-175,1.10356278055546e-173
"EMB",-0.146019934593662,2.93986440519669e-177,6.45964726840478e-176
"TSPO",-0.14649859191485,2.01967096569479e-178,4.49937809579783e-177
"CDKN2D",-0.147158199829849,4.96664062114986e-180,1.12204106427104e-178
"SERPINB1",-0.151521497416217,7.26413658694641e-191,1.7198044406586e-189
"MT-CO1",-0.151790738072913,1.51978900479393e-191,3.61146898324365e-190
"VNN2",-0.152217592862732,1.26495966908093e-192,3.05112076572303e-191
"PADI4",-0.152491564227514,2.55511763305739e-193,6.20971012640007e-192
"FBXL5",-0.15273418584102,6.18220581372648e-194,1.50817614071746e-192
"AGTPBP1",-0.153086693952894,7.83312541478186e-195,1.92556830119695e-193
"CKAP4",-0.154415259860997,3.11176363221851e-198,7.76851185381867e-197
"MCL1",-0.155826280995117,7.03586198841924e-202,1.79135279832134e-200
"ACSL1",-0.157223115896692,1.59976497625914e-205,4.15550286950553e-204
"LYST",-0.158085462124286,8.6664647514621e-208,2.28823201009798e-206
"AHNAK",-0.160061241006357,4.97176765863965e-213,1.38090308648623e-211
"IRS2",-0.160417995832024,5.53129531021145e-214,1.56338285067474e-212
"PLBD1",-0.160612165311638,1.67044278790918e-214,4.78462541393986e-213
"HMGB2",-0.161192185401981,4.62991025059221e-216,1.35641571542464e-214
"PGD",-0.167623925466587,1.00239128330674e-233,3.23183038879198e-232
"IRAK3",-0.167952569078634,1.19909760691037e-234,3.90528438880047e-233
"DAZAP2",-0.169357120401508,1.30658582946189e-238,4.29900240093718e-237
"CYP1B1",-0.1720671982738,2.35187742491134e-246,8.0264072118251e-245
"AC020656.1",-0.172886501934898,1.01022634595366e-248,3.50357418142633e-247
"USP15",-0.173454505343803,2.27218022440394e-250,8.01005951636027e-249
"CDC42EP3",-0.187952345569255,2.20355571803187e-294,9.18052823824187e-293
"PTPRC",-0.19048253044186,1.88233338537507e-302,8.05136733371097e-301
"DMXL2",-0.196725250338103,7.90505033345994e-323,3.67584840505887e-321
"MNDA",-0.19956525588684,0,0
"MT-ND3",-0.213494134031674,0,0
"MEGF9",-0.213789290245465,0,0
"SELL",-0.215244735479231,0,0
"CSF3R",-0.219380859175852,0,0
"SLC11A1",-0.221062526181478,0,0
"MTRNR2L12",-0.221135548141358,0,0
"SMCHD1",-0.223329522805796,0,0
"RIPOR2",-0.223560327226353,0,0
"STK17B",-0.22607071599415,0,0
"SLC2A3",-0.229237799362743,0,0
"S100A6",-0.232881980681363,0,0
"MT-ND2",-0.236064807742412,0,0
"FCN1",-0.238614701012736,0,0
"S100A4",-0.244249747115761,0,0
"RGS2",-0.247742909888314,0,0
"NAMPT",-0.249551934232498,0,0
"LCP1",-0.256019448677525,0,0
"LRRK2",-0.257411021255566,0,0
"LYZ",-0.271875701858572,0,0
"NCF1",-0.278302910441024,0,0
"S100A12",-0.291093601693737,0,0
"CTSS",-0.295052774585726,0,0
"MT-CO3",-0.305503117062067,0,0
"MT-CO2",-0.372493800234904,0,0
"MT-ND1",-0.377498288778973,0,0
"VCAN",-0.387336722603553,0,0
"S100A9",-0.406954485992171,0,0
"S100A8",-0.439804918116292,0,0
