"gene","cor","pval","FDR"
"CCR7",0.580038031837743,0,0
"RPS12",0.564336309650127,0,0
"RPL32",0.555231480704675,0,0
"RPL13",0.536495877395961,0,0
"RPS3A",0.532922890656771,0,0
"RPS8",0.516434525495315,0,0
"RPS13",0.514049169398267,0,0
"RPS23",0.513261036845379,0,0
"RPL11",0.501359772331407,0,0
"RPL30",0.497354871972901,0,0
"RPS5",0.494223522386793,0,0
"RPL9",0.484020735432319,0,0
"RPS28",0.478935798826491,0,0
"RPS25",0.47502630719168,0,0
"RPL34",0.474034208834612,0,0
"RPL18",0.473936369772229,0,0
"LEF1",0.469940748313088,0,0
"RPL19",0.46400198040272,0,0
"RPL12",0.459550377543966,0,0
"RPLP1",0.459506248444046,0,0
"RPL18A",0.4580888008659,0,0
"RPL35A",0.457540523978026,0,0
"RPS18",0.457296063983552,0,0
"RPL21",0.457051953787244,0,0
"EEF1A1",0.451330389327511,0,0
"RPL37",0.443853784429917,0,0
"RPS6",0.441343267026404,0,0
"RPL10",0.439888647566909,0,0
"RPL28",0.436766036200226,0,0
"RPS27A",0.433944603236987,0,0
"RPL22",0.431907069423876,0,0
"RPS9",0.431403750283693,0,0
"RPS4X",0.431397615332061,0,0
"RPS21",0.430339030245126,0,0
"RPS15",0.424266290369956,0,0
"RPS16",0.421508909927966,0,0
"RPL29",0.420483448786711,0,0
"RPS14",0.418890796289665,0,0
"TPT1",0.418434376256922,0,0
"RPL36",0.415493861410653,0,0
"RPLP2",0.411729033071445,0,0
"RPL39",0.41063416560821,0,0
"EEF1B2",0.409315810603247,0,0
"LDHB",0.405995385061249,0,0
"RPS2",0.400745596519097,0,0
"RPS3",0.400045293382882,0,0
"RPL5",0.399331197590751,0,0
"RPSA",0.398681160663562,0,0
"EEF1G",0.392710780483971,0,0
"ACTN1",0.392243740813963,0,0
"TRABD2A",0.389198685723132,0,0
"RPL26",0.38698716461409,0,0
"SELL",0.386926554738156,0,0
"MAL",0.384827423532102,0,0
"AIF1",0.383436390810049,0,0
"SNHG29",0.382196848875777,0,0
"LRRN3",0.381129701823076,0,0
"RPL10A",0.379433596978654,0,0
"RPS15A",0.375254037194969,0,0
"PRKCQ-AS1",0.374639464845532,0,0
"RPL3",0.372091127186567,0,0
"GAS5",0.370774706037011,0,0
"RPL14",0.369942476063779,0,0
"RPL23",0.369391598465885,0,0
"RPL24",0.365690970627764,0,0
"RPL8",0.36480660430375,0,0
"RPL38",0.35732417010309,0,0
"RPL37A",0.355356920809505,0,0
"NOSIP",0.354008140116244,0,0
"RPS27",0.353778390178586,0,0
"RPL36A",0.346150512643073,0,0
"RPL7A",0.339050746287,0,0
"RPS10",0.334824360626147,0,0
"RPL27",0.334211884809308,0,0
"RPL15",0.334043263577861,0,0
"RPL41",0.331795498469518,0,0
"RPS24",0.329674274440089,0,0
"EIF3E",0.328020908451109,0,0
"RACK1",0.327884127134922,0,0
"NACA",0.326747808732835,0,0
"RPL7",0.320764639444043,0,0
"RCAN3",0.320187534181011,0,0
"TXK",0.312508644055017,0,0
"SNHG8",0.311844109403615,0,0
"CHRM3-AS2",0.306807822367297,0,0
"NPM1",0.305867670790608,0,0
"RPL23A",0.305619918403022,0,0
"ARMH1",0.303581981645782,0,0
"FAU",0.301544280211499,0,0
"RPS29",0.300904850065287,0,0
"FHIT",0.298961324749052,0,0
"RPS19",0.298548008258573,0,0
"NELL2",0.295677216507378,0,0
"MYC",0.29436418764986,0,0
"RPS11",0.292291005953104,0,0
"LTB",0.283168239539835,0,0
"RPLP0",0.282165906676609,0,0
"LINC02446",0.280148342990573,0,0
"OXNAD1",0.276800109084984,0,0
"RGS10",0.274626269268889,0,0
"UBA52",0.274079612448989,0,0
"IL6ST",0.266227498373126,0,0
"RPL17",0.264925278157226,0,0
"RPL31",0.264031540540355,0,0
"TCF7",0.262742510173033,0,0
"SARAF",0.262371028608129,0,0
"RPL35",0.257830437243656,0,0
"SNHG32",0.249204618498943,0,0
"RPL27A",0.245358075352819,0,0
"SERINC5",0.243395402865451,0,0
"BEX3",0.242513830958031,0,0
"PRKCA",0.238826379482888,0,0
"RPS7",0.237112157428354,0,0
"NDFIP1",0.232824027284409,0,0
"PDK1",0.229687390824488,0,0
"PIK3IP1",0.226596454546667,0,0
"CITED4",0.226329895286758,0,0
"RPL4",0.224977816252953,0,0
"SATB1",0.22439295846881,0,0
"RETREG1",0.224301631401278,0,0
"NUCB2",0.222718581406733,0,0
"ABLIM1",0.221296499283415,0,0
"RPS20",0.219957758720132,0,0
"NOP53",0.219836484673827,0,0
"BACH2",0.219362884434258,0,0
"BTF3",0.218462240599817,0,0
"PCED1B",0.215966094392829,0,0
"C12orf57",0.215121485395523,0,0
"RPL6",0.214993589763901,0,0
"COX7C",0.214909608275678,0,0
"SPINT2",0.212712034248158,0,0
"EIF3H",0.211344362559872,0,0
"MAML2",0.210850368622681,0,0
"FOXP1",0.210572666062191,0,0
"SH3YL1",0.210375101496927,0,0
"EPHX2",0.209699268739606,0,0
"TMIGD2",0.208868797321771,0,0
"ALKBH7",0.202781055209045,0,0
"ANP32B",0.202768525866573,0,0
"CD55",0.202003438230583,0,0
"RPL13A",0.200896841707233,0,0
"RPS17",0.198497637591161,0,0
"UXT",0.197057058035024,0,0
"TMSB10",0.193863831440364,1.55525936523074e-318,2.61227674771594e-317
"ZFAS1",0.192856794758072,3.40991099023042e-315,5.65964516442774e-314
"IMPDH2",0.190628605625222,7.21919339570558e-308,1.17731613226478e-306
"FAM153CP",0.189137560616747,5.12424104800594e-303,8.28443581536407e-302
"PASK",0.18900715868484,1.35503604970655e-302,2.17815250396955e-301
"LDLRAP1",0.188366065528537,1.59830769066363e-300,2.55456015516324e-299
"NSA2",0.188293493079921,2.73971035506186e-300,4.36641337837983e-299
"FAM117B",0.187257532903971,5.8628993684338e-297,9.21312757896741e-296
"EEF1D",0.185795971986849,2.71195960798918e-292,4.22613705578314e-291
"CD27",0.184913542677192,1.70209127701333e-289,2.63777128841016e-288
"UQCRB",0.182740883826444,1.14454309258585e-282,1.7260448251093e-281
"SNHG5",0.182682747754201,1.73837217624844e-282,2.61454903719939e-281
"SELENOH",0.177541197654647,1.12087536097478e-266,1.62904424224573e-265
"C1QBP",0.175667307271281,4.92148669891143e-261,7.07936932843413e-260
"PFDN5",0.173800764763152,1.77550461883348e-255,2.52806622123245e-254
"BEX2",0.173396286445399,2.78783413496967e-254,3.92958530079896e-253
"RSL1D1",0.173322535415898,4.60269839261926e-254,6.45528449564851e-253
"LINC01550",0.171556721504719,7.03341847958756e-249,9.69471195835042e-248
"ICA1L",0.171296983942635,4.02691125384648e-248,5.53700297403891e-247
"ST13",0.171164119233617,9.82077560512698e-248,1.34376954011615e-246
"ITGA6",0.17086629195609,7.22557693606003e-247,9.86264881053449e-246
"PPA1",0.170784578352439,1.24851388235024e-246,1.70003953397691e-245
"SNHG25",0.170258552439662,4.19314767206482e-245,5.66832733500811e-244
"APBA2",0.170175439718287,7.29822946193105e-245,9.84208348111375e-244
"LINC00861",0.169506899218157,6.23236223115459e-243,8.32465526589935e-242
"PDE3B",0.168323384366387,1.56372204643256e-239,2.07387250129709e-238
"TESPA1",0.167842776994637,3.69371260936243e-238,4.8757006443584e-237
"NCMAP-DT",0.167695476370854,9.7170512480796e-238,1.27366022200296e-236
"HNRNPA1",0.164126964508411,1.11003076352385e-227,1.41528922349291e-226
"RNF157",0.163574327945159,3.82424956572486e-226,4.8538552180354e-225
"LEPROTL1",0.162388608665586,7.28314851458187e-223,9.14059578675711e-222
"CHMP7",0.161962740255282,1.08185546730984e-221,1.35171696472343e-220
"COX4I1",0.161912602364575,1.48565947266206e-221,1.85212214258537e-220
"TMEM123",0.161273817237591,8.37542455201905e-220,1.03266223597422e-218
"BEX4",0.160268571783524,4.6124211441121e-217,5.61294633806267e-216
"SNHG7",0.15930217242363,1.91407363972176e-214,2.30428178515861e-213
"PLAC8",0.158254199948795,1.26528230903388e-211,1.50386308340679e-210
"CAMK4",0.158130967418802,2.70731287386049e-211,3.21099898992755e-210
"TOMM7",0.156625327985852,2.79855081538382e-207,3.25723445524963e-206
"HSPB1",0.155206538639136,1.55931180172862e-203,1.78161694657792e-202
"GIMAP1",0.154492547672669,1.16028939195948e-201,1.30970291527016e-200
"NAP1L1",0.154322379788849,3.23076949009942e-201,3.6321877433783e-200
"NFKBIZ",0.154228341159998,5.68668424096315e-201,6.36772426982101e-200
"TMEM243",0.153416394420569,7.38748266239391e-199,8.2229717730218e-198
"GYPC",0.152270731082723,6.77657292921941e-196,7.48357758522065e-195
"LSM5",0.151345685134737,1.6073328590606e-193,1.75772657686744e-192
"EIF2S3",0.150568839282769,1.54530172487191e-191,1.67681676528654e-190
"APEX1",0.149997515962204,4.37042418529998e-190,4.68796934599099e-189
"BCL2",0.14951648856721,7.21375580428589e-189,7.70841334515121e-188
"NME2",0.149135623879971,6.59720672309387e-188,7.03618435675981e-187
"EPB41L4A-AS1",0.148449822632682,3.49693964146697e-186,3.68756229109581e-185
"SERP1",0.147641221032148,3.68241050193764e-184,3.87585795794937e-183
"CISH",0.147628467923483,3.9622107521081e-184,4.1625472508102e-183
"BZW2",0.144009204741604,3.22512482887006e-175,3.27178124592424e-174
"LINC01089",0.143667724926829,2.17465305137996e-174,2.19816281409758e-173
"RIC3",0.143396805803982,9.85173023036451e-174,9.92247874189316e-173
"ADPRM",0.142998939573903,9.01046653741363e-173,9.02655665623044e-172
"PRMT2",0.142918603434825,1.40766907536732e-172,1.40766907536732e-171
"MLLT3",0.142176063117272,8.58996810644524e-171,8.48410582344327e-170
"EPHA1-AS1",0.14026568320482,3.04268187249863e-166,2.93289438225383e-165
"UBALD2",0.139851599869405,2.89007441380198e-165,2.77625298997074e-164
"PABPC1",0.139727539272862,5.66543068862979e-165,5.43300276294241e-164
"EIF3L",0.139045431413832,2.26817950384117e-163,2.17141416664658e-162
"DGKA",0.137805927665295,1.76515262791229e-160,1.66708859302827e-159
"COMMD6",0.137683470549773,3.39589200738805e-160,3.2018410355373e-159
"ATP5PO",0.137454096791079,1.15486181245921e-159,1.08159845874728e-158
"GPR155",0.135974202592066,2.95216738535908e-156,2.72395707760928e-155
"EIF3K",0.13428965051962,2.00703204681597e-152,1.82191744055624e-151
"IL7R",0.132970568758366,1.85794967643023e-149,1.6730493876041e-148
"PCED1B-AS1",0.132213765286816,9.0646482046738e-148,8.11047470944498e-147
"PIM1",0.131849428179193,5.84231579510226e-147,5.17778698428495e-146
"NBDY",0.131845792899002,5.95179249734508e-147,5.26649146847096e-146
"SUSD3",0.131568042055715,2.45469641585999e-146,2.16182839764122e-145
"CLNS1A",0.130868462065106,8.58943866884576e-145,7.49405146690898e-144
"HSP90AB1",0.130368403323174,1.07741990275034e-143,9.34207983683063e-143
"PIM2",0.130319094784202,1.38184807932972e-143,1.19632217979008e-142
"C11orf1",0.129898070210214,1.15226416388578e-142,9.88410085535053e-142
"AC093157.1",0.129561510401184,6.24663951973737e-142,5.33388853968442e-141
"SATB1-AS1",0.127755408632767,5.02962053686618e-138,4.23666234411701e-137
"GPX4",0.127182949989708,8.46740249223757e-137,7.11109700321149e-136
"LINC01215",0.126952093770012,2.63416677496692e-136,2.20562322500961e-135
"EIF4B",0.126768424038677,6.48830998915751e-136,5.41658021416274e-135
"SMDT1",0.125243733550543,1.09511896685135e-132,8.95571050151034e-132
"SLC25A6",0.124724613023183,1.34624153917044e-131,1.08356026323475e-130
"LRRC75A",0.12454180732768,3.24888186404237e-131,2.61120734344953e-130
"C1orf162",0.123516033191151,4.44602039709375e-129,3.54292250393408e-128
"MCUB",0.122832653697131,1.15099968918157e-127,9.12020940156585e-127
"FCMR",0.122691591526266,2.24782855597056e-127,1.77860623399081e-126
"EIF3F",0.122632409787676,2.97589305318604e-127,2.34148106989814e-126
"SNHG6",0.12232889665576,1.25197755810553e-126,9.82320853282799e-126
"FAM13A",0.1217714319761,1.73591096609923e-125,1.35256396108565e-124
"CLN5",0.121261974733076,1.89861005252697e-124,1.46913136478294e-123
"GABPB1-AS1",0.120717212154161,2.42323255873385e-123,1.85461591466533e-122
"GIMAP7",0.120468857231065,7.70728874756817e-123,5.88270610528673e-122
"NSMCE1",0.120333437488569,1.44695356446305e-122,1.10141241474053e-121
"FCER1G",0.11974056280782,2.26135438727407e-121,1.70973020385546e-120
"DPH5",0.119658580805355,3.30358668778766e-121,2.49101092990441e-120
"RAPGEF6",0.119009724461324,6.57338908013258e-120,4.9234596447989e-119
"TRAT1",0.118520886203264,6.18737861430663e-119,4.59142778125135e-118
"TGFBR2",0.118474105403967,7.66432768818822e-119,5.66493785648695e-118
"PITPNA-AS1",0.118358731450817,1.29895974804735e-118,9.56320759389189e-118
"LYRM4",0.116825366702549,1.37087172194533e-115,9.93616325596037e-115
"CHCHD10",0.116666672770484,2.80281943660798e-115,2.02365727662429e-114
"SOCS2",0.116516637690083,5.50615819032767e-115,3.96528208571736e-114
"MRPS33",0.115887727738405,9.24468495734165e-114,6.60671116059702e-113
"HSPD1",0.115701857580138,2.12151721873985e-113,1.51036949202164e-112
"ABRAXAS1",0.115077249067784,3.42456468261308e-112,2.42573331685093e-111
"SNX9",0.114471405570027,5.01053300981928e-111,3.53129273681987e-110
"CD8B",0.113988130904762,4.2160335875162e-110,2.9308486277529e-109
"IL6R",0.113053465112744,2.52678036035692e-108,1.73079826881592e-107
"A1BG",0.113006701252093,3.09824606512912e-108,2.11707191539274e-107
"FBL",0.111723036364324,8.07516878100709e-106,5.41238911128432e-105
"PAICS",0.111472013875512,2.37856963360814e-105,1.58665584358403e-104
"RGCC",0.111430956059161,2.83759837680483e-105,1.89060889475951e-104
"ILF3-DT",0.111262813517349,5.84104974057485e-105,3.88710427575621e-104
"TTN",0.111164282182093,8.91251674819341e-105,5.92407807551718e-104
"SESN3",0.111072893696414,1.31843364055562e-104,8.75315115209118e-104
"PCSK1N",0.111049386992479,1.45806551402589e-104,9.6687323093206e-104
"SLC25A5",0.110924239933556,2.49098915151268e-104,1.64987593152138e-103
"STMN3",0.10934687731397,2.01869763258602e-101,1.31379277480366e-100
"EEF2",0.108652064167514,3.73977775815474e-100,2.41428690716319e-99
"ATP5MC2",0.107846742015122,1.07634199760289e-98,6.89301210793629e-98
"RPS26",0.107795161780345,1.33360670737962e-98,8.53082511790153e-98
"FLT3LG",0.107753156637247,1.58779088594243e-98,1.0122166897883e-97
"FAM102A",0.107629284736802,2.65490124512448e-98,1.68674926219121e-97
"THEM4",0.107293931196724,1.06449845639557e-97,6.74783767274483e-97
"DNPH1",0.107109371396289,2.28159030245489e-97,1.44141008972657e-96
"AC013264.1",0.106854021335995,6.53683704360946e-97,4.11578628671707e-96
"YBX3",0.106078077428919,1.57634361612219e-95,9.81496968528909e-95
"MAPKAPK5-AS1",0.105437119149725,2.14650721153605e-94,1.32328631392497e-93
"AC025164.1",0.105280298021951,4.0563838301418e-94,2.49247681129195e-93
"ANAPC16",0.104811823620822,2.69997610938871e-93,1.63927120927172e-92
"HMGA1",0.104365539318556,1.62972136246554e-92,9.86271504145811e-92
"HINT1",0.103478590037236,5.67192319115797e-91,3.4141082727893e-90
"UQCRH",0.103382136098766,8.32858930532228e-91,5.00786559516163e-90
"RASGRP2",0.102929044388813,5.03720526556109e-90,3.01587209602964e-89
"AC243960.1",0.10274993185341,1.02378822664305e-89,6.12308310390996e-89
"CD7",0.102621547135783,1.70081979787776e-89,1.01506373043556e-88
"EIF3G",0.102480162213839,2.97238386186469e-89,1.7664272738412e-88
"HSPA8",0.102380907194522,4.39647155155267e-89,2.60720987359519e-88
"SNHG3",0.102342172122914,5.12156253820754e-89,3.03399850468261e-88
"TMEM204",0.102318825217921,5.61500678085779e-89,3.3228046456342e-88
"BCAS4",0.10158246617587,1.01052741774987e-87,5.94240965783729e-87
"PABPC4",0.101372072380901,2.29876068365696e-87,1.34614273855068e-86
"ETFRF1",0.10083683993346,1.84569296286294e-86,1.07633446171114e-85
"COX7A2L",0.100473176188873,7.55196605707271e-86,4.37219087514736e-85
"EIF3D",0.0998169702823001,9.47356669824272e-85,5.40108833101033e-84
"ZNF433-AS1",0.0997192107067807,1.37889930714346e-84,7.85342651073582e-84
"MLXIP",0.0996846626651699,1.57436124962639e-84,8.95757262718462e-84
"YPEL2",0.0992541932264219,8.18000056089007e-84,4.62132962201343e-83
"STMN1",0.0991977251177604,1.01483995600209e-83,5.710383303081e-83
"DDT",0.0988323780424512,4.08287933209166e-83,2.28820709820522e-82
"VIM",0.0985367016817348,1.25484217269057e-82,7.01860876250657e-82
"NFKB1",0.0982867984305043,3.23272112583835e-82,1.79916324563027e-81
"CCT8",0.0974617828048778,7.22497982968656e-81,3.97373890632761e-80
"SYPL1",0.0973550118993703,1.07798320138267e-80,5.91152078177591e-80
"MARCKSL1",0.0972020575875385,1.91080732939247e-80,1.04581747491627e-79
"RAB3GAP1",0.0969288848898889,5.29948412032189e-80,2.88922312099182e-79
"MHENCR",0.0968365148589328,7.47736264958615e-80,4.06472911474596e-79
"TOMM20",0.0966721313834813,1.37870274906031e-79,7.48743700118909e-79
"EBPL",0.0966340615287072,1.58834362847579e-79,8.61760904811333e-79
"LINS1",0.0964288145472866,3.40366778113618e-79,1.84488659441295e-78
"MRPS25",0.0962588008941859,6.3912964409901e-79,3.45425559093973e-78
"NAA16",0.0961896061908258,8.25695137794378e-79,4.45399011829467e-78
"ZNF609",0.0961054209910572,1.12729741866614e-78,6.06923082410467e-78
"ESD",0.0953964893581865,1.53451745889348e-77,8.16759292636854e-77
"CLUAP1",0.0947208047684544,1.81473743893244e-76,9.57730670969987e-76
"OCIAD2",0.0943696809187827,6.5054117600325e-76,3.417168536871e-75
"GIMAP5",0.093722477723169,6.75794926143809e-75,3.51037919969145e-74
"TMEM14C",0.0936116482446795,1.00735175106901e-74,5.22296055776074e-74
"EIF3M",0.0932900536605843,3.1993677762058e-74,1.65423532023176e-73
"RFLNB",0.0931661993419512,4.98753733853437e-74,2.57406480857202e-73
"CARS",0.0926421622170372,3.24237687079558e-73,1.65061109302752e-72
"ABRACL",0.0925435629270248,4.60584626559161e-73,2.34259270625285e-72
"ERP29",0.0924980904234824,5.41451915736736e-73,2.75139968051004e-72
"EXOSC5",0.0921401534211066,1.92893544418588e-72,9.72266652460271e-72
"CHD7",0.0920634008590736,2.53133542307507e-72,1.27361360748441e-71
"ATP5MG",0.092001049199951,3.1561848265599e-72,1.58515639006276e-71
"ATP6V0E2",0.0919497799461546,3.78352150372973e-72,1.89683249650794e-71
"RHOH",0.0917530688611144,7.5783063649437e-72,3.78915318247185e-71
"LIMD2",0.0914194924685001,2.45274256805264e-71,1.21876756481624e-70
"SNHG14",0.0902877716119515,1.27704287596493e-69,6.21893275535006e-69
"TKT",0.0899682043138963,3.86369548147023e-69,1.87294921282514e-68
"RALA",0.0899680253261997,3.86608767994922e-69,1.87294921282514e-68
"CCT3",0.0897314494107032,8.75178456004757e-69,4.21799925961056e-68
"SNRPN",0.0896400808895409,1.19917291649593e-68,5.75972608008747e-68
"PSIP1",0.0895500355279742,1.63511563576105e-68,7.84016984326453e-68
"CIAPIN1",0.0893132715950878,3.68966502339165e-68,1.76311931696995e-67
"ZFAND1",0.0891437807374396,6.59812821075342e-68,3.15025525636823e-67
"CHURC1",0.0889748311825403,1.17643144753751e-67,5.60729007704796e-67
"RUNX2",0.0888517269548509,1.79167776024717e-67,8.51806121609037e-67
"ATP6V1G1",0.0882710586056768,1.29288783179447e-66,6.09504263560251e-66
"RAN",0.0879233792109952,4.19523951546927e-66,1.9711301241024e-65
"DMAC1",0.0879129153722518,4.34620570919519e-66,2.04035263837531e-65
"IGBP1",0.0877954932348743,6.4606548236171e-66,3.02287519270158e-65
"FCGRT",0.0874961410507598,1.77068529753603e-65,8.24360541010552e-65
"ANXA2R",0.0874123179287322,2.3468200462853e-65,1.09167997177948e-64
"CCDC18-AS1",0.0872095867308396,4.63312030386962e-65,2.14985979360699e-64
"SOCS3",0.086753888340726,2.1248768346067e-64,9.79503618910729e-64
"FAM162A",0.086724923415612,2.34023314740397e-64,1.07612360302756e-63
"NDUFB5",0.0865728371028744,3.88298092210746e-64,1.77824677330799e-63
"LAGE3",0.0863013837883483,9.56534367114964e-64,4.33804187511313e-63
"TMEM161B-AS1",0.0859768470462785,2.80010887676855e-63,1.25769501990965e-62
"NECAP2",0.0859616461723283,2.94428965730043e-63,1.32139719819644e-62
"ANKRD26",0.0852717139058512,2.84836919131195e-62,1.27122920948767e-61
"KCNQ1OT1",0.0848187370173912,1.25127610311999e-61,5.53989279187878e-61
"LSM4",0.0842823469377145,7.14514028609728e-61,3.13648176877979e-60
"GPSM3",0.0840627875589013,1.45324017339144e-60,6.35934272443526e-60
"SNRPD2",0.0835410402446238,7.79430194225177e-60,3.39487840807705e-59
"RBIS",0.0832576412272602,1.93229367910721e-59,8.3707857450127e-59
"THOC3",0.0832318747809534,2.09824099144432e-59,9.08266355092797e-59
"NME4",0.0832298352397652,2.1119675021523e-59,9.1350329121622e-59
"FAM200B",0.0829976836756546,4.43168449395789e-59,1.90950460914775e-58
"UBQLN2",0.0827024710587886,1.13391030086607e-58,4.86333087756777e-58
"HIST1H4C",0.0826460344178132,1.35647734869185e-58,5.80903658485593e-58
"NHP2",0.0826275505187749,1.43844330194965e-58,6.15066076519628e-58
"CCNI",0.0823319223361617,3.66977368828359e-58,1.56439440663153e-57
"TMEM106B",0.0822566613583697,4.6553734396395e-58,1.98153603917888e-57
"EIF2A",0.0821666427419278,6.18591037200421e-58,2.62702174011685e-57
"BIRC3",0.0821573319952959,6.3703657840133e-58,2.70330953466828e-57
"UBE2D2",0.0820341923754361,9.39280393417668e-58,3.97687774118726e-57
"BANF1",0.0820021517096247,1.0390368242403e-57,4.39592502563205e-57
"FKBP1A",0.0819850744173011,1.09644738987755e-57,4.6353201636873e-57
"MAP3K1",0.0814096528729391,6.67022152472059e-57,2.7883712931209e-56
"CRLF3",0.0807788644050828,4.75732552553331e-56,1.96239677928249e-55
"SMIM20",0.0805311663339115,1.02466538783174e-55,4.19895750601612e-55
"MGAT4A",0.0800880617545452,4.0189155947681e-55,1.63852590745996e-54
"LETMD1",0.0799447363330619,6.24288170355729e-55,2.53970749506573e-54
"MSL3",0.0799126508979691,6.88902639713653e-55,2.79446406998814e-54
"EIF2D",0.0784759302058384,5.44198389560205e-53,2.16521486910124e-52
"FXYD5",0.0783839310862066,7.17943981513765e-53,2.85043576524573e-52
"SLC25A3",0.0782293797415689,1.14267343706084e-52,4.52073200416875e-52
"TBC1D4",0.0779612678228591,2.55332477295503e-52,1.00449873606436e-51
"SSBP2",0.0775849071815433,7.85671572418424e-52,3.07794519641575e-51
"PPP1R3E",0.0774384664473501,1.21487655379274e-51,4.75275973973311e-51
"DNMT3A",0.0771737515551244,2.66560170035123e-51,1.03703367121847e-50
"RPARP-AS1",0.0771431341404538,2.91870854443257e-51,1.13393039710988e-50
"IL4R",0.0770768103506314,3.55202374950151e-51,1.37806730530453e-50
"MRTO4",0.0765257540208908,1.80396547970253e-50,6.93642655320849e-50
"BCL11B",0.076504014115228,1.92294536279937e-50,7.38379430890108e-50
"APRT",0.0764867009678067,2.02326026967576e-50,7.75836644762886e-50
"FBXO32",0.0764209511254402,2.4540148216089e-50,9.39087527232326e-50
"BNIP3",0.076086075381119,6.54174039195576e-50,2.48807888805911e-49
"PHB2",0.0760013061741981,8.3788689092488e-50,3.18034198788131e-49
"AKTIP",0.0755605080502468,3.02138009765666e-49,1.13529419610542e-48
"TMEM263",0.0755356771538134,3.24703213844934e-49,1.21845152486293e-48
"EIF4A2",0.0746710850714413,3.92868960489027e-48,1.45190702789423e-47
"TTC28-AS1",0.0744927869354883,6.54611445317476e-48,2.41444458134848e-47
"MRPS18B",0.0744845836182951,6.70150981594955e-48,2.47013600968968e-47
"SPART",0.0744335663711492,7.75379338831919e-48,2.85612481342552e-47
"TATDN1",0.0742725084565853,1.22798727293649e-47,4.50851348244352e-47
"GNPDA1",0.0739536710548325,3.04236040805701e-47,1.1097296416905e-46
"QTRT1",0.0739068918136648,3.47437952334302e-47,1.26566682636067e-46
"GNAQ",0.0738308289683262,4.31086946267188e-47,1.56631979828946e-46
"DHRS3",0.0737915433471776,4.8185420638115e-47,1.74964537074321e-46
"SNRPE",0.0732055509060193,2.51806430489128e-46,9.03218718058829e-46
"PSMG4",0.0731456758143923,2.97935806930185e-46,1.06799992132801e-45
"NME1",0.072664667434316,1.14511210949674e-45,4.05816736214574e-45
"SDHAF3",0.0718574170294514,1.07518631284688e-44,3.75812785985733e-44
"ADSL",0.0718468620875733,1.10695280592176e-44,3.86675295219243e-44
"GNL3",0.0713947164797613,3.83776768975922e-44,1.32818486980563e-43
"UBXN1",0.0713866295874256,3.9237828414957e-44,1.35711601361226e-43
"GIMAP2",0.0713275283984387,4.6134233907481e-44,1.59367642993207e-43
"C19orf53",0.0712747577966766,5.33040652698749e-44,1.83908859879458e-43
"SMIM26",0.0711140585635921,8.27034628729974e-44,2.84467459667391e-43
"CD48",0.0709628063085991,1.24933623244162e-43,4.28147603176389e-43
"CRTC3",0.0709484022392724,1.29933402258603e-43,4.45010004072506e-43
"NIPAL3",0.0707831478293916,2.0369766395001e-43,6.95099692676129e-43
"SREBF1",0.0706414249350835,2.99284147797119e-43,1.01880101282879e-42
"RTRAF",0.0706190556474895,3.18000289517202e-43,1.08185665505852e-42
"SLC12A6",0.0696589337379905,4.21968842432751e-42,1.40823629152155e-41
"AC245407.2",0.0696344754349142,4.5048826886073e-42,1.49895562770385e-41
"TSTD1",0.0695926861799737,5.03720620694058e-42,1.67013751896789e-41
"ATP5MC1",0.0694696700280913,6.99535866666734e-42,2.31664475324698e-41
"PDE7A",0.0692291410147816,1.32721679172236e-41,4.36953415584652e-41
"SUCLG2",0.0689333196150166,2.90863245966671e-41,9.52008640532685e-41
"UGCG",0.0687348225076524,4.91489352989554e-41,1.60398794082106e-40
"PLA2G12A",0.0686411248624016,6.29256539205219e-41,2.05001694828181e-40
"GTF2H5",0.0685609411638082,7.77226346178864e-41,2.527675247573e-40
"ATM",0.0683862562884737,1.23025112420112e-40,3.98252095024135e-40
"IPCEF1",0.0683621072081724,1.31076846442959e-40,4.24072150256634e-40
"ZNF581",0.068161828388457,2.21558521577215e-40,7.14335233361022e-40
"SYNGAP1",0.068082442721272,2.72685763896264e-40,8.77160054735116e-40
"OTULINL",0.0678163408182106,5.45961364897297e-40,1.75219865965322e-39
"CCT4",0.0675714973596646,1.03165388607576e-39,3.29964555352624e-39
"TRIM73",0.0675275336393218,1.15625420992597e-39,3.69395564788422e-39
"TOMM6",0.0675165468133814,1.18966177691261e-39,3.79852166674998e-39
"PPP1R2",0.0673202786599078,1.9772674898351e-39,6.29896116863994e-39
"PIGP",0.0671032995285944,3.46134101808759e-39,1.09768926577e-38
"TIMM9",0.0669514798476528,5.11599686655155e-39,1.61876719804592e-38
"AC100810.1",0.0668676605788887,6.34525590975021e-39,2.00432914716772e-38
"CCDC66",0.0668061217226456,7.43078857880128e-39,2.34195078241995e-38
"TRAF3IP3",0.0667077179404718,9.56260363420819e-39,3.00538971360829e-38
"UXS1",0.0666034982123103,1.24857889225659e-38,3.9175210210064e-38
"VPS51",0.0662075014066487,3.42702917000206e-38,1.06927884559019e-37
"NDUFA12",0.0657176509501286,1.18505792937829e-37,3.64483277621282e-37
"LINC00476",0.0655444186532565,1.83373030268266e-37,5.61223513259669e-37
"COX6C",0.0651661009979587,4.73865468364006e-37,1.4385201718193e-36
"NDUFB11",0.0649853821689874,7.44349369809494e-37,2.2535347893315e-36
"PRDX2",0.0649715579747294,7.70472125424783e-37,2.33136387466722e-36
"NUDCD2",0.0648995213875075,9.22073374358793e-37,2.78408591504458e-36
"PYCR2",0.0648801766258508,9.67607604213906e-37,2.91999927898871e-36
"U2AF1L4",0.0648741019614937,9.82362200196943e-37,2.96293115220691e-36
"MCTS1",0.0647504611143577,1.33631649050427e-36,4.01969732532385e-36
"CYB5A",0.0645784184530778,2.04851770451132e-36,6.13570972894209e-36
"MRPS21",0.0643546618113359,3.56453376250645e-36,1.06141371590558e-35
"PTMA",0.0642923571324379,4.15756541131914e-36,1.23668833284732e-35
"SNHG1",0.064262150156465,4.47940095219527e-36,1.3317137965986e-35
"TIMM13",0.0639894354631329,8.76747928877934e-36,2.59691440390982e-35
"SEPTIN6",0.0638835340745197,1.1370984703492e-35,3.35213999929532e-35
"ARL2",0.0635621238767095,2.4967756662602e-35,7.31431409280403e-35
"HAX1",0.0634770551085415,3.07255752248754e-35,8.99637145154233e-35
"MTERF4",0.0633869321599841,3.82687059571429e-35,1.11991361721216e-34
"AP1M1",0.0632849247379745,4.90453445900908e-35,1.43229767386991e-34
"ZNF22",0.063258091612863,5.23496599318344e-35,1.5279999595088e-34
"RSL24D1",0.0631171659818346,7.36939134295406e-35,2.14430941047574e-34
"ZNF397",0.0630389108739661,8.90759032094464e-35,2.58920112437821e-34
"POLR1E",0.0624994590520974,3.26984858327306e-34,9.43128563093156e-34
"MRPS24",0.062447022787156,3.70823409026914e-34,1.06902329118242e-33
"DCK",0.0624136739090992,4.01692311283658e-34,1.15741852403766e-33
"PRIM1",0.0622816655179977,5.51027818966194e-34,1.58607802175492e-33
"TXN2",0.0621069676947317,8.36379258617812e-34,2.4000448290772e-33
"KNOP1",0.0620233614566239,1.02083694393958e-33,2.923376853242e-33
"OXLD1",0.0617298219408213,2.05080405506618e-33,5.85198919070257e-33
"FOS",0.061707258168666,2.1634831698531e-33,6.1703815876339e-33
"CNIH1",0.0615475764941694,3.15721483710941e-33,8.95448697481487e-33
"TCEAL8",0.0613415658208974,5.13399768514677e-33,1.44877902483267e-32
"DARS",0.0612607618315686,6.20989015216872e-33,1.74536491751836e-32
"FYB1",0.0611354685652927,8.33665391057367e-33,2.33726279052065e-32
"MFNG",0.0610735973105338,9.63958069161782e-33,2.70120118281598e-32
"SLC25A45",0.0610716437791705,9.68385717801826e-33,2.71225355809698e-32
"HDDC2",0.0609040085187805,1.43415918997274e-32,4.00280251529704e-32
"C12orf65",0.0608300555437203,1.70485578195364e-32,4.75596267367474e-32
"TOMM22",0.0607350382116652,2.12830157596257e-32,5.92838721010429e-32
"PRDX6",0.0606506587976439,2.59099521346825e-32,7.21363927918457e-32
"HBS1L",0.0606340326206285,2.69331132275009e-32,7.49478002015277e-32
"SINHCAF",0.0605886633977275,2.99337566796271e-32,8.30917243803603e-32
"SAE1",0.0605747754411619,3.09169812102039e-32,8.56938066152391e-32
"ITPKB",0.0605191350856397,3.51882708928177e-32,9.73883570343893e-32
"TAB2",0.0603207457805217,5.57658177236462e-32,1.5350649530405e-31
"GIMAP4",0.0601264496484676,8.74138493190199e-32,2.40152641860775e-31
"C12orf45",0.0600448979906687,1.05518840428373e-31,2.8946733242209e-31
"LYRM7",0.060037277140312,1.07389975451295e-31,2.94312536532373e-31
"THYN1",0.0599149648972648,1.42347909212114e-31,3.8916752957113e-31
"ZNF101",0.0599101274366052,1.43941633998919e-31,3.93332959928853e-31
"DDX18",0.0597954660001814,1.87363070889615e-31,5.09998460791237e-31
"PQBP1",0.0592754596492343,6.15479571446559e-31,1.65922171831581e-30
"SVIP",0.0592305517233275,6.81728144154008e-31,1.83517029208444e-30
"C4orf3",0.0591540084660027,8.11348889623113e-31,2.18096179721402e-30
"VEGFB",0.0591262443041612,8.6418035111409e-31,2.31964199509572e-30
"ATP5PD",0.0590778668505748,9.6451976658562e-31,2.58526320618506e-30
"RGL4",0.0590260964422827,1.08472803187727e-30,2.90191905523676e-30
"LARS",0.0588540904691477,1.6013299430227e-30,4.26160388062493e-30
"BTF3L4",0.0584468888361303,4.00859718021821e-30,1.05976579552423e-29
"CBX5",0.0583740995973204,4.71996824325425e-30,1.24607161621912e-29
"POLD2",0.0583573255893775,4.90090219044257e-30,1.29201415828867e-29
"CASP6",0.0583432417560256,5.05812217542223e-30,1.33283538769933e-29
"AKAP7",0.0582177018731845,6.7000973120801e-30,1.76136578822724e-29
"RPIA",0.0580569745109158,9.59429699233532e-30,2.51044804696834e-29
"ZNF302",0.05795565997658,1.20250053197395e-29,3.13622872355829e-29
"CCT2",0.0579151877199963,1.31587549609747e-29,3.42873271393721e-29
"HMGN1",0.0578045726932194,1.68275818184286e-29,4.37252125990664e-29
"ATF7IP2",0.0576904899256965,2.16752888929105e-29,5.61655291867105e-29
"ETFB",0.05758574238284,2.73351811633879e-29,7.06032994137228e-29
"PGGHG",0.0575543473333762,2.93012141094946e-29,7.55421926260408e-29
"NIFK",0.0575448303302419,2.99244459473295e-29,7.71135240075878e-29
"ZSWIM7",0.057343668726344,4.66529409230573e-29,1.19891433155452e-28
"AC008555.4",0.0573082753065412,5.04360791238613e-29,1.29494921686436e-28
"SEC62",0.057243786018374,5.81282843987091e-29,1.49040071058847e-28
"LGALS3BP",0.0572347519969912,5.92949566260682e-29,1.51961949142185e-28
"CCNG1",0.0571479120192039,7.17641600564893e-29,1.83750313973941e-28
"C12orf10",0.0569330666827604,1.14932843113449e-28,2.93345427600749e-28
"MCRIP2",0.0569232821938066,1.17419703743376e-28,2.99284206270033e-28
"YEATS4",0.0561340467960523,6.52269491250775e-28,1.64238413191959e-27
"LINC01138",0.0561157005439839,6.78602202528566e-28,1.70792209788482e-27
"HIGD2A",0.055952069724012,9.6531992526374e-28,2.42193415953917e-27
"CFAP36",0.0559436443438676,9.82969790823567e-28,2.4651142273224e-27
"BOD1",0.0558884678218112,1.10673435473176e-27,2.77301461815327e-27
"HEIH",0.0557928029186843,1.35900258841109e-27,3.40357344686884e-27
"PRMT1",0.0557792124512124,1.39919026038848e-27,3.50109605743952e-27
"LTA4H",0.0557266406735674,1.56605466506061e-27,3.9168821538074e-27
"HIPK2",0.0556961931175541,1.67156970714028e-27,4.17892426785069e-27
"PA2G4",0.055623246066834,1.95391719923038e-27,4.87176688341441e-27
"SLC7A6",0.0556199002382758,1.96794500046869e-27,4.90456306202991e-27
"CNST",0.0555821695368271,2.13321855829629e-27,5.31410129309155e-27
"DIP2B",0.0555793746364261,2.14599497254725e-27,5.34355605680872e-27
"ZNF706",0.0555762122267107,2.16054291915653e-27,5.37739386711098e-27
"ZMAT1",0.0555155360256236,2.45939599661374e-27,6.11036826439464e-27
"TMEM42",0.0554892776036057,2.60111325433039e-27,6.45389002954156e-27
"TCP11L2",0.0553674442760213,3.37209486611966e-27,8.34839020252925e-27
"SDCCAG8",0.0552933599787629,3.94761714871117e-27,9.75600537633026e-27
"EXOSC8",0.0552111872535705,4.70041139457341e-27,1.16062094733965e-26
"SGTB",0.0550771205070388,6.24550077637137e-27,1.53672190155454e-26
"TRAK2",0.0550238561413615,6.9907507347586e-27,1.71858508422418e-26
"ZNF141",0.0547177211743886,1.33349399967168e-26,3.2525657991992e-26
"DAP3",0.0547028395695773,1.37589558733451e-26,3.35453031071126e-26
"MOCS2",0.0544644481086371,2.26912572587644e-26,5.50596683484724e-26
"TNFAIP8",0.0543292821433513,3.01046562285578e-26,7.28904278990977e-26
"RAB30-DT",0.0543076328457557,3.14970818674301e-26,7.62289168577578e-26
"TECPR1",0.0543007302751358,3.19543183626036e-26,7.73021673196231e-26
"RDH14",0.0542384790294764,3.63867556297621e-26,8.79490301951597e-26
"TACC3",0.054183029651319,4.08450275588365e-26,9.85550987548701e-26
"SMIM27",0.053673518967772,1.17489894403855e-25,2.80714781774118e-25
"PSMB5",0.0530366597609229,4.34036299264823e-25,1.0230855625528e-24
"TOB1",0.0525569686666454,1.14967644212521e-24,2.68624941287899e-24
"MICOS10",0.0524081250572994,1.55264565572398e-24,3.61875451957273e-24
"MRPL42",0.0520612179999075,3.11745780388326e-24,7.21193331125157e-24
"CYTIP",0.0520043523489731,3.4932933479284e-24,8.07473246060087e-24
"ADD3",0.0516790976409555,6.68284049409795e-24,1.53776600376905e-23
"LSM2",0.0515730137160704,8.25031834362784e-24,1.89224390465054e-23
"TBRG4",0.0515125461664276,9.30139175739443e-24,2.13156894440289e-23
"SIRPG",0.0514984312334424,9.56523495755848e-24,2.19024359640421e-23
"USE1",0.051394052392066,1.17604804994602e-23,2.68742548276871e-23
"POLR1D",0.0513001960886529,1.41564857190251e-23,3.23099613033892e-23
"STK17B",0.0511775294106968,1.80296297387569e-23,4.10329504399294e-23
"ATP5F1A",0.0511102122123554,2.05835695758636e-23,4.67127125083313e-23
"C12orf76",0.051073613492123,2.21191853466026e-23,5.01368201189659e-23
"BNIP3L",0.0510626198146185,2.26022333195168e-23,5.12110375292768e-23
"ZNF880",0.0507143951568673,4.46995146761489e-23,1.00708545113733e-22
"LBH",0.0505853484542374,5.74836918288977e-23,1.29148382523074e-22
"NDUFS4",0.0503594637244061,8.91461202712014e-23,1.99167556639363e-22
"PEBP1",0.0501873293254258,1.24380392876947e-22,2.77004368415908e-22
"TMEM256",0.0501561151050973,1.32108227238535e-22,2.94098077304834e-22
"SUPT3H",0.0501375105207679,1.36938336622036e-22,3.04729896251337e-22
"ITK",0.0500764160716873,1.540625282816e-22,3.42293379667238e-22
"STRBP",0.0497486040025941,2.89213706971589e-22,6.39278524866279e-22
"SOD1",0.0497277473395403,3.00996551145101e-22,6.65061304420645e-22
"LIAS",0.049660741698872,3.42160062971795e-22,7.54231022896571e-22
"CCDC57",0.0496254476207376,3.66034196919052e-22,8.06540394625249e-22
"IFRD2",0.04960475790647,3.8078827763588e-22,8.38720941318133e-22
"AC026979.2",0.0495897603349296,3.91849682530094e-22,8.62745965068221e-22
"OCIAD1",0.0495406249655402,4.30364483713232e-22,9.4680186416911e-22
"TMEM14B",0.0494030697153267,5.59258704161394e-22,1.22796138173989e-21
"RBFA",0.0493718371016046,5.93475585362139e-22,1.30258139040751e-21
"ZFP14",0.0490344168061762,1.12460926168489e-21,2.45679827026956e-21
"HIST1H1D",0.0490137403869761,1.16936856792763e-21,2.55259053154631e-21
"SPTBN1",0.048964903807924,1.28220627965855e-21,2.79563825452175e-21
"MSH2",0.0486689822151013,2.23632496324776e-21,4.85705886326749e-21
"TBCA",0.0486332320588654,2.39123460917927e-21,5.1874811127207e-21
"LTBP3",0.0485338610853566,2.87980188978726e-21,6.23531015117967e-21
"GGCT",0.0483489379279879,4.06614733861298e-21,8.78024887206267e-21
"TRDMT1",0.0482628342854558,4.77254901775042e-21,1.0289777090538e-20
"JAGN1",0.0481980662624644,5.38268859990527e-21,1.15874455278083e-20
"DHPS",0.0480725389554367,6.79307923620251e-21,1.45956240961685e-20
"TIMM10",0.0480100822625618,7.62529610693728e-21,1.63711868197161e-20
"NIT2",0.0479134403827708,9.1157301946908e-21,1.95337075600517e-20
"AL118516.1",0.047875366111497,9.77903222143533e-21,2.09231009772129e-20
"CDK6",0.0478600668749797,1.00588106908629e-20,2.15135066625013e-20
"CMSS1",0.0477938452021783,1.13639366077265e-20,2.42586317995988e-20
"CENPK",0.0477643627154837,1.19975825735432e-20,2.55918016112461e-20
"MRPL40",0.0476605273135267,1.45202523741304e-20,3.09493221196321e-20
"CYLD",0.0476435942840676,1.49786660049292e-20,3.18900631072686e-20
"PVT1",0.0474838796372391,2.00708331801233e-20,4.26666821297809e-20
"DNAJC4",0.0474715217177804,2.05296567230937e-20,4.36090019752199e-20
"PPT1",0.0472076528032133,3.32186621694648e-20,7.03232810455463e-20
"ITM2B",0.047034295691546,4.55060197314248e-20,9.60815847547207e-20
"CEP68",0.0469841275352894,4.98348041784377e-20,1.05102726105652e-19
"BTG1",0.046927539890038,5.52073385450544e-20,1.16302354201185e-19
"NXPE3",0.0467381766011295,7.76975754745919e-20,1.62886172799873e-19
"SRP9",0.0466744049266563,8.71475068562035e-20,1.82288409195862e-19
"TRAPPC6A",0.0466037409493423,9.89491003421624e-20,2.0681984087911e-19
"ATIC",0.0465013572370761,1.1890007034117e-19,2.48058532768301e-19
"YBEY",0.0464248656537623,1.36353616621921e-19,2.83838140723183e-19
"CD37",0.0464155895302775,1.38635295057985e-19,2.88480714122885e-19
"BRI3",0.0463614389762769,1.52727858105012e-19,3.17452124479109e-19
"ICE2",0.046307571612482,1.68149295395686e-19,3.49376869322147e-19
"TTC32",0.046301478878359,1.69987609708954e-19,3.52935044584467e-19
"CUTA",0.0462732323546525,1.78773014762426e-19,3.70626981824542e-19
"CHMP3",0.0462248272940325,1.94883254376127e-19,4.03727864494117e-19
"EIF2S2",0.0462007536478687,2.03421429320575e-19,4.20639225391974e-19
"CSKMT",0.0461164461165516,2.36340310897142e-19,4.8799011561758e-19
"GPATCH4",0.0460434893252718,2.69038501950154e-19,5.54687980867461e-19
"KAT8",0.0458059110157499,4.09703253710267e-19,8.43462478280587e-19
"TAF9",0.0457290664478391,4.69192141279589e-19,9.64164070541572e-19
"AC138150.1",0.0456277541956662,5.60830985077293e-19,1.14994949791068e-18
"SCOC",0.0455521801583951,6.40500635822568e-19,1.31043346716434e-18
"ESF1",0.045473716964199,7.3504395472413e-19,1.50112726101288e-18
"NUDT2",0.0454681240482373,7.42286557434722e-19,1.51536666201193e-18
"TMEM238",0.0454126953127111,8.17985654614874e-19,1.66747802412407e-18
"PAXIP1-AS1",0.045209091729755,1.16742476659025e-18,2.37636173460497e-18
"CEP63",0.0450219015860669,1.61680752990774e-18,3.28158112980551e-18
"POP5",0.045006937465343,1.6593556594652e-18,3.36550442863331e-18
"CTBP1-DT",0.0449990487076556,1.68222925771854e-18,3.41066358359271e-18
"UGP2",0.044882390411879,2.05916209780658e-18,4.16885578083541e-18
"RPF2",0.0447061405926425,2.79206343218497e-18,5.64043062821667e-18
"LINC00667",0.0446346673329603,3.15794257294695e-18,6.36581309171125e-18
"SHISAL2A",0.0445906932712112,3.40616452400412e-18,6.85878786061132e-18
"MRPL11",0.0442516475300861,6.08928639894176e-18,1.22046790632595e-17
"ARL6IP4",0.0441997677051226,6.65283071792059e-18,1.33199073260295e-17
"IKZF1",0.0441743943714689,6.94689342145981e-18,1.38888353864539e-17
"ATP5MC3",0.044119793597021,7.62388618916119e-18,1.52206411107453e-17
"RIPOR2",0.0440867391449913,8.06494785277212e-18,1.60897430490937e-17
"TARBP1",0.0439100304372774,1.08861506682094e-17,2.16258163061808e-17
"CCDC85B",0.0436825320671968,1.59895589953806e-17,3.15850091422835e-17
"MPLKIP",0.0436687399760539,1.63655760064776e-17,3.23050251218647e-17
"TMEM41B",0.043255163960985,3.2748447774311e-17,6.42373398649947e-17
"IFNAR1",0.0432339974665056,3.3926069878889e-17,6.65240307656649e-17
"LINC01184",0.0432020735162051,3.57816361282153e-17,7.01135098425735e-17
"MT1F",0.0431098611283571,4.17222557009223e-17,8.15262467719172e-17
"CISD1",0.0429489233337996,5.45077787134707e-17,1.0628732658414e-16
"ABCE1",0.0427805963187704,7.20154072272495e-17,1.40134039037416e-16
"NOL11",0.0427646992188493,7.39308619521691e-17,1.43761572114963e-16
"DANCR",0.0427240429265905,7.90611171852145e-17,1.53631059026343e-16
"TTC3",0.0426735567390114,8.59225676013468e-17,1.66790866520261e-16
"PMPCB",0.0426195950750834,9.39060509507725e-17,1.8209918625435e-16
"DENND2D",0.0426137185385451,9.48184451673983e-17,1.83741442966875e-16
"POLR2H",0.042516711547709,1.11206537140906e-16,2.15127128744994e-16
"NOA1",0.042363130980672,1.43031405331305e-16,2.75930599693474e-16
"MRPL3",0.0423337289880173,1.50076378890119e-16,2.89421961352206e-16
"MZT2B",0.042196754807965,1.8767360759181e-16,3.60564704996594e-16
"LINC02273",0.042158032138975,1.99891880355804e-16,3.83644696816989e-16
"FOXO1",0.0421013803182487,2.1919253092086e-16,4.20543809324905e-16
"LINC00662",0.0420987691561446,2.20125092489039e-16,4.2204435026094e-16
"BIN1",0.0417250998595911,4.03065184307056e-16,7.68330167843215e-16
"HDDC3",0.0417056431689797,4.15902568049165e-16,7.92531727838253e-16
"NOB1",0.0413635314304848,7.20109834859994e-16,1.36066560241312e-15
"DIMT1",0.0412507079979207,8.62188277589794e-16,1.62365768287303e-15
"SERBP1",0.0411142404287052,1.0713125114721e-15,2.01005457838077e-15
"SGF29",0.0410355550538742,1.21383030579664e-15,2.27517140511833e-15
"ZNF414",0.0409814468622324,1.32250930420238e-15,2.47556796682527e-15
"DAD1",0.0409754347696584,1.33516116630494e-15,2.49758390895988e-15
"SNHG30",0.0408402258612378,1.65337228634406e-15,3.08358328669886e-15
"MED28",0.0405307758923783,2.68980017297153e-15,4.99496159231059e-15
"MRPL20",0.0405271375589969,2.70517665176944e-15,5.02019219861943e-15
"PSMC5",0.0404870164571615,2.88058494068835e-15,5.34041028329863e-15
"SDR39U1",0.0403683432545202,3.46762778698035e-15,6.40968431135413e-15
"SLC50A1",0.0402735979432971,4.01955067742589e-15,7.41521844799713e-15
"TSPOAP1-AS1",0.0402467697000669,4.19096733819883e-15,7.72636436651181e-15
"R3HDM4",0.0402448736643606,4.20335057470914e-15,7.74664806968406e-15
"TMEM101",0.0402290213132586,4.30830360991263e-15,7.93746576407549e-15
"MAP3K13",0.0401990681754332,4.51370339161546e-15,8.31315693596938e-15
"ERCC6L2",0.0401920487044825,4.56321567728462e-15,8.40158843110165e-15
"TMEM18",0.039928887167512,6.85990425075935e-15,1.25641733094221e-14
"UTP14A",0.0397863513520301,8.5455393026265e-15,1.55954702302325e-14
"TFAM",0.0397240901392841,9.40408332192854e-15,1.71344291770117e-14
"MRPS35",0.0395726804871359,1.1862087117036e-14,2.15709266536701e-14
"RRP15",0.0394719798129489,1.38364389398223e-14,2.50961598617533e-14
"PSMA1",0.0394360016977614,1.46174941174859e-14,2.65042475756613e-14
"OXA1L",0.0393267985333605,1.72635593813889e-14,3.12313989453697e-14
"PHB",0.0392323250964231,1.99289462544999e-14,3.5983710488492e-14
"CCNB1IP1",0.0391977100208672,2.10036305832415e-14,3.78997644168495e-14
"ABHD14B",0.0391763853653135,2.1693857453873e-14,3.91326496193657e-14
"KLF9",0.0391304498864733,2.3257356389969e-14,4.19125503847498e-14
"ZBTB20",0.0389839533672913,2.90214211294885e-14,5.22329716190023e-14
"CALM3",0.0389080367218107,3.2539549964469e-14,5.85273726517061e-14
"UBAC2",0.0388798689678668,3.39488780209084e-14,6.10426941337488e-14
"C15orf40",0.0388681979324692,3.45502541124741e-14,6.21041094428003e-14
"SRM",0.0388324047057053,3.64606639356957e-14,6.54961014022583e-14
"NMRK1",0.0388079563080463,3.78248834454222e-14,6.79249667505822e-14
"PAFAH1B3",0.0387160052193351,4.34200219688591e-14,7.79476234384958e-14
"TRMT1",0.0386557706061384,4.75184465996231e-14,8.52373956438129e-14
"NDUFS2",0.0386556600857853,4.75263054498835e-14,8.52373956438129e-14
"AC008105.3",0.0386136716020743,5.06063727260903e-14,9.06455143656982e-14
"TYW3",0.0385610696730322,5.47430660150197e-14,9.79612760268774e-14
"DNAJC19",0.0384126023880282,6.82966302898619e-14,1.22098182258166e-13
"LSM6",0.0382865739263036,8.2350755424243e-14,1.46942664736006e-13
"NCK2",0.0380575813600989,1.15522995506463e-13,2.05219760858535e-13
"RBM43",0.0380475236641517,1.17247971002723e-13,2.0821814413589e-13
"ORMDL3",0.0378291764187776,1.61599622147772e-13,2.86075695881666e-13
"PDCD2",0.0377301506702138,1.86799605791348e-13,3.30269709577517e-13
"GABPB1-IT1",0.0376239353149842,2.18123894289992e-13,3.85045640958734e-13
"N4BP2",0.0375499141316967,2.42948778611857e-13,4.28194360041633e-13
"DCXR",0.0373568620468417,3.21500760717128e-13,5.65397889537019e-13
"TPRKB",0.0373084487757766,3.44824628041665e-13,6.05845964081973e-13
"MORC2",0.0371479667646891,4.34660439293352e-13,7.61776027627524e-13
"COA1",0.0370880464570323,4.73790444315298e-13,8.29318063216482e-13
"ZNF277",0.037075117534429,4.82676528033291e-13,8.44608646995248e-13
"NSUN5",0.0369645495144871,5.65663991246513e-13,9.87667286303435e-13
"TMA16",0.0369639875672138,5.66119627208935e-13,9.88155292047955e-13
"EEA1",0.0369384907523517,5.87176279980987e-13,1.02427205556385e-12
"C20orf27",0.0368733212382997,6.445536596371e-13,1.12226754517819e-12
"MRPL18",0.0368544608471683,6.62162152050248e-13,1.15256893360282e-12
"CBR1",0.036806514751375,7.09079504816969e-13,1.23283055504083e-12
"ZNF506",0.036751212236824,7.67256569184801e-13,1.33219107184362e-12
"SCML4",0.0367350639592251,7.85110753794961e-13,1.36150582033686e-12
"NIPSNAP1",0.0367271307599493,7.94030769511438e-13,1.37654901636563e-12
"TRIM28",0.0366695260036963,8.61852851363985e-13,1.4927429750392e-12
"C2orf74",0.0365751365277913,9.85468071977872e-13,1.70474125309771e-12
"REXO2",0.0365574251665148,1.01052925015582e-12,1.74755520757526e-12
"PRDX3",0.036454018612075,1.16983012860488e-12,2.02179513908606e-12
"VDAC2",0.0363434551041027,1.36742728010139e-12,2.35893820460295e-12
"PPIL3",0.0362787875082034,1.49781016163056e-12,2.57989407637317e-12
"CDC37L1",0.0362739254946342,1.50809175977431e-12,2.59680625301837e-12
"SNHG12",0.0359641214919979,2.32779230721191e-12,3.99233104355207e-12
"MRPL1",0.0358924612541162,2.57233350251764e-12,4.40769424224922e-12
"SDHD",0.0357422683039912,3.16944299431021e-12,5.40936270096752e-12
"MRPS31",0.0357214882123561,3.26209650246298e-12,5.55904051604415e-12
"SENP7",0.0356875267755674,3.41927009787144e-12,5.81981348575812e-12
"SEPTIN1",0.0356348681877027,3.67776607290923e-12,6.2522023239457e-12
"USP10",0.0356297918284664,3.70367515971176e-12,6.29243417504028e-12
"MRPS26",0.0355623488007027,4.06535439057585e-12,6.90482535002437e-12
"SMIM8",0.0355620553157371,4.0670015558596e-12,6.90553230277614e-12
"SAP25",0.0355088616146703,4.37661050128517e-12,7.42898181912552e-12
"TCF3",0.0354147323966244,4.98206629365291e-12,8.44137478326572e-12
"SMIM4",0.035401209641892,5.07553394799207e-12,8.59455039186101e-12
"RNF138",0.0353461489435147,5.47417676732964e-12,9.25561532993348e-12
"TRIM44",0.0353271408014237,5.61879829653461e-12,9.49727581908983e-12
"COX14",0.0349130942003581,9.8824794202642e-12,1.65890812530467e-11
"SPOP",0.0349010713398996,1.00448841468279e-11,1.68566557175305e-11
"FGD3",0.0348296632709745,1.10647428824736e-11,1.85403845790552e-11
"ZNF138",0.0347098128636212,1.30089230220907e-11,2.17720937213392e-11
"WDR73",0.03469338733402,1.33001885572625e-11,2.22529250838779e-11
"RNASET2",0.0346182961002269,1.47151512800157e-11,2.46056627960918e-11
"CBX3",0.0345453321649416,1.62308053837143e-11,2.70996482745944e-11
"DRAM2",0.0345393091829903,1.63625388170833e-11,2.73114676476755e-11
"ZBED5",0.0345338319417056,1.64832445353598e-11,2.75047596202762e-11
"DBP",0.0345307483777211,1.65515823165713e-11,2.76105788866979e-11
"DNAJA3",0.0343640884059954,2.06882554705727e-11,3.44088684227433e-11
"OLA1",0.0342839681767485,2.30218166380368e-11,3.8222074974663e-11
"ADK",0.0342194003595087,2.50882030954706e-11,4.15912586777748e-11
"PCGF5",0.0341562620738511,2.72839714748722e-11,4.51913433640487e-11
"VMA21",0.034109700230066,2.90226891769115e-11,4.80145344389483e-11
"C8orf33",0.0339539648857106,3.56632114771149e-11,5.8913609065552e-11
"GGPS1",0.0338946002423525,3.85679638051525e-11,6.3581039361418e-11
"NOC3L",0.0338441380479999,4.12181364760853e-11,6.79100574539908e-11
"MAP4K4",0.0337537412886944,4.64180717837942e-11,7.63876159305032e-11
"EIF3I",0.0336042071153767,5.6461265030865e-11,9.26433743267483e-11
"REPIN1",0.0335090324464895,6.39296668330157e-11,1.04744576791244e-10
"SNRPF",0.0334983560174269,6.48254354085554e-11,1.0618122412905e-10
"NBEAL1",0.0334407891464112,6.98710389198444e-11,1.14378911100183e-10
"DGUOK",0.033280561870558,8.60233472695662e-11,1.40125138845025e-10
"CCS",0.0331858194426066,9.72358051364392e-11,1.58159717835728e-10
"EGLN2",0.0331718985535828,9.89993389697097e-11,1.60981533802919e-10
"GRAMD1A",0.0331633001907519,1.0010418198517e-10,1.6273093623205e-10
"ADI1",0.0331474978620151,1.02166214121669e-10,1.65986811822347e-10
"NPC2",0.0330126512150874,1.21536309897556e-10,1.97171399226515e-10
"NCF1",0.0330100391212744,1.21944908897848e-10,1.97777085549849e-10
"SMAP2",0.0329122048260733,1.38254264069889e-10,2.23840237065535e-10
"PCMTD2",0.0328416513234644,1.51319822420121e-10,2.44711502962491e-10
"SRSF8",0.03282183432475,1.55201754144977e-10,2.5077241957181e-10
"SELENOM",0.0327333185727739,1.73762379059601e-10,2.80358627128089e-10
"PSMB8-AS1",0.0326776273695777,1.86533604660357e-10,3.00532315377543e-10
"NRIP1",0.0325877189123241,2.09111070980626e-10,3.36521258807031e-10
"USP53",0.0324133202114503,2.60767398392834e-10,4.18331456958478e-10
"NDUFB3",0.0322694303944523,3.1259809945366e-10,5.00335331793162e-10
"C19orf48",0.0321632885015419,3.57149259847423e-10,5.70828304200582e-10
"MTAP",0.0321341300832087,3.70436332627826e-10,5.91390957894736e-10
"UTP18",0.0320657537353384,4.03515459323943e-10,6.43111576912113e-10
"SKP1",0.0320312139684983,4.21304130014444e-10,6.7088168304883e-10
"C18orf25",0.0317654310436139,5.8629937561399e-10,9.29660683209294e-10
"UBA2",0.031594349949655,7.24267746894798e-10,1.14583814441055e-09
"ITGB3BP",0.0315317196708764,7.82311937471334e-10,1.23697011533658e-09
"SVIL",0.031450256409223,8.64636468152103e-10,1.36559982723347e-09
"NDUFAF8",0.0313640143663412,9.6099084810587e-10,1.51522165763742e-09
"SSR2",0.0313528149665437,9.74247162735516e-10,1.53569165016753e-09
"MRPL24",0.0310353348009908,1.43381488106697e-09,2.24558947034777e-09
"SLC25A37",0.0310046987274196,1.48799506754104e-09,2.32784504431266e-09
"DUT",0.0309948702867585,1.50579572300128e-09,2.35503596488352e-09
"SLC25A39",0.0309811385741125,1.53101368154067e-09,2.39314203216583e-09
"ATP5PF",0.0309087842969161,1.67084088434979e-09,2.60952599142603e-09
"TRIM52-AS1",0.0308476449997789,1.79863049664271e-09,2.80442387052962e-09
"ANAPC15",0.0308267957947716,1.84434792055706e-09,2.8733107010067e-09
"ANAPC13",0.0307726834973239,1.9683503988005e-09,3.06394165851021e-09
"POLD4",0.0306675694988605,2.23286191120475e-09,3.46798320095754e-09
"CHCHD7",0.0306492504245247,2.28237487970037e-09,3.54390342516443e-09
"CCT7",0.0306021517370621,2.41463416918115e-09,3.74511962651541e-09
"CDC26",0.0305798856012419,2.47973068871646e-09,3.84289755903297e-09
"RAB3IP",0.0305124301192659,2.68754721464947e-09,4.16150700363885e-09
"ATXN7L3B",0.0304674449021238,2.83546332869415e-09,4.3857042387577e-09
"PECAM1",0.0304149722373148,3.01802927677042e-09,4.66551232920421e-09
"SYNJ2BP",0.030368857897446,3.18788328578657e-09,4.92266040001725e-09
"MRPL35",0.0301882511164136,3.94731856897806e-09,6.07696409768576e-09
"ST3GAL2",0.0301832991326113,3.97044514414101e-09,6.11089088028288e-09
"TAF8",0.0301783391626813,3.99374118975461e-09,6.14505981199215e-09
"RNF216",0.0301761180253057,4.00421652979079e-09,6.15948854733378e-09
"HDAC7",0.0301638048965662,4.06277460022962e-09,6.24614017738782e-09
"PLSCR3",0.0300941278764961,4.41017767572064e-09,6.77652609169892e-09
"CDK4",0.0296737647290255,7.20727556177766e-09,1.10261292341349e-08
"NPAT",0.0296025981897732,7.82713398617836e-09,1.19581213677725e-08
"TRMT112",0.029514382451454,8.66772559090192e-09,1.32243515270492e-08
"EVL",0.0294518651820307,9.31591836272792e-09,1.41939983744985e-08
"TMPO",0.0293267745345699,1.07573592250344e-08,1.63635534849357e-08
"GPANK1",0.0293254864651516,1.0773274397982e-08,1.63833205130602e-08
"TMX2",0.029311124805076,1.09522818819642e-08,1.66420101185858e-08
"MPP7",0.0291200506919253,1.3627208177718e-08,2.06506315172874e-08
"ZNF32",0.0290913984154711,1.40794963874533e-08,2.13245072174981e-08
"DBNL",0.0290309005863735,1.50828882569531e-08,2.28072784694089e-08
"CNOT7",0.029019261347573,1.52837434995986e-08,2.31047698821741e-08
"GIMAP8",0.0288521835544116,1.8469718740127e-08,2.78460419597185e-08
"MID1IP1",0.0286970551848045,2.19992171669212e-08,3.3105045146574e-08
"TCEAL4",0.0286369555310917,2.35356597453529e-08,3.53791669805546e-08
"METTL5",0.028619959843788,2.39887183115366e-08,3.60408970883022e-08
"TRMT10B",0.0286115087981679,2.42171396886081e-08,3.63743383274677e-08
"MRPL17",0.0285931543406836,2.47205323129908e-08,3.71105663034195e-08
"PARL",0.0285083590813193,2.71810268878908e-08,4.07279809938748e-08
"MRPS28",0.0284317906506743,2.96057781616843e-08,4.43375375032165e-08
"DCTPP1",0.0283530777469981,3.23167836055503e-08,4.83459082739033e-08
"LSM7",0.0282434879588969,3.64955894913402e-08,5.45101855821135e-08
"LUC7L3",0.0281873114243276,3.88362632029586e-08,5.79753689645018e-08
"UQCRC2",0.0280492748238997,4.5222944011917e-08,6.73660955674069e-08
"ATXN10",0.0279111914868782,5.26254810136066e-08,7.82063439698895e-08
"WDR61",0.0278152821624017,5.84446338152128e-08,8.67392581225778e-08
"ARFRP1",0.0278065230271768,5.90061255710483e-08,8.75494219660357e-08
"MEF2A",0.0277161032228079,6.51164176299549e-08,9.64114813681835e-08
"COX11",0.0277138601650741,6.52755308190029e-08,9.66215640882867e-08
"NDUFA4",0.0276337559236258,7.12113274223018e-08,1.05296664954959e-07
"TMEM141",0.0276142340897584,7.27352935147601e-08,1.07521738239211e-07
"CTBS",0.027586710017369,7.4937725641009e-08,1.10719157452215e-07
"SRFBP1",0.027543842413073,7.84971037868651e-08,1.15856025320788e-07
"MRPL50",0.027535153303206,7.92382730048537e-08,1.16826993838956e-07
"STYX",0.0274065884022526,9.10293830739324e-08,1.33824643355545e-07
"MRPS27",0.0273193474822426,9.99797975959282e-08,1.46828969767842e-07
"TMEM230",0.0273116969804471,1.00804114056346e-07,1.47962082641575e-07
"TAF1D",0.0272881105297291,1.03387089775625e-07,1.51634398337584e-07
"SORL1",0.0272452174196866,1.08249458074501e-07,1.58724375273902e-07
"RASA2",0.0272421628801556,1.08604037474973e-07,1.59191561695728e-07
"FMC1",0.0272417400716699,1.08653206726015e-07,1.59191561695728e-07
"KLHL36",0.0272102269506269,1.12379202496075e-07,1.64607656919838e-07
"CSTF2T",0.0271502616412467,1.19813669676191e-07,1.75359949617383e-07
"WDR43",0.0270736832213185,1.30002109308194e-07,1.90123001360523e-07
"EI24",0.0270499502335217,1.33326358625309e-07,1.94832214610051e-07
"KIAA0355",0.0269455632456605,1.48949759921281e-07,2.17153885955922e-07
"STK16",0.0268490893279658,1.64952961685505e-07,2.40360029884593e-07
"OMA1",0.0268070947747445,1.72427233275574e-07,2.50860160445013e-07
"PGK1",0.0267870908414464,1.76101698130559e-07,2.56139623155934e-07
"ZSCAN16-AS1",0.0266182067837056,2.1029158429561e-07,3.04762538852589e-07
"NDUFB6",0.0266103445247264,2.12030403680596e-07,3.07203141696318e-07
"LRPPRC",0.0265902244702439,2.16543666840897e-07,3.13661237019735e-07
"GDI2",0.0265447084157947,2.27098820780196e-07,3.28610880726566e-07
"TXNL1",0.0265035791156014,2.37062920342542e-07,3.42852019366244e-07
"ARHGAP5",0.0264924613979562,2.39828032281055e-07,3.46672316695882e-07
"THAP11",0.0264889302626985,2.40712769761384e-07,3.47861576084845e-07
"MRPS18C",0.0264886322156894,2.40787590543921e-07,3.47880088321245e-07
"OSTC",0.0264543634839881,2.4954175880019e-07,3.6024942533944e-07
"CARF",0.0264345438902313,2.54744297070775e-07,3.67570860742553e-07
"SRSF6",0.0263446263487501,2.79692458853854e-07,4.02946762755553e-07
"THAP5",0.0262851032503619,2.97488340054424e-07,4.28145096897209e-07
"TRNT1",0.0261695998434954,3.35190664213726e-07,4.81295015674176e-07
"MTHFS",0.0261606371815053,3.38301702625682e-07,4.85637807505137e-07
"TSR2",0.0259917642395573,4.02403920358324e-07,5.76624774766334e-07
"MFSD12",0.0258836665493665,4.49428003517911e-07,6.43022468690507e-07
"GGNBP2",0.0258572994581191,4.61678195059114e-07,6.60212764282853e-07
"UBE2R2",0.0258409604795022,4.69430266145695e-07,6.71127368266399e-07
"NUDC",0.0257520142768594,5.1388298453465e-07,7.32998612570401e-07
"FLYWCH2",0.0257152610788056,5.33412858132551e-07,7.60662464190038e-07
"IFIT3",0.0256636932606618,5.62025394445706e-07,8.00650701584665e-07
"FUNDC2",0.0255142490821294,6.53549802347774e-07,9.29382608661853e-07
"RPP21",0.0253710746274844,7.54601221464804e-07,1.07172477276394e-06
"GCC2",0.0252927591110056,8.16079507720721e-07,1.15757421954823e-06
"NCOA3",0.0252616304910823,8.41831965630442e-07,1.19319790985012e-06
"ACADM",0.0251621612706129,9.29474122380124e-07,1.31642257676155e-06
"CSTF3",0.0251444683558234,9.45957021367399e-07,1.33909131715143e-06
"SNAPC5",0.0251310112174015,9.58681869567409e-07,1.35641999704241e-06
"TMEM219",0.025048193258691,1.04069706135226e-06,1.47060718241465e-06
"COA4",0.025041439939904,1.04767487648785e-06,1.48009470085541e-06
"MRPL23",0.0250241768083717,1.06571714610789e-06,1.50520473053003e-06
"MDP1",0.0250157382388917,1.07464502021806e-06,1.51743230894118e-06
"SFMBT1",0.0249601895363188,1.13523646204366e-06,1.59976803618813e-06
"SUCLG1",0.0249171370822665,1.18444496868723e-06,1.66660052027473e-06
"JAK3",0.0248955820572653,1.20984677830689e-06,1.70191585413783e-06
"EIF1AX",0.0248433794136502,1.2735558175714e-06,1.78974151717824e-06
"SPNS3",0.0247611456622284,1.38050805429338e-06,1.93810064679326e-06
"EBAG9",0.0247404505727031,1.40875470002117e-06,1.97676685020479e-06
"ING4",0.0247337771311683,1.41798116401789e-06,1.9882215271533e-06
"PPP1R14B",0.0247195883650412,1.43779154376897e-06,2.01549489268964e-06
"YIPF4",0.0246963391985916,1.47082861563566e-06,2.06129116505522e-06
"IL17RA",0.0246237584890185,1.57872802955382e-06,2.21084978676908e-06
"MRPL51",0.0245705096651381,1.66268547866332e-06,2.32610113099781e-06
"GMPR2",0.0244946060278362,1.789816607652e-06,2.50146267287686e-06
"MRPL52",0.0244605096025136,1.849918206857e-06,2.58224462315695e-06
"TUBB",0.0243994008350705,1.96251921119751e-06,2.73737761681204e-06
"NDUFC1",0.024397837760478,1.96548401942655e-06,2.74083155579988e-06
"HIST1H2AC",0.0243496202534994,2.05908485629644e-06,2.87064265502561e-06
"NCBP2",0.0242812569998172,2.19916168421434e-06,3.06212386409591e-06
"CDR2",0.0242314258673687,2.30698503828529e-06,3.21145231827632e-06
"RING1",0.0242309115125688,2.3081240191248e-06,3.21145231827632e-06
"ABCD2",0.0240528773324007,2.73654957795486e-06,3.79531350613765e-06
"OARD1",0.0240147060870696,2.83786343269643e-06,3.93485265878077e-06
"NXT1",0.02400041221327,2.87672049672339e-06,3.98774449879373e-06
"NDUFAF2",0.023924099307882,3.09296354304995e-06,4.28538539800202e-06
"TSNAX",0.0239012476419571,3.16069423056539e-06,4.37598584241655e-06
"CEBPZOS",0.023891211448094,3.19088831176128e-06,4.41669958770806e-06
"DEAF1",0.0238762258105511,3.23648837052963e-06,4.4776078319781e-06
"ZNF274",0.0237741330396103,3.56419807091376e-06,4.92491408320842e-06
"DKC1",0.0237476033361909,3.65442935759366e-06,5.04834983898065e-06
"PPA2",0.023723436266254,3.73852775939154e-06,5.16071376234905e-06
"ZNF429",0.023700566265107,3.81981879411071e-06,5.27163184131884e-06
"H1FX",0.0236757725295462,3.90986112204408e-06,5.39059250299024e-06
"MRPS23",0.0236532377726862,3.99346149987861e-06,5.50179740037304e-06
"UQCC2",0.0234537108092948,4.812278253522e-06,6.61040181250206e-06
"NDUFS5",0.023296076868561,5.57053590991464e-06,7.64262813759382e-06
"ZBTB25",0.023227994636662,5.93226402164524e-06,8.12896950694425e-06
"PRKRA",0.0232105982076526,6.02823775915863e-06,8.25846491547739e-06
"EIF5A",0.0231898453981899,6.14467220380181e-06,8.41181333902591e-06
"TAPT1",0.0230682649859836,6.87124885699778e-06,9.39729548702036e-06
"PIGK",0.0230645484073526,6.89470515237935e-06,9.42707674990206e-06
"MITD1",0.0228540645104201,8.35558274703195e-06,1.13995182905762e-05
"COA5",0.0227143705113284,9.48374259444414e-06,1.29198144620766e-05
"EBLN3P",0.0226504044650965,1.00475991791392e-05,1.36746801055242e-05
"SEPHS2",0.0225648593377219,1.08518806363095e-05,1.47585576653809e-05
"ECI2",0.0225570441268552,1.09283468430916e-05,1.48553491130952e-05
"C9orf72",0.022527699887539,1.12200764888373e-05,1.52445214585558e-05
"ZRANB2",0.0225219261429104,1.12783455844894e-05,1.53199803217882e-05
"TOMM40",0.0224358088254953,1.21824845988762e-05,1.65121378593127e-05
"ENTR1",0.0224260645478652,1.22890397885357e-05,1.66525394235955e-05
"MRPL46",0.0221588737079822,1.55824968235246e-05,2.10493154779612e-05
"CCNY",0.0221537547680517,1.56531444646595e-05,2.11396582683533e-05
"N4BP2L1",0.0220830643136487,1.66605262743811e-05,2.24784878305142e-05
"MRPL57",0.0220744940850731,1.67867750042424e-05,2.26433776806444e-05
"NDUFAF3",0.0220630268648888,1.69571261784256e-05,2.28676629473479e-05
"ATP5F1D",0.021993628281762,1.80237569686014e-05,2.42827273280148e-05
"PNISR",0.0217548143760607,2.2203955242485e-05,2.98500332878843e-05
"MTLN",0.0217044677172356,2.31959534759129e-05,3.11463137864699e-05
"CRYZL1",0.0216278103127811,2.47877365929766e-05,3.3243892490222e-05
"YBX1",0.0216246775933689,2.48549479219811e-05,3.33260654498839e-05
"TMEM63A",0.0216001146303242,2.53879782169763e-05,3.40245001904531e-05
"ZC3H8",0.0215808545532529,2.58135196236896e-05,3.45782820174066e-05
"TSPAN32",0.0215216498834109,2.71645003906956e-05,3.63706079216712e-05
"MGMT",0.0214955983868991,2.77800280518391e-05,3.71858643213594e-05
"STT3B",0.0213781465471589,3.07235203430465e-05,4.10573961706744e-05
"NAA20",0.0213355038745736,3.18637492804228e-05,4.25406076780513e-05
"AQP3",0.0212494231228041,3.42891192018846e-05,4.57242592637444e-05
"ENOSF1",0.0212385225931694,3.46084689580575e-05,4.61281802933483e-05
"JPX",0.0212239144571249,3.50408706017775e-05,4.66934166451239e-05
"ARMC10",0.0212230236434951,3.50674040185486e-05,4.6717676690586e-05
"DHRS4L2",0.0211624662283148,3.69165580549007e-05,4.91578188198416e-05
"ERGIC2",0.0211194301039449,3.82865609086321e-05,5.0933745956231e-05
"AHSA1",0.021084660367844,3.94285181061131e-05,5.24156366292167e-05
"TUFM",0.0210686458812189,3.9965293890445e-05,5.31040499112734e-05
"TBC1D10A",0.0210383265111343,4.10005911386545e-05,5.44410216065921e-05
"SLC35C2",0.0210002230400233,4.23377966335543e-05,5.62032747549076e-05
"THUMPD3-AS1",0.0209580453493713,4.38661987425471e-05,5.81909139148e-05
"FAAP20",0.0209387744879848,4.45818074159138e-05,5.91122523288292e-05
"RANBP1",0.0209340324167555,4.47595905054315e-05,5.93339562229374e-05
"TMEM131L",0.0208463600117474,4.81701301273485e-05,6.37646130284155e-05
"VPS35",0.0206707262009121,5.5757290626303e-05,7.36516130006027e-05
"MRPL12",0.0205919942131749,5.95140965461539e-05,7.85586074409232e-05
"MRPL32",0.020590034330126,5.96106045292915e-05,7.86526184632599e-05
"CUEDC2",0.0205429297144195,6.1975189992363e-05,8.17303281281515e-05
"NDUFAF4",0.020373956805294,7.12087499447387e-05,9.37308979798179e-05
"PLGRKT",0.020356263181977,7.22475552508185e-05,9.50759523708871e-05
"LINC00909",0.020313166890667,7.48380664247378e-05,9.84157413602389e-05
"GTF2H3",0.0202671602144201,7.77003354957394e-05,0.000102131884285637
"COA6",0.0201969399317123,8.22693318171815e-05,0.000108086873886274
"AC127502.2",0.0201489743232949,8.55350049463558e-05,0.000112351060114506
"SSBP1",0.0199914243910244,9.71447012995542e-05,0.000127243001235232
"ANK3",0.0199721707372499,9.86614179786128e-05,0.000129199475924374
"TMEM223",0.0199215007298616,0.000102760511725851,0.00013437913071842
"TRMT13",0.0198190943169846,0.000111540591234845,0.000145690970157737
"UFL1",0.0197626776761445,0.000116675211297981,0.000152362182351414
"KDSR",0.0197512996727525,0.000117737407379208,0.00015364197613337
"AC015871.7",0.0197415494575265,0.000118654889431637,0.000154767247084744
"SPCS1",0.0197307373195653,0.000119680178175796,0.000156032024068374
"SCO1",0.0196039795378859,0.000132340196042557,0.000172177295871694
"FXN",0.019463516636188,0.000147838750178368,0.000192162972312475
"MRPL34",0.0194583996274628,0.000148434404539224,0.000192892520144788
"THAP7",0.0194046591416712,0.000154828138144487,0.000201108093306454
"AASDH",0.0193546441080977,0.000161010736488242,0.000208848608485326
"DYRK2",0.0193487192181263,0.000161758339638039,0.000209769830182478
"MRNIP",0.0193204330688736,0.000165372724756958,0.000214357898772304
"FRA10AC1",0.0193075076402034,0.000167049496834382,0.000216481329923973
"ITFG2",0.0192069498329003,0.000180651457241521,0.00023383818069334
"PYURF",0.019162462674512,0.000186995430399284,0.000241770998972109
"MARCH9",0.0191193206387428,0.000193347104964442,0.000249925635679843
"MED11",0.0190987845390964,0.000196441288721795,0.000253808297956994
"MICOS13",0.0190713171375441,0.000200652589400123,0.000259189736710728
"CYHR1",0.019029430667318,0.000207238227012943,0.000267635003117543
"MRPS14",0.0189418906445879,0.000221662748713558,0.000285868510409898
"MRPS16",0.0189320914118121,0.000223334827783003,0.00028795871842396
"TMED3",0.0188834627645105,0.000231809116181967,0.000298542043567685
"STAT5A",0.018882692280744,0.000231945781844108,0.000298649491885574
"SETD1B",0.0188436751786439,0.00023896619757829,0.000307477148718854
"CAMLG",0.0187759356627881,0.000251630350708309,0.000323549453924734
"HSPE1",0.0187276888015945,0.000261031166042191,0.000335483354294775
"UCHL3",0.0186873902460438,0.000269134618151124,0.000345739685786079
"WDR6",0.0186836246755857,0.000269903745973257,0.000346569012339201
"AC009950.1",0.0186550040210539,0.00027581728417203,0.000354081227506885
"CCT6A",0.0185814818447396,0.000291569607314689,0.00037396101898386
"WASHC3",0.0185404642858085,0.00030072003699318,0.000385609007435827
"ATP5MPL",0.0185164955404079,0.000306190903574674,0.000392444818152598
"FOSB",0.0184437637295346,0.000323367816200605,0.000414271168962182
"HIKESHI",0.0183999187166722,0.000334154025701228,0.000427991800041984
"EEF1E1",0.0183994534855189,0.000334270260420535,0.000428042949317325
"CRTAM",0.018327244913457,0.00035277681042963,0.000450815012872488
"FBXO22",0.0183257826309346,0.000353161297632446,0.000451203570876343
"PLRG1",0.0182866450437359,0.000363598776639645,0.000464221469492128
"POLM",0.0182037235200458,0.000386672924595558,0.000493120051598336
"OIP5-AS1",0.0181843842930275,0.000392247672852778,0.00050000214603592
"ZNF737",0.0180605811566467,0.000429752898528699,0.000547188779107127
"SNUPN",0.018038823616891,0.000436680520060283,0.000555757195448773
"PIAS2",0.0179052969551599,0.000481530656184276,0.000612142982368862
"POLR2C",0.0178241049368353,0.000510865273627198,0.000648699453383563
"SP110",0.0178172915904847,0.000513401215756934,0.000651772079745735
"SH2D3A",0.0176637630296208,0.000573751486950373,0.000727400190235388
"RBMX2",0.017629362784942,0.000588150419532924,0.000745486636597312
"BX890604.2",0.0176135594652782,0.000594877363958472,0.000753842785590022
"ACTG1",0.017592893987864,0.0006037820415462,0.000764781497646011
"CMC4",0.0175101513326433,0.000640692833396515,0.000810802344993108
"ISCA2",0.0174716800751358,0.000658559842031992,0.000832474248264866
"STX17",0.0174157568183585,0.000685359551418224,0.000865376341088507
"PGLS",0.0173813896994158,0.00070232833178066,0.000886403136398089
"FKBP5",0.0173325175155447,0.000727132128126928,0.000916676682874622
"MACO1",0.0172951476167376,0.000746644585735842,0.000941064058858251
"CEPT1",0.0172671391282044,0.000761586635821501,0.000959465759478693
"ERC1",0.0171932225839385,0.000802363431521865,0.00100993018865552
"SNRNP40",0.0171513186318571,0.000826370830640155,0.00103921550322602
"SFXN1",0.0171364337492726,0.000835057790177461,0.00104990457258977
"ABI2",0.0171298865317114,0.000838905567116483,0.00105426976512623
"HPCAL1",0.017069883770704,0.000874942828148764,0.00109906611417702
"TTC39B",0.0170379360344055,0.000894710885828622,0.0011231434480865
"ZNF33B",0.0169386981600574,0.000958786583379949,0.0012016963209923
"STX16",0.0168751639300569,0.00100201348503905,0.00125419358569145
"MAX",0.0168689693516559,0.0010063232344606,0.00125902616978679
"AC114760.2",0.0168564547089273,0.00101508243360964,0.00126970177314384
"ERGIC3",0.0167786729873594,0.00107112456424938,0.00133950263161816
"RPA3",0.0167649127460619,0.00108133194274445,0.00135166492843056
"HPS4",0.0166458653397219,0.00117347232459243,0.00146423036943138
"NAA25",0.0166194724484766,0.00119485880406848,0.00149025297706184
"GART",0.0164101612361693,0.00137765530873525,0.00171442907764081
"PRPSAP2",0.016343035106381,0.00144153147882826,0.00179352219920748
"RRS1",0.0161671543363278,0.0016220643955649,0.00201233552833239
"AK6",0.0161561201689896,0.00163405642702788,0.00202676465965651
"ACYP2",0.0161428649562997,0.00164857016361494,0.00204341109542197
"VBP1",0.0161120066710464,0.00168281896820841,0.00208540190228611
"NHLRC3",0.0160946029707063,0.00170242235070651,0.00210922910500519
"FAM207A",0.0160475760677525,0.00175644835762225,0.0021747241858885
"CDKN2AIP",0.0159341427401457,0.00189331365632585,0.00234056624327634
"ZC3H6",0.0159005812253116,0.00193564685717396,0.00239131884359082
"SDHC",0.0158616924885002,0.00198578561712124,0.00245110171882291
"OSGEP",0.0158075769578582,0.00205754083704687,0.00253855379279369
"MRPS34",0.0157589936129364,0.00212397884329178,0.00261994751778076
"PBX2",0.01574569164621,0.00214250932092625,0.00264222406911326
"IFIT1",0.0157249070187583,0.00217176054538826,0.00267712077776931
"EIF3J-DT",0.0156959242067084,0.00221316083382113,0.00272695635355514
"GTF2H1",0.0156693536268646,0.00225174957346333,0.00277328542417766
"MRPL15",0.0156300249636986,0.00230999943844285,0.00284253056583996
"RTCB",0.0156079816758801,0.00234324823099094,0.00288217991139206
"ARL6IP5",0.0156028352143395,0.00235107368238718,0.00289117127535995
"NUP37",0.0154473923038341,0.00259900932228032,0.00319326375339303
"CCND3",0.0154255629793302,0.00263568067686146,0.00323761081611403
"TBL1X",0.0154003897668013,0.00267855628694818,0.00328739898704426
"SNHG15",0.0153362457835983,0.0027907046674151,0.00342054908984022
"ICOS",0.0153134300668202,0.00283161817063445,0.00346918059341762
"NDE1",0.0152661340593622,0.00291817964806762,0.00356977492927592
"PATJ",0.0151864966256739,0.00306940523360758,0.00375231278285869
"VPS8",0.015154331974042,0.0031324840401075,0.00382859160457584
"NOP56",0.0151442768898835,0.00315244439395078,0.00385214834460115
"TUG1",0.0151032133514231,0.00323516883122534,0.00395065240382546
"NDUFB1",0.0150802947454794,0.00328219482059507,0.0040063344089509
"TEFM",0.0150590717818189,0.00332629596782595,0.00405751693400817
"ZCCHC9",0.0150441772718165,0.00335756818020662,0.00409388339294917
"PRH1",0.0150023514881308,0.00344682150686895,0.00419997147122824
"OST4",0.0149845024595255,0.00348556330683827,0.00424625627608311
"PNKD",0.0148555049231181,0.00377754706698484,0.00459497811053446
"ECHDC1",0.0148275378826097,0.00384371100376809,0.00467140787069736
"NDUFA8",0.0147681139698871,0.00398780287660716,0.00484233206445155
"NDUFA10",0.0147599194079511,0.00400805338533912,0.00486481598696505
"ACBD6",0.0147544127989782,0.00402171378739855,0.00487928510971148
"MALSU1",0.0147337961603841,0.00407323422661648,0.00493965499596161
"SURF1",0.0147265680106353,0.00409143852541172,0.00496065920197962
"IPO7",0.0146440989711306,0.00430442888916176,0.00521439129090855
"CDKN2AIPNL",0.0146025394274572,0.00441552947095511,0.005342057436286
"RBMX",0.0145884574963069,0.00445375994615463,0.00538714818842766
"AK3",0.0145848760309947,0.00446353084587246,0.00539780298455367
"DTWD1",0.0145284735175532,0.00461999036564498,0.00558219813725358
"YDJC",0.014521855309906,0.00463867102879191,0.00560356254770082
"CIRBP",0.0145128178249686,0.00466429084931188,0.00563329852844772
"POLE4",0.0144903689458284,0.00472848506902443,0.00570959992191715
"FAM32A",0.0144828657361432,0.00475011869854243,0.00573325428115814
"KANSL1-AS1",0.0143920057673946,0.00501929396128153,0.00604643313781176
"PAM16",0.0143679847590174,0.00509272497608629,0.00613225737622754
"SGSM3",0.0143581706618446,0.00512300455707945,0.00616739389811496
"ANKZF1",0.0143453757816432,0.00516272510799192,0.0062125456576222
"DENR",0.0142955464891604,0.00532008160771845,0.00639367134089557
"URM1",0.014160113164459,0.00576988735549161,0.00692386482658993
"NOLC1",0.014121390966261,0.00590465036210058,0.00708255046640673
"MTX1",0.0141103898705375,0.0059434509794327,0.00712756733531797
"HDAC2",0.0140882873033018,0.00602210150803806,0.00722034397522836
"FIBP",0.0139858122019599,0.00639914128791266,0.0076674888135818
"PPIH",0.0139426822699867,0.00656408452844792,0.00786176648262017
"RBM26",0.0138475499647879,0.00694149251916544,0.00830807987043346
"TMEM126A",0.0137667559856114,0.00727720144191312,0.00870285655278887
"MRPS17",0.0137050943349563,0.00754313877370831,0.00901128801543944
"EXOSC7",0.0134843821461713,0.00856790420677904,0.0102159282890607
"NOL7",0.0134384713521135,0.00879609039596332,0.0104835494203004
"SLC16A7",0.0134267331518642,0.0088552964711691,0.010549631175039
"PDCD6",0.0133497731061907,0.00925236969247741,0.011015660860526
"MRPL21",0.0132863826262144,0.00959128375934937,0.0114118985980806
"PIBF1",0.0132502148994561,0.00978957296178798,0.0116404205840675
"DESI1",0.0132294804339802,0.00990488958276173,0.0117725488473079
"MRPS15",0.0132251558148803,0.00992909331579967,0.0117988166705436
"AARSD1",0.0132068719726948,0.0100320063352143,0.0119135384294141
"ZNF580",0.0131864531371349,0.0101480583437267,0.0120488057795358
"HSD17B11",0.0131826284915949,0.0101699284387561,0.0120722172114731
"ITM2C",0.0130806076724748,0.0107690056039195,0.0127698417750979
"NDUFB4",0.0130367662418534,0.0110359439566801,0.0130780831425804
"MRPS2",0.013022455084037,0.0111243445545565,0.0131800576454197
"NDUFA7",0.0129736012544055,0.0114308736046484,0.0135403718163171
"HSPH1",0.0129045134957358,0.0118771528503743,0.0140601028678202
"GTPBP10",0.012893066997438,0.0119525661745808,0.0141463916116874
"HMGN2",0.0128672281699888,0.0121243636116674,0.0143466947609058
"SVBP",0.012862373595186,0.0121568838442789,0.0143821422113886
"TNRC6B",0.012853855863617,0.0122141299637785,0.0144468203872649
"GALT",0.0128252735425941,0.0124079758648531,0.014673006872223
"TECR",0.0128123067579662,0.0124968117569233,0.0147718318492077
"NTPCR",0.0127891737557394,0.012656696159322,0.0149545209464609
"LTV1",0.0127316142173669,0.0130624036050054,0.0154208931447981
"ILF2",0.0127003413452142,0.0132876170409625,0.0156768731019557
"PIGC",0.0126763873830158,0.0134624374711134,0.0158731135378197
"STOML2",0.0126051834455999,0.0139941549086243,0.0164931111423072
"AKR1A1",0.0125673412598496,0.0142842179996237,0.0168279006673433
"ZNF493",0.012499431389336,0.0148180717267301,0.0174494925245499
"THUMPD3",0.0124873309995557,0.0149150192430244,0.01755260288512
"IFITM3",0.0124634432888139,0.0151080477347615,0.0177723102939845
"NEPRO",0.0123856927866358,0.0157516418692815,0.0185061174631768
"RAD23A",0.0123403058627796,0.0161383843491376,0.0189446194180084
"MIATNB",0.0123322277286609,0.0162080863138409,0.0190184823720241
"MZT2A",0.0123222724877828,0.0162943486540684,0.0191117072860807
"TLE5",0.0122783244384771,0.0166799985250613,0.019555860339727
"MAP4K2",0.01227275418175,0.0167294460454033,0.0196056386702972
"GTPBP8",0.0122380411734041,0.0170405053840531,0.0199576691449975
"GNG10",0.012192821848643,0.01745331467955,0.0204283528796736
"MCM3",0.012178113878541,0.0175894611985476,0.0205834120408536
"AKR7A2",0.0121490821142162,0.01786093265231,0.0208967324670404
"ENOPH1",0.0121139704963041,0.0181941546073809,0.0212732820649035
"AL662844.4",0.0120026716821236,0.019286658491889,0.0225225133512692
"OAZ2",0.011994399849248,0.0193700969036354,0.0226058339149978
"ZNHIT3",0.0119540055253837,0.0197821031074557,0.0230722657864505
"SF1",0.0119322703627893,0.0200069437246454,0.0233248034695055
"TNFSF8",0.0118984307561676,0.0203614392781408,0.0237134470314242
"PNPT1",0.0118901730759724,0.0204487718941691,0.023810213849375
"FIS1",0.0118690059730775,0.0206741271530651,0.024057633961563
"PCBP1-AS1",0.0118640580342535,0.0207271164743099,0.0241092936804642
"CZIB",0.0118404321802553,0.0209817701111977,0.0244004416094152
"TRMT6",0.0117759212782828,0.0216910399981388,0.0251939408674035
"HMGN3",0.0117119178411809,0.0224152618577072,0.0260189569670469
"HIVEP2",0.0116761039302381,0.0228296105961585,0.0264889587268767
"LAMTOR4",0.0116563253723194,0.0230612781995739,0.0267411679825568
"RMDN1",0.0116060802013481,0.023659005452646,0.0274172734123826
"PHF14",0.0115616967285532,0.0241981356726379,0.0280362538462409
"AC025159.1",0.011556157337154,0.0242661650713173,0.0281092682325191
"CUTC",0.0115484282663541,0.024361362969383,0.0282137172291987
"ISCU",0.0115421238608819,0.0244392529752417,0.0282980823923851
"SCAMP1-AS1",0.0114699061760392,0.0253469997939042,0.0293370474198065
"IL27RA",0.011458593873437,0.0254918021847365,0.0294985582211988
"MFF",0.011453499133295,0.0255572504719035,0.0295681945034809
"NUDCD3",0.0113793524246499,0.02652633613031,0.0306640728809065
"RRP1B",0.0113607638107998,0.0267742056581753,0.0309442302724276
"POLR3D",0.0113527864846647,0.026881190972086,0.0310614791665092
"TMEM245",0.0113366179346665,0.0270991628043215,0.0313004536405689
"TRIAP1",0.0113245732279164,0.0272625301118897,0.0314826665145535
"WBP4",0.0112627680281444,0.0281142529317566,0.0324461960393241
"ZNF721",0.0111786160028838,0.0293107359049103,0.0338131253190514
"AIP",0.0111443173438023,0.0298108209481146,0.0343547053243473
"CFAP298",0.0111092500473586,0.0303296794303908,0.0349382960173496
"MKRN1",0.0110824130616741,0.030731984787658,0.0353726784281415
"SMARCB1",0.0110666972919332,0.030969695932826,0.0356316641064713
"CTDSP2",0.0110553660040195,0.0311420666227878,0.0358226355861882
"ACTL6A",0.0110466495224397,0.0312752207106676,0.035968427262576
"PPP1R21",0.0110326685303568,0.0314898162156642,0.0361929663941561
"PREPL",0.0110220500340124,0.0316536432136358,0.0363738095920723
"SUN1",0.0109672045749839,0.0325115088205388,0.037329014425547
"PRDX4",0.0109605470095377,0.0326169862683533,0.0374424581472196
"MRPL38",0.010902732800297,0.0335453367088146,0.0384923990461137
"IMMP1L",0.0108451121418985,0.0344929744058554,0.0395636038472396
"QARS",0.0108277051405144,0.0347837127922349,0.0398889265667289
"DMAC2L",0.010744241537699,0.0362069961066267,0.0414871830388431
"ZNF585A",0.0107411755743629,0.0362602108445521,0.0415396738488743
"MRPL4",0.0106888258902892,0.0371791613737975,0.0425750347636261
"ORC4",0.0105764307295668,0.0392193036865282,0.0448197787087845
"IMP4",0.0105694801943353,0.0393485284781855,0.044958298322326
"ARMC1",0.0105193036934942,0.0402921796893277,0.0460271081362509
"ARHGEF18",0.0104598999937859,0.0414341055338116,0.0472834279993253
"CMPK1",0.0104331541026656,0.0419571251332243,0.0478705454540143
"TIMMDC1",0.01036321818871,0.0433512001212596,0.0494208967039761
"UBA3",0.0102597040526764,0.045486309336206,0.0518127017013313
"BDH2",0.0102510143669117,0.0456695090387883,0.0520003949071651
"EMG1",0.0101918210701722,0.0469340592749748,0.0534077226232472
"C6orf226",0.0100794222087705,0.0494163786328906,0.0561640770118551
"SIVA1",0.0100622325552879,0.0498055522426022,0.0565949256797648
"SNHG16",0.0100583796882231,0.0498931328054112,0.0566829637582739
"ZNF766",0.0100482086700409,0.0501249535288107,0.0569232771855522
"PITHD1",0.00999944303266541,0.0512490118739679,0.0581527015802912
"GTPBP6",0.00987423277343139,0.0542321245927876,0.0614134475102015
"TRBC1",0.00976653799824742,0.0569125511227321,0.0643319387061308
"RNF20",0.0097244983503018,0.0579883704863322,0.065482036720677
"GID8",0.00962961979606854,0.0604785713432372,0.0682390959846261
"ACOT13",0.00952769179785486,0.0632518872759561,0.0713109098911
"DEXI",0.00944999804610185,0.0654357073765859,0.0737285234751249
"UQCRFS1",0.00941937109295227,0.0663134846798644,0.0747025399706906
"SOCS1",0.00940792452999298,0.0666440266529732,0.07505982524055
"RPL26L1",0.00925607774308459,0.0711586812879348,0.0799840116259897
"ARHGDIB",0.00920884709940697,0.0726130003714957,0.0815533397565747
"CHID1",0.00917242389251709,0.0737510783015363,0.0827818225833571
"AL499604.1",0.00913619700856524,0.0748974467234298,0.0840181315973688
"ATP5F1C",0.00911246057078222,0.0756564267237323,0.0847847690611542
"IMMT",0.00909039402363302,0.0763676299378235,0.0855460683954754
"ATF1",0.00908305437171134,0.0766053912071885,0.0857625712776547
"C2orf68",0.00906169994024904,0.0773005824957049,0.0865063370837631
"FKBP3",0.0090256050586742,0.0784873281970037,0.0878168949312307
"APIP",0.00899487682363847,0.0795092725046314,0.08894257602213
"PCBP1",0.00892921697328051,0.0817292182694184,0.0913348435241906
"RSAD1",0.00892765947585704,0.0817824812997108,0.091376164128934
"STMP1",0.0088722981361693,0.0836940797028139,0.0934933865258434
"SLC7A6OS",0.00882566484974548,0.0853322336614331,0.0952664339981372
"MAGOHB",0.00882476486966747,0.0853641016917223,0.0952830502368806
"ACP1",0.00880948210416187,0.0859067302697535,0.0958430631722371
"NUP160",0.0087486888167364,0.0880929038841034,0.0982312046888928
"LCMT1",0.0087121212051345,0.0894293663826414,0.0996818488787241
"RPUSD3",0.00869309205528982,0.0901312702036302,0.100404373677992
"WDR74",0.00862097522798529,0.0928316814047918,0.103371522961668
"REXO4",0.00856804781461735,0.0948545708920681,0.105561226483734
"PFDN1",0.00853776244780813,0.0960278727139198,0.106803403236536
"PPIE",0.00850332736452337,0.0973760218585037,0.108259905395602
"TRIM5",0.00847720955307005,0.0984086008674005,0.109364550488533
"PLPBP",0.00845710849450469,0.0992092442368117,0.110232493596457
"HMCES",0.00845033055583495,0.099480384557346,0.110511872745883
"SMIM19",0.00843972977962082,0.0999056362229845,0.110962308297554
"CDK10",0.00816865094205583,0.111280685064061,0.12335203382916
"MRPL48",0.00798567981242667,0.11951985697743,0.132119487220371
"PGS1",0.00797245580569318,0.120133376794679,0.132771521634781
"HNRNPA0",0.00792812657074728,0.122208005617874,0.135011207466773
"RBM12B",0.00792692838293046,0.122264467579556,0.135046990179427
"TP53TG1",0.00790563433831764,0.123271306748176,0.13610549711814
"LYRM1",0.00786373849620121,0.125271141009164,0.138259118839546
"SRSF5",0.0078378702367137,0.126518493243989,0.139580874552366
"ACAA1",0.00783462780767365,0.126675520874971,0.139726636277741
"UBE2G2",0.00778040497356251,0.129324020203829,0.142507906765563
"NARS",0.00768874598842578,0.133898617904387,0.147317365452758
"SUPT20H",0.00768748067289381,0.133962633068782,0.147358896375661
"SUCLA2",0.0076638456279892,0.135162738741083,0.148649865582724
"MTX3",0.00752557949454133,0.14235052867345,0.156493526525192
"CARS2",0.00750479619437215,0.143455866493849,0.157616022528494
"TMEM126B",0.00746255731749258,0.145722567860399,0.159981136144196
"ZNF43",0.00743006280036626,0.147484930939536,0.161852594399608
"AC118549.1",0.0074013279642822,0.14905691696433,0.163545727394855
"R3HDM1",0.00730615701012854,0.154354788577764,0.169259257998682
"TWF2",0.00728512459169616,0.15554467109236,0.170530702526508
"ELP5",0.00722475149199037,0.158998875642219,0.174215564912666
"CRBN",0.00718694355628223,0.16119139941764,0.176480045029852
"BIRC2",0.00715866112072547,0.162846402607376,0.178222457789188
"MRPS5",0.00715001438958512,0.16335493269082,0.178744133488493
"ORC3",0.00713733081192569,0.164103041799437,0.179527703684641
"SDCBP",0.00705973977390953,0.168735841701162,0.184523990632264
"ZNF24",0.00705484595740477,0.169031298396608,0.184811066849537
"TMEM203",0.00705416533038059,0.169072420935494,0.184820008076408
"ACAT2",0.00704402914230274,0.169685723716416,0.185454297691233
"METAP2",0.00703319355711757,0.170343187327253,0.186100346817116
"RPL7L1",0.00701523344844754,0.171437142031256,0.187259027802833
"ZNF280D",0.00700565250606878,0.172022866507364,0.187862231089412
"TOMM70",0.00700156646894325,0.172273118590454,0.188098909165521
"EID2",0.00696281866704393,0.174659804166195,0.190593561830841
"GRHPR",0.00694552367141265,0.175733028709016,0.191727400050093
"PIGBOS1",0.00693677684397505,0.17627767390678,0.192284221391607
"HIF1A",0.00692685760279175,0.176896844156438,0.192922102588961
"WDR75",0.00692612021619855,0.176942937284609,0.192934864561061
"SSU72",0.00687806634314599,0.17996605210215,0.196116851649779
"PTEN",0.00678115435179559,0.186179336234416,0.202612235940848
"ZFAND2B",0.006762100424071,0.18741936450859,0.203922155720168
"PRPF6",0.0066937804656455,0.191915751575331,0.208693034762087
"USP3",0.00666875254468255,0.193582629178741,0.210440292867627
"DPM3",0.00666852897090155,0.193597567110486,0.210440292867627
"BLMH",0.00665832630847578,0.194280152080054,0.211141350865769
"TRIM27",0.00664730859905021,0.195019247461931,0.211821486594663
"MPV17",0.00663534507580642,0.195824123318184,0.212654535775264
"TRIM4",0.00651852983626686,0.203811405373524,0.221028800337419
"METTL23",0.0064990228155295,0.205167984676675,0.222456976041003
"DDX50",0.00643568562217799,0.209617883781475,0.227106281964866
"ZCCHC7",0.00643031856669255,0.209998145754282,0.227474338227751
"ZNF330",0.00640671673996819,0.211676288073138,0.229203624028239
"SNHG9",0.00634622237385217,0.216021781236895,0.233818675041285
"LYRM2",0.0063293675017474,0.217243879648145,0.235096096609971
"AAMP",0.00630441286784568,0.219062387346289,0.23701832073533
"RASA1",0.00625289233683964,0.222851342676411,0.24097841796736
"TRMT11",0.00622268664496169,0.225094439851286,0.243357064475952
"ECHS1",0.00621524213113769,0.225649743506317,0.243910416391222
"NFIC",0.00617630997518919,0.228569716053155,0.246971515226926
"SUMF2",0.00611658066558308,0.233101642427742,0.251771315752721
"ZKSCAN1",0.00604076503069394,0.238945396571142,0.257983771124732
"TAF10",0.00595775769655812,0.245461152401758,0.264814820187282
"MT1X",0.0059530072248991,0.24583778000042,0.265119174510257
"ATRAID",0.00594492249208904,0.246479686165989,0.26570926967548
"INTS10",0.005938428952194,0.24699610566537,0.266214822820888
"RPRD1A",0.00593675085898392,0.247129684524187,0.266307631613655
"NUDT1",0.00592419291519507,0.248130922587017,0.267335217152519
"NCBP2AS2",0.00592311816722059,0.248216743319735,0.267376330649714
"TCEA2",0.00591438613921983,0.248914782684438,0.268076776897619
"SURF6",0.00590632770051147,0.249560191988085,0.268720283503485
"NOL9",0.00590210232586894,0.249899073867222,0.269033545268685
"ZNF524",0.00589706680439869,0.25030335048579,0.269417075254275
"BORCS7",0.00583857573155081,0.25503278221779,0.274297144985008
"ZC3HAV1",0.00583441939640469,0.255371201184706,0.274608479709834
"SF3A3",0.00579243816429683,0.258806918807001,0.278143067913271
"PUM3",0.00579075318154806,0.258945482137899,0.27823868124758
"FUT8",0.00577238123335468,0.260459621680952,0.279758467859495
"HADHA",0.00577123766568526,0.260554071867414,0.279806344405856
"CACYBP",0.00575526706142721,0.261875601486178,0.281064114087901
"LSM3",0.00569151570272176,0.267196979470777,0.286610909145518
"PRPS1",0.00568297367021088,0.267915598853761,0.287271886385627
"NDUFAB1",0.00566636886632439,0.269316315842563,0.28871861874198
"CSAD",0.00566102545542492,0.269768132251783,0.28914773059467
"KLHDC3",0.00565668507803802,0.270135518867641,0.28948620073495
"ZNF431",0.00563417346847393,0.272046493482222,0.291478385873809
"PPID",0.00558144732429304,0.276558483804428,0.29619952160039
"ZNF675",0.00557074758148586,0.277480295053467,0.297130073535017
"EEF1AKMT2",0.00555246968305857,0.279059820548726,0.298764426198159
"TSR1",0.00553013201795826,0.280998468098593,0.300782561731178
"REX1BD",0.00550276477215928,0.283386059626438,0.303164720538581
"PURA",0.00550027799787248,0.283603691468805,0.30333969669018
"MDH1",0.00547589202682492,0.285743843954774,0.30557052317695
"USP22",0.00539466660380565,0.292950888174103,0.312919741556877
"HELQ",0.00538278343498918,0.294015411732695,0.313997041656276
"ACAT1",0.0053773614887862,0.294501983754643,0.314452618027972
"UBE2H",0.00537678109228786,0.29455410120089,0.314452618027972
"CCT5",0.00507227397290856,0.322751158408123,0.343704251835529
"CCND2",0.00506518035394452,0.323428341165701,0.344360029216091
"GOPC",0.00505934930997395,0.323985686826704,0.344822557977198
"SNRNP48",0.00501483231021037,0.328261337427421,0.349174460175926
"ICAM2",0.00501014837451639,0.32871332599237,0.349588959017478
"CBL",0.00500529503452584,0.329182087080932,0.350021135050044
"MRPL14",0.00495616126986553,0.333952058575507,0.355025781430471
"NSUN6",0.00494652518135458,0.334892745384581,0.355958374688803
"SPAG7",0.00491808825715815,0.33767873513862,0.358783656084784
"UNC50",0.00491209684565718,0.338267612634867,0.359205244535605
"RTF2",0.00488654408756712,0.340786512765392,0.361811570138881
"PNO1",0.00486499960885618,0.342919600624283,0.363869672688146
"TSPAN14",0.00479113789095444,0.350297143489155,0.371487140826873
"PHF6",0.00470995971336676,0.35852068653313,0.379920863515462
"ZMYND8",0.00464610035467846,0.365074390800518,0.386792697335393
"TALDO1",0.00462334411744544,0.367427767149381,0.389212570564205
"PIH1D1",0.00459460833608941,0.370412997354367,0.392078663237358
"DALRD3",0.0045669800832876,0.373297330683798,0.394908169929494
"DUS1L",0.00455905282323269,0.374127480887142,0.395637166404687
"EXOC3",0.00453936393183941,0.376194255409933,0.397747789832214
"MRPL58",0.00453684563029084,0.376459112916883,0.397952821455382
"DRG1",0.00452087908452125,0.378141039471283,0.399580190513072
"WDR36",0.00449808198762047,0.380550507544467,0.401974834743826
"BBIP1",0.00449142523833534,0.381255847010992,0.402644070356112
"RNASEH2B",0.00447349180406171,0.38316003686302,0.404578920911264
"EMC8",0.00442359852682778,0.388488327025954,0.410050708300207
"DGCR6L",0.00440832927396558,0.390127962774126,0.411626456867189
"GPALPP1",0.00438988319027519,0.392114332253326,0.413644491151027
"MPHOSPH9",0.00437399496110972,0.393830166572535,0.415376430620779
"RNASEH2C",0.00435625145182574,0.395751723121975,0.417167825387877
"HINT2",0.0043510853115735,0.396312259835612,0.417680213728683
"DDX19A",0.00432407747646476,0.399250459426781,0.420539819261029
"DENND11",0.00431401201131938,0.400348831995281,0.421538466121157
"NAE1",0.00424863093643166,0.407527507145872,0.428694790003439
"ARRDC2",0.00424787917318477,0.407610492545955,0.428701699134385
"MRPL19",0.00416539329870972,0.416776969489665,0.438178185689096
"REV1",0.00414280352859461,0.419308370198711,0.440756971484873
"C9orf16",0.00411810670622059,0.422086205703761,0.443427643070805
"METTL26",0.00408325046387126,0.426025046442086,0.447146961747447
"NSL1",0.00405857924651316,0.428825869343686,0.449918295683202
"NDUFS8",0.00403558900131209,0.431445470277207,0.452582103263862
"ATP8B2",0.00401422650077595,0.433887893022761,0.454974033618259
"RPAP3",0.0039377000326143,0.4427026524943,0.464043699643689
"ACSL6",0.00391266554025431,0.445608347175793,0.466819531225007
"CWC27",0.00387426204309005,0.45008680247531,0.47134346871131
"EIF2B1",0.00386759594169354,0.450866764885549,0.472072144645004
"ING5",0.00386494596072118,0.451177036419789,0.472308858801086
"HLTF",0.00381506308514527,0.457040041612477,0.478178782813502
"PHYKPL",0.00381232600777485,0.457362979013703,0.478427430965294
"C1orf43",0.00378658589406789,0.460406218059181,0.481431292322834
"MSH6",0.00375247295954067,0.464456765721141,0.485214609999181
"BLOC1S5",0.00364716295010968,0.477085444349755,0.498036721771888
"RTN4",0.00361626965262144,0.480825482793458,0.501847620180707
"ASF1A",0.00361150680563661,0.481403505261214,0.502357452476825
"MPHOSPH8",0.00359067643863251,0.483935931274568,0.504812304657926
"PLP2",0.00346976715490315,0.498776991885072,0.520003516906756
"RAB11FIP2",0.00345681101170822,0.500381526302492,0.521482512085636
"ZNHIT6",0.00345025943046609,0.501193938081244,0.52223216802299
"CEP135",0.00339761803226462,0.507746877741359,0.528765543740305
"TNFSF10",0.00338731054404019,0.50903522532535,0.530008837059245
"TSFM",0.00334858772362254,0.513890505347084,0.534766413466359
"ETHE1",0.00334199775643641,0.514719184191815,0.535430117432984
"RRP8",0.00333912083424511,0.515081170618103,0.535620542461134
"METTL4",0.0033390252836089,0.515093195468417,0.535620542461134
"FAM118A",0.00330748658964289,0.519070226714601,0.539556044444861
"MDM4",0.00325283144885521,0.525999599763364,0.546657605533989
"KLHL9",0.00324646684767723,0.526809589161165,0.547397998739422
"KATNBL1",0.00322133517905532,0.530014174132457,0.550492981120382
"MIF",0.00322079982118996,0.530082546169752,0.550492981120382
"SARS",0.00317614564198023,0.535801183554746,0.556020096141717
"C17orf49",0.00313180184295681,0.54151065662147,0.561529534869953
"UBE2E1",0.00312579471238689,0.54228643251299,0.562126180043953
"HMG20B",0.00306699896030271,0.549908594178445,0.569606206303744
"CEP85L",0.00306038444543373,0.550769378242407,0.570392507280765
"BOLA3",0.00296498088142357,0.563257999053645,0.582573262295528
"MT-ND4L",0.00292934235544574,0.567957973919681,0.587217883097938
"AIMP1",0.00287230325615616,0.575519052471015,0.59483232216683
"MOAP1",0.00287218534631827,0.575534731679421,0.59483232216683
"CLPP",0.00285864891742716,0.577336095189441,0.596254693301319
"ASNSD1",0.00285712954712151,0.577538451387948,0.596353895138301
"CCNC",0.00282598481649881,0.581693777667458,0.600423568116732
"MARF1",0.00272340355442241,0.595478015389537,0.613861019172235
"LFNG",0.0027200671926718,0.595928826923339,0.614212882425121
"VAPB",0.00262210953412785,0.609233658252594,0.627349637077286
"SYF2",0.00251282198461861,0.62423119106412,0.642439365597085
"PTCD3",0.00250520254612513,0.625282733809096,0.64340354671112
"RPP38",0.00244547949716845,0.633551277488833,0.651553192797865
"GTF2F2",0.00242212726527139,0.63679691307522,0.654651032133403
"ENTPD4",0.00241846074011345,0.637307144791844,0.655055529916132
"ZNF131",0.0023564077270903,0.645968328668806,0.663836293063198
"OXR1",0.00223187930412066,0.663494235213429,0.681223034324183
"NMD3",0.00219386884604858,0.668881215930435,0.686628293022825
"MRPS7",0.00219144254303274,0.669225663555657,0.686856196953391
"IFT80",0.00219007166554261,0.669420309554465,0.686930297530738
"MRPL16",0.00209767600519428,0.682589848285822,0.69993219683485
"COPS3",0.00209237343416661,0.683348633815271,0.700582206817191
"IL16",0.00208785016917309,0.683996155405898,0.70111793017122
"IL10RB",0.00204180340390149,0.690601068112119,0.707629587599815
"UBAP2L",0.00203199022540503,0.692011734065385,0.708816108838198
"CBX1",0.00201691473025994,0.694180951373812,0.710908203214145
"PDE4DIP",0.00200225933932772,0.696292124011425,0.712940101424365
"WDR46",0.00196782308494204,0.7012620601276,0.717766859572311
"UBE2B",0.00195554143554639,0.703037692146032,0.719321804293131
"UBE2D1",0.00192913948898587,0.706860258367113,0.72310103016767
"TRMT10C",0.00191963290288507,0.708238473157488,0.724378821223976
"RPF1",0.00185388180098791,0.717796676319327,0.73375352663109
"SRSF1",0.00181561277304026,0.723380344200034,0.73932660429262
"PCMTD1",0.00177655126903796,0.729094861441036,0.74462446253126
"LAMTOR1",0.00176382509614418,0.730959914790457,0.746393360388508
"EPC2",0.00173948308709018,0.734531723925815,0.74990408939469
"RAD51C",0.00172815336421422,0.736196149551804,0.751329888845847
"GSTO1",0.0016619852669885,0.745941277894929,0.760721790400028
"LAS1L",0.00162443658700938,0.751489629571943,0.766101548591423
"TNFRSF14",0.00160653684468699,0.754139119588388,0.768383665254423
"LAMTOR3",0.00154220376758893,0.763685302572856,0.777827622990872
"MLH3",0.00151539231172786,0.767674494637031,0.781748759287301
"SERPINB1",0.00148057920766577,0.772863410029654,0.786889969195346
"SURF2",0.0014146248256131,0.782721668263752,0.796782536555915
"ARL2BP",0.00140650376634563,0.783937981651759,0.797797752571669
"PARP11",0.00134469249141064,0.793212727937241,0.806291611474528
"PRDX5",0.00130912681681735,0.798562716161238,0.811288815223569
"CHCHD3",0.00129823562518224,0.800202936328963,0.812743386549408
"CBWD1",0.00129769605590902,0.800284218769862,0.812743386549408
"NOP10",0.0012891519611862,0.80157161626052,0.813903487279912
"PRKAG2",0.00124176191493111,0.808721893573025,0.820569691254236
"SLIRP",0.00122975745324023,0.810535707598054,0.822261359787538
"AAK1",0.0012145356177842,0.812837113082794,0.824297940056846
"TBC1D1",0.00118356156038623,0.817525087559798,0.828902176253473
"CAT",0.00115127590280583,0.822418528981619,0.83371303714978
"RARS",0.00114015758575467,0.824105309824951,0.835121168373912
"GHITM",0.00112587707109982,0.826273024984972,0.837166637198066
"CHMP6",0.00106563451883361,0.835431955867812,0.84614068828641
"HNRNPH2",0.00102784693966485,0.841188455934174,0.851817190936953
"TXNDC12",0.000997322595115649,0.845844708722528,0.856148314300148
"RPA2",0.00099175826278484,0.846694090080272,0.856773781628846
"PCBP2",0.000975773035633803,0.849135182524949,0.858779227323772
"SSB",0.000969333925955185,0.850118904524468,0.859619151835304
"HIBCH",0.000939110826796493,0.854739271167231,0.86397969572039
"RFXANK",0.000932583306572401,0.855737828134333,0.864677452419598
"PEF1",0.000787025152939705,0.878061920572307,0.886436453915897
"RAB11A",0.000773207231564345,0.880186497281123,0.888421419529885
"LAIR1",0.000741402295746713,0.885079923847339,0.892878685988774
"SMAD2",0.00070484970643412,0.890709219075845,0.898396030027956
"C1orf50",0.000669904054189934,0.896096197151473,0.903504612871992
"FXR1",0.00066099535502224,0.897470276800847,0.904727448850449
"ATP5PB",0.000626671410963596,0.902767247903351,0.909788309035663
"PRORP",0.000599513837449823,0.906961364778955,0.913638580788281
"UBASH3A",0.000594797751895779,0.907689967662809,0.914208387538305
"RDH11",0.00059137959177186,0.908218098551193,0.914576114319187
"TRIM56",0.000583496572102783,0.909436237382325,0.915638422777251
"BRD8",0.000581089521598309,0.909808234077504,0.915748056718757
"CCDC25",0.000416199817886848,0.935333779960391,0.939688844122098
"NONO",0.000382314007155811,0.940588547777869,0.944460668164283
"TP53",0.000365876876501486,0.943138445914648,0.946851589402501
"POLR2E",0.000355980833205018,0.944673905500443,0.94805377636091
"AKR1B1",0.000331593992520229,0.948458607482457,0.951341460392738
"TMEM134",0.000308692808476943,0.952013804489142,0.954736761384356
"LIX1L",0.00029787633720162,0.953693298061435,0.956250116554897
"RNF111",0.000223977207169624,0.965172867997927,0.967587524922868
"ATF6",0.000184795672838964,0.97126245059193,0.973518375526304
"NDUFA11",0.000154730181267971,0.975936375475078,0.977504564616173
"PFDN4",0.000122264149194585,0.980984407045621,0.982209980996954
"PDCD7",0.000107037164514754,0.98335227314425,0.984229483022166
"PRKACB",1.81589120492172e-05,0.997175505213478,0.997353286547978
"CCNQ",-5.46838088743357e-06,0.999149429073841,0.999149429073841
"DNAJC15",-4.35207390863998e-05,0.993230713248333,0.993584932475597
"DFFA",-6.59401264831712e-05,0.989743724573617,0.990273282478686
"ZMYM4",-7.50172363334548e-05,0.988331972598328,0.989037168440353
"UBTF",-0.000108710333669603,0.983092080101245,0.984144641214844
"PET117",-0.000125758957698716,0.980440971142037,0.981841101054414
"RERE",-0.000163171759642136,0.974623973194584,0.976364373146717
"PDCD11",-0.0001684972635882,0.973796058461966,0.97570921378311
"SEMA4D",-0.00017015733554791,0.973537985699061,0.975624883846326
"NDUFS3",-0.000338954504023237,0.947316170595892,0.950365471574205
"ARL14EP",-0.000349427743237156,0.945690789479805,0.948904548199196
"PWWP3A",-0.000363156709907405,0.943560483266436,0.947105799091914
"NT5DC1",-0.000386814364313968,0.939890510787095,0.943928708470391
"METTL2B",-0.000400527035298024,0.937763866200735,0.941961555843531
"CNIH4",-0.000424980875671498,0.933972526839046,0.938489320359492
"ZNF639",-0.000445642832168069,0.930770247004351,0.935439105283842
"ARHGEF9",-0.000461628117842903,0.92829354393876,0.933117144149157
"EIF4E",-0.000492495924588037,0.923512982348253,0.928478105909265
"FNTA",-0.000508872120710274,0.920977876767036,0.926095337634535
"TMEM70",-0.00054497386968237,0.915392042369596,0.920643484706603
"HARS",-0.000561865670215532,0.91277987962019,0.918180943996641
"HDGFL2",-0.000562563746915208,0.912671948507307,0.918180943996641
"METTL9",-0.000575524850249579,0.910668299633875,0.916385499721263
"ZNRD1",-0.000580679526401206,0.909871598600776,0.915748056718757
"BFAR",-0.000603415265043563,0.906358680103425,0.913195437388688
"ATP5F1B",-0.000626362842658516,0.902814887059097,0.909788309035663
"ATP1A1",-0.00069178616813126,0.892722426303687,0.900264751314702
"ABCC1",-0.00076005323475797,0.882209793989899,0.890143335302758
"MRPL44",-0.000760255541626512,0.882178670078038,0.890143335302758
"TMEM168",-0.000799481836782033,0.876147393125576,0.884662864549042
"HTATSF1",-0.000815686391836298,0.873657923202438,0.882308001649986
"TNFRSF25",-0.000849665670602838,0.868441849716787,0.877198195338706
"C1orf131",-0.000915945670885771,0.858284036049106,0.867094082880512
"KLF2",-0.000933881967766707,0.855539145076696,0.864632427288825
"SMIM30",-0.000941189940113098,0.854421264528222,0.86381389331471
"ZNF107",-0.000983823013080533,0.847905693961019,0.857690397245099
"SLC39A10",-0.000987885234275448,0.847285403366628,0.857217513595453
"HIST3H2A",-0.000996807232088865,0.845923370083017,0.856148314300148
"NUP107",-0.00100722707113819,0.844333259090958,0.854847425284294
"THEMIS",-0.00108341738208128,0.832725970201909,0.843552310009517
"UROS",-0.00114704426708213,0.823060422132572,0.83421300237827
"ERAP2",-0.00122451792990166,0.811327692957248,0.822915993037455
"CNPY2",-0.00124486629401795,0.808253004234591,0.820242285411732
"SLC25A46",-0.00125504459096758,0.806716145242237,0.8188307535388
"SUMO3",-0.00126089133025584,0.805833661209938,0.818083032824421
"CLCN3",-0.00131170026429737,0.798175282900011,0.811042082425115
"SLC35E3",-0.00133910861862305,0.794052048640842,0.806998549433899
"HPRT1",-0.00137008238351932,0.789399366953864,0.802560791701917
"PEX16",-0.0013747723150597,0.788695524972037,0.801990555572435
"TFDP1",-0.00138680398574788,0.786890660617142,0.800300327422438
"NUTF2",-0.00138955109351565,0.786478728578685,0.800026412933168
"CHD3",-0.00139052905635451,0.786332096317975,0.800022317799028
"OBI1",-0.00140606715859928,0.784003388578896,0.797797752571669
"DCTN6",-0.00160441740388264,0.754453028066798,0.768563916370935
"GABPB2",-0.00161097194640121,0.753482372126443,0.767853970504877
"AL133453.1",-0.00162215012390422,0.751827905626557,0.76630714944858
"PSMA2",-0.00164035171410736,0.749136355478377,0.763841322107178
"NUP50",-0.00168401331900209,0.742692419391573,0.757546267779404
"ZEB1",-0.00170034562698967,0.740286562596901,0.75522960832308
"ZNF91",-0.00170113377161322,0.74017052770062,0.75522960832308
"CMTM7",-0.0017326015814844,0.735542523243047,0.750799409642193
"IFT57",-0.00178194769880219,0.72830448380614,0.743952686480781
"NDUFV1",-0.00179675554558562,0.726137166892574,0.74187388567972
"ZNF770",-0.00180949922290893,0.724273720421303,0.740104839993354
"ARPC5",-0.00187398038021109,0.714870183903374,0.730895157954789
"AL359220.1",-0.00191297554380551,0.709204191491695,0.725234326334016
"ORAI2",-0.00196650660244304,0.701452314084754,0.717830624227557
"FOXK1",-0.00196787059148214,0.701255194980209,0.717766859572311
"NUDT16L1",-0.0020330770605787,0.691855446384432,0.70878543721999
"INIP",-0.00207686694779412,0.685569409454547,0.702602189813667
"CPSF6",-0.00211933798025355,0.679493408249439,0.696884464402076
"ARL16",-0.00214430497666056,0.675931235091266,0.693357876917536
"PPCS",-0.00218273005621567,0.670463096118167,0.687874537165859
"RYK",-0.0022518456702858,0.660671459978075,0.678449000636463
"CNDP2",-0.00228516538914719,0.6559715823269,0.67374598624202
"CNOT11",-0.00232421411462128,0.650480899815473,0.668228867966454
"TXLNG",-0.00235524095136935,0.646131649321941,0.663882518808807
"COX6B1",-0.00244197247246607,0.634038257447393,0.651934498585021
"MPHOSPH6",-0.00246042529470809,0.63147770879382,0.649539777472191
"LY9",-0.00249060673806394,0.627299200093852,0.645360079319001
"RNPC3",-0.00254485458770879,0.619818825666347,0.638015341649212
"XRN2",-0.00256825248373991,0.616604475227824,0.634823106263184
"ST3GAL1",-0.00263118849919092,0.607994990411191,0.626189075859515
"DPY30",-0.00264233275749952,0.60647608588039,0.624739412741276
"FAM136A",-0.00265649863996894,0.60454780247274,0.622867432850702
"FCF1",-0.00267920351158867,0.601462930068512,0.619802909199918
"PFDN6",-0.00275326091282693,0.59145061294498,0.609821345087546
"TM7SF3",-0.00276424536235929,0.589972097100877,0.608408725135279
"POU2F2",-0.0027818134048863,0.587610970496995,0.606085226050403
"COA3",-0.00278529363749984,0.587143750147978,0.605714681561264
"ORC2",-0.00279796156715435,0.585444538076651,0.604072808278464
"LIN7C",-0.00281806640593457,0.582752475041033,0.601405699959565
"PMS2",-0.00284033146237537,0.579777913975328,0.598556146006918
"GTF3A",-0.00286634272411795,0.576311914303772,0.595306543775393
"RNH1",-0.0028685811650566,0.576014099526909,0.595108489566475
"POLDIP2",-0.00286945967779876,0.575897237101815,0.595097347603828
"CSDE1",-0.00295912465811089,0.56402902298333,0.583263192430688
"BLCAP",-0.0029671900412278,0.562967275581752,0.582379940256984
"EEFSEC",-0.00297142602320588,0.562410026679292,0.581910780094214
"PTDSS1",-0.00299880586396847,0.558814612245363,0.578297357442628
"HEXD",-0.00303016999445773,0.554709764986424,0.574155310253476
"ARMCX6",-0.00304858816509315,0.552306138159993,0.571772916604089
"WAC-AS1",-0.00305244774204554,0.551803100359489,0.571357584536126
"NUBP2",-0.00308094148211528,0.548096349244655,0.567833890907204
"UFD1",-0.00308103089296806,0.548084737177627,0.567833890907204
"SDAD1",-0.00308652245899613,0.547371763436789,0.56729273838544
"EIF2B5",-0.00312647184848172,0.542198957755986,0.562126180043953
"SYNC",-0.00314478692401464,0.539835626166521,0.559896073727894
"AC097376.3",-0.00316720527867712,0.536949853020418,0.557006042057054
"GRSF1",-0.00317378897969232,0.53610385042669,0.556231292933924
"INTS11",-0.00319651803969828,0.533188342821873,0.553411027424738
"WIPI2",-0.00321349611866851,0.531015769586126,0.551258043556286
"GINM1",-0.00321548054481232,0.530762129044883,0.551096713666813
"TMEM80",-0.00324197396451909,0.527381757982662,0.547891048570877
"PPP1R11",-0.00332942873958756,0.516301642962662,0.536777653265481
"GLRX5",-0.00334501715465658,0.514339413058964,0.535134292889612
"PIK3CD",-0.00336098508489353,0.512333438312353,0.533245007223061
"AK2",-0.00337006223217962,0.51119494100023,0.532158771388253
"SRBD1",-0.00341438064305253,0.505655355659669,0.526685210778081
"RWDD3",-0.00342648456254997,0.50414793727199,0.525212614316781
"BUD23",-0.00345732929168548,0.500317288165019,0.521482512085636
"MBD5",-0.00347788217962513,0.497773393245746,0.51905366842168
"RIOK2",-0.00358243921119087,0.484939352028141,0.505764968372908
"MAGED2",-0.0036097759729613,0.481613653982734,0.502483280424611
"UPF3B",-0.00366077152243649,0.475443014425546,0.496414537674914
"SDHB",-0.00369144011900989,0.471752993765194,0.492653442856057
"CUL4B",-0.00373476413823591,0.466567293403703,0.487328712715467
"PHF20L1",-0.00375364193868197,0.464317634584018,0.48515960700621
"MTR",-0.00376114093750702,0.463425660509209,0.484317800942001
"NDUFS7",-0.0037619569742352,0.46332865403797,0.484306642286755
"THOC7",-0.00376810114789058,0.462598628051035,0.483633675618022
"PPAN",-0.00379961326313075,0.458864585997922,0.479908711306552
"ATP6AP2",-0.00385139867772311,0.452765098813278,0.473794479452059
"H2AFY",-0.00386095739973444,0.451644262550915,0.472709759871386
"MAF1",-0.00391201779264265,0.445683673661522,0.466819531225007
"IARS",-0.00392719192851339,0.443920981938403,0.46514693848981
"CLTA",-0.00392742483800513,0.443893957242435,0.46514693848981
"ENO1",-0.00401244590823877,0.434091832354534,0.455102818073059
"TMEM183A",-0.00402556191459007,0.432590895791163,0.453698808261063
"UBE2V2",-0.00407834221928172,0.426581407461646,0.44764715597827
"AP002387.2",-0.00408765275995722,0.425526396201999,0.446707163677622
"MBIP",-0.0040902145366573,0.42523637939098,0.446486260225229
"ZNF26",-0.00410077595625689,0.424041948554628,0.445315486969574
"FAM174C",-0.00410743592551224,0.423289757243112,0.444608788266965
"SNX3",-0.00412227633204295,0.421616461448156,0.443017109706715
"PDCD5",-0.00413476315596117,0.420211548393487,0.441623601814811
"RPL22L1",-0.00421099515258798,0.411694392062207,0.432915752477785
"PRPF31",-0.00425526141442456,0.406796020306581,0.428005565251297
"EDF1",-0.00425564222823459,0.406754032009101,0.428005565251297
"CWC22",-0.00428037774010845,0.404032251853516,0.425257210675089
"THAP1",-0.00429038918426643,0.402933745211582,0.424180579965655
"PPIG",-0.00432183306159963,0.399495219234793,0.420718637114171
"RPP30",-0.00433368397252492,0.398203863832764,0.419516183305503
"SAT2",-0.0043494673522283,0.396487910225985,0.417786847552174
"CACUL1",-0.00436843731132934,0.394431431149482,0.415854224534597
"TRAPPC12",-0.0043730770736279,0.393929431649773,0.415403028487824
"KPNA5",-0.00441554784495823,0.389352297945102,0.41088532570956
"RBM4",-0.00444404546537399,0.386299287149898,0.407816898929418
"C14orf119",-0.00450042394403195,0.380302547985474,0.40178856764567
"ZYG11B",-0.0045281039050779,0.377379399548808,0.398850495755239
"EIF2S1",-0.00456195844599525,0.373823068831805,0.395389784341332
"CNPY3",-0.00457548636462587,0.372407814296454,0.394041463259733
"MTCH2",-0.00458667604285261,0.371239692800993,0.392879584345137
"G3BP1",-0.00460228659204639,0.369613867243218,0.39130662299197
"RIN3",-0.00461267174012215,0.368534718111524,0.390237781918771
"BRIX1",-0.00461613461663737,0.368175317454369,0.389930815729472
"ISY1",-0.00472836985463644,0.356645130937834,0.378004758088277
"MCCC2",-0.00475242071638741,0.354204252569761,0.375488635093794
"CLPX",-0.00477995955504694,0.351422378356008,0.372610006157098
"XPA",-0.00480095347547457,0.349310972536783,0.370511354874523
"STIP1",-0.00483580684725529,0.345823516652006,0.366881605222722
"MAVS",-0.00487110343271922,0.342314405316335,0.363296219036065
"DUSP12",-0.00487271922396024,0.342154313705628,0.363195023630762
"MFHAS1",-0.00491364457643694,0.3381154277823,0.359111614891841
"MRPL36",-0.00491584446052652,0.337899193852233,0.358949910530397
"LNPEP",-0.00492943444609967,0.336565358833249,0.357668433994038
"APPBP2",-0.00501808374614828,0.327947818795838,0.348907123733103
"DOCK9",-0.00502634804444017,0.327151811322038,0.34812626356537
"MZT1",-0.00506192783229521,0.323739148152471,0.344625544807469
"FBXO25",-0.0050743325418733,0.322554813129297,0.343560376239862
"STX10",-0.00508431129464422,0.32160414912845,0.342612851616143
"UCKL1",-0.00508696978733026,0.321351186580414,0.342408386840669
"LYSMD2",-0.00513070896482391,0.317207950285429,0.338057864950847
"NSFL1C",-0.00519443076195246,0.311234808305911,0.331755134827315
"NDUFV3",-0.00522901532592693,0.308024187237231,0.328395228126353
"RPS4Y1",-0.00523566178570997,0.307409689465567,0.327802386980009
"C11orf58",-0.00525331531467264,0.305781477221189,0.326128153462142
"ELP2",-0.0052914911564436,0.302280046900625,0.322455041474141
"PTOV1",-0.00531552954067615,0.300089022417073,0.320178664085161
"DDX39A",-0.0053435591692627,0.297547611350325,0.317527506120472
"COPS4",-0.00535707225425871,0.29632755073594,0.31628568486085
"PELP1",-0.00543532340089102,0.28932833986136,0.309109119524325
"NDUFV2",-0.00544000958367735,0.288912745466377,0.3087239051555
"SC5D",-0.00544810990511999,0.288195316996679,0.308015951295745
"TRAPPC5",-0.00545326427333136,0.287739431318198,0.307587311298607
"DDX21",-0.00546677136534028,0.286547085424841,0.306371097624043
"KIAA0586",-0.005514401590304,0.282369158548795,0.302134461083109
"NTMT1",-0.0055146915805789,0.282343848941142,0.302134461083109
"FOPNL",-0.00561379747539876,0.273784139781453,0.293284136752712
"FXYD2",-0.00569066934988498,0.267268121761934,0.286632415041951
"STRAP",-0.00571433523823207,0.265283734132573,0.284613071042979
"CLASRP",-0.00573769665624883,0.263334853262133,0.282576229303858
"LONP2",-0.00575717876524536,0.261717168958848,0.280947822016674
"EDEM3",-0.00576445884199219,0.261114438823336,0.280354450105056
"MIF4GD",-0.00578179127171663,0.259683321914882,0.27897806126819
"MX2",-0.00583139860748126,0.255617356994901,0.274767843023835
"GMFG",-0.00583352496174022,0.255444069037163,0.274634194576176
"NOP14",-0.00583971001277571,0.25494048045445,0.274250449731441
"RGS14",-0.00585208106897492,0.253935297963376,0.273221523125151
"IFT20",-0.00589467550421214,0.250495495769358,0.269572171737214
"SNRPA",-0.00594855229811915,0.246191344140626,0.265449440828159
"PACS1",-0.00595370256812716,0.245782626396969,0.265110658351662
"LRCH4",-0.00595831114152191,0.245417300430442,0.264814820187282
"PPM1K",-0.00599464066916585,0.242550757157071,0.26177563440769
"DGKD",-0.00602738887848659,0.239987043522926,0.259058555736698
"RBM14",-0.00608037696775014,0.235879401443714,0.254722510509959
"VPS72",-0.00614009072495069,0.231310283564639,0.249884592874567
"TAZ",-0.00619125550818585,0.22744561189438,0.245804254041124
"PDHA1",-0.00627904878312333,0.220921907932878,0.238938095913523
"HDAC3",-0.00629102301079418,0.220042634429331,0.238033007934544
"TIMM10B",-0.00638957978465249,0.212900822947918,0.230485066911968
"SMIM7",-0.00641485168182947,0.211096784403736,0.228620262645746
"TWISTNB",-0.00645798874848238,0.208043022805687,0.225443569236991
"PITPNC1",-0.00647163978086819,0.207083342986473,0.224446977232247
"PPWD1",-0.00649220530183313,0.205643640323641,0.222929627481281
"CXXC1",-0.00656394870864075,0.200678153827614,0.217672939476588
"UBE2J2",-0.0065886970045308,0.198985743141644,0.215878943922766
"MAPKAPK5",-0.00660104769450054,0.198145054341685,0.215008463221829
"FBXO9",-0.00661264483850508,0.197358025628695,0.214195883880244
"NME3",-0.00661345078955627,0.19730341570495,0.214178049942873
"PIN4",-0.00662063382955266,0.196817193158528,0.213691591565579
"ACTR1B",-0.00664916906391116,0.194894298352273,0.21172676486372
"PAGR1",-0.00665400929133132,0.1945695030401,0.211414858038923
"COPS7B",-0.00675002217568048,0.188208567376676,0.204701446875369
"DDX55",-0.00675321095679235,0.187999971943198,0.204514221951006
"FASTKD2",-0.00679002206802024,0.185604297918091,0.20202563277464
"YLPM1",-0.00681618268142278,0.183915532964259,0.200226303110711
"ZNF146",-0.00684444151495055,0.182104133411667,0.198292738439335
"SLC25A38",-0.00686135030906056,0.181026621108995,0.197157706158311
"COMMD9",-0.00686896385809718,0.180542996294336,0.196669166837131
"GADD45GIP1",-0.00687666326701504,0.180054894069466,0.196175559473627
"RIOK1",-0.00691322939664136,0.177750172645909,0.193739745199835
"ALDH9A1",-0.00691565649630174,0.177597976216688,0.193611474266541
"NDUFB9",-0.00697957974068867,0.173624387539563,0.189500547489679
"ZNF518A",-0.00698857530952779,0.173070580229247,0.188932857576586
"NT5C",-0.00703608147109081,0.170167773004329,0.185944917521287
"HAUS1",-0.00706799867649049,0.168238102145599,0.184015549432016
"UTP23",-0.00716357228045893,0.16255810046283,0.17794164753102
"TRIM24",-0.0071916165353014,0.160919177950035,0.176216394358715
"NKAP",-0.00719992951850107,0.160435769008408,0.175721332318854
"NAA15",-0.0072033551601358,0.160236883880085,0.175537769687029
"NUDT4",-0.00725315025451533,0.157366897768722,0.172461085462499
"ASB8",-0.00727861466124803,0.155914369529488,0.1709026207621
"SUMO2",-0.00732170536662937,0.153479615321036,0.168332481319846
"NBPF19",-0.00739270143862575,0.149531332462616,0.164034175814485
"IKBKE",-0.00743489913756572,0.147221601680033,0.161595223131478
"FAM217B",-0.00746487626750681,0.145597416931483,0.15987502622541
"EBNA1BP2",-0.00749460301855845,0.144000380340119,0.158152336278008
"GAR1",-0.00749854234255862,0.143789756259082,0.157951935111309
"DUSP22",-0.0075178056247274,0.142763205715489,0.156885716760802
"FTX",-0.0075241317065669,0.142427315232173,0.156547264587087
"MFSD14C",-0.00758551284738353,0.13919964602443,0.15305958725932
"SLC25A11",-0.00769415515776954,0.133625222591588,0.147045409717303
"FBXL15",-0.00769767911010125,0.133447344151144,0.146878477670771
"TRIM23",-0.00772018801816134,0.132315482411853,0.145661274790129
"UBA5",-0.00772893439734689,0.131877681699818,0.145207810468299
"HADHB",-0.00775339706049489,0.130659160470328,0.143894364004425
"PTRHD1",-0.00775846471763155,0.130407828481959,0.14364577219395
"ZBTB37",-0.00777290263320094,0.129693832210009,0.142887352454468
"MRPS10",-0.00778624550364549,0.129036690969458,0.142219221284609
"ETS1",-0.00779908672714028,0.128406701363652,0.141552681204576
"CORO1A",-0.00780147018381741,0.128290032616803,0.141451863793291
"SNAPIN",-0.0078068273874829,0.128028101531113,0.14119080982692
"ZNF428",-0.00785489879365839,0.125696303697102,0.138701074693301
"PRKACA",-0.00789913530657968,0.123579884295682,0.136419352793934
"ARHGAP15",-0.00791031994652998,0.123049205010547,0.135887015769521
"STK26",-0.00793638501402968,0.121819398761466,0.134608396110266
"GTF2H2",-0.00798919935193938,0.119356984344151,0.1319654478066
"DCAF10",-0.00799859614762342,0.118922983690361,0.131511519515656
"TARDBP",-0.00801991288408667,0.117943034502594,0.130453553540921
"SECISBP2",-0.00802954815918012,0.117502176431874,0.129991561779297
"METTL17",-0.0080500899317923,0.116566614410304,0.128981993459923
"VPS29",-0.00806813443403698,0.115749625349342,0.128103254726732
"MRPS9",-0.00807428520402603,0.115472171895327,0.127821405748379
"TCERG1",-0.00811059302879676,0.1138450114416,0.126045098517343
"PRPF19",-0.00811422041492891,0.113683444575359,0.125891062784794
"CENPX",-0.00812384119749267,0.113255801256626,0.125442259634683
"ATAD1",-0.00815576603318456,0.111845818854364,0.123905024441742
"BLOC1S4",-0.00816249659808871,0.111550333617577,0.123602088009996
"AP2A2",-0.00816429036302933,0.111471687799972,0.123539345823359
"MRFAP1",-0.0081717902552307,0.111143336383306,0.123224133816274
"WASHC4",-0.00819835857238862,0.10998629267055,0.121965428322156
"FBXL3",-0.00825149325455466,0.107700855849394,0.119454685906505
"SLC25A36",-0.00826409201036344,0.107164509639685,0.118883310080805
"TRAPPC3",-0.00826662767964261,0.107056818953711,0.118787332739383
"XRRA1",-0.00833517785636068,0.104177829342432,0.115615751258367
"UTP6",-0.00833962634315749,0.103993146342897,0.115433627024862
"CNBP",-0.0083909790509213,0.101879973077448,0.113110359977139
"NUCKS1",-0.0084303671446685,0.100282424097138,0.11135874884896
"SLC12A9",-0.00848271210602075,0.0981903311266665,0.109143601668437
"MDH2",-0.00852900066795673,0.0963694753171066,0.107162092473532
"SCARB2",-0.00853807052882366,0.0960158789696791,0.106803403236536
"DTYMK",-0.00854756526550343,0.09564683171966,0.10642180205222
"LARP1",-0.00858960248299353,0.0940265275262117,0.104660480044057
"ERG28",-0.00860667418327862,0.0933748232704033,0.103955697270681
"UBLCP1",-0.00864050164937626,0.0920941825520945,0.102570650013351
"STAG2",-0.00869984927698348,0.0898815193198515,0.100146042380212
"RANGRF",-0.00870435339439538,0.0897153541253853,0.0999807581731052
"RREB1",-0.0087125081083345,0.0894151409709607,0.0996818488787241
"PPIL4",-0.00880030758422566,0.0862338164960238,0.0961772784379112
"NGDN",-0.00880919164100747,0.0859170703552906,0.0958430631722371
"CHCHD5",-0.0088160605836801,0.0856728146657837,0.0956086115526252
"IFNAR2",-0.00882919861991705,0.0852071969094006,0.0951457752113331
"CD2AP",-0.00884748691797434,0.084562460209123,0.0944446350334819
"VAPA",-0.0089362665801724,0.0814884888629982,0.0910839654356286
"GARS",-0.00896203497366735,0.0806134427993206,0.0901238370076103
"NUP88",-0.00896823795658138,0.0804039447727655,0.0899075403976907
"CA5B",-0.00898895052150102,0.0797076054736751,0.0891466640166103
"ATF4",-0.00907080847763268,0.0770034289147694,0.0861909888690854
"MORF4L2",-0.00908782537584523,0.0764507703761604,0.0856065512595329
"POLR2D",-0.00908996511650762,0.0763815074140707,0.0855460683954754
"KDELR1",-0.00909124107260807,0.076340229340544,0.0855339897344622
"INSIG2",-0.00911287229955999,0.075643208277367,0.0847847690611542
"USP11",-0.00912722327908384,0.0751836502328265,0.0842886246615021
"SH3GLB2",-0.00913279761450126,0.0750057603846892,0.0841059995518901
"MAP2K1",-0.00913404694994931,0.0749659384052627,0.0840781516300527
"SAMM50",-0.00914915983756935,0.0744855885001091,0.0835728302971225
"WDR13",-0.0091530744262269,0.074361577607816,0.0834503801519999
"COG4",-0.00917664357123331,0.073618488035077,0.0826495332953336
"TMEM156",-0.00919772924698647,0.0729588539080534,0.0819253743843434
"NSMCE4A",-0.00922683253543409,0.0720563527128783,0.0809443609770219
"SNRPC",-0.00923517902124418,0.0717992195307622,0.0806716646440169
"TNRC6C-AS1",-0.00924611318480981,0.0714635047041646,0.0803105491567234
"NPHP3",-0.00925921004629311,0.0710630822166172,0.0798925633737921
"ARRDC3",-0.00929032940870178,0.070119015285263,0.0788469985468681
"MRPS30",-0.00929498877425213,0.0699785541493746,0.0787048293460288
"CNOT10",-0.00929809122894546,0.0698851557479194,0.0786155451665987
"AGGF1",-0.00931409647543834,0.0694049470554276,0.0780910054113415
"NSD3",-0.0093208226235832,0.0692039512978994,0.0778804747805849
"PDHB",-0.00935642270871277,0.0681480700243979,0.0767075988838026
"OAT",-0.00936661721436433,0.0678481574419622,0.0763853428154541
"SELENOF",-0.00938023992205171,0.0674490858284805,0.0759512989758682
"MED30",-0.00946188435291825,0.065097632982435,0.073362338495673
"SERPINB6",-0.00949135711321923,0.0642655698739315,0.0724391896710379
"CUX1",-0.0095736361568688,0.0619890629654307,0.0699012348213199
"TFG",-0.00959621072419229,0.0613762652386962,0.0692241351003389
"VTA1",-0.00962068875169199,0.0607174740977365,0.0684948782803744
"GTF2F1",-0.00964482923107869,0.0600735168370689,0.0677957009567404
"ANKRD49",-0.00969094373594552,0.0588591324780365,0.066438578109011
"TRBC2",-0.00969357158714117,0.0587905486458454,0.0663745175896946
"TFPT",-0.00972701571822961,0.0579234772709856,0.0654219262110387
"PRMT9",-0.00973151062424446,0.0578077567718649,0.0653043728332988
"DDX56",-0.00973728310201666,0.0576594273339127,0.0651499269573515
"ASAP1",-0.00975051417636423,0.0573206354258842,0.0647801701730884
"PEX1",-0.00977928383154144,0.0565896770549251,0.0639798646267895
"NAXE",-0.00979928169179193,0.056086169757518,0.0634233848699206
"PIP4P1",-0.0098269763450803,0.0553950375762269,0.0626544679037566
"FBH1",-0.00983495648337125,0.0551972119593742,0.0624433069352872
"UTP3",-0.0098398453998007,0.0550763080896363,0.0623190981006171
"FLOT1",-0.00984909036464724,0.0548482817190429,0.0620736050925622
"UPK3BL1",-0.00985386293306262,0.0547308750945744,0.0619532302825994
"CASP2",-0.00986140895130636,0.0545456684739325,0.0617560444276007
"L3MBTL3",-0.00987741776758945,0.0541544846956235,0.0613379081652428
"POGLUT1",-0.00988529596327885,0.0539628380463049,0.0611331828432493
"GANAB",-0.00991139950955086,0.053331878418287,0.0604305873412623
"MED16",-0.00992023437161089,0.0531197279059959,0.0602023582934621
"PLCG2",-0.00993119822615607,0.0528574349385913,0.0599171974147297
"RBM3",-0.00996879417760661,0.0519662163031685,0.0589188507398495
"ASXL1",-0.00996939126182717,0.0519521643456968,0.0589148255466665
"PCNP",-0.00998031885771405,0.0516955519462951,0.0586356745690893
"KRAS",-0.00998355958645634,0.0516196542280988,0.0585614277491677
"NAP1L4",-0.0100203111097418,0.0507654413301153,0.0576156435083849
"MYCBP",-0.0100208462663877,0.0507530907197492,0.0576132818571009
"RSAD2",-0.01002856548852,0.0505752224883696,0.0574229909248641
"BABAM1",-0.010053395858347,0.0500066130996217,0.0568003845897707
"ELK4",-0.0101312413388701,0.0482585994119118,0.0548593196962159
"FNDC3A",-0.0101326982033085,0.0482263812700104,0.0548338060244747
"WWP1",-0.0101532318492885,0.0477742042795605,0.0543306884265831
"PRRC1",-0.0101557441016762,0.0477191267327565,0.0542790553468702
"GMPS",-0.0101710983824899,0.047383664742172,0.0539084078693135
"ZNF37A",-0.0102159745139975,0.0464145540193878,0.0528272769423343
"AC139887.2",-0.0102179016616795,0.0463733132262466,0.0527910485388075
"ZDHHC12",-0.0102592706833767,0.0454954311195647,0.0518127017013313
"DDX54",-0.0103138302972951,0.0443590862839466,0.0505390889628231
"BCL2A1",-0.0103166148836645,0.0443017382651323,0.0504840039950015
"PDCL",-0.0103621651545122,0.0433724863853769,0.0494351175583024
"KDM1A",-0.0103928497690512,0.0427558293835105,0.0487520737482711
"CDK5RAP3",-0.010412389652489,0.0423670196669433,0.048318556684601
"HPF1",-0.0104312242224579,0.0419950793708478,0.0479041063990354
"THRA",-0.0104692486801043,0.0412525976230271,0.047085874397799
"ANKH",-0.0104795043492564,0.0410542554263845,0.0468690217627222
"MCFD2",-0.01049924009831,0.0406748435604373,0.0464453230966931
"ERH",-0.0105078259524452,0.0405107140376381,0.0462673260894034
"NR1H2",-0.0105831664618566,0.0390944165296152,0.0446861607031666
"GIMAP6",-0.0106172238028315,0.0384681186500104,0.0439792430459667
"PUS7L",-0.010627444973,0.0382818281153267,0.0437751846161807
"DNAJC24",-0.0106485245437395,0.0379000538218048,0.0433474621692813
"SNX2",-0.0106550670850579,0.0377822216649932,0.0432215056159486
"ECHDC2",-0.0106747745272489,0.037429169096806,0.0428263590930209
"ZNF480",-0.0106753093440536,0.0374196272869436,0.0428241756588645
"SYS1",-0.0106788280396465,0.0373569008980274,0.0427611128418554
"KRT10",-0.0106868840433503,0.0372136266437273,0.0426058051982266
"ALG13",-0.0107078287761725,0.036843316514794,0.0421990619942822
"RCC2",-0.0107494521656662,0.0361167099555562,0.0413921844434464
"ECH1",-0.0107613458990943,0.0359113423731243,0.0411652289973902
"MT-ATP8",-0.0107670414121509,0.0358133517871602,0.0410612923617349
"PLCG1",-0.0108576394845828,0.0342850248200709,0.0393331266340691
"JAML",-0.0109306358969901,0.0330944990201507,0.037982843597186
"SRPRB",-0.0109952797251889,0.0320699151830648,0.0368295238847479
"ATPAF1",-0.010999169079892,0.0320091468443866,0.0367672632672009
"TERF2",-0.0110142873503001,0.0317738714205442,0.0365044887710942
"ACO2",-0.011033606179061,0.0314753847533449,0.0361837927184969
"SLC30A7",-0.0110364670237676,0.0314313882081121,0.0361406205877247
"CAPZB",-0.0110797516196706,0.0307721302800227,0.0354116206914723
"TBC1D15",-0.0110878497919472,0.030650116276706,0.0352856869099776
"MDN1",-0.01109969798861,0.0304723498707469,0.0350882353807246
"AASDHPPT",-0.0111064952419838,0.0303707664549538,0.0349784438128292
"NOL4L",-0.0111130317018559,0.030273355062724,0.0348805754573591
"UQCC3",-0.0111559608232474,0.0296402391526759,0.0341651410820859
"TTC1",-0.0111740073716976,0.0293775086082246,0.0338692608491862
"CCDC91",-0.011174500186339,0.0293703621615779,0.0338679818553858
"STARD3",-0.0111764327022176,0.029342352623082,0.0338426394357504
"MRPL33",-0.011237742701213,0.0284655886193043,0.0328449099453511
"HACD3",-0.0112662906509335,0.0280650994029058,0.0323961332613789
"PIGF",-0.011288837890775,0.0277522335150273,0.0320415785180702
"IFIT5",-0.0113470215144357,0.0269587355542862,0.0311446677223117
"AC005670.3",-0.011380263722203,0.0265142355892625,0.0306564018251778
"NFYB",-0.0113806553749395,0.0265090365466904,0.0306564018251778
"OTUD1",-0.0114000515903121,0.0262526584860811,0.0303664771354464
"GNL3L",-0.0115113543876785,0.0248225098209611,0.0287359224299612
"KRI1",-0.0116341514905661,0.0233234272979445,0.0270339725498903
"PSMD7",-0.0116454543796433,0.0231894782495791,0.0268842680264804
"CSNK2A2",-0.0116626278829643,0.0229872358141852,0.0266608213598468
"ERCC1",-0.0116688839898462,0.0229139428707593,0.0265813108984614
"WDR60",-0.0117073959560871,0.0224672145498574,0.0260738671130948
"RAD50",-0.0117375312996371,0.0221229513681021,0.0256849663027841
"BRCC3",-0.0117653072457911,0.0218097142490189,0.0253265363148409
"ARPC1A",-0.0117816662322674,0.0216270410755926,0.0251248085388433
"ATXN3",-0.0117833089096162,0.0216087718556095,0.0251087841984195
"ZNF708",-0.0117878283555285,0.0215585776389735,0.0250556495866255
"PSMB4",-0.0118126337125883,0.0212848859712163,0.0247426875877587
"KIFAP3",-0.0118153996719749,0.0212545559038377,0.0247125510094362
"DCTD",-0.0118662709326055,0.0207034031037744,0.0240867049797126
"MAP3K7",-0.0118737143680512,0.0206238129019258,0.0240040643941502
"NKAPD1",-0.0118842904743079,0.0205111849479984,0.0238779305993507
"TMEM35B",-0.0119192439086411,0.0201427629028981,0.023463642002753
"FASTK",-0.0119198724323942,0.0201361912287164,0.0234608583163238
"NUDT22",-0.0119244723142367,0.0200881530350394,0.0234097504209744
"STAMBPL1",-0.0119303170219077,0.0200272589801312,0.0233436365839468
"COQ4",-0.0119455296841385,0.0198695181449092,0.0231694027838164
"MRPL9",-0.0119560739945986,0.0197608211270203,0.0230522367483019
"LARP4",-0.0119688457220025,0.0196298581904679,0.0229042230550177
"SDHAF2",-0.0119945550707422,0.0193685282771247,0.0226058339149978
"CHMP5",-0.0119959828428403,0.0193541048030857,0.0225965718928847
"NUDT3",-0.012038452706446,0.0189293409116132,0.0221098485351135
"TIPRL",-0.0120582282277168,0.0187343525138743,0.0218866550609818
"BMS1",-0.0120864201914927,0.0184594156968316,0.021569948356431
"RRAGA",-0.0120909714000935,0.018415363527948,0.0215229561232893
"PSMB7",-0.0121092447708977,0.0182394165136803,0.0213217600837146
"SEC22B",-0.0121209695497038,0.018127299982439,0.0211995315617016
"ZNF7",-0.0121260152799504,0.01807923694368,0.0211477312873321
"PSMG2",-0.0122041495212957,0.0173490890766669,0.0203105988564485
"RABGAP1",-0.0122274575622101,0.0171363480122292,0.0200657299830111
"TM2D1",-0.0122464100197275,0.0169650524535674,0.019873448374298
"IDH3B",-0.012257392063981,0.0168664840058044,0.0197621084529161
"POLR2M",-0.0122728030006811,0.0167290121182733,0.0196056386702972
"DTNBP1",-0.0122875019404568,0.0165988091175599,0.0194647406248978
"TMEM154",-0.0123306331448481,0.0162218763605525,0.0190306830578627
"CYC1",-0.0123365692573251,0.0161705927353092,0.0189784571642436
"AP1S2",-0.0123499616039489,0.0160554158087661,0.0188511684150644
"MMADHC",-0.0123666565183143,0.0159128463842179,0.0186876843658075
"VPS25",-0.0123682395226816,0.015899385970015,0.0186757862838744
"NIP7",-0.0124140259742008,0.0155143684186433,0.0182311702615394
"VPS26C",-0.0124188196629987,0.0154745367511602,0.0181881733027465
"RANBP3",-0.0124269615904888,0.0154070901475848,0.0181126939916074
"C11orf54",-0.0124378394209554,0.0153173835314063,0.0180110085120916
"ARL1",-0.0124403837560117,0.0152964675369952,0.0179901850906799
"TSPAN31",-0.0124795743738613,0.0149774583306478,0.017622387003971
"MLX",-0.012489980007341,0.0148937479223893,0.01753124755447
"MRI1",-0.0124907270893423,0.0148877537476024,0.0175278695748268
"AC044849.1",-0.0125603004261986,0.0143387678792838,0.0168886180564313
"WRN",-0.0125906081650289,0.0141052541053734,0.0166205577675162
"ITGAE",-0.0126631430595055,0.0135599669287225,0.0159847477348462
"C22orf39",-0.01267840167855,0.0134476588956854,0.0158590217373965
"KMT5B",-0.012699865911082,0.0132910672333726,0.0156776465894071
"ZNF33A",-0.0127004659156108,0.0132867131731684,0.0156768731019557
"PEX26",-0.0127026784190195,0.0132706685676015,0.0156634653196391
"LYPLA1",-0.0127353116158825,0.0130360010025085,0.0153929626655593
"RBM7",-0.0127380337083754,0.013016593100283,0.0153732815352816
"LEMD3",-0.0127799101923075,0.0127212275572069,0.0150276029892463
"CENPT",-0.0127927655550107,0.0126317531983759,0.0149281936892541
"ANKRD10",-0.0128166022769471,0.0124673208231625,0.0147400779384492
"CAMK2G",-0.0129091791877774,0.0118465349585217,0.014026817458275
"KRIT1",-0.012929771564807,0.0117122352000846,0.0138707281976936
"LZIC",-0.0130408923040017,0.0110105732788285,0.0130507745814976
"CREB1",-0.0130468965422022,0.0109737464854285,0.0130098727352608
"UFC1",-0.0130960546635797,0.0106763297687614,0.0126626236792286
"RWDD1",-0.0131093000159721,0.0105974283638599,0.012571700808047
"UBE2N",-0.0131319768188921,0.0104635479727201,0.0124155042569711
"HAT1",-0.0131404284474837,0.0104140370581776,0.0123593712494979
"RAB4A",-0.0132115872959624,0.0100053750108245,0.0118844280776468
"GARS-DT",-0.0132242333412576,0.00993426296596036,0.0118024598134345
"NAA60",-0.0132460799528181,0.00981247387962158,0.0116651787380117
"YTHDC2",-0.0132716432634969,0.00967165575097149,0.011502647607155
"PLK3",-0.0132803659339311,0.00962401986164321,0.0114484205733288
"KRCC1",-0.0133070284928016,0.00947970559150546,0.0112815333831874
"ZNF195",-0.0133434608275058,0.00928563221727236,0.0110529167704006
"CEP57",-0.0133584108598505,0.00920702539290812,0.010964001794569
"CMAS",-0.0134013603371423,0.00898449184187198,0.0107012737224845
"RYBP",-0.0134304129938586,0.00883669759534766,0.0105297097514657
"COX20",-0.0134532203297527,0.00872219982591175,0.0103976925251519
"KHDRBS1",-0.0134921854831967,0.00852965056326659,0.0101724786692019
"IPO5",-0.013567836007751,0.00816663718530897,0.0097416190962329
"ZNF507",-0.013589590059952,0.00806484075297504,0.00962223662785835
"TIMM8B",-0.0135901757820439,0.00806211568503052,0.00962103148117873
"B3GAT3",-0.0135917761016078,0.00805467441187187,0.00961419647885132
"TMEM147",-0.0136457218065264,0.00780740390332737,0.00932103338958641
"RALGAPA2",-0.0136518901328526,0.00777956793231159,0.00928977779912048
"NFIA",-0.0136694728672631,0.00770070919232091,0.00919756835616783
"HIGD1A",-0.0137113281864428,0.00751586267944933,0.00898061547001294
"DDX1",-0.0137402474281925,0.00739048039558181,0.00883267895594673
"NCOA4",-0.0137433403201184,0.0073771825328922,0.00881866482197427
"NASP",-0.0137588597902994,0.00731078021156559,0.00874115025295886
"MYCBP2",-0.0137723752448463,0.00725338975293337,0.00867622953389259
"PDAP1",-0.0137746851784468,0.00724362167203867,0.00866639317128107
"MARCH5",-0.0138472649001295,0.00694265212702176,0.00830807987043346
"ANKRA2",-0.013900962649154,0.00672726195030137,0.00805376430669883
"SNRPA1",-0.0139204148081382,0.00665073063297449,0.00796384180383925
"RNFT1",-0.0139542095268005,0.0065196301613596,0.00781019116062937
"SELENOW",-0.0139882038698432,0.00639010484446591,0.00765829698300657
"GTF2A2",-0.0140440555145289,0.00618231914826126,0.00741085692772343
"CHM",-0.0141587182544966,0.0057746934311298,0.00692815016010226
"SART1",-0.0141661417064816,0.00574915783759713,0.0069004654405049
"SAMHD1",-0.014170712748694,0.00573348481467196,0.0068831264306248
"MRPL13",-0.0142156483506835,0.00558145008810058,0.00670204088061735
"ZNF593",-0.0142568124631887,0.00544537832715988,0.00654004975708991
"PKM",-0.0142687140149695,0.00540659861608711,0.00649486471868281
"IRF2",-0.0142869455028077,0.00534767697680693,0.00642545895050051
"SF3A2",-0.0143027431694461,0.00529709070030975,0.00636740493437705
"COG2",-0.0143197601185892,0.00524308398247649,0.00630383650700666
"SLC16A1-AS1",-0.0143244574637219,0.00522826387280977,0.00628736555765548
"EXOC7",-0.0143264272201494,0.00522206056725846,0.00628125209740993
"TRAC",-0.0143268075000132,0.00522086372729069,0.00628115923442007
"CARNMT1",-0.0143495477695304,0.0051497430762119,0.00619825330563157
"IMP3",-0.0143804628213895,0.00505445984536925,0.00608748813493377
"PPP1R35",-0.0143973016540211,0.00500323405424626,0.00602838123804157
"C18orf21",-0.0144064125893974,0.00497571360777287,0.00599650984739114
"DDRGK1",-0.0144240903067096,0.00492270651857192,0.00593390278667565
"TDG",-0.0144254949706617,0.00491851658086839,0.00593012637409664
"WBP1",-0.0144438375497165,0.0048640982475833,0.00586577626159551
"DPM1",-0.0144529626285559,0.00483722957565366,0.00583462866467792
"PRKRIP1",-0.0144614141871769,0.00481246393233962,0.00580600487320973
"METTL16",-0.0144800572134703,0.00475823938516552,0.00574182038089451
"CAAP1",-0.0144895388453807,0.00473087406102934,0.00571125532222392
"SLC30A9",-0.0145380172918435,0.00459317188735533,0.00555098972168535
"ARHGAP45",-0.0145673492127189,0.00451162792905212,0.00545361617797509
"NSMCE2",-0.0145803260632586,0.00447597200976775,0.00541168167560282
"SMAD4",-0.0146095761776432,0.00439653733379929,0.00532022744663805
"TRIB2",-0.0146109648419824,0.0043927980977691,0.00531684947755872
"PIK3C3",-0.0146234777502746,0.00435923455280402,0.00527736422987279
"ABTB1",-0.0146290095667326,0.00434447072453859,0.00526062610935927
"AP5M1",-0.0146428553209032,0.00430771639065409,0.00521724718298131
"FDFT1",-0.014649150554585,0.00429109875856803,0.0051993658824118
"NIPSNAP2",-0.0146811036542301,0.00420764451137293,0.0050993488245414
"NINJ1",-0.0147213201006835,0.00410470176412947,0.00497566484372651
"NGRN",-0.0147491354730918,0.0040348450480343,0.00489415799339945
"NFKB2",-0.0147557309460073,0.00401843998029081,0.00487636778919131
"UBAP2",-0.0147619878285353,0.00400293308797011,0.00485965259110848
"MYL12A",-0.0147790869384309,0.00396083181191915,0.00481062274623651
"UFSP2",-0.0147924468079911,0.00392821750693249,0.00477204422128438
"MPG",-0.0148039838751834,0.00390024950622942,0.00473909459171476
"EIF3J",-0.0148361154984369,0.00382330714794919,0.00464761713976056
"BCCIP",-0.0148489688690868,0.00379291659300737,0.00461167362088673
"MEA1",-0.0148551075817494,0.00377847979666604,0.00459511633628799
"KDM6B",-0.0148590459243311,0.00376924406338713,0.0045858727381483
"MTA1",-0.0148695241350997,0.00374477162761219,0.00455708651429596
"DCP2",-0.0148888757098119,0.00369995428034178,0.0045035243030413
"APEH",-0.0149209631935222,0.00362671465303761,0.00441533619868511
"YTHDF2",-0.0149589029151836,0.00354181974334594,0.00431291703064265
"CAMK1D",-0.0149732119416758,0.00351027385960594,0.00427543125323259
"NMT2",-0.0150121676364077,0.00342568272731174,0.00417512059531151
"HDAC1",-0.0150385941777003,0.00336935914922344,0.00410736741137408
"MRPS12",-0.015051966547146,0.00334118073662556,0.00407478781140638
"CCDC28A",-0.015077123373547,0.0032887508776853,0.00401259078377871
"PNN",-0.0150775522910866,0.00328786349569921,0.00401238072892594
"CREBL2",-0.0151009555864535,0.00323977406006668,0.00395541512012493
"STAT3",-0.015130631189023,0.00317971791677586,0.00388378347770794
"TBL1XR1",-0.0151328171760837,0.0031753343910455,0.00387927394027988
"KHDC4",-0.015203544618737,0.00303644375160538,0.00371282681920361
"TPP2",-0.0152623868207545,0.00292514007393673,0.00357750944294421
"YRDC",-0.0152667832106775,0.00291697539880475,0.00356908004084943
"MAP3K12",-0.015270548810773,0.00290999872558736,0.00356132042987459
"MRPS6",-0.0152790383109207,0.00289432573629842,0.00354291236758327
"BACH1",-0.0152823399375813,0.00288825123728312,0.00353624824119561
"PHF10",-0.0152826220912934,0.00288773265678787,0.00353624824119561
"MRPL2",-0.0153114390513559,0.00283521434646756,0.0034728280532059
"LEPROT",-0.0153170751764373,0.00282504515715334,0.00346188364605291
"POLR2I",-0.0153614339050422,0.00274616446721409,0.0033666920150942
"BCL2L13",-0.0153641594973068,0.00274138393909797,0.0033615658794185
"RUVBL1",-0.0153767763911493,0.00271935354362121,0.00333528058148557
"CSNK2B",-0.0153913519866018,0.00269410449174538,0.00330503525009656
"FAM192A",-0.0153972251159138,0.00268399126102824,0.00329334885703596
"C12orf29",-0.0154032275668557,0.00267369120167631,0.00328214609221096
"GLT8D1",-0.0154060042508288,0.00266893871069046,0.00327702914575914
"AKAP10",-0.0154080683583954,0.00266541084857646,0.00327341393618956
"SMIM15",-0.0154839685924244,0.0025386085570941,0.00311973581715179
"SLC38A2",-0.0155195071507049,0.00248115383061457,0.0030497968864478
"ZBTB24",-0.0155698818304712,0.00240175072222882,0.00295284276828922
"FOXJ3",-0.015614434235076,0.00233347049222419,0.00287078277661792
"SUZ12",-0.0156310824166758,0.00230841535313752,0.00284120450441015
"TMEM161B",-0.0156322973850772,0.00230659653490836,0.00283958888760938
"TNRC6C",-0.015636205098604,0.00230075554971314,0.00283301989330349
"LCK",-0.0156908187542663,0.00222052816816034,0.0027354332506323
"DCTN2",-0.0157025799715688,0.00220358998501033,0.00271576006500614
"MTIF3",-0.0157273471856133,0.00216830751218607,0.00267345167986019
"PCNX4",-0.0158463123250711,0.00200594192125189,0.00247543646683306
"POGK",-0.0158632225296446,0.00198379063864567,0.00244917814322231
"ZC3H14",-0.0158697324996998,0.00197532301560107,0.00243926086672287
"EIF3B",-0.0158743098054112,0.00196938911817333,0.00243246872588119
"YIF1A",-0.0159233897734211,0.00190678354811124,0.00235617967068372
"MRPS22",-0.0159249469887761,0.0019048274408118,0.00235428110662132
"PSMF1",-0.0159632106835727,0.00185733742941948,0.00229659752678935
"NMT1",-0.0159636587914514,0.00185678777276887,0.0022964240311361
"PUM1",-0.0159693413748231,0.00184983037183152,0.00228832378963061
"CBWD5",-0.0160102227773035,0.00180047940061859,0.00222776564567055
"PSMC6",-0.0160248530051925,0.00178311421689173,0.00220676610561717
"COX7A2",-0.01603799146773,0.00176765100632738,0.00218811168258972
"SPG21",-0.0160779412695717,0.00172138653453355,0.00213178332422366
"NSMCE3",-0.0160860795720541,0.00171209945991079,0.00212075026939712
"RBX1",-0.0161441065401477,0.00164720567897433,0.0020421710185737
"SFI1",-0.016146433574496,0.00164465109686915,0.0020394546095128
"C1D",-0.0161851076683525,0.00160272553905271,0.00198878351561285
"SNX17",-0.0162065139570718,0.00157994471537523,0.00196094908257854
"PEX2",-0.016209412223312,0.00157688336377256,0.00195758257817306
"TNPO1",-0.016209947713471,0.00157631833967191,0.00195731427303219
"TRIM14",-0.0162208585708378,0.00156484622910398,0.00194349952297395
"BABAM2",-0.0162281466034605,0.00155722617897106,0.00193446387600258
"GLOD4",-0.0162474632623027,0.00153719450945576,0.00191000248018756
"ZNF44",-0.0162893708095578,0.00149454909117758,0.00185742587538907
"CCDC7",-0.0163063662493554,0.00147756717971313,0.00183672764861305
"NFU1",-0.016321197404602,0.00146289329458977,0.00181888993409765
"NSG1",-0.0163239182220614,0.00146021595127934,0.00181596353063115
"ELP6",-0.0163397515919191,0.00144472496657696,0.00179709690964451
"C1orf35",-0.0164607911242815,0.00133121494570988,0.00165700373761536
"TMEM167A",-0.0164634640399112,0.00132880381626564,0.00165436959814696
"PDCL3",-0.016469480988022,0.00132339090672203,0.00164799622346517
"SETDB2",-0.0164830191265511,0.00131128615993257,0.00163328493721619
"PELI1",-0.016492234233263,0.00130310526156285,0.00162345558902234
"PUF60",-0.0165135618222401,0.00128435159511102,0.00160044701212191
"EIF4A3",-0.0165385582850077,0.00126268905313275,0.00157380261899017
"TAF7",-0.0165559555180092,0.00124781181551711,0.001555605396678
"TMEM71",-0.016607990855633,0.00120427439643378,0.00150166245032085
"COPS5",-0.0166208549025547,0.0011937297079329,0.00148917581976952
"NELFE",-0.0167117343906328,0.00112163131909941,0.00139985577311406
"DZIP3",-0.0167246092553886,0.00111174912096209,0.00138783101214894
"UBQLN1",-0.0167288181210725,0.00110853607561621,0.00138412806236522
"RHOT1",-0.0167372637748614,0.00110211455465977,0.00137641644070377
"EHMT2",-0.016740340339228,0.00109978389692993,0.00137381154793518
"EXOSC6",-0.0167490113791491,0.00109323963473836,0.00136594083538579
"PITPNB",-0.0167512925848695,0.00109152394218833,0.00136410098366597
"HCFC1R1",-0.0167699798592783,0.00107756272689214,0.00134725359881099
"GSTK1",-0.0168730385896531,0.00100349021737701,0.00125576179332701
"AIDA",-0.01687690419159,0.00100080581207139,0.0012529615277216
"FAF1",-0.0168913709412052,0.000990818491578899,0.00124073476289233
"SP140L",-0.0168913953945655,0.000990801688258557,0.00124073476289233
"PPP6C",-0.0169082434746175,0.000979286903850054,0.00122684223550666
"PPHLN1",-0.0169190017174569,0.000971999161541598,0.00121798420733714
"CCDC90B",-0.0169696722370559,0.000938344921994444,0.00117633855025449
"GOSR1",-0.0169814983037451,0.000930647256628278,0.00116694928692102
"ZNF430",-0.0169822761809121,0.000930142987549395,0.00116657772415652
"SSRP1",-0.0169905278558167,0.000924809294766433,0.00116014761709295
"PYM1",-0.0170324080072803,0.000898173146801217,0.00112698531727909
"INTS8",-0.0170340953540191,0.000897115029515826,0.00112590946657355
"PPP1CC",-0.0170466333561518,0.000889288695475842,0.00111658674611
"DENND6A",-0.0170603178911891,0.0008808189481227,0.00110619975351877
"SCAPER",-0.0170862659683908,0.000864963929058663,0.00108677438791021
"PNRC1",-0.0171349778125685,0.000835912020999994,0.0010507430960811
"UBA7",-0.0171679791860092,0.000816747042180142,0.00102734325260776
"SMIM10L1",-0.0171739663776865,0.000813314079159842,0.00102325453780819
"LUC7L2",-0.0171831425952455,0.000808078553269577,0.00101689562221676
"UCP2",-0.0172102229853515,0.000792809496600088,0.000998128652586736
"BCKDHA",-0.0172166210859043,0.000789241298931154,0.000993859413468861
"GALK2",-0.0172332056976746,0.000780061394579152,0.00098252007714168
"NDUFA2",-0.0172875688892946,0.000750660611765882,0.000945913304583693
"ZNRD2",-0.0173355451614393,0.000725572186521363,0.000914915703840154
"CS",-0.0173417109227273,0.000722404993208147,0.000911126801235995
"NAAA",-0.017353306894716,0.000716483203630681,0.000903861203590763
"MFSD8",-0.0173766759974436,0.000704685935261765,0.000889178609270918
"DDX10",-0.0174041927251172,0.000691026320854752,0.000872335207019613
"PRKD3",-0.0174168345166346,0.000684833651516041,0.000864906975462628
"BANP",-0.0174383483077663,0.00067441342126079,0.000851938593396315
"C5orf24",-0.0174405978123354,0.000673332424850584,0.000850764617885536
"AP2S1",-0.0174484507119671,0.000669571338280877,0.000846203020445082
"RBM48",-0.017472682560363,0.00065808844215516,0.000832065846403076
"CTNNBL1",-0.0174817288124458,0.000653848779796475,0.000826891716559564
"XPO6",-0.0174885203502095,0.000650682530800556,0.000823073054744334
"KPNA3",-0.0175097226839746,0.000640889400371736,0.000810868185855986
"TTF1",-0.0175608656905733,0.000617828346168878,0.000782043551896978
"HSD17B10",-0.017563565697277,0.000616632599980274,0.00078070613538464
"NBAS",-0.017583755735789,0.000607759102154372,0.000769645273834317
"TMEM8A",-0.0176107470957075,0.000596081975979999,0.000755198709405554
"SPECC1L",-0.0176705224148626,0.000570961074139859,0.000724026136058908
"ACTR6",-0.0176986669153896,0.000559477749030985,0.000709624728027091
"ZNF75A",-0.0177124004730026,0.000553952705619195,0.000702775820561665
"TRAFD1",-0.0177190857354012,0.00055128163790271,0.000699545349159512
"AFF1",-0.0177527493015099,0.000538012860035598,0.000682862476199028
"ZNF638",-0.0178663588084336,0.000495397217928532,0.000629200451115931
"SLC5A3",-0.0178695089419945,0.000494261705030568,0.000627900399733127
"NFX1",-0.0178967246630349,0.00048455195884256,0.000615704754044567
"SNU13",-0.0178974475889433,0.000484296482759613,0.000615519544241375
"UQCRQ",-0.0179352089324292,0.000471125251848703,0.000599050920868364
"GLRX3",-0.0179645539708895,0.000461121212649945,0.000586463387659531
"RPAP2",-0.0179976979044804,0.000450060591348068,0.000572526058381556
"IGHA1",-0.018012966517753,0.000445048976377618,0.000566279146626999
"CSPP1",-0.0180388859863834,0.000436660513410269,0.000555757195448773
"RP9",-0.0180769580616987,0.000424606306490132,0.000540758542431247
"CINP",-0.0181135015861117,0.000413328938707132,0.000526515746173253
"PAIP1",-0.0181207285708567,0.000411132078938325,0.000523836239573927
"PSMD6",-0.0181523370364591,0.000401651277095163,0.000511872708883204
"PRPF38A",-0.0181988438784029,0.00038807250935843,0.000494792449431998
"SMU1",-0.0182065803723395,0.000385855709410372,0.00049218975211282
"PMPCA",-0.0182499316890142,0.000373651283214756,0.000476730429573523
"TGS1",-0.0182527442223267,0.000372872086530523,0.000475844496232082
"RSBN1L",-0.0182849863150514,0.000364047445609798,0.000464688548321039
"TTC37",-0.0182976492153885,0.000360635329053271,0.000460542726152709
"ZNF83",-0.0183043687673425,0.000358836861092374,0.000458350362187664
"MRPS11",-0.018348216794232,0.000347305433823328,0.000443924238721548
"METAP1",-0.0183550845537427,0.000345531018346372,0.000441756839772823
"DIS3L2",-0.0183613266815692,0.000343925606490905,0.000439804570871661
"MYLIP",-0.0183669753167796,0.000342478851399479,0.000438054344813288
"WDR59",-0.01837415189524,0.000340648963270179,0.000435813154833684
"IGFLR1",-0.0183750061485287,0.00034043175549097,0.000435634614120515
"COMMD10",-0.0183899730596206,0.00033664713390367,0.000430889897604287
"PAIP2",-0.0183965715201546,0.000334991142576131,0.00042886816746967
"ZNF226",-0.0184788180505052,0.00031497952372309,0.000403616977635115
"SNHG17",-0.018526943530248,0.000303794790394869,0.000389462699752106
"CDKAL1",-0.0186367744084435,0.000279646914892015,0.000358751244579055
"NENF",-0.0186384608646845,0.000279290547857509,0.000358376023211487
"NOP58",-0.0186462793676429,0.000277643963441406,0.000356344688836945
"ARHGAP4",-0.018685678269231,0.000269484038953756,0.000346109308271651
"TMEM209",-0.0186971600503212,0.000267148678159643,0.000343267083022354
"EPRS",-0.0187673134979009,0.000253286718082354,0.000325604603217692
"MRPL43",-0.0188196717440112,0.000243383713026252,0.000313017567647243
"TCP1",-0.0188295639417869,0.000241553984674857,0.000310735577625763
"LIPA",-0.0188665238469844,0.000234831181349668,0.000302225952597301
"PSMD4",-0.0188676288081404,0.000234632923985343,0.000302040088012339
"TAF12",-0.0188923688132023,0.000230234868371161,0.000296582689222093
"VRK3",-0.0188984645784674,0.000229163160631424,0.000295269942843887
"CDYL",-0.0189020200184525,0.000228540235756989,0.000294534969583439
"TLE4",-0.0189083183976953,0.000227440638220556,0.000293185197706185
"MAPKAPK3",-0.018944539013316,0.000221212869189708,0.000285353919557199
"GATAD1",-0.0189891135342076,0.000213768419711578,0.000275814359379474
"RASSF3",-0.0189944339899714,0.000212895728889693,0.000274751561783109
"TMEM258",-0.0189970630789856,0.000212465727125735,0.000274259716791389
"MALT1",-0.0190241153314536,0.000208088303489348,0.000268670974125487
"TPT1-AS1",-0.0191144867534799,0.000194071279876526,0.000250803934602007
"EMC2",-0.0191850029829373,0.000183755407170032,0.00023763666072473
"LRRC58",-0.019188969715769,0.000183190704514637,0.000236960998922553
"PSMD13",-0.019199560729833,0.000181690953897874,0.000235075242473956
"RABGGTB",-0.0192029017206807,0.000181220249821363,0.000234520323298235
"SRP72",-0.0192469453513824,0.00017512126373883,0.000226732123142127
"PSMA3-AS1",-0.0192711932980424,0.000171846427015333,0.000222543503129275
"MTO1",-0.0192928468645505,0.000168970743824345,0.000218869977569748
"ASAH1",-0.0193064200066254,0.000167191318964076,0.000216615080690177
"NOL12",-0.0193269024344555,0.000164539433980756,0.000213327068322635
"MKLN1",-0.0193603000545447,0.000160300102831875,0.000207974925274472
"ZGPAT",-0.0193703196007049,0.000159048450440912,0.000206398752480573
"PTPMT1",-0.0193820893713856,0.000157589905732289,0.000204553301980135
"EIF5B",-0.0193830473044799,0.000157471751441968,0.000204447240358584
"XRCC5",-0.0194040839493297,0.000154897952737194,0.000201152202512884
"FUBP3",-0.0194504945957947,0.000149359046928238,0.000194049155457947
"SHARPIN",-0.0194738406197539,0.000146643812991888,0.000190653949220044
"PTGES2",-0.0194818848405371,0.000145719053946042,0.000189495570847774
"RCN2",-0.0195336665967696,0.00013989643136943,0.00018196591235393
"UPF3A",-0.0196145948858552,0.000131233387870689,0.000170776920889484
"KXD1",-0.0196158073683248,0.000131107525013555,0.000170652718173096
"CCDC32",-0.0196224964949176,0.000130415196334781,0.000169790961113512
"NDUFB8",-0.0196329880213771,0.000129336252072494,0.00016842534218354
"MAT2A",-0.0196369794373979,0.000128927989731575,0.000167932672949648
"LEO1",-0.0196399982769478,0.000128620014428154,0.000167570432174162
"ATP9B",-0.0196801692073822,0.000124587303494442,0.000162354186435265
"WDR70",-0.019688071958754,0.000123808116207407,0.000161376285298223
"POM121",-0.0197385671469934,0.000118936864449578,0.000155098979442615
"DNMT1",-0.0197455451758047,0.000118278085466132,0.000154311641736047
"ZNF121",-0.0197534256915111,0.000117538242227944,0.000153417761493431
"CDC16",-0.0197621241637112,0.000116726674769941,0.000152393913302157
"TXNDC9",-0.0198692435873145,0.000107156037657294,0.000139996593213185
"NFKBIA",-0.0198765459361294,0.000106531323731139,0.000139212840934473
"SCAMP3",-0.0198927655763349,0.000105156010007891,0.000137447627247034
"FRAT2",-0.0199061410542589,0.00010403448463545,0.000136013390539473
"RBMS1",-0.0199263522164376,0.000102361185827701,0.000133888144670879
"IVD",-0.019928160553488,0.000102212716637318,0.000133725126011043
"ASPSCR1",-0.0199347672005222,0.000101672019590115,0.000133048759015756
"MUS81",-0.0199458380277257,0.000100772015614356,0.000131901774987526
"FGFR1OP2",-0.0199583734630164,9.97620256599896e-05,0.000130610259965587
"CNOT8",-0.0199960260772347,9.678547457884e-05,0.000126802081360881
"ZNF264",-0.0200144479773167,9.53599066415041e-05,0.000124963577729231
"BCL7B",-0.020014691554321,9.53411910678961e-05,0.000124963577729231
"ADNP",-0.0200216005889802,9.48117680914909e-05,0.000124303346341029
"ZNF254",-0.020047859366189,9.28248373084061e-05,0.000121726820313268
"SNRPD1",-0.0200693199033462,9.12302458907398e-05,0.000119663708077402
"CAPN7",-0.0200699200093737,9.11860300125826e-05,0.000119633682967864
"YWHAG",-0.0200741926309386,9.0871807353954e-05,0.000119249319124136
"MPHOSPH10",-0.0201121707821934,8.8123367581266e-05,0.000115669651879013
"EAPP",-0.0201426103589379,8.59773790590836e-05,0.000112879264339213
"DOCK10",-0.0201431883358869,8.59371134483607e-05,0.000112852810497496
"AKT3",-0.0202264385248195,8.03198602239686e-05,0.000105550343372327
"HSF1",-0.0203080055248939,7.51541398436204e-05,9.88082316669113e-05
"SAFB",-0.0203194469143494,7.44551834386964e-05,9.7935188532494e-05
"GPATCH2",-0.0203357507241857,7.34697952206676e-05,9.66617146313193e-05
"MIGA1",-0.0204419050552605,6.73492943149048e-05,8.86715656199522e-05
"TRMU",-0.0204514393159265,6.68238554482389e-05,8.8000429357892e-05
"HMOX2",-0.0204581557710946,6.64560389502666e-05,8.75365997912645e-05
"CCDC174",-0.0204929997879022,6.4578410451676e-05,8.50833449116728e-05
"PRPF3",-0.0205183332474807,6.3244918317512e-05,8.33460163874189e-05
"AC092338.3",-0.0205315987858776,6.25570920649045e-05,8.24589488919442e-05
"SNAP23",-0.0205382182767475,6.22165216850469e-05,8.20293035612487e-05
"GBP1",-0.0205735663215906,6.04273914886291e-05,7.97078923703761e-05
"ATG3",-0.0205899784736755,5.96133571668059e-05,7.86526184632599e-05
"PMVK",-0.0206033489439065,5.89578753805112e-05,7.7842711434377e-05
"COMMD3",-0.020615917928863,5.83479146192385e-05,7.70555087132599e-05
"TLE3",-0.020695971667663,5.4601016501317e-05,7.21412394188385e-05
"SP1",-0.0207873420685071,5.06031906844494e-05,6.68748880423466e-05
"DENND1C",-0.0208013535648497,5.00152293002665e-05,6.61134392965351e-05
"ATP6V0E1",-0.0208023477769814,4.99737563646661e-05,6.60741864731975e-05
"PNPLA2",-0.0208040180527977,4.9904155226857e-05,6.59977158940753e-05
"UBAC1",-0.020811230351249,4.96046691211851e-05,6.56171171350739e-05
"TIMM22",-0.020830175922891,4.88260605640069e-05,6.46024056047355e-05
"ELP4",-0.0208336405734063,4.86849322603871e-05,6.44308728428336e-05
"DECR1",-0.0208675598637641,4.73235458059186e-05,6.2658742499694e-05
"LSM12",-0.020868694967853,4.72786173527574e-05,6.26140328963572e-05
"VAMP5",-0.0208774528891086,4.69333281047467e-05,6.21714216452488e-05
"PHF19",-0.0208945020729976,4.62679945216266e-05,6.13045463548241e-05
"PWP1",-0.0209111173638394,4.56282057058696e-05,6.04711159957308e-05
"DLD",-0.0209474470969109,4.42583972293899e-05,5.86973069638008e-05
"URI1",-0.0209930312215062,4.2594784662202e-05,5.65176778512189e-05
"EIF2AK4",-0.0209983788335583,4.24035557802337e-05,5.62772528807928e-05
"BET1L",-0.021044989043632,4.07709311452254e-05,5.41488929272525e-05
"XPC",-0.0210519176067066,4.05333959941023e-05,5.38461642261222e-05
"JMJD1C",-0.0210726234388546,3.98313299538648e-05,5.29385835207727e-05
"MAPK8",-0.0210854483053518,3.94022853074701e-05,5.23931786145786e-05
"KIAA0040",-0.0211027659243537,3.88298954052018e-05,5.16443132345145e-05
"SFT2D1",-0.0211302924458905,3.79362884586139e-05,5.04797386747685e-05
"PGPEP1",-0.0211356089411915,3.77659609413855e-05,5.02650156301715e-05
"NDUFA9",-0.0211477851757617,3.73785952432675e-05,4.97612528036855e-05
"TMEM87B",-0.0212223640398376,3.50870630007232e-05,4.67327690964049e-05
"CCDC137",-0.0212468655727353,3.4363794765281e-05,4.58129488196831e-05
"YWHAE",-0.0212520711174039,3.42119652362008e-05,4.56322218200395e-05
"RNF187",-0.0212550010576006,3.41267884461892e-05,4.55294371422405e-05
"ST6GAL1",-0.0212650707835114,3.38355827453235e-05,4.51516696482552e-05
"PRPF39",-0.0213285262870684,3.20541097975375e-05,4.27845719638795e-05
"DDX42",-0.0213387225383141,3.17763010834751e-05,4.24339559815033e-05
"ATXN7",-0.0213435457862048,3.16456845282702e-05,4.22695929056181e-05
"PSMC1",-0.0213511517636647,3.14407458801714e-05,4.20058548196622e-05
"PHF1",-0.0213817297291845,3.06294957696292e-05,4.09414989915702e-05
"EXOSC1",-0.0213970156681507,3.02314474309014e-05,4.04190705641937e-05
"ACYP1",-0.0214122296390026,2.98401576923434e-05,3.9905431383563e-05
"RNF13",-0.021412345674353,2.98371919453923e-05,3.9905431383563e-05
"COIL",-0.0214182543248558,2.96865425553852e-05,3.97189372133821e-05
"ANAPC10",-0.021462851649951,2.85725679982824e-05,3.8237620818312e-05
"XRCC6",-0.021562220422582,2.62316813462098e-05,3.51300387568005e-05
"LRMP",-0.0215920799980675,2.5564681698264e-05,3.42531321536329e-05
"GABARAPL2",-0.0216056512674732,2.52668892129533e-05,3.38703102711273e-05
"TRIP11",-0.0216292369903932,2.47571850853879e-05,3.3210858041374e-05
"GFM1",-0.0216589457744637,2.412906855288e-05,3.23760044443092e-05
"NUMB",-0.0217007823415094,2.32702006345687e-05,3.12310587463948e-05
"CREBZF",-0.0217014118793106,2.32575017013995e-05,3.12214846960639e-05
"CHCHD1",-0.0217116990271257,2.30509230084594e-05,3.0958984457136e-05
"NGLY1",-0.0217294693803981,2.26981792712957e-05,3.04925253141688e-05
"RPAIN",-0.0217429996261583,2.24330532008625e-05,3.01435756782846e-05
"NUP42",-0.0217488920303225,2.23185147465761e-05,2.99968537921159e-05
"GTF3C3",-0.021764520587381,2.20174114974014e-05,2.96063467163043e-05
"RNASEH1",-0.0217748890725038,2.18197877029561e-05,2.93476406170184e-05
"TMEM222",-0.0218157404250501,2.10574672682555e-05,2.83291106414661e-05
"DYNC1I2",-0.0219012012222817,1.95438955086754e-05,2.62991733757901e-05
"SZT2",-0.0219059652785772,1.9462644657065e-05,2.619612200723e-05
"GTF2B",-0.0219118127615952,1.93633556965228e-05,2.60687366108694e-05
"PSMD3",-0.0219301388334518,1.90552985745749e-05,2.56601596263479e-05
"CHD2",-0.0219664264367389,1.84590302605327e-05,2.48631836162277e-05
"ANP32A",-0.0219961910227389,1.79832568334185e-05,2.42339829054715e-05
"CD3D",-0.0219970543848378,1.79696322730518e-05,2.42214409062519e-05
"SIKE1",-0.0220422914651902,1.72693515423544e-05,2.32831199597712e-05
"H2AFZ",-0.0220915773587139,1.65360160744976e-05,2.23158648491536e-05
"LARP7",-0.0221074035034285,1.6306898867798e-05,2.20119592512866e-05
"ZCCHC10",-0.0221141426090182,1.62102572553762e-05,2.18867733339737e-05
"SYNE3",-0.0221932116258516,1.51163907192505e-05,2.04246030671954e-05
"STAMBP",-0.0221962464841503,1.50758408332371e-05,2.03747210490147e-05
"SLC33A1",-0.0222338668910141,1.45817136668355e-05,1.97116659448065e-05
"HMBOX1",-0.0222606782465672,1.42390251622402e-05,1.92530564377362e-05
"MGAT4B",-0.0223000832650783,1.37492788653761e-05,1.85953361703857e-05
"PSMG3",-0.0223040194437927,1.37012503623735e-05,1.85348479703196e-05
"CDK5RAP1",-0.0223042078918575,1.36989549736924e-05,1.85348479703196e-05
"TRAF3",-0.0223225184976165,1.34776637599137e-05,1.82411806256009e-05
"GATAD2B",-0.0223488917751347,1.31649160523802e-05,1.78221957176286e-05
"SNRPD3",-0.0223608035565522,1.30259409996061e-05,1.76383125773087e-05
"JADE1",-0.0223722799730392,1.28933699992473e-05,1.74630144123074e-05
"PSMC2",-0.0224080407147182,1.2488481443988e-05,1.69187106739368e-05
"ROMO1",-0.0224455856278321,1.20764601976969e-05,1.63723880398936e-05
"ACAP1",-0.0224537773198053,1.19883040752745e-05,1.62568010302853e-05
"DICER1",-0.0224788568964295,1.17222088870408e-05,1.58998046074224e-05
"ADH5",-0.0224821092855437,1.16881167104388e-05,1.58573965527355e-05
"P4HTM",-0.0224996069680927,1.15063207210222e-05,1.56145281192392e-05
"CUL5",-0.0225044756464586,1.14562184879278e-05,1.55502989879687e-05
"RINL",-0.022507892201111,1.14211840758649e-05,1.55064962888679e-05
"MAN2C1",-0.0225139915013273,1.13588940645991e-05,1.54256586062456e-05
"GPATCH11",-0.0225312885241539,1.11840046209158e-05,1.51991923263899e-05
"CHTOP",-0.0225584460367249,1.0914592409716e-05,1.4840248041325e-05
"SNRPG",-0.022609643298315,1.04234577357656e-05,1.41793399363833e-05
"POLR3K",-0.0226226030600015,1.03025236666257e-05,1.40182289036552e-05
"DHX15",-0.0226568958020511,9.98895050856414e-06,1.35981587850145e-05
"PPM1M",-0.0226636804559231,9.92800126332789e-06,1.35184677396285e-05
"NME6",-0.0227063210359588,9.5529985669194e-06,1.30110031464962e-05
"RWDD4",-0.0227708814251127,9.01086550059194e-06,1.22785901040371e-05
"FBXO21",-0.0227735919588378,8.98875988600056e-06,1.22514438679454e-05
"MBD1",-0.0227801191411095,8.93574022201923e-06,1.21821391605171e-05
"TASOR2",-0.0227899257429025,8.85664353444906e-06,1.20772411833396e-05
"FAM120AOS",-0.0228211898462563,8.60891992531473e-06,1.17422904889413e-05
"COX16",-0.0228630260049853,8.28776973216317e-06,1.13097514467126e-05
"SSH2",-0.0228632121266951,8.28636691195135e-06,1.13097514467126e-05
"DYM",-0.0228636274574247,8.28323733587426e-06,1.13090682536516e-05
"ATP5ME",-0.0229166360121432,7.89295099207504e-06,1.0778835215565e-05
"LRRC8C",-0.0229375137689832,7.74411246717999e-06,1.05781521648112e-05
"IARS2",-0.0229517614341674,7.64408469643492e-06,1.04440611658548e-05
"AKIRIN1",-0.0229843665360758,7.41980320734844e-06,1.01400964660718e-05
"HNRNPM",-0.0230605959979336,6.919733861582e-06,9.45899292482335e-06
"C2CD5",-0.0230894659319709,6.73889689580139e-06,9.21853489037937e-06
"NAA35",-0.023112386378906,6.59855480776695e-06,9.02875426135917e-06
"MFAP1",-0.0231425201402328,6.4182952133353e-06,8.78424887699709e-06
"CWF19L2",-0.0231944754306123,6.1185102037613e-06,8.37804301759846e-06
"MED8",-0.0232003784432615,6.08530977825215e-06,8.33461617577993e-06
"VDAC3",-0.023249560175111,5.81531885634364e-06,7.97066669535495e-06
"NDUFS1",-0.0232517967400612,5.80331753122637e-06,7.95616113152002e-06
"RBM17",-0.0232680752135762,5.71667924730275e-06,7.83929860116559e-06
"AGL",-0.0232866146204142,5.61951557034527e-06,7.70794189477677e-06
"MED31",-0.0233037657638226,5.53103690908933e-06,7.59029282289412e-06
"GLG1",-0.0233882212437572,5.11445340577892e-06,7.02032875126492e-06
"MRPL54",-0.0234021762166071,5.04857853237526e-06,6.93160194973696e-06
"LINC00649",-0.0234496261426552,4.83061417897205e-06,6.63396463746222e-06
"IGKC",-0.0234920642260907,4.64333174735167e-06,6.37989005697841e-06
"GABPA",-0.02353048094299,4.47981024556885e-06,6.15672108712426e-06
"VRK1",-0.0235437949172911,4.42443740449656e-06,6.08211071777156e-06
"SNRNP70",-0.0235438961677827,4.4240188265509e-06,6.08211071777156e-06
"APH1A",-0.0235465286042729,4.41314942141669e-06,6.0695680936866e-06
"MARCH8",-0.0235491189785662,4.40247866998659e-06,6.05637698347837e-06
"SLC30A5",-0.0235643769430015,4.34012509151359e-06,5.97206322378986e-06
"TIMM29",-0.0235769361804139,4.28943594197234e-06,5.90376242258705e-06
"GOLGA8A",-0.0235966113612874,4.21116541829141e-06,5.79745717708338e-06
"ESYT2",-0.0236178085489423,4.12837207937896e-06,5.68487171460873e-06
"NSRP1",-0.0236475734716281,4.0147430475757e-06,5.52975902207211e-06
"UBN2",-0.0236593189538767,3.97073403311525e-06,5.47182950768276e-06
"MT-ND6",-0.0236669231090808,3.94248907581577e-06,5.43424169909741e-06
"PHC3",-0.0236850508683147,3.87592973112911e-06,5.34512433422672e-06
"AVL9",-0.0236869009161027,3.86919783916075e-06,5.33715266232894e-06
"CHMP2B",-0.0236947847092296,3.8406359836235e-06,5.29905751798521e-06
"PMF1",-0.0237253840344921,3.73168161091261e-06,5.15253109456553e-06
"UQCR10",-0.0237425836565138,3.67174659846812e-06,5.07102373643676e-06
"RNF5",-0.0237797235207312,3.54545844992552e-06,4.90022712591332e-06
"UBL4A",-0.0238013643984794,3.47380368128636e-06,4.80237522228104e-06
"VDAC1",-0.0238151637905103,3.42883997722778e-06,4.74138335524966e-06
"IQCB1",-0.0238424394529034,3.34160164683173e-06,4.6218898517569e-06
"ZNF143",-0.0238881700281719,3.20009297248664e-06,4.42834769996302e-06
"SNF8",-0.0239099970976771,3.13459508810743e-06,4.34092284479947e-06
"ALKBH5",-0.0239131859918839,3.12513429278601e-06,4.32888972408136e-06
"ORMDL1",-0.0239590939538606,2.99193335927888e-06,4.14642938378322e-06
"DMAP1",-0.0240561807913784,2.72794664208963e-06,3.78431767114808e-06
"CDC14A",-0.0240620210438569,2.71280079783532e-06,3.76423756513879e-06
"ARHGEF2",-0.0240806820877182,2.66494507430375e-06,3.69874860634439e-06
"YIPF3",-0.0241020565119517,2.6111263383709e-06,3.62494896269753e-06
"NORAD",-0.0241040148539834,2.60624792484934e-06,3.61907199465465e-06
"BRK1",-0.0241115947808016,2.58744794368978e-06,3.59385564845251e-06
"TMBIM4",-0.0241116442500686,2.58732567697009e-06,3.59385564845251e-06
"IKZF5",-0.0241289461040627,2.54490136979464e-06,3.53651144031408e-06
"ARFGEF2",-0.0241335903040574,2.53362790840743e-06,3.52171768239983e-06
"STX2",-0.0241465851515827,2.50233798403932e-06,3.47908701126656e-06
"NEDD8",-0.0241615498231903,2.46676446813336e-06,3.43047810268421e-06
"LDHA",-0.0241812480677364,2.42067793990664e-06,3.36722123552597e-06
"MRPL27",-0.0242309960943473,2.30793668520674e-06,3.21145231827632e-06
"APTX",-0.0243077542285405,2.14381556792061e-06,2.98580072890631e-06
"MED13L",-0.0243175429968246,2.12370963609788e-06,2.95853266911078e-06
"HNRNPF",-0.024325861794712,2.10676545384548e-06,2.93565677994862e-06
"PLEKHA1",-0.0243388400893712,2.08058957482374e-06,2.89990248813942e-06
"AMMECR1",-0.0244057721011615,1.95047870769766e-06,2.72125977373386e-06
"VKORC1",-0.0244133163768316,1.93631319025535e-06,2.70216840729665e-06
"LYPLA2",-0.0244619330079326,1.84737085018339e-06,2.57933062954923e-06
"TBC1D10C",-0.0244663389001883,1.83950731508135e-06,2.56899079850793e-06
"MMGT1",-0.024486072980319,1.80467928433085e-06,2.52097878114943e-06
"TRAPPC6B",-0.0244890045559059,1.79955980677813e-06,2.51445342864889e-06
"PRPSAP1",-0.0245448792007985,1.7046111600247e-06,2.38297249133779e-06
"DNAJA2",-0.0245474937116913,1.70028830946605e-06,2.37752178866015e-06
"ZNF720",-0.0245498069200628,1.69647242067504e-06,2.37277743205859e-06
"TM9SF4",-0.0245712009894019,1.66156846942172e-06,2.32511826227385e-06
"RSRC1",-0.0245838797282133,1.64121021530426e-06,2.29720292112198e-06
"WDR20",-0.0245898729856464,1.63167049681117e-06,2.28442013653872e-06
"TMF1",-0.0246428639033516,1.54960997304413e-06,2.1706147187959e-06
"NFYC",-0.0246440395589088,1.54783515220867e-06,2.16867013084181e-06
"GRPEL1",-0.0247362752872363,1.41452051779716e-06,1.98386502621052e-06
"DDX39B",-0.0247378625038563,1.41232599874684e-06,1.98128253387591e-06
"TSTA3",-0.0247556953983954,1.38789380981233e-06,1.9479820548029e-06
"DHX40",-0.0247959180316056,1.33426956220255e-06,1.87365512990145e-06
"C2orf49",-0.0248275182455637,1.29354397528965e-06,1.81692080655357e-06
"COG5",-0.0248367000633441,1.28193661880016e-06,1.80106797682668e-06
"CNOT2",-0.0248607653157931,1.25198754410976e-06,1.75987224316105e-06
"NUMA1",-0.0248747608129088,1.23488096672614e-06,1.73626120885555e-06
"COMT",-0.0248769122189815,1.23227134152712e-06,1.73302637903413e-06
"USP18",-0.0249286307074317,1.1711107033327e-06,1.64825164217172e-06
"GMCL1",-0.0249302830021727,1.16920571690473e-06,1.64598345591858e-06
"CHKB",-0.0249373704790042,1.16106809424292e-06,1.63493775318844e-06
"C1GALT1",-0.0249535614314724,1.14268206893614e-06,1.60945177171272e-06
"RANBP6",-0.0249537619379931,1.14245614459749e-06,1.60945177171272e-06
"FAM98B",-0.0249611585728338,1.13415182478754e-06,1.59864113996435e-06
"RUFY1",-0.0249884244104428,1.10403883759113e-06,1.55658654910436e-06
"MTMR4",-0.0249927024968537,1.09938441162394e-06,1.55041391382863e-06
"CTDNEP1",-0.0249956045432422,1.09623782979294e-06,1.5463651559312e-06
"HTATIP2",-0.0249989940428112,1.09257369221791e-06,1.54158410798353e-06
"SNX1",-0.0250064956056698,1.08450616569932e-06,1.53058606026999e-06
"CHMP1B",-0.0250110326718109,1.07965464938267e-06,1.52412244162979e-06
"TCTN3",-0.0250695660494398,1.01890733412279e-06,1.44017892275859e-06
"ZNF160",-0.0250717826338444,1.01667280747746e-06,1.43738267387816e-06
"C11orf21",-0.0250986467502421,9.89963460439196e-07,1.39997353492914e-06
"NDUFB2",-0.0251039628309486,9.84758666083427e-07,1.39296422509532e-06
"ANAPC7",-0.0251347255348976,9.55153302549225e-07,1.35176842262895e-06
"DEF6",-0.0251464176382673,9.44127348390637e-07,1.33683857255716e-06
"SLC35E2B",-0.0252107145916559,8.85649573420435e-07,1.25467022901228e-06
"NOM1",-0.0252137948408396,8.82937488975171e-07,1.25114405484989e-06
"TMEM173",-0.0252675972770926,8.36835823010736e-07,1.18641621609559e-06
"MRPL22",-0.0252881128852111,8.19874536291122e-07,1.16266333382032e-06
"OSBPL9",-0.025297533922988,8.12197079414147e-07,1.15235852693813e-06
"NAA10",-0.0253003157049571,8.0994340303745e-07,1.14945168000002e-06
"KLHL28",-0.0253319482106745,7.84736099370578e-07,1.11395989814498e-06
"POLDIP3",-0.0253701358425581,7.55311034110688e-07,1.07246137721108e-06
"NOC2L",-0.0254135014523296,7.23184666849148e-07,1.02736540415896e-06
"RNF113A",-0.0254567412815856,6.92464323455532e-07,9.83972860837268e-07
"SOAT1",-0.0254724115588,6.81644690961472e-07,9.68843860221398e-07
"IGLC2",-0.02547889907448,6.77213190613476e-07,9.62789153406387e-07
"PLD3",-0.0255310006789079,6.42616459111475e-07,9.1406651511546e-07
"DPH7",-0.0255378105475656,6.38222409732113e-07,9.08046593608206e-07
"RANGAP1",-0.0255538214897983,6.28005166612669e-07,8.93736424327009e-07
"FUBP1",-0.0256256048652713,5.84103018737807e-07,8.31468646312889e-07
"ATF7",-0.0256346992356023,5.78756787695137e-07,8.24067405829878e-07
"CFDP1",-0.0256402905817922,5.75493299137154e-07,8.19628689555581e-07
"YTHDF1",-0.0256713134217276,5.57706055739564e-07,7.94699256464048e-07
"TTC14",-0.025702659644485,5.40272272490812e-07,7.70052705455654e-07
"GMEB1",-0.0257097268211561,5.36414949457885e-07,7.64749140141991e-07
"COPS8",-0.0257547658421859,5.1244893561457e-07,7.31138995116414e-07
"PHF5A",-0.0257590212983779,5.1023869155361e-07,7.28170709645319e-07
"API5",-0.0257631600091948,5.08097903404038e-07,7.2530006058439e-07
"HEATR1",-0.0257640903888214,5.07617849320973e-07,7.2479921982455e-07
"RPA1",-0.0257738741858658,5.02596049619456e-07,7.17811567811901e-07
"NAGK",-0.0257793041891623,4.99829661240037e-07,7.14042373200052e-07
"PNP",-0.0257929237559634,4.92955440127083e-07,7.04401431256479e-07
"TUBA1A",-0.0258013973237783,4.88724670984853e-07,6.98533860949051e-07
"DELE1",-0.0258807792792122,4.50753991108842e-07,6.44755198908874e-07
"CISD2",-0.0258841492035282,4.49206710506047e-07,6.4286980763748e-07
"C1orf52",-0.0258985944040718,4.42632136434116e-07,6.33622425464503e-07
"KIAA0319L",-0.0259282864708903,4.2940836655712e-07,6.14849651961572e-07
"CORO1B",-0.0259521009838918,4.19078471778621e-07,6.00211954730166e-07
"SMARCAD1",-0.0259883317903057,4.03821248654147e-07,5.7850796857757e-07
"GAPVD1",-0.026003155315076,3.97734625981755e-07,5.70079522676966e-07
"HSPA14.1",-0.026075387018752,3.69320466302826e-07,5.29488325059763e-07
"PTAR1",-0.0260774446749975,3.68540446592084e-07,5.28505088287728e-07
"CNOT4",-0.0260853338137873,3.6556452627829e-07,5.24371514298442e-07
"CCAR1",-0.0261130783914757,3.55281880971983e-07,5.0975226400328e-07
"FAM204A",-0.0261367132454732,3.46743069971026e-07,4.97628197118817e-07
"CEP95",-0.026191044810328,3.27858563875478e-07,4.70887491894887e-07
"ELAVL1",-0.0262069942624712,3.22506046310989e-07,4.6331854540452e-07
"NAIP",-0.0262246619295072,3.16675391134065e-07,4.55058643509761e-07
"SF3B6",-0.0262503000413957,3.08394990364898e-07,4.43273352791975e-07
"CASP8AP2",-0.0262518737053835,3.07893608407595e-07,4.42666105373298e-07
"ZNF148",-0.0262678571504654,3.02845543677971e-07,4.35519994881676e-07
"EXOG",-0.0262766777181282,3.00094053069658e-07,4.31673753261738e-07
"TM2D3",-0.026279440494605,2.99237207108177e-07,4.30551611150775e-07
"WASF2",-0.0263096675626059,2.90015573901483e-07,4.17497400458641e-07
"SKI",-0.0263115110118038,2.89462145503308e-07,4.16807658181098e-07
"ZNF224",-0.0263354567400359,2.82365325855321e-07,4.0669306240009e-07
"CSNK2A1",-0.0263564739537196,2.76275138173934e-07,3.98125744966804e-07
"EIF1B",-0.0263580561847523,2.75821823269771e-07,3.97574621927908e-07
"SLC35D2",-0.0263841489645073,2.68448942388545e-07,3.87046663274155e-07
"TMEM107",-0.0264036680026649,2.63058393187132e-07,3.79372130020517e-07
"MTG1",-0.0264318542556496,2.55458335173623e-07,3.68506366758557e-07
"IRF7",-0.0264505447594756,2.50536104761257e-07,3.61591856884654e-07
"SUGT1",-0.0264722897130094,2.44924729752007e-07,3.53675092383208e-07
"DDX49",-0.0264729557193119,2.44754794811165e-07,3.53520700023335e-07
"PAN3",-0.0264944638724856,2.39327702501458e-07,3.46038250266284e-07
"FCHSD2",-0.0265157833650306,2.34063037757151e-07,3.38600732804956e-07
"CFAP97",-0.0265712618683258,2.20882175051773e-07,3.19697884943356e-07
"CD28",-0.026579660299583,2.18950410785742e-07,3.16983691485939e-07
"KHSRP",-0.0265832103742891,2.18138758631348e-07,3.15890148663361e-07
"CLK4",-0.0266492120665052,2.03567803101841e-07,2.95094412248405e-07
"PCF11",-0.0266520059410409,2.0297223470467e-07,2.94307117263686e-07
"NMRAL1",-0.0266585980528583,2.01573664993653e-07,2.92354772651085e-07
"GPBP1",-0.0266694593008885,1.99289653874851e-07,2.89116875675696e-07
"THAP6",-0.0266778174630955,1.97549066808518e-07,2.8666587294252e-07
"GNL2",-0.0266829823006653,1.96480844155431e-07,2.85189530585244e-07
"PRDX1",-0.0267070805237167,1.91570058781327e-07,2.78133548075374e-07
"AP3M1",-0.0267217945678869,1.88630160135491e-07,2.73936111405671e-07
"KLHDC2",-0.026737876188734,1.85466897709963e-07,2.69412039397434e-07
"ABCF1",-0.0267458337337859,1.83920669616349e-07,2.6723516098102e-07
"RNF145",-0.0267460216043998,1.83884315528042e-07,2.6723516098102e-07
"AURKAIP1",-0.0267462441168556,1.83841267021407e-07,2.6723516098102e-07
"ARMCX3",-0.0267551569073012,1.82124936112626e-07,2.64831750023803e-07
"GRAP2",-0.0268123728476378,1.71470146345596e-07,2.49532430868689e-07
"TMEM205",-0.0268146582487692,1.71057323802584e-07,2.48996260127788e-07
"OGT",-0.0268163978075644,1.70743743497543e-07,2.48604308596216e-07
"SYNCRIP",-0.0268328110204288,1.67812258758445e-07,2.44399473425461e-07
"ZBTB4",-0.0268454557410794,1.65587091172683e-07,2.41221392230265e-07
"HDAC8",-0.026868914649332,1.61534210720141e-07,2.35439574471289e-07
"GLUD1",-0.0269880638195485,1.42386094963635e-07,2.07638677604886e-07
"RARA",-0.026998804605149,1.40772129214687e-07,2.0533844121019e-07
"SETD5",-0.0270016636331716,1.40345507703001e-07,2.04769388352102e-07
"JKAMP",-0.0270090396874806,1.39250626577779e-07,2.03224769797434e-07
"SLC25A26",-0.027010653557685,1.39012172096026e-07,2.02929556455556e-07
"MRPL55",-0.0270187166338098,1.37826730478007e-07,2.0125142060948e-07
"RASSF7",-0.0270246221913907,1.36964699019411e-07,2.00044769981488e-07
"RHOT2",-0.0270492045770266,1.33432122850951e-07,1.94935991977561e-07
"HSPA4",-0.0270580921127895,1.32176775385588e-07,1.93202634161842e-07
"RSBN1",-0.0270666144562262,1.30983745512762e-07,1.9150868186776e-07
"TIA1",-0.0270927384657549,1.27391234962204e-07,1.8635327982737e-07
"NUDT5",-0.0271003928725696,1.26356802557236e-07,1.84888279172169e-07
"DEGS1",-0.0271783413806891,1.16274956585257e-07,1.70225079969544e-07
"WDFY2",-0.0272085630907413,1.12579329767997e-07,1.64857749934342e-07
"BISPR",-0.0272417863594486,1.08647822776983e-07,1.59191561695728e-07
"YIPF5",-0.0272985372252256,1.02237448162794e-07,1.49987469715815e-07
"C1orf56",-0.0273004352604086,1.02029507299956e-07,1.49721563157927e-07
"SLC25A28",-0.02731366535011,1.00591402358304e-07,1.47688502284765e-07
"DNAJB12",-0.0273241865334859,9.94617783032113e-08,1.46106461450907e-07
"USP39",-0.0273245741672012,9.94203947789009e-08,1.4608392213453e-07
"NOL8",-0.0273657769957284,9.51153611938238e-08,1.39794911264698e-07
"PARN",-0.0274164705064806,9.00658558429465e-08,1.32442844371934e-07
"DRG2",-0.0274243289732464,8.93066927184136e-08,1.31360919284295e-07
"ELMO1",-0.0274536893725844,8.65247793555217e-08,1.27302389767762e-07
"PLEKHF2",-0.0274682316353098,8.51781470808126e-08,1.25353988752193e-07
"ATP6V1F",-0.0274713468535842,8.48923244128143e-08,1.24966134861162e-07
"LRIF1",-0.027481328632195,8.39827329162401e-08,1.23659614608952e-07
"PIK3CA",-0.0274939546406098,8.28456954983482e-08,1.22017419728468e-07
"COA8",-0.0275173746616138,8.07759437645063e-08,1.19000274295925e-07
"PRR12",-0.0275251138699694,8.01030626037871e-08,1.1803997404971e-07
"GSDMD",-0.0275330454485592,7.94190889341725e-08,1.17062818949214e-07
"GFER",-0.0275363242529925,7.91379989287166e-08,1.16709824918533e-07
"CPSF2",-0.02754248827433,7.86121667462193e-08,1.15964831829159e-07
"PAG1",-0.0275433268558722,7.85408921244897e-08,1.15890164339397e-07
"AFG3L2",-0.027560126499681,7.71261329915597e-08,1.13862527916487e-07
"SOD2",-0.0275611859049817,7.70377487077331e-08,1.1376198216646e-07
"IPO9",-0.0275854922718816,7.50366450091125e-08,1.10836118615356e-07
"ZNF281",-0.0276079157757989,7.32352621928787e-08,1.08232302661235e-07
"RPS6KB2",-0.0276489367036055,7.00476657047182e-08,1.03603323122454e-07
"NDUFA3",-0.0276827923514903,6.75184672057467e-08,9.98888715781221e-08
"CCDC130",-0.0276872988330071,6.71885539277827e-08,9.94270080545663e-08
"MARS",-0.0277188282207505,6.49236230543356e-08,9.61514058434062e-08
"NUCB1",-0.0277198566310582,6.48510064828398e-08,9.60692227010117e-08
"IDH3G",-0.0277503928244791,6.27303291148212e-08,9.29522309387604e-08
"ZCRB1",-0.0277816848293031,6.06269160789756e-08,8.98591807669889e-08
"UBE4B",-0.0277922235326682,5.99340234924637e-08,8.8855674363827e-08
"IMPA1",-0.0278000364882281,5.94253007514682e-08,8.81247521056666e-08
"ZNF688",-0.027804759514329,5.91198034316088e-08,8.76948961531797e-08
"AHCYL1",-0.0278218980627255,5.80239665410332e-08,8.61377222268314e-08
"LPAR6",-0.02787172413786,5.49487136239687e-08,8.15940400821769e-08
"ZADH2",-0.0278988596296605,5.33409711626155e-08,7.92276537522565e-08
"PSMB1",-0.0279093016915825,5.27345196433228e-08,7.83476311438138e-08
"E2F4",-0.0279522721984427,5.03084680166562e-08,7.47828578625971e-08
"COP1",-0.0279536962292109,5.02299502068661e-08,7.46859317944657e-08
"NR2C1",-0.0279567690651259,5.00609255042754e-08,7.4454345726136e-08
"MPC2",-0.0279579049764539,4.99985831241571e-08,7.43813448227317e-08
"DCLRE1C",-0.0279605501717508,4.98536980085518e-08,7.41854763469431e-08
"UBE2Z",-0.0279742942912376,4.91074182056705e-08,7.30943529142508e-08
"ASCC2",-0.0279759398845775,4.90187947719822e-08,7.29818043181581e-08
"KDM5B",-0.0279840497125706,4.85842996258131e-08,7.23541069553521e-08
"DCUN1D5",-0.0280552720948481,4.49254488442529e-08,6.69407086364565e-08
"ZMAT3",-0.0280691844422003,4.42426126910878e-08,6.59407697122749e-08
"CYTH2",-0.0281089224393603,4.23471721607048e-08,6.31325101837772e-08
"HEBP2",-0.0281143285500404,4.20954730518053e-08,6.27739510421658e-08
"GPKOW",-0.0281222346435172,4.17299890182028e-08,6.22454768391699e-08
"HERC6",-0.0281787538999193,3.92053662428956e-08,5.84952405911288e-08
"TNRC6A",-0.0281865989074112,3.88668664229587e-08,5.80056186839048e-08
"RNMT",-0.0282222118026293,3.73655302033215e-08,5.5794683109032e-08
"AKT2",-0.0282664052267894,3.55805234378048e-08,5.31575862812476e-08
"HAGH",-0.0282803299793717,3.50354304172281e-08,5.23571562708178e-08
"PGGT1B",-0.0282824385784006,3.4953597318897e-08,5.22487825630196e-08
"DNAJC2",-0.0283085572809507,3.39551946058364e-08,5.07698938536094e-08
"ATP5MF",-0.0283150258191785,3.37122372427401e-08,5.04200615653884e-08
"LAT",-0.0283788356228534,3.14041575061016e-08,4.69931511360976e-08
"EXOC1",-0.0283890939717522,3.10476990640159e-08,4.64721429426705e-08
"TPR",-0.0284197564269465,3.00054787196397e-08,4.49241354729593e-08
"THOC2",-0.0284784620521106,2.81039496188781e-08,4.20996414851552e-08
"CDIPT",-0.0285221845205128,2.67642447502398e-08,4.01141899676316e-08
"DPM2",-0.0285430091872882,2.61481455673107e-08,3.92012551129378e-08
"STRADA",-0.0285481112093011,2.5999313797935e-08,3.89885459519955e-08
"LMBRD1",-0.0285763928445635,2.51890969069583e-08,3.77836453604374e-08
"AC008875.3",-0.0285805251882527,2.50727837717925e-08,3.76192342764793e-08
"TSN",-0.0285835781850578,2.49871859912827e-08,3.75008329082654e-08
"BRMS1",-0.0286065085015167,2.43532840649823e-08,3.65690373673852e-08
"CHD6",-0.0286323955524792,2.36563944924864e-08,3.5551131289271e-08
"LINC01934",-0.0286555146449997,2.3050410417916e-08,3.46590196849393e-08
"DGKE",-0.028673403334274,2.25918885827946e-08,3.39786849730503e-08
"ARF4",-0.0286790795454431,2.2448255566055e-08,3.3771711913534e-08
"MFSD14A",-0.028765911632642,2.0358447999334e-08,3.06441892343075e-08
"EPN1",-0.0288045515602346,1.94904079645091e-08,2.93454612670145e-08
"LRRC47",-0.0288068909374988,1.94390240898931e-08,2.92759530588725e-08
"MCRS1",-0.0288199938676981,1.91536436230151e-08,2.88539045985807e-08
"NOL10",-0.0288263217972948,1.90172826778973e-08,2.86561793776535e-08
"SPG7",-0.0288343612913935,1.8845398045448e-08,2.84048046842997e-08
"DPF2",-0.0288689213403696,1.81235271587437e-08,2.73314482152021e-08
"RNF214",-0.0288967548988338,1.75617427155871e-08,2.64913623647335e-08
"WBP2",-0.0289008272374956,1.74809790801365e-08,2.63766252392593e-08
"UCHL5",-0.0289084015244136,1.73317221265483e-08,2.61584506671874e-08
"ANAPC11",-0.0289202036143165,1.71016165474744e-08,2.58181024842119e-08
"PIAS1",-0.0289336850908778,1.68423971342479e-08,2.54336064396045e-08
"TOMM5",-0.0289372880188057,1.67737693641094e-08,2.5336792173574e-08
"POLE3",-0.0289441511993224,1.66437915949953e-08,2.51472315776794e-08
"FBRS",-0.028955050864687,1.64393769438989e-08,2.48450712972179e-08
"HAUS6",-0.0290605194771305,1.45832571949122e-08,2.20577171376266e-08
"PNRC2",-0.0290611036480773,1.45735665075908e-08,2.20490043440087e-08
"POLR2G",-0.0290684459955825,1.4452297978586e-08,2.18714301753082e-08
"PDE12",-0.0290805829536138,1.42539862910218e-08,2.15771352111798e-08
"CITED2",-0.0290859296584766,1.41674649583968e-08,2.14519509896373e-08
"SNX6",-0.0290997413631859,1.39463158648655e-08,2.11284990553323e-08
"SMIM12",-0.0291642470988027,1.29571001309562e-08,1.96404571020438e-08
"C16orf91",-0.0291680679056891,1.2900696203908e-08,1.95602447848443e-08
"STAU2",-0.0291796696407529,1.27308858216285e-08,1.93079939062817e-08
"LSM8",-0.0291859769757923,1.26394809549139e-08,1.91745506103481e-08
"COMMD8",-0.0291942106334118,1.25211191223379e-08,1.90001293687627e-08
"ADA2",-0.0292105953630315,1.22887779523468e-08,1.8652609391955e-08
"MRE11",-0.0292129152033254,1.22562222320831e-08,1.86082291534468e-08
"PCNA",-0.0292385405837876,1.19021352854213e-08,1.80755221849522e-08
"RAB7A",-0.0292813276289148,1.1332948890923e-08,1.72157712640341e-08
"STAT6",-0.0293128358100031,1.09308047485376e-08,1.66138755457318e-08
"TMEM138",-0.029318932304742,1.08546116296932e-08,1.65025396321351e-08
"PTBP2",-0.0293502324720569,1.04714824040828e-08,1.59330122828599e-08
"CPSF7",-0.0293666861350511,1.02753852395084e-08,1.56388798680527e-08
"UBE2W",-0.0293861813882584,1.00476550637893e-08,1.5296430097112e-08
"RCOR3",-0.0293906616647531,9.99601694738625e-09,1.52219476316061e-08
"AC092821.3",-0.0294363969781398,9.48342828895471e-09,1.44452980453532e-08
"ABCD4",-0.0294871854391309,8.94413458045308e-09,1.36312401511388e-08
"PCMT1",-0.0294886693135747,8.928835139817e-09,1.36116209604275e-08
"PPTC7",-0.0294951281659192,8.86253719459678e-09,1.35142249692003e-08
"AP1G2",-0.0294975101739226,8.83820767601491e-09,1.34807898484077e-08
"MORC3",-0.0295311566294717,8.50140563221351e-09,1.29741255703802e-08
"RPS19BP1",-0.0295447311063139,8.36908666598436e-09,1.27756669921557e-08
"WDR33",-0.029586340490514,7.97584852943879e-09,1.21786908683047e-08
"MAP7D1",-0.0295909314720115,7.93357720200513e-09,1.21174429902665e-08
"RLIM",-0.0296069255645005,7.78800659035671e-09,1.19015845742035e-08
"H2AFJ",-0.0296310832056826,7.57304696559356e-09,1.15762380046267e-08
"RPS6KA5",-0.0296603862725657,7.320037060696e-09,1.11925341811133e-08
"TSR3",-0.0296655766923199,7.27608693890039e-09,1.11283663378493e-08
"ALG5",-0.0296766253676646,7.18338455700834e-09,1.09925770225905e-08
"COX5A",-0.0296916428746755,7.05922173034387e-09,1.08055208478115e-08
"TDP2",-0.0297165027372064,6.85825635733153e-09,1.05007691497352e-08
"ZNF407",-0.0297275026136527,6.77112010804847e-09,1.03701839492634e-08
"PSMD11",-0.0297657908830126,6.47613332108136e-09,9.92111084960852e-09
"VIRMA",-0.0297981597527329,6.23653426141146e-09,9.55666681412682e-09
"S1PR1",-0.0298019677103193,6.20892054132175e-09,9.51695197727186e-09
"DCAF13",-0.029816907221486,6.10172940362381e-09,9.35520687464596e-09
"GTPBP4",-0.0298210778813331,6.07212769339887e-09,9.31236641879926e-09
"ACTR10",-0.0298856770081567,5.63107961177451e-09,8.63832557343588e-09
"FLAD1",-0.0299228238743249,5.39174288506027e-09,8.27343478807115e-09
"ARAF",-0.0299572533382186,5.17877029064885e-09,7.94881021355405e-09
"PWWP2A",-0.0299579573639315,5.17450189805206e-09,7.94443230653313e-09
"MTMR14",-0.0300580321374895,4.6013462387225e-09,7.06639813830639e-09
"AL390728.6",-0.0300892477984137,4.43556409779582e-09,6.81366774058997e-09
"EPB41",-0.0301451570134396,4.15304920689653e-09,6.38317973991494e-09
"EIF6",-0.0301710090028037,4.02841333055228e-09,6.19501063168812e-09
"DIDO1",-0.0301981600420508,3.90143525382328e-09,6.0079746840375e-09
"RRP7A",-0.0302040227932157,3.87453263817852e-09,5.96818454151057e-09
"ABT1",-0.0302258773615787,3.77582972885972e-09,5.81774369099232e-09
"DAP",-0.0302736473819267,3.56852966325376e-09,5.49984928869603e-09
"CYP20A1",-0.0302845548989328,3.52277326254766e-09,5.43082110549391e-09
"TBC1D23",-0.0303292520903876,3.34116428283842e-09,5.15226267914336e-09
"TSPAN3",-0.0303296480701144,3.33959684151169e-09,5.15126155646978e-09
"DDIT3",-0.0303342844028455,3.32129761470434e-09,5.12444433951907e-09
"PSMD14",-0.0303374243714282,3.30895989650103e-09,5.10681293517765e-09
"ARFGAP2",-0.0303522896931969,3.25115339677568e-09,5.01897923938127e-09
"JUN",-0.0303970380474145,3.08301284562533e-09,4.76203250659639e-09
"CDC123",-0.0304056269159812,3.05172333592772e-09,4.71500080268645e-09
"XPO4",-0.0304126138494309,3.02649798820551e-09,4.67731507268124e-09
"UBE2D3",-0.0304575633913026,2.86900114360342e-09,4.4363551310957e-09
"DLST",-0.03049242820854,2.75236373722944e-09,4.25834544011504e-09
"SMAP1",-0.0305061504746467,2.70773474431171e-09,4.19045294223136e-09
"MAU2",-0.0305107535181663,2.69292269140705e-09,4.16867999414833e-09
"PCIF1",-0.0305517150194662,2.56454215993304e-09,3.97213735980793e-09
"KDM3B",-0.0305691831906437,2.51162502019049e-09,3.89125003128104e-09
"TPRG1L",-0.0305884876821292,2.45438182104075e-09,3.80466482896895e-09
"ZMYM6",-0.0305928608874802,2.44159167599896e-09,3.78588427372973e-09
"RMND5A",-0.0306050119765042,2.40639366854673e-09,3.73337070811591e-09
"SF3B3",-0.0306183126626353,2.36843214787921e-09,3.67549221289139e-09
"GPAA1",-0.0306347172661757,2.32241445595054e-09,3.60507612005604e-09
"ATXN2L",-0.0306992549020195,2.14968116890448e-09,3.3397151364038e-09
"TUBGCP2",-0.030709826204226,2.12260685394475e-09,3.29856632981442e-09
"RPRD2",-0.0307489285547173,2.02531804507343e-09,3.14824999525131e-09
"SHLD2",-0.0307630285974689,1.99131335388424e-09,3.09624942219805e-09
"TMEM116",-0.0307645730224422,1.98762267999619e-09,3.09136768360926e-09
"BAG6",-0.0307650318622392,1.98652748654894e-09,3.09052113131989e-09
"MFSD11",-0.0307671851274274,1.98139575888355e-09,3.08339256791587e-09
"ZNF622",-0.0307727239522111,1.96825472685599e-09,3.06394165851021e-09
"WRAP73",-0.0308092024899153,1.88380503718817e-09,2.93396620172838e-09
"RRP36",-0.0308411139922629,1.81283138475764e-09,2.82499557458065e-09
"NUDT21",-0.0308445449433358,1.80535762929301e-09,2.81413067528029e-09
"HELB",-0.0308651409746245,1.76111961435645e-09,2.74670031596877e-09
"XPOT",-0.0308874515547262,1.71439068166837e-09,2.67456388324793e-09
"RAD17",-0.0308905492980434,1.70799882208314e-09,2.66533334962069e-09
"VAMP4",-0.0308937078003263,1.70150550367242e-09,2.65593930873741e-09
"RNF44",-0.030899219029603,1.69023295547949e-09,2.63907789597549e-09
"TBCC",-0.0309469016170141,1.59569482224799e-09,2.49285657276838e-09
"TMEM131",-0.0309512899686395,1.58725782210777e-09,2.4803666802297e-09
"R3HDM2",-0.0309920319099427,1.51097491911463e-09,2.36247750731133e-09
"KPNA1",-0.0310174078738193,1.46528087064129e-09,2.29294998167298e-09
"ZC3H15",-0.031022101079328,1.45697875243815e-09,2.28059453157869e-09
"BTBD1",-0.0310277079126563,1.44712054626086e-09,2.26579577575313e-09
"PPP2R2A",-0.0310440026407463,1.4188379344283e-09,2.22275364762433e-09
"SIRT1",-0.0310811289357966,1.35639537787092e-09,2.12552460051839e-09
"TET2",-0.0310873337157269,1.34622420839888e-09,2.11017541467386e-09
"IPO8",-0.0310883887286604,1.3445021920647e-09,2.10806520332112e-09
"CYBC1",-0.0311067694319416,1.31484306956506e-09,2.06213855752307e-09
"GORASP2",-0.031116862185625,1.29882963529048e-09,2.0375934714708e-09
"GPATCH2L",-0.0311206019034358,1.29294450138599e-09,2.02892829448262e-09
"C19orf25",-0.0311254024928067,1.28542797937198e-09,2.01769752777751e-09
"UNC45A",-0.031141020165663,1.26126813000044e-09,1.98032863400574e-09
"AQR",-0.0311448649708912,1.25538862443898e-09,1.97164898743076e-09
"ENSA",-0.0311533014462771,1.24258097811703e-09,1.95208045008025e-09
"MTF2",-0.0311782480820571,1.20544948886183e-09,1.89427776821144e-09
"TMA7",-0.0312221745489744,1.14267990857012e-09,1.79614297760671e-09
"SRP68",-0.0312237703654056,1.14046057801702e-09,1.79315690657946e-09
"HEXA",-0.0312436435292976,1.11317218696656e-09,1.75074179110805e-09
"FAM76A",-0.0312634676546897,1.08658575682546e-09,1.70940720577421e-09
"ABHD13",-0.031277795190471,1.06775733547317e-09,1.68025768639678e-09
"UNKL",-0.0312816290197808,1.06277332791955e-09,1.6728839420956e-09
"DHX30",-0.0312917878948861,1.04967614200346e-09,1.65273173074359e-09
"GABARAP",-0.0312974220628614,1.04248035268255e-09,1.64186265540402e-09
"PDK3",-0.0313237580228015,1.0094777620054e-09,1.59033143635223e-09
"NSUN2",-0.0313265231746702,1.00607232714522e-09,1.58541172901255e-09
"TIMP1",-0.0313686656441141,9.55537145090704e-10,1.5070462142139e-09
"ERO1A",-0.0313945794535317,9.25700793837593e-10,1.46039973381015e-09
"THAP9-AS1",-0.0313963029170002,9.2374899923066e-10,1.45773048823741e-09
"TRABD",-0.0314270295013541,8.89617726923236e-10,1.40426433540781e-09
"COMMD1",-0.0314303122614818,8.86044774689172e-10,1.39901806529869e-09
"AEBP2",-0.0314683930630063,8.45606871767187e-10,1.33592074080933e-09
"KDM7A",-0.0315067234561812,8.06723459534639e-10,1.27485031210967e-09
"ZRSR2",-0.0315197468830907,7.93913396897585e-10,1.25496031462256e-09
"SMARCA2",-0.0315713422205183,7.45085239782647e-10,1.17844042717244e-09
"COPB2",-0.0315970584176278,7.21854760810579e-10,1.14234279496399e-09
"CIAO2A",-0.0315984659795402,7.20603856155493e-10,1.14068499803395e-09
"TUSC2",-0.0316273531854717,6.95393764344765e-10,1.10108919502516e-09
"FAF2",-0.0316528028128615,6.73898122714825e-10,1.06735416951727e-09
"ILF3",-0.031666472471703,6.6262127648213e-10,1.04978970942241e-09
"GOSR2",-0.0316667255431295,6.62414249538421e-10,1.04975817511597e-09
"TTC19",-0.0316863424387453,6.4655708403029e-10,1.02491812416217e-09
"HBP1",-0.0317719706741423,5.81569638591031e-10,9.22421733812746e-10
"CPNE1",-0.0317967337862332,5.63994968735535e-10,8.94799710013109e-10
"PMM2",-0.0318078332851528,5.56286745369428e-10,8.82819983457564e-10
"ANAPC1",-0.0318081904866133,5.56040396239285e-10,8.82678727476623e-10
"GNPAT",-0.0318517977190018,5.2675237947259e-10,8.36422544251692e-10
"STK25",-0.0318915798857944,5.01350145673263e-10,7.96312094345132e-10
"STAM",-0.0319061436439747,4.92352943523967e-10,7.82242994383873e-10
"TLK1",-0.0319268320831141,4.79842408291166e-10,7.62582410910323e-10
"ELOF1",-0.0319406094427592,4.71683748873189e-10,7.49828798860468e-10
"ATP5MD",-0.0319492385393318,4.6664290127216e-10,7.4202570185284e-10
"OTUD6B-AS1",-0.0319551147094654,4.6324035939308e-10,7.36824047687888e-10
"SMC1A",-0.0319762517436017,4.51200191455531e-10,7.1787665174859e-10
"RBM10",-0.0319919271423981,4.4246889617095e-10,7.04184541140151e-10
"TMEM248",-0.0320267626152059,4.23651624912773e-10,6.74428381316871e-10
"MED29",-0.0320434954740694,4.14892920810953e-10,6.60860103847089e-10
"RAB11B",-0.0320515965520977,4.10716214688038e-10,6.54393060039731e-10
"BLOC1S6",-0.0320657427684217,4.03520989435051e-10,6.43111576912113e-10
"RBM42",-0.0320751692376003,3.98794849924729e-10,6.35940621966382e-10
"ILKAP",-0.0320898520383719,3.91540783644944e-10,6.24550411216417e-10
"STX12",-0.0321066190051003,3.83414499111392e-10,6.11762042097529e-10
"ZNF511",-0.0321133055738699,3.80219911459302e-10,6.06837468929355e-10
"TOP1",-0.0321368619030822,3.69171270776114e-10,5.89539091674922e-10
"AC005261.1",-0.0321383664956229,3.68476320321076e-10,5.88596855638166e-10
"VAMP8",-0.0321513464938251,3.6253383349578e-10,5.79269383626126e-10
"CD320",-0.0321845614490406,3.47750200273642e-10,5.55964270029961e-10
"DDOST",-0.032210087887079,3.36790224781743e-10,5.3859554191151e-10
"UBR3",-0.0322477482228946,3.21233795146631e-10,5.1386415476835e-10
"KDM3A",-0.0322508071337509,3.20001510399644e-10,5.12038925653737e-10
"CPNE3",-0.0322984525173841,3.01392970789993e-10,4.82538403576444e-10
"LSM10",-0.0322996614293064,3.00934833252402e-10,4.8194245348158e-10
"MSI2",-0.0323232134989442,2.92143853828144e-10,4.67997435744114e-10
"AP3M2",-0.0323277336799843,2.90485583683482e-10,4.65473900161192e-10
"ECD",-0.0323563057338836,2.80214333964899e-10,4.49143546726595e-10
"CST3",-0.0324090649628398,2.62172101216357e-10,4.20344523527797e-10
"ATOX1",-0.0324121964992546,2.61137631884986e-10,4.18805636041958e-10
"U2SURP",-0.0324463793731529,2.50101761463722e-10,4.01336064591385e-10
"CREBRF",-0.032459965803328,2.45843077922007e-10,3.94615069282536e-10
"PLEKHO1",-0.0324966548541464,2.34693604732607e-10,3.76826308686298e-10
"COX7B",-0.0325084578563394,2.3121293496688e-10,3.71343992317262e-10
"HERC4",-0.0325195730763477,2.27981217076236e-10,3.66258484478145e-10
"CD4",-0.032524165170518,2.2665899607094e-10,3.64238604399305e-10
"HSBP1",-0.0325508325771368,2.19127302457226e-10,3.52236150941271e-10
"RPS6KB1",-0.0325677138610267,2.14486461702703e-10,3.44875050201251e-10
"MLLT10",-0.032573542799866,2.12906434480142e-10,3.42432654080734e-10
"TNKS",-0.0325792264398009,2.11376743367597e-10,3.40069839487302e-10
"KIAA1143",-0.0326143735697012,2.02152974569817e-10,3.25416983453851e-10
"HNRNPDL",-0.0326173186003461,2.01398204324268e-10,3.24295041980236e-10
"RNF8",-0.032674339664736,1.8731555975081e-10,3.01705509676154e-10
"GNPTG",-0.0326795134862158,1.86086446968065e-10,2.99898008471946e-10
"TBC1D22A",-0.032696464081419,1.82114539705506e-10,2.93581197628704e-10
"TMEM259",-0.0327056956040798,1.79986348829067e-10,2.90233807683549e-10
"RARS2",-0.0327258281020834,1.75429029093063e-10,2.82966317772306e-10
"ANXA7",-0.0327375438159724,1.72829085969495e-10,2.78933018495072e-10
"CLK3",-0.0327595733395096,1.68041871143662e-10,2.71284862479408e-10
"GRN",-0.0327615560513664,1.6761742073878e-10,2.7067752744518e-10
"ZC3H7A",-0.0327811138681854,1.63486302729228e-10,2.64082395137048e-10
"CNOT9",-0.0328292895466775,1.53730072890966e-10,2.48466064223082e-10
"NUS1",-0.0328350277075093,1.52606639651273e-10,2.46721397246007e-10
"NLRP1",-0.0328679532415676,1.46313798941929e-10,2.36684086523709e-10
"VGLL4",-0.0328866911150677,1.42846527413413e-10,2.31141914851239e-10
"NUP58",-0.0328881331917343,1.42583037145053e-10,2.3078212301897e-10
"KPNA6",-0.0329151946099761,1.37725664511877e-10,2.23048781152318e-10
"FAM215B",-0.0329283692196024,1.35419800546927e-10,2.19377730600133e-10
"DNAJC9",-0.0329532625014844,1.31165440155039e-10,2.12547117062325e-10
"ACSF3",-0.0329682299702984,1.28670620431684e-10,2.08564628899667e-10
"MR1",-0.0329865118427799,1.25686208018185e-10,2.03786019358965e-10
"AKAP11",-0.0330309832775271,1.1870611404371e-10,1.92635608847329e-10
"ZPR1",-0.0330485280511579,1.16057842661738e-10,1.88392505015147e-10
"KIZ",-0.0331125460630724,1.06875633567581e-10,1.73537569989618e-10
"TARSL2",-0.0331346798519928,1.03869274194338e-10,1.68704872099084e-10
"CXorf38",-0.0331628286038294,1.00165125780452e-10,1.62782837667537e-10
"USP14",-0.0332063051709706,9.46963445126905e-11,1.54073808792399e-10
"TMEM50B",-0.0332115315365304,9.40589237198347e-11,1.53081103007912e-10
"CCDC115",-0.0332577371196829,8.86030423652961e-11,1.44243490327717e-10
"PLEKHJ1",-0.0332646515808506,8.78136742526537e-11,1.42999916562377e-10
"POU2F1",-0.0332808894481927,8.59868636861233e-11,1.40106391309658e-10
"LMBR1L",-0.0332838920503208,8.56531564146851e-11,1.39603197991396e-10
"GIPC1",-0.033285893696631,8.54313985141882e-11,1.39282227743271e-10
"MAPRE1",-0.0333028641951122,8.3573693107042e-11,1.36293144863519e-10
"PHKG2",-0.0333040669862664,8.34435368403963e-11,1.36120454107189e-10
"PHF3",-0.0333070672768054,8.31197330193736e-11,1.35631676043829e-10
"PTGES3",-0.0333117614016135,8.26155868560631e-11,1.34848252040301e-10
"MIB1",-0.0333273055193149,8.09674084272544e-11,1.32196496297118e-10
"PPP2R2D",-0.0333452879915303,7.91007749803442e-11,1.2918641852685e-10
"LPIN2",-0.0333487043920549,7.87509301905455e-11,1.28652509717228e-10
"DUSP11",-0.0333636934235092,7.72338270477945e-11,1.26210827188502e-10
"MAP2K7",-0.0333648963894536,7.7113316222166e-11,1.26050613055464e-10
"MAP3K3",-0.0333689011255648,7.67134528782927e-11,1.25433538515658e-10
"DIS3",-0.0334022369589351,7.34626970323137e-11,1.20153274154892e-10
"IK",-0.0334174655815913,7.20228732204549e-11,1.17832697219817e-10
"DCTN4",-0.0334213727503794,7.16579324860279e-11,1.17269837003097e-10
"CDK9",-0.0334498618762266,6.90510844639961e-11,1.13069639183601e-10
"DLG1",-0.033509458207918,6.38941969557667e-11,1.04717044966945e-10
"FNBP4",-0.0335122386129137,6.36630362225195e-11,1.04368682994838e-10
"AZI2",-0.0335425295535334,6.11970702834093e-11,1.00355324258967e-10
"NDUFA5",-0.0335583777428877,5.99443596048529e-11,9.8329782860592e-11
"MAGT1",-0.0336051328560971,5.63929880164659e-11,9.25584150884651e-11
"LSG1",-0.0336412143139062,5.37938456162261e-11,8.83182539967892e-11
"CEP290",-0.0336552087505862,5.28176103390172e-11,8.67408647546506e-11
"DUSP16",-0.0336648374841296,5.21560075655496e-11,8.56794150637579e-11
"EIF4A1",-0.0336765732636777,5.13605821915784e-11,8.43974417383581e-11
"MED19",-0.0337239747850385,4.82668423979276e-11,7.93369428222601e-11
"VPS28",-0.0337259379057906,4.81427273047059e-11,7.9156125492204e-11
"AC093323.1",-0.0337349892708496,4.75744963713225e-11,7.82447741551214e-11
"TMED7",-0.033753298381818,4.64450657463683e-11,7.64096242924123e-11
"CTC1",-0.0338153984263056,4.28062705273462e-11,7.046454743498e-11
"DSTYK",-0.0338293907408622,4.20257247115764e-11,6.91999752368487e-11
"GOLGA3",-0.0338353510127424,4.16974826862612e-11,6.86796470551748e-11
"CAPG",-0.0338597176958349,4.03814628511123e-11,6.65511182710752e-11
"SPTLC1",-0.0338981948737108,3.83856765827433e-11,6.32991315782451e-11
"POLR2J",-0.0339239313424437,3.71049559662713e-11,6.12051758220471e-11
"POLR3GL",-0.0339251825534279,3.70437696592681e-11,6.11222199377923e-11
"DCAF15",-0.0339271233479543,3.69490568593816e-11,6.09838802533482e-11
"CCDC59",-0.0339382337301454,3.64114023696159e-11,6.01141751893895e-11
"HUS1",-0.0339473808006202,3.59745090692972e-11,5.94103608709913e-11
"TPI1",-0.0340616924971568,3.09288678710397e-11,5.11077905026606e-11
"PTPN6",-0.0340706347504429,3.05647592014614e-11,5.05210074013549e-11
"BNIP2",-0.0340783020782406,3.02559058934287e-11,5.00252378609298e-11
"CAPZA2",-0.034094485686371,2.96139958663784e-11,4.89783363238156e-11
"PAXBP1",-0.0341288215858912,2.82959135714051e-11,4.68259808659536e-11
"PI4KA",-0.0341440323645894,2.77305223181992e-11,4.5903874359722e-11
"PLEKHM2",-0.0341501642849318,2.75057368262354e-11,4.55452135759093e-11
"LAPTM5",-0.03421618588617,2.51956890524027e-11,4.17447771955048e-11
"SUMO1",-0.0342162610017431,2.51931721924999e-11,4.17447771955048e-11
"WAKMAR2",-0.0342252463747377,2.4893872575961e-11,4.12812962314931e-11
"STN1",-0.0342361670482727,2.4534791978214e-11,4.06978660549321e-11
"EMC4",-0.0342422918324254,2.43356284904969e-11,4.03794368032202e-11
"BSDC1",-0.0342561291420704,2.38914805812925e-11,3.96542029766423e-11
"UBXN6",-0.0343056351933185,2.23664783848443e-11,3.71450395911713e-11
"DMXL1",-0.0343143387067417,2.21084055993453e-11,3.6727318748098e-11
"LIMA1",-0.0343147856225236,2.20952328308592e-11,3.67163081105213e-11
"TYW5",-0.0343250313674914,2.17953397272692e-11,3.62286980355497e-11
"SMARCA4",-0.0343543937356311,2.09578045823947e-11,3.48468534994767e-11
"EXOC5",-0.0343837146756222,2.01529195813365e-11,3.3528433823042e-11
"MOB4",-0.0344133253922103,1.93708154131161e-11,3.22368064276421e-11
"RNF34",-0.0344253176432044,1.90625908162067e-11,3.17332743260889e-11
"DDX58",-0.0344408133174566,1.86714241936025e-11,3.10913296901485e-11
"TNK2",-0.0344486929349388,1.847553967708e-11,3.07742807566564e-11
"HDLBP",-0.0344583858067174,1.82373367739241e-11,3.0386533799143e-11
"SRSF10",-0.0344913440791573,1.74496658036235e-11,2.90827763393726e-11
"BTN2A1",-0.0345009450877612,1.72265443884216e-11,2.87194395301769e-11
"ETV6",-0.034515326149361,1.68975543824572e-11,2.81793341514818e-11
"SLC2A4RG",-0.0345501354022497,1.61264948400237e-11,2.69335028438621e-11
"SMG7",-0.0345761330931251,1.55732014797206e-11,2.60171710247863e-11
"ARRDC1",-0.0345976255568849,1.51298639094142e-11,2.52840442454018e-11
"FDPS",-0.03461244424649,1.4831413666592e-11,2.47926789837846e-11
"CEBPZ",-0.0346307694607596,1.44703061583275e-11,2.42034637889735e-11
"PRCC",-0.03472287870341,1.27817028404252e-11,2.13981954445793e-11
"VAV1",-0.0348050350337488,1.14394838718542e-11,1.91568670212245e-11
"IRAK4",-0.0348221319068579,1.11780443933063e-11,1.87246428923404e-11
"NDUFS6",-0.0348422382888276,1.08780672168312e-11,1.82330316959734e-11
"GOLT1B",-0.0348581335404025,1.06465125400345e-11,1.78502496561846e-11
"AC007952.4",-0.0348615818837058,1.05969197330128e-11,1.7772412467026e-11
"ZMYM2",-0.0348953313355128,1.01233393686438e-11,1.6983233809238e-11
"OSTM1",-0.0349236089961482,9.7425562613518e-12,1.63590962664423e-11
"ZFX",-0.0349387742090903,9.54416114114501e-12,1.60307616771927e-11
"NEMF",-0.034945303579015,9.45996624970086e-12,1.58941032227678e-11
"TSSC4",-0.034954265586553,9.34558675628451e-12,1.57066332243128e-11
"PRKAG1",-0.0349688630913355,9.16217740601838e-12,1.54030012729287e-11
"NELFCD",-0.0350361073164338,8.36182963017695e-12,1.40617098996681e-11
"TSPYL1",-0.0350453068721541,8.25780601479321e-12,1.3890942051871e-11
"PLEKHB2",-0.0350601386019143,8.09276092550432e-12,1.3617393158992e-11
"PAFAH1B2",-0.0350943436783553,7.72435660052451e-12,1.30013922979125e-11
"FRG1",-0.0350995177465363,7.67007978433979e-12,1.29139098409803e-11
"TMUB1",-0.0351054875572523,7.60791973924187e-12,1.28130980898069e-11
"DPYD",-0.0351060364772164,7.60222900909831e-12,1.28073587810935e-11
"AGO2",-0.0351076318471407,7.58571325251806e-12,1.27833737899148e-11
"AP2M1",-0.0351341338213091,7.3164445512721e-12,1.23333094749509e-11
"TAF3",-0.035155501464865,7.10618237980224e-12,1.19824716413257e-11
"MAPKAP1",-0.0351562913623089,7.09852419613543e-12,1.19731571678652e-11
"CLOCK",-0.0351790931699501,6.88091008103322e-12,1.16095956555177e-11
"TPGS2",-0.0352584908114688,6.17297693735764e-12,1.04182914014971e-11
"DCAF8",-0.0352659745413899,6.11005428185906e-12,1.03151984716309e-11
"MFN1",-0.0352991702104711,5.83844256773062e-12,9.85962155477688e-12
"PCID2",-0.0353217673970225,5.66035580034306e-12,9.56175731403932e-12
"ABHD16A",-0.0353255323128991,5.63120676509803e-12,9.51538251572288e-12
"EFTUD2",-0.0353504292813113,5.44211703964466e-12,9.20418347675808e-12
"ARHGEF1",-0.035352678658659,5.42534304422295e-12,9.17858096444233e-12
"ZDHHC2",-0.0353690737896652,5.30460308866526e-12,8.97702061158736e-12
"DHX9",-0.0353750453954348,5.26128353476801e-12,8.90639729331579e-12
"SREK1",-0.0354079243441782,5.02890988319358e-12,8.51817163185869e-12
"ANAPC4",-0.0354416165147949,4.80123034611855e-12,8.13743270142752e-12
"TCF12",-0.0354489943634173,4.7527388544832e-12,8.05768056018458e-12
"CRTC2",-0.0354546070389559,4.71617093938219e-12,7.99810126056048e-12
"SEC11A",-0.0354577226291777,4.69599131521404e-12,7.96628705120979e-12
"ANKRD17",-0.0354614791808882,4.67177272056225e-12,7.92759980712469e-12
"SEC13",-0.0356322156936139,3.69128181647532e-12,6.27327809464604e-12
"MAPK13",-0.0356512011908508,3.59560435356207e-12,6.11438024355357e-12
"TRNAU1AP",-0.0356532520001307,3.58541596666186e-12,6.09890344844543e-12
"ERICH1",-0.0356670364309497,3.51766588424594e-12,5.98547334262048e-12
"ITPR1",-0.0356994838784494,3.36310365000965e-12,5.72595188969776e-12
"RSU1",-0.0357045261252504,3.33969064220412e-12,5.68781557460993e-12
"POP4",-0.0357144480972911,3.2940849826911e-12,5.61184839140512e-12
"NEDD1",-0.0357259337438838,3.2420542454841e-12,5.52656466641318e-12
"EPM2AIP1",-0.0357322723952396,3.213685700626e-12,5.47987136185771e-12
"PPIP5K2",-0.0357323979723398,3.21312614803794e-12,5.47987136185771e-12
"CSNK1A1",-0.0357373968571502,3.19092929536575e-12,5.44437753862587e-12
"PPP1R12C",-0.0357443711639089,3.16021188779553e-12,5.39524914501914e-12
"SHPRH",-0.0357545436981657,3.11592754570573e-12,5.32126439312303e-12
"SNRNP27",-0.0357558089012819,3.11046243249548e-12,5.31354879607176e-12
"UPP1",-0.0357562032733975,3.10876084310937e-12,5.31225961920304e-12
"NSUN3",-0.0357655726281581,3.06860244693822e-12,5.24523452995838e-12
"CHORDC1",-0.0357745097023531,3.03077108774562e-12,5.18214745573085e-12
"MBTPS1",-0.0357928540142383,2.95454532328348e-12,5.05335343403059e-12
"PSMD9",-0.0357990691989375,2.92914835107919e-12,5.01144319901014e-12
"PPP4R3B",-0.0358221261081699,2.83678797631087e-12,4.85490559704209e-12
"ANAPC5",-0.0358288320743226,2.8104658128572e-12,4.81132536165056e-12
"IFITM1",-0.0358365674592195,2.78040038517393e-12,4.76130835190042e-12
"LSM1",-0.0358589747536686,2.69507796594766e-12,4.61660683632561e-12
"PSEN1",-0.0358934177006336,2.56890942581394e-12,4.40317197641803e-12
"MBNL1",-0.0359425889232939,2.39877109267735e-12,4.11280740523225e-12
"HK1",-0.0359676490818778,2.31636221156211e-12,3.97394250974417e-12
"ANXA11",-0.0359749647829537,2.29283304826885e-12,3.93477925995359e-12
"ZFC3H1",-0.0359894015346732,2.24708643943516e-12,3.85745254750038e-12
"STAT2",-0.0360428576728753,2.08536024515298e-12,3.58092163309098e-12
"CERS5",-0.0360477151945617,2.07124324408665e-12,3.55776932006311e-12
"SCLT1",-0.0360657712074124,2.01958565456937e-12,3.47009970050051e-12
"TMEM65",-0.0360704906546995,2.00629315212415e-12,3.44831635521338e-12
"CWF19L1",-0.0361409911735389,1.81764849724191e-12,3.1250407813445e-12
"THADA",-0.0361467849539086,1.80294313452037e-12,3.10070845636398e-12
"CELF1",-0.0361532631176374,1.78663889373556e-12,3.07361060835833e-12
"TTC21B",-0.0361863794831057,1.70552475429653e-12,2.93496744527716e-12
"CARD8-AS1",-0.036244323315871,1.57220164972746e-12,2.70636736881591e-12
"SEPTIN9",-0.0362877858571562,1.47896264158016e-12,2.54821265947933e-12
"MAD1L1",-0.0362920328731589,1.47014805886425e-12,2.53380356689045e-12
"ATXN7L3",-0.0362960998221721,1.46175551990189e-12,2.52011323498758e-12
"QRICH1",-0.0363045926962469,1.44438094240084e-12,2.49092440420189e-12
"PARK7",-0.0363627551909326,1.33071965780786e-12,2.29632029538668e-12
"LY75",-0.0363662675381504,1.32414415986317e-12,2.28567653440996e-12
"HDAC10",-0.0364124411203483,1.24061036865289e-12,2.14214348049944e-12
"BAG1",-0.0364374139762199,1.19760897877461e-12,2.068530286615e-12
"C19orf12",-0.0364382169492744,1.19625086964309e-12,2.06682087425247e-12
"SNX27",-0.0364948824226495,1.10413125965618e-12,1.90883709296493e-12
"ZNF830",-0.0365883668319093,9.67146463231972e-13,1.67356312730764e-12
"OXCT1",-0.0366017938327216,9.48894331977134e-13,1.64248602357042e-12
"HDAC4",-0.0366621178183009,8.70977533442807e-13,1.50808146994264e-12
"STX5",-0.0366889885830213,8.38325402801302e-13,1.45244147922029e-12
"KRR1",-0.036698840564864,8.26657261227193e-13,1.43266828405454e-12
"ITPA",-0.0367419623188894,7.77434302595972e-13,1.34861052491138e-12
"SBNO1",-0.0367432899271716,7.75965424791238e-13,1.34647882248031e-12
"ZDHHC17",-0.0367455325736121,7.73490325392829e-13,1.3425992343607e-12
"CSTB",-0.0367782368125125,7.38264633441467e-13,1.28224910018781e-12
"HACD4",-0.0367815919071394,7.34741192044959e-13,1.27652464768418e-12
"SLC44A2",-0.0367837674791583,7.32465284723903e-13,1.27296476062611e-12
"RAD23B",-0.036806442843114,7.09152264013680e-13,1.23283055504083e-12
"METTL14",-0.0368136003433282,7.01945884237305e-13,1.22105935211513e-12
"ORMDL2",-0.0368534312053809,6.6313692452083e-13,1.15390761369785e-12
"KIN",-0.0368782877204933,6.39993819855699e-13,1.1146741165447e-12
"NT5C3A",-0.036902306240443,6.18384934695349e-13,1.07737251044749e-12
"MED21",-0.0369026167975119,6.1811027824953e-13,1.07722853711707e-12
"CCDC71L",-0.0369199860476117,6.0293809229705e-13,1.05111333057379e-12
"REST",-0.0369242559143804,5.99264673875782e-13,1.04503413753284e-12
"INPP4B",-0.0369480352721297,5.79205364344716e-13,1.01068183327336e-12
"U2AF2",-0.0369670266929517,5.63659742530881e-13,9.84474207845033e-13
"AGPS",-0.0370128362747428,5.27827853306971e-13,9.22178217705421e-13
"IREB2",-0.0370478978736295,5.01922949761151e-13,8.77192444909675e-13
"UIMC1",-0.0370542406757127,4.97371849358563e-13,8.69509527859626e-13
"KATNA1",-0.0370590774671927,4.93928596251331e-13,8.63759172372183e-13
"MIA3",-0.037065356640489,4.89493423827528e-13,8.56270067874161e-13
"TMEM11",-0.0370930289775255,4.70408993724349e-13,8.23656196876904e-13
"AKAP8L",-0.0371196121288253,4.52764557027202e-13,7.93009417709212e-13
"MRPS36",-0.0371449280889871,4.36566075029495e-13,7.64876852253426e-13
"APPL1",-0.0371727348725383,4.19429288403103e-13,7.35311971231689e-13
"CAND1",-0.0371922942298316,4.07772726281329e-13,7.1510002952118e-13
"CBFB",-0.0372174903525101,3.93224733704236e-13,6.89803238299175e-13
"GUSB",-0.0372211120022179,3.9117596854955e-13,6.86423892262425e-13
"PEPD",-0.0372316157279953,3.85293118892508e-13,6.7631238954536e-13
"SF3B4",-0.0372594267793663,3.70133229722022e-13,6.49905295380451e-13
"GIT1",-0.037276090860874,3.61331870171277e-13,6.34649903463013e-13
"MED1",-0.0373202246570575,3.39002920382423e-13,5.95804004807454e-13
"EXOC4",-0.0373343341247105,3.32154558870758e-13,5.83950822709168e-13
"MTREX",-0.0373813526470765,3.10299387934717e-13,5.45870042744987e-13
"CLPTM1L",-0.0374245948198759,2.91449901566563e-13,5.12871376345176e-13
"SLC4A1AP",-0.0374303525729818,2.89026479965199e-13,5.08766411234629e-13
"TLNRD1",-0.0374565396950242,2.78251784005265e-13,4.8995370629929e-13
"DCAF16",-0.037492086100103,2.64255122195109e-13,4.65454077084635e-13
"SAP18",-0.0375363654169001,2.47784050099005e-13,4.36579309376702e-13
"EVI2A",-0.0375736296150752,2.34707309946158e-13,4.13798871400989e-13
"DNPEP",-0.0375794961603776,2.32711349808105e-13,4.10408887904266e-13
"CCDC124",-0.0376131778935725,2.21570456112744e-13,3.9088372918003e-13
"DAXX",-0.0376174237948244,2.20203771298125e-13,3.88594890526103e-13
"ANTKMT",-0.037627866319909,2.16877626987177e-13,3.82966159080285e-13
"ATXN2",-0.0376621577525109,2.06298544568986e-13,3.64400136974815e-13
"C3orf38",-0.0376946794989741,1.96734580751053e-13,3.47616062366428e-13
"FIP1L1",-0.0377121353373978,1.91782236439281e-13,3.38972383876613e-13
"GOLGA2",-0.0377326688976601,1.86113330872608e-13,3.29160083920345e-13
"CDC40",-0.0378095000438913,1.66325311960565e-13,2.94255755313393e-13
"AGFG1",-0.0378245948021188,1.62688069214321e-13,2.87911693467615e-13
"PDS5A",-0.0378357939629851,1.6004012284885e-13,2.83404384211505e-13
"ZMYM5",-0.0378738724241282,1.51349686935095e-13,2.6809969804417e-13
"DCTN3",-0.0379036779717275,1.44872400476241e-13,2.56706938304394e-13
"MAPK14",-0.0379314365217134,1.39085343236148e-13,2.4653041881668e-13
"FBXO11",-0.037972445922002,1.30949169952086e-13,2.32182314611631e-13
"SEC23A",-0.0379791145031835,1.29671109258734e-13,2.29988910193328e-13
"TNIP2",-0.0379846476877434,1.286199631383e-13,2.28196708793757e-13
"NRBF2",-0.0380191132065913,1.22258490942409e-13,2.16978846626674e-13
"FBRSL1",-0.0380391523366136,1.18703001858181e-13,2.10735392539365e-13
"RHEB",-0.0380826405051216,1.11332892348364e-13,1.97838937622529e-13
"MICU2",-0.0380894866572503,1.10214373121357e-13,1.95913381879217e-13
"PDXK",-0.0380907284782428,1.10012671941686e-13,1.95616827129274e-13
"SPPL3",-0.0380909873792421,1.09970666000999e-13,1.95604133248447e-13
"STIM2",-0.0381018025859819,1.08229941757241e-13,1.92568973440571e-13
"ATP5F1E",-0.0381220892421362,1.05037500999452e-13,1.86948090294076e-13
"NPRL2",-0.0381380853061612,1.02585676229583e-13,1.82642222674693e-13
"UQCRC1",-0.0381682686409586,9.81115099662321e-14,1.74731927273194e-13
"TUBGCP3",-0.0381934662926247,9.4523722803562e-14,1.68395708138451e-13
"SSBP3",-0.0381938467908624,9.44705458541566e-14,1.68354435273767e-13
"TIMM17B",-0.0382149455179695,9.15674379604686e-14,1.63232706373762e-13
"DHX29",-0.0382433775633309,8.77935800808451e-14,1.5655498545885e-13
"MIIP",-0.0382690575399145,8.45166677448323e-14,1.50759461382674e-13
"CYB5B",-0.0383025234743123,8.0426095243433e-14,1.43554054825218e-13
"RFC1",-0.0383272229306513,7.75324929775049e-14,1.38433254488798e-13
"ZDHHC6",-0.0383799150682456,7.16972140388747e-14,1.28055196038869e-13
"R3HCC1",-0.0383951160654255,7.00955829287739e-14,1.25234465041535e-13
"ACSL3",-0.0384079813884335,6.87675673458031e-14,1.22900940684917e-13
"CD79B",-0.0384366722880046,6.5894407203556e-14,1.17841129873111e-13
"PSMC3",-0.0384600274875951,6.36429854045989e-14,1.13851131415752e-13
"NUTM2B-AS1",-0.0385827824810063,5.29967285888606e-14,9.48665116092878e-14
"BRD3",-0.0386067150388945,5.11352825021424e-14,9.15636561880048e-14
"PGP",-0.038616334366398,5.04053484995342e-14,9.03142782121963e-14
"MPC1",-0.0386307231831966,4.93325795517448e-14,8.84203742125521e-14
"EXOSC10",-0.0386374753439216,4.88369370001161e-14,8.75599925121928e-14
"GNB5",-0.0386907201989346,4.50962863840476e-14,8.09309554109108e-14
"EXOC6",-0.038847895362653,3.56214495626126e-14,6.40090749667703e-14
"UBP1",-0.0389500395070139,3.05442413658243e-14,5.49561238172784e-14
"MGAT5",-0.0390196159975921,2.75006187473917e-14,4.95117044842322e-14
"SLC35F5",-0.0390700997506335,2.5480960023386e-14,4.58902682925186e-14
"AMD1",-0.0391265326326851,2.33957050896419e-14,4.21483319052316e-14
"NT5C2",-0.0391586260573148,2.22856715552346e-14,4.01743629257282e-14
"MICU1",-0.0391756258034634,2.17188497649712e-14,3.91651389204399e-14
"RPN2",-0.0392279389681216,2.00620686429859e-14,3.62124211992121e-14
"PRELID3B",-0.039258725261377,1.91458419928968e-14,3.45808672183358e-14
"TSEN15",-0.0392622756998678,1.90428623689245e-14,3.44059445699408e-14
"TRAPPC2L",-0.039283354328805,1.8442607140027e-14,3.33321604560411e-14
"TMEM179B",-0.0392982979627018,1.80283726985051e-14,3.25939964030336e-14
"EZH1",-0.039323900493467,1.73398470504412e-14,3.13592978571808e-14
"GADD45A",-0.0393352406833894,1.70432060901266e-14,3.08427052147129e-14
"PRPF18",-0.0393422528855185,1.68622822155297e-14,3.05251381830014e-14
"TMC8",-0.0393455833435266,1.67770152139891e-14,3.03805859749771e-14
"ARL8B",-0.0393542462012302,1.65572086838475e-14,2.99922314227913e-14
"AKAP17A",-0.0393947098967963,1.55674588957971e-14,2.82084768751363e-14
"RASA3",-0.0394263044196987,1.48353326231294e-14,2.68905382926514e-14
"TXNL4A",-0.0394806458495384,1.36545304013945e-14,2.47742288330605e-14
"GNG5",-0.039500422938149,1.32481564455338e-14,2.40446967516806e-14
"DDX17",-0.0395088192525742,1.30792515390147e-14,2.37458256096675e-14
"TMX3",-0.0395156726661381,1.29429565137277e-14,2.35059844745913e-14
"ERO1B",-0.0395253323213452,1.27532232912877e-14,2.3168906303149e-14
"MRPL28",-0.039528004270037,1.27012263064094e-14,2.30819175830764e-14
"USP4",-0.0395718919632132,1.18764136782872e-14,2.15899807955901e-14
"OSBP",-0.0395893755702126,1.15627173000514e-14,2.10333476177978e-14
"GRK6",-0.0396021464827746,1.1338744387383e-14,2.0632616287129e-14
"ZC3H4",-0.0396076882629197,1.12428873878406e-14,2.04648274645638e-14
"DCAF11",-0.0396676827858697,1.0254858904961e-14,1.86724305280206e-14
"ARL6IP6",-0.0396963384013845,9.81359686650528e-15,1.78747657211346e-14
"PFDN2",-0.0397524210731526,9.00337618725737e-15,1.64096622516289e-14
"SAFB2",-0.0397573995336105,8.93471881932859e-15,1.62898188418698e-14
"RBM34",-0.0397581588830423,8.92429210709016e-15,1.62760984137763e-14
"ZYX",-0.0397800856423957,8.62832463596304e-15,1.5741431287074e-14
"C1orf122",-0.0398394758332909,7.87433304925252e-15,1.43752061198525e-14
"PRKDC",-0.0398426365182683,7.83607701981432e-15,1.43100234639187e-14
"TFDP2",-0.0398546017091675,7.69290358084113e-15,1.40531387458544e-14
"TOR1A",-0.0398648164626503,7.57271504812567e-15,1.38380884104186e-14
"TBRG1",-0.0398649187283376,7.57152116536693e-15,1.38380884104186e-14
"DAZAP1",-0.0398667984211475,7.54960998769673e-15,1.38048605055341e-14
"EMC10",-0.0398898027273733,7.28645656480548e-15,1.33280147794453e-14
"NAPG",-0.0399083910093113,7.08043196872952e-15,1.29553892187125e-14
"CNOT6",-0.0399098635011028,7.06435877184263e-15,1.29301966427527e-14
"RBM15B",-0.0399198441043748,6.95635671514646e-15,1.2736671400774e-14
"WDR82",-0.0399401555574596,6.74155699187304e-15,1.23514483097347e-14
"UPF2",-0.0399506106728335,6.63354965788022e-15,1.21575346555727e-14
"MLF2",-0.0399511038544683,6.62849709279199e-15,1.21522446701186e-14
"HDGF",-0.0399708432999807,6.42934985512676e-15,1.17909946672969e-14
"MTCH1",-0.0400367324680364,5.80630507158024e-15,1.06518546277191e-14
"EIF4H",-0.0400518357273901,5.67208632869801e-15,1.04090298671887e-14
"IER3IP1",-0.0400987185176075,5.27460788007499e-15,9.68277166466645e-15
"SNW1",-0.0401334843004954,4.99768894494669e-15,9.17742552574499e-15
"SAR1B",-0.0401377390828014,4.96479717371769e-15,9.12001052539496e-15
"FBXO42",-0.0401400511780372,4.94701288274832e-15,9.09031846453262e-15
"PPP3CB",-0.0401736712738012,4.69538836363455e-15,8.63077612057333e-15
"ABHD3",-0.0401751291560614,4.68476690320044e-15,8.61407483675991e-15
"CCDC84",-0.0401756491156707,4.68098444138168e-15,8.60994187414795e-15
"MAP7D3",-0.0401867349121014,4.60105204914098e-15,8.46569432459197e-15
"FBXW11",-0.0401897136691074,4.57980420776104e-15,8.42936404381215e-15
"COPS9",-0.0402620533902473,4.09245058928597e-15,7.54722150095144e-15
"CDK11B",-0.0402763261919721,4.0025103585548e-15,7.38621154983303e-15
"WHAMM",-0.0403058267416923,3.82273539995144e-15,7.05677709566554e-15
"HNRNPD",-0.0403319439409224,3.67022853026366e-15,6.77747928070412e-15
"ATP6V1H",-0.0403425030415994,3.61028525219947e-15,6.66898263577182e-15
"LTN1",-0.0403647529450515,3.48711187791786e-15,6.44357629615257e-15
"VHL",-0.0404164591857043,3.21662604491034e-15,5.94768362292255e-15
"CHIC2",-0.0404205938627363,3.19591116275273e-15,5.91132925256935e-15
"CSRP1",-0.0404323037754334,3.13795418883688e-15,5.80604320559858e-15
"MCMBP",-0.0404559826950771,3.02390185920688e-15,5.59686223363597e-15
"BECN1",-0.0404604900419295,3.00265883542845e-15,5.55937823985267e-15
"MAGOH",-0.0404613790232185,2.9984864683953e-15,5.55348599791932e-15
"ZNF326",-0.0404711285899389,2.95310055565519e-15,5.47123319591334e-15
"TRAPPC1",-0.040481420789662,2.90592249397969e-15,5.38560462214274e-15
"ADA",-0.0405091297991172,2.78256537094595e-15,5.16039396066341e-15
"LAMTOR5",-0.0405110909033027,2.77403282449678e-15,5.14627121211209e-15
"DNAJC10",-0.0405302692990892,2.69193599048312e-15,4.99727362892466e-15
"IKBKB",-0.0405731883257625,2.51678184686983e-15,4.67521396057607e-15
"NRDE2",-0.0405957038888767,2.42943340230402e-15,4.51444895227743e-15
"AC092683.1",-0.0406555720013307,2.21143727383871e-15,4.11072336190694e-15
"SRCAP",-0.040673672157457,2.14940714308919e-15,3.99674314641377e-15
"SUDS3",-0.0406799795622424,2.12819650865187e-15,3.9586148585998e-15
"RBBP6",-0.0407037721001407,2.05002579975875e-15,3.81447586621778e-15
"SCAF4",-0.0407513687812798,1.90203641229444e-15,3.54028675281081e-15
"ARHGAP12",-0.0407590877568436,1.87904894294281e-15,3.49866066044114e-15
"HGS",-0.0407667844588324,1.85640028158832e-15,3.45763797467147e-15
"SNX20",-0.0407690487558228,1.84978859127687e-15,3.44646761775598e-15
"MNAT1",-0.040773630392973,1.83648118369027e-15,3.42281044534964e-15
"ESYT1",-0.0408079586958792,1.73972945025704e-15,3.24356338183516e-15
"CCNL2",-0.0408627317958181,1.59565278493781e-15,2.97692455054909e-15
"LNPK",-0.040883223711748,1.5448273143587e-15,2.88306095593888e-15
"ZNHIT1",-0.0408915606367103,1.52460885311264e-15,2.84627476404722e-15
"GPCPD1",-0.0409114798275238,1.47735070654533e-15,2.7589671983087e-15
"KIAA1191",-0.040932188002452,1.42975045488912e-15,2.6709623882544e-15
"TMEM33",-0.0409351376304762,1.42309445974419e-15,2.6594136972568e-15
"HCFC1",-0.0409383813394237,1.41581008816369e-15,2.64668263732034e-15
"WDR55",-0.0409615476094335,1.36484285184427e-15,2.55225613294879e-15
"XIAP",-0.0409799834348516,1.32557802734001e-15,2.48048456750415e-15
"TXNDC15",-0.0409919100835423,1.30077147193459e-15,2.43569023950369e-15
"IWS1",-0.0410110351626464,1.2619440031907e-15,2.36377491081798e-15
"KCMF1",-0.0410115256958839,1.26096329547296e-15,2.36272681616677e-15
"ARL5A",-0.0411033480210337,1.09001105057303e-15,2.04377071982443e-15
"LUC7L",-0.0411124616550533,1.07434432444717e-15,2.0150690939982e-15
"GIGYF2",-0.0411156622821613,1.06889511003737e-15,2.0061898853495e-15
"SIN3A",-0.0411506942733144,1.01100285792162e-15,1.89816801637894e-15
"ECI1",-0.0411560444297762,1.00243768478222e-15,1.8827169104882e-15
"BRWD3",-0.0411823943290799,9.61285575407566e-16,1.8060321761676e-15
"GLYR1",-0.0411918541064732,9.46921466857657e-16,1.77964134977268e-15
"RETREG2",-0.0411945850430627,9.42814179490626e-16,1.77251593396193e-15
"RIF1",-0.0412091375747077,9.21221564319931e-16,1.73250183568046e-15
"RAD51-AS1",-0.0412205307712426,9.04657352508086e-16,1.70192077383312e-15
"ABHD14A",-0.0412271656549385,8.95146659264684e-16,1.68459334400365e-15
"MED27",-0.0412399043243475,8.77161859063389e-16,1.6513013521294e-15
"MARCH7",-0.0412716132000207,8.33925824169546e-16,1.57096167682712e-15
"TIAL1",-0.0412746468227536,8.29901135626346e-16,1.56390506243325e-15
"CDK12",-0.0412852376853523,8.15999754702942e-16,1.53822534404688e-15
"ZNF800",-0.0413006984744776,7.96117163691344e-16,1.50124950867511e-15
"POM121C",-0.0413118568142713,7.82064831240579e-16,1.47524670587076e-15
"POLR3E",-0.0413158880748603,7.77048362923574e-16,1.4662769310465e-15
"FAM168B",-0.0413193047214114,7.72821546057817e-16,1.45879168014278e-15
"MATR3.1",-0.0413301263093058,7.5958283472932e-16,1.43428465258549e-15
"S1PR4",-0.0413389797152365,7.48918305510768e-16,1.41462346596478e-15
"SMURF2",-0.0413680967527583,7.14874678221184e-16,1.35122875499355e-15
"STIM1",-0.0413684833271705,7.14433110679201e-16,1.35084925881709e-15
"THOC1",-0.0413687017461414,7.14183738783032e-16,1.35083303255995e-15
"TRAF1",-0.0413812277628523,7.00025193126913e-16,1.32449960655716e-15
"INO80D",-0.0413984658140818,6.80991699912077e-16,1.28892153728298e-15
"CGGBP1",-0.0414180317074155,6.60005246834839e-16,1.24962181395324e-15
"DCTN5",-0.0414500767239749,6.27001969896391e-16,1.18753580388884e-15
"COPZ1",-0.0414660182525344,6.11194878204832e-16,1.15798826974978e-15
"PPFIA1",-0.0414666722748686,6.10554825952185e-16,1.15716640999722e-15
"RBM27",-0.0414910182895316,5.87193017306508e-16,1.11326557184505e-15
"MSH3",-0.0414938216604823,5.84560187371785e-16,1.10864863122235e-15
"ZFP91",-0.0415254012955587,5.55693431126637e-16,1.05425774386893e-15
"MOGS",-0.0415429425304206,5.40270726485241e-16,1.02534464667869e-15
"SMARCD2",-0.0415745335077247,5.13551707873597e-16,9.74966186521448e-16
"RAB21",-0.0415812309644264,5.08056700178234e-16,9.64860557887573e-16
"TARS",-0.0415853570344706,5.04700301835997e-16,9.58810935760224e-16
"PAPOLG",-0.0415870276313615,5.03347558779539e-16,9.56564974509897e-16
"PLIN2",-0.0416033692877278,4.90302114611321e-16,9.32089075896141e-16
"TSC2",-0.0416057971720771,4.8839259255041e-16,9.2877370990095e-16
"RNF114",-0.0416210929967042,4.76529890204138e-16,9.0652176468132e-16
"INTS6",-0.0416604867154866,4.47269653952918e-16,8.51147475805926e-16
"ISG20",-0.0416665523211326,4.42924501870286e-16,8.43164728704548e-16
"KDM5C",-0.0416837753020504,4.30812137614317e-16,8.20385638837854e-16
"POLR2J3",-0.0416847518640359,4.30135218667236e-16,8.19374728938266e-16
"NMI",-0.0417318517255277,3.98702263753022e-16,7.60271821772419e-16
"CALU",-0.0417805193899256,3.68601637487739e-16,7.03112950121121e-16
"PCNT",-0.0417868952131343,3.6482799680767e-16,6.96151381663615e-16
"DCUN1D1",-0.0418248257798969,3.43152499376425e-16,6.55013787513353e-16
"TRIM52",-0.0418302769133847,3.40143605340304e-16,6.49491363498674e-16
"CUL1",-0.0418371638581194,3.36379332814445e-16,6.42522321106243e-16
"ECE1",-0.0418408182273654,3.34398628089721e-16,6.38956506670072e-16
"ARMC8",-0.0418668886938579,3.20597844764355e-16,6.12795199021476e-16
"TRA2B",-0.0418821328266311,3.12789847617126e-16,5.98074657509229e-16
"RBM12",-0.0419448741804974,2.8257982212506e-16,5.40495329738012e-16
"COPS2",-0.0419510350552667,2.79773228108758e-16,5.35309621313142e-16
"BID",-0.0419847918232528,2.64876091179069e-16,5.06978802973244e-16
"FEM1B",-0.0419945426121112,2.60720468383765e-16,4.99195163014649e-16
"KIF2A",-0.0420103530036373,2.54118520262142e-16,4.86720689201302e-16
"ADIPOR1",-0.042036826433159,2.43431051517952e-16,4.6640990403542e-16
"SDF2",-0.0420480763099197,2.39024707066577e-16,4.58123883376664e-16
"DYNLRB1",-0.0420997493714619,2.19774556586707e-16,4.21516329043222e-16
"CBX7",-0.0421602413163121,1.99174193834987e-16,3.82398092886473e-16
"PARP10",-0.0421934288393996,1.88693489579684e-16,3.62400026204049e-16
"FAM199X",-0.0422061363368441,1.84826026983375e-16,3.5521548865253e-16
"WDR83OS",-0.0422105557397181,1.8349940332217e-16,3.52786721260238e-16
"RAB5B",-0.0422246353503134,1.79335242252673e-16,3.4489911177151e-16
"PSMA5",-0.0422278303538202,1.78403340673988e-16,3.43224534012713e-16
"TCF20",-0.0422304509908491,1.77642532332642e-16,3.41878081093008e-16
"POLR2L",-0.0422371038524713,1.75725448689625e-16,3.3830465585065e-16
"PSMC4",-0.0422444408770964,1.73634861930689e-16,3.34394636261985e-16
"AC087190.1",-0.0422602546404064,1.69211960587211e-16,3.25988701543357e-16
"HNRNPAB",-0.0422979988012153,1.59099361381795e-16,3.0661196061555e-16
"EDEM1",-0.042328571676274,1.51346904689616e-16,2.91771867803693e-16
"APOL3",-0.0423677249672799,1.41960504510643e-16,2.73958868353871e-16
"TRAPPC8",-0.0424097569945886,1.32522360339088e-16,2.55832911735128e-16
"SRA1",-0.0424142434002102,1.31552256766009e-16,2.54047559537801e-16
"ARHGAP9",-0.0424223360494369,1.29820042340003e-16,2.50788718156824e-16
"NUP98",-0.042446827263933,1.24713607370938e-16,2.41007005632436e-16
"CD59",-0.0424721280073781,1.19646380351518e-16,2.31294346578916e-16
"THRAP3",-0.0424782139823143,1.18458096878969e-16,2.29076154254055e-16
"ATP6V1B2",-0.0425392941237714,1.07158359138041e-16,2.07367504230566e-16
"LINC01578",-0.0425529511850169,1.04781056495712e-16,2.02837034831244e-16
"ITFG1",-0.0425827905091529,9.9766340679107e-17,1.93196123993714e-16
"FAM98C",-0.0425926654119174,9.81594957028516e-17,1.90150128070787e-16
"ING3",-0.0426155478417189,9.45334935221266e-17,1.83252556551185e-16
"TOPORS",-0.0426303384167082,9.22603599919242e-17,1.78969785461513e-16
"FGD5-AS1",-0.0426414623865476,9.05863330656146e-17,1.75783233655516e-16
"NIPA2",-0.0426949581467291,8.29450647506059e-17,1.61066740481447e-16
"TMEM242",-0.042711425108964,8.07235521390135e-17,1.56807177112142e-16
"PSME3",-0.0427571302901767,7.4860418449088e-17,1.45518692827229e-16
"RBL1",-0.0427778321683366,7.23449105488547e-17,1.40726403668195e-16
"TRRAP",-0.0427853601474481,7.14510001032347e-17,1.39084007834541e-16
"ICE1",-0.0427951841014879,7.03008192888169e-17,1.36892605418349e-16
"IFI30",-0.0427992626425948,6.98286884249156e-17,1.36020465994367e-16
"MTRNR2L8",-0.0428421147692964,6.5053318940218e-17,1.26762458928316e-16
"WDR48",-0.0428750941731299,6.15988188427663e-17,1.20072749724781e-16
"SYMPK",-0.0429609669943815,5.34300534781579e-17,1.04222044510593e-16
"TRIR",-0.0430200457244977,4.84403697193246e-17,9.45219040436213e-17
"SMARCC1",-0.0430208354344044,4.83768867710125e-17,9.44308750123104e-17
"UBXN11",-0.0430923043573796,4.29588632680988e-17,8.38841708785362e-17
"MAP3K4",-0.0431030805897294,4.21956234661812e-17,8.24225096257926e-17
"UBE4A",-0.0431112891456756,4.16232317248449e-17,8.13610905841044e-17
"CNTRL",-0.0431338682059838,4.00879801333374e-17,7.83874411111966e-17
"CD3E",-0.0431469848648067,3.92219119301736e-17,7.67206854701094e-17
"NFE2L2",-0.0431582477377531,3.84929926254067e-17,7.5321133110754e-17
"ARFGEF1",-0.0431840112890932,3.68754734129464e-17,7.21812302325992e-17
"TSG101",-0.0431909694480019,3.64502400508089e-17,7.1373768476453e-17
"BOLA2",-0.0431925645711391,3.63534410476673e-17,7.12090797058008e-17
"USP15",-0.0432156048673886,3.49832156562055e-17,6.85729698921428e-17
"KLHL24",-0.0432665941433548,3.21293795351909e-17,6.30450574300179e-17
"UVRAG",-0.0433195486299535,2.94086752717607e-17,5.77266159113287e-17
"TAF1",-0.0433827974684372,2.64556350324587e-17,5.19482367980725e-17
"DGKH",-0.0434014762779157,2.56409099987404e-17,5.03660732118114e-17
"NXF1",-0.0434139195944615,2.51119515698973e-17,4.93443251513569e-17
"LENG1",-0.043431695118271,2.43749491772188e-17,4.79129169180789e-17
"SGK3",-0.0434333357671618,2.43080107334644e-17,4.77980863002927e-17
"ATE1",-0.0434344035078992,2.42645443862415e-17,4.77293457246895e-17
"NISCH",-0.0434344722810378,2.42617473505871e-17,4.77293457246895e-17
"PSMD1",-0.0435139265511132,2.12338918124694e-17,4.17972396729661e-17
"SNAP29",-0.0435154196509074,2.11807189799364e-17,4.17072072577898e-17
"AGO3",-0.0435173378724711,2.1112599315488e-17,4.15876692977133e-17
"CTSB",-0.0435436000710049,2.02014321845785e-17,3.98068263278838e-17
"PPM1B",-0.0435546010907401,1.98313840234904e-17,3.9091378907864e-17
"GPI",-0.0435881788306139,1.874277624367e-17,3.69585148425268e-17
"MCRIP1",-0.0436094403804789,1.80841782377698e-17,3.56723769036176e-17
"IAH1",-0.0436557111592585,1.67287919574351e-17,3.30103844112596e-17
"PHF20",-0.0436726508686064,1.62580749978869e-17,3.21041185280344e-17
"DLGAP4",-0.0436845732278949,1.59346393834184e-17,3.14876107576531e-17
"ZHX1",-0.0436885560092552,1.58280137606926e-17,3.12879341781133e-17
"SYNGR2",-0.0437128516350183,1.51926594425653e-17,3.00425870542091e-17
"CERS2",-0.0437154149758995,1.51271114304563e-17,2.99235173218828e-17
"M6PR",-0.0437290412147461,1.47833269881798e-17,2.92537793311072e-17
"NPTN",-0.0437303751285601,1.47500900878185e-17,2.91983081837197e-17
"NPDC1",-0.043739829118648,1.45166305550794e-17,2.87463104179299e-17
"MAT2B",-0.0437550352254415,1.41487529909556e-17,2.80277204375921e-17
"AUP1",-0.0437551060173839,1.41470620379119e-17,2.80277204375921e-17
"BST2",-0.0437702718431728,1.3789367188131e-17,2.7335105980712e-17
"KARS",-0.0438727682315969,1.15952294410159e-17,2.29937211608693e-17
"LSM14A",-0.0438964218155307,1.11400112286132e-17,2.20988200114994e-17
"NUFIP2",-0.0439021825168347,1.10318435625352e-17,2.18919852797391e-17
"SAP30L",-0.0439080298582378,1.0923109129499e-17,2.16838790574979e-17
"MAN2B1",-0.0439082928990477,1.09182426836932e-17,2.16818907807146e-17
"ZFYVE16",-0.043913221848783,1.08274482038315e-17,2.15168205538416e-17
"HEATR5B",-0.0439206052491744,1.0692833457968e-17,2.12568375971654e-17
"ITGB2-AS1",-0.0439650007586354,9.91754320755316e-18,1.97225868111922e-17
"ZCCHC17",-0.0439737270258751,9.77181181232508e-18,1.94396681798382e-17
"GTF2A1",-0.0439986480039689,9.36715902596507e-18,1.86412778061951e-17
"POP7",-0.0440113846965364,9.16677970124378e-18,1.82489830106379e-17
"RABEP1",-0.0440139646650405,9.12670875263579e-18,1.81756606681884e-17
"SLF2",-0.0440148987767396,9.11224320280326e-18,1.81532970055846e-17
"CCDC14",-0.0440294183382626,8.89028261301465e-18,1.77174015840185e-17
"ME2",-0.0440522290040167,8.55230680238431e-18,1.70499080175465e-17
"ARID5A",-0.0440593918062846,8.44881858542292e-18,1.68495813239327e-17
"SMG6",-0.0440999553190814,7.88565535513474e-18,1.57376472935987e-17
"FKBP8",-0.0441225846954399,7.58775218228584e-18,1.51538945327959e-17
"C15orf61",-0.0441295918400383,7.49777973366034e-18,1.49795385704539e-17
"SNAP47",-0.0441449777225419,7.30390133839102e-18,1.45973945523241e-17
"GLO1",-0.0441753532695528,6.93555060590481e-18,1.38711012118096e-17
"ZC3H13",-0.0441828115853134,6.84794791320431e-18,1.37007802400414e-17
"COX19",-0.0441916696258258,6.74532250084362e-18,1.35002708632653e-17
"CCDC69",-0.0442290338626299,6.32888638641766e-18,1.26758488496262e-17
"AL365361.1",-0.0442491403787537,6.11540291136562e-18,1.22526465474147e-17
"SMS",-0.044257491746298,6.02883495989898e-18,1.20878356415416e-17
"CLN3",-0.0443471043355423,5.17276679674009e-18,1.03751239648595e-17
"ATG14",-0.0443520583405157,5.12911214063423e-18,1.02912443165086e-17
"CEP164",-0.0443688692214251,4.98366818225723e-18,1.00029976752999e-17
"PHAX",-0.0444043051082211,4.69028910907588e-18,9.41750962845945e-18
"MGA",-0.0444097291445445,4.64691338637549e-18,9.33375728520103e-18
"ZFPM1",-0.0444217791309052,4.55196228727084e-18,9.14631390816241e-18
"GTF2I",-0.0444413931680711,4.40148804764757e-18,8.84713290838511e-18
"POGZ",-0.0444770205930414,4.14061803311171e-18,8.325758840773e-18
"CDC27",-0.044546117294255,3.67743030851124e-18,7.39705415229403e-18
"CHRAC1",-0.0445595755010209,3.59335785288994e-18,7.23053714301024e-18
"MAPRE2",-0.0445684420450267,3.53900897772736e-18,7.12373174203463e-18
"SPAST",-0.0445954779459982,3.37824869444883e-18,6.80501801646605e-18
"YY1AP1",-0.0446214874882583,3.23040316858064e-18,6.50954086772177e-18
"ZMAT2",-0.044635683258494,3.15242426643263e-18,6.3569734488451e-18
"MAEA",-0.0446670425896202,2.98669063040571e-18,6.02493147665446e-18
"SART3",-0.044679342115088,2.92406293168264e-18,5.90071692328764e-18
"WBP11",-0.0446804623519097,2.9184236628109e-18,5.89145618868987e-18
"ETNK1",-0.0446814539321584,2.913441010101e-18,5.88351478281736e-18
"WASHC1",-0.0447113471033606,2.76710922270598e-18,5.59203268709675e-18
"NUP62",-0.0447255522722019,2.70013993729652e-18,5.45866127864269e-18
"VPS4A",-0.0447622679570607,2.5343696908988e-18,5.12538354936635e-18
"COPS6",-0.0447733260151453,2.48644153076946e-18,5.03026937887366e-18
"UBE3A",-0.0448033145529088,2.36092239172339e-18,4.77805722134496e-18
"SEC63",-0.044947722897668,1.83884089226835e-18,3.72415068795143e-18
"DCP1A",-0.0449569127095974,1.80977880048243e-18,3.6666157712916e-18
"FAM104A",-0.0449645609307033,1.78593804264681e-18,3.61962153874589e-18
"AHR",-0.0450127709180214,1.64263923547542e-18,3.332805103442e-18
"ACSS1",-0.0450369050913638,1.57522931633926e-18,3.19834834044997e-18
"DNASE2",-0.0450489316606831,1.54266479026091e-18,3.13336331403464e-18
"ACTR3",-0.0450644474454299,1.50163285027658e-18,3.0511265085301e-18
"USO1",-0.0450979691801729,1.41662743385454e-18,2.87944924055217e-18
"SDHA",-0.0451487296045905,1.29687356333276e-18,2.63699191384444e-18
"STK11",-0.0451513063075182,1.29106877817245e-18,2.62614062565172e-18
"SF3B5",-0.0452012232126781,1.18354683516149e-18,2.40830531202609e-18
"GLRX",-0.0452940044110055,1.00666395258705e-18,2.04986743158378e-18
"ENY2",-0.0453948539004514,8.43936878638442e-19,1.71913067870794e-18
"BAG5",-0.0454074443188456,8.2554052878985e-19,1.68226747784637e-18
"CASD1",-0.0454150621019352,8.14602798392551e-19,1.66118564121491e-18
"POLK",-0.0454439802203608,7.74369289594727e-19,1.57971335077324e-18
"SCNM1",-0.0454608935981797,7.51754249620261e-19,1.53413653705699e-18
"MCM3AP",-0.0455126192943538,6.86562358061964e-19,1.40262739574932e-18
"DCPS",-0.0455178291433069,6.8031425525602e-19,1.39036902440301e-18
"ARHGEF6",-0.0455304302551568,6.65433164943357e-19,1.36045191520854e-18
"SNRNP35",-0.0455323423840827,6.63203339686487e-19,1.35638743552358e-18
"RBBP4",-0.0455931735641422,5.95991272710032e-19,1.2198143159078e-18
"INTS1",-0.0455957519531148,5.93296191896363e-19,1.21474147318927e-18
"GCHFR",-0.0455994429791587,5.89459057599222e-19,1.20732578062491e-18
"ABCA5",-0.0456126357174175,5.7594341329816e-19,1.18007397684539e-18
"BTBD6",-0.0456246102964929,5.63941020601924e-19,1.15590395527102e-18
"FBXO33",-0.0456562276425734,5.33424780237469e-19,1.09415466805565e-18
"SRSF9",-0.0456810918626397,5.10577397650728e-19,1.04767344580124e-18
"SETD3",-0.0456941406999325,4.98976582600129e-19,1.02424391818029e-18
"TTC17",-0.0457000299416974,4.93826512883229e-19,1.01404346166725e-18
"CSNK1G2",-0.045712032466011,4.83492462245288e-19,9.93186639764212e-19
"PABPN1",-0.0457412267007387,4.5923980471434e-19,9.44058374660113e-19
"RAF1",-0.04576290482748,4.42012328473116e-19,9.08976965811649e-19
"EMC6",-0.0457661487228015,4.39489942454697e-19,9.04121223751686e-19
"PI4KB",-0.0457722553327189,4.34780087445764e-19,8.94760194633431e-19
"SLMAP",-0.0458528991217501,3.7706613244505e-19,7.76556902722736e-19
"PPIA",-0.0459218125156862,3.33793424950141e-19,6.87690456838153e-19
"LGALS8",-0.0460386590906022,2.71354636453209e-19,5.59257718773881e-19
"DRAP1",-0.0460587692812423,2.61839511161143e-19,5.40043991769857e-19
"CCNT2",-0.0460617861546632,2.60440807456404e-19,5.37356722997582e-19
"LMF2",-0.0461155492626784,2.3671737634375e-19,4.88588845212818e-19
"UBXN2A",-0.0461704118672229,2.14710874764839e-19,4.43493375342691e-19
"RAB3GAP2",-0.0461762125109753,2.12505762641065e-19,4.39100305125737e-19
"SNX13",-0.0461919932604362,2.06619326156853e-19,4.27094480375809e-19
"CTCF",-0.0462019200993947,2.02999333438395e-19,4.19921187532964e-19
"TNPO3",-0.0462059203389955,2.01558356136612e-19,4.1709420063681e-19
"SERPINB9",-0.0462145952590201,1.98468085705476e-19,4.10850908047129e-19
"PTTG1IP",-0.0462220094029665,1.95864079499036e-19,4.05609998519599e-19
"RAB10",-0.0462599393797438,1.83061279262079e-19,3.79377087794704e-19
"CIR1",-0.0462780237346997,1.77251796626157e-19,3.67609086533362e-19
"PRKCSH",-0.0462927338540981,1.72660936636392e-19,3.58220360403166e-19
"NRAS",-0.0462957334554356,1.71739319586645e-19,3.564400972553e-19
"CIZ1",-0.0463060908099414,1.68594271482723e-19,3.50171737511319e-19
"ZDHHC5",-0.0463786022048107,1.48114413187159e-19,3.07976967375819e-19
"BAD",-0.046403141741532,1.41756501873049e-19,2.94866138490103e-19
"TUT4",-0.046455150347182,1.29159667109639e-19,2.68962781174862e-19
"TMUB2",-0.0464627888809202,1.27405226418213e-19,2.65407842631332e-19
"MED6",-0.0464678779211672,1.26249453904479e-19,2.63097858991132e-19
"PIK3C2A",-0.04647131157013,1.25475497540364e-19,2.61582140914695e-19
"TMEM167B",-0.0464822278738964,1.23045940399533e-19,2.56612537413152e-19
"BLOC1S2",-0.046530492984827,1.12849357830555e-19,2.35522655293681e-19
"CDK5RAP2",-0.0465623801015089,1.06575670126554e-19,2.22511912694444e-19
"G2E3",-0.046578359165503,1.03562761058568e-19,2.16301969299541e-19
"ETFA",-0.046598873837139,9.98177699433203e-20,2.08557798652524e-19
"TAF2",-0.0466486703224143,9.12749599438585e-20,1.90850736222529e-19
"G3BP2",-0.0466854580852872,8.54318847466631e-20,1.78766457824983e-19
"RELCH",-0.0466861075368845,8.53321245908047e-20,1.78624335430752e-19
"HCP5",-0.0466894382918332,8.48223046149388e-20,1.77623415039122e-19
"PHACTR4",-0.0467310313930586,7.87038330164309e-20,1.64872480665488e-19
"PBDC1",-0.0467374555110263,7.77985467721528e-20,1.63036924688747e-19
"SNRK",-0.0467409786811345,7.73064397129259e-20,1.62126776369912e-19
"RHBDD2",-0.0467421147740685,7.71484102061288e-20,1.61855864344197e-19
"TPD52",-0.0467502817110558,7.60217553201116e-20,1.59551832153321e-19
"MAD2L2",-0.0467656853661394,7.39408529169397e-20,1.552425841557e-19
"ATF2",-0.0467969407291603,6.98899933149899e-20,1.46792535566115e-19
"CEP192",-0.0468173986336061,6.73581352186684e-20,1.41527767257202e-19
"EIF4E2",-0.0468382303602363,6.48731859166574e-20,1.36357651926732e-19
"RRN3",-0.0468415111394018,6.4490179675364e-20,1.35603413785154e-19
"RAB5A",-0.0468449182111796,6.40947954007703e-20,1.34822573002745e-19
"MSL1",-0.046849254473544,6.35950438331598e-20,1.33821528846222e-19
"ATG4B",-0.0468651560104277,6.17951396620211e-20,1.30082826830746e-19
"INO80E",-0.0469267315352029,5.52880915565172e-20,1.16428751363386e-19
"JOSD2",-0.0469309055710843,5.48723651775952e-20,1.15640108432122e-19
"THUMPD1",-0.0469691376248345,5.12054613766365e-20,1.07952889260778e-19
"CRCP",-0.046995228256902,4.88432023074605e-20,1.03050156052972e-19
"SBDS",-0.0470085139250567,4.7682036199371e-20,1.00638157666844e-19
"CENPB",-0.0470392721496799,4.509744652073e-20,9.52547722068131e-20
"DDX52",-0.0470767722919616,4.21330640247041e-20,8.902692624429e-20
"WDR54",-0.0470826337721123,4.16874588852956e-20,8.81185547650748e-20
"CD5",-0.0471170603295615,3.91627428521062e-20,8.28130370902057e-20
"OPA1",-0.047153250031239,3.66716296096327e-20,7.75746010973e-20
"NAPA",-0.0472035022492597,3.34703683190007e-20,7.08294101356447e-20
"DDB2",-0.0472953381443192,2.83176291188247e-20,5.99705169334113e-20
"UBE2G1",-0.0473607018976606,2.51360594395472e-20,5.3252754326231e-20
"SNX14",-0.0473856712854342,2.40163006923746e-20,5.0899677704655e-20
"CCDC47",-0.0473981289169975,2.34762210301349e-20,4.97738473087895e-20
"ZMYND11",-0.047407213009135,2.30899828623979e-20,4.89734608158987e-20
"FCN1",-0.0474270508782009,2.22682204869459e-20,4.72483800800932e-20
"PRRC2B",-0.047452656858397,2.12501402834116e-20,4.51052920885128e-20
"SH3BGRL",-0.0474573839784961,2.10672894686467e-20,4.47341006506844e-20
"SBK1",-0.0474745580572549,2.04159719196427e-20,4.33839403292407e-20
"MTMR6",-0.0474978463906424,1.95644726250617e-20,4.16060240434405e-20
"FNIP1",-0.0475120728858195,1.90616818387362e-20,4.05521559026584e-20
"BCL10",-0.0475588722335427,1.749615324177e-20,3.72357434318399e-20
"TPGS1",-0.0476455697859337,1.49244561490312e-20,3.17867118436085e-20
"ELOC",-0.047655401633623,1.46575317131009e-20,3.12300618725772e-20
"UBE2K",-0.0477599562995616,1.20952404845265e-20,2.57903075325708e-20
"LAMTOR2",-0.0477662002883739,1.19570878081777e-20,2.55151246115927e-20
"NR2C2",-0.0478312919147086,1.06066334159481e-20,2.26506332179174e-20
"RNGTT",-0.0478379848449456,1.04766366379374e-20,2.23815428556089e-20
"KDM4C",-0.0478575026878349,1.01064705134235e-20,2.1598971268688e-20
"RUFY2",-0.0478592613123496,1.00737594630443e-20,2.15372677544507e-20
"PKN2",-0.047882417108604,9.6526941268628e-21,2.06606692299505e-20
"SFSWAP",-0.0478829901855646,9.64249707804498e-21,2.06467208426841e-20
"DNAJC7",-0.0478935856720398,9.45587385581514e-21,2.02548500691573e-20
"MVP",-0.0479232692808463,8.95185125494548e-21,1.91898683760963e-20
"CABIN1",-0.047958744029955,8.38424480316674e-21,1.79799745205525e-20
"TMCO1",-0.0479722937597624,8.17696821388153e-21,1.75421765506216e-20
"CTSA",-0.0479986738611927,7.78784942215722e-21,1.67137854851959e-20
"DDX27",-0.048058077098268,6.97740443551532e-21,1.49859260655593e-20
"ATP6V0A2",-0.0480938763250948,6.52988190098403e-21,1.40354932814254e-20
"TADA3",-0.0481375843664377,6.02182560125242e-21,1.29484253058743e-20
"SS18",-0.0481436793141235,5.95415773405802e-21,1.28078316288595e-20
"AGPAT3",-0.0481543893888935,5.83706831423586e-21,1.25607799167101e-20
"EPG5",-0.048210631477061,5.25857648252882e-21,1.13246119259066e-20
"STAU1",-0.0482369222514716,5.00797453657539e-21,1.07890695661244e-20
"FBXO3",-0.0482411287880223,4.96898943867557e-21,1.07091935270726e-20
"UPF1",-0.0482637933198042,4.76404899202191e-21,1.02753997867139e-20
"OAS3",-0.0483080846132286,4.38738429824401e-21,9.4666253512111e-21
"GSK3B",-0.048315185060955,4.32980373894152e-21,9.34597882857327e-21
"PML",-0.0483684827066362,3.92080245936566e-21,8.46965798884919e-21
"POLR2K",-0.0484062269714669,3.65450849912186e-21,7.89745480742436e-21
"GIGYF1",-0.048426410686172,3.51953201635561e-21,7.60869927235259e-21
"SENP2",-0.048437437480292,3.44788667770805e-21,7.4566862999006e-21
"ZFP90",-0.0484629559753699,3.28756836040863e-21,7.11271056764074e-21
"RBM28",-0.0485262369068475,2.92112851304959e-21,6.32234990671613e-21
"HMGXB4",-0.0485353507510342,2.8717950039679e-21,6.22037450666407e-21
"MED4",-0.0485445781662142,2.82268643289959e-21,6.11636573525172e-21
"EHMT1",-0.0485706512355452,2.68836970739861e-21,5.8275711199792e-21
"PDCD4",-0.048604473414936,2.52351403694446e-21,5.47232846820968e-21
"RAB2B",-0.0486493369438434,2.32017866081153e-21,5.03528134899524e-21
"FDX1",-0.0486649915860963,2.25311228650629e-21,4.89162535886235e-21
"PFKL",-0.0486765607155405,2.20478447260958e-21,4.79041087968231e-21
"TOR1AIP2",-0.0487076640452085,2.07988185440902e-21,4.52078155878908e-21
"GXYLT1",-0.0487490993096282,1.9243016905979e-21,4.18423739699775e-21
"LPIN1",-0.0487691406869728,1.85323866713216e-21,4.03127914796876e-21
"DNAJB9",-0.0488173757915056,1.69267348589184e-21,3.68343609614167e-21
"LARP4B",-0.0488227628150381,1.67561867539216e-21,3.64773797786187e-21
"IFIH1",-0.0488675972665176,1.54011640089692e-21,3.35405784512101e-21
"SOCS4",-0.0488804443853925,1.50332775181259e-21,3.27521114084219e-21
"SLFN5",-0.048952745586357,1.31193314253995e-21,2.85934146451015e-21
"ZDHHC24",-0.0489668518160595,1.27750574058173e-21,2.78647247459701e-21
"VPS41",-0.0490047472753226,1.18938221353475e-21,2.59526807387396e-21
"EP400",-0.0490169177194248,1.1623775524496e-21,2.53831766027335e-21
"REEP3",-0.049166827922076,8.75566558756723e-22,1.91348983039549e-21
"ITM2A",-0.0491731480044943,8.6515320816141e-22,1.89146901706372e-21
"PIKFYVE",-0.0491963153160347,8.28018567608577e-22,1.81098797827841e-21
"ZNF451",-0.0491995427199253,8.22972146553304e-22,1.8006527855554e-21
"NBR1",-0.0492093488820531,8.07825027733454e-22,1.76820070448095e-21
"HERC2",-0.0492418906692915,7.59508836288353e-22,1.66309311927309e-21
"VSIR",-0.0492476562984953,7.51251657378991e-22,1.64565474341903e-21
"PDCD6IP",-0.0492879585498626,6.9596197302791e-22,1.52513541745569e-21
"STX7",-0.0493093216313281,6.6830748761495e-22,1.46510551212187e-21
"MAPK9",-0.0493100015987147,6.67445361674472e-22,1.46378752110781e-21
"NNT",-0.0493392958647489,6.31330063966399e-22,1.38512383998885e-21
"UBE3C",-0.0494042317058142,5.58024076026998e-22,1.22573025313683e-21
"UBE2M",-0.0494221664964246,5.39306697040357e-22,1.18508052111101e-21
"OTUD5",-0.0494949914482261,4.69478686781347e-22,1.03204366490727e-21
"CALCOCO2",-0.0495049828424631,4.60624520402435e-22,1.012976699121e-21
"RAB14",-0.0495735473115803,4.04165381230472e-22,8.89512667203981e-22
"CRTAP",-0.0496692179469464,3.36659904256296e-22,7.42398609621784e-22
"TAF15",-0.0496802908882005,3.29606395154672e-22,7.27130112787144e-22
"DNAJC21",-0.0496804723318972,3.29492041192376e-22,7.27130112787144e-22
"ARF5",-0.0496904325060702,3.23274560767941e-22,7.13723056240909e-22
"DESI2",-0.0497269378471235,3.01463322213994e-22,6.65830408512011e-22
"XPO1",-0.049753273507442,2.86638896533116e-22,6.33836897733851e-22
"METRN",-0.0497659050309642,2.79786887764577e-22,6.18929195725267e-22
"MEI1",-0.0498214615314987,2.51524603965727e-22,5.56628413509952e-22
"STK38",-0.0498395392547116,2.42952337441804e-22,5.37870013042037e-22
"ZBTB11",-0.049870594100869,2.28896272443577e-22,5.06951475881748e-22
"ARL4A",-0.0498872990768249,2.21671342618728e-22,4.91143851536756e-22
"ODC1",-0.0499062178086282,2.13761225806191e-22,4.73805008602422e-22
"NUTM2A-AS1",-0.0499416740211173,1.99681616713394e-22,4.42772280538396e-22
"VTI1B",-0.0499591892736346,1.93069052342402e-22,4.28278918007463e-22
"TAF11",-0.0500176438479059,1.72530516918047e-22,3.82870332242977e-22
"BAZ1A",-0.050022450252406,1.70941305366327e-22,3.79493756670002e-22
"RPL36AL",-0.0500442796332313,1.6390395962062e-22,3.64014732174062e-22
"ZFR",-0.0501078556275627,1.45001102652476e-22,3.22288504706969e-22
"PDE4B",-0.0501338955768481,1.37896928344835e-22,3.06619804999811e-22
"TEX264",-0.0501360830163325,1.37316084101692e-22,3.05449338545001e-22
"ARHGAP1",-0.0502011469192942,1.21104035787505e-22,2.69814789820454e-22
"VPS53",-0.0502460773196878,1.11029695426495e-22,2.47467855122223e-22
"RBCK1",-0.0502547531444803,1.09182211679865e-22,2.43446823340239e-22
"MARCH6",-0.0502590548474598,1.08277497887255e-22,2.41525551947317e-22
"ASH1L",-0.0502688101777471,1.06253207198249e-22,2.37104412244302e-22
"PRR14L",-0.0502884115265218,1.02298387662891e-22,2.28370057615926e-22
"RABAC1",-0.0503276275273599,9.48182852340131e-23,2.11755804204942e-22
"NUP214",-0.0503743457327064,8.66111390195891e-23,1.93581071673265e-22
"CEBPG",-0.0503931652647098,8.35073980764029e-23,1.86718414989486e-22
"SET",-0.0503942526208199,8.33314734594181e-23,1.86399348527646e-22
"NUP210",-0.0504163852157105,7.98292996854103e-23,1.78636765550519e-22
"EGLN1",-0.0504366208167124,7.67550108320124e-23,1.71825862237665e-22
"DPH3",-0.0504746924464775,7.12852656344982e-23,1.59644846391032e-22
"PHRF1",-0.0504783898064369,7.07750857421165e-23,1.58565587465365e-22
"DDX23",-0.0504959109123234,6.84061633613107e-23,1.53319447246086e-22
"ARRB2",-0.0505206369824741,6.51960908170163e-23,1.46183081328322e-22
"NPLOC4",-0.0505357956452618,6.33023273361485e-23,1.4199362509228e-22
"AATF",-0.0505383891305607,6.29838252441604e-23,1.41335703847896e-22
"EMSY",-0.0505591352203856,6.04924826522656e-23,1.35799450852025e-22
"UFM1",-0.0505596960828821,6.04265024634363e-23,1.35705636036781e-22
"G6PD",-0.0506561832999734,5.00742929798271e-23,1.12546788308025e-22
"ATP6AP1",-0.0506562208372866,5.00706288284043e-23,1.12546788308025e-22
"MESD",-0.0506586608387037,4.9833020108657e-23,1.12094323500227e-22
"POLR2F",-0.0506692511339906,4.8814602092421e-23,1.09847540207975e-22
"SAMD4B",-0.0506819985886687,4.76160372169626e-23,1.07193406415393e-22
"ARID2",-0.0506873666232189,4.71200747799873e-23,1.06119477926828e-22
"PUM2",-0.05074490198561,4.21150950352151e-23,9.49239385888134e-23
"CAPRIN1",-0.0507677684742361,4.02754613327124e-23,9.0814042635256e-23
"TBC1D14",-0.0507834855628648,3.90573689440845e-23,8.81028708388878e-23
"MGRN1",-0.0508152738700202,3.67041313975189e-23,8.2827907135994e-23
"NUP54",-0.050888667097811,3.17936994264614e-23,7.17757158078264e-23
"APC",-0.0509364144850398,2.89544203404497e-23,6.53922295128513e-23
"PPP2R1A",-0.050966204032381,2.73117298445116e-23,6.17071302568305e-23
"SLTM",-0.0509973256521945,2.56941154110321e-23,5.80757403126067e-23
"GOLGA8B",-0.0510073540164241,2.5193362240143e-23,5.69668529492956e-23
"RCSD1",-0.0510214600989701,2.45053099284676e-23,5.54333825397997e-23
"PBRM1",-0.0510355077220387,2.38386056018428e-23,5.39469856499952e-23
"ANKFY1",-0.0510441235361526,2.34386156156917e-23,5.30632096868565e-23
"AMZ2",-0.0510548320267294,2.2950724719488e-23,5.19796389488606e-23
"PANK3",-0.0510747158860017,2.20713151904703e-23,5.0048536062465e-23
"TRIM69",-0.0510759302605464,2.20187011419841e-23,4.99494190887711e-23
"ARHGEF3",-0.0511276459556229,1.98896795935517e-23,4.51562535490997e-23
"WDR45",-0.0511344777901001,1.96241238393381e-23,4.45713905824644e-23
"CMTR1",-0.0511648341910341,1.84859904667433e-23,4.20034048272296e-23
"DDHD2",-0.0511678813402325,1.83754208061425e-23,4.17690886233629e-23
"DDX19B",-0.0511687741222722,1.83431493038631e-23,4.17126338040828e-23
"NARF",-0.0511722615563124,1.82176254959569e-23,4.14439898752303e-23
"BRWD1",-0.051180017666684,1.7941499738707e-23,4.0848950297949e-23
"PRPF8",-0.051181910561369,1.78747422790683e-23,4.0713481195929e-23
"SF3A1",-0.0511887792186366,1.76345617069491e-23,4.01827340276134e-23
"SNRPB2",-0.0512070286639446,1.70118363572684e-23,3.87795213182754e-23
"TMX1",-0.0512610056328959,1.52946168898706e-23,3.48791872976317e-23
"STAG1",-0.0512623747334031,1.5253370449161e-23,3.4799271337858e-23
"TRIM13",-0.0513271741709522,1.3422167207983e-23,3.06464623674336e-23
"UBA1",-0.0513781353002386,1.21364714490803e-23,2.77221518034774e-23
"LAMP2",-0.0514024104498897,1.15676905721613e-23,2.64444760023735e-23
"RTCA",-0.0514138996645047,1.13077749098362e-23,2.58608305112845e-23
"FAM193A",-0.0514355285666786,1.08340668673053e-23,2.4787567343223e-23
"RGS19",-0.0514908901257165,9.70922095757497e-24,2.22230638808631e-23
"OTUD4",-0.0515042115727721,9.45630165653943e-24,2.16618425043635e-23
"DPP4",-0.0515629359992627,8.41694037244364e-24,1.92967043275067e-23
"AGO1",-0.0516112116723283,7.64789538464334e-24,1.75479317414516e-23
"PPP3R1",-0.051613346048748,7.61555006724668e-24,1.74808657435572e-23
"PSMD2",-0.0516225959974136,7.47693084207454e-24,1.71697020155703e-23
"TLK2",-0.0516413345685355,7.20372891253198e-24,1.65491069612221e-23
"CARHSP1",-0.0516509449491562,7.06747236344746e-24,1.62427365665466e-23
"CTSZ",-0.0516679781138454,6.83221732225132e-24,1.5708499663045e-23
"MARCH2",-0.0516739709714696,6.75130463020425e-24,1.55288310682435e-23
"C8orf76",-0.0516949472805795,6.47549580706887e-24,1.49066604339993e-23
"PTGER2",-0.051744826506205,5.86366698525792e-24,1.35037651015176e-23
"ATP8A1",-0.0518129523462383,5.11954395642088e-24,1.17949246798855e-23
"COMTD1",-0.0518145962889722,5.10279473855669e-24,1.1761166180486e-23
"LENG8",-0.0518166940713176,5.08150039724156e-24,1.17168998062167e-23
"WASHC2A",-0.0519197653425434,4.1368486718079e-24,9.5426484575832e-24
"IP6K2",-0.0519521855773976,3.87737502398599e-24,8.94778851689075e-24
"CASC3",-0.0519803683856918,3.66495647202169e-24,8.46107234898835e-24
"JTB",-0.0519804897126359,3.6640673988284e-24,8.46107234898835e-24
"DNAJC13",-0.0519878657157236,3.61041607946909e-24,8.34202397274366e-24
"COMMD7",-0.0520343026550751,3.2900711429252e-24,7.60811999662423e-24
"MON1B",-0.052072761335776,3.04620562628673e-24,7.05000559549034e-24
"GTF2E2",-0.0520949765594577,2.91358945375084e-24,6.74586745173017e-24
"SEM1",-0.0521053972400957,2.85336851553462e-24,6.60916489353808e-24
"WAPL",-0.0521428673576044,2.646841220836e-24,6.13332476203633e-24
"ATMIN",-0.052148534505911,2.61692195351436e-24,6.06650089223784e-24
"CCZ1",-0.0521594186092191,2.56039663465772e-24,5.93791861117396e-24
"MFSD6",-0.0521615436921183,2.54950222476511e-24,5.91509821378505e-24
"PDPK1",-0.0521697236553027,2.5079938546055e-24,5.82120212012282e-24
"NADSYN1",-0.0521829756528092,2.44216422922946e-24,5.67075386008993e-24
"GGA1",-0.0521942052341907,2.3877228306668e-24,5.54663564390922e-24
"CYFIP2",-0.052204487105947,2.33893112246938e-24,5.43554415785138e-24
"FBXL20",-0.0522144893319675,2.29241451957514e-24,5.32965000199609e-24
"VCAN",-0.0523136505897689,1.87807128508147e-24,4.3681508745054e-24
"BMI1",-0.0523140289723304,1.87664179041832e-24,4.36663643477677e-24
"TSPO",-0.0523252511297474,1.83473206449471e-24,4.27089082233e-24
"VPS33A",-0.0523455886154332,1.76112981279972e-24,4.10126120788976e-24
"CUL2",-0.0523949159587229,1.59454069766781e-24,3.71485602737393e-24
"VPS13D",-0.0524293623429754,1.48756236684443e-24,3.46850576807866e-24
"DDX60",-0.0524305815305958,1.48390921879588e-24,3.46142649374009e-24
"SPTLC2",-0.0524615416185768,1.39406204740609e-24,3.25319803907994e-24
"RNF6",-0.0524688047753555,1.37377720495163e-24,3.20719522254625e-24
"SENP5",-0.0524827424890097,1.33566686368241e-24,3.11952169244727e-24
"ZNF655",-0.0525570928435801,1.14938786942495e-24,2.68624941287899e-24
"CARD8",-0.0526067367778853,1.03958634817968e-24,2.43104602471364e-24
"TBC1D20",-0.0526437571148085,9.64531315203515e-25,2.25647234290731e-24
"PPP2R3C",-0.052656912233959,9.39174614521487e-25,2.19806824675242e-24
"PGRMC2",-0.0526826177208892,8.91517790878453e-25,2.08740183924379e-24
"ZNF106",-0.0527468038755819,7.82726147747245e-25,1.83344204127851e-24
"PSMB8",-0.0527743217812835,7.40214665858215e-25,1.73458825207376e-24
"KIF3A",-0.052791364764683,7.15041177531145e-25,1.67629795484736e-24
"CCM2",-0.0528440758821378,6.4243004768184e-25,1.50670257838425e-24
"RNF220",-0.0528461188268022,6.39767984312364e-25,1.5010867385999e-24
"FYTTD1",-0.0528539070564573,6.29719391142888e-25,1.47812794322661e-24
"AKAP8",-0.0528564456572698,6.26477933021678e-25,1.47113486992533e-24
"VAMP3",-0.052950654468616,5.17196040461959e-25,1.21502084882395e-24
"USF3",-0.0529656124113032,5.01676391934753e-25,1.17905511468536e-24
"NELFB",-0.0529760645389789,4.91106530697825e-25,1.15469724946136e-24
"MAP3K2",-0.0529882921466251,4.79020982371858e-25,1.1267537572772e-24
"RALY",-0.0530039604145725,4.6396460274528e-25,1.09179589823868e-24
"BTN3A2",-0.053013490877906,4.55036691445147e-25,1.07123618926029e-24
"UQCR11",-0.0530156257154615,4.53060281793942e-25,1.06703114226029e-24
"CHMP4A",-0.0530245198206288,4.44917344704581e-25,1.0482932817273e-24
"RNF181",-0.053044564593991,4.27093362723579e-25,1.00714323870503e-24
"NQO2",-0.0530462857736403,4.25596275786682e-25,1.00403494834453e-24
"CRIPT",-0.0530491291157524,4.23134510799681e-25,9.98647288845693e-25
"GRIPAP1",-0.0531082184331451,3.75052088944631e-25,8.855396544526e-25
"CGRRF1",-0.053135123777316,3.54992363717596e-25,8.38529330718195e-25
"AFTPH",-0.0531580015362335,3.38774438266189e-25,8.00557960688003e-25
"PSMD12",-0.0531808933299106,3.2328172466131e-25,7.64269058301707e-25
"AHCTF1",-0.0531827516525469,3.22055304863944e-25,7.61690666225433e-25
"KIAA0232",-0.0532391894188132,2.86926850016312e-25,6.78894824374318e-25
"CSNK1G1",-0.0532717503165129,2.68416165503871e-25,6.3536484745853e-25
"ZNF410",-0.0532978497295075,2.54437386429023e-25,6.02530070859781e-25
"USP33",-0.053312839635659,2.46737551152441e-25,5.84542931573139e-25
"MGAT1",-0.0533521636166845,2.27618240359377e-25,5.39475423918929e-25
"COX5B",-0.0533757021267721,2.16884099754646e-25,5.14251817254253e-25
"IRAK1",-0.0534465551847936,1.87509288288019e-25,4.44789474543673e-25
"PPP1R7",-0.0534473861750184,1.87189292866141e-25,4.4421824576102e-25
"ACIN1",-0.0534572403331503,1.83435691309943e-25,4.35494806707059e-25
"WASHC2C",-0.0534801512801398,1.74994426410707e-25,4.15630284574117e-25
"SDE2",-0.0534978859725501,1.68725635760673e-25,4.00910976966276e-25
"DCAF5",-0.0535016640959698,1.67419193970028e-25,3.97975287360956e-25
"ADPGK",-0.0535122241804158,1.63820541482314e-25,3.89585942227971e-25
"CAMTA1",-0.0535125324712334,1.63716642344103e-25,3.89503970971339e-25
"PDIA4",-0.0535150357595836,1.62875406906975e-25,3.87666963406079e-25
"FABP5",-0.0535455835025565,1.52948463735538e-25,3.64193922562125e-25
"RLF",-0.0535460083117916,1.52814730975921e-25,3.64029996082768e-25
"UBE2L6",-0.0535462233117435,1.52747091740644e-25,3.64023442933311e-25
"MRFAP1L1",-0.0535524713183717,1.50794368701871e-25,3.59522485515298e-25
"SEC31A",-0.0535965116063092,1.37714593973497e-25,3.28477411645969e-25
"TATDN2",-0.0535999975244718,1.36728662312957e-25,3.26264481316754e-25
"YTHDC1",-0.0536150238305852,1.32558185689578e-25,3.16447413497247e-25
"ERVK3-1",-0.0536281263759411,1.29024692994007e-25,3.08143264238561e-25
"RAB4B",-0.0537183042018869,1.07112230551707e-25,2.56028808434203e-25
"CASK",-0.0537434045945171,1.01698757320085e-25,2.43192680548028e-25
"ERGIC1",-0.0537794005060123,9.44054719146973e-26,2.2584848504966e-25
"STX4",-0.0538053289415397,8.94755537659421e-26,2.14145843270877e-25
"ACADVL",-0.0538462389320305,8.22110881417146e-26,1.96843450480162e-25
"MED23",-0.0538635319695469,7.93190263593793e-26,1.89999888076908e-25
"RAP1B",-0.0538766548059867,7.71918867322671e-26,1.8498354744469e-25
"RFFL",-0.0538886528101421,7.52966032088134e-26,1.80518779487796e-25
"CWC15",-0.0539050835840453,7.27757146742352e-26,1.74549704712467e-25
"SCAMP1",-0.0539299892785519,6.91132035068075e-26,1.6583621542908e-25
"TNFSF12",-0.0539391714248786,6.78095246551629e-26,1.62777677927028e-25
"AP3S1",-0.0539791858941643,6.24070384596137e-26,1.49873067533576e-25
"PLEKHA3",-0.0540012324043538,5.9615078620433e-26,1.43229375186565e-25
"PPP4R2",-0.0540109564833097,5.84233156807132e-26,1.40426221494773e-25
"OSBPL8",-0.0540151387530016,5.79180363342891e-26,1.39271403272765e-25
"ATP13A3",-0.0540326786748625,5.58457108922867e-26,1.34345813938992e-25
"PTPN11",-0.0540880532340373,4.97736150711994e-26,1.19789781445486e-25
"CEP120",-0.0540897740217896,4.95957992743495e-26,1.19413061772146e-25
"ATF6B",-0.0541204461156765,4.6529920225669e-26,1.12079369886648e-25
"ZFAND3",-0.0541593670689481,4.29086078651431e-26,1.03400897819353e-25
"CPEB4",-0.0541617313054948,4.26978636315398e-26,1.02937264706892e-25
"TOP2B",-0.0541663198294816,4.22917736350591e-26,1.02002085164524e-25
"MAP2K2",-0.0542040771270449,3.90923542775577e-26,9.43666555495262e-26
"SUPT16H",-0.0542137169563484,3.83147161283238e-26,9.25292972362878e-26
"TIMM17A",-0.0542189043102255,3.79026220851673e-26,9.15735184744997e-26
"LRP10",-0.0542492479097943,3.55786002691588e-26,8.60327359956815e-26
"C16orf72",-0.0543527020737962,2.86670026703287e-26,6.94395012869361e-26
"HGSNAT",-0.0543641373417863,2.79899785343725e-26,6.78288464699048e-26
"TRIM25",-0.0544540147787431,2.31924268946886e-26,5.62271023678492e-26
"REV3L",-0.0544632744386859,2.27470947183947e-26,5.51712932858601e-26
"GPS1",-0.0544724654688146,2.23134479410719e-26,5.41663535047225e-26
"RBL2",-0.0545207356623306,2.01670320291277e-26,4.89770777850245e-26
"TMED10",-0.0545363301504392,1.95183527107878e-26,4.74222428356517e-26
"BRD4",-0.0545686167318915,1.82403585791282e-26,4.43364001858358e-26
"CARD19",-0.0545886010803639,1.74912577042343e-26,4.25340076812979e-26
"PPP6R2",-0.0546206701710934,1.6352408766913e-26,3.9781879090365e-26
"NCL",-0.0546450761115146,1.55352412204992e-26,3.78102834043385e-26
"VAMP2",-0.0546461984847722,1.54986512673322e-26,3.77376013931137e-26
"RNF11",-0.054670426898219,1.47292942428739e-26,3.58798700401748e-26
"C16orf54",-0.0546750197494926,1.45877797261085e-26,3.5550583954591e-26
"GALNT11",-0.0547412700837857,1.26902903635072e-26,3.09667372506636e-26
"TRPM7",-0.0548124423294739,1.09238854432829e-26,2.6667970990782e-26
"SERINC3",-0.0548170937397058,1.08173286860643e-26,2.64193356242145e-26
"EHD4",-0.054851846493468,1.00531450075202e-26,2.4563651346772e-26
"PALM2-AKAP2",-0.0548780579600367,9.51241292351281e-27,2.32525649241424e-26
"LLPH",-0.0548969599992058,9.1404645064547e-27,2.23530975942506e-26
"GNAS",-0.0549032904628098,9.01914792394464e-27,2.20660356970473e-26
"MARK2",-0.0549060555218242,8.96666074061269e-27,2.19471931740127e-26
"BTAF1",-0.0549190627424443,8.72378848080266e-27,2.13620486151475e-26
"TOPBP1",-0.0549451979883916,8.25533490020691e-27,2.02237680306379e-26
"EXOSC9",-0.0549607038589676,7.98928407534772e-27,1.9580552058847e-26
"DENND4B",-0.0549733216170384,7.77907538201025e-27,1.90736944462751e-26
"PYROXD1",-0.0549927945756706,7.46537467895787e-27,1.83125281805657e-26
"ZRANB1",-0.0549931795818322,7.45930056084488e-27,1.83056326099474e-26
"GLMN",-0.0550039397868968,7.29150831880125e-27,1.79016900080853e-26
"AP2A1",-0.0550076448399949,7.23460307180765e-27,1.77697562315416e-26
"BRD7",-0.0550152315834589,7.11945001800357e-27,1.74945749456855e-26
"LAPTM4A",-0.0550545533202493,6.55111206761925e-27,1.61121169221149e-26
"COMMD2",-0.0551012225595913,5.93470440749742e-27,1.460890378502e-26
"OGFR",-0.0551074889013684,5.85644369346006e-27,1.44225852152374e-26
"MAN1A2",-0.0551167286546983,5.74291103555137e-27,1.41492011020831e-26
"RBM23",-0.0551252001363066,5.64073743518098e-27,1.39035751368037e-26
"RAC2",-0.055134160589305,5.53462749145383e-27,1.36480264734312e-26
"DCAF7",-0.0551417590827885,5.44619841246248e-27,1.34358720729615e-26
"SBF1",-0.0552024829494033,4.78805010390378e-27,1.18174047879016e-26
"HNRNPH1",-0.0552774838378223,4.08308843486604e-27,1.00863611270799e-26
"MYSM1",-0.0553554975042723,3.45892962979316e-27,8.55204725568075e-27
"ACTR1A",-0.0553630500735127,3.403779755288e-27,8.41940230474677e-27
"MPPE1",-0.0553637765505192,3.39852111679776e-27,8.41010298422383e-27
"PSMB10",-0.0553708377598821,3.34782607075864e-27,8.29196655936245e-27
"C12orf49",-0.0554217891743329,3.003593236309e-27,7.44264931788581e-27
"DDX60L",-0.0554380063316545,2.90157557176235e-27,7.19303533256155e-27
"FAM172A",-0.0554507901730264,2.82358428309987e-27,7.00278860662699e-27
"TXNIP",-0.0554970853187671,2.55814936725402e-27,6.35009643818366e-27
"SRPK1",-0.0555052103983429,2.51418625364062e-27,6.24372947451256e-27
"SEPTIN11",-0.0555180670610791,2.44614741969013e-27,6.08014489342562e-27
"HNRNPK",-0.0555236774473145,2.41703191588452e-27,6.01043840785114e-27
"MTDH",-0.0555402506256946,2.33301614142498e-27,5.80408893720361e-27
"FAM117A",-0.0556366950741446,1.89852397383324e-27,4.73575788937505e-27
"NBN",-0.0556423983770362,1.87550633489585e-27,4.68042283752923e-27
"RASSF5",-0.0556480439471512,1.85299429094153e-27,4.62630083319181e-27
"NSMAF",-0.0556503949757748,1.84369864768676e-27,4.60514221439124e-27
"C7orf50",-0.0556781625596908,1.73734667018437e-27,4.34143199097296e-27
"ATG13",-0.0557913476209325,1.36325065535608e-27,3.41268905691549e-27
"TMED4",-0.0559027336961027,1.07332704189363e-27,2.69051148571191e-27
"ZFAND6",-0.0559541205567636,9.6107153327015e-28,2.41235404995326e-27
"HPS3",-0.0559543390796569,9.6061994794929e-28,2.41229986929074e-27
"MMP24OS",-0.0559619026759269,9.45118538603784e-28,2.37443573737896e-27
"CWC25",-0.0560569087422196,7.70297566123947e-28,1.93609737722014e-27
"EDRF1",-0.0560575272982976,7.69271611356876e-28,1.93438536069568e-27
"FOXN2",-0.0561107411227226,6.85899809237976e-28,1.72551476673769e-27
"TRAM1",-0.0561551845551107,6.23184534323788e-28,1.56985417043397e-27
"FTL",-0.0561569609049757,6.20799741871899e-28,1.56454921469063e-27
"PKN1",-0.0561916855759132,5.75957401599027e-28,1.45218922380698e-27
"GPBP1L1",-0.0562052594204823,5.59315446653029e-28,1.41086315455193e-27
"SSR1",-0.0563304320285343,4.26667449899413e-28,1.0767451164803e-27
"CD2BP2",-0.0563327247130778,4.24554757792635e-28,1.07189567561507e-27
"USP12",-0.0563522438676816,4.06983149177671e-28,1.02799435699538e-27
"SPRTN",-0.0564308710036596,3.43214597923174e-28,8.67312565022075e-28
"SLC35A3",-0.0564425908514271,3.34599479909249e-28,8.45922975345149e-28
"MYO9A",-0.0564533499527589,3.26879607487731e-28,8.2677844815427e-28
"GMIP",-0.0564783272383297,3.0963237666502e-28,7.83508179111755e-28
"MINDY2",-0.0564825206091121,3.0682662362567e-28,7.76758735803253e-28
"MTFP1",-0.0564857207122333,3.04702438020207e-28,7.71729425414611e-28
"PARVG",-0.0565015954918505,2.94378719933741e-28,7.45918978693896e-28
"VEZT",-0.0565261448023671,2.79092925428418e-28,7.07506241144792e-28
"CRNKL1",-0.0565317399993042,2.75720739205722e-28,6.99273664983769e-28
"SACS",-0.0566046965658357,2.35279067905435e-28,5.9697673946155e-28
"STAT1",-0.0566111532978277,2.31997100194537e-28,5.88915715878439e-28
"TAF1B",-0.0566407842503457,2.17508629402676e-28,5.52387238999101e-28
"LRCH3",-0.0566685612212054,2.04743233123094e-28,5.20203595027425e-28
"TRAPPC4",-0.0566994829503222,1.91405236588898e-28,4.86535286481069e-28
"VPS36",-0.0567091025792696,1.87434375727762e-28,4.76657682607772e-28
"C9orf78",-0.0567681269772264,1.64797892010379e-28,4.19281711645453e-28
"BBX",-0.0568001545409713,1.53672667692495e-28,3.91154113318918e-28
"OAS1",-0.0568560862007792,1.36001955352656e-28,3.46332714266181e-28
"TTC39C",-0.056888308614672,1.26753083443361e-28,3.22926792968781e-28
"ELOVL1",-0.0569262934750854,1.16648712552838e-28,2.97454217009736e-28
"GTF3C6",-0.0569266097374389,1.16568030557467e-28,2.97383652308954e-28
"SLC52A2",-0.0569418438710137,1.12746500139606e-28,2.87896161030128e-28
"PLCL2",-0.0569807956569876,1.03531209386345e-28,2.64485466601729e-28
"ERAP1",-0.0570507673201526,8.8814858231347e-29,2.26993783452327e-28
"NFATC2IP",-0.0570738086513318,8.44387055521208e-29,2.15907537897629e-28
"UBE2I",-0.0570739305836362,8.44161260312233e-29,2.15907537897629e-28
"SCO2",-0.0570835238913092,8.26582779139031e-29,2.11547873675637e-28
"BTN3A3",-0.0571489859490293,7.15950980816961e-29,1.83401141661331e-28
"ADARB1",-0.0572787180810772,5.38274753860586e-29,1.38075965667942e-28
"PTBP1",-0.0573070599827721,5.05712510992535e-29,1.29782579445019e-28
"FOXN3",-0.0573124429359194,4.99752594096557e-29,1.28370515241835e-28
"AFF4",-0.0573999230891016,4.12112320521854e-29,1.0595555078495e-28
"ERCC5",-0.0574563844908587,3.63832332315473e-29,9.35854830027421e-29
"ZNF276",-0.0574677582445418,3.54808454965969e-29,9.13062124935362e-29
"MCPH1",-0.0574704044590286,3.52741012363099e-29,9.08158365927941e-29
"VMP1",-0.0575340990709738,3.06429831271191e-29,7.89288959334885e-29
"ELF2",-0.057555810474766,2.92065476767524e-29,7.53327505593475e-29
"NAA38",-0.057572110080133,2.81722523801849e-29,7.26984065560428e-29
"ATAD2B",-0.0575742998278889,2.80360996748193e-29,7.23803585714387e-29
"GSK3A",-0.0575928417355274,2.69090767228166e-29,6.95347399424235e-29
"SUPT6H",-0.0575977290588898,2.66195754862506e-29,6.88183495289703e-29
"FBXW4",-0.0576077038337646,2.60382740429515e-29,6.73465732507874e-29
"TRADD",-0.0576591788666203,2.32328315811977e-29,6.01181665915679e-29
"ZDHHC3",-0.0576750898501087,2.24279546435094e-29,5.80622176050243e-29
"TBPL1",-0.0576774077339966,2.23130339054284e-29,5.77913759046413e-29
"HNRNPR",-0.0576927745360147,2.15657862431572e-29,5.59076066654862e-29
"BCAS2",-0.0577328368598857,1.97323897464594e-29,5.11783201468504e-29
"TRIM8",-0.0577509173594203,1.89564470577152e-29,4.91885605891685e-29
"NTAN1",-0.0577690694130999,1.82078978125858e-29,4.72680734514606e-29
"PDCD10",-0.0578007812606448,1.69698900265666e-29,4.40745754856659e-29
"IP6K1",-0.0578315868621472,1.58473349557038e-29,4.1197196061862e-29
"PSD4",-0.0578927690474209,1.38317786322573e-29,3.59741669573313e-29
"TUBA1B",-0.0578956420927506,1.37436555497597e-29,3.57615527060074e-29
"MX1",-0.0578996977086685,1.3620207744046e-29,3.54567821086302e-29
"UBE2V1",-0.0579102610444684,1.33038142923423e-29,3.46492099257384e-29
"SLC35B1",-0.0579469456825516,1.2260628967188e-29,3.19619556254297e-29
"RAP2C",-0.0579575505365249,1.19744831444437e-29,3.12450467164322e-29
"DYNLT3",-0.0579588587123667,1.19396476044477e-29,3.11686473061663e-29
"PURB",-0.0579686016038175,1.16833473915089e-29,3.05137704219575e-29
"HIPK1",-0.0579915319124168,1.11014777308519e-29,2.90075873638002e-29
"IMPDH1",-0.0579918923910093,1.10925638485343e-29,2.89978020457957e-29
"PSENEN",-0.0580252709376171,1.02972289421275e-29,2.69312141563336e-29
"MAN2B2",-0.058057052732959,9.59262293561261e-30,2.51044804696834e-29
"GRB2",-0.0580578361304132,9.57587315845619e-30,2.50796677959567e-29
"FRYL",-0.0580912378462158,8.88807946802953e-30,2.32891759998345e-29
"OTULIN",-0.0581124046617559,8.47783714116046e-30,2.22246104494907e-29
"CLTB",-0.0581262732638828,8.21929124880562e-30,2.15569069218324e-29
"PAPOLA",-0.058129567579942,8.15903607781391e-30,2.14088832537587e-29
"R3HCC1L",-0.0581586326583368,7.64605964966245e-30,2.0072248308192e-29
"SREK1IP1",-0.058169822649493,7.45721329478664e-30,1.9585658512993e-29
"CYB5R3",-0.0582086159691418,6.83765741143718e-30,1.79668656103806e-29
"MAZ",-0.0582668586646774,6.00213192425275e-30,1.57861978879784e-29
"AGAP2",-0.0582684461631215,5.98083715308142e-30,1.57375686814197e-29
"RTN3",-0.0583241792509673,5.27891958153002e-30,1.38971087998045e-29
"USP48",-0.0583419663713624,5.0726042553764e-30,1.33602393768364e-29
"RBBP7",-0.058372007882309,4.74216374444136e-30,1.25075404825181e-29
"HEXIM1",-0.0583731308352049,4.73023507653964e-30,1.2481946744773e-29
"BCAP31",-0.0583818093170305,4.63904593251009e-30,1.22528473076185e-29
"SEC16A",-0.0584063047389967,4.39096514715735e-30,1.16030685235764e-29
"UBE2F",-0.058448551822879,3.99365460514051e-30,1.05631316995937e-29
"COX8A",-0.0584587676880378,3.90306640650513e-30,1.03283974247612e-29
"VPS13B",-0.0585028487144466,3.53500041232921e-30,9.35882600904523e-30
"MEAF6",-0.0585095093706679,3.48246587750082e-30,9.22409517128405e-30
"WDR37",-0.0585200099036517,3.40121450518144e-30,9.01313810773165e-30
"CYB5R4",-0.0585531500429363,3.15692031301978e-30,8.36971784311954e-30
"ANKRD36B",-0.058555181678795,3.14252383583352e-30,8.33548875604069e-30
"FAM76B",-0.0585660467539256,3.06663114666491e-30,8.13803251314577e-30
"PPP6R3",-0.0585971149568899,2.85951123075742e-30,7.5919820182438e-30
"HNRNPH3",-0.0587022075051862,2.25654227227818e-30,5.99394041073892e-30
"LCORL",-0.058739665815873,2.07367585501847e-30,5.51081077529778e-30
"CBX6",-0.0587808036201954,1.88975821329693e-30,5.02442823535344e-30
"RASGRP1",-0.058789786673828,1.85180326695044e-30,4.92584937296916e-30
"PSMB6",-0.0588784289040398,1.51556598107811e-30,4.0352753459175e-30
"TCEA1",-0.0588859338319205,1.49005155050066e-30,3.96922564022255e-30
"FUS",-0.0589097046263761,1.41201870663528e-30,3.7631472419116e-30
"YTHDF3",-0.0589147664228934,1.3959335372938e-30,3.72204712177673e-30
"ROCK2",-0.0589198495878096,1.37996350272234e-30,3.68121505005817e-30
"ANGEL2",-0.058927038699157,1.35768625742509e-30,3.62351089636286e-30
"AZIN1",-0.0589284014236433,1.35350394038736e-30,3.6140681130762e-30
"CD46",-0.0589544240842047,1.27604757594687e-30,3.40886995288664e-30
"RAB1A",-0.0589589164535221,1.2631286775011e-30,3.37596564115348e-30
"DDA1",-0.0590051517320928,1.13748379253603e-30,3.04160346812543e-30
"LINC00513",-0.0590302929025936,1.0744537251016e-30,2.87580410201336e-30
"GDI1",-0.0590592380848317,1.00616983308945e-30,2.69432590149491e-30
"UBE2Q2",-0.05907393533291,9.73164908807864e-31,2.60718965540216e-30
"SENP6",-0.0590867849865998,9.4519094368303e-31,2.53466596274465e-30
"MADD",-0.0591234254189849,8.69731610426149e-31,2.33342627187503e-30
"RALGAPB",-0.0591388468455034,8.39789046154737e-31,2.25524966439831e-30
"SLAIN2",-0.0591519181235169,8.15212387227067e-31,2.19029764958996e-30
"TADA2B",-0.0591694243606372,7.83412050987311e-31,2.10687517068016e-30
"TINF2",-0.0591775904662209,7.69002400023378e-31,2.06911437128592e-30
"NECAP1",-0.0592419374078637,6.64290572965449e-31,1.78908790894679e-30
"PRKD2",-0.0592453393321889,6.59166842227999e-31,1.77614120312155e-30
"DDX46",-0.0592854247835985,6.01668433178015e-31,1.62276918756186e-30
"NDEL1",-0.0593016207947121,5.79875023540923e-31,1.56474212701519e-30
"UBE2Q1",-0.0593111512919676,5.67418886711773e-31,1.5318671580621e-30
"CHMP4B",-0.0593114198242453,5.67071795822507e-31,1.53166720007909e-30
"YAF2",-0.059369524456274,4.96717614272271e-31,1.34228603856813e-30
"PSMA4",-0.0594198346889282,4.42846297706639e-31,1.19728565307675e-30
"RBM5",-0.0594376453699618,4.25199655020747e-31,1.15013021440038e-30
"SCAMP2",-0.0594408669288437,4.22083152515901e-31,1.1422510784439e-30
"EIF2AK1",-0.059460123987499,4.03921353933991e-31,1.09362876234058e-30
"SRSF11",-0.0594929393965166,3.74742405339362e-31,1.01511583484009e-30
"CD40LG",-0.0595474966682446,3.30791327215566e-31,8.96492437526243e-31
"TAGAP",-0.0595526978686259,3.26878554354782e-31,8.86316428192521e-31
"DUSP23",-0.0596361472015629,2.70030946234009e-31,7.3253075840077e-31
"NAMPT",-0.0596403223080451,2.67460245519101e-31,7.25908068390014e-31
"CIB1",-0.0596543028436678,2.59027739001736e-31,7.03361866311586e-31
"MORF4L1",-0.0596604948403384,2.5537781739298e-31,6.93786709721364e-31
"STRN",-0.0596987800324086,2.33917395615924e-31,6.35792921223513e-31
"RIC8A",-0.0596990860679986,2.33753273685183e-31,6.35654806288841e-31
"DEDD2",-0.0597193177479098,2.23153172046823e-31,6.07123809496933e-31
"SRP54",-0.0598007641174409,1.85096518479108e-31,5.04073528479512e-31
"DNAJA1",-0.0598226041969192,1.76037121736609e-31,4.79634897009412e-31
"DYRK1A",-0.0598325661712289,1.72052379356249e-31,4.69005757137298e-31
"NPEPPS",-0.0598449850104853,1.67210088596054e-31,4.56027514352874e-31
"INO80",-0.0598686153476668,1.58366873908876e-31,4.32119728905055e-31
"ATP6V1E1",-0.0598794107885536,1.54482943904967e-31,4.21727160733268e-31
"KAT7",-0.0598807408573552,1.54011009641695e-31,4.20643507346597e-31
"CTBP1",-0.0599268571898693,1.3850401905905e-31,3.78843270073753e-31
"SMC5",-0.0599340070551392,1.36242791210421e-31,3.72840028629494e-31
"TUBA1C",-0.0599403207396169,1.34276510403755e-31,3.67638469187441e-31
"CAB39",-0.0600273652847326,1.09872982752303e-31,3.00970426386925e-31
"CERT1",-0.0600432098670127,1.05930511742394e-31,2.90454628971081e-31
"P2RY10",-0.0601020317852946,9.2484506307773e-32,2.5383467729286e-31
"RNPS1",-0.0601158515996227,8.95798371982766e-32,2.45982812864578e-31
"ZNF217",-0.060173803782761,7.83538795047843e-32,2.15367596287036e-31
"IST1",-0.0601910687321163,7.52880299201574e-32,2.07042082280433e-31
"SOS2",-0.0602044242138806,7.29983772930164e-32,2.00843990492311e-31
"ARID1A",-0.060351631467119,5.19133610652843e-32,1.42971995864627e-31
"ATL3",-0.0603556524969704,5.14316544280866e-32,1.41714922073461e-31
"ABHD2",-0.0603574980904628,5.12120467088634e-32,1.41179155792002e-31
"IBTK",-0.0603804889881275,4.85531539929722e-32,1.33915041249053e-31
"WTAP",-0.0603885648621735,4.76520908148996e-32,1.31494456208356e-31
"CSGALNACT2",-0.060470122170374,3.9433203851825e-32,1.0886824488619e-31
"RETREG3",-0.0604920777236704,3.74722099350588e-32,1.0350521798901e-31
"HERC1",-0.0604933310939518,3.73632320724036e-32,1.03255040357726e-31
"SLU7",-0.0604965525345426,3.70845764270492e-32,1.02535472526243e-31
"LGALS9",-0.0605095470624885,3.59813415141623e-32,9.95341843660997e-32
"KPNB1",-0.060548144637521,3.2892929273988e-32,9.10806185720991e-32
"DPP7",-0.0605694532184095,3.13022198302402e-32,8.67187423445172e-32
"HOOK3",-0.0605781449181047,3.06755257713291e-32,8.50665840717528e-32
"MED17",-0.0605881859501388,2.99670373678983e-32,8.31429671779968e-32
"SEC22C",-0.0606113317178427,2.83951801190146e-32,7.88598814196396e-32
"PPIL2",-0.0606138117389286,2.82316933012169e-32,7.84446752946144e-32
"CDC5L",-0.0606207389563016,2.77799753141121e-32,7.72277807295187e-32
"COPG1",-0.0606251596190377,2.74954665621069e-32,7.64747483457709e-32
"MBD4",-0.0607402472100774,2.10259308665547e-32,5.8596856513349e-32
"FLII",-0.0608017405669728,1.82143666462505e-32,5.07865789689192e-32
"ARIH1",-0.0609109394014381,1.41109171502588e-32,3.94038054818079e-32
"SYTL1",-0.0609440329822047,1.30592896613825e-32,3.64853660360337e-32
"LRPAP1",-0.0609464903739221,1.2984379025102e-32,3.62941536277142e-32
"CCDC6",-0.0609588289786006,1.26146530930798e-32,3.52782671247147e-32
"ADSS",-0.060976078424709,1.21152358557982e-32,3.38984903496399e-32
"VEZF1",-0.061050998532653,1.01643033698873e-32,2.84539630264808e-32
"ZCCHC2",-0.061159540617218,7.87839208450691e-33,2.20988897970419e-32
"RBM22",-0.0611653338746355,7.77189398635242e-33,2.18110681658014e-32
"MT-ND4",-0.0611739755281281,7.61568478895767e-33,2.13833792122385e-32
"PPP2R5E",-0.0612298620995406,6.67809569311121e-33,1.87601987172528e-32
"RAB5C",-0.0612635341214888,6.16951228363572e-33,1.73488540908253e-32
"RALGAPA1",-0.061265635140832,6.13908511757824e-33,1.72719496036178e-32
"C18orf32",-0.0612921608933119,5.76751643206113e-33,1.62347050596402e-32
"MKNK2",-0.0612956451514692,5.720399236224e-33,1.61101604996068e-32
"HMGN4",-0.0613159031614981,5.45392836318583e-33,1.53674224598054e-32
"CLASP2",-0.0613251168987779,5.33684664753424e-33,1.50450802475714e-32
"PRKCQ",-0.0613295693739522,5.28116571325615e-33,1.48955956014917e-32
"KIAA0100",-0.0613689138977164,4.81355180053531e-33,1.35903500759955e-32
"ELMSAN1",-0.0613742380907051,4.75351687170736e-33,1.34276080817111e-32
"OSER1",-0.0613925381720367,4.55278203238125e-33,1.28670565247651e-32
"CHFR",-0.0614529691603909,3.94784159996636e-33,1.11629996853887e-32
"MLEC",-0.0614589380011411,3.89260918720967e-33,1.1012373948687e-32
"TNFRSF4",-0.0614802965410242,3.70118168702663e-33,1.04760995278605e-32
"KDM6A",-0.0614813340697125,3.69212470723398e-33,1.04557393274016e-32
"TMED9",-0.0614828810651271,3.67866126175904e-33,1.04228735749839e-32
"WDR45B",-0.0615379249149521,3.23007254815246e-33,9.15649671305471e-33
"TMEM208",-0.0615632751646759,3.04217964235861e-33,8.63258866648044e-33
"VTI1A",-0.0615636223465961,3.03968321801304e-33,8.62986986490543e-33
"TDRD3",-0.0615758088239574,2.95333323451269e-33,8.38896174461581e-33
"CIAO1",-0.0615772956362456,2.94296626480858e-33,8.36374911123411e-33
"YME1L1",-0.0615890809045635,2.86206063956639e-33,8.13794231523947e-33
"B3GNT2",-0.0615920567679148,2.84198317274511e-33,8.08495212936108e-33
"BTBD7",-0.0616058085509436,2.7510048152133e-33,7.83010502960254e-33
"KDELR2",-0.0616165989147607,2.68164881844145e-33,7.63657353881042e-33
"KCTD20",-0.0616516699938127,2.46800138464072e-33,7.03173578864116e-33
"HPS1",-0.0617041478472034,2.1794902371039e-33,6.21287613320777e-33
"CLEC2D",-0.0617907315718928,1.77490729312495e-33,5.06729257731857e-33
"TXNDC17",-0.061797496711277,1.74663636605008e-33,4.98911915149744e-33
"PRPF40A",-0.0618651556311056,1.48737755654938e-33,4.25073259920633e-33
"UBXN7",-0.0618848975258527,1.41920700899593e-33,4.05797722755716e-33
"FAM126B",-0.06191548812108,1.31965567744196e-33,3.77525158105528e-33
"C16orf87",-0.0619231061234372,1.29596283608062e-33,3.70936301551647e-33
"AKT1",-0.0620293894228754,1.00628227323449e-33,2.88316831095276e-33
"SQOR",-0.0620390596653563,9.83362615948903e-34,2.81893933340488e-33
"PPP4C",-0.0620595285283327,9.36545215382465e-34,2.6861036085356e-33
"KMT2B",-0.06212101538281,8.08814719024081e-34,2.32213437754611e-33
"SIPA1L1",-0.0621637811212819,7.30333366303926e-34,2.09788539936765e-33
"ERLEC1",-0.0622159093959912,6.44833620222492e-34,1.85323596795501e-33
"CBFA2T2",-0.0622363742806818,6.14054341710358e-34,1.76568162839319e-33
"CCNT1",-0.0622523708077556,5.91015525516797e-34,1.70030620417909e-33
"HMGXB3",-0.0623505603118686,4.67265333412101e-34,1.34566659160261e-33
"WSB1",-0.0625530078222375,2.87529101924117e-34,8.29752192281017e-34
"RIT1",-0.0626345735067205,2.36333774825378e-34,6.82363601014088e-34
"SPEN",-0.0627003722233778,2.01720631069085e-34,5.82725406950342e-34
"CTDSPL2",-0.0627714850443391,1.69957190886775e-34,4.912209381117e-34
"HECTD4",-0.0628032529471748,1.57424108717668e-34,4.55231572116554e-34
"PRELID1",-0.0628796703739847,1.30910963771156e-34,3.78757352633411e-34
"ATP6V1D",-0.0628861930854454,1.28864975731508e-34,3.73030192906995e-34
"RBPJ",-0.0628959475086026,1.25864421519886e-34,3.64532475336375e-34
"ILK",-0.062977420798782,1.03366500688364e-34,2.99527928131055e-34
"SUCO",-0.0629820049754275,1.02226735707429e-34,2.96378288019988e-34
"DR1",-0.0629886148674923,1.0060526322198e-34,2.91828090318153e-34
"CNPPD1",-0.063017471896933,9.38204394254013e-35,2.72287979915417e-34
"TMEM43",-0.0630250727796573,9.2110276014155e-35,2.67463068550419e-34
"FBXW2",-0.0630284054076584,9.13702505975109e-35,2.65451634309703e-34
"ANKRD13A",-0.063040927738642,8.86420231626727e-35,2.57792509042298e-34
"MIB2",-0.0631401322753923,6.97028508716634e-35,2.02923193248589e-34
"HERC5",-0.0631458786600677,6.87383078040362e-35,2.00219058556928e-34
"PRRC2A",-0.0631653162184309,6.55729086516153e-35,1.91098190927565e-34
"DNM1L",-0.0631717940161476,6.45505164754495e-35,1.88216422779247e-34
"FLOT2",-0.0632163775400265,5.79308044507737e-35,1.69002502843911e-34
"TRA2A",-0.0633424870683165,4.26396783072642e-35,1.24587810054038e-34
"CBLL1",-0.0633567016850291,4.11903324514082e-35,1.2041571915185e-34
"LPXN",-0.0633635612412966,4.0508536347544e-35,1.18484300787133e-34
"MON2",-0.0635675346287028,2.4640152674699e-35,7.22211371499799e-35
"RC3H1",-0.063663081448321,1.95106065460598e-35,5.72161540634581e-35
"TSC22D4",-0.0636705397799926,1.91580500045295e-35,5.62116425342106e-35
"SHKBP1",-0.0636705560440808,1.91572881574656e-35,5.62116425342106e-35
"KANSL2",-0.0637000821832061,1.78226904653053e-35,5.2348321209614e-35
"ERP44",-0.0638025195782441,1.38694301819053e-35,4.07582521322622e-35
"FAM219B",-0.0638080896448911,1.36814256484333e-35,4.02268332744815e-35
"YY1",-0.0638138594120899,1.34893505337949e-35,3.96828822729887e-35
"ARF3",-0.0638336211626561,1.28515632500146e-35,3.78264794504627e-35
"NCOA6",-0.0638533468441431,1.2244831173571e-35,3.60595815662641e-35
"GOLPH3",-0.0638609008780347,1.20200934011461e-35,3.5416346628377e-35
"SCFD1",-0.0638926964413663,1.1118227200869e-35,3.27935092517746e-35
"VPS26B",-0.063899667202506,1.09296748680136e-35,3.22543272012395e-35
"AL121839.2",-0.0639039492543872,1.08154284727128e-35,3.19339756483783e-35
"CHMP1A",-0.0639164546981307,1.04885282710746e-35,3.09850677202362e-35
"HSPA1A",-0.0639174976655301,1.04617121942296e-35,3.09221314065479e-35
"TASOR",-0.0639268278057425,1.02248324294726e-35,3.02379071846818e-35
"DENND10",-0.0639319741068194,1.00964633002128e-35,2.98740290686675e-35
"KAT6A",-0.0639752700080691,9.07800157401644e-36,2.68747170608086e-35
"ZNF644",-0.0640154707031607,8.2240299658893e-36,2.43723233537449e-35
"PSMA6",-0.0640308345575136,7.91917600563541e-36,2.34812776911283e-35
"SIT1",-0.0640604521871738,7.36283109035774e-36,2.18431953553183e-35
"FAM89B",-0.0640710957180815,7.17253572112639e-36,2.12899076166768e-35
"KPNA4",-0.0640796840651988,7.02255418570843e-36,2.08557591221939e-35
"PDLIM2",-0.0641430290382988,6.00849892319135e-36,1.78536435164743e-35
"RANBP9",-0.0643279771201131,3.80746751589184e-36,1.1331508097694e-35
"MCL1",-0.0643722077697337,3.41325666976393e-36,1.01690758987656e-35
"PCNX2",-0.0643796749153221,3.35082835719538e-36,9.98838846114031e-36
"HM13",-0.0643957601639022,3.22017764759766e-36,9.60403859809829e-36
"RSF1",-0.0644059439894789,3.14009082777225e-36,9.37016465095869e-36
"PSMA3",-0.0644206546394146,3.02788692923991e-36,9.04015203461197e-36
"GMFB",-0.0645051816476106,2.45622928820813e-36,7.337298352954e-36
"RAC1",-0.064545629132167,2.22199899522088e-36,6.64113711411248e-36
"DYNC1LI1",-0.0645464252751228,2.21761865193305e-36,6.63157816489575e-36
"RAP1A",-0.0645621770605441,2.13269622080907e-36,6.38102709266074e-36
"ASXL2",-0.0645706448917478,2.08838757526049e-36,6.25178991313307e-36
"ALYREF",-0.0645925458727526,1.97798629213793e-36,5.92761917675951e-36
"MSL2",-0.0646180737628635,1.85660338943272e-36,5.56683325212056e-36
"CHD8",-0.0646555622645198,1.69164345141893e-36,5.0749303542568e-36
"LATS1",-0.0646653482428829,1.65103509219503e-36,4.95575541316968e-36
"CMTM6",-0.0646749556675378,1.61211035950118e-36,4.84150916317004e-36
"CLASP1",-0.0646761835085922,1.60720191391666e-36,4.82935336747319e-36
"DTX3L",-0.0646787206358833,1.59710643849457e-36,4.80159009643867e-36
"CTR9",-0.0647587969007292,1.3089032486845e-36,3.93934936969958e-36
"IRF3",-0.0647685465430551,1.27754875002826e-36,3.84704696063259e-36
"TULP4",-0.0647774747614592,1.24949121680391e-36,3.76457880035981e-36
"STXBP3",-0.0648156730205794,1.13620433409302e-36,3.42509742840506e-36
"MED10",-0.064914081199799,8.8921255716606e-37,2.68631257172945e-36
"COPB1",-0.0649282840326621,8.58279425532296e-37,2.59426054807984e-36
"PIN1",-0.0649400032023233,8.33562682742406e-37,2.52090924538269e-36
"NPIPB5",-0.0650217272573844,6.79794408080293e-37,2.05920444348296e-36
"PARP12",-0.0651197497871119,5.32118799288615e-37,1.61274255213892e-36
"SEC14L1",-0.0651198816341184,5.31943395749067e-37,1.61274255213892e-36
"PANK2",-0.0651344558806615,5.12904530651446e-37,1.55618951701169e-36
"OAS2",-0.0651746052872893,4.63887391794189e-37,1.40899202380368e-36
"RBM25",-0.0651912464954797,4.44962452606307e-37,1.35224233971906e-36
"LMO4",-0.0651928618702353,4.43166769299737e-37,1.34751521722034e-36
"TOR1AIP1",-0.0652070823983476,4.27666532588949e-37,1.30108961378742e-36
"MAN2A1",-0.0652180679433117,4.16062358477446e-37,1.26647304995034e-36
"STK17A",-0.0652646331850061,3.70250973596567e-37,1.12763733000909e-36
"WDR11",-0.0652684218780951,3.66752082187066e-37,1.11758782241686e-36
"RNF139",-0.0652779164885999,3.58127431034984e-37,1.09189939570992e-36
"FLI1",-0.0652824719667085,3.54061219900834e-37,1.08008887636959e-36
"PHKB",-0.065324356139356,3.18761505491243e-37,9.72933648425392e-37
"TMEM9B",-0.0653305928853528,3.13813386449162e-37,9.58352258018398e-37
"BAX",-0.0653855041173328,2.73415071709787e-37,8.35434941335461e-37
"RNASEK",-0.0654264620845646,2.46688435221718e-37,7.54180992694191e-37
"TSC22D3",-0.0654406130565039,2.3807158646066e-37,7.28234242117941e-37
"ATG16L2",-0.0655688094607812,1.72453043115087e-37,5.28090377661375e-37
"SKA2",-0.0655813158504534,1.67107041522828e-37,5.11999182382887e-37
"TENT2",-0.0656093307642439,1.55722070001455e-37,4.77377493283149e-37
"RNF38",-0.0656134511856419,1.54113923034875e-37,4.72705909363393e-37
"RIPK1",-0.0656169652043715,1.52755496469109e-37,4.68795588179267e-37
"ACAP2",-0.0656232100495499,1.50370708849252e-37,4.61729434397538e-37
"MYADM",-0.0656566821904147,1.38205191802933e-37,4.24606312165638e-37
"JMY",-0.0657172364776335,1.18629800376081e-37,3.64664756224556e-37
"TXLNA",-0.0657269222874855,1.15765301206967e-37,3.56249774970424e-37
"TSHZ1",-0.0657286003591923,1.15276060168471e-37,3.54938911934753e-37
"GOLGA7",-0.0657832203144673,1.00426047242893e-37,3.09385021983871e-37
"SELPLG",-0.0657922185061832,9.81690907594487e-38,3.02598131406872e-37
"ACLY",-0.065832865454001,8.85861146481868e-38,2.7320951246637e-37
"SND1",-0.0659342039531987,6.85534506596981e-38,2.11542826293128e-37
"GNL1",-0.0659346773649059,6.84713360122387e-38,2.11405720984402e-37
"GPR171",-0.0660088393110863,5.67441930061242e-38,1.75294560993589e-37
"ANKIB1",-0.0660222734365124,5.48444177697403e-38,1.69519109470106e-37
"LAP3",-0.0660250371156581,5.44615069982204e-38,1.68428365082699e-37
"LST1",-0.0660327963596056,5.34006011443883e-38,1.65238484511869e-37
"SS18L2",-0.0660339782630314,5.32408148861686e-38,1.6483497324029e-37
"DGLUCY",-0.0660442527553093,5.18716385123764e-38,1.60684644977599e-37
"PSPC1",-0.066044872309476,5.17902049840006e-38,1.60521022077483e-37
"MTMR9",-0.0660594415661853,4.99114466830751e-38,1.54783425037065e-37
"CCDC88B",-0.0660659133171543,4.90987734530696e-38,1.52347410990996e-37
"CDC25B",-0.0660730399661664,4.82190736768352e-38,1.49700610584972e-37
"CDC42SE1",-0.0660953001947064,4.55709660468521e-38,1.41557652006002e-37
"UBR5",-0.0661166249233675,4.31698754185077e-38,1.34173407810431e-37
"PDXDC1",-0.0661292801675759,4.18048469309484e-38,1.3000287765112e-37
"TERF1",-0.0661465093448962,4.00151827984882e-38,1.24506475595962e-37
"IFI35",-0.0661547780884647,3.91835305091612e-38,1.21986462905879e-37
"PRPF38B",-0.0661614366659786,3.85263325487429e-38,1.20007065851442e-37
"HIST1H1C",-0.0661666060515655,3.80236826109921e-38,1.18507144137592e-37
"IVNS1ABP",-0.0661983973530007,3.50726345160574e-38,1.09370472281869e-37
"SARNP",-0.0662311341693466,3.22716776647447e-38,1.00747975347367e-37
"LINC02591",-0.0662454622013544,3.11168355905078e-38,9.71967971396152e-38
"ATG5",-0.0662550722909645,3.03653735191001e-38,9.49023651488308e-38
"PJA2",-0.0663005180162404,2.70490127497257e-38,8.45847054213831e-38
"KIF22",-0.0665076839761146,1.59497458811322e-38,4.99041128796162e-38
"PDS5B",-0.0665312601737309,1.5017660893698e-38,4.70139942040433e-38
"RB1",-0.0665470725789182,1.44230625652894e-38,4.51777671643068e-38
"SMARCD1",-0.0665556296438883,1.4111110078398e-38,4.42253226479401e-38
"SIGIRR",-0.0665973130580414,1.26848426858412e-38,3.97775111613018e-38
"UBL3",-0.0666201864047044,1.19640790400705e-38,3.75593080105178e-38
"IFI6",-0.0666645808375138,1.06793493571471e-38,3.35448767601316e-38
"SECISBP2L",-0.0667084405835108,9.54492036093221e-39,3.00151363367879e-38
"TRIM33",-0.066723019661696,9.1950297820604e-39,2.89310808061463e-38
"ANKLE2",-0.0667264431900069,9.11473329755906e-39,2.86945307515748e-38
"NRBP1",-0.0667882291403278,7.77973087039482e-39,2.45054970145508e-38
"DNAJC5",-0.0668154729110529,7.25465821765264e-39,2.28772527268304e-38
"ELP3",-0.0668155787857147,7.25268801115048e-39,2.28772527268304e-38
"CYTH4",-0.0668672024502642,6.35272366641412e-39,2.00555879395516e-38
"PPM1G",-0.0669298797980848,5.40805456504729e-39,1.70924992168537e-38
"EXOC2",-0.0669335165698298,5.35774581263355e-39,1.69430405912481e-38
"USP47",-0.0670056727828941,4.45044968351658e-39,1.40897419438646e-38
"ITPR2",-0.0670136531034215,4.36000312879039e-39,1.38111900352987e-38
"PPP2CA",-0.0670214885288187,4.27297723951496e-39,1.35431651489711e-38
"SMC3",-0.0671249643107018,3.27339808209516e-39,1.03867439143404e-38
"STXBP2",-0.0671292118477271,3.23775803538793e-39,1.02794694841688e-38
"PFKP",-0.0671793280885741,2.84527772967729e-39,9.03850966222515e-39
"HTT",-0.0671847742500683,2.80558598710979e-39,8.91747160775407e-39
"STK24",-0.0672324728902981,2.480663937559e-39,7.88918633203287e-39
"USP8",-0.0673011059126551,2.07770935938162e-39,6.61142910160571e-39
"SLC25A42",-0.067301889478129,2.0735067193708e-39,6.60180062183324e-39
"INPP5K",-0.0673757066955309,1.71324293237664e-39,5.46096184695053e-39
"TMED2",-0.067406186055733,1.58331894329186e-39,5.04969827849193e-39
"SRI",-0.0674522740889224,1.40523380731768e-39,4.48427853188408e-39
"PRRC2C",-0.0675654662281935,1.04792256652323e-39,3.34976957162127e-39
"XIST",-0.0676321534150943,8.81373939675163e-40,2.82059771909736e-39
"UBXN4",-0.0676689452022668,8.0104565900613e-40,2.56499209305045e-39
"IMPAD1",-0.0676780786331362,7.82259461493776e-40,2.50626817760142e-39
"DHX8",-0.0677250516119628,6.92345907264694e-40,2.21946316557425e-39
"COG3",-0.0678149080598729,5.48001905193357e-40,1.75774196005416e-39
"BUB3",-0.0679080415780794,4.29928245960566e-40,1.38059385222597e-39
"RAP1GDS1",-0.0679149997588535,4.22198406287587e-40,1.35654814391372e-39
"TCHP",-0.0679988189348477,3.39263463029796e-40,1.09069801008433e-39
"SPG11",-0.0680866022410693,2.69736849143989e-40,8.6817195851852e-40
"CNN2",-0.0681004489695866,2.60146750585114e-40,8.37786033744252e-40
"ADRM1",-0.0681573103947875,2.24193621806257e-40,7.22415978364791e-40
"CSNK1E",-0.068166288321198,2.18987496269084e-40,7.06451899982495e-40
"ARCN1",-0.0682567696006301,1.72785457197224e-40,5.57725209940406e-40
"SUPT4H1",-0.0682760333940536,1.64277930303326e-40,5.30569481290533e-40
"REXO1",-0.0682903975957192,1.5820654282911e-40,5.11255014557204e-40
"PNKP",-0.0683208216239694,1.46074002718221e-40,4.72319974207043e-40
"SRP19",-0.0683906990213764,1.21598321884757e-40,3.93860615342661e-40
"ARID4A",-0.068394887310458,1.2026831928747e-40,3.89777741884868e-40
"ZNF350",-0.0683985829165704,1.19106789126489e-40,3.86236466473758e-40
"C6orf89",-0.0684445223786172,1.05566226205201e-40,3.42525465015142e-40
"EPC1",-0.0684794799767423,9.62983729254618e-41,3.12635342657315e-40
"DNAJC8",-0.0684819743743742,9.56688773394018e-41,3.10771512376401e-40
"ADIPOR2",-0.0685211601654917,8.63002588990648e-41,2.8050084149696e-40
"SRSF2",-0.0686231050522254,6.59856341046082e-41,2.1472123394829e-40
"KIAA2013",-0.0686396526628578,6.31702663328094e-41,2.0567916083985e-40
"UBR4",-0.0686706854460986,5.8208612353517e-41,1.89744517898449e-40
"USP34",-0.0686886647909868,5.55133784821615e-41,1.8106398446798e-40
"PHF11",-0.0687443233814197,4.7931875981199e-41,1.56517941940935e-40
"DPP9",-0.0687599840575083,4.59908284028779e-41,1.50267063098512e-40
"ELOA",-0.068791146865275,4.2357902597876e-41,1.38477758493056e-40
"SCAF8",-0.0688776545513292,3.3701147157729e-41,1.10241070294379e-40
"CCDC93",-0.0689811601319573,2.56260526424979e-41,8.39242004228916e-41
"HNRNPL",-0.0689836864526672,2.54551631707938e-41,8.3413239128594e-41
"C1orf174",-0.069056734768147,2.09752991113371e-41,6.87734821827007e-41
"DHX36",-0.0690583884021389,2.08835365994598e-41,6.85126551596312e-41
"WDR1",-0.0690625500386379,2.065436436381e-41,6.78004587951867e-41
"SMNDC1",-0.0691760679097024,1.52820750111366e-41,5.01946374780306e-41
"MDFIC",-0.0691835200501786,1.49825666124392e-41,4.92397180408811e-41
"LBR",-0.0691948336979329,1.45389839322536e-41,4.78099061312678e-41
"SMIM29",-0.0692046837720882,1.41634362992312e-41,4.66022742748898e-41
"SLC38A1",-0.0693499773477545,9.62354686559658e-42,3.17017603734567e-41
"RALBP1",-0.0693525878666837,9.55688702717159e-42,3.15006675807477e-41
"KIAA2026",-0.0693668481202109,9.20077449573968e-42,3.03447060088769e-41
"EIF5",-0.0693750369270054,9.0022786804301e-42,2.97075196454193e-41
"COQ10B",-0.0694083097392762,8.23862133440834e-42,2.72034524343913e-41
"ACSL4",-0.0694341861872959,7.68956474806853e-42,2.54054524361982e-41
"OXSR1",-0.0694478512530413,7.41445995544984e-42,2.45109725103557e-41
"AL627171.2",-0.0694508595038319,7.35522517123254e-42,2.43294889213529e-41
"TOX4",-0.0694517731266431,7.33732858810453e-42,2.4284609663284e-41
"SLC66A3",-0.06953251236831,5.91540468549175e-42,1.96015477174299e-41
"COMMD4",-0.0695977441217047,4.96958757556331e-42,1.6486922707812e-41
"BRAF",-0.0695982987816387,4.96222758841118e-42,1.64722466100513e-41
"NDUFA6",-0.0696072423062534,4.84503846322145e-42,1.60927565297053e-41
"HNRNPUL2",-0.0696226766912049,4.64923658261655e-42,1.5451550490805e-41
"ATP6V0D1",-0.0696240049156041,4.63275906055035e-42,1.54059148368035e-41
"FAM120A",-0.0696449013672987,4.38103989833809e-42,1.45861328366034e-41
"POLR2B",-0.0696462358661225,4.36543471648596e-42,1.45428080519515e-41
"AGK",-0.0696471300990709,4.3550088049171e-42,1.45166960163903e-41
"PITPNM1",-0.069654351413688,4.27171761226959e-42,1.42475242597101e-41
"RELA",-0.0696621863240359,4.18314047345266e-42,1.39687012238508e-41
"GCH1",-0.0697055407675323,3.72502053231507e-42,1.24463163706299e-41
"DPP8",-0.0697311043580145,3.47865621836978e-42,1.16300723391266e-41
"NUP153",-0.069782195471375,3.03379683657963e-42,1.01488373602932e-41
"DCTN1",-0.0697852099593551,3.00939315477078e-42,1.00732073975322e-41
"USP25",-0.0697873814220944,2.99193523140226e-42,1.00207502377114e-41
"MRPL47",-0.0698038073350767,2.86309821914411e-42,9.59497073440768e-42
"STAT5B",-0.0699203572848791,2.09445052011448e-42,7.02323216846519e-42
"PPM1A",-0.069929720350997,2.04245962265761e-42,6.85298952339066e-42
"STUB1",-0.069982358947764,1.77318347532205e-42,5.95305762810097e-42
"USP24",-0.06998350932478,1.76771119846081e-42,5.93823941518872e-42
"RNF10",-0.0699839878231541,1.76543995924422e-42,5.93416307451174e-42
"DIP2A",-0.0699975928457879,1.70206296188439e-42,5.72456427828023e-42
"PRKAA1",-0.0700083539970757,1.65354096942877e-42,5.56470596190487e-42
"LAMP1",-0.0700196556366598,1.60406273866762e-42,5.40143575265626e-42
"ICAM3",-0.0700347877419956,1.54011339230746e-42,5.1892108893963e-42
"TAOK1",-0.070046995357147,1.49037644052549e-42,5.024646533262e-42
"PPP1R15B",-0.0700672895956394,1.41120387161761e-42,4.76058552000891e-42
"LRRFIP2",-0.0700795615134848,1.36537293297449e-42,4.60874979180918e-42
"TMEM59",-0.0701611479633371,1.09613017488029e-42,3.70216151780761e-42
"PHPT1",-0.070170989895048,1.06745028297959e-42,3.60746752259968e-42
"CDKN1B",-0.0702074920268561,9.67449334273157e-43,3.27148328226185e-42
"POLR2A",-0.0702104922156029,9.59657012058897e-43,3.24709037252739e-42
"SLC3A2",-0.0702424565395395,8.80415132499984e-43,2.98076577750447e-42
"ZSWIM8",-0.0702552044000313,8.50659339721198e-43,2.88176261825841e-42
"RBM6",-0.0702560636068547,8.48690168306594e-43,2.87682890888217e-42
"ZFAND2A",-0.0702903279792179,7.73750090214066e-43,2.62438815362812e-42
"EED",-0.0703707446855442,6.22726732512981e-43,2.11342829364659e-42
"PHIP",-0.0704053518516547,5.67128072421764e-43,1.9259010207543e-42
"UBE2E3",-0.0704433989093961,5.11687194408786e-43,1.73868271389055e-42
"CIAO2B",-0.0705633427990454,3.69830745096939e-43,1.25742453332959e-42
"KMT2D",-0.0706883736566226,2.63491219563516e-43,8.97501968276457e-43
"ZNF207",-0.0707281503767318,2.36521309407171e-43,8.06126698526263e-43
"TRIM38",-0.0707609305525454,2.16373140113007e-43,7.3790475138843e-43
"SMARCE1",-0.0708296512876424,1.79507839104237e-43,6.1292694910211e-43
"CD6",-0.0708318475390818,1.78438926738528e-43,6.09648221073777e-43
"PLSCR1",-0.0708643659817695,1.63333499105554e-43,5.5837960388919e-43
"TMEM170A",-0.0708662917293846,1.62479962342507e-43,5.55800358988696e-43
"NDUFA1",-0.0708680302315753,1.61713228944221e-43,5.53515078936597e-43
"NSF",-0.0709636807231368,1.2463634446142e-43,4.27389909797412e-43
"WAS",-0.0709710229365625,1.22167779832548e-43,4.19181189517184e-43
"ANO6",-0.0710395547614328,1.01349079812039e-43,3.47961039011959e-43
"ZBTB8OS",-0.0710401500152615,1.01184671977486e-43,3.47609314019411e-43
"DTD1",-0.0710475936954914,9.9151010461655e-44,3.40831598461939e-43
"SMARCC2",-0.0711459222762531,7.58111425999136e-44,2.60920558273322e-43
"ESCO1",-0.0712088490793892,6.38339255302157e-44,2.19833224201664e-43
"MPRIP",-0.0712235077694387,6.13260717059648e-44,2.1132632817596e-43
"SMAD5",-0.071230985760997,6.00847216307123e-44,2.07175960877871e-43
"ISCA1",-0.0712844501471217,5.19087936430827e-44,1.79205127592427e-43
"ZNF652",-0.0713442195901119,4.40727454378777e-44,1.52340173694697e-43
"DNTTIP2",-0.0714107959682582,3.67227439930153e-44,1.27169502346183e-43
"HSH2D",-0.0714160734194818,3.61952079072377e-44,1.25420084224585e-43
"NFATC3",-0.0714162476403832,3.61779218780538e-44,1.25420084224585e-43
"DYNC1LI2",-0.0715425120480657,2.55833384768047e-44,8.87585212460571e-44
"NRDC",-0.0715509500225705,2.49971825206028e-44,8.67785853592707e-44
"BCR",-0.0715545826519422,2.47489693979627e-44,8.59701042245019e-44
"PARP1",-0.0715738347652695,2.34738610645602e-44,8.15913014697537e-44
"BICRAL",-0.0715976973413844,2.19837575332542e-44,7.64593178930911e-44
"PRKAR2A",-0.0716241940194714,2.0439209892722e-44,7.11314934852173e-44
"XBP1",-0.0716381575460833,1.96691922759635e-44,6.84942077393887e-44
"CAMK2D",-0.0716542338993662,1.88183451548209e-44,6.55719977133823e-44
"BRD9",-0.0717694296340474,1.37037823964873e-44,4.77801238311335e-44
"GPR108",-0.0717707848787018,1.36527033403333e-44,4.76316329224314e-44
"THAP12",-0.0718459876956592,1.10962591202298e-44,3.87367851054693e-44
"TRIP12",-0.0718915360876823,9.78576041731889e-45,3.42257580680542e-44
"LMAN2",-0.0718920304959064,9.77241551807294e-45,3.42004061487144e-44
"JARID2",-0.0718934465892376,9.73429292595119e-45,3.40882542537991e-44
"SMC6",-0.0720025257223945,7.20190584822641e-45,2.52359099366334e-44
"RICTOR",-0.0720238284772446,6.78997828199629e-45,2.38073613512495e-44
"LINC00623",-0.0720505801121417,6.30573802076527e-45,2.21233210109401e-44
"ZNF791",-0.072080796791924,5.79998804587419e-45,2.03616601610477e-44
"ACBD3",-0.0721523893578003,4.75707035259042e-45,1.67108106938211e-44
"EIF4G1",-0.072155628738931,4.71457241789881e-45,1.65718992884789e-44
"ATP2A2",-0.0722068465612657,4.09071717828285e-45,1.43880397305121e-44
"DMTF1",-0.0723303303224529,2.90403240466853e-45,1.02205908344984e-44
"CCDC92",-0.0724179233477565,2.27665681141142e-45,8.01760496674079e-45
"JADE2",-0.0724851265502955,1.88848065280752e-45,6.65475908432802e-45
"EFR3A",-0.0724878556532246,1.87419185696119e-45,6.60855833912778e-45
"ZNF292",-0.0725360239752177,1.63898734758972e-45,5.78284215092975e-45
"HNRNPC",-0.0725425905409863,1.60928596117957e-45,5.68162003915507e-45
"MYDGF",-0.0725503518464232,1.57487053477815e-45,5.563616939613e-45
"ZFP36L1",-0.0725588482831342,1.53803457207917e-45,5.43690860073355e-45
"TMBIM1",-0.0725601586582022,1.53243031258819e-45,5.42051327466568e-45
"MOB2",-0.0725659388543572,1.5079508754542e-45,5.3372898493994e-45
"SUPT5H",-0.072591510445226,1.40423915404616e-45,4.97334700391347e-45
"CRELD2",-0.0726725558799415,1.12018504313513e-45,3.97233760555504e-45
"SRRM1",-0.0726752493248917,1.11179815765014e-45,3.94509023682309e-45
"PYCARD",-0.0726875373272767,1.07432147034908e-45,3.81452117003694e-45
"TNFRSF1A",-0.0727296733153407,9.5510469356165e-46,3.39337386376242e-45
"ATR",-0.0727448771377951,9.15401152181191e-46,3.25437291745024e-45
"RC3H2",-0.0727574776618246,8.83743725146836e-46,3.14381883200618e-45
"USP16",-0.0727971241225437,7.91071564922999e-46,2.81593367970687e-45
"FAM91A1",-0.0729380624244297,5.33305680635656e-46,1.899584043407e-45
"TMEM30A",-0.0729504754008057,5.15084639669682e-46,1.83584804863209e-45
"UBE2J1",-0.0729550420097771,5.08538330517253e-46,1.81366817177482e-45
"BCL2L11",-0.0729947162785498,4.5503891967814e-46,1.62389843472924e-45
"PTPN1",-0.0730423042791697,3.98207474399163e-46,1.4219884986501e-45
"N4BP2L2",-0.0730493994572871,3.9036212981757e-46,1.39486085877488e-45
"BCL9L",-0.0730627423968719,3.76022710156271e-46,1.34447890629489e-45
"MRPL41",-0.0730648132768636,3.73844660044407e-46,1.33754371355174e-45
"AC016831.1",-0.0730856408413458,3.52625388268552e-46,1.26243039450324e-45
"ERBIN",-0.073099486111786,3.39187336166834e-46,1.2150963958467e-45
"TXNRD1",-0.0732263932141767,2.3747739629695e-46,8.52366086516884e-46
"HAUS3",-0.0732609334362921,2.15495991848414e-46,7.73964477765429e-46
"PSMA7",-0.0733260080501388,1.79436644853057e-46,6.4486840334763e-46
"SCAND1",-0.0733737212572483,1.56875685202743e-46,5.64149098709866e-46
"GET3",-0.0733999950964183,1.45681787969906e-46,5.24230167101458e-46
"SSNA1",-0.0734257047229312,1.35498391780097e-46,4.87898573739629e-46
"CD247",-0.0734343069304523,1.32251840593368e-46,4.76514338939495e-46
"JUNB",-0.0734710490138911,1.19234340290045e-46,4.2988730657272e-46
"POLG",-0.07348742016142,1.13852692627896e-46,4.10748299448551e-46
"HECA",-0.0735647794234538,9.15169740321795e-47,3.30379809730069e-46
"CD82",-0.0735754644239095,8.87961422138834e-47,3.20763913599411e-46
"FGL2",-0.0736500806982312,7.19129878341037e-47,2.59943209890027e-46
"S100A8",-0.0737167889435825,5.95454338117808e-47,2.15377101021335e-46
"TMEM160",-0.0737226156507685,5.85714728005381e-47,2.1199094349098e-46
"SRSF4",-0.0737262607920409,5.79702491729892e-47,2.09950353686552e-46
"ISG20L2",-0.0737277196750944,5.77313479524626e-47,2.09220195099041e-46
"AXIN1",-0.0737316827505762,5.70873041901119e-47,2.0701989431579e-46
"GBP3",-0.0737675513511811,5.15740372840084e-47,1.87147703210406e-46
"CUL3",-0.0738314431539839,4.30337069917712e-47,1.56460853029058e-46
"CENPC",-0.0738611516770351,3.95573847098439e-47,1.43914998847097e-46
"NSD1",-0.0738908935543697,3.63572100121519e-47,1.32358175320034e-46
"EMC3",-0.0739386626985878,3.17479749423216e-47,1.15728485657196e-46
"ELK3",-0.0739544388346726,3.03573518125914e-47,1.1080334656385e-46
"CD96",-0.0739854730359281,2.77962525821483e-47,1.01521469391831e-46
"TES",-0.0740230944959542,2.49782673849312e-47,9.12886514849927e-47
"SH3BP1",-0.0740741087661938,2.16059923963823e-47,7.90153959215805e-47
"TRAF5",-0.0740875058014896,2.07981875629718e-47,7.61107842324016e-47
"GALNT1",-0.0741041348013124,1.98371966352041e-47,7.26414315427514e-47
"NCBP3",-0.074116555325895,1.91483642364164e-47,7.01648095142364e-47
"CDC37",-0.0741717945343238,1.6362091428e-47,5.99943352359999e-47
"OTUB1",-0.0742271227592459,1.3976061644699e-47,5.12790750992554e-47
"ZFAND5",-0.0743162791978448,1.08385146503e-47,3.98192974382336e-47
"LCOR",-0.0743656362424888,9.41427441324158e-48,3.46094885047741e-47
"NDUFC2",-0.0743841194914394,8.93026966666155e-48,3.28516805442435e-47
"PNPLA8",-0.0744196352947796,8.06869122031997e-48,2.97016783110204e-47
"MIEN1",-0.0745046649352778,6.32744441601823e-48,2.3353265245962e-47
"C6orf62",-0.0745482598295956,5.58538451565765e-48,2.06280494620404e-47
"CAPN1",-0.0747026091924439,3.5891226771118e-48,1.3272892695186e-47
"MXI1",-0.0747051871531532,3.56268180262833e-48,1.31838027128924e-47
"QKI",-0.0747506007247557,3.12743918318073e-48,1.15808144010851e-47
"COMMD5",-0.0747855920584759,2.82855070949431e-48,1.04809573845859e-47
"CCDC82",-0.0748144712559808,2.60341777859164e-48,9.65312210039595e-48
"CHMP2A",-0.0748359523903595,2.44760929586436e-48,9.08140750648085e-48
"LMAN1",-0.0748522904521491,2.33535073159457e-48,8.67062713715788e-48
"RAB2A",-0.074994851792335,1.54969276885351e-48,5.75746783660147e-48
"CCNK",-0.0751010388676768,1.14120049169404e-48,4.24263403472735e-48
"GADD45B",-0.0751018494752891,1.13853614383585e-48,4.23553565445564e-48
"AC058791.1",-0.0751451779864851,1.00477850398522e-48,3.74041632870411e-48
"SLC35E1",-0.0751581215478806,9.67943905974453e-49,3.60568745851041e-48
"ATP11B",-0.0751617988868055,9.57726367366892e-49,3.5699966252015e-48
"PPP1R15A",-0.0751938335632399,8.73138975718728e-49,3.2568548229934e-48
"RUNX1",-0.0752301422253686,7.86224877201221e-49,2.93461181709837e-48
"TRIM26",-0.0753174685858075,6.10851997757272e-49,2.28154441239567e-48
"RECQL",-0.0753496726318691,5.56521282924493e-49,2.08000292951792e-48
"WAC",-0.0754076708874105,4.7052375187993e-49,1.75975883203094e-48
"SZRD1",-0.075418733585857,4.55690565787848e-49,1.70541966248821e-48
"FAM78A",-0.0754272456083676,4.44595072761534e-49,1.66500557956756e-48
"USP7",-0.0754417082570742,4.26356117216187e-49,1.59776741321497e-48
"UGGT1",-0.0754674404688298,3.95727335121051e-49,1.48397750670394e-48
"PTK2B",-0.0755374665520548,3.23022445897625e-49,1.21295577074008e-48
"AC016831.5",-0.0756318662613077,2.45613959989706e-49,9.23521659210625e-49
"TENT4B",-0.0757318054383692,1.83708482906804e-49,6.91217028240893e-49
"CASP3",-0.0757497554162181,1.74364690638878e-49,6.56500613747723e-49
"LINC00342",-0.0757760008509973,1.61547815619264e-49,6.08652280472848e-49
"TGOLN2",-0.0757920238967053,1.54188697847917e-49,5.81316260031459e-49
"MGAT2",-0.0758431549253939,1.32864462287208e-49,5.01257319052612e-49
"DERL2",-0.0758508841388733,1.29907186191534e-49,4.90430225124161e-49
"ZNF92",-0.0758584991370559,1.27057702134221e-49,4.79995763618169e-49
"NDUFB7",-0.0758657377847919,1.24406755178433e-49,4.70297773956207e-49
"GPATCH8",-0.075896385505716,1.13779567112521e-49,4.30413601821474e-49
"PLCB2",-0.07591838091755,1.06714392342089e-49,4.03959339432605e-49
"BORCS5",-0.0759228590956049,1.05330375127136e-49,3.98989469590297e-49
"UBL5",-0.0759283727369836,1.03650860259766e-49,3.92892787876544e-49
"KAT6B",-0.0759889657785953,8.68607726162366e-50,3.29471896130552e-49
"HCG18",-0.076008364249106,8.20804914427606e-50,3.11761379142781e-49
"NCOR1",-0.0760760648526087,6.73586650432159e-50,2.56017690306532e-49
"ANKHD1",-0.0761192040908569,5.93815590257233e-50,2.26004441068051e-49
"NDUFA13",-0.0761219165061201,5.89126576619049e-50,2.24372036309088e-49
"BAZ1B",-0.0761567025688241,5.3216011996991e-50,2.02813741374402e-49
"PGAM1",-0.076335377037094,3.15404977178079e-50,1.20287010331001e-49
"MT-ND3",-0.0763698506113076,2.85086095609679e-50,1.08798163018388e-49
"DHX38",-0.0763702049394212,2.84790038750058e-50,1.08759163879362e-49
"LIME1",-0.0763797249639226,2.76949211741298e-50,1.05836858165441e-49
"BAZ2A",-0.0764181530626967,2.47424595138177e-50,9.46184034577488e-50
"RBM33",-0.0764269365260353,2.41128918739479e-50,9.23367395309539e-50
"BTG2",-0.0764798208570295,2.06455612445976e-50,7.91131137856506e-50
"USB1",-0.0764949565039485,1.97479282927334e-50,7.57769341465353e-50
"GBP2",-0.0765232011925583,1.81754795024493e-50,6.98386575402334e-50
"RER1",-0.0765494561951283,1.68258403900794e-50,6.47414023239681e-50
"TMEM120B",-0.0765667607742092,1.59913351000525e-50,6.15726766721308e-50
"PCM1",-0.0766826900363136,1.1369816431805e-50,4.38081525978201e-50
"CMC2",-0.0767393527095953,9.62209484889642e-51,3.7099623438013e-50
"RSRP1",-0.076762346958553,8.99165622777383e-51,3.46927038774493e-50
"PPP1CB",-0.0767645754664829,8.93278735617933e-51,3.44892891040372e-50
"SHFL",-0.0767986184335591,8.07976045379201e-51,3.12172562987419e-50
"TBC1D2B",-0.076815277058906,7.69239838303646e-51,2.97411129764538e-50
"SRRT",-0.0768352490968149,7.25228801425165e-51,2.80588522482426e-50
"TRPC4AP",-0.0768510862168042,6.92119254811734e-51,2.67963355382597e-50
"TPP1",-0.0769216502909577,5.61962365819004e-51,2.17721607199214e-50
"CSK",-0.0770473789008391,3.87523377825012e-51,1.50242304740727e-50
"PIGT",-0.0771143812908343,3.17813823232354e-51,1.23386543137267e-50
"SERINC1",-0.0771508284602923,2.8529352320208e-51,1.10914529810372e-50
"CUL4A",-0.0772480584303195,2.13854929135817e-51,8.32564991292113e-51
"UNC13D",-0.0772596190125251,2.06645424615576e-51,8.05056133398181e-51
"TMEM87A",-0.0773331617693763,1.6612250468318e-51,6.47635337924003e-51
"ADAM10",-0.0773411481713349,1.62228993456132e-51,6.32896142760016e-51
"DENND4A",-0.0773907534977829,1.40000307614223e-51,5.46556524506466e-51
"ATAD2",-0.0773938925124291,1.38700405503741e-51,5.41858826515311e-51
"PRR13",-0.0774122010005045,1.31354585209378e-51,5.13518622316802e-51
"ATG12",-0.0775327262808077,9.17765812434992e-52,3.59292826780203e-51
"GFPT1",-0.0776884775147598,5.76963139681241e-52,2.26188903816336e-51
"STX8",-0.077712306377858,5.37367416523006e-52,2.10813371097487e-51
"ASCC3",-0.0777619172649615,4.63400515839456e-52,1.81922805728436e-51
"PPP1R10",-0.0779241406392895,2.85341507150449e-52,1.12098449237676e-51
"IFRD1",-0.0779591958121014,2.56921187698635e-52,1.01004054869611e-51
"ZCCHC8",-0.0780046285050943,2.24241242366422e-52,8.82802364684652e-52
"SHOC2",-0.0780142941490931,2.17841706715818e-52,8.58210656373413e-52
"PRKAR1A",-0.0780740226648902,1.82138977589467e-52,7.18060199772953e-52
"PSMD8",-0.0781579564961971,1.41598943650846e-52,5.58628743938992e-52
"ZDHHC20",-0.0781967202930227,1.26043818245596e-52,4.97611414748624e-52
"FAM50A",-0.0782243752435787,1.15998111170147e-52,4.58274227932765e-52
"USP1",-0.0782286033284247,1.14534165280393e-52,4.52809490643415e-52
"CTDP1",-0.0782894155961572,9.54042356006686e-53,3.77711899590509e-52
"DDB1",-0.0783318743737991,8.39686336692463e-53,3.32672341020107e-52
"CBX4",-0.078372160844477,7.43833292990201e-53,2.94904931001769e-52
"SP3",-0.0783787976327435,7.29123096935906e-53,2.89277268303425e-52
"SLBP",-0.0784122630286759,6.59246684757677e-53,2.61924497272703e-52
"GPR183",-0.0784755610321373,5.44804151682204e-53,2.16608879584491e-52
"SUGP2",-0.0785218673825542,4.73826281795379e-53,1.88656170395463e-52
"CTSD",-0.0785791335299981,3.98657897696283e-53,1.58840256113363e-52
"GON4L",-0.0786053429993153,3.68338906250909e-53,1.46864340019019e-52
"COX6A1",-0.0787734484932796,2.21634847850475e-53,8.84332501025011e-53
"SYNRG",-0.0788144799999936,1.95757944844334e-53,7.81638484396237e-53
"TMOD3",-0.0788330792221128,1.85041550616229e-53,7.39375426607581e-53
"TMEM109",-0.0789332167477935,1.36625276008726e-53,5.46306342415504e-53
"NABP1",-0.0789673214738502,1.23204185541878e-53,4.92992497068426e-53
"BPTF",-0.0789845448297716,1.16933814702379e-53,4.68236046024516e-53
"RAB18",-0.0790435957169754,9.77518284357017e-54,3.91705541088776e-53
"FAR1",-0.0790957434129688,8.34368472835886e-54,3.34582354010673e-53
"TBCD",-0.079263508243832,5.0097716623888e-54,2.01035901473542e-53
"S100A9",-0.0793056312617036,4.40675397938664e-54,1.76964136180094e-53
"FAM13B",-0.0793319143849823,4.06770696612532e-54,1.63465874498303e-53
"OS9",-0.0793579447816186,3.75753843128045e-54,1.51109610032138e-53
"TIFA",-0.0795234809050909,2.26768406525956e-54,9.12604562848359e-54
"FMR1",-0.079542770379859,2.13794149377084e-54,8.6100874228675e-54
"C21orf91",-0.0796592071296007,1.49766485826505e-54,6.03584759688717e-54
"SRPRA",-0.0796600086880912,1.49399692940131e-54,6.02539379866381e-54
"SEC61G",-0.0796664571763072,1.4648123085872e-54,5.91194032458574e-54
"CD44",-0.0796818937756111,1.39723499799118e-54,5.64326014307453e-54
"ZNFX1",-0.0797612328803391,1.09591972119296e-54,4.4294738010753e-54
"SLA2",-0.0797642655299718,1.08578636419918e-54,4.39168096839033e-54
"GBP4",-0.0798116837928485,9.38952088512204e-55,3.80052035826368e-54
"RABL6",-0.0798791464561901,7.63490857752e-55,3.09255141659836e-54
"TRPV2",-0.0799002478194886,7.15628509548582e-55,2.90077741225979e-54
"GSPT1",-0.0799182664292787,6.7713161432424e-55,2.74870358636685e-54
"CNNM3",-0.0799401594421781,6.33122231746296e-55,2.57191580021486e-54
"EID1",-0.0799402818225794,6.32884407765352e-55,2.57191580021486e-54
"BOD1L1",-0.079964757206751,5.87065766380402e-55,2.39001375137449e-54
"AP3D1",-0.0799969373317175,5.31813866156879e-55,2.16664908434284e-54
"MGST3",-0.0801010868323708,3.86108254417056e-55,1.57532167802159e-54
"RHOF",-0.0802869177419471,2.17848029526366e-55,8.8946684544608e-55
"AP3B1",-0.0803090866493334,2.03452621367287e-55,8.31295852782577e-55
"SEL1L",-0.0803308303847353,1.90254249145117e-55,7.77934648472379e-55
"SLC9A9",-0.0804086157220661,1.49645824461493e-55,6.1233630578335e-55
"STARD7",-0.080496990358491,1.13887749551283e-55,4.66357864950875e-55
"FBXL5",-0.0805337034917381,1.01665624885768e-55,4.16918242404356e-55
"WDTC1",-0.0805986159712933,8.31661194982289e-56,3.4130353356625e-55
"SP4",-0.0806265796620191,7.62689538881665e-56,3.13227548545106e-55
"SNRPB",-0.080648816271535,7.11934673444866e-56,2.9259732732789e-55
"RPS27L",-0.0806791206449558,6.48139107426242e-56,2.66573342570471e-55
"INPP4A",-0.080713897000661,5.81916497597606e-56,2.39512219480746e-55
"DAZAP2",-0.08073009149054,5.53422264453587e-56,2.27951461349826e-55
"CYB561D2",-0.0807537601441034,5.14258598133017e-56,2.11975807165777e-55
"MANF",-0.0807976152093806,4.4884481545516e-56,1.85284725143741e-55
"CDK11A",-0.0808039962662808,4.40044312605785e-56,1.81785610730372e-55
"RAB22A",-0.080819308592353,4.19620874691907e-56,1.73476279073073e-55
"CTNNB1",-0.0808429682223007,3.89904979466798e-56,1.61310245929848e-55
"SMARCA5",-0.0808509710127052,3.80335762360448e-56,1.57467426335211e-55
"HIPK3",-0.0810139975157056,2.29136939401541e-56,9.49378308746414e-56
"ATP5IF1",-0.0810178049258454,2.26438411219504e-56,9.38890973349164e-56
"MIA2",-0.0811509342731698,1.49588296162183e-56,6.20702915288349e-56
"ARPC1B",-0.0811886259215518,1.3300472767634e-56,5.52299424325884e-56
"PSMB3",-0.0811894555912401,1.32661078786812e-56,5.51280482958532e-56
"NUB1",-0.0811935824675097,1.30964823688653e-56,5.44635034020269e-56
"YPEL3",-0.0812133971992945,1.23116537475862e-56,5.12376687863195e-56
"CDS2",-0.0812209650400741,1.20244249075608e-56,5.00794534011998e-56
"USP9X",-0.0812323047495111,1.1606485292863e-56,4.83747269635673e-56
"DDIT4",-0.0812945824721472,9.55620365195075e-57,3.98589609572072e-56
"NIPBL",-0.0813712205092331,7.52169767443182e-57,3.13963719892578e-56
"UHMK1",-0.08140324888828,6.80512332979402e-57,2.84264645421776e-56
"B4GALT4",-0.0814401062440021,6.06428070189666e-57,2.53695859341091e-56
"CD3G",-0.0814528253521772,5.82773687096135e-57,2.43982118254427e-56
"UBR1",-0.0815033297056493,4.97578028075589e-57,2.08469957991341e-56
"RNF126",-0.0815307369231286,4.56662209718972e-57,1.91470478066026e-56
"RAD21",-0.0815785848395144,3.93101898795181e-57,1.64944027841508e-56
"ARID5B",-0.0816480063397284,3.16227252967888e-57,1.32787042601037e-56
"UBA6",-0.0816549055786925,3.09458709855967e-57,1.3004219942262e-56
"KIDINS220",-0.0817108118868479,2.59675105020212e-57,1.0920369858796e-56
"GIT2",-0.0817703673560832,2.15391349870546e-57,9.06485726011825e-57
"SRSF3",-0.0817817679608428,2.07815098417494e-57,8.75257283875482e-57
"CASC4",-0.0818173616779472,1.85827908326659e-57,7.83241597079306e-57
"RNF7",-0.0818620306104095,1.61484910975572e-57,6.81150639528542e-57
"COX17",-0.0819400786135807,1.26329790313958e-57,5.33265706291423e-57
"PSMB2",-0.0819827828787278,1.10438778873651e-57,4.66537311356314e-57
"PARP9",-0.0820646687622659,8.53264586982465e-58,3.61541868049216e-57
"TP53BP2",-0.0820895487286496,7.88896769222476e-58,3.34520852255336e-57
"CDC73",-0.0821678925254667,6.16155932939698e-58,2.61866271499372e-57
"ST3GAL5",-0.0822322865816832,5.02799526133981e-58,2.13851807552057e-57
"GPS2",-0.0823111630197397,3.91873891970498e-58,1.66925780862148e-57
"TAGLN2",-0.0824797623903469,2.29833664828442e-58,9.80507117633125e-58
"ELOB",-0.0825032053201828,2.1338041262587e-58,9.11007697740586e-58
"AP1G1",-0.0825064418713374,2.11203012234437e-58,9.02398247246908e-58
"HUWE1",-0.0826441507111809,1.36461302768277e-58,5.83941959214365e-58
"SEPTIN2",-0.0826628986812046,1.28576032803028e-58,5.51040140584407e-58
"HOTAIRM1",-0.0827181005065009,1.07898175698379e-58,4.63128359348053e-58
"WIPF2",-0.0827244560906871,1.05741110100785e-58,4.54217172791276e-58
"DDX3X",-0.0827409915886093,1.00328177613666e-58,4.31295843994381e-58
"RHOG",-0.0829784450366553,4.71197409699258e-59,2.02716063528592e-58
"PPP6R1",-0.0829793833823836,4.69790238249221e-59,2.02265789453425e-58
"RASAL3",-0.0830413267903605,3.85590271861103e-59,1.66269133369776e-58
"CISD3",-0.0830639129744657,3.58784086803821e-59,1.54829132843803e-58
"UHRF2",-0.0830836494410112,3.36884876665037e-59,1.45490697312614e-58
"UBN1",-0.083221834768422,2.16668141769746e-59,9.36447053411616e-59
"NDUFB10",-0.083295670914968,1.71096210675102e-59,7.417695068681e-59
"SPATA13",-0.0833916932680227,1.25815246119209e-59,5.45880534206311e-59
"SRPK2",-0.0834037975369857,1.21029936337225e-59,5.25524723569531e-59
"PIM3",-0.083426194969871,1.12648430054959e-59,4.89510218906522e-59
"GCLM",-0.083436475833234,1.08997302867983e-59,4.74011526425878e-59
"AGTRAP",-0.0834668565295335,9.88826482048533e-60,4.30358150837259e-59
"KRTCAP2",-0.0836533130595006,5.434979689528e-60,2.3690937108199e-59
"S100PBP",-0.0836813291363937,4.96698437720356e-60,2.16677934339906e-59
"RBM8A",-0.0837562795789535,3.9031152859517e-60,1.70400597308864e-59
"ATP6V0B",-0.0837747366312302,3.67805649979963e-60,1.60700132117414e-59
"MYD88",-0.0840380389110855,1.5741317042542e-60,6.88299209732351e-60
"MAP2K3",-0.0841668333111344,1.03831035806968e-60,4.54716714189765e-60
"RTF1",-0.0841755077114624,1.00959212323865e-60,4.4248529776319e-60
"EWSR1",-0.0842702484938154,7.43056188763946e-61,3.25922221967611e-60
"ABI1",-0.084320444687801,6.31579079501699e-61,2.77459564291662e-60
"ISG15",-0.0844136268727331,4.6694722698036e-61,2.05295763586193e-60
"RNF4",-0.0844645081730029,3.95901828469785e-61,1.74196804526705e-60
"SAP30BP",-0.0844671791022518,3.92485455976084e-61,1.72829152906266e-60
"NFAT5",-0.0845524806703246,2.97544169348065e-61,1.31125120977427e-60
"MTRNR2L12",-0.084591941877528,2.61740667632078e-61,1.15437511432072e-60
"TMC6",-0.0846288148439368,2.32177086628434e-61,1.02479422186115e-60
"RFTN1",-0.0847042857202388,1.81639123451607e-61,8.02358647687806e-61
"BCAP29",-0.08471097903669,1.77725528917221e-61,7.85689690485115e-61
"FAM214A",-0.0848185217741565,1.25215402140861e-61,5.53989279187878e-61
"SESN1",-0.0848328880525941,1.19488348978328e-61,5.29486285757045e-61
"HECTD1",-0.0848553997790541,1.11034608819638e-61,4.92414352156657e-61
"TM9SF2",-0.0848984892306116,9.64801485007485e-62,4.2820698820348e-61
"ANKRD13D",-0.0849960667696722,7.01681167617199e-62,3.11673107706452e-61
"TRPS1",-0.0850214584520603,6.45840921816474e-62,2.87097271900984e-61
"KTN1",-0.0850534904009762,5.81671286045954e-62,2.58776837011721e-61
"TM9SF3",-0.085066151233174,5.58096481041764e-62,2.48485814178119e-61
"VASP",-0.0850713423902048,5.48707857118799e-62,2.4449968851759e-61
"RAB1B",-0.0850857479521633,5.23470450421944e-62,2.33439525188164e-61
"TGIF1",-0.0853012389364355,2.58572097314777e-62,1.15492791873877e-61
"ITSN2",-0.0853177547221085,2.44947506059719e-62,1.0949446286813e-61
"CMTM3",-0.0853532620325491,2.18029995536373e-62,9.75397348452197e-62
"ARIH2",-0.0854123223868822,1.79629112345305e-62,8.04245267563575e-62
"RAB8A",-0.0857663360787777,5.60798245999148e-63,2.51284198087478e-62
"EHBP1L1",-0.0859137771632728,3.44844352520417e-63,1.5464243146599e-62
"MAP4K5",-0.0860183263983737,2.44147973118568e-63,1.09749209070126e-62
"IKZF2",-0.0860467304990158,2.2226817466061e-63,9.99939422490797e-63
"CHD1",-0.0860914934329169,1.91685731011906e-63,8.63047312180413e-63
"CALM2",-0.0861285184433865,1.69585942737861e-63,7.6415834438506e-63
"PPDPF",-0.0861728710685945,1.46430238341416e-63,6.60348582874069e-63
"DOCK8",-0.0861819031588145,1.42115890326531e-63,6.41408000588769e-63
"DOCK11",-0.0862096277929686,1.2964808220977e-63,5.85608487276012e-63
"USF2",-0.0862321461555059,1.20328431864207e-63,5.43950445413539e-63
"BUD31",-0.0862569023614861,1.10851333523231e-63,5.0151288795591e-63
"PRDM2",-0.0862675041493835,1.07023819352492e-63,4.84587269223147e-63
"KLHDC4",-0.0863010734778769,9.57519110672487e-64,4.33900017033332e-63
"MED13",-0.0863177601642139,9.05972401840119e-64,4.11205920252675e-63
"KIF5B",-0.0863548266583719,8.01150931197048e-64,3.63923621377768e-63
"TNIK",-0.0863672150365518,7.68885393221283e-64,3.4955000453577e-63
"ANKRD28",-0.0863728184857956,7.54719731650404e-64,3.43388296395683e-63
"SSR4",-0.0863898843485669,7.1315917557853e-64,3.24742124593795e-63
"OSTF1",-0.0864246263733009,6.35467247556489e-64,2.89599614849058e-63
"SHISA5",-0.0864453840984645,5.93135131577959e-64,2.70527486841655e-63
"HIVEP3",-0.0865068905074016,4.83502194723524e-64,2.20703605565416e-63
"TWF1",-0.0865180567594396,4.65884711626808e-64,2.12834953764364e-63
"CHCHD2",-0.0865190088826011,4.64412439195789e-64,2.12335271710544e-63
"CTDSP1",-0.086570711989611,3.91052678141281e-64,1.78940091710652e-63
"KBTBD2",-0.0865772034005961,3.82698995792312e-64,1.7540370640481e-63
"EBP",-0.0866380896700482,3.12508828887959e-64,1.43350329522604e-63
"RO60",-0.0866881727490981,2.64504866873447e-64,1.21429812042556e-63
"ADAM17",-0.0866932850025634,2.60038773133708e-64,1.19477274142514e-63
"TP53I13",-0.0867471439856444,2.17318730266165e-64,1.00012967743494e-63
"AP2B1",-0.0867526202284958,2.13387802034968e-64,9.82845295087168e-64
"CD69",-0.0868842540012488,1.3755008399547e-64,6.34585502643573e-64
"ANKRD39",-0.086890711980379,1.34616144732144e-64,6.21560964565704e-64
"CHD4",-0.0870118083405216,8.98223029760379e-65,4.1507670485632e-64
"DENND4C",-0.0870148390936902,8.89167016009268e-65,4.1123058201253e-64
"PHTF2",-0.0870680410288808,7.4422740245219e-65,3.44481495689504e-64
"CASP4",-0.0870921104560744,6.86638759588055e-65,3.18087815135342e-64
"PPP1R9B",-0.0872086790737782,4.64723402017725e-65,2.15462668208218e-64
"ARPP19",-0.0872156209212968,4.54037078619616e-65,2.10856623431792e-64
"SCP2",-0.0873263859423258,3.13165042959459e-65,1.45555583347354e-64
"SAR1A",-0.0875003099861034,1.74603845404327e-65,8.13561106908864e-65
"ORAI1",-0.0875179861715224,1.64527831696608e-65,7.67249489457998e-65
"EMD",-0.0875415126668727,1.52010276898223e-65,7.09465601829478e-65
"KIF20B",-0.0875778358473815,1.34522651298503e-65,6.28369753359368e-65
"ETF1",-0.0877675963153562,7.09815258866437e-66,3.31838633520059e-65
"PLEC",-0.0878085125895686,6.18299350269291e-66,2.89537508765503e-65
"TCIRG1",-0.0878448451755537,5.46945679193128e-66,2.56337949897531e-65
"PTPRA",-0.0878502926111119,5.36979474088174e-66,2.51877495788851e-65
"ANTXR2",-0.0880660212012337,2.58985412009208e-66,1.21786099025286e-65
"DNM2",-0.08818032297312,1.75859771600782e-66,8.27662180100997e-66
"PHF12",-0.0881805889179079,1.7570135516777e-66,8.27610917288992e-66
"ZNF394",-0.0883929876887237,8.54683597096424e-67,4.03261142111938e-66
"HSPB11",-0.0885260834062444,5.4362760323885e-67,2.5671303486279e-66
"GTPBP1",-0.0885271233607798,5.4170759686931e-67,2.56021871814392e-66
"MIER1",-0.0885423470149766,5.14362485201433e-67,2.4330299679427e-66
"SDF4",-0.0885645005134328,4.77009031946613e-67,2.25824529048144e-66
"SERF2",-0.0885866853985075,4.42312532750229e-67,2.09575448372363e-66
"SIRT7",-0.0886860778939549,3.15274674694141e-67,1.4950895393357e-66
"APBB1IP",-0.0888451293216392,1.83249980081673e-67,8.69739753179514e-67
"SPSB3",-0.0888465163316195,1.82384159107921e-67,8.66363363755662e-67
"TCOF1",-0.0888555265615287,1.76858078135368e-67,8.41538437946916e-67
"KANSL1",-0.0889083998986528,1.4763384432292e-67,7.0307798527299e-67
"IRF9",-0.0890899548395018,7.9338850597717e-68,3.78478700555436e-67
"CTSS",-0.0893561121387058,3.18496800964677e-68,1.52324556983106e-67
"BICDL1",-0.0894493061183533,2.31223323065064e-68,1.10679423412543e-67
"COTL1",-0.0895153535341296,1.84238509261182e-68,8.82645633608226e-68
"TAP2",-0.0896105238083183,1.32770242291269e-68,6.37160871902498e-68
"HP1BP3",-0.0896844538647493,1.02912914428158e-68,4.94722750592945e-68
"KIF21B",-0.0896926963552318,1.00029912934431e-68,4.81275996193958e-68
"CCNDBP1",-0.0897024569814042,9.67198454772453e-69,4.65749642169396e-68
"DHRS1",-0.0897736012606528,7.56736807772641e-69,3.65029534961695e-68
"FAM133B",-0.0897925266022269,7.08893890348667e-69,3.42245673395527e-68
"CDC42",-0.0898026508117629,6.84550490957058e-69,3.30777627413359e-68
"FAM111A",-0.0899273693020507,4.44955090042448e-69,2.15189487511908e-68
"RANBP2",-0.0899507274983835,4.10438000885672e-69,1.98667574199191e-68
"CYCS",-0.0900924445782496,2.51353373196823e-69,1.21980313463164e-68
"AGTPBP1",-0.0901176942302231,2.30306242454905e-69,1.11863032049525e-68
"COPE",-0.0902438497708022,1.48726757324462e-69,7.23013092365888e-69
"SUPV3L1",-0.0902542307766239,1.43466143771856e-69,6.98044290164886e-69
"NFKBIB",-0.0903313905405152,1.09760505665672e-69,5.34975184000366e-69
"DBF4",-0.0903415639995836,1.05950765518681e-69,5.16855473530263e-69
"IFI27L2",-0.0903690506768567,9.63039979161164e-70,4.70204898441613e-69
"ANKRD36",-0.0903952492571583,8.79256502186456e-70,4.29671513699131e-69
"XAF1",-0.0904383653286241,7.56896246758235e-70,3.70199472041299e-69
"SDF2L1",-0.0904621659564767,6.9678428032655e-70,3.41095969688651e-69
"KLF12",-0.0904707722448092,6.7623997107442e-70,3.31328055696725e-69
"SSR3",-0.0904841217500412,6.45561308180614e-70,3.1657333381934e-69
"ZBTB44",-0.090493404380413,6.25050434803448e-70,3.06783284273608e-69
"MARK3",-0.0905474848162407,5.1783540127029e-70,2.54383240028575e-69
"HCLS1",-0.0906096990682585,4.16980779040982e-70,2.05018595128826e-69
"ZAP70",-0.0906596064755553,3.50431092091937e-70,1.72448984792611e-69
"KDM5A",-0.0906605057542629,3.49334577845014e-70,1.72060314460977e-69
"NF1",-0.0907237376462918,2.80224436088975e-70,1.3814227473279e-69
"RPS6KA1",-0.090790873921249,2.21709974745111e-70,1.09392520520675e-69
"DLEU2",-0.0908103410720121,2.07145536632682e-70,1.02296343354696e-69
"HIST1H1E",-0.0908166176279258,2.02656146380814e-70,1.00167487330077e-69
"FAM177A1",-0.0908913448667465,1.5610463264292e-70,7.7226365884196e-70
"NCOR2",-0.0910173732771801,1.00472304842509e-70,4.97484227860969e-70
"MINK1",-0.0912727187277233,4.10669491876522e-71,2.03520834755061e-70
"ECPAS",-0.091288529351047,3.88505861572633e-71,1.9270715149624e-70
"STK4",-0.091382032075901,2.79779763174415e-71,1.38899510744112e-70
"SUSD6",-0.091504856264613,1.8167655237787e-71,9.0355093868781e-71
"SF3B1",-0.0915485863760229,1.55766496515708e-71,7.75377147695759e-71
"ZZEF1",-0.0915976243391523,1.31068946862875e-71,6.53016689077022e-71
"RAB6A",-0.0916351415985193,1.14845027359942e-71,5.72693869768244e-71
"SLC38A10",-0.0916668289320308,1.0271259956492e-71,5.12649184661211e-71
"SOS1",-0.0917303360157599,8.21094480412333e-72,4.10181659404558e-71
"VOPP1",-0.091828745964328,5.80217888965222e-72,2.90367739259134e-71
"ZNF267",-0.0919485106850965,3.80053588724464e-72,1.90366127923593e-71
"TMEM165",-0.0919600358165052,3.64879865643044e-72,1.83092669611581e-71
"ARID1B",-0.0920306446689949,2.84244916549199e-72,1.42886557512635e-71
"EIF4EBP2",-0.092133712579757,1.97345124804422e-72,9.93811624912754e-72
"CDV3",-0.0921777641329327,1.68827309010377e-72,8.5172770103257e-72
"LRBA",-0.0921895054417243,1.61946063595759e-72,8.17747449839969e-72
"NEK7",-0.0921914841469916,1.60814250296359e-72,8.12763913659975e-72
"GATAD2A",-0.0921986754603738,1.56766846674983e-72,7.93022551710238e-72
"PAK2",-0.0922827252579786,1.16359871581334e-72,5.89150613331483e-72
"DNAJB11",-0.0923055740932866,1.07297973947707e-72,5.43759380168597e-72
"ARL8A",-0.0923709812347367,8.50639695308426e-73,4.31472756842701e-72
"IFI44L",-0.0924439302936459,6.5642680395785e-73,3.33262838932447e-72
"BROX",-0.0926662645925961,2.97559248686452e-73,1.51617382845685e-72
"PSAP",-0.0926665348886293,2.97272823990087e-73,1.51609140234944e-72
"GNB2",-0.0927913107801977,1.90524361905459e-73,9.72558389708487e-73
"CLIP4",-0.0928081278381304,1.79428178245021e-73,9.16750528191773e-73
"CD47",-0.0928983805794007,1.30002758769085e-73,6.64827234908447e-73
"APOL2",-0.0929657016319001,1.02207037255072e-73,5.23158283759994e-73
"PPP4R3A",-0.092982179816322,9.63601721322082e-74,4.9368088188282e-73
"PIK3CG",-0.0929958191061573,9.17737327658712e-74,4.7061301719976e-73
"PPP3CC",-0.0929962721064957,9.16251968773443e-74,4.7028120263669e-73
"ANKRD36C",-0.0930329419612791,8.03633238381141e-74,4.12855537300202e-73
"RB1CC1",-0.0930398085151694,7.84133431682748e-74,4.03207016658132e-73
"HSPA9",-0.0930575837677149,7.35818206413784e-74,3.78710104401957e-73
"HELZ2",-0.0931379615224548,5.51838247836834e-74,2.84280309491702e-73
"DNAJC3",-0.0931618859210697,5.06520257451189e-74,2.6117450774827e-73
"UBE2A",-0.0932815500941651,3.29845973787663e-74,1.70390047232853e-73
"TRERF1",-0.0933004368566174,3.0823884265796e-74,1.59522131670771e-73
"ADCY7",-0.093327264335204,2.79951169541512e-74,1.45016256798512e-73
"KDM2A",-0.093712158490498,7.01399838793037e-75,3.64001211436534e-74
"ZDHHC18",-0.0939265181705286,3.23667889812773e-75,1.68283305083379e-74
"KLC1",-0.0939303476414219,3.1922170360093e-75,1.66125580445382e-74
"NLRC5",-0.0939405358479121,3.07687031855015e-75,1.6027151798576e-74
"ITGB1BP1",-0.0939681472543972,2.78473392807199e-75,1.45189194576988e-74
"RHOA",-0.0941357145306817,1.51905996537265e-75,7.92737340068892e-75
"GPR174",-0.094174944744526,1.31790746494173e-75,6.88404178614816e-75
"DYNLL2",-0.0942129874003176,1.14825282806109e-75,6.0034467524909e-75
"VCP",-0.0942552370198089,9.85242662569438e-76,5.155980724827e-75
"ACOT9",-0.0942845408866214,8.85942977090624e-76,4.64065368952232e-75
"VPS13A",-0.0942910689189499,8.6521838634812e-76,4.53633191347005e-75
"SFPQ",-0.0943034937589362,8.27099411342845e-76,4.34053105484879e-75
"PET100",-0.0943758638266578,6.36105814299259e-76,3.3444738689961e-75
"BDP1",-0.0944549238073145,4.77374271781862e-76,2.51226047344864e-75
"FOXO3",-0.0945685299298564,3.15883929465537e-76,1.66395196648044e-75
"CLINT1",-0.09467403443568,2.15173775393547e-76,1.13451586462199e-75
"LYZ",-0.0948847440560935,9.98212076125177e-77,5.27304119309062e-76
"BCLAF1",-0.0949098227350812,9.10902105240255e-77,4.8163626865201e-76
"MAPK1IP1L",-0.0949824695546225,6.98654389274603e-77,3.69759539984011e-76
"PILRB",-0.0949935226529542,6.71004843452698e-77,3.55461489307803e-76
"YARS",-0.095243480220403,2.68901829657726e-77,1.42584051453672e-76
"PAFAH1B1",-0.0952667142548067,2.46959598537828e-77,1.3107316440844e-76
"SON",-0.0953177616866022,2.04819777328186e-77,1.08810506705599e-76
"RILPL2",-0.0953419905083841,1.87409060527579e-77,9.96554340814899e-77
"IL12RB1",-0.0955124198616144,1.00258915581267e-77,5.34142940561165e-77
"CARD11",-0.095548105876791,8.79380058513913e-78,4.6894697036721e-77
"AC004687.1",-0.0955748141323231,7.97154488546465e-78,4.2550301434307e-77
"SIAH2",-0.0956542229313246,5.9526693098222e-78,3.18042617410501e-77
"DIAPH2",-0.0957155873436747,4.74928478367365e-78,2.53989395961956e-77
"EMC7",-0.095737362363006,4.38337048850639e-78,2.34644164508787e-77
"ZNRF2",-0.0957571645489429,4.07507778730996e-78,2.18349440179645e-77
"PTPN18",-0.0957746425557738,3.82098633356529e-78,2.04930528979936e-77
"H2AFV",-0.0959011345438841,2.39698890834988e-78,1.28680457185099e-77
"TRAPPC2",-0.0959362703632877,2.10555554314279e-78,1.1314335820911e-77
"DDX24",-0.0959784740674284,1.80183347690896e-78,9.69154919027736e-78
"ILRUN",-0.0961623721568586,9.13221913832147e-79,4.92139763361993e-78
"C4orf48",-0.0962000356086689,7.94437218484379e-79,4.28950220952586e-78
"TNKS2",-0.0963625479767145,4.35174331677595e-79,2.35422179432141e-78
"SUB1",-0.0963737230327172,4.17515016375144e-79,2.26086799407776e-78
"CSNK1G3",-0.0968833306530877,6.28041097335603e-80,3.41737202332952e-79
"TBCB",-0.0968950646209821,6.01164841219786e-80,3.27430559149806e-79
"SNRNP200",-0.0970873916334523,2.93311995025867e-80,1.60066176273844e-79
"ARPC4",-0.097096169839117,2.83850650911112e-80,1.55053763545408e-79
"MMP25-AS1",-0.0971466061865447,2.35097061075753e-80,1.28547223453701e-79
"ANKRD44",-0.0972460316402676,1.62100395968269e-80,8.88069552130846e-80
"PRR5",-0.0974012822690227,9.06417331202527e-81,4.97553936208041e-80
"GLTP",-0.0974277699505548,8.20758396594124e-81,4.50974985787761e-80
"NR1D2",-0.0975021754343909,6.20933562459479e-81,3.41848605043933e-80
"SIRT2",-0.0978337581094071,1.78615321343944e-81,9.84314295421928e-81
"PRKX",-0.097842131919431,1.73072853941565e-81,9.54708663335478e-81
"DENND1B",-0.0978887739978078,1.45196236255387e-81,8.01723312394408e-81
"SNX5",-0.0980092532718212,9.22073489941786e-82,5.09638648135312e-81
"MDM2",-0.0980867850636561,6.88237439189326e-82,3.80770417539656e-81
"GRK2",-0.09812212526055,6.02287022848828e-82,3.33546909988344e-81
"BATF",-0.0981872011283857,4.71049251123655e-82,2.61125128340287e-81
"FERMT3",-0.0981890073637444,4.67845777183892e-82,2.5960581701302e-81
"PTPN12",-0.0982258513005709,4.07041308905214e-82,2.26089281481015e-81
"SRP14",-0.0982411493641737,3.84172455559872e-82,2.13598362308313e-81
"TMBIM6",-0.0983596942243266,2.45355946221499e-82,1.36687870735115e-81
"ELF1",-0.0984551211932998,1.70949922057625e-82,9.53309207498284e-82
"TP53INP1",-0.0984587414112604,1.68621323921542e-82,9.41259330547118e-82
"SETD2",-0.0985304403455513,1.28498818007136e-82,7.1800634364545e-82
"SKAP1",-0.0985638906600771,1.1319090860578e-82,6.3373353021799e-82
"DNAJB14",-0.0988547407020532,3.74995698034802e-83,2.10372586597524e-82
"HIST2H2AC",-0.0991119776000862,1.40764802077603e-83,7.90481020676029e-83
"ARPC3",-0.0991370726531211,1.27914773513877e-83,7.19039959331515e-83
"HLA-F",-0.0992362235178394,8.76111482338564e-84,4.93472431317203e-83
"UBE2L3",-0.0992466392260783,8.41944933249414e-84,4.74704630706453e-83
"JAK2",-0.0992522112887134,8.24215936009242e-84,4.65176197284894e-83
"ATP6V0C",-0.0993262977272897,6.2101172691646e-84,3.51197156048522e-83
"IRF2BP2",-0.0993550846982058,5.56294477659805e-84,3.14915440935571e-83
"ARGLU1",-0.0993757911512144,5.1394554135323e-84,2.9123580676683e-83
"SMC4",-0.0994008959498491,4.66890759748041e-84,2.64838944609354e-83
"SEC61A1",-0.0995373036465586,2.76974835117677e-84,1.57270123988883e-83
"TRIM22",-0.0996400197951002,1.86839439566141e-84,1.06197493005679e-83
"CCNH",-0.0998424109657006,8.5913874825916e-85,4.90312144225217e-84
"EFCAB14",-0.0999122779314879,6.56790889189556e-85,3.75213532418881e-84
"CDK13",-0.099925247562439,6.24836590473617e-85,3.57322453879408e-84
"ARID4B",-0.100037520343397,4.05638967412248e-85,2.32207612977828e-84
"DGKZ",-0.100052003806274,3.83636377615453e-85,2.19836575936945e-84
"MBD2",-0.100055110142178,3.79074670280197e-85,2.17444672829438e-84
"MED15",-0.100067585537803,3.6129283363809e-85,2.07456785743059e-84
"MBNL2",-0.100114856128023,3.01143931596885e-85,1.7309605084616e-84
"PTPN2",-0.10011664780399,2.99072057360031e-85,1.72081460696387e-84
"ATP2A3",-0.10014242073472,2.70794684357673e-85,1.55971065631062e-84
"KMT2C",-0.100267688263044,1.6704040964996e-85,9.63100409184248e-85
"SF3B2",-0.100304985063871,1.44643629397082e-85,8.34825885717724e-85
"CNOT1",-0.100352218368447,1.20527516874034e-85,6.9635362478201e-85
"TBC1D5",-0.100358749896994,1.17524784167865e-85,6.79705195032702e-85
"LCP2",-0.100546823700047,5.67965549718001e-86,3.29161852677478e-85
"NCOA2",-0.100551235138532,5.5835092946173e-86,3.23924375830435e-85
"PARP15",-0.100570913537951,5.1740157345131e-86,3.00478553526071e-85
"TAOK3",-0.100591455630577,4.77847548682005e-86,2.77795310684565e-85
"CTPS1",-0.100802885640212,2.10564889034456e-86,1.22538280859263e-85
"ACAA2",-0.100812812631012,2.02608214499777e-86,1.18030330565291e-85
"BCL7C",-0.101202173563801,4.45849908261316e-87,2.6027242303288e-86
"TFRC",-0.101259863794284,3.56086073445217e-87,2.08087799169548e-86
"UBE2S",-0.101332435078907,2.68322237048159e-87,1.56964311766441e-86
"SH3BP2",-0.101393708210441,2.11262277769823e-87,1.23843404209896e-86
"RPS6KA3",-0.101402919427993,2.03801289181592e-87,1.19594689572043e-86
"PDE4D",-0.101463020618657,1.6117099087819e-87,9.46774093012195e-87
"ZC3H18",-0.101627567679504,8.47096436100087e-88,4.98658027966578e-87
"AKAP9",-0.101636015618046,8.19555279075357e-88,4.8295221802655e-87
"NCKAP1L",-0.101883397938287,3.10951524714148e-88,1.83431971992258e-87
"ATG16L1",-0.102040563243866,1.67787052613272e-88,9.90826700168899e-88
"GGA2",-0.102235288150938,7.80208764780465e-89,4.61219301413953e-88
"FBXO34",-0.102419652558484,3.77366142737209e-89,2.24023710132883e-88
"GSR",-0.102504935721061,2.69555302271082e-89,1.60361107713761e-88
"SFT2D2",-0.102564561230045,2.13019073531807e-89,1.26861677549197e-88
"MTPN",-0.102598077000017,1.86607185191291e-89,1.11250404773979e-88
"CDK2AP2",-0.102670925439352,1.39927940214833e-89,8.3599120831226e-89
"SLC25A24",-0.102981179316393,4.09666600736443e-90,2.45537353646522e-89
"EVI2B",-0.103129113853631,2.27763788643228e-90,1.36658273185937e-89
"CDC42SE2",-0.103300397819533,1.15301332153379e-90,6.92548686702842e-90
"SACM1L",-0.103738020922797,2.0146285676216e-91,1.21397059767532e-90
"ANP32E",-0.103848833435484,1.29369814361232e-91,7.80392105985494e-91
"CEP350",-0.104070343261763,5.32945515470319e-92,3.21832544864208e-91
"EPSTI1",-0.104202637582921,3.13514756407401e-92,1.89527778388526e-91
"MT1E",-0.104392240283391,1.46385006108427e-92,8.86846527287555e-92
"SLFN13",-0.104473309244502,1.05653852200596e-92,6.40776336049019e-92
"BAZ2B",-0.104859043335466,2.23127425944781e-93,1.35616994534152e-92
"PPP1R18",-0.104863471915651,2.19171872740235e-93,1.333572891619e-92
"PER1",-0.104904329034207,1.85824053741723e-93,1.13189244461571e-92
"VPS4B",-0.105026580708994,1.13355978746296e-93,6.91225044311652e-93
"GNAI3",-0.105086348314809,8.90036797477044e-94,5.43319524901656e-93
"NR3C1",-0.10510970071619,8.09751176642716e-94,4.9484794128166e-93
"WDFY1",-0.105205824836561,5.4860010371128e-94,3.35621219391525e-93
"N4BP1",-0.105227698036891,5.02060336614966e-94,3.07484551136459e-93
"VCPIP1",-0.105262351814256,4.36258212441084e-94,2.67476346644205e-93
"PIK3R5",-0.105268027007251,4.26333816627358e-94,2.61677539527295e-93
"MLLT6",-0.105345834488401,3.10941006307741e-94,1.91269632169564e-93
"CCPG1",-0.105379512463421,2.71216598885855e-94,1.6701702741489e-93
"SAMD9",-0.105617548679533,1.0308521320307e-94,6.36202470923238e-94
"VPS26A",-0.105621628597227,1.01388138346568e-94,6.26417903220535e-94
"CAP1",-0.105707046740966,7.16123593731722e-95,4.42938628537482e-94
"KLF13",-0.105734724016497,6.39785543073365e-95,3.96158597863309e-94
"TSPYL2",-0.105753539028418,5.92581847063513e-95,3.67335266522244e-94
"CDK17",-0.105763499662775,5.69015780305302e-95,3.5311709375141e-94
"SELENOT",-0.105811349172512,4.68206393600982e-95,2.90879055160743e-94
"TGFBR1",-0.10595891493422,2.56460753380513e-95,1.59506078322026e-94
"ZNF331",-0.106148163748052,1.18363841328482e-95,7.37801277614207e-95
"RPN1",-0.106218327065021,8.8831437411852e-96,5.5433188418297e-95
"DYNLL1",-0.106468914987517,3.18190157812458e-96,1.98780265626714e-95
"CCNL1",-0.106499894258906,2.80214057590833e-96,1.75250932339417e-95
"EIF4E3",-0.106563319711555,2.15988990889741e-96,1.35234178447706e-95
"ANKRD11",-0.106626268667968,1.66784199882556e-96,1.04542945401245e-95
"RSRC2",-0.106687057787186,1.29917131745903e-96,8.15251799882008e-96
"LASP1",-0.106687718743184,1.29564639143649e-96,8.13950308618e-96
"CREBBP",-0.106742262288764,1.03535688520723e-96,6.51160552243562e-96
"NCOA1",-0.106930716831849,4.76632289982564e-97,3.00439005258672e-96
"BIRC6",-0.106945556907424,4.48360806296851e-97,2.82936346830746e-96
"EP300",-0.107130258742873,2.09312791109204e-97,1.32383850972112e-96
"MKNK1",-0.10728794810728,1.09115779050775e-97,6.90902393312472e-97
"SEL1L3",-0.107517030216304,4.2280426646729e-98,2.68318092181165e-97
"ATRX",-0.107699815165438,1.98135838675963e-98,1.26025176300697e-97
"BSG",-0.107738382940348,1.68823838458376e-98,1.07503034478035e-97
"TRIM59",-0.107757557717322,1.55903691311162e-98,9.95016732941546e-98
"GLS",-0.107757635949267,1.5585305210662e-98,9.95016732941546e-98
"NCK1",-0.107879375187906,9.39809193220746e-99,6.02551951310673e-98
"DSTN",-0.108055792256237,4.51076939784564e-99,2.8953565585714e-98
"PRXL2C",-0.108067834836009,4.2901264621365e-99,2.75688538975782e-98
"OFD1",-0.108181388242995,2.6728385748792e-99,1.71956701893031e-98
"PSME2",-0.108350211952294,1.32143615781709e-99,8.51120188904002e-99
"SASH3",-0.108388487016994,1.12621180095396e-99,7.26212437166867e-99
"MEX3C",-0.108760596943304,2.37332401601776e-100,1.53391102878567e-99
"MFSD10",-0.108785524607973,2.1378128755703e-100,1.38329068419255e-99
"HLA-DMA",-0.108788088013015,2.11495794709131e-100,1.37008245764229e-99
"CYTH1",-0.108916582504775,1.2335875993746e-100,8.00049298553934e-100
"SLC2A3",-0.108956491913774,1.04326132313086e-100,6.77395373005108e-100
"HNRNPU",-0.109321063122014,2.25071203257977e-101,1.46309322164224e-100
"XRN1",-0.109469756900538,1.20227632917736e-101,7.83364716223574e-101
"PCNX1",-0.109515371940707,9.91721900511399e-102,6.46925565333599e-101
"MOB3A",-0.109545252651735,8.74174180950181e-102,5.70910029700875e-101
"CARD16",-0.109582665586186,7.4640200417584e-102,4.88032079653434e-101
"RNF169",-0.109615671237924,6.49249900965602e-102,4.25004894331042e-101
"ADD1",-0.109795057652879,3.04044237692403e-102,1.99262637085792e-101
"GATA3",-0.10989114691862,2.02407074370068e-102,1.32807448797203e-101
"CREB3L2",-0.110049791853834,1.0330651153083e-102,6.78629425864119e-102
"GAK",-0.110223521855191,4.9403966406155e-103,3.24919403913868e-102
"CD8A",-0.110316314638845,3.32994097427813e-103,2.19260197954229e-102
"H3F3A",-0.110397123712517,2.36111529035306e-103,1.55650490938668e-102
"TNIP1",-0.110399734688737,2.33502083632862e-103,1.54111375197689e-102
"RAB37",-0.110606908093404,9.65952876050551e-104,6.38279815623509e-103
"SPCS2",-0.110910343540742,2.64352101521555e-104,1.7488387848301e-103
"GNAI2",-0.111585554921239,1.45961950843677e-105,9.74817314563126e-105
"SPATS2L",-0.111613005410676,1.29698071429347e-105,8.67230251154511e-105
"ELOVL5",-0.11170378763056,8.77335868934976e-106,5.87333439704679e-105
"CCDC186",-0.111829141232261,5.11112190127352e-106,3.42983180217039e-105
"CRYBG1",-0.111907721149588,3.64154184677973e-106,2.44659278568075e-105
"PSME4",-0.111999236236193,2.45293094673729e-106,1.64999311884847e-105
"ARHGAP30",-0.112168497960887,1.18011700946222e-106,7.94772679841906e-106
"EIF2AK2",-0.112174765641788,1.14854799918765e-106,7.74441619644556e-106
"SLC4A7",-0.112205395366708,1.00598468777545e-106,6.79130457090283e-106
"GLUL",-0.112237431560806,8.75736508262694e-107,5.91913471247435e-106
"BTN3A1",-0.112281666146149,7.23098669067673e-107,4.89334563747847e-106
"PCYT1A",-0.112309212163391,6.41778071983225e-107,4.3482789659733e-106
"FBXW7",-0.11242538745175,3.87902074156402e-107,2.63135506168974e-106
"MT-ND5",-0.112429600858634,3.80879302694769e-107,2.58684369021508e-106
"DERL1",-0.112547487129022,2.28380840844337e-107,1.55298971774149e-106
"ZBTB43",-0.112569028064926,2.07991396825041e-107,1.41605793226757e-106
"CDKN2D",-0.112615735029163,1.69806607551193e-107,1.15749097006342e-106
"ARL6IP1",-0.112735353375594,1.00967227747951e-107,6.89082904703172e-107
"TACC1",-0.113048870226209,2.57792139725935e-108,1.76367549251524e-107
"HNRNPA2B1",-0.113168367819876,1.53051523877999e-108,1.04965653906549e-107
"WDR26",-0.113322396244317,7.80932854035101e-109,5.36234187409659e-108
"POMP",-0.113399064380996,5.58479041762599e-109,3.83954341211787e-108
"VAV3",-0.1135062485978,3.49362061234182e-109,2.40481124358744e-108
"LUZP1",-0.113585809963008,2.46559488700089e-109,1.69926134104115e-108
"MAP4K1",-0.11368772988722,1.57715869327592e-109,1.08829769609814e-108
"JMJD6",-0.113806560112361,9.36286501310762e-110,6.46867890683913e-109
"RNF167",-0.113893405058939,6.39361837468635e-110,4.42271258717514e-109
"CLK1",-0.113895244453313,6.34215067952396e-110,4.39252658174437e-109
"TSPAN5",-0.11396369789916,4.69422842017008e-110,3.25520660533426e-109
"SQSTM1",-0.113967539636595,4.61560101230898e-110,3.20464377216007e-109
"PRNP",-0.114014096884742,3.76101571656278e-110,2.61777892927013e-109
"SPOCK2",-0.114108043874113,2.48745840815207e-110,1.73349585959418e-109
"RGS1",-0.11412868328673,2.27138106607617e-110,1.5848815647621e-109
"TMED5",-0.114133051077537,2.22811271862588e-110,1.55662669383452e-109
"SLK",-0.114147293831141,2.09265403541593e-110,1.46381410706775e-109
"ACTR2",-0.114198616142018,1.66921795833219e-110,1.16907774609783e-109
"CD53",-0.114319988253447,9.77546182064685e-111,6.8550426017286e-110
"CALR",-0.114384004013475,7.37008968476783e-111,5.17474382121996e-110
"CCSER2",-0.114386325648768,7.29495850646703e-111,5.1284106793584e-110
"TYROBP",-0.114465787338913,5.1364207107062e-111,3.61547304731013e-110
"EIF3A",-0.114595121289162,2.90028321966773e-111,2.04661495123723e-110
"IDH2",-0.114672485555577,2.05979699429957e-111,1.45534775038043e-110
"AC245297.3",-0.114755017049442,1.42945062053968e-111,1.01125069120147e-110
"YPEL5",-0.115097860907325,3.12499931718779e-112,2.21633959158325e-111
"IQSEC1",-0.115204262345628,1.94764789324262e-112,1.38307654191026e-111
"PHF21A",-0.11522569950041,1.77058314786998e-112,1.25893174392276e-111
"IFI44",-0.115800129042816,1.367684120658e-113,9.74931120316569e-113
"CPT1A",-0.115879029812277,9.61140975317114e-114,6.86005199940077e-113
"YWHAB",-0.115905283364298,8.54649145591426e-114,6.11553789128559e-113
"DOCK2",-0.11599608388081,5.69260177451988e-114,4.0786074016675e-113
"EIF4G3",-0.116150616082394,2.84866671380079e-114,2.04360872946579e-113
"SUN2",-0.116401703790287,9.23067241999836e-115,6.63048300591431e-114
"RBM38",-0.116461838354251,7.04468083319787e-115,5.06675121464616e-114
"GNA13",-0.116552360779435,4.68878766915168e-115,3.38098956605925e-114
"RIOK3",-0.116779010285056,1.68954993268166e-115,1.22144009308558e-114
"ARFGAP3",-0.116806624301008,1.49177133301726e-115,1.07984995848088e-114
"MYO9B",-0.116901889642566,9.70667343619165e-116,7.04455859987518e-115
"PTBP3",-0.117173842380364,2.8407809264865e-116,2.06434987015405e-115
"FBXO7",-0.117375614400185,1.13944911737713e-116,8.29093326651841e-116
"LY6E",-0.11742878053341,8.95443931521683e-117,6.52394864394369e-116
"ZFYVE28",-0.117474539945129,7.27650753524119e-117,5.30834945028648e-116
"TRAPPC10",-0.117589456740521,4.31971666679193e-117,3.15541803394566e-116
"MT2A",-0.117908015440915,1.01503838605495e-117,7.42420514441753e-117
"TCF25",-0.11791227531748,9.95542522880047e-118,7.29111429942175e-117
"RALGDS",-0.118030220461897,5.81747085670036e-118,4.2661452949136e-117
"GLCCI1",-0.118145048542564,3.44623874840195e-118,2.5305496568763e-117
"RNF168",-0.118207315852774,2.59385378017738e-118,1.90714543994693e-117
"NKTR",-0.118400717462765,1.07211647075038e-118,7.90351301039373e-118
"BIN2",-0.118443444906272,8.81830664632261e-119,6.5093026691934e-118
"NEDD9",-0.118491768970824,7.06928872020009e-119,5.23201975202144e-118
"BLOC1S1",-0.118504118411606,6.68087905129716e-119,4.95108738147649e-118
"APLP2",-0.118599942394442,4.30837027070031e-119,3.20131883690447e-118
"CORO7",-0.118695015564978,2.78695048511773e-119,2.07357987022685e-118
"PRPF4B",-0.118776476543622,1.91826436637306e-119,1.42914516538551e-118
"DDX6",-0.118799174591209,1.72857176448867e-119,1.28953292536987e-118
"USP36",-0.118837664879366,1.44871660510561e-119,1.08219709116411e-118
"SPAG9",-0.11895159590012,8.58599962822345e-120,6.42232772191114e-119
"CLTC",-0.11912249657443,3.91358978725607e-120,2.93519234044205e-119
"SAMD9L",-0.119239082560266,2.28830969058922e-120,1.71852976763126e-119
"CAPNS1",-0.119273551248633,1.95238568066843e-120,1.46821496897451e-119
"MOB1A",-0.119641311417973,3.57805745179421e-121,2.69434930262625e-120
"SYAP1",-0.119722317075121,2.46045508941201e-121,1.85775949550489e-120
"NIN",-0.119787795143028,1.81750330173905e-121,1.37600452398868e-120
"NDRG1",-0.119921365065435,9.79298666818694e-122,7.42414259574713e-121
"TAX1BP1",-0.120142644805406,3.51016411318576e-122,2.66468480040218e-121
"ST8SIA4",-0.120257849236655,2.05593060784946e-122,1.5628415596254e-121
"SEC11C",-0.120377606152726,1.1783299525322e-122,8.98156390449139e-122
"TUBB4B",-0.120603592398403,4.11545906629496e-123,3.14546667056059e-122
"KAT2B",-0.12079912543652,1.65357461506392e-123,1.26728874187276e-122
"PTPN4",-0.12083033988958,1.42937837237344e-123,1.09696479740288e-122
"ROCK1",-0.1209555768226,7.96349370334014e-124,6.11989036653948e-123
"CLSTN1",-0.120980039939888,7.1031108752187e-124,5.46617997393373e-123
"CFL1",-0.120998561998974,6.51397078489369e-124,5.01969451967769e-123
"FBXW5",-0.121028460123494,5.66415716879127e-124,4.37082829668763e-123
"GSTP1",-0.121142862940804,3.31657007944757e-124,2.56280415230039e-123
"FTH1",-0.121299617507823,1.5915704883962e-124,1.2332472983291e-123
"SETX",-0.121316455753429,1.47078463203401e-124,1.14123122900565e-123
"MEF2D",-0.121339165478185,1.32224602952341e-124,1.02739615313384e-123
"CCDC88C",-0.121565624588555,4.56832983812895e-125,3.55455345241379e-124
"CALCOCO1",-0.12191836267515,8.69098450799038e-126,6.78114368425953e-125
"FAM49B",-0.122102635718891,3.64521676846999e-126,2.84814290684076e-125
"OGDH",-0.122153619272597,2.86561806591852e-126,2.24213631099064e-125
"ADAR",-0.12216436353577,2.72388782931315e-126,2.13421937464341e-125
"DDHD1",-0.122530639389868,4.81969485121727e-127,3.78690309738499e-126
"DYNLT1",-0.122638535867033,2.89072403967883e-127,2.27766318294919e-126
"ITGB7",-0.122672571145319,2.45998461677973e-127,1.9410005204127e-126
"BRD1",-0.122675526023056,2.4257594806516e-127,1.91669164597965e-126
"HNRNPA3",-0.122894742664935,8.57075767148061e-128,6.80084166011403e-127
"CD226",-0.123070716752954,3.71294537729819e-128,2.95037161000607e-127
"CASP1",-0.123417975209969,7.09957582105716e-129,5.64944969590506e-128
"SMG1",-0.123699983077875,1.84595325764653e-129,1.47308645453727e-128
"TAP1",-0.123765533607097,1.34909569142021e-129,1.07812347989564e-128
"GALM",-0.123956677714664,5.4016582688089e-130,4.32286774436775e-129
"SMCHD1",-0.123974995567458,4.94765042987408e-130,3.96518841594194e-129
"UBR2",-0.124400887236043,6.40154460376767e-131,5.13772034722985e-130
"STK39",-0.124735361169913,1.27823067780108e-131,1.03029800322759e-130
"TMEM181",-0.124737924934216,1.26252131322521e-131,1.01909993772567e-130
"JUND",-0.124761412626719,1.12728031721659e-131,9.11245328470474e-131
"CCDC12",-0.124821640267964,8.42968372275494e-132,6.82402968032542e-131
"ABI3",-0.124952721635659,4.47593831947396e-132,3.62861473587412e-131
"CXCR3",-0.125027836216638,3.11319747628437e-132,2.52750185845952e-131
"SH3BP5",-0.125115148102856,2.04081056041766e-132,1.65926771651349e-131
"TRANK1",-0.125132837958522,1.87338924757388e-132,1.52535757313345e-131
"SP140",-0.12522339094772,1.20850690712367e-132,9.85424963512181e-132
"MAP3K5",-0.125233194511464,1.15246991306784e-132,9.41099885343608e-132
"TANK",-0.125320354371302,7.55502467196906e-133,6.18739976784619e-132
"EIF1",-0.125445959364918,4.10883440451863e-133,3.36996505984642e-132
"PBXIP1",-0.125518995408116,2.88259344639178e-133,2.36769388495723e-132
"SCAF11",-0.125532348041014,2.70165943210161e-133,2.22233275866423e-132
"PPP2R5A",-0.12579466855645,7.54965697794064e-134,6.21932094658546e-133
"DBI",-0.126279079030018,7.1172590761611e-135,5.87173873783291e-134
"ATP2B1",-0.126331114916983,5.51948940399885e-135,4.56028505985767e-134
"SPPL2A",-0.126543751327719,1.95084858612861e-135,1.61419772392058e-134
"CCDC167",-0.12655049237989,1.88752039907836e-135,1.56410479155533e-134
"NLRC3",-0.126609259067952,1.41552198662812e-135,1.17471573150647e-134
"PARP4",-0.126634836838628,1.24883050013123e-135,1.03791690455351e-134
"ANXA6",-0.126673393139911,1.0338534646435e-135,8.60521949057868e-135
"KIAA1109",-0.126681954876512,9.91372474140374e-136,8.26389239216568e-135
"ODF2L",-0.126814385660651,5.17869173031721e-136,4.32972587288816e-135
"E2F3",-0.12703432856895,1.7586213169631e-136,1.47471832409014e-135
"PXN",-0.127213961173676,7.26890612100816e-137,6.11372763700986e-136
"CLIP1",-0.127937195308496,2.04625104264316e-138,1.72623584198919e-137
"DHRS7",-0.127940359016152,2.01444999079612e-138,1.70196753740456e-137
"FAM107B",-0.127968263934556,1.75448405605323e-138,1.48456343204504e-137
"GNB1",-0.127982414094494,1.6357450117327e-138,1.38618270631728e-137
"ANXA4",-0.128024904506151,1.32527932660205e-138,1.12478321062595e-137
"KCNAB2",-0.128426681961391,1.80481176480074e-139,1.53409000008063e-138
"ACBD5",-0.128588224979909,8.08166105530927e-140,6.8798358907868e-139
"JAK1",-0.129010865646159,9.82794437193025e-141,8.37914406178248e-140
"TSEN54",-0.129853928172785,1.43861726120644e-142,1.23028092002563e-141
"KMT2A",-0.129879216197385,1.26685759922212e-142,1.0850490277307e-141
"IFI27",-0.130076840908321,4.68623429313992e-143,4.02599914004823e-142
"JPT1",-0.130086431404964,4.46526234370496e-143,3.84204321291179e-142
"HNRNPUL1",-0.130094552075496,4.28631044945002e-143,3.69373296795923e-142
"CD164",-0.130146157367555,3.30502080749566e-143,2.85248718923856e-142
"TUBA4A",-0.130167056222652,2.97464785482331e-143,2.57130577281337e-142
"CEP78",-0.130615805009255,3.08666175582418e-144,2.68052205111047e-143
"LPP",-0.130754820629254,1.52745525105847e-144,1.32853084626946e-143
"MYO5A",-0.130821044959249,1.09221101699794e-144,9.51444690273046e-144
"GNPTAB",-0.130910522661838,6.94028662759915e-145,6.06464298766841e-144
"CEBPB",-0.130922596970483,6.52818925751927e-145,5.71343864815649e-144
"CELF2",-0.131035849243982,3.67549479911014e-145,3.22180090984498e-144
"CPD",-0.131066700569875,3.14279911777536e-145,2.75917105645067e-144
"P4HB",-0.131167471748163,1.88405023118736e-145,1.65666485845785e-144
"HERPUD2",-0.131702447373395,1.23706768784504e-146,1.09118706427841e-145
"PTGER4",-0.131832626695638,6.36571836216351e-147,5.62388661602162e-146
"ANKRD12",-0.131859748099979,5.54236392972314e-147,4.91972494394728e-146
"SAMSN1",-0.132058850364556,2.00316320070422e-147,1.78094224341532e-146
"DNAJB1",-0.132163043687415,1.17529674877549e-147,1.04657377152865e-146
"MYL12B",-0.132163207410798,1.17431203692192e-147,1.04657377152865e-146
"JOSD1",-0.132201175248562,9.66837127725449e-148,8.63687306773848e-147
"SNTB2",-0.132286824676275,6.23447968861308e-148,5.58712956120118e-147
"RAB5IF",-0.132289843996508,6.13875776048952e-148,5.51014896581539e-147
"PICALM",-0.132926588025747,2.33034860951054e-149,2.09507302874265e-148
"LLGL2",-0.132993112724188,1.6542037862471e-149,1.4919747975637e-148
"BRD2",-0.133888899959356,1.61065221711539e-151,1.45503364541342e-150
"GLIPR2",-0.1339968893234,9.19511881722576e-152,8.32009944590912e-151
"PLAAT4",-0.134248653590919,2.48432221783298e-152,2.25154243005542e-151
"LINC-PINT",-0.134696600517314,2.40577794131835e-153,2.18742532427811e-152
"CNOT6L",-0.135084528106094,3.16473974478095e-154,2.88217369613979e-153
"ATP1B3",-0.135095718980191,2.98460283433826e-154,2.72254014644515e-153
"OASL",-0.135110715917088,2.75915137747054e-154,2.52098358755859e-153
"WNK1",-0.135251543301625,1.31907050346526e-154,1.20717545260034e-153
"TMEM50A",-0.135346110206251,8.03249341935067e-155,7.36311896773811e-154
"GOLGB1",-0.135368014994243,7.16028637991744e-155,6.57433823098802e-154
"APOL6",-0.13551323920239,3.34010291593231e-155,3.07179956694759e-154
"MT-CYB",-0.135861434366295,5.34855070528306e-156,4.92699005856124e-155
"COPA",-0.136215551085399,8.26069594631169e-157,7.6346794495566e-156
"LIMS1",-0.136320289651448,4.74963345297533e-157,4.39693789953657e-156
"PSME1",-0.13637656117288,3.52734476431484e-157,3.2708105996374e-156
"SELENOS",-0.136735673171653,5.26677767814136e-158,4.89182496264454e-157
"RAB11FIP1",-0.137110623697811,7.19144490192243e-159,6.69054824208704e-158
"CHST11",-0.13711762235654,6.92870713810889e-159,6.45681844597855e-158
"MIS18BP1",-0.137288988071469,2.78357565380114e-159,2.59831271511221e-158
"SLAMF1",-0.137362289447701,1.88381076437405e-159,1.76136306468973e-158
"SPTAN1",-0.137577227328906,5.98808301998958e-160,5.61758290002367e-159
"GSE1",-0.13761200184707,4.9737255827815e-160,4.673802432061e-159
"SPTY2D1",-0.137616176371621,4.86411701881406e-160,4.57847256301122e-159
"NCOA7",-0.138037147190925,5.12277242519787e-161,4.84633276650254e-160
"TUT7",-0.138107402522477,3.51617274596669e-161,3.33204883528263e-160
"RNF115",-0.138139266626249,2.96426065456502e-161,2.81379057057695e-160
"ZBTB7A",-0.138309379487473,1.19050592306661e-161,1.13198953023791e-160
"AKIRIN2",-0.138562311830025,3.0600595956986e-162,2.91458986958729e-161
"RNPEPL1",-0.138801658958904,8.44090149705045e-163,8.05330908136956e-162
"HLA-E",-0.138869878694774,5.84493679776415e-163,5.58604692256506e-162
"GYG1",-0.140137207347423,6.12222685241028e-166,5.89119942401744e-165
"PPP1R12A",-0.140453216425972,1.09522476436499e-166,1.05752339554003e-165
"PSTPIP1",-0.14047038404784,9.97354100208378e-167,9.64682155546379e-166
"GPRIN3",-0.140712951531648,2.65390312488959e-167,2.57139836453033e-166
"SLF1",-0.140836697553111,1.34949087070778e-167,1.30979996274578e-166
"RNF149",-0.140917852994593,8.65763836376004e-168,8.41756520289321e-167
"CERK",-0.140933877387553,7.93090379857235e-168,7.72436984548453e-167
"SLAMF6",-0.1409339222206,7.92895849472085e-168,7.72436984548453e-167
"SPCS3",-0.141186901089406,1.98380245441138e-168,1.93887313053099e-167
"GK5",-0.141332242621778,8.93907598865212e-169,8.75187020878507e-168
"GALNT10",-0.141401146870294,6.12396106639128e-169,6.00619258434529e-168
"CMIP",-0.141671566019636,1.38541346282182e-169,1.36115053002284e-168
"ADAM8",-0.141789130454891,7.25387451207064e-170,7.13933965135373e-169
"IER5",-0.142174692662043,8.65521730405694e-171,8.53352707834084e-170
"PMAIP1",-0.14231234332187,4.04594548254047e-171,4.00313124462999e-170
"UBB",-0.14235619984397,3.17488249863649e-171,3.14683583345418e-170
"PCSK7",-0.142375289432554,2.85684142860789e-171,2.83661600256465e-170
"ZNF831",-0.142388269067703,2.65896940151656e-171,2.64482594725317e-170
"EIF4G2",-0.142560458814787,1.02539476365015e-171,1.02175215347732e-170
"ARHGAP35",-0.142765010914572,3.30078615257349e-172,3.29491286760449e-171
"TPM4",-0.143010279231292,8.46037042933345e-173,8.49064009097686e-172
"PPP1R16B",-0.143122715980092,4.52901796603323e-173,4.5533675249904e-172
"YWHAH",-0.143611036884008,2.98391060575723e-174,3.01074433422627e-173
"KLRK1",-0.143945595661419,4.60356442976697e-175,4.66173221137052e-174
"NAA50",-0.144156447997405,1.41424545513309e-175,1.43730380494505e-174
"PPP1CA",-0.14427392887557,7.32145385438079e-176,7.45432960491402e-175
"TYMP",-0.144314871304947,5.81960960927713e-176,5.93600180146268e-175
"BZW1",-0.144360644275283,4.50186172416159e-176,4.60026307332359e-175
"PAXX",-0.144538221038479,1.66139124953944e-176,1.70080381567815e-175
"SIPA1",-0.144754313826154,4.93066463983021e-177,5.05686080977102e-176
"C5orf56",-0.145157030711667,5.09951690000712e-178,5.23961351813918e-177
"SH3GLB1",-0.145401111386882,1.28505186914746e-178,1.32277816255363e-177
"CLDND1",-0.145599432042638,4.18569993771105e-179,4.31650306076452e-178
"RRBP1",-0.14570565045809,2.29387737240927e-179,2.36991750630129e-178
"VCL",-0.145753736399564,1.74686195419789e-179,1.80809881237088e-178
"ATF7IP",-0.146014063074926,3.99061710829317e-180,4.13814454298053e-179
"CANX",-0.146021113840121,3.83403910151091e-180,3.98314062212522e-179
"PRKCB",-0.146143940138476,1.90849270997883e-180,1.98639037161062e-179
"SPON2",-0.146161130512258,1.73088094161019e-180,1.80487771048944e-179
"TBK1",-0.146188473789639,1.48175810787e-180,1.54798193392005e-179
"MRPL10",-0.147035542168765,1.18438489973744e-182,1.23962673274759e-181
"MT-ND2",-0.147618561551253,4.19412533012257e-184,4.39795198167993e-183
"FAS",-0.148512040250188,2.44115073498979e-186,2.57906885561068e-185
"SP100",-0.148566540322846,1.78158702767546e-186,1.88579306136968e-185
"CSNK1D",-0.148640870268142,1.15921747203463e-186,1.22934026807453e-185
"VPS13C",-0.148778353024136,5.23226617741782e-187,5.55928281350643e-186
"OAZ1",-0.148827001888457,3.94786411841071e-187,4.20256502927592e-186
"MECP2",-0.149816681855046,1.25531496608555e-189,1.34395361827098e-188
"ITCH",-0.150242037343626,1.04711645736257e-190,1.12534929613103e-189
"PARP14",-0.150278445840271,8.46271867318463e-191,9.11244755404333e-190
"SLFN12L",-0.150448422223008,3.12914236080058e-191,3.37586320078678e-190
"BTG3",-0.150450112593538,3.09831659622808e-191,3.34904741904423e-190
"PDIA6",-0.150488013602195,2.48147406549907e-191,2.68746515587834e-190
"MAP1LC3B",-0.150579914392733,1.44816758945537e-191,1.5744612745823e-190
"ITGA4",-0.15065524624372,9.31076316909448e-192,1.01424041511884e-190
"CXCR4",-0.15125964125119,2.66844727603276e-193,2.91244926430813e-192
"ARNTL",-0.151946633416248,4.62238437713262e-195,5.06476100697539e-194
"SLA",-0.152077825611793,2.12594191109833e-195,2.33395971061872e-194
"SLCO3A1",-0.152128815395245,1.57169028199027e-195,1.7288593101893e-194
"HLA-DQB1",-0.152264843757656,7.01736236186313e-196,7.73426382122833e-195
"SAT1",-0.152401734057436,3.11481022719194e-196,3.4465651626325e-195
"DUSP1",-0.152561005092063,1.2094864511201e-196,1.34095236972012e-195
"ARF6",-0.152856688061864,2.08311871670985e-197,2.31411801994896e-196
"PIEZO1",-0.15383152144783,6.1561276244628e-200,6.86597931873485e-199
"CAPZA1",-0.153973047819318,2.63444939955563e-200,2.94407592261097e-199
"PDZD8",-0.154288915556095,3.9509864817715e-201,4.43300683254762e-200
"NBEAL2",-0.154455335540276,1.45166144658804e-201,1.6353053645299e-200
"TIGIT",-0.154641905999448,4.71835269488757e-202,5.33668520530631e-201
"NFATC2",-0.154991760105651,5.71342876102564e-203,6.47521926249572e-202
"PTPRE",-0.155007614464741,5.19151979366631e-203,5.89563280211903e-202
"KLF3",-0.155122638848201,2.59020259508197e-203,2.94747191854155e-202
"RAB9A",-0.155144092495719,2.27503402303694e-203,2.59409367260919e-202
"GOLGA4",-0.155434659106446,3.91778254064466e-204,4.4854612353095e-203
"SIK3",-0.155441120537463,3.76734282656114e-204,4.32204361084009e-203
"PSMB9",-0.155462853206838,3.30243063950279e-204,3.79644178024809e-203
"LPGAT1",-0.155720225422993,6.93075566430713e-205,7.98388896853449e-204
"SH3KBP1",-0.155742624908506,6.04941034956049e-205,6.98296132943094e-204
"CCDC107",-0.155811640024791,3.97799211400235e-205,4.60134757928931e-204
"CHD9",-0.155857394186846,3.01249485836658e-205,3.49175540401581e-204
"ARF1",-0.156556891181945,4.25055261998947e-207,4.93697726669584e-206
"PTPN7",-0.157068873633393,1.85574700651277e-208,2.16439515728412e-207
"RNF166",-0.157172508262514,9.83282264889555e-209,1.14921114708967e-207
"OGA",-0.157425376156854,2.08366623008673e-209,2.44036900851494e-208
"ARHGAP25",-0.157549103950903,9.74317830167055e-210,1.14349854126301e-208
"ARHGDIA",-0.157708009524333,3.66702286166728e-210,4.31278789391057e-209
"DDX5",-0.15773544713895,3.09735446376204e-210,3.65045347514812e-209
"RABGAP1L",-0.157903218056254,1.10244894975076e-210,1.30205023328458e-209
"SELENOK",-0.15792787862949,9.47048088518125e-211,1.12087337058791e-209
"KIF21A",-0.158488981057608,2.96523688735607e-212,3.53184266201009e-211
"MT-ND1",-0.158928917870777,1.94390473285773e-213,2.32027777687912e-212
"TPST2",-0.158948764302948,1.71873516182798e-213,2.05588576926546e-212
"LGALS3",-0.159110539418694,6.29691181318405e-214,7.54822121195781e-213
"ZBP1",-0.159127723162661,5.65952147031015e-214,6.79869709816701e-213
"TC2N",-0.159714004998775,1.47338004471792e-215,1.77756173136936e-214
"FAM160B1",-0.159737447879986,1.2730094518069e-215,1.53913427255102e-214
"VPS37B",-0.159940311944933,3.58978470180904e-216,4.34960954150081e-215
"MAPK1",-0.159944216131503,3.50332830028875e-216,4.25404150749349e-215
"ID2",-0.160413784988679,1.85823531277396e-217,2.26623915318737e-216
"SURF4",-0.160601044105184,5.74641255023027e-218,7.02339311694811e-217
"RASSF1",-0.160916311457146,7.9405970726993e-219,9.72636453664695e-218
"CD58",-0.161064788589201,3.12199329151432e-219,3.83246878892677e-218
"CD84",-0.16114415578392,1.89476905467808e-219,2.33106456068948e-218
"MAP4",-0.161470764081924,2.4204547157051e-220,2.99091430729199e-219
"SRRM2",-0.161485158905793,2.21037697313836e-220,2.7373542647475e-219
"SLC20A1",-0.161662768011433,7.20528993909291e-221,8.94284879608656e-220
"IDI1",-0.161860231929854,2.06897456855988e-221,2.57360251211106e-220
"RAB8B",-0.162250941885568,1.74376145409702e-222,2.1835941422956e-221
"KMT2E",-0.162480977609578,4.0524986178859e-223,5.09742539155603e-222
"RAB29",-0.162917256327149,2.53016953225065e-224,3.18971934290475e-223
"ZBTB1",-0.163170403764059,5.04250527838742e-225,6.37127356120572e-224
"STAT4",-0.163179052682217,4.77191901282703e-225,6.0429945060857e-224
"AOAH",-0.163864227764095,5.98195607044393e-227,7.60969921886405e-226
"MCOLN2",-0.164283581589592,4.06159378182469e-228,5.19032827244567e-227
"MAN1A1",-0.164506776036383,9.67578613080983e-229,1.2392958948366e-227
"ADGRE5",-0.164609916590433,4.98293754288864e-229,6.39686032393714e-228
"ACTB",-0.164670015281855,3.3842833356726e-229,4.35454805346864e-228
"IER2",-0.165283152647863,6.48061490097797e-231,8.35775852746814e-230
"TXN",-0.165305009991688,5.62669559348586e-231,7.27321711508195e-230
"DEK",-0.16542343521256,2.61598391909338e-231,3.38930018155054e-230
"PTPRJ",-0.165680549504831,4.95015851115051e-232,6.42833084434128e-231
"RHOC",-0.166016230359525,5.60903864145325e-233,7.30086004142755e-232
"AGO4",-0.166931289266524,1.44740599784069e-235,1.88835991811309e-234
"RESF1",-0.167350041703982,9.35656269040235e-237,1.223550505668e-235
"TPM3",-0.167713897325846,8.6103932801567e-238,1.13124839114003e-236
"SSBP4",-0.167744177721241,7.0581560596437e-238,9.29489565600966e-237
"IGF2R",-0.16800920933611,1.2369816063235e-238,1.63666670081954e-237
"HLA-DRB5",-0.169057359057622,1.2270689600835e-241,1.63124570285982e-240
"SPN",-0.169249918334508,3.4272033020926e-242,4.56689086098325e-241
"MT-CO3",-0.169661763518652,2.22823096177881e-243,2.98338322090193e-242
"RGS2",-0.169990041052778,2.50983988885467e-244,3.36846932451547e-243
"TAPBP",-0.170013837668422,2.14204209315008e-244,2.88174008215154e-243
"STK10",-0.17045995054376,1.09349548658004e-245,1.48176562311933e-244
"LSP1",-0.17072537483696,1.85527355017068e-246,2.52011734054662e-245
"CEMIP2",-0.171233747797832,6.15580263434363e-248,8.44353368671584e-247
"FKBP11",-0.171683742979167,2.99314837055494e-249,4.13585279773725e-248
"HLA-DRA",-0.171817051670168,1.22014624752227e-249,1.69012850582714e-248
"IFI16",-0.172148331800553,1.3078438645591e-250,1.81609011885558e-249
"RAP2B",-0.172329679856629,3.84417363052064e-251,5.35131862710194e-250
"GTF3C1",-0.172363413516129,3.06071548302271e-251,4.27129698003915e-250
"PLEKHA2",-0.172579839045066,7.08446407567949e-252,9.91118290886831e-251
"SH2D2A",-0.173367914266501,3.38100449492147e-254,4.75374316203244e-253
"NCALD",-0.173432668752725,2.17677794380554e-254,3.0760010742441e-253
"MIDN",-0.173438972949826,2.08541579327518e-254,2.95433904047317e-253
"PRKCH",-0.17371291526313,3.23089507183004e-255,4.58868895011811e-254
"SEC61B",-0.173946565582895,6.5689994213175e-256,9.37712131134636e-255
"DNAJB6",-0.174024964488201,3.84719404498935e-256,5.50580576336487e-255
"RNF125",-0.174113254611914,2.10543021498414e-256,3.02083465628159e-255
"CLIC3",-0.176824531017784,1.6407872836874e-264,2.36627677673169e-263
"LRRFIP1",-0.17744125781924,2.24955402453521e-266,3.25257682413468e-265
"INPP5D",-0.177501697187597,1.47623424076235e-266,2.13996746529116e-265
"PPP3CA",-0.178029266863904,3.71077949801424e-268,5.40713583996361e-267
"EHD1",-0.178090473411719,2.41851337021449e-268,3.53329687679773e-267
"TERF2IP",-0.179492294494724,1.27895985335856e-272,1.87335894969752e-271
"HELZ",-0.179506884079165,1.15387597730781e-272,1.69456655306199e-271
"PLAAT3",-0.179553322750242,8.31496195940336e-273,1.22432904441609e-271
"PDIA3",-0.179690081816178,3.16643831873056e-273,4.67466288633643e-272
"IFITM2",-0.179976745627505,4.17432091315295e-274,6.17887607461426e-273
"HSP90B1",-0.180317391761043,3.7406360407157e-275,5.5515788858241e-274
"HMGB2",-0.180463038310986,1.33159588766758e-275,1.98149945087935e-274
"CREM",-0.180738951720786,1.87730857773316e-276,2.80098434071357e-275
"DYNC1H1",-0.18191010639729,4.43206881836994e-280,6.63037495228143e-279
"RAPGEF1",-0.182378030735919,1.55064473627895e-281,2.32596710441842e-280
"APOBEC3C",-0.182773077303785,9.08013204156351e-283,1.37303344348171e-281
"GUK1",-0.182981768918017,2.02251278188084e-283,3.0665666773923e-282
"NCR3",-0.183218209543365,3.68136798131958e-284,5.59687652444521e-283
"LPCAT1",-0.183649341620104,1.63780447223166e-285,2.49676170902708e-284
"FAM53B",-0.183722770522672,9.63161223430095e-286,1.47229821892175e-284
"ANXA5",-0.183796842589104,5.63659279687316e-286,8.6396955165187e-285
"PPIB",-0.183868231671342,3.36254073462745e-286,5.16817904692055e-285
"CX3CR1",-0.184107230757681,5.95532623734698e-287,9.17840115151555e-286
"EPS15",-0.184442535738686,5.22947491573973e-288,8.08191577887049e-287
"AKAP13",-0.185358369945585,6.64446660180431e-291,1.03256115335518e-289
"SLC9A3R1",-0.186665773865298,4.58848229518194e-295,7.17030241670492e-294
"CASP8",-0.186755340955011,2.37398248187073e-295,3.72012338639519e-294
"HMGB1",-0.187399790189759,2.05092311716192e-297,3.23193221552764e-296
"YWHAQ",-0.187553128172555,6.60448995421932e-298,1.04369545473719e-296
"FNBP1",-0.187767029284732,1.3571958733242e-298,2.15081040942055e-297
"RBM39",-0.188159524724006,7.40449001832569e-300,1.1767475638189e-298
"MXD4",-0.188419192418391,1.07712535491031e-300,1.72647806887053e-299
"MAPKAPK2",-0.189132348095954,5.3274193039886e-303,8.58816732625749e-302
"DOK2",-0.189149763194236,4.67836548232863e-303,7.58544229938256e-302
"GLIPR1",-0.190623337082287,7.51107286439344e-308,1.22136576142745e-306
"P2RY8",-0.19071744234439,3.69969422764199e-308,6.05110338690133e-307
"IL2RG",-0.190867507343029,1.19513209232889e-308,1.96043597601318e-307
"CBLB",-0.190987274896204,4.84672819298408e-309,7.97364960781252e-308
"B4GALT1",-0.191357793011594,2.95916346985514e-310,4.88261972526098e-309
"FMNL1",-0.192048355643456,1.58954778421125e-312,2.6304905809513e-311
"CDC42EP3",-0.193120679345973,4.56132342854038e-316,7.59318232325474e-315
"TRG-AS1",-0.193404925533141,5.20701317687323e-317,8.69385237193129e-316
"LITAF",-0.19350638603539,2.3977559146199e-317,4.01534645351028e-316
"H3F3B",-0.194325747178653,4.49797363973871e-320,7.57768243652553e-319
"SEPTIN7",-0.194375286393239,3.07506457971592e-320,5.19613780387697e-319
"GAPDH",-0.194803652293728,1.14623229835169e-321,1.94266611944778e-320
"ARPC2",-0.195000027175262,2.56914135837448e-322,4.36754030923662e-321
"REEP5",-0.195567450494151,0,0
"MBP",-0.198885493042343,0,0
"REL",-0.199902924255328,0,0
"SMAD7",-0.200471554774714,0,0
"ARHGAP26",-0.200872036452802,0,0
"LYST",-0.20096165411708,0,0
"MT-CO2",-0.201538793287941,0,0
"HSPA5",-0.201895671426726,0,0
"TIPARP",-0.202536830023875,0,0
"DIAPH1",-0.20277850691002,0,0
"TMX4",-0.203632567606156,0,0
"CKLF",-0.203913132741084,0,0
"ARPC5L",-0.204121759247888,0,0
"USP28",-0.207378507586021,0,0
"DNAJC1",-0.20830702873402,0,0
"HERPUD1",-0.209119133395291,0,0
"IFNGR1",-0.209830673875424,0,0
"PTP4A2",-0.211660333323613,0,0
"PIP4K2A",-0.211705980749685,0,0
"WIPF1",-0.212349793276911,0,0
"TMSB4X",-0.212931528221062,0,0
"SMAD3",-0.213397116825949,0,0
"NR4A2",-0.213596931565229,0,0
"CAPN2",-0.213673804737627,0,0
"APMAP",-0.214022014805765,0,0
"GNG2",-0.214059374286342,0,0
"EML4",-0.21564499942413,0,0
"SH2D1A",-0.215976114354248,0,0
"ALOX5AP",-0.216070003539149,0,0
"MYO1G",-0.216145136691029,0,0
"ABHD17A",-0.216252139722339,0,0
"GABARAPL1",-0.216622431963003,0,0
"MIAT",-0.216934271801937,0,0
"MT-ATP6",-0.217233555653519,0,0
"GZMM",-0.217576703472889,0,0
"SAMD3",-0.218801020464188,0,0
"BHLHE40",-0.21880320618058,0,0
"SRSF7",-0.219738313505694,0,0
"PTPN22",-0.220441402583644,0,0
"ZBTB38",-0.220612398633487,0,0
"GZMB",-0.221144407961913,0,0
"GAB3",-0.221326958940662,0,0
"CD63",-0.221354972934521,0,0
"IDS",-0.222214160791251,0,0
"CLEC2B",-0.223252540312331,0,0
"PATL2",-0.224205231669504,0,0
"SYTL3",-0.224568700266341,0,0
"HSP90AA1",-0.224587693759424,0,0
"MATK",-0.225449492819805,0,0
"PREX1",-0.226198817231457,0,0
"HCST",-0.226552854666796,0,0
"OPTN",-0.22702005366027,0,0
"TRGC1",-0.227586289932764,0,0
"YWHAZ",-0.228237523655976,0,0
"CEBPD",-0.228301199812267,0,0
"UTRN",-0.229397128792831,0,0
"SYTL2",-0.229724962409936,0,0
"RAB27A",-0.229798607091985,0,0
"TLN1",-0.230773199550858,0,0
"MYL6",-0.231110500195713,0,0
"MYH9",-0.231453007906846,0,0
"GPR65",-0.231464442525642,0,0
"MSN",-0.232697840985714,0,0
"IL18R1",-0.233030049840874,0,0
"ZFP36",-0.23369398279192,0,0
"METRNL",-0.235234154259848,0,0
"TNFAIP3",-0.235586449029002,0,0
"AKNA",-0.23566427241483,0,0
"ATG2A",-0.236889506516946,0,0
"C1orf21",-0.237207377575358,0,0
"FGFBP2",-0.237594589501133,0,0
"CHST12",-0.239422293713683,0,0
"PFN1",-0.240047375194783,0,0
"KLF6",-0.242423239029915,0,0
"TBX21",-0.242708443874959,0,0
"TNFRSF1B",-0.242769567797287,0,0
"IL2RB",-0.24469151536465,0,0
"IRF1",-0.244994180186553,0,0
"LINC01871",-0.245724276884182,0,0
"CAST",-0.246431880405467,0,0
"IQGAP1",-0.246800913496615,0,0
"CD52",-0.246984449484287,0,0
"IQGAP2",-0.248313891604851,0,0
"TGFB1",-0.249850091281494,0,0
"CTSW",-0.251730914153989,0,0
"LGALS1",-0.25300381816633,0,0
"IKZF3",-0.25300602068915,0,0
"EMP3",-0.253374551570127,0,0
"CMC1",-0.254528371875741,0,0
"ERN1",-0.254607384412102,0,0
"LAG3",-0.254771958801431,0,0
"ATXN1",-0.255185019242648,0,0
"S100A11",-0.256261255181041,0,0
"MACF1",-0.257489769218111,0,0
"EMB",-0.257732315809324,0,0
"CFLAR",-0.259232690834847,0,0
"CD81",-0.259519592639831,0,0
"A2M-AS1",-0.260766963452887,0,0
"FOSL2",-0.261859178577106,0,0
"RNF19A",-0.264502978750576,0,0
"ITGB1",-0.265217948085939,0,0
"ITGB2",-0.265272525418393,0,0
"PTMS",-0.265905670759959,0,0
"HLA-DPB1",-0.266097477290619,0,0
"APOBEC3G",-0.267815865764164,0,0
"PARP8",-0.268106243304998,0,0
"ATP2B4",-0.268177527271662,0,0
"SLAMF7",-0.269401503143216,0,0
"EZR",-0.269621089066147,0,0
"RNF213",-0.270249294809584,0,0
"PHACTR2",-0.273194495577781,0,0
"HLA-DPA1",-0.27472199706145,0,0
"TGFBR3",-0.275075116441979,0,0
"CD74",-0.276509443564072,0,0
"S100A10",-0.277267194732471,0,0
"CTSC",-0.278849415002688,0,0
"CALM1",-0.279032719232679,0,0
"ITGAL",-0.280950697898855,0,0
"STOM",-0.281733460700147,0,0
"CYTOR",-0.28258808033284,0,0
"ZFP36L2",-0.283844249285623,0,0
"FYN",-0.284498840365397,0,0
"MAF",-0.285721254460772,0,0
"TENT5C",-0.286266565268877,0,0
"C12orf75",-0.28651108584776,0,0
"MT-CO1",-0.286766046605167,0,0
"CYBA",-0.287021563401053,0,0
"HLA-DRB1",-0.290142722661195,0,0
"RUNX3",-0.291503481437697,0,0
"UBC",-0.293422584439931,0,0
"CD2",-0.294948333291796,0,0
"ARAP2",-0.295133174090652,0,0
"HLA-C",-0.295667009831266,0,0
"MALAT1",-0.297927838864673,0,0
"NIBAN1",-0.304836846596797,0,0
"IL10RA",-0.307083891594797,0,0
"GZMH",-0.309866311487511,0,0
"ACTN4",-0.310948555816489,0,0
"ARL4C",-0.311951368782258,0,0
"ANXA2",-0.312916798733086,0,0
"TRGC2",-0.314046069632664,0,0
"CCL4",-0.314736869747185,0,0
"NEAT1",-0.316055989179338,0,0
"RORA",-0.316546511879302,0,0
"MAP3K8",-0.318428366427272,0,0
"LCP1",-0.320074821044755,0,0
"SYNE1",-0.322139544808853,0,0
"CRIP1",-0.322313211141486,0,0
"GNLY",-0.323349012739363,0,0
"S100A6",-0.326999383524388,0,0
"PRDM1",-0.328412087336567,0,0
"GBP5",-0.328650197584945,0,0
"CLIC1",-0.330127839210363,0,0
"PIK3R1",-0.330189984963581,0,0
"HLA-A",-0.330832171700685,0,0
"PTPRC",-0.333255708866771,0,0
"PYHIN1",-0.347255194219506,0,0
"KLRB1",-0.348118534396095,0,0
"ZEB2",-0.348945257065315,0,0
"PLEK",-0.349708307247011,0,0
"KLRG1",-0.35020186067809,0,0
"EFHD2",-0.35456598999551,0,0
"HOPX",-0.354794357866266,0,0
"HLA-B",-0.35895281163835,0,0
"KLRD1",-0.36315031834784,0,0
"SH3BGRL3",-0.36738641918969,0,0
"FLNA",-0.37209142285244,0,0
"ANXA1",-0.376936334914043,0,0
"PPP2R5C",-0.383762818713939,0,0
"IL32",-0.3885891706402,0,0
"CD99",-0.394580871781567,0,0
"PRF1",-0.400037582294768,0,0
"MYBL1",-0.404600623743918,0,0
"LYAR",-0.410799624668485,0,0
"SRGN",-0.41657309577485,0,0
"MYO1F",-0.425010613434226,0,0
"GZMK",-0.428905212971526,0,0
"B2M",-0.435064842181712,0,0
"SYNE2",-0.445475705025448,0,0
"DUSP2",-0.459032635764515,0,0
"AHNAK",-0.487931888741861,0,0
"CST7",-0.529858414085672,0,0
"S100A4",-0.533572019064605,0,0
"GZMA",-0.534054497535293,0,0
"NKG7",-0.534065473504794,0,0
"CCL5",-0.582249757587405,0,0
