name,pValue
none,0.5358464153584641
tissueCorrection,0.7057294270572942
sexAge,0.5742425757424258
