name,pValue
none,0.0565943405659434
tissueCorrection,0.0072992700729927005
sexAge,0.09069093090690931
