name,pValue
none,0.4370562943705629
tissueCorrection,0.48905109489051096
sexAge,0.529047095290471
