name,pValue
none,0.0096990300969903
tissueCorrection,0.039696030396960305
sexAge,0.013098690130986902
