name,pValue
none,0.0021997800219978004
tissueCorrection,0.017998200179982
sexAge,0.0018998100189981002
