name,pValue
none,0.06309369063093691
tissueCorrection,0.036996300369963
sexAge,0.19088091190880913
